ééå±âÒêî,éûä‘[sec],à⁄ìÆó [mm],â◊èd[N]
1,0.01,0,-5.36441802978516E-03
1,0.22,3.33329988643527E-03,1.78813934326172E-03
1,0.23,6.66659977287054E-03,0
1,0.25,9.99989965930581E-03,-3.57627868652344E-03
1,0.26,1.66664994321764E-02,-2.98023223876953E-03
1,0.27,1.99997993186116E-02,1.78813934326172E-03
1,0.29,2.33330992050469E-02,8.34465026855469E-03
1,0.3,2.66663990914822E-02,1.13248825073242E-02
1,0.31,2.99996989779174E-02,1.01327896118164E-02
1,0.32,3.33329988643527E-02,1.19209289550781E-02
1,0.33,0.036666298750788,1.49011611938477E-02
1,0.34,3.99995986372232E-02,1.31130218505859E-02
1,0.35,4.33328985236585E-02,1.19209289550781E-02
1,0.36,4.66661984100938E-02,1.37090682983398E-02
1,0.37,4.99994982965291E-02,1.19209289550781E-02
1,0.38,5.33327981829643E-02,1.60932540893555E-02
1,0.39,5.66660980693996E-02,1.60932540893555E-02
1,0.4,5.99993979558349E-02,1.78813934326172E-02
1,0.41,6.33326978422702E-02,2.08616256713867E-02
1,0.42,6.66659977287054E-02,1.60932540893555E-02
1,0.43,6.99992976151407E-02,2.02655792236328E-02
1,0.44,7.33325975015759E-02,1.60932540893555E-02
1,0.45,7.66658973880112E-02,1.43051147460938E-02
1,0.46,7.99991972744465E-02,1.49011611938477E-02
1,0.47,8.33324971608818E-02,0.012516975402832
1,0.48,0.086665797047317,1.49011611938477E-02
1,0.49,8.99990969337523E-02,1.78813934326172E-02
1,0.5,9.33323968201876E-02,1.72853469848633E-02
1,0.51,9.66656967066228E-02,1.78813934326172E-02
1,0.52,9.99989965930581E-02,1.49011611938477E-02
1,0.53,0.103332296479493,1.54972076416016E-02
1,0.54,0.106665596365929,1.60932540893555E-02
1,0.55,0.109998896252364,1.37090682983398E-02
1,0.56,0.113332196138799,1.01327896118164E-02
1,0.57,0.116665496025234,1.19209289550781E-02
1,0.58,0.11999879591167,1.07288360595703E-02
1,0.59,0.123332095798105,1.01327896118164E-02
1,0.6,0.12666539568454,1.19209289550781E-02
1,0.61,0.129998695570976,0.012516975402832
1,0.62,0.133331995457411,0.012516975402832
1,0.63,0.136665295343846,1.19209289550781E-02
1,0.64,0.139998595230281,1.49011611938477E-02
1,0.65,0.143331895116717,1.13248825073242E-02
1,0.66,0.146665195003152,0.012516975402832
1,0.67,0.149998494889587,1.19209289550781E-02
1,0.68,0.153331794776022,1.19209289550781E-02
1,0.69,0.156665094662458,8.94069671630859E-03
1,0.7,0.159998394548893,1.19209289550781E-02
1,0.71,0.163331694435328,1.07288360595703E-02
1,0.72,0.166664994321764,1.31130218505859E-02
1,0.73,0.169998294208199,1.31130218505859E-02
1,0.74,0.173331594094634,0.012516975402832
1,0.75,0.176664893981069,1.72853469848633E-02
1,0.76,0.179998193867505,0.019073486328125
1,0.77,0.18333149375394,1.66893005371094E-02
1,0.78,0.186664793640375,1.60932540893555E-02
1,0.79,0.18999809352681,1.43051147460938E-02
1,0.8,0.193331393413246,1.49011611938477E-02
1,0.81,0.196664693299681,1.37090682983398E-02
1,0.82,0.199997993186116,1.01327896118164E-02
1,0.83,0.203331293072552,0.012516975402832
1,0.84,0.206664592958987,9.5367431640625E-03
1,0.85,0.209997892845422,8.34465026855469E-03
1,0.86,0.213331192731857,5.96046447753906E-03
1,0.87,0.216664492618293,8.94069671630859E-03
1,0.88,0.219997792504728,1.31130218505859E-02
1,0.89,0.223331092391163,1.54972076416016E-02
1,0.9,0.226664392277598,1.66893005371094E-02
1,0.91,0.229997692164034,1.72853469848633E-02
1,0.92,0.233330992050469,1.78813934326172E-02
1,0.93,0.236664291936904,2.26497650146484E-02
1,0.94,0.239997591823339,2.44379043579102E-02
1,0.95,0.243330891709775,0.025629997253418
1,0.96,0.24666419159621,2.68220901489258E-02
1,0.97,0.249997491482645,2.50339508056641E-02
1,0.98,0.253330791369081,2.02655792236328E-02
1,0.99,0.256664091255516,2.20537185668945E-02
1,1,0.259997391141951,1.54972076416016E-02
1,1.01,0.263330691028386,1.78813934326172E-02
1,1.02,0.266663990914822,1.78813934326172E-02
1,1.03,0.269997290801257,1.54972076416016E-02
1,1.04,0.273330590687692,1.49011611938477E-02
1,1.05,0.276663890574127,1.19209289550781E-02
1,1.06,0.279997190460563,1.43051147460938E-02
1,1.07,0.283330490346998,1.19209289550781E-02
1,1.08,0.286663790233433,1.49011611938477E-02
1,1.09,0.289997090119869,1.43051147460938E-02
1,1.1,0.293330390006304,1.49011611938477E-02
1,1.11,0.296663689892739,1.54972076416016E-02
1,1.12,0.299996989779174,1.49011611938477E-02
1,1.13,0.30333028966561,1.66893005371094E-02
1,1.14,0.306663589552045,1.60932540893555E-02
1,1.15,0.30999688943848,1.07288360595703E-02
1,1.16,0.313330189324915,1.07288360595703E-02
1,1.17,0.316663489211351,0.012516975402832
1,1.18,0.319996789097786,1.31130218505859E-02
1,1.19,0.323330088984221,0.012516975402832
1,1.2,0.326663388870657,8.34465026855469E-03
1,1.21,0.329996688757092,9.5367431640625E-03
1,1.22,0.333329988643527,5.36441802978516E-03
1,1.23,0.336663288529962,6.55651092529297E-03
1,1.24,0.339996588416398,4.17232513427734E-03
1,1.25,0.343329888302833,2.98023223876953E-03
1,1.26,0.346663188189268,-1.78813934326172E-03
1,1.27,0.349996488075703,5.36441802978516E-03
1,1.28,0.353329787962139,2.98023223876953E-03
1,1.29,0.356663087848574,2.98023223876953E-03
1,1.3,0.359996387735009,-2.98023223876953E-03
1,1.31,0.363329687621445,1.19209289550781E-03
1,1.32,0.36666298750788,-1.78813934326172E-03
1,1.33,0.369996287394315,-4.17232513427734E-03
1,1.34,0.37332958728075,-8.94069671630859E-03
1,1.35,0.376662887167186,-2.98023223876953E-03
1,1.36,0.379996187053621,-5.96046447753906E-03
1,1.37,0.383329486940056,-6.55651092529297E-03
1,1.38,0.386662786826491,-5.36441802978516E-03
1,1.39,0.389996086712927,-6.55651092529297E-03
1,1.4,0.393329386599362,-7.15255737304688E-03
1,1.41,0.396662686485797,-4.76837158203125E-03
1,1.42,0.399995986372232,-5.96046447753906E-04
1,1.43,0.403329286258668,5.36441802978516E-03
1,1.44,0.406662586145103,5.96046447753906E-04
1,1.45,0.409995886031538,-2.38418579101563E-03
1,1.46,0.413329185917974,0
1,1.47,0.416662485804409,1.19209289550781E-03
1,1.48,0.419995785690844,1.19209289550781E-03
1,1.49,0.423329085577279,2.38418579101563E-03
1,1.5,0.426662385463715,3.57627868652344E-03
1,1.51,0.42999568535015,5.96046447753906E-03
1,1.52,0.433328985236585,5.36441802978516E-03
1,1.53,0.43666228512302,6.55651092529297E-03
1,1.54,0.439995585009456,8.34465026855469E-03
1,1.55,0.443328884895891,1.13248825073242E-02
1,1.56,0.446662184782326,1.37090682983398E-02
1,1.57,0.449995484668762,1.31130218505859E-02
1,1.58,0.453328784555197,0.012516975402832
1,1.59,0.456662084441632,1.13248825073242E-02
1,1.6,0.459995384328067,1.43051147460938E-02
1,1.61,0.463328684214503,1.43051147460938E-02
1,1.62,0.466661984100938,1.60932540893555E-02
1,1.63,0.469995283987373,1.66893005371094E-02
1,1.64,0.473328583873808,1.60932540893555E-02
1,1.65,0.476661883760244,1.72853469848633E-02
1,1.66,0.479995183646679,1.78813934326172E-02
1,1.67,0.483328483533114,2.02655792236328E-02
1,1.68,0.48666178341955,2.32458114624023E-02
1,1.69,0.489995083305985,2.20537185668945E-02
1,1.7,0.49332838319242,2.38418579101563E-02
1,1.71,0.496661683078855,2.14576721191406E-02
1,1.72,0.499994982965291,2.14576721191406E-02
1,1.73,0.503328282851726,2.38418579101563E-02
1,1.74,0.506661582738161,2.08616256713867E-02
1,1.75,0.509994882624596,2.50339508056641E-02
1,1.76,0.513328182511032,2.44379043579102E-02
1,1.77,0.516661482397467,2.32458114624023E-02
1,1.78,0.519994782283902,2.26497650146484E-02
1,1.79,0.523328082170337,2.02655792236328E-02
1,1.8,0.526661382056773,2.50339508056641E-02
1,1.81,0.529994681943208,1.78813934326172E-02
1,1.82,0.533327981829643,2.20537185668945E-02
1,1.83,0.536661281716079,2.08616256713867E-02
1,1.84,0.539994581602514,0.019073486328125
1,1.85,0.543327881488949,1.66893005371094E-02
1,1.86,0.546661181375384,1.54972076416016E-02
1,1.87,0.54999448126182,1.84774398803711E-02
1,1.88,0.553327781148255,1.72853469848633E-02
1,1.89,0.55666108103469,0.019073486328125
1,1.9,0.559994380921125,0.019073486328125
1,1.91,0.563327680807561,1.60932540893555E-02
1,1.92,0.566660980693996,1.49011611938477E-02
1,1.93,0.569994280580431,1.31130218505859E-02
1,1.94,0.573327580466866,6.55651092529297E-03
1,1.95,0.576660880353302,8.94069671630859E-03
1,1.96,0.579994180239737,6.55651092529297E-03
1,1.97,0.583327480126172,7.15255737304688E-03
1,1.98,0.586660780012608,7.15255737304688E-03
1,1.99,0.589994079899043,6.55651092529297E-03
1,2,0.593327379785478,4.17232513427734E-03
1,2.01,0.596660679671913,8.94069671630859E-03
1,2.02,0.599993979558349,7.15255737304688E-03
1,2.03,0.603327279444784,8.94069671630859E-03
1,2.04,0.606660579331219,4.76837158203125E-03
1,2.05,0.609993879217654,5.36441802978516E-03
1,2.06,0.61332717910409,5.96046447753906E-04
1,2.07,0.616660478990525,5.36441802978516E-03
1,2.08,0.61999377887696,7.15255737304688E-03
1,2.09,0.623327078763396,4.17232513427734E-03
1,2.1,0.626660378649831,5.36441802978516E-03
1,2.11,0.629993678536266,1.78813934326172E-03
1,2.12,0.633326978422701,4.76837158203125E-03
1,2.13,0.636660278309137,7.15255737304688E-03
1,2.14,0.639993578195572,8.34465026855469E-03
1,2.15,0.643326878082007,6.55651092529297E-03
1,2.16,0.646660177968442,1.78813934326172E-03
1,2.17,0.649993477854878,8.34465026855469E-03
1,2.18,0.653326777741313,7.15255737304688E-03
1,2.19,0.656660077627748,1.19209289550781E-02
1,2.2,0.659993377514184,1.01327896118164E-02
1,2.21,0.663326677400619,8.34465026855469E-03
1,2.22,0.666659977287054,7.15255737304688E-03
1,2.23,0.669993277173489,4.17232513427734E-03
1,2.24,0.673326577059925,2.38418579101563E-03
1,2.25,0.67665987694636,2.38418579101563E-03
1,2.26,0.679993176832795,4.76837158203125E-03
1,2.27,0.68332647671923,4.17232513427734E-03
1,2.28,0.686659776605666,4.76837158203125E-03
1,2.29,0.689993076492101,4.76837158203125E-03
1,2.3,0.693326376378536,2.38418579101563E-03
1,2.31,0.696659676264971,4.76837158203125E-03
1,2.32,0.699992976151407,5.96046447753906E-03
1,2.33,0.703326276037842,2.38418579101563E-03
1,2.34,0.706659575924277,0
1,2.35,0.709992875810713,0
1,2.36,0.713326175697148,-2.98023223876953E-03
1,2.37,0.716659475583583,-2.38418579101563E-03
1,2.38,0.719992775470018,-5.36441802978516E-03
1,2.39,0.723326075356454,-5.96046447753906E-04
1,2.4,0.726659375242889,-1.78813934326172E-03
1,2.41,0.729992675129324,-5.96046447753906E-04
1,2.42,0.733325975015759,1.19209289550781E-03
1,2.43,0.736659274902195,1.19209289550781E-03
1,2.44,0.73999257478863,4.76837158203125E-03
1,2.45,0.743325874675065,2.98023223876953E-03
1,2.46,0.746659174561501,4.17232513427734E-03
1,2.47,0.749992474447936,5.96046447753906E-04
1,2.48,0.753325774334371,-2.38418579101563E-03
1,2.49,0.756659074220806,-2.98023223876953E-03
1,2.5,0.759992374107242,-1.19209289550781E-03
1,2.51,0.763325673993677,-5.96046447753906E-04
1,2.52,0.766658973880112,-5.36441802978516E-03
1,2.53,0.769992273766547,-5.96046447753906E-03
1,2.54,0.773325573652983,-0.012516975402832
1,2.55,0.776658873539418,-1.01327896118164E-02
1,2.56,0.779992173425853,-9.5367431640625E-03
1,2.57,0.783325473312289,-8.34465026855469E-03
1,2.58,0.786658773198724,-8.34465026855469E-03
1,2.59,0.789992073085159,-6.55651092529297E-03
1,2.6,0.793325372971594,-5.36441802978516E-03
1,2.61,0.79665867285803,-7.15255737304688E-03
1,2.62,0.799991972744465,-3.57627868652344E-03
1,2.63,0.8033252726309,-5.36441802978516E-03
1,2.64,0.806658572517335,-1.78813934326172E-03
1,2.65,0.809991872403771,-3.57627868652344E-03
1,2.66,0.813325172290206,-2.38418579101563E-03
1,2.67,0.816658472176641,-5.96046447753906E-03
1,2.68,0.819991772063077,-5.36441802978516E-03
1,2.69,0.823325071949512,-5.96046447753906E-03
1,2.7,0.826658371835947,-3.57627868652344E-03
1,2.71,0.829991671722382,-3.57627868652344E-03
1,2.72,0.833324971608818,-1.78813934326172E-03
1,2.73,0.836658271495253,0
1,2.74,0.839991571381688,1.19209289550781E-03
1,2.75,0.843324871268123,2.98023223876953E-03
1,2.76,0.846658171154559,3.57627868652344E-03
1,2.77,0.849991471040994,3.57627868652344E-03
1,2.78,0.853324770927429,3.57627868652344E-03
1,2.79,0.856658070813864,3.57627868652344E-03
1,2.8,0.8599913707003,3.57627868652344E-03
1,2.81,0.863324670586735,2.38418579101563E-03
1,2.82,0.86665797047317,-3.57627868652344E-03
1,2.83,0.869991270359606,-7.74860382080078E-03
1,2.84,0.873324570246041,-9.5367431640625E-03
1,2.85,0.876657870132476,-9.5367431640625E-03
1,2.86,0.879991170018911,-1.01327896118164E-02
1,2.87,0.883324469905347,-1.07288360595703E-02
1,2.88,0.886657769791782,-1.01327896118164E-02
1,2.89,0.889991069678217,-1.13248825073242E-02
1,2.9,0.893324369564652,-1.01327896118164E-02
1,2.91,0.896657669451088,-8.94069671630859E-03
1,2.92,0.899990969337523,-7.15255737304688E-03
1,2.93,0.903324269223958,-4.17232513427734E-03
1,2.94,0.906657569110394,-5.36441802978516E-03
1,2.95,0.909990868996829,-5.36441802978516E-03
1,2.96,0.913324168883264,-8.34465026855469E-03
1,2.97,0.916657468769699,-4.17232513427734E-03
1,2.98,0.919990768656135,0
1,2.99,0.92332406854257,3.57627868652344E-03
1,3,0.926657368429005,2.38418579101563E-03
1,3.01,0.92999066831544,0
1,3.02,0.933323968201876,5.96046447753906E-04
1,3.03,0.936657268088311,-5.96046447753906E-04
1,3.04,0.939990567974746,0
1,3.05,0.943323867861182,-1.78813934326172E-03
1,3.06,0.946657167747617,0
1,3.07,0.949990467634052,1.19209289550781E-03
1,3.08,0.953323767520487,4.17232513427734E-03
1,3.09,0.956657067406923,7.15255737304688E-03
1,3.1,0.959990367293358,7.15255737304688E-03
1,3.11,0.963323667179793,3.57627868652344E-03
1,3.12,0.966656967066228,4.76837158203125E-03
1,3.13,0.969990266952664,4.76837158203125E-03
1,3.14,0.973323566839099,2.98023223876953E-03
1,3.15,0.976656866725534,4.17232513427734E-03
1,3.16,0.979990166611969,2.38418579101563E-03
1,3.17,0.983323466498405,6.55651092529297E-03
1,3.18,0.98665676638484,3.57627868652344E-03
1,3.19,0.989990066271275,5.96046447753906E-03
1,3.2,0.993323366157711,4.76837158203125E-03
1,3.21,0.996656666044146,5.96046447753906E-03
1,3.22,0.999989965930581,9.5367431640625E-03
1,3.23,1.00332326581702,1.13248825073242E-02
1,3.24,1.00665656570345,1.19209289550781E-02
1,3.25,1.00998986558989,1.60932540893555E-02
1,3.26,1.01332316547632,1.43051147460938E-02
1,3.27,1.01665646536276,1.31130218505859E-02
1,3.28,1.01998976524919,1.60932540893555E-02
1,3.29,1.02332306513563,1.66893005371094E-02
1,3.3,1.02665636502206,1.72853469848633E-02
1,3.31,1.0299896649085,1.96695327758789E-02
1,3.32,1.03332296479493,1.84774398803711E-02
1,3.33,1.03665626468137,2.08616256713867E-02
1,3.34,1.0399895645678,2.08616256713867E-02
1,3.35,1.04332286445424,1.84774398803711E-02
1,3.36,1.04665616434067,2.02655792236328E-02
1,3.37,1.04998946422711,1.66893005371094E-02
1,3.38,1.05332276411355,1.78813934326172E-02
1,3.39,1.05665606399998,1.84774398803711E-02
1,3.4,1.05998936388642,0.019073486328125
1,3.41,1.06332266377285,2.32458114624023E-02
1,3.42,1.06665596365929,2.50339508056641E-02
1,3.43,1.06998926354572,2.32458114624023E-02
1,3.44,1.07332256343216,2.32458114624023E-02
1,3.45,1.07665586331859,1.96695327758789E-02
1,3.46,1.07998916320503,2.08616256713867E-02
1,3.47,1.08332246309146,2.20537185668945E-02
1,3.48,1.0866557629779,2.02655792236328E-02
1,3.49,1.08998906286433,2.14576721191406E-02
1,3.5,1.09332236275077,2.02655792236328E-02
1,3.51,1.0966556626372,1.60932540893555E-02
1,3.52,1.09998896252364,1.96695327758789E-02
1,3.53,1.10332226241007,2.08616256713867E-02
1,3.54,1.10665556229651,1.96695327758789E-02
1,3.55,1.10998886218295,1.78813934326172E-02
1,3.56,1.11332216206938,1.13248825073242E-02
1,3.57,1.11665546195582,1.37090682983398E-02
1,3.58,1.11998876184225,1.49011611938477E-02
1,3.59,1.12332206172869,1.31130218505859E-02
1,3.6,1.12665536161512,1.49011611938477E-02
1,3.61,1.12998866150156,1.01327896118164E-02
1,3.62,1.13332196138799,1.54972076416016E-02
1,3.63,1.13665526127443,1.49011611938477E-02
1,3.64,1.13998856116086,1.37090682983398E-02
1,3.65,1.1433218610473,1.31130218505859E-02
1,3.66,1.14665516093373,1.31130218505859E-02
1,3.67,1.14998846082017,1.13248825073242E-02
1,3.68,1.1533217607066,0.012516975402832
1,3.69,1.15665506059304,1.43051147460938E-02
1,3.7,1.15998836047947,8.34465026855469E-03
1,3.71,1.16332166036591,0.012516975402832
1,3.72,1.16665496025234,0.012516975402832
1,3.73,1.16998826013878,1.07288360595703E-02
1,3.74,1.17332156002522,7.74860382080078E-03
1,3.75,1.17665485991165,9.5367431640625E-03
1,3.76,1.17998815979809,8.94069671630859E-03
1,3.77,1.18332145968452,8.94069671630859E-03
1,3.78,1.18665475957096,4.76837158203125E-03
1,3.79,1.18998805945739,3.57627868652344E-03
1,3.8,1.19332135934383,2.98023223876953E-03
1,3.81,1.19665465923026,2.38418579101563E-03
1,3.82,1.1999879591167,2.98023223876953E-03
1,3.83,1.20332125900313,1.78813934326172E-03
1,3.84,1.20665455888957,3.57627868652344E-03
1,3.85,1.209987858776,1.78813934326172E-03
1,3.86,1.21332115866244,5.36441802978516E-03
1,3.87,1.21665445854887,4.76837158203125E-03
1,3.88,1.21998775843531,7.74860382080078E-03
1,3.89,1.22332105832174,8.94069671630859E-03
1,3.9,1.22665435820818,8.34465026855469E-03
1,3.91,1.22998765809461,8.34465026855469E-03
1,3.92,1.23332095798105,7.74860382080078E-03
1,3.93,1.23665425786749,1.07288360595703E-02
1,3.94,1.23998755775392,1.07288360595703E-02
1,3.95,1.24332085764036,1.49011611938477E-02
1,3.96,1.24665415752679,1.43051147460938E-02
1,3.97,1.24998745741323,1.43051147460938E-02
1,3.98,1.25332075729966,1.66893005371094E-02
1,3.99,1.2566540571861,1.66893005371094E-02
1,4,1.25998735707253,1.96695327758789E-02
1,4.01,1.26332065695897,1.96695327758789E-02
1,4.02,1.2666539568454,1.72853469848633E-02
1,4.03,1.26998725673184,0.019073486328125
1,4.04,1.27332055661827,2.14576721191406E-02
1,4.05,1.27665385650471,2.20537185668945E-02
1,4.06,1.27998715639114,2.14576721191406E-02
1,4.07,1.28332045627758,0.019073486328125
1,4.08,1.28665375616401,1.72853469848633E-02
1,4.09,1.28998705605045,1.49011611938477E-02
1,4.1,1.29332035593688,1.19209289550781E-02
1,4.11,1.29665365582332,1.49011611938477E-02
1,4.12,1.29998695570976,1.43051147460938E-02
1,4.13,1.30332025559619,1.60932540893555E-02
1,4.14,1.30665355548263,1.13248825073242E-02
1,4.15,1.30998685536906,0.012516975402832
1,4.16,1.3133201552555,9.5367431640625E-03
1,4.17,1.31665345514193,7.15255737304688E-03
1,4.18,1.31998675502837,3.57627868652344E-03
1,4.19,1.3233200549148,6.55651092529297E-03
1,4.2,1.32665335480124,3.57627868652344E-03
1,4.21,1.32998665468767,3.57627868652344E-03
1,4.22,1.33331995457411,4.76837158203125E-03
1,4.23,1.33665325446054,5.96046447753906E-04
1,4.24,1.33998655434698,1.78813934326172E-03
1,4.25,1.34331985423341,2.38418579101563E-03
1,4.26,1.34665315411985,2.38418579101563E-03
1,4.27,1.34998645400628,-5.96046447753906E-04
1,4.28,1.35331975389272,-1.19209289550781E-03
1,4.29,1.35665305377916,0
1,4.3,1.35998635366559,0
1,4.31,1.36331965355203,1.19209289550781E-03
1,4.32,1.36665295343846,0
1,4.33,1.3699862533249,0
1,4.34,1.37331955321133,2.98023223876953E-03
1,4.35,1.37665285309777,4.76837158203125E-03
1,4.36,1.3799861529842,6.55651092529297E-03
1,4.37,1.38331945287064,8.94069671630859E-03
1,4.38,1.38665275275707,3.57627868652344E-03
1,4.39,1.38998605264351,2.38418579101563E-03
1,4.4,1.39331935252994,1.78813934326172E-03
1,4.41,1.39665265241638,7.74860382080078E-03
1,4.42,1.39998595230281,7.15255737304688E-03
1,4.43,1.40331925218925,8.34465026855469E-03
1,4.44,1.40665255207568,0.012516975402832
1,4.45,1.40998585196212,1.37090682983398E-02
1,4.46,1.41331915184855,1.37090682983398E-02
1,4.47,1.41665245173499,1.43051147460938E-02
1,4.48,1.41998575162143,1.54972076416016E-02
1,4.49,1.42331905150786,1.66893005371094E-02
1,4.5,1.4266523513943,1.72853469848633E-02
1,4.51,1.42998565128073,1.66893005371094E-02
1,4.52,1.43331895116717,1.60932540893555E-02
1,4.53,1.4366522510536,1.72853469848633E-02
1,4.54,1.43998555094004,1.96695327758789E-02
1,4.55,1.44331885082647,0.019073486328125
1,4.56,1.44665215071291,1.60932540893555E-02
1,4.57,1.44998545059934,1.31130218505859E-02
1,4.58,1.45331875048578,0.012516975402832
1,4.59,1.45665205037221,1.13248825073242E-02
1,4.6,1.45998535025865,9.5367431640625E-03
1,4.61,1.46331865014508,8.94069671630859E-03
1,4.62,1.46665195003152,7.15255737304688E-03
1,4.63,1.46998524991795,4.76837158203125E-03
1,4.64,1.47331854980439,2.38418579101563E-03
1,4.65,1.47665184969082,0
1,4.66,1.47998514957726,0
1,4.67,1.4833184494637,-5.96046447753906E-03
1,4.68,1.48665174935013,-5.96046447753906E-03
1,4.69,1.48998504923657,-8.34465026855469E-03
1,4.7,1.493318349123,-8.34465026855469E-03
1,4.71,1.49665164900944,-1.49011611938477E-02
1,4.72,1.49998494889587,-1.07288360595703E-02
1,4.73,1.50331824878231,-1.07288360595703E-02
1,4.74,1.50665154866874,-1.07288360595703E-02
1,4.75,1.50998484855518,-1.07288360595703E-02
1,4.76,1.51331814844161,-1.07288360595703E-02
1,4.77,1.51665144832805,-1.13248825073242E-02
1,4.78,1.51998474821448,-9.5367431640625E-03
1,4.79,1.52331804810092,-1.01327896118164E-02
1,4.8,1.52665134798735,-5.96046447753906E-03
1,4.81,1.52998464787379,-5.96046447753906E-03
1,4.82,1.53331794776022,-7.15255737304688E-03
1,4.83,1.53665124764666,-6.55651092529297E-03
1,4.84,1.53998454753309,-2.38418579101563E-03
1,4.85,1.54331784741953,0
1,4.86,1.54665114730597,-5.96046447753906E-04
1,4.87,1.5499844471924,-1.19209289550781E-03
1,4.88,1.55331774707884,1.78813934326172E-03
1,4.89,1.55665104696527,5.96046447753906E-04
1,4.9,1.55998434685171,3.57627868652344E-03
1,4.91,1.56331764673814,8.94069671630859E-03
1,4.92,1.56665094662458,1.07288360595703E-02
1,4.93,1.56998424651101,1.07288360595703E-02
1,4.94,1.57331754639745,7.74860382080078E-03
1,4.95,1.57665084628388,1.07288360595703E-02
1,4.96,1.57998414617032,1.37090682983398E-02
1,4.97,1.58331744605675,8.94069671630859E-03
1,4.98,1.58665074594319,1.19209289550781E-02
1,4.99,1.58998404582962,1.13248825073242E-02
1,5,1.59331734571606,8.34465026855469E-03
1,5.01,1.59665064560249,1.01327896118164E-02
1,5.02,1.59998394548893,1.31130218505859E-02
1,5.03,1.60331724537537,1.13248825073242E-02
1,5.04,1.6066505452618,1.01327896118164E-02
1,5.05,1.60998384514824,8.34465026855469E-03
1,5.06,1.61331714503467,8.34465026855469E-03
1,5.07,1.61665044492111,4.17232513427734E-03
1,5.08,1.61998374480754,7.15255737304688E-03
1,5.09,1.62331704469398,4.17232513427734E-03
1,5.1,1.62665034458041,4.17232513427734E-03
1,5.11,1.62998364446685,5.96046447753906E-03
1,5.12,1.63331694435328,2.98023223876953E-03
1,5.13,1.63665024423972,5.96046447753906E-04
1,5.14,1.63998354412615,5.96046447753906E-03
1,5.15,1.64331684401259,8.94069671630859E-03
1,5.16,1.64665014389902,6.55651092529297E-03
1,5.17,1.64998344378546,8.34465026855469E-03
1,5.18,1.65331674367189,0.012516975402832
1,5.19,1.65665004355833,1.37090682983398E-02
1,5.2,1.65998334344476,1.43051147460938E-02
1,5.21,1.6633166433312,1.72853469848633E-02
1,5.22,1.66664994321764,1.49011611938477E-02
1,5.23,1.66998324310407,1.49011611938477E-02
1,5.24,1.67331654299051,0.012516975402832
1,5.25,1.67664984287694,0.012516975402832
1,5.26,1.67998314276338,1.01327896118164E-02
1,5.27,1.68331644264981,1.13248825073242E-02
1,5.28,1.68664974253625,0.012516975402832
1,5.29,1.68998304242268,1.31130218505859E-02
1,5.3,1.69331634230912,0.012516975402832
1,5.31,1.69664964219555,1.19209289550781E-02
1,5.32,1.69998294208199,0.012516975402832
1,5.33,1.70331624196842,1.43051147460938E-02
1,5.34,1.70664954185486,1.19209289550781E-02
1,5.35,1.70998284174129,1.01327896118164E-02
1,5.36,1.71331614162773,1.19209289550781E-02
1,5.37,1.71664944151416,1.01327896118164E-02
1,5.38,1.7199827414006,1.37090682983398E-02
1,5.39,1.72331604128703,9.5367431640625E-03
1,5.4,1.72664934117347,8.34465026855469E-03
1,5.41,1.72998264105991,7.74860382080078E-03
1,5.42,1.73331594094634,9.5367431640625E-03
1,5.43,1.73664924083278,1.07288360595703E-02
1,5.44,1.73998254071921,8.94069671630859E-03
1,5.45,1.74331584060565,1.01327896118164E-02
1,5.46,1.74664914049208,8.34465026855469E-03
1,5.47,1.74998244037852,3.57627868652344E-03
1,5.48,1.75331574026495,0
1,5.49,1.75664904015139,-4.17232513427734E-03
1,5.5,1.75998234003782,-2.38418579101563E-03
1,5.51,1.76331563992426,-2.38418579101563E-03
1,5.52,1.76664893981069,-3.57627868652344E-03
1,5.53,1.76998223969713,-4.76837158203125E-03
1,5.54,1.77331553958356,-2.38418579101563E-03
1,5.55,1.77664883947,-3.57627868652344E-03
1,5.56,1.77998213935643,-5.96046447753906E-04
1,5.57,1.78331543924287,-1.78813934326172E-03
1,5.58,1.7866487391293,-1.19209289550781E-03
1,5.59,1.78998203901574,-4.76837158203125E-03
1,5.6,1.79331533890218,-4.76837158203125E-03
1,5.61,1.79664863878861,-2.98023223876953E-03
1,5.62,1.79998193867505,-1.19209289550781E-03
1,5.63,1.80331523856148,-1.78813934326172E-03
1,5.64,1.80664853844792,-3.57627868652344E-03
1,5.65,1.80998183833435,-2.98023223876953E-03
1,5.66,1.81331513822079,-3.57627868652344E-03
1,5.67,1.81664843810722,5.96046447753906E-04
1,5.68,1.81998173799366,5.96046447753906E-04
1,5.69,1.82331503788009,2.98023223876953E-03
1,5.7,1.82664833776653,2.38418579101563E-03
1,5.71,1.82998163765296,-7.15255737304688E-03
1,5.72,1.8333149375394,-2.38418579101563E-03
1,5.73,1.83664823742583,-4.76837158203125E-03
1,5.74,1.83998153731227,-1.78813934326172E-03
1,5.75,1.8433148371987,0
1,5.76,1.84664813708514,-1.19209289550781E-03
1,5.77,1.84998143697158,-2.38418579101563E-03
1,5.78,1.85331473685801,-1.78813934326172E-03
1,5.79,1.85664803674445,0
1,5.8,1.85998133663088,2.98023223876953E-03
1,5.81,1.86331463651732,2.98023223876953E-03
1,5.82,1.86664793640375,2.98023223876953E-03
1,5.83,1.86998123629019,1.19209289550781E-03
1,5.84,1.87331453617662,-5.96046447753906E-04
1,5.85,1.87664783606306,4.17232513427734E-03
1,5.86,1.87998113594949,5.96046447753906E-03
1,5.87,1.88331443583593,5.36441802978516E-03
1,5.88,1.88664773572236,6.55651092529297E-03
1,5.89,1.8899810356088,5.96046447753906E-03
1,5.9,1.89331433549523,1.01327896118164E-02
1,5.91,1.89664763538167,1.07288360595703E-02
1,5.92,1.8999809352681,1.19209289550781E-02
1,5.93,1.90331423515454,9.5367431640625E-03
1,5.94,1.90664753504097,1.01327896118164E-02
1,5.95,1.90998083492741,9.5367431640625E-03
1,5.96,1.91331413481385,0.012516975402832
1,5.97,1.91664743470028,1.19209289550781E-02
1,5.98,1.91998073458672,2.14576721191406E-02
1,5.99,1.92331403447315,1.96695327758789E-02
1,6,1.92664733435959,2.08616256713867E-02
1,6.01,1.92998063424602,1.84774398803711E-02
1,6.02,1.93331393413246,1.96695327758789E-02
1,6.03,1.93664723401889,1.84774398803711E-02
1,6.04,1.93998053390533,0.019073486328125
1,6.05,1.94331383379176,1.96695327758789E-02
1,6.06,1.9466471336782,1.60932540893555E-02
1,6.07,1.94998043356463,1.54972076416016E-02
1,6.08,1.95331373345107,1.49011611938477E-02
1,6.09,1.9566470333375,1.49011611938477E-02
1,6.1,1.95998033322394,1.19209289550781E-02
1,6.11,1.96331363311037,9.5367431640625E-03
1,6.12,1.96664693299681,5.96046447753906E-03
1,6.13,1.96998023288324,5.36441802978516E-03
1,6.14,1.97331353276968,5.96046447753906E-03
1,6.15,1.97664683265612,4.76837158203125E-03
1,6.16,1.97998013254255,4.76837158203125E-03
1,6.17,1.98331343242899,2.38418579101563E-03
1,6.18,1.98664673231542,5.96046447753906E-04
1,6.19,1.98998003220186,5.96046447753906E-04
1,6.2,1.99331333208829,0
1,6.21,1.99664663197473,4.17232513427734E-03
1,6.22,1.99997993186116,6.55651092529297E-03
1,6.23,2.0033132317476,8.34465026855469E-03
1,6.24,2.00664653163403,9.5367431640625E-03
1,6.25,2.00997983152047,1.13248825073242E-02
1,6.26,2.0133131314069,8.34465026855469E-03
1,6.27,2.01664643129334,1.19209289550781E-02
1,6.28,2.01997973117977,1.19209289550781E-02
1,6.29,2.02331303106621,8.94069671630859E-03
1,6.3,2.02664633095264,1.13248825073242E-02
1,6.31,2.02997963083908,1.37090682983398E-02
1,6.32,2.03331293072552,1.49011611938477E-02
1,6.33,2.03664623061195,1.54972076416016E-02
1,6.34,2.03997953049839,2.14576721191406E-02
1,6.35,2.04331283038482,2.26497650146484E-02
1,6.36,2.04664613027126,2.32458114624023E-02
1,6.37,2.04997943015769,2.26497650146484E-02
1,6.38,2.05331273004413,2.44379043579102E-02
1,6.39,2.05664602993056,2.32458114624023E-02
1,6.4,2.059979329817,2.20537185668945E-02
1,6.41,2.06331262970343,2.02655792236328E-02
1,6.42,2.06664592958987,2.62260437011719E-02
1,6.43,2.0699792294763,2.20537185668945E-02
1,6.44,2.07331252936274,2.02655792236328E-02
1,6.45,2.07664582924917,2.26497650146484E-02
1,6.46,2.07997912913561,2.32458114624023E-02
1,6.47,2.08331242902204,2.38418579101563E-02
1,6.48,2.08664572890848,2.20537185668945E-02
1,6.49,2.08997902879491,1.72853469848633E-02
1,6.5,2.09331232868135,1.78813934326172E-02
1,6.51,2.09664562856779,1.54972076416016E-02
1,6.52,2.09997892845422,1.54972076416016E-02
1,6.53,2.10331222834066,1.49011611938477E-02
1,6.54,2.10664552822709,1.49011611938477E-02
1,6.55,2.10997882811353,1.66893005371094E-02
1,6.56,2.11331212799996,0.012516975402832
1,6.57,2.1166454278864,1.78813934326172E-02
1,6.58,2.11997872777283,1.37090682983398E-02
1,6.59,2.12331202765927,1.31130218505859E-02
1,6.6,2.1266453275457,1.54972076416016E-02
1,6.61,2.12997862743214,1.37090682983398E-02
1,6.62,2.13331192731857,1.72853469848633E-02
1,6.63,2.13664522720501,1.37090682983398E-02
1,6.64,2.13997852709144,1.66893005371094E-02
1,6.65,2.14331182697788,1.66893005371094E-02
1,6.66,2.14664512686431,1.66893005371094E-02
1,6.67,2.14997842675075,1.37090682983398E-02
1,6.68,2.15331172663718,1.43051147460938E-02
1,6.69,2.15664502652362,1.84774398803711E-02
1,6.7,2.15997832641006,1.49011611938477E-02
1,6.71,2.16331162629649,1.60932540893555E-02
1,6.72,2.16664492618293,1.43051147460938E-02
1,6.73,2.16997822606936,1.19209289550781E-02
1,6.74,2.1733115259558,4.76837158203125E-03
1,6.75,2.17664482584223,6.55651092529297E-03
1,6.76,2.17997812572867,8.94069671630859E-03
1,6.77,2.1833114256151,8.94069671630859E-03
1,6.78,2.18664472550154,7.74860382080078E-03
1,6.79,2.18997802538797,6.55651092529297E-03
1,6.8,2.19331132527441,7.74860382080078E-03
1,6.81,2.19664462516084,1.49011611938477E-02
1,6.82,2.19997792504728,1.49011611938477E-02
1,6.83,2.20331122493371,1.54972076416016E-02
1,6.84,2.20664452482015,1.60932540893555E-02
1,6.85,2.20997782470658,1.72853469848633E-02
1,6.86,2.21331112459302,0.019073486328125
1,6.87,2.21664442447945,2.08616256713867E-02
1,6.88,2.21997772436589,2.08616256713867E-02
1,6.89,2.22331102425233,1.66893005371094E-02
1,6.9,2.22664432413876,1.43051147460938E-02
1,6.91,2.2299776240252,1.07288360595703E-02
1,6.92,2.23331092391163,8.94069671630859E-03
1,6.93,2.23664422379807,5.36441802978516E-03
1,6.94,2.2399775236845,3.57627868652344E-03
1,6.95,2.24331082357094,-5.96046447753906E-04
1,6.96,2.24664412345737,1.19209289550781E-03
1,6.97,2.24997742334381,0
1,6.98,2.25331072323024,-1.19209289550781E-03
1,6.99,2.25664402311668,2.98023223876953E-03
1,7,2.25997732300311,6.55651092529297E-03
1,7.01,2.26331062288955,5.96046447753906E-04
1,7.02,2.26664392277598,5.96046447753906E-03
1,7.03,2.26997722266242,5.36441802978516E-03
1,7.04,2.27331052254885,8.34465026855469E-03
1,7.05,2.27664382243529,9.5367431640625E-03
1,7.06,2.27997712232172,8.94069671630859E-03
1,7.07,2.28331042220816,0.012516975402832
1,7.08,2.2866437220946,8.94069671630859E-03
1,7.09,2.28997702198103,1.07288360595703E-02
1,7.1,2.29331032186747,1.01327896118164E-02
1,7.11,2.2966436217539,8.94069671630859E-03
1,7.12,2.29997692164034,9.5367431640625E-03
1,7.13,2.30331022152677,1.01327896118164E-02
1,7.14,2.30664352141321,1.37090682983398E-02
1,7.15,2.30997682129964,1.01327896118164E-02
1,7.16,2.31331012118608,1.13248825073242E-02
1,7.17,2.31664342107251,1.07288360595703E-02
1,7.18,2.31997672095895,0.012516975402832
1,7.19,2.32331002084538,7.15255737304688E-03
1,7.2,2.32664332073182,5.36441802978516E-03
1,7.21,2.32997662061825,1.19209289550781E-03
1,7.22,2.33330992050469,1.78813934326172E-03
1,7.23,2.33664322039112,-2.38418579101563E-03
1,7.24,2.33997652027756,-5.36441802978516E-03
1,7.25,2.343309820164,-5.96046447753906E-03
1,7.26,2.34664312005043,-6.55651092529297E-03
1,7.27,2.34997641993687,-5.36441802978516E-03
1,7.28,2.3533097198233,-5.96046447753906E-03
1,7.29,2.35664301970974,-7.74860382080078E-03
1,7.3,2.35997631959617,-5.96046447753906E-04
1,7.31,2.36330961948261,-1.78813934326172E-03
1,7.32,2.36664291936904,1.19209289550781E-03
1,7.33,2.36997621925548,0
1,7.34,2.37330951914191,5.96046447753906E-03
1,7.35,2.37664281902835,4.76837158203125E-03
1,7.36,2.37997611891478,8.34465026855469E-03
1,7.37,2.38330941880122,4.76837158203125E-03
1,7.38,2.38664271868765,8.34465026855469E-03
1,7.39,2.38997601857409,5.96046447753906E-03
1,7.4,2.39330931846052,7.15255737304688E-03
1,7.41,2.39664261834696,5.96046447753906E-03
1,7.42,2.39997591823339,5.96046447753906E-03
1,7.43,2.40330921811983,4.76837158203125E-03
1,7.44,2.40664251800627,5.96046447753906E-03
1,7.45,2.4099758178927,1.01327896118164E-02
1,7.46,2.41330911777914,1.13248825073242E-02
1,7.47,2.41664241766557,6.55651092529297E-03
1,7.48,2.41997571755201,1.07288360595703E-02
1,7.49,2.42330901743844,1.31130218505859E-02
1,7.5,2.42664231732488,1.19209289550781E-02
1,7.51,2.42997561721131,1.19209289550781E-02
1,7.52,2.43330891709775,0.012516975402832
1,7.53,2.43664221698418,1.31130218505859E-02
1,7.54,2.43997551687062,1.37090682983398E-02
1,7.55,2.44330881675705,1.66893005371094E-02
1,7.56,2.44664211664349,1.96695327758789E-02
1,7.57,2.44997541652992,1.72853469848633E-02
1,7.58,2.45330871641636,2.08616256713867E-02
1,7.59,2.45664201630279,2.20537185668945E-02
1,7.6,2.45997531618923,2.02655792236328E-02
1,7.61,2.46330861607566,2.38418579101563E-02
1,7.62,2.4666419159621,1.96695327758789E-02
1,7.63,2.46997521584854,1.31130218505859E-02
1,7.64,2.47330851573497,8.94069671630859E-03
1,7.65,2.47664181562141,7.15255737304688E-03
1,7.66,2.47997511550784,4.17232513427734E-03
1,7.67,2.48330841539428,2.38418579101563E-03
1,7.68,2.48664171528071,-2.98023223876953E-03
1,7.69,2.48997501516715,-5.36441802978516E-03
1,7.7,2.49330831505358,-6.55651092529297E-03
1,7.71,2.49664161494002,-8.94069671630859E-03
1,7.72,2.49997491482645,-7.74860382080078E-03
1,7.73,2.50330821471289,-5.96046447753906E-03
1,7.74,2.50664151459932,-4.76837158203125E-03
1,7.75,2.50997481448576,-1.01327896118164E-02
1,7.76,2.51330811437219,-7.74860382080078E-03
1,7.77,2.51664141425863,-9.5367431640625E-03
1,7.78,2.51997471414506,-9.5367431640625E-03
1,7.79,2.5233080140315,-1.13248825073242E-02
1,7.8,2.52664131391793,-1.31130218505859E-02
1,7.81,2.52997461380437,-1.19209289550781E-02
1,7.82,2.53330791369081,-1.54972076416016E-02
1,7.83,2.53664121357724,-1.37090682983398E-02
1,7.84,2.53997451346368,-9.5367431640625E-03
1,7.85,2.54330781335011,-1.13248825073242E-02
1,7.86,2.54664111323655,-8.34465026855469E-03
1,7.87,2.54997441312298,-1.07288360595703E-02
1,7.88,2.55330771300942,-7.74860382080078E-03
1,7.89,2.55664101289585,-8.94069671630859E-03
1,7.9,2.55997431278229,-2.38418579101563E-03
1,7.91,2.56330761266872,-2.98023223876953E-03
1,7.92,2.56664091255516,-3.57627868652344E-03
1,7.93,2.56997421244159,-1.78813934326172E-03
1,7.94,2.57330751232803,-2.98023223876953E-03
1,7.95,2.57664081221446,-5.36441802978516E-03
1,7.96,2.5799741121009,-5.36441802978516E-03
1,7.97,2.58330741198733,-4.17232513427734E-03
1,7.98,2.58664071187377,-6.55651092529297E-03
1,7.99,2.58997401176021,-8.94069671630859E-03
1,8,2.59330731164664,-1.07288360595703E-02
1,8.01,2.59664061153308,-1.31130218505859E-02
1,8.02,2.59997391141951,-1.19209289550781E-02
1,8.03,2.60330721130595,-9.5367431640625E-03
1,8.04,2.60664051119238,-8.34465026855469E-03
1,8.05,2.60997381107882,-7.15255737304688E-03
1,8.06,2.61330711096525,-6.55651092529297E-03
1,8.07,2.61664041085169,-7.15255737304688E-03
1,8.08,2.61997371073812,-1.19209289550781E-03
1,8.09,2.62330701062456,1.19209289550781E-03
1,8.1,2.62664031051099,3.57627868652344E-03
1,8.11,2.62997361039743,8.94069671630859E-03
1,8.12,2.63330691028386,8.94069671630859E-03
1,8.13,2.6366402101703,1.01327896118164E-02
1,8.14,2.63997351005673,9.5367431640625E-03
1,8.15,2.64330680994317,1.13248825073242E-02
1,8.16,2.6466401098296,7.15255737304688E-03
1,8.17,2.64997340971604,6.55651092529297E-03
1,8.18,2.65330670960248,7.15255737304688E-03
1,8.19,2.65664000948891,7.74860382080078E-03
1,8.2,2.65997330937535,1.13248825073242E-02
1,8.21,2.66330660926178,5.36441802978516E-03
1,8.22,2.66663990914822,8.34465026855469E-03
1,8.23,2.66997320903465,7.74860382080078E-03
1,8.24,2.67330650892109,5.36441802978516E-03
1,8.25,2.67663980880752,4.76837158203125E-03
1,8.26,2.67997310869396,7.15255737304688E-03
1,8.27,2.68330640858039,6.55651092529297E-03
1,8.28,2.68663970846683,7.74860382080078E-03
1,8.29,2.68997300835326,6.55651092529297E-03
1,8.3,2.6933063082397,6.55651092529297E-03
1,8.31,2.69663960812613,7.74860382080078E-03
1,8.32,2.69997290801257,8.34465026855469E-03
1,8.33,2.703306207899,9.5367431640625E-03
1,8.34,2.70663950778544,1.19209289550781E-02
1,8.35,2.70997280767187,1.07288360595703E-02
1,8.36,2.71330610755831,5.36441802978516E-03
1,8.37,2.71663940744475,7.74860382080078E-03
1,8.38,2.71997270733118,5.36441802978516E-03
1,8.39,2.72330600721762,2.38418579101563E-03
1,8.4,2.72663930710405,-5.96046447753906E-04
1,8.41,2.72997260699049,-7.15255737304688E-03
1,8.42,2.73330590687692,-4.76837158203125E-03
1,8.43,2.73663920676336,-9.5367431640625E-03
1,8.44,2.73997250664979,-1.19209289550781E-02
1,8.45,2.74330580653623,-8.94069671630859E-03
1,8.46,2.74663910642266,-1.31130218505859E-02
1,8.47,2.7499724063091,-1.37090682983398E-02
1,8.48,2.75330570619553,-1.72853469848633E-02
1,8.49,2.75663900608197,-1.43051147460938E-02
1,8.5,2.7599723059684,-1.19209289550781E-02
1,8.51,2.76330560585484,-7.74860382080078E-03
1,8.52,2.76663890574127,-5.36441802978516E-03
1,8.53,2.76997220562771,-3.57627868652344E-03
1,8.54,2.77330550551414,0
1,8.55,2.77663880540058,4.76837158203125E-03
1,8.56,2.77997210528702,8.94069671630859E-03
1,8.57,2.78330540517345,1.31130218505859E-02
1,8.58,2.78663870505989,1.31130218505859E-02
1,8.59,2.78997200494632,1.43051147460938E-02
1,8.6,2.79330530483276,1.49011611938477E-02
1,8.61,2.79663860471919,1.72853469848633E-02
1,8.62,2.79997190460563,2.02655792236328E-02
1,8.63,2.80330520449206,1.54972076416016E-02
1,8.64,2.8066385043785,1.66893005371094E-02
1,8.65,2.80997180426493,1.13248825073242E-02
1,8.66,2.81330510415137,0.012516975402832
1,8.67,2.8166384040378,1.13248825073242E-02
1,8.68,2.81997170392424,1.60932540893555E-02
1,8.69,2.82330500381067,1.49011611938477E-02
1,8.7,2.82663830369711,1.72853469848633E-02
1,8.71,2.82997160358354,1.54972076416016E-02
1,8.72,2.83330490346998,1.49011611938477E-02
1,8.73,2.83663820335642,0.012516975402832
1,8.74,2.83997150324285,1.54972076416016E-02
1,8.75,2.84330480312929,1.13248825073242E-02
1,8.76,2.84663810301572,1.07288360595703E-02
1,8.77,2.84997140290216,1.07288360595703E-02
1,8.78,2.85330470278859,5.36441802978516E-03
1,8.79,2.85663800267503,4.17232513427734E-03
1,8.8,2.85997130256146,7.15255737304688E-03
1,8.81,2.8633046024479,6.55651092529297E-03
1,8.82,2.86663790233433,8.94069671630859E-03
1,8.83,2.86997120222077,7.74860382080078E-03
1,8.84,2.8733045021072,4.17232513427734E-03
1,8.85,2.87663780199364,4.76837158203125E-03
1,8.86,2.87997110188007,1.19209289550781E-03
1,8.87,2.88330440176651,5.36441802978516E-03
1,8.88,2.88663770165294,5.36441802978516E-03
1,8.89,2.88997100153938,1.19209289550781E-03
1,8.9,2.89330430142581,1.78813934326172E-03
1,8.91,2.89663760131225,0
1,8.92,2.89997090119869,5.96046447753906E-04
1,8.93,2.90330420108512,4.76837158203125E-03
1,8.94,2.90663750097156,3.57627868652344E-03
1,8.95,2.90997080085799,0
1,8.96,2.91330410074443,0
1,8.97,2.91663740063086,-2.98023223876953E-03
1,8.98,2.9199707005173,-1.78813934326172E-03
1,8.99,2.92330400040373,-4.76837158203125E-03
1,9,2.92663730029017,-7.15255737304688E-03
1,9.01,2.9299706001766,-7.74860382080078E-03
1,9.02,2.93330390006304,-6.55651092529297E-03
1,9.03,2.93663719994947,-5.96046447753906E-03
1,9.04,2.93997049983591,-5.36441802978516E-03
1,9.05,2.94330379972234,-7.15255737304688E-03
1,9.06,2.94663709960878,-5.36441802978516E-03
1,9.07,2.94997039949521,-7.15255737304688E-03
1,9.08,2.95330369938165,-5.36441802978516E-03
1,9.09,2.95663699926808,-8.94069671630859E-03
1,9.1,2.95997029915452,-5.36441802978516E-03
1,9.11,2.96330359904096,0
1,9.12,2.96663689892739,1.19209289550781E-03
1,9.13,2.96997019881383,4.76837158203125E-03
1,9.14,2.97330349870026,2.38418579101563E-03
1,9.15,2.9766367985867,2.38418579101563E-03
1,9.16,2.97997009847313,1.78813934326172E-03
1,9.17,2.98330339835957,3.57627868652344E-03
1,9.18,2.986636698246,0
1,9.19,2.98996999813244,-2.38418579101563E-03
1,9.2,2.99330329801887,1.19209289550781E-03
1,9.21,2.99663659790531,5.96046447753906E-04
1,9.22,2.99996989779174,5.96046447753906E-03
1,9.23,3.00330319767818,5.36441802978516E-03
1,9.24,3.00663649756461,6.55651092529297E-03
1,9.25,3.00996979745105,7.74860382080078E-03
1,9.26,3.01330309733748,2.98023223876953E-03
1,9.27,3.01663639722392,5.96046447753906E-03
1,9.28,3.01996969711035,7.74860382080078E-03
1,9.29,3.02330299699679,5.96046447753906E-03
1,9.3,3.02663629688323,6.55651092529297E-03
1,9.31,3.02996959676966,2.98023223876953E-03
1,9.32,3.0333028966561,5.96046447753906E-03
1,9.33,3.03663619654253,8.94069671630859E-03
1,9.34,3.03996949642897,1.54972076416016E-02
1,9.35,3.0433027963154,1.78813934326172E-02
1,9.36,3.04663609620184,2.08616256713867E-02
1,9.37,3.04996939608827,1.54972076416016E-02
1,9.38,3.05330269597471,1.60932540893555E-02
1,9.39,3.05663599586114,1.31130218505859E-02
1,9.4,3.05996929574758,1.49011611938477E-02
1,9.41,3.06330259563401,1.37090682983398E-02
1,9.42,3.06663589552045,1.54972076416016E-02
1,9.43,3.06996919540688,1.31130218505859E-02
1,9.44,3.07330249529332,0.012516975402832
1,9.45,3.07663579517975,1.43051147460938E-02
1,9.46,3.07996909506619,1.72853469848633E-02
1,9.47,3.08330239495263,1.49011611938477E-02
1,9.48,3.08663569483906,1.72853469848633E-02
1,9.49,3.0899689947255,1.60932540893555E-02
1,9.5,3.09330229461193,1.31130218505859E-02
1,9.51,3.09663559449837,1.49011611938477E-02
1,9.52,3.0999688943848,1.49011611938477E-02
1,9.53,3.10330219427124,0.019073486328125
1,9.54,3.10663549415767,2.08616256713867E-02
1,9.55,3.10996879404411,1.60932540893555E-02
1,9.56,3.11330209393054,0.012516975402832
1,9.57,3.11663539381698,1.54972076416016E-02
1,9.58,3.11996869370341,1.54972076416016E-02
1,9.59,3.12330199358985,1.66893005371094E-02
1,9.6,3.12663529347628,1.54972076416016E-02
1,9.61,3.12996859336272,1.84774398803711E-02
1,9.62,3.13330189324915,1.60932540893555E-02
1,9.63,3.13663519313559,1.60932540893555E-02
1,9.64,3.13996849302202,1.78813934326172E-02
1,9.65,3.14330179290846,0.019073486328125
1,9.66,3.1466350927949,1.37090682983398E-02
1,9.67,3.14996839268133,1.54972076416016E-02
1,9.68,3.15330169256777,1.31130218505859E-02
1,9.69,3.1566349924542,1.31130218505859E-02
1,9.7,3.15996829234064,1.43051147460938E-02
1,9.71,3.16330159222707,1.31130218505859E-02
1,9.72,3.16663489211351,1.13248825073242E-02
1,9.73,3.16996819199994,9.5367431640625E-03
1,9.74,3.17330149188638,1.01327896118164E-02
1,9.75,3.17663479177281,1.01327896118164E-02
1,9.76,3.17996809165925,1.43051147460938E-02
1,9.77,3.18330139154568,1.19209289550781E-02
1,9.78,3.18663469143212,1.60932540893555E-02
1,9.79,3.18996799131855,1.31130218505859E-02
1,9.8,3.19330129120499,1.01327896118164E-02
1,9.81,3.19663459109142,1.01327896118164E-02
1,9.82,3.19996789097786,9.5367431640625E-03
1,9.83,3.20330119086429,9.5367431640625E-03
1,9.84,3.20663449075073,5.96046447753906E-03
1,9.85,3.20996779063717,4.76837158203125E-03
1,9.86,3.2133010905236,4.17232513427734E-03
1,9.87,3.21663439041004,2.38418579101563E-03
1,9.88,3.21996769029647,1.19209289550781E-03
1,9.89,3.22330099018291,1.78813934326172E-03
1,9.9,3.22663429006934,1.19209289550781E-03
1,9.91,3.22996758995578,0
1,9.92,3.23330088984221,2.98023223876953E-03
1,9.93,3.23663418972865,5.96046447753906E-04
1,9.94,3.23996748961508,5.96046447753906E-03
1,9.95,3.24330078950152,5.96046447753906E-03
1,9.96,3.24663408938795,9.5367431640625E-03
1,9.97,3.24996738927439,1.31130218505859E-02
1,9.98,3.25330068916082,1.07288360595703E-02
1,9.99,3.25663398904726,7.74860382080078E-03
1,10,3.25996728893369,1.01327896118164E-02
1,10.01,3.26330058882013,9.5367431640625E-03
1,10.02,3.26663388870656,8.94069671630859E-03
1,10.03,3.269967188593,8.94069671630859E-03
1,10.04,3.27330048847944,9.5367431640625E-03
1,10.05,3.27663378836587,1.31130218505859E-02
1,10.06,3.27996708825231,1.43051147460938E-02
1,10.07,3.28330038813874,1.66893005371094E-02
1,10.08,3.28663368802518,1.54972076416016E-02
1,10.09,3.28996698791161,1.13248825073242E-02
1,10.1,3.29330028779805,1.37090682983398E-02
1,10.11,3.29663358768448,1.49011611938477E-02
1,10.12,3.29996688757092,1.49011611938477E-02
1,10.13,3.30330018745735,1.01327896118164E-02
1,10.14,3.30663348734379,1.37090682983398E-02
1,10.15,3.30996678723022,9.5367431640625E-03
1,10.16,3.31330008711666,6.55651092529297E-03
1,10.17,3.31663338700309,5.36441802978516E-03
1,10.18,3.31996668688953,5.36441802978516E-03
1,10.19,3.32329998677596,1.78813934326172E-03
1,10.2,3.3266332866624,0
1,10.21,3.32996658654884,-2.38418579101563E-03
1,10.22,3.33329988643527,-4.17232513427734E-03
1,10.23,3.33663318632171,-4.17232513427734E-03
1,10.24,3.33996648620814,-5.36441802978516E-03
1,10.25,3.34329978609458,-5.36441802978516E-03
1,10.26,3.34663308598101,-1.01327896118164E-02
1,10.27,3.34996638586745,-1.01327896118164E-02
1,10.28,3.35329968575388,-8.94069671630859E-03
1,10.29,3.35663298564032,-9.5367431640625E-03
1,10.3,3.35996628552675,-1.07288360595703E-02
1,10.31,3.36329958541319,-1.01327896118164E-02
1,10.32,3.36663288529962,-1.72853469848633E-02
1,10.33,3.36996618518606,-1.60932540893555E-02
1,10.34,3.37329948507249,-1.54972076416016E-02
1,10.35,3.37663278495893,-1.37090682983398E-02
1,10.36,3.37996608484536,-1.43051147460938E-02
1,10.37,3.3832993847318,-1.19209289550781E-02
1,10.38,3.38663268461823,-1.37090682983398E-02
1,10.39,3.38996598450467,-0.012516975402832
1,10.4,3.39329928439111,-8.34465026855469E-03
1,10.41,3.39663258427754,-1.07288360595703E-02
1,10.42,3.39996588416398,-8.94069671630859E-03
1,10.43,3.40329918405041,-7.74860382080078E-03
1,10.44,3.40663248393685,-7.15255737304688E-03
1,10.45,3.40996578382328,-7.15255737304688E-03
1,10.46,3.41329908370972,-1.07288360595703E-02
1,10.47,3.41663238359615,-8.34465026855469E-03
1,10.48,3.41996568348259,-7.74860382080078E-03
1,10.49,3.42329898336902,-7.15255737304688E-03
1,10.5,3.42663228325546,-5.96046447753906E-03
1,10.51,3.42996558314189,-1.19209289550781E-02
1,10.52,3.43329888302833,-1.31130218505859E-02
1,10.53,3.43663218291476,-1.43051147460938E-02
1,10.54,3.4399654828012,-1.72853469848633E-02
1,10.55,3.44329878268763,-1.72853469848633E-02
1,10.56,3.44663208257407,-0.019073486328125
1,10.57,3.4499653824605,-0.019073486328125
1,10.58,3.45329868234694,-1.78813934326172E-02
1,10.59,3.45663198223338,-1.60932540893555E-02
1,10.6,3.45996528211981,-1.72853469848633E-02
1,10.61,3.46329858200625,-1.31130218505859E-02
1,10.62,3.46663188189268,-1.31130218505859E-02
1,10.63,3.46996518177912,-1.01327896118164E-02
1,10.64,3.47329848166555,-0.012516975402832
1,10.65,3.47663178155199,-1.13248825073242E-02
1,10.66,3.47996508143842,-1.49011611938477E-02
1,10.67,3.48329838132486,-1.13248825073242E-02
1,10.68,3.48663168121129,-1.37090682983398E-02
1,10.69,3.48996498109773,-1.37090682983398E-02
1,10.7,3.49329828098416,-1.60932540893555E-02
1,10.71,3.4966315808706,-1.13248825073242E-02
1,10.72,3.49996488075703,-1.31130218505859E-02
1,10.73,3.50329818064347,-4.76837158203125E-03
1,10.74,3.5066314805299,-5.36441802978516E-03
1,10.75,3.50996478041634,-3.57627868652344E-03
1,10.76,3.51329808030277,-5.36441802978516E-03
1,10.77,3.51663138018921,-4.17232513427734E-03
1,10.78,3.51996468007565,-5.36441802978516E-03
1,10.79,3.52329797996208,-6.55651092529297E-03
1,10.8,3.52663127984852,-9.5367431640625E-03
1,10.81,3.52996457973495,-9.5367431640625E-03
1,10.82,3.53329787962139,-1.13248825073242E-02
1,10.83,3.53663117950782,-0.012516975402832
1,10.84,3.53996447939426,-1.43051147460938E-02
1,10.85,3.54329777928069,-1.37090682983398E-02
1,10.86,3.54663107916713,-1.54972076416016E-02
1,10.87,3.54996437905356,-1.78813934326172E-02
1,10.88,3.55329767894,-1.66893005371094E-02
1,10.89,3.55663097882643,-2.08616256713867E-02
1,10.9,3.55996427871287,-1.43051147460938E-02
1,10.91,3.5632975785993,-1.37090682983398E-02
1,10.92,3.56663087848574,-8.94069671630859E-03
1,10.93,3.56996417837217,-0.012516975402832
1,10.94,3.57329747825861,-1.37090682983398E-02
1,10.95,3.57663077814505,-1.07288360595703E-02
1,10.96,3.57996407803148,-1.07288360595703E-02
1,10.97,3.58329737791792,-8.94069671630859E-03
1,10.98,3.58663067780435,-5.36441802978516E-03
1,10.99,3.58996397769079,-7.15255737304688E-03
1,11,3.59329727757722,-1.78813934326172E-03
1,11.01,3.59663057746366,1.19209289550781E-03
1,11.02,3.59996387735009,5.36441802978516E-03
1,11.03,3.60329717723653,6.55651092529297E-03
1,11.04,3.60663047712296,5.36441802978516E-03
1,11.05,3.6099637770094,3.57627868652344E-03
1,11.06,3.61329707689583,-2.38418579101563E-03
1,11.07,3.61663037678227,0
1,11.08,3.6199636766687,2.98023223876953E-03
1,11.09,3.62329697655514,5.96046447753906E-04
1,11.1,3.62663027644157,2.98023223876953E-03
1,11.11,3.62996357632801,-5.96046447753906E-04
1,11.12,3.63329687621445,-1.78813934326172E-03
1,11.13,3.63663017610088,-4.76837158203125E-03
1,11.14,3.63996347598732,-5.96046447753906E-04
1,11.15,3.64329677587375,-5.96046447753906E-03
1,11.16,3.64663007576019,-6.55651092529297E-03
1,11.17,3.64996337564662,-7.74860382080078E-03
1,11.18,3.65329667553306,-1.07288360595703E-02
1,11.19,3.65662997541949,-0.012516975402832
1,11.2,3.65996327530593,-1.31130218505859E-02
1,11.21,3.66329657519236,-1.31130218505859E-02
1,11.22,3.6666298750788,-1.49011611938477E-02
1,11.23,3.66996317496523,-1.66893005371094E-02
1,11.24,3.67329647485167,-2.14576721191406E-02
1,11.25,3.6766297747381,-2.20537185668945E-02
1,11.26,3.67996307462454,-1.49011611938477E-02
1,11.27,3.68329637451097,-1.19209289550781E-02
1,11.28,3.68662967439741,-1.19209289550781E-02
1,11.29,3.68996297428384,-1.13248825073242E-02
1,11.3,3.69329627417028,-1.07288360595703E-02
1,11.31,3.69662957405671,-0.012516975402832
1,11.32,3.69996287394315,-8.94069671630859E-03
1,11.33,3.70329617382959,-1.43051147460938E-02
1,11.34,3.70662947371602,-1.07288360595703E-02
1,11.35,3.70996277360246,-1.31130218505859E-02
1,11.36,3.71329607348889,-1.31130218505859E-02
1,11.37,3.71662937337533,-1.43051147460938E-02
1,11.38,3.71996267326176,-1.07288360595703E-02
1,11.39,3.7232959731482,-1.07288360595703E-02
1,11.4,3.72662927303463,-1.07288360595703E-02
1,11.41,3.72996257292107,-9.5367431640625E-03
1,11.42,3.7332958728075,-1.37090682983398E-02
1,11.43,3.73662917269394,-8.94069671630859E-03
1,11.44,3.73996247258037,-7.15255737304688E-03
1,11.45,3.74329577246681,-2.38418579101563E-03
1,11.46,3.74662907235324,-4.17232513427734E-03
1,11.47,3.74996237223968,-7.74860382080078E-03
1,11.48,3.75329567212611,-5.96046447753906E-03
1,11.49,3.75662897201255,-2.38418579101563E-03
1,11.5,3.75996227189898,-2.98023223876953E-03
1,11.51,3.76329557178542,-1.78813934326172E-03
1,11.52,3.76662887167186,-3.57627868652344E-03
1,11.53,3.76996217155829,-4.76837158203125E-03
1,11.54,3.77329547144473,-5.36441802978516E-03
1,11.55,3.77662877133116,-1.78813934326172E-03
1,11.56,3.7799620712176,-2.38418579101563E-03
1,11.57,3.78329537110403,-3.57627868652344E-03
1,11.58,3.78662867099047,-2.98023223876953E-03
1,11.59,3.7899619708769,-7.15255737304688E-03
1,11.6,3.79329527076334,-2.98023223876953E-03
1,11.61,3.79662857064977,-4.17232513427734E-03
1,11.62,3.79996187053621,-4.17232513427734E-03
1,11.63,3.80329517042264,-7.74860382080078E-03
1,11.64,3.80662847030908,-7.15255737304688E-03
1,11.65,3.80996177019551,-1.07288360595703E-02
1,11.66,3.81329507008195,-1.07288360595703E-02
1,11.67,3.81662836996838,-9.5367431640625E-03
1,11.68,3.81996166985482,-1.13248825073242E-02
1,11.69,3.82329496974126,-0.012516975402832
1,11.7,3.82662826962769,-0.012516975402832
1,11.71,3.82996156951413,-1.37090682983398E-02
1,11.72,3.83329486940056,-1.72853469848633E-02
1,11.73,3.836628169287,-1.31130218505859E-02
1,11.74,3.83996146917343,-1.13248825073242E-02
1,11.75,3.84329476905987,-0.012516975402832
1,11.76,3.8466280689463,-1.31130218505859E-02
1,11.77,3.84996136883274,-2.08616256713867E-02
1,11.78,3.85329466871917,-1.84774398803711E-02
1,11.79,3.85662796860561,-1.84774398803711E-02
1,11.8,3.85996126849204,-0.019073486328125
1,11.81,3.86329456837848,-1.60932540893555E-02
1,11.82,3.86662786826491,-1.66893005371094E-02
1,11.83,3.86996116815135,-1.72853469848633E-02
1,11.84,3.87329446803778,-2.02655792236328E-02
1,11.85,3.87662776792422,-1.43051147460938E-02
1,11.86,3.87996106781066,-1.19209289550781E-02
1,11.87,3.88329436769709,-1.19209289550781E-02
1,11.88,3.88662766758353,-7.74860382080078E-03
1,11.89,3.88996096746996,-8.94069671630859E-03
1,11.9,3.8932942673564,-4.17232513427734E-03
1,11.91,3.89662756724283,-5.96046447753906E-03
1,11.92,3.89996086712927,-3.57627868652344E-03
1,11.93,3.9032941670157,-6.55651092529297E-03
1,11.94,3.90662746690214,-3.57627868652344E-03
1,11.95,3.90996076678857,-6.55651092529297E-03
1,11.96,3.91329406667501,-4.76837158203125E-03
1,11.97,3.91662736656144,-8.94069671630859E-03
1,11.98,3.91996066644788,-4.76837158203125E-03
1,11.99,3.92329396633431,-4.76837158203125E-03
1,12,3.92662726622075,-7.15255737304688E-03
1,12.01,3.92996056610718,-6.55651092529297E-03
1,12.02,3.93329386599362,-7.15255737304688E-03
1,12.03,3.93662716588005,-3.57627868652344E-03
1,12.04,3.93996046576649,-3.57627868652344E-03
1,12.05,3.94329376565293,-6.55651092529297E-03
1,12.06,3.94662706553936,-4.76837158203125E-03
1,12.07,3.9499603654258,-8.34465026855469E-03
1,12.08,3.95329366531223,-0.012516975402832
1,12.09,3.95662696519867,-1.49011611938477E-02
1,12.1,3.9599602650851,-1.07288360595703E-02
1,12.11,3.96329356497154,-1.43051147460938E-02
1,12.12,3.96662686485797,-1.78813934326172E-02
1,12.13,3.96996016474441,-2.02655792236328E-02
1,12.14,3.97329346463084,-2.32458114624023E-02
1,12.15,3.97662676451728,-2.20537185668945E-02
1,12.16,3.97996006440371,-2.02655792236328E-02
1,12.17,3.98329336429015,-1.31130218505859E-02
1,12.18,3.98662666417658,-1.60932540893555E-02
1,12.19,3.98995996406302,-1.43051147460938E-02
1,12.2,3.99329326394945,-1.37090682983398E-02
1,12.21,3.99662656383589,-1.01327896118164E-02
1,12.22,3.99995986372232,-7.74860382080078E-03
1,12.23,4.00329316360876,-6.55651092529297E-03
1,12.24,4.0066264634952,-7.15255737304688E-03
1,12.25,4.00995976338163,-6.55651092529297E-03
1,12.26,4.01329306326807,-6.55651092529297E-03
1,12.27,4.0166263631545,-7.74860382080078E-03
1,12.28,4.01995966304094,-5.96046447753906E-03
1,12.29,4.02329296292737,-8.34465026855469E-03
1,12.3,4.02662626281381,-8.34465026855469E-03
1,12.31,4.02995956270024,-1.13248825073242E-02
1,12.32,4.03329286258668,-1.01327896118164E-02
1,12.33,4.03662616247311,-9.5367431640625E-03
1,12.34,4.03995946235955,-7.15255737304688E-03
1,12.35,4.04329276224598,-5.36441802978516E-03
1,12.36,4.04662606213242,-3.57627868652344E-03
1,12.37,4.04995936201885,-6.55651092529297E-03
1,12.38,4.05329266190529,-7.15255737304688E-03
1,12.39,4.05662596179172,-5.96046447753906E-03
1,12.4,4.05995926167816,-1.01327896118164E-02
1,12.41,4.06329256156459,-8.34465026855469E-03
1,12.42,4.06662586145103,-8.34465026855469E-03
1,12.43,4.06995916133747,-6.55651092529297E-03
1,12.44,4.0732924612239,-3.57627868652344E-03
1,12.45,4.07662576111034,-4.17232513427734E-03
1,12.46,4.07995906099677,-2.98023223876953E-03
1,12.47,4.08329236088321,0
1,12.48,4.08662566076964,-2.38418579101563E-03
1,12.49,4.08995896065608,0
1,12.5,4.09329226054251,1.78813934326172E-03
1,12.51,4.09662556042895,-5.96046447753906E-04
1,12.52,4.09995886031538,0
1,12.53,4.10329216020182,0
1,12.54,4.10662546008825,-2.38418579101563E-03
1,12.55,4.10995875997469,-5.36441802978516E-03
1,12.56,4.11329205986112,-5.36441802978516E-03
1,12.57,4.11662535974756,-9.5367431640625E-03
1,12.58,4.11995865963399,-7.15255737304688E-03
1,12.59,4.12329195952043,-7.15255737304688E-03
1,12.6,4.12662525940686,-7.15255737304688E-03
1,12.61,4.1299585592933,-7.74860382080078E-03
1,12.62,4.13329185917974,-7.74860382080078E-03
1,12.63,4.13662515906617,-7.15255737304688E-03
1,12.64,4.13995845895261,-2.98023223876953E-03
1,12.65,4.14329175883904,-1.19209289550781E-03
1,12.66,4.14662505872548,-1.19209289550781E-03
1,12.67,4.14995835861191,-2.98023223876953E-03
1,12.68,4.15329165849835,-1.19209289550781E-03
1,12.69,4.15662495838478,-4.17232513427734E-03
1,12.7,4.15995825827122,-5.96046447753906E-04
1,12.71,4.16329155815765,-4.17232513427734E-03
1,12.72,4.16662485804409,-2.38418579101563E-03
1,12.73,4.16995815793052,-3.57627868652344E-03
1,12.74,4.17329145781696,-5.96046447753906E-03
1,12.75,4.17662475770339,-8.34465026855469E-03
1,12.76,4.17995805758983,-1.01327896118164E-02
1,12.77,4.18329135747626,-1.01327896118164E-02
1,12.78,4.1866246573627,-8.94069671630859E-03
1,12.79,4.18995795724913,-1.01327896118164E-02
1,12.8,4.19329125713557,-1.07288360595703E-02
1,12.81,4.19662455702201,-5.96046447753906E-03
1,12.82,4.19995785690844,-4.17232513427734E-03
1,12.83,4.20329115679488,-2.38418579101563E-03
1,12.84,4.20662445668131,-2.98023223876953E-03
1,12.85,4.20995775656775,0
1,12.86,4.21329105645418,0
1,12.87,4.21662435634062,0
1,12.88,4.21995765622705,1.19209289550781E-03
1,12.89,4.22329095611349,0
1,12.9,4.22662425599992,0
1,12.91,4.22995755588636,-5.96046447753906E-04
1,12.92,4.23329085577279,-3.57627868652344E-03
1,12.93,4.23662415565923,5.96046447753906E-04
1,12.94,4.23995745554566,-5.96046447753906E-04
1,12.95,4.2432907554321,2.38418579101563E-03
1,12.96,4.24662405531853,-5.96046447753906E-04
1,12.97,4.24995735520497,5.96046447753906E-04
1,12.98,4.25329065509141,-2.38418579101563E-03
1,12.99,4.25662395497784,1.19209289550781E-03
1,13,4.25995725486428,-2.38418579101563E-03
1,13.01,4.26329055475071,-2.38418579101563E-03
1,13.02,4.26662385463715,-2.38418579101563E-03
1,13.03,4.26995715452358,-2.98023223876953E-03
1,13.04,4.27329045441002,-2.38418579101563E-03
1,13.05,4.27662375429645,-1.78813934326172E-03
1,13.06,4.27995705418289,-4.17232513427734E-03
1,13.07,4.28329035406932,-2.38418579101563E-03
1,13.08,4.28662365395576,-1.01327896118164E-02
1,13.09,4.28995695384219,-0.012516975402832
1,13.1,4.29329025372863,-1.66893005371094E-02
1,13.11,4.29662355361506,-1.60932540893555E-02
1,13.12,4.2999568535015,-0.019073486328125
1,13.13,4.30329015338793,-1.84774398803711E-02
1,13.14,4.30662345327437,-1.66893005371094E-02
1,13.15,4.3099567531608,-1.60932540893555E-02
1,13.16,4.31329005304724,-1.60932540893555E-02
1,13.17,4.31662335293368,-1.78813934326172E-02
1,13.18,4.31995665282011,-1.43051147460938E-02
1,13.19,4.32328995270655,-8.34465026855469E-03
1,13.2,4.32662325259298,-1.19209289550781E-02
1,13.21,4.32995655247942,-1.19209289550781E-02
1,13.22,4.33328985236585,-1.49011611938477E-02
1,13.23,4.33662315225229,-1.49011611938477E-02
1,13.24,4.33995645213872,-1.43051147460938E-02
1,13.25,4.34328975202516,-1.49011611938477E-02
1,13.26,4.34662305191159,-1.54972076416016E-02
1,13.27,4.34995635179803,-1.84774398803711E-02
1,13.28,4.35328965168446,-1.19209289550781E-02
1,13.29,4.3566229515709,-1.31130218505859E-02
1,13.3,4.35995625145733,-9.5367431640625E-03
1,13.31,4.36328955134377,-8.34465026855469E-03
1,13.32,4.3666228512302,-7.74860382080078E-03
1,13.33,4.36995615111664,-6.55651092529297E-03
1,13.34,4.37328945100307,-7.74860382080078E-03
1,13.35,4.37662275088951,-5.96046447753906E-03
1,13.36,4.37995605077595,-4.76837158203125E-03
1,13.37,4.38328935066238,-3.57627868652344E-03
1,13.38,4.38662265054882,-2.98023223876953E-03
1,13.39,4.38995595043525,-6.55651092529297E-03
1,13.4,4.39328925032169,-5.36441802978516E-03
1,13.41,4.39662255020812,-5.96046447753906E-03
1,13.42,4.39995585009456,-7.74860382080078E-03
1,13.43,4.40328914998099,-7.15255737304688E-03
1,13.44,4.40662244986743,-3.57627868652344E-03
1,13.45,4.40995574975386,-6.55651092529297E-03
1,13.46,4.4132890496403,-7.74860382080078E-03
1,13.47,4.41662234952673,-1.07288360595703E-02
1,13.48,4.41995564941317,-1.19209289550781E-02
1,13.49,4.4232889492996,-7.74860382080078E-03
1,13.5,4.42662224918604,-1.01327896118164E-02
1,13.51,4.42995554907247,-9.5367431640625E-03
1,13.52,4.43328884895891,-1.07288360595703E-02
1,13.53,4.43662214884534,-4.76837158203125E-03
1,13.54,4.43995544873178,-6.55651092529297E-03
1,13.55,4.44328874861822,-7.15255737304688E-03
1,13.56,4.44662204850465,-1.01327896118164E-02
1,13.57,4.44995534839109,-1.13248825073242E-02
1,13.58,4.45328864827752,-0.012516975402832
1,13.59,4.45662194816396,-1.49011611938477E-02
1,13.6,4.45995524805039,-1.19209289550781E-02
1,13.61,4.46328854793683,-1.01327896118164E-02
1,13.62,4.46662184782326,-1.37090682983398E-02
1,13.63,4.4699551477097,-0.012516975402832
1,13.64,4.47328844759613,-1.49011611938477E-02
1,13.65,4.47662174748257,-1.19209289550781E-02
1,13.66,4.479955047369,-0.012516975402832
1,13.67,4.48328834725544,-1.66893005371094E-02
1,13.68,4.48662164714187,-1.13248825073242E-02
1,13.69,4.48995494702831,-1.43051147460938E-02
1,13.7,4.49328824691474,-8.94069671630859E-03
1,13.71,4.49662154680118,-1.01327896118164E-02
1,13.72,4.49995484668762,-4.17232513427734E-03
1,13.73,4.50328814657405,0
1,13.74,4.50662144646049,2.38418579101563E-03
1,13.75,4.50995474634692,1.01327896118164E-02
1,13.76,4.51328804623336,1.31130218505859E-02
1,13.77,4.51662134611979,2.38418579101563E-02
1,13.78,4.51995464600623,2.74181365966797E-02
1,13.79,4.52328794589266,3.75509262084961E-02
1,13.8,4.5266212457791,4.11272048950195E-02
1,13.81,4.52995454566553,5.00679016113281E-02
1,13.82,4.53328784555197,6.19888305664063E-02
1,13.83,4.5366211454384,7.09295272827148E-02
1,13.84,4.53995444532484,8.34465026855469E-02
1,13.85,4.54328774521127,0.101923942565918
1,13.86,4.54662104509771,0.11146068572998
1,13.87,4.54995434498414,0.12814998626709
1,13.88,4.55328764487058,0.138282775878906
1,13.89,4.55662094475701,0.159144401550293
1,13.9,4.55995424464345,0.172853469848633
1,13.91,4.56328754452989,0.18775463104248
1,13.92,4.56662084441632,0.203847885131836
1,13.93,4.56995414430276,0.21815299987793
1,13.94,4.57328744418919,0.233650207519531
1,13.95,4.57662074407563,0.250339508056641
1,13.96,4.57995404396206,0.265836715698242
1,13.97,4.5832873438485,0.286698341369629
1,13.98,4.58662064373493,0.301599502563477
1,13.99,4.58995394362137,0.31590461730957
1,14,4.5932872435078,0.328421592712402
1,14.01,4.59662054339424,0.34630298614502
1,14.02,4.59995384328067,0.365972518920898
1,14.03,4.60328714316711,0.377893447875977
1,14.04,4.60662044305354,0.395774841308594
1,14.05,4.60995374293998,0.414252281188965
1,14.06,4.61328704282641,0.430941581726074
1,14.07,4.61662034271285,0.448226928710938
1,14.08,4.61995364259928,0.465512275695801
1,14.09,4.62328694248572,0.483989715576172
1,14.1,4.62662024237216,0.505447387695313
1,14.11,4.62995354225859,0.515580177307129
1,14.12,4.63328684214503,0.538229942321777
1,14.13,4.63662014203146,0.559687614440918
1,14.14,4.6399534419179,0.581741333007813
1,14.15,4.64328674180433,0.598430633544922
1,14.16,4.64662004169077,0.619292259216309
1,14.17,4.6499533415772,0.641345977783203
1,14.18,4.65328664146364,0.658631324768066
1,14.19,4.65661994135007,0.680088996887207
1,14.2,4.65995324123651,0.69737434387207
1,14.21,4.66328654112294,0.718235969543457
1,14.22,4.66661984100938,0.736117362976074
1,14.23,4.66995314089581,0.753998756408691
1,14.24,4.67328644078225,0.768303871154785
1,14.25,4.67661974066868,0.788569450378418
1,14.26,4.67995304055512,0.807642936706543
1,14.27,4.68328634044155,0.821948051452637
1,14.28,4.68661964032799,0.841021537780762
1,14.29,4.68995294021443,0.854134559631348
1,14.3,4.69328624010086,0.872611999511719
1,14.31,4.6966195399873,0.889897346496582
1,14.32,4.69995283987373,0.903606414794922
1,14.33,4.70328613976017,0.922083854675293
1,14.34,4.7066194396466,0.938773155212402
1,14.35,4.70995273953304,0.954866409301758
1,14.36,4.71328603941947,0.973343849182129
1,14.37,4.71661933930591,0.990033149719238
1,14.38,4.71995263919234,1.01268291473389
1,14.39,4.72328593907878,1.02639198303223
1,14.4,4.72661923896521,1.03890895843506
1,14.41,4.72995253885165,1.05619430541992
1,14.42,4.73328583873808,1.07049942016602
1,14.43,4.73661913862452,1.09076499938965
1,14.44,4.73995243851095,1.10745429992676
1,14.45,4.74328573839739,1.12831592559814
1,14.46,4.74661903828383,1.14262104034424
1,14.47,4.74995233817026,1.16288661956787
1,14.48,4.7532856380567,1.18494033813477
1,14.49,4.75661893794313,1.20162963867188
1,14.5,4.75995223782957,1.22189521789551
1,14.51,4.763285537716,1.23441219329834
1,14.52,4.76661883760244,1.25706195831299
1,14.53,4.76995213748887,1.27494335174561
1,14.54,4.77328543737531,1.29520893096924
1,14.55,4.77661873726174,1.31487846374512
1,14.56,4.77995203714818,1.3357400894165
1,14.57,4.78328533703461,1.35242938995361
1,14.58,4.78661863692105,1.36971473693848
1,14.59,4.78995193680748,1.38938426971436
1,14.6,4.79328523669392,1.4042854309082
1,14.61,4.79661853658035,1.42812728881836
1,14.62,4.79995183646679,1.44541263580322
1,14.63,4.80328513635322,1.46150588989258
1,14.64,4.80661843623966,1.47998332977295
1,14.65,4.8099517361261,1.49548053741455
1,14.66,4.81328503601253,1.51276588439941
1,14.67,4.81661833589897,1.53601169586182
1,14.68,4.8199516357854,1.55508518218994
1,14.69,4.82328493567184,1.5723705291748
1,14.7,4.82661823555827,1.59263610839844
1,14.71,4.82995153544471,1.6099214553833
1,14.72,4.83328483533114,1.62601470947266
1,14.73,4.83661813521758,1.64628028869629
1,14.74,4.83995143510401,1.66535377502441
1,14.75,4.84328473499045,1.68323516845703
1,14.76,4.84661803487688,1.7017126083374
1,14.77,4.84995133476332,1.71780586242676
1,14.78,4.85328463464975,1.73807144165039
1,14.79,4.85661793453619,1.75714492797852
1,14.8,4.85995123442262,1.77145004272461
1,14.81,4.86328453430906,1.79409980773926
1,14.82,4.86661783419549,1.80900096893311
1,14.83,4.86995113408193,1.82986259460449
1,14.84,4.87328443396837,1.84774398803711
1,14.85,4.8766177338548,1.86741352081299
1,14.86,4.87995103374124,1.88827514648438
1,14.87,4.88328433362767,1.90496444702148
1,14.88,4.88661763351411,1.92344188690186
1,14.89,4.88995093340054,1.944899559021
1,14.9,4.89328423328698,1.96576118469238
1,14.91,4.89661753317341,1.98721885681152
1,14.92,4.89995083305985,2.01046466827393
1,14.93,4.90328413294628,2.02715396881104
1,14.94,4.90661743283272,2.0521879196167
1,14.95,4.90995073271915,2.07185745239258
1,14.96,4.91328403260559,2.09450721740723
1,14.97,4.91661733249202,2.11894512176514
1,14.98,4.91995063237846,2.14040279388428
1,14.99,4.92328393226489,2.16484069824219
1,15,4.92661723215133,2.18808650970459
1,15.01,4.92995053203776,2.20596790313721
1,15.02,4.9332838319242,2.22742557525635
1,15.03,4.93661713181064,2.24709510803223
1,15.04,4.93995043169707,2.27093696594238
1,15.05,4.94328373158351,2.29120254516602
1,15.06,4.94661703146994,2.31623649597168
1,15.07,4.94995033135638,2.3341178894043
1,15.08,4.95328363124281,2.35497951507568
1,15.09,4.95661693112925,2.37524509429932
1,15.1,4.95995023101568,2.39431858062744
1,15.11,4.96328353090212,2.41577625274658
1,15.12,4.96661683078855,2.43902206420898
1,15.13,4.96995013067499,2.4569034576416
1,15.14,4.97328343056142,2.47597694396973
1,15.15,4.97661673044786,2.49803066253662
1,15.16,4.97995003033429,2.52008438110352
1,15.17,4.98328333022073,2.54333019256592
1,15.18,4.98661663010716,2.56657600402832
1,15.19,4.9899499299936,2.58684158325195
1,15.2,4.99328322988004,2.61068344116211
1,15.21,4.99661652976647,2.63512134552002
1,15.22,4.99994982965291,2.65955924987793
1,15.23,5.00328312953934,2.68101692199707
1,15.24,5.00661642942578,2.70485877990723
1,15.25,5.00994972931221,2.72691249847412
1,15.26,5.01328302919865,2.74479389190674
1,15.27,5.01661632908508,2.7698278427124
1,15.28,5.01994962897152,2.79664993286133
1,15.29,5.02328292885795,2.81453132629395
1,15.3,5.02661622874439,2.83539295196533
1,15.31,5.02994952863082,2.85685062408447
1,15.32,5.03328282851726,2.88009643554688
1,15.33,5.03661612840369,2.90215015411377
1,15.34,5.03994942829013,2.92003154754639
1,15.35,5.04328272817656,2.93910503387451
1,15.36,5.046616028063,2.95877456665039
1,15.37,5.04994932794943,2.97486782073975
1,15.38,5.05328262783587,2.99334526062012
1,15.39,5.05661592772231,3.00824642181396
1,15.4,5.05994922760874,3.02553176879883
1,15.41,5.06328252749518,3.04281711578369
1,15.42,5.06661582738161,3.05831432342529
1,15.43,5.06994912726805,3.07559967041016
1,15.44,5.07328242715448,3.0982494354248
1,15.45,5.07661572704092,3.11553478240967
1,15.46,5.07994902692735,3.13520431518555
1,15.47,5.08328232681379,3.15725803375244
1,15.48,5.08661562670022,3.17513942718506
1,15.49,5.08994892658666,3.19540500640869
1,15.5,5.09328222647309,3.21388244628906
1,15.51,5.09661552635953,3.22818756103516
1,15.52,5.09994882624596,3.25322151184082
1,15.53,5.1032821261324,3.27467918395996
1,15.54,5.10661542601883,3.29315662384033
1,15.55,5.10994872590527,3.31401824951172
1,15.56,5.1132820257917,3.33249568939209
1,15.57,5.11661532567814,3.35454940795898
1,15.58,5.11994862556458,3.37362289428711
1,15.59,5.12328192545101,3.39686870574951
1,15.6,5.12661522533745,3.41296195983887
1,15.61,5.12994852522388,3.4332275390625
1,15.62,5.13328182511032,3.45349311828613
1,15.63,5.13661512499675,3.47554683685303
1,15.64,5.13994842488319,3.49640846252441
1,15.65,5.14328172476962,3.51369380950928
1,15.66,5.14661502465606,3.53634357452393
1,15.67,5.14994832454249,3.55362892150879
1,15.68,5.15328162442893,3.57508659362793
1,15.69,5.15661492431536,3.59058380126953
1,15.7,5.1599482242018,3.6090612411499
1,15.71,5.16328152408823,3.62932682037354
1,15.72,5.16661482397467,3.64780426025391
1,15.73,5.1699481238611,3.66628170013428
1,15.74,5.17328142374754,3.68475914001465
1,15.75,5.17661472363397,3.70323657989502
1,15.76,5.17994802352041,3.72052192687988
1,15.77,5.18328132340685,3.7384033203125
1,15.78,5.18661462329328,3.75568866729736
1,15.79,5.18994792317972,3.77178192138672
1,15.8,5.19328122306615,3.78906726837158
1,15.81,5.19661452295259,3.80575656890869
1,15.82,5.19994782283902,3.82304191589355
1,15.83,5.20328112272546,3.83496284484863
1,15.84,5.20661442261189,3.85105609893799
1,15.85,5.20994772249833,3.86476516723633
1,15.86,5.21328102238476,3.87907028198242
1,15.87,5.2166143222712,3.89277935028076
1,15.88,5.21994762215763,3.9064884185791
1,15.89,5.22328092204407,3.92377376556396
1,15.9,5.2266142219305,3.93807888031006
1,15.91,5.22994752181694,3.95655632019043
1,15.92,5.23328082170337,3.97026538848877
1,15.93,5.23661412158981,3.98993492126465
1,15.94,5.23994742147625,4.00424003601074
1,15.95,5.24328072136268,4.02450561523438
1,15.96,5.24661402124912,4.04179096221924
1,15.97,5.24994732113555,4.05728816986084
1,15.98,5.25328062102199,4.07874584197998
1,15.99,5.25661392090842,4.09781932830811
1,16,5.25994722079486,4.11808490753174
1,16.01,5.26328052068129,4.13417816162109
1,16.02,5.26661382056773,4.15503978729248
1,16.03,5.26994712045416,4.17113304138184
1,16.04,5.2732804203406,4.1884183883667
1,16.05,5.27661372022703,4.20510768890381
1,16.06,5.27994702011347,4.22060489654541
1,16.07,5.2832803199999,4.24027442932129
1,16.08,5.28661361988634,4.25875186920166
1,16.09,5.28994691977277,4.27424907684326
1,16.1,5.29328021965921,4.29511070251465
1,16.11,5.29661351954564,4.31358814239502
1,16.12,5.29994681943208,4.33146953582764
1,16.13,5.30328011931852,4.34756278991699
1,16.14,5.30661341920495,4.36842441558838
1,16.15,5.30994671909139,4.38809394836426
1,16.16,5.31328001897782,4.40537929534912
1,16.17,5.31661331886426,4.42385673522949
1,16.18,5.31994661875069,4.44531440734863
1,16.19,5.32327991863713,4.46498394012451
1,16.2,5.32661321852356,4.48226928710938
1,16.21,5.32994651841,4.49597835540771
1,16.22,5.33327981829643,4.51803207397461
1,16.23,5.33661311818287,4.53591346740723
1,16.24,5.3399464180693,4.55498695373535
1,16.25,5.34327971795574,4.57227230072021
1,16.26,5.34661301784217,4.5931339263916
1,16.27,5.34994631772861,4.61101531982422
1,16.28,5.35327961761504,4.62710857391357
1,16.29,5.35661291750148,4.64856624603271
1,16.3,5.35994621738791,4.66465950012207
1,16.31,5.36327951727435,4.68790531158447
1,16.32,5.36661281716079,4.70638275146484
1,16.33,5.36994611704722,4.72605228424072
1,16.34,5.37327941693366,4.74393367767334
1,16.35,5.37661271682009,4.76360321044922
1,16.36,5.37994601670653,4.77910041809082
1,16.37,5.38327931659296,4.80115413665771
1,16.38,5.3866126164794,4.81784343719482
1,16.39,5.38994591636583,4.83989715576172
1,16.4,5.39327921625227,4.86195087432861
1,16.41,5.3966125161387,4.8828125
1,16.42,5.39994581602514,4.90307807922363
1,16.43,5.40327911591157,4.92513179779053
1,16.44,5.40661241579801,4.94301319122314
1,16.45,5.40994571568444,4.96506690979004
1,16.46,5.41327901557088,4.98414039611816
1,16.47,5.41661231545731,5.00261783599854
1,16.48,5.41994561534375,5.02169132232666
1,16.49,5.42327891523018,5.04136085510254
1,16.5,5.42661221511662,5.06162643432617
1,16.51,5.42994551500306,5.07533550262451
1,16.52,5.43327881488949,5.09440898895264
1,16.53,5.43661211477593,5.11229038238525
1,16.54,5.43994541466236,5.13017177581787
1,16.55,5.4432787145488,5.15162944793701
1,16.56,5.44661201443523,5.16772270202637
1,16.57,5.44994531432167,5.18679618835449
1,16.58,5.4532786142081,5.20646572113037
1,16.59,5.45661191409454,5.22732734680176
1,16.6,5.45994521398097,5.24520874023438
1,16.61,5.46327851386741,5.26309013366699
1,16.62,5.46661181375384,5.27679920196533
1,16.63,5.46994511364028,5.29587268829346
1,16.64,5.47327841352671,5.31435012817383
1,16.65,5.47661171341315,5.33163547515869
1,16.66,5.47994501329958,5.34951686859131
1,16.67,5.48327831318602,5.36799430847168
1,16.68,5.48661161307246,5.39004802703857
1,16.69,5.48994491295889,5.40494918823242
1,16.7,5.49327821284533,5.42581081390381
1,16.71,5.49661151273176,5.44190406799316
1,16.72,5.4999448126182,5.45799732208252
1,16.73,5.50327811250463,5.47826290130615
1,16.74,5.50661141239107,5.49137592315674
1,16.75,5.5099447122775,5.50687313079834
1,16.76,5.51327801216394,5.51879405975342
1,16.77,5.51661131205037,5.53309917449951
1,16.78,5.51994461193681,5.55038452148438
1,16.79,5.52327791182324,5.56766986846924
1,16.8,5.52661121170968,5.58197498321533
1,16.81,5.52994451159611,5.59747219085693
1,16.82,5.53327781148255,5.60879707336426
1,16.83,5.53661111136898,5.62429428100586
1,16.84,5.53994441125542,5.63979148864746
1,16.85,5.54327771114185,5.6612491607666
1,16.86,5.54661101102829,5.67913055419922
1,16.87,5.54994431091473,5.6988000869751
1,16.88,5.55327761080116,5.71489334106445
1,16.89,5.5566109106876,5.73396682739258
1,16.9,5.55994421057403,5.75065612792969
1,16.91,5.56327751046047,5.77211380004883
1,16.92,5.5666108103469,5.78939914703369
1,16.93,5.56994411023334,5.80847263336182
1,16.94,5.57327741011977,5.82575798034668
1,16.95,5.57661071000621,5.8436393737793
1,16.96,5.57994400989264,5.85973262786865
1,16.97,5.58327730977908,5.87642192840576
1,16.98,5.58661060966551,5.89370727539063
1,16.99,5.58994390955195,5.90682029724121
1,17,5.59327720943838,5.9211254119873
1,17.01,5.59661050932482,5.9354305267334
1,17.02,5.59994380921125,5.94854354858398
1,17.03,5.60327710909769,5.96284866333008
1,17.04,5.60661040898412,5.97715377807617
1,17.05,5.60994370887056,5.99205493927002
1,17.06,5.613277008757,6.00576400756836
1,17.07,5.61661030864343,6.02424144744873
1,17.08,5.61994360852987,6.03854656219482
1,17.09,5.6232769084163,6.05642795562744
1,17.1,5.62661020830274,6.0725212097168
1,17.11,5.62994350818917,6.08563423156738
1,17.12,5.63327680807561,6.10470771789551
1,17.13,5.63661010796204,6.11603260040283
1,17.14,5.63994340784848,6.13510608673096
1,17.15,5.64327670773491,6.1500072479248
1,17.16,5.64661000762135,6.16908073425293
1,17.17,5.64994330750778,6.18338584899902
1,17.18,5.65327660739422,6.20365142822266
1,17.19,5.65660990728065,6.22153282165527
1,17.2,5.65994320716709,6.23583793640137
1,17.21,5.66327650705352,6.25789165496826
1,17.22,5.66660980693996,6.27636909484863
1,17.23,5.66994310682639,6.2936544418335
1,17.24,5.67327640671283,6.31034374237061
1,17.25,5.67660970659927,6.3246488571167
1,17.26,5.6799430064857,6.34253025054932
1,17.27,5.68327630637214,6.35683536529541
1,17.28,5.68660960625857,6.369948387146
1,17.29,5.68994290614501,6.38425350189209
1,17.3,5.69327620603144,6.3931941986084
1,17.31,5.69660950591788,6.40869140625
1,17.32,5.69994280580431,6.42240047454834
1,17.33,5.70327610569075,6.44087791442871
1,17.34,5.70660940557718,6.45160675048828
1,17.35,5.70994270546362,6.45995140075684
1,17.36,5.71327600535005,6.47246837615967
1,17.37,5.71660930523649,6.48319721221924
1,17.38,5.71994260512292,6.49690628051758
1,17.39,5.72327590500936,6.5082311630249
1,17.4,5.72660920489579,6.51895999908447
1,17.41,5.72994250478223,6.53743743896484
1,17.42,5.73327580466867,6.55472278594971
1,17.43,5.7366091045551,6.5690279006958
1,17.44,5.73994240444154,6.58988952636719
1,17.45,5.74327570432797,6.60955905914307
1,17.46,5.74660900421441,6.63042068481445
1,17.47,5.74994230410084,6.64353370666504
1,17.48,5.75327560398728,6.66141510009766
1,17.49,5.75660890387371,6.67929649353027
1,17.5,5.75994220376015,6.70015811920166
1,17.51,5.76327550364658,6.71446323394775
1,17.52,5.76660880353302,6.72996044158936
1,17.53,5.76994210341945,6.74128532409668
1,17.54,5.77327540330589,6.75439834594727
1,17.55,5.77660870319232,6.76572322845459
1,17.56,5.77994200307876,6.78300857543945
1,17.57,5.78327530296519,6.79969787597656
1,17.58,5.78660860285163,6.80983066558838
1,17.59,5.78994190273806,6.82592391967773
1,17.6,5.7932752026245,6.8366527557373
1,17.61,5.79660850251094,6.85632228851318
1,17.62,5.79994180239737,6.86883926391602
1,17.63,5.80327510228381,6.88612461090088
1,17.64,5.80660840217024,6.90042972564697
1,17.65,5.80994170205668,6.92009925842285
1,17.66,5.81327500194311,6.93738460540771
1,17.67,5.81660830182955,6.95645809173584
1,17.68,5.81994160171598,6.97731971740723
1,17.69,5.82327490160242,6.9957971572876
1,17.7,5.82660820148885,7.01725482940674
1,17.71,5.82994150137529,7.03334808349609
1,17.72,5.83327480126172,7.05361366271973
1,17.73,5.83660810114816,7.07149505615234
1,17.74,5.83994140103459,7.08878040313721
1,17.75,5.84327470092103,7.10427761077881
1,17.76,5.84660800080746,7.12335109710693
1,17.77,5.8499413006939,7.13765621185303
1,17.78,5.85327460058033,7.15732574462891
1,17.79,5.85660790046677,7.17222690582275
1,17.8,5.85994120035321,7.18355178833008
1,17.81,5.86327450023964,7.2026252746582
1,17.82,5.86660780012608,7.21573829650879
1,17.83,5.86994110001251,7.22587108612061
1,17.84,5.87327439989895,7.23719596862793
1,17.85,5.87660769978538,7.25388526916504
1,17.86,5.87994099967182,7.26819038391113
1,17.87,5.88327429955825,7.27832317352295
1,17.88,5.88660759944469,7.2932243347168
1,17.89,5.88994089933112,7.3087215423584
1,17.9,5.89327419921756,7.31825828552246
1,17.91,5.89660749910399,7.33494758605957
1,17.92,5.89994079899043,7.34686851501465
1,17.93,5.90327409887686,7.362961769104
1,17.94,5.9066073987633,7.3772668838501
1,17.95,5.90994069864973,7.38978385925293
1,17.96,5.91327399853617,7.40349292755127
1,17.97,5.9166072984226,7.41899013519287
1,17.98,5.91994059830904,7.4303150177002
1,17.99,5.92327389819548,7.44760036468506
1,18,5.92660719808191,7.46190547943115
1,18.01,5.92994049796835,7.47501850128174
1,18.02,5.93327379785478,7.49349594116211
1,18.03,5.93660709774122,7.51197338104248
1,18.04,5.93994039762765,7.52806663513184
1,18.05,5.94327369751409,7.54475593566895
1,18.06,5.94660699740052,7.56144523620605
1,18.07,5.94994029728696,7.58111476898193
1,18.08,5.95327359717339,7.59482383728027
1,18.09,5.95660689705983,7.61449337005615
1,18.1,5.95994019694626,7.63237476348877
1,18.11,5.9632734968327,7.65442848205566
1,18.12,5.96660679671913,7.66515731811523
1,18.13,5.96994009660557,7.67946243286133
1,18.14,5.973273396492,7.69376754760742
1,18.15,5.97660669637844,7.70628452301025
1,18.16,5.97993999626487,7.7211856842041
1,18.17,5.98327329615131,7.73310661315918
1,18.18,5.98660659603775,7.74800777435303
1,18.19,5.98993989592418,7.76350498199463
1,18.2,5.99327319581062,7.77781009674072
1,18.21,5.99660649569705,7.78794288635254
1,18.22,5.99993979558349,7.80165195465088
1,18.23,6.00327309546992,7.81536102294922
1,18.24,6.00660639535636,7.82549381256104
1,18.25,6.00993969524279,7.83860683441162
1,18.26,6.01327299512923,7.85589218139648
1,18.27,6.01660629501566,7.86960124969482
1,18.28,6.0199395949021,7.88509845733643
1,18.29,6.02327289478853,7.90119171142578
1,18.3,6.02660619467497,7.91370868682861
1,18.31,6.0299394945614,7.92384147644043
1,18.32,6.03327279444784,7.93635845184326
1,18.33,6.03660609433427,7.95602798461914
1,18.34,6.03993939422071,7.97271728515625
1,18.35,6.04327269410715,7.9876184463501
1,18.36,6.04660599399358,8.00669193267822
1,18.37,6.04993929388002,8.02338123321533
1,18.38,6.05327259376645,8.0406665802002
1,18.39,6.05660589365289,8.05795192718506
1,18.4,6.05993919353932,8.07106494903564
1,18.41,6.06327249342576,8.09550285339355
1,18.42,6.06660579331219,8.11159610748291
1,18.43,6.06993909319863,8.13007354736328
1,18.44,6.07327239308506,8.14318656921387
1,18.45,6.0766056929715,8.15749168395996
1,18.46,6.07993899285793,8.17358493804932
1,18.47,6.08327229274437,8.18431377410889
1,18.48,6.0866055926308,8.19742679595947
1,18.49,6.08993889251724,8.20934772491455
1,18.5,6.09327219240367,8.22484493255615
1,18.51,6.09660549229011,8.23855400085449
1,18.52,6.09993879217654,8.24928283691406
1,18.53,6.10327209206298,8.2629919052124
1,18.54,6.10660539194942,8.27252864837646
1,18.55,6.10993869183585,8.2862377166748
1,18.56,6.11327199172229,8.29637050628662
1,18.57,6.11660529160872,8.31007957458496
1,18.58,6.11993859149516,8.32498073577881
1,18.59,6.12327189138159,8.33630561828613
1,18.6,6.12660519126803,8.34941864013672
1,18.61,6.12993849115446,8.35537910461426
1,18.62,6.1332717910409,8.36849212646484
1,18.63,6.13660509092733,8.37743282318115
1,18.64,6.13993839081377,8.39054584503174
1,18.65,6.1432716907002,8.40306282043457
1,18.66,6.14660499058664,8.41259956359863
1,18.67,6.14993829047307,8.41796398162842
1,18.68,6.15327159035951,8.42750072479248
1,18.69,6.15660489024594,8.4376335144043
1,18.7,6.15993819013238,8.44895839691162
1,18.71,6.16327149001881,8.46028327941895
1,18.72,6.16660478990525,8.47518444061279
1,18.73,6.16993808979169,8.48948955535889
1,18.74,6.17327138967812,8.506178855896
1,18.75,6.17660468956456,8.51750373840332
1,18.76,6.17993798945099,8.53598117828369
1,18.77,6.18327128933743,8.55326652526855
1,18.78,6.18660458922386,8.57353210449219
1,18.79,6.1899378891103,8.59081745147705
1,18.8,6.19327118899673,8.61048698425293
1,18.81,6.19660448888317,8.62777233123779
1,18.82,6.1999377887696,8.64565372467041
1,18.83,6.20327108865604,8.66711139678955
1,18.84,6.20660438854247,8.68678092956543
1,18.85,6.20993768842891,8.70406627655029
1,18.86,6.21327098831534,8.72492790222168
1,18.87,6.21660428820178,8.73923301696777
1,18.88,6.21993758808821,8.75473022460938
1,18.89,6.22327088797465,8.77141952514648
1,18.9,6.22660418786108,8.78512859344482
1,18.91,6.22993748774752,8.79943370819092
1,18.92,6.23327078763396,8.80897045135498
1,18.93,6.23660408752039,8.82148742675781
1,18.94,6.23993738740683,8.83519649505615
1,18.95,6.24327068729326,8.85248184204102
1,18.96,6.2466039871797,8.86619091033936
1,18.97,6.24993728706613,8.87751579284668
1,18.98,6.25327058695257,8.89182090759277
1,18.99,6.256603886839,8.90552997589111
1,19,6.25993718672544,8.92519950866699
1,19.01,6.26327048661187,8.94129276275635
1,19.02,6.26660378649831,8.9573860168457
1,19.03,6.26993708638474,8.97705554962158
1,19.04,6.27327038627118,8.99016857147217
1,19.05,6.27660368615761,9.00685787200928
1,19.06,6.27993698604405,9.02533531188965
1,19.07,6.28327028593048,9.04381275177002
1,19.08,6.28660358581692,9.06527042388916
1,19.09,6.28993688570336,9.08017158508301
1,19.1,6.29327018558979,9.09507274627686
1,19.11,6.29660348547623,9.11235809326172
1,19.12,6.29993678536266,9.12725925445557
1,19.13,6.3032700852491,9.14394855499268
1,19.14,6.30660338513553,9.15765762329102
1,19.15,6.30993668502197,9.17255878448486
1,19.16,6.3132699849084,9.1862678527832
1,19.17,6.31660328479484,9.20116901397705
1,19.18,6.31993658468127,9.21666622161865
1,19.19,6.32326988456771,9.23395156860352
1,19.2,6.32660318445414,9.2470645904541
1,19.21,6.32993648434058,9.26494598388672
1,19.22,6.33326978422701,9.27627086639404
1,19.23,6.33660308411345,9.29057598114014
1,19.24,6.33993638399989,9.30607318878174
1,19.25,6.34326968388632,9.31799411773682
1,19.26,6.34660298377275,9.33408737182617
1,19.27,6.34993628365919,9.35137271881104
1,19.28,6.35326958354563,9.36269760131836
1,19.29,6.35660288343206,9.37521457672119
1,19.3,6.3599361833185,9.39130783081055
1,19.31,6.36326948320493,9.40561294555664
1,19.32,6.36660278309137,9.41932201385498
1,19.33,6.3699360829778,9.43005084991455
1,19.34,6.37326938286424,9.44197177886963
1,19.35,6.37660268275067,9.45746898651123
1,19.36,6.37993598263711,9.47237014770508
1,19.37,6.38326928252354,9.48309898376465
1,19.38,6.38660258240998,9.49740409851074
1,19.39,6.38993588229641,9.51051712036133
1,19.4,6.39326918218285,9.52482223510742
1,19.41,6.39660248206928,9.53853130340576
1,19.42,6.39993578195572,9.5522403717041
1,19.43,6.40326908184215,9.57190990447998
1,19.44,6.40660238172859,9.58502292633057
1,19.45,6.40993568161502,9.60052013397217
1,19.46,6.41326898150146,9.61542129516602
1,19.47,6.4166022813879,9.62913036346436
1,19.48,6.41993558127433,9.64343547821045
1,19.49,6.42326888116077,9.65893268585205
1,19.5,6.4266021810472,9.67621803283691
1,19.51,6.42993548093364,9.6893310546875
1,19.52,6.43326878082007,9.70840454101563
1,19.53,6.43660208070651,9.72330570220947
1,19.54,6.43993538059294,9.74416732788086
1,19.55,6.44326868047938,9.75728034973145
1,19.56,6.44660198036581,9.77456569671631
1,19.57,6.44993528025225,9.78648662567139
1,19.58,6.45326858013868,9.80079174041748
1,19.59,6.45660188002512,9.81748104095459
1,19.6,6.45993517991155,9.83357429504395
1,19.61,6.46326847979799,9.8496675491333
1,19.62,6.46660177968442,9.86397266387939
1,19.63,6.46993507957086,9.87589359283447
1,19.64,6.47326837945729,9.89615917205811
1,19.65,6.47660167934373,9.91106033325195
1,19.66,6.47993497923017,9.93251800537109
1,19.67,6.4832682791166,9.9480152130127
1,19.68,6.48660157900304,9.96708869934082
1,19.69,6.48993487888947,9.98795032501221
1,19.7,6.49326817877591,10.0058317184448
1,19.71,6.49660147866234,10.0237131118774
1,19.72,6.49993477854878,10.0469589233398
1,19.73,6.50326807843521,10.066032409668
1,19.74,6.50660137832165,10.0827217102051
1,19.75,6.50993467820808,10.1011991500854
1,19.76,6.51326797809452,10.1161003112793
1,19.77,6.51660127798095,10.1339817047119
1,19.78,6.51993457786739,10.1524591445923
1,19.79,6.52326787775382,10.1733207702637
1,19.8,6.52660117764026,10.1906061172485
1,19.81,6.52993447752669,10.2096796035767
1,19.82,6.53326777741313,10.2251768112183
1,19.83,6.53660107729957,10.2430582046509
1,19.84,6.539934377186,10.2579593658447
1,19.85,6.54326767707244,10.2734565734863
1,19.86,6.54660097695887,10.2859735488892
1,19.87,6.54993427684531,10.298490524292
1,19.88,6.55326757673174,10.3145837783813
1,19.89,6.55660087661818,10.3229284286499
1,19.9,6.55993417650461,10.3431940078735
1,19.91,6.56326747639105,10.3527307510376
1,19.92,6.56660077627748,10.3664398193359
1,19.93,6.56993407616392,10.3777647018433
1,19.94,6.57326737605035,10.3908777236938
1,19.95,6.57660067593679,10.3998184204102
1,19.96,6.57993397582322,10.412335395813
1,19.97,6.58326727570966,10.417103767395
1,19.98,6.5866005755961,10.4314088821411
1,19.99,6.58993387548253,10.4320049285889
1,20,6.59326717536896,10.4457139968872
1,20.01,6.5966004752554,10.4528665542603
1,20.02,6.59993377514184,10.4665756225586
1,20.03,6.60326707502827,10.4790925979614
1,20.04,6.60660037491471,10.4880332946777
1,20.05,6.60993367480114,10.5023384094238
1,20.06,6.61326697468758,10.5130672454834
1,20.07,6.61660027457401,10.5226039886475
1,20.08,6.61993357446045,10.5297565460205
1,20.09,6.62326687434688,10.5386972427368
1,20.1,6.62660017423332,10.5512142181396
1,20.11,6.62993347411975,10.5589628219604
1,20.12,6.63326677400619,10.5661153793335
1,20.13,6.63660007389262,10.5768442153931
1,20.14,6.63993337377906,10.5869770050049
1,20.15,6.64326667366549,10.5977058410645
1,20.16,6.64659997355193,10.6072425842285
1,20.17,6.64993327343836,10.6161832809448
1,20.18,6.6532665733248,10.6275081634521
1,20.19,6.65659987321123,10.6364488601685
1,20.2,6.65993317309767,10.6477737426758
1,20.21,6.66326647298411,10.6626749038696
1,20.22,6.66659977287054,10.6704235076904
1,20.23,6.66993307275698,10.683536529541
1,20.24,6.67326637264341,10.6948614120483
1,20.25,6.67659967252985,10.7067823410034
1,20.26,6.67993297241628,10.7216835021973
1,20.27,6.68326627230272,10.7383728027344
1,20.28,6.68659957218915,10.756254196167
1,20.29,6.68993287207559,10.7687711715698
1,20.3,6.69326617196202,10.7848644256592
1,20.31,6.69659947184846,10.8039379119873
1,20.32,6.69993277173489,10.8224153518677
1,20.33,6.70326607162133,10.8397006988525
1,20.34,6.70659937150776,10.8546018600464
1,20.35,6.7099326713942,10.8754634857178
1,20.36,6.71326597128063,10.8927488327026
1,20.37,6.71659927116707,10.9100341796875
1,20.38,6.7199325710535,10.9297037124634
1,20.39,6.72326587093994,10.9434127807617
1,20.4,6.72659917082638,10.9601020812988
1,20.41,6.72993247071281,10.9755992889404
1,20.42,6.73326577059925,10.9916925430298
1,20.43,6.73659907048568,11.0059976577759
1,20.44,6.73993237037212,11.020302772522
1,20.45,6.74326567025855,11.0340118408203
1,20.46,6.74659897014499,11.0447406768799
1,20.47,6.74993227003142,11.0512971878052
1,20.48,6.75326556991786,11.061429977417
1,20.49,6.75659886980429,11.0757350921631
1,20.5,6.75993216969073,11.0846757888794
1,20.51,6.76326546957716,11.100172996521
1,20.52,6.7665987694636,11.1114978790283
1,20.53,6.76993206935003,11.1258029937744
1,20.54,6.77326536923647,11.138916015625
1,20.55,6.7765986691229,11.1532211303711
1,20.56,6.77993196900934,11.1651420593262
1,20.57,6.78326526889578,11.1818313598633
1,20.58,6.78659856878221,11.1955404281616
1,20.59,6.78993186866865,11.211633682251
1,20.6,6.79326516855508,11.2283229827881
1,20.61,6.79659846844152,11.2456083297729
1,20.62,6.79993176832795,11.2617015838623
1,20.63,6.80326506821439,11.2783908843994
1,20.64,6.80659836810082,11.2950801849365
1,20.65,6.80993166798726,11.3123655319214
1,20.66,6.81326496787369,11.3284587860107
1,20.67,6.81659826776013,11.3457441329956
1,20.68,6.81993156764656,11.361837387085
1,20.69,6.823264867533,11.3791227340698
1,20.7,6.82659816741943,11.3970041275024
1,20.71,6.82993146730587,11.4107131958008
1,20.72,6.83326476719231,11.4250183105469
1,20.73,6.83659806707874,11.4458799362183
1,20.74,6.83993136696517,11.4595890045166
1,20.75,6.84326466685161,11.4738941192627
1,20.76,6.84659796673805,11.4899873733521
1,20.77,6.84993126662448,11.5036964416504
1,20.78,6.85326456651092,11.5180015563965
1,20.79,6.85659786639735,11.5334987640381
1,20.8,6.85993116628379,11.5460157394409
1,20.81,6.86326446617022,11.5609169006348
1,20.82,6.86659776605666,11.5770101547241
1,20.83,6.86993106594309,11.5889310836792
1,20.84,6.87326436582953,11.599063873291
1,20.85,6.87659766571596,11.6103887557983
1,20.86,6.8799309656024,11.6252899169922
1,20.87,6.88326426548883,11.635422706604
1,20.88,6.88659756537527,11.6485357284546
1,20.89,6.8899308652617,11.6562843322754
1,20.9,6.89326416514814,11.6640329360962
1,20.91,6.89659746503457,11.6771459579468
1,20.92,6.89993076492101,11.6902589797974
1,20.93,6.90326406480744,11.7021799087524
1,20.94,6.90659736469388,11.7141008377075
1,20.95,6.90993066458032,11.7242336273193
1,20.96,6.91326396446675,11.7367506027222
1,20.97,6.91659726435319,11.746883392334
1,20.98,6.91993056423962,11.7617845535278
1,20.99,6.92326386412606,11.7695331573486
1,21,6.92659716401249,11.7838382720947
1,21.01,6.92993046389893,11.7963552474976
1,21.02,6.93326376378536,11.8076801300049
1,21.03,6.9365970636718,11.8201971054077
1,21.04,6.93993036355823,11.8333101272583
1,21.05,6.94326366344467,11.8446350097656
1,21.06,6.9465969633311,11.860728263855
1,21.07,6.94993026321754,11.8690729141235
1,21.08,6.95326356310397,11.8833780288696
1,21.09,6.95659686299041,11.894702911377
1,21.1,6.95993016287684,11.9078159332275
1,21.11,6.96326346276328,11.9191408157349
1,21.12,6.96659676264971,11.9298696517944
1,21.13,6.96993006253615,11.9388103485107
1,21.14,6.97326336242259,11.9477510452271
1,21.15,6.97659666230902,11.9584798812866
1,21.16,6.97992996219546,11.9674205780029
1,21.17,6.98326326208189,11.9775533676147
1,21.18,6.98659656196833,11.9864940643311
1,21.19,6.98992986185476,11.9924545288086
1,21.2,6.9932631617412,12.0031833648682
1,21.21,6.99659646162763,12.0115280151367
1,21.22,6.99992976151407,12.022852897644
1,21.23,7.0032630614005,12.0329856872559
1,21.24,7.00659636128694,12.0443105697632
1,21.25,7.00992966117337,12.059211730957
1,21.26,7.01326296105981,12.0693445205688
1,21.27,7.01659626094624,12.086033821106
1,21.28,7.01992956083268,12.1021270751953
1,21.29,7.02326286071911,12.1170282363892
1,21.3,7.02659616060555,12.1337175369263
1,21.31,7.02992946049199,12.1468305587769
1,21.32,7.03326276037842,12.1647119522095
1,21.33,7.03659606026486,12.1772289276123
1,21.34,7.03992936015129,12.1921300888062
1,21.35,7.04326266003773,12.211799621582
1,21.36,7.04659595992416,12.2249126434326
1,21.37,7.0499292598106,12.2463703155518
1,21.38,7.05326255969703,12.2624635696411
1,21.39,7.05659585958347,12.2803449630737
1,21.4,7.0599291594699,12.2988224029541
1,21.41,7.06326245935634,12.3125314712524
1,21.42,7.06659575924277,12.3298168182373
1,21.43,7.06992905912921,12.3363733291626
1,21.44,7.07326235901564,12.3476982116699
1,21.45,7.07659565890208,12.3602151870728
1,21.46,7.07992895878852,12.3715400695801
1,21.47,7.08326225867495,12.3846530914307
1,21.48,7.08659555856138,12.3953819274902
1,21.49,7.08992885844782,12.4078989028931
1,21.5,7.09326215833426,12.4222040176392
1,21.51,7.09659545822069,12.4341249465942
1,21.52,7.09992875810713,12.4484300613403
1,21.53,7.10326205799356,12.4633312225342
1,21.54,7.10659535788,12.475848197937
1,21.55,7.10992865776643,12.4925374984741
1,21.56,7.11326195765287,12.5092267990112
1,21.57,7.1165952575393,12.5229358673096
1,21.58,7.11992855742574,12.5372409820557
1,21.59,7.12326185731217,12.550950050354
1,21.6,7.12659515719861,12.5640630722046
1,21.61,7.12992845708504,12.5759840011597
1,21.62,7.13326175697148,12.592077255249
1,21.63,7.13659505685791,12.6039981842041
1,21.64,7.13992835674435,12.6218795776367
1,21.65,7.14326165663078,12.6379728317261
1,21.66,7.14659495651722,12.6522779464722
1,21.67,7.14992825640365,12.664794921875
1,21.68,7.15326155629009,12.6802921295166
1,21.69,7.15659485617653,12.698769569397
1,21.7,7.15992815606296,12.7124786376953
1,21.71,7.1632614559494,12.7297639846802
1,21.72,7.16659475583583,12.7440690994263
1,21.73,7.16992805572227,12.7559900283813
1,21.74,7.1732613556087,12.7714872360229
1,21.75,7.17659465549514,12.7893686294556
1,21.76,7.17992795538157,12.8054618835449
1,21.77,7.18326125526801,12.822151184082
1,21.78,7.18659455515444,12.8364562988281
1,21.79,7.18992785504088,12.8495693206787
1,21.8,7.19326115492731,12.860894203186
1,21.81,7.19659445481375,12.8763914108276
1,21.82,7.19992775470018,12.8865242004395
1,21.83,7.20326105458662,12.9044055938721
1,21.84,7.20659435447305,12.9133462905884
1,21.85,7.20992765435949,12.9300355911255
1,21.86,7.21326095424593,12.9413604736328
1,21.87,7.21659425413236,12.9538774490356
1,21.88,7.2199275540188,12.9687786102295
1,21.89,7.22326085390523,12.9872560501099
1,21.9,7.22659415379167,12.9979848861694
1,21.91,7.2299274536781,13.0122900009155
1,21.92,7.23326075356454,13.0277872085571
1,21.93,7.23659405345097,13.0420923233032
1,21.94,7.23992735333741,13.0581855773926
1,21.95,7.24326065322384,13.0766630172729
1,21.96,7.24659395311028,13.0903720855713
1,21.97,7.24992725299671,13.1070613861084
1,21.98,7.25326055288315,13.1237506866455
1,21.99,7.25659385276958,13.1434202194214
1,22,7.25992715265602,13.161301612854
1,22.01,7.26326045254245,13.1803750991821
1,22.02,7.26659375242889,13.1994485855103
1,22.03,7.26992705231532,13.2203102111816
1,22.04,7.27326035220176,13.236403465271
1,22.05,7.2765936520882,13.2519006729126
1,22.06,7.27992695197463,13.2721662521362
1,22.07,7.28326025186107,13.2912397384644
1,22.08,7.2865935517475,13.3097171783447
1,22.09,7.28992685163394,13.3281946182251
1,22.1,7.29326015152037,13.3383274078369
1,22.11,7.29659345140681,13.3591890335083
1,22.12,7.29992675129324,13.3705139160156
1,22.13,7.30326005117968,13.3818387985229
1,22.14,7.30659335106611,13.3919715881348
1,22.15,7.30992665095255,13.4044885635376
1,22.16,7.31325995083898,13.4152173995972
1,22.17,7.31659325072542,13.425350189209
1,22.18,7.31992655061185,13.4354829788208
1,22.19,7.32325985049829,13.4485960006714
1,22.2,7.32659315038473,13.466477394104
1,22.21,7.32992645027116,13.4778022766113
1,22.22,7.33325975015759,13.4950876235962
1,22.23,7.33659305004403,13.5135650634766
1,22.24,7.33992634993047,13.5290622711182
1,22.25,7.3432596498169,13.5451555252075
1,22.26,7.34659294970334,13.5618448257446
1,22.27,7.34992624958977,13.575553894043
1,22.28,7.35325954947621,13.5934352874756
1,22.29,7.35659284936264,13.6071443557739
1,22.3,7.35992614924908,13.6226415634155
1,22.31,7.36325944913551,13.6363506317139
1,22.32,7.36659274902195,13.6536359786987
1,22.33,7.36992604890838,13.6691331863403
1,22.34,7.37325934879482,13.6846303939819
1,22.35,7.37659264868125,13.6971473693848
1,22.36,7.37992594856769,13.7114524841309
1,22.37,7.38325924845412,13.7263536453247
1,22.38,7.38659254834056,13.740062713623
1,22.39,7.389925848227,13.7490034103394
1,22.4,7.39325914811343,13.7633085250854
1,22.41,7.39659244799986,13.7734413146973
1,22.42,7.3999257478863,13.7907266616821
1,22.43,7.40325904777274,13.7984752655029
1,22.44,7.40659234765917,13.8115882873535
1,22.45,7.40992564754561,13.8205289840698
1,22.46,7.41325894743204,13.8390064239502
1,22.47,7.41659224731848,13.853907585144
1,22.48,7.41992554720491,13.8700008392334
1,22.49,7.42325884709135,13.8866901397705
1,22.5,7.42659214697778,13.9051675796509
1,22.51,7.42992544686422,13.9200687408447
1,22.52,7.43325874675065,13.9379501342773
1,22.53,7.43659204663709,13.9570236206055
1,22.54,7.43992534652352,13.9802694320679
1,22.55,7.44325864640996,13.999342918396
1,22.56,7.44659194629639,14.0219926834106
1,22.57,7.44992524618283,14.0416622161865
1,22.58,7.45325854606926,14.0678882598877
1,22.59,7.4565918459557,14.0929222106934
1,22.6,7.45992514584214,14.1143798828125
1,22.61,7.46325844572857,14.1382217407227
1,22.62,7.46659174561501,14.1572952270508
1,22.63,7.46992504550144,14.1847133636475
1,22.64,7.47325834538788,14.2031908035278
1,22.65,7.47659164527431,14.2210721969604
1,22.66,7.47992494516075,14.2359733581543
1,22.67,7.48325824504718,14.2550468444824
1,22.68,7.48659154493362,14.270544052124
1,22.69,7.48992484482005,14.2812728881836
1,22.7,7.49325814470649,14.2985582351685
1,22.71,7.49659144459292,14.3080949783325
1,22.72,7.49992474447936,14.3241882324219
1,22.73,7.50325804436579,14.3307447433472
1,22.74,7.50659134425223,14.3462419509888
1,22.75,7.50992464413866,14.3533945083618
1,22.76,7.5132579440251,14.3647193908691
1,22.77,7.51659124391153,14.3718719482422
1,22.78,7.51992454379797,14.3831968307495
1,22.79,7.52325784368441,14.3891572952271
1,22.8,7.52659114357084,14.3957138061523
1,22.81,7.52992444345728,14.4052505493164
1,22.82,7.53325774334371,14.4124031066895
1,22.83,7.53659104323015,14.4237279891968
1,22.84,7.53992434311658,14.4308805465698
1,22.85,7.54325764300302,14.4428014755249
1,22.86,7.54659094288945,14.452338218689
1,22.87,7.54992424277589,14.4672393798828
1,22.88,7.55325754266232,14.4797563552856
1,22.89,7.55659084254876,14.4916772842407
1,22.9,7.55992414243519,14.4994258880615
1,22.91,7.56325744232163,14.5155191421509
1,22.92,7.56659074220806,14.5250558853149
1,22.93,7.5699240420945,14.5357847213745
1,22.94,7.57325734198094,14.5459175109863
1,22.95,7.57659064186737,14.5518779754639
1,22.96,7.5799239417538,14.5637989044189
1,22.97,7.58325724164024,14.570951461792
1,22.98,7.58659054152668,14.5828723907471
1,22.99,7.58992384141311,14.5900249481201
1,23,7.59325714129955,14.6019458770752
1,23.01,7.59659044118598,14.6102905273438
1,23.02,7.59992374107242,14.6210193634033
1,23.03,7.60325704095885,14.6299600601196
1,23.04,7.60659034084529,14.6394968032837
1,23.05,7.60992364073172,14.653205871582
1,23.06,7.61325694061816,14.6627426147461
1,23.07,7.61659024050459,14.6782398223877
1,23.08,7.61992354039103,14.6889686584473
1,23.09,7.62325684027746,14.6985054016113
1,23.1,7.6265901401639,14.718770980835
1,23.11,7.62992344005033,14.7199630737305
1,23.12,7.63325673993677,14.7390365600586
1,23.13,7.63659003982321,14.7473812103271
1,23.14,7.63992333970964,14.7604942321777
1,23.15,7.64325663959607,14.7688388824463
1,23.16,7.64658993948251,14.7795677185059
1,23.17,7.64992323936895,14.7855281829834
1,23.18,7.65325653925538,14.801025390625
1,23.19,7.65658983914182,14.8022174835205
1,23.2,7.65992313902825,14.8212909698486
1,23.21,7.66325643891469,14.8284435272217
1,23.22,7.66658973880112,14.8510932922363
1,23.23,7.66992303868756,14.8594379425049
1,23.24,7.67325633857399,14.8677825927734
1,23.25,7.67658963846043,14.8773193359375
1,23.26,7.67992293834686,14.8987770080566
1,23.27,7.6832562382333,14.9095058441162
1,23.28,7.68658953811973,14.9226188659668
1,23.29,7.68992283800617,14.9369239807129
1,23.3,7.6932561378926,14.9571895599365
1,23.31,7.69658943777904,14.9667263031006
1,23.32,7.69992273766547,14.9869918823242
1,23.33,7.70325603755191,15.0072574615479
1,23.34,7.70658933743835,15.023946762085
1,23.35,7.70992263732478,15.0430202484131
1,23.36,7.71325593721122,15.0668621063232
1,23.37,7.71658923709765,15.0895118713379
1,23.38,7.71992253698409,15.1121616363525
1,23.39,7.72325583687052,15.1360034942627
1,23.4,7.72658913675696,15.1610374450684
1,23.41,7.72992243664339,15.1777267456055
1,23.42,7.73325573652983,15.1956081390381
1,23.43,7.73658903641626,15.2146816253662
1,23.44,7.7399223363027,15.2397155761719
1,23.45,7.74325563618913,15.2552127838135
1,23.46,7.74658893607557,15.2754783630371
1,23.47,7.749922235962,15.2921676635742
1,23.48,7.75325553584844,15.3112411499023
1,23.49,7.75658883573487,15.336275100708
1,23.5,7.75992213562131,15.3529644012451
1,23.51,7.76325543550774,15.3648853302002
1,23.52,7.76658873539418,15.3863430023193
1,23.53,7.76992203528062,15.4030323028564
1,23.54,7.77325533516705,15.413761138916
1,23.55,7.77658863505349,15.4316425323486
1,23.56,7.77992193493992,15.4531002044678
1,23.57,7.78325523482636,15.4733657836914
1,23.58,7.78658853471279,15.493631362915
1,23.59,7.78992183459923,15.5127048492432
1,23.6,7.79325513448566,15.5329704284668
1,23.61,7.7965884343721,15.5532360076904
1,23.62,7.79992173425853,15.5782699584961
1,23.63,7.80325503414497,15.5925750732422
1,23.64,7.8065883340314,15.6176090240479
1,23.65,7.80992163391784,15.6307220458984
1,23.66,7.81325493380427,15.6497955322266
1,23.67,7.81658823369071,15.6652927398682
1,23.68,7.81992153357715,15.6879425048828
1,23.69,7.82325483346358,15.709400177002
1,23.7,7.82658813335002,15.7225131988525
1,23.71,7.82992143323645,15.7368183135986
1,23.72,7.83325473312289,15.7487392425537
1,23.73,7.83658803300932,15.7654285430908
1,23.74,7.83992133289576,15.7773494720459
1,23.75,7.84325463278219,15.7976150512695
1,23.76,7.84658793266863,15.8119201660156
1,23.77,7.84992123255506,15.8154964447021
1,23.78,7.8532545324415,15.8417224884033
1,23.79,7.85658783232793,15.8512592315674
1,23.8,7.85992113221437,15.8655643463135
1,23.81,7.8632544321008,15.8774852752686
1,23.82,7.86658773198724,15.8977508544922
1,23.83,7.86992103187367,15.9096717834473
1,23.84,7.87325433176011,15.9299373626709
1,23.85,7.87658763164654,15.9454345703125
1,23.86,7.87992093153298,15.9633159637451
1,23.87,7.88325423141941,15.9776210784912
1,23.88,7.88658753130585,15.9871578216553
1,23.89,7.88992083119228,16.0074234008789
1,23.9,7.89325413107872,16.0133838653564
1,23.91,7.89658743096516,16.0324573516846
1,23.92,7.89992073085159,16.0408020019531
1,23.93,7.90325403073803,16.0610675811768
1,23.94,7.90658733062446,16.0717964172363
1,23.95,7.9099206305109,16.0801410675049
1,23.96,7.91325393039733,16.096830368042
1,23.97,7.91658723028377,16.1099433898926
1,23.98,7.9199205301702,16.1266326904297
1,23.99,7.92325383005664,16.1457061767578
1,24,7.92658712994307,16.1516666412354
1,24.01,7.92992042982951,16.1683559417725
1,24.02,7.93325372971594,16.179084777832
1,24.03,7.93658702960238,16.1862373352051
1,24.04,7.93992032948881,16.2029266357422
1,24.05,7.94325362937525,16.2148475646973
1,24.06,7.94658692926169,16.2220001220703
1,24.07,7.94992022914812,16.2351131439209
1,24.08,7.95325352903456,16.249418258667
1,24.09,7.95658682892099,16.251802444458
1,24.1,7.95992012880743,16.2661075592041
1,24.11,7.96325342869386,16.2768363952637
1,24.12,7.9665867285803,16.2947177886963
1,24.13,7.96992002846673,16.3006782531738
1,24.14,7.97325332835317,16.3209438323975
1,24.15,7.9765866282396,16.3364410400391
1,24.16,7.97991992812604,16.3626670837402
1,24.17,7.98325322801247,16.3793563842773
1,24.18,7.98658652789891,16.3948535919189
1,24.19,7.98991982778534,16.4139270782471
1,24.2,7.99325312767178,16.4318084716797
1,24.21,7.99658642755821,16.4496898651123
1,24.22,7.99991972744465,16.4651870727539
1,24.23,8.00325302733108,16.4735317230225
1,24.24,8.00658632721752,16.4902210235596
1,24.25,8.00991962710395,16.5009498596191
1,24.26,8.01325292699039,16.5128707885742
1,24.27,8.01658622687683,16.5247917175293
1,24.28,8.01991952676326,16.5343284606934
1,24.29,8.0232528266497,16.5450572967529
1,24.3,8.02658612653613,16.5557861328125
1,24.31,8.02991942642257,16.5641307830811
1,24.32,8.033252726309,16.5700912475586
1,24.33,8.03658602619544,16.5772438049316
1,24.34,8.03991932608187,16.5903568267822
1,24.35,8.04325262596831,16.5951251983643
1,24.36,8.04658592585474,16.6153907775879
1,24.37,8.04991922574118,16.6237354278564
1,24.38,8.05325252562761,16.6428089141846
1,24.39,8.05658582551405,16.6571140289307
1,24.4,8.05991912540048,16.6749954223633
1,24.41,8.06325242528692,16.6976451873779
1,24.42,8.06658572517335,16.7179107666016
1,24.43,8.06991902505979,16.7369842529297
1,24.44,8.07325232494623,16.7560577392578
1,24.45,8.07658562483266,16.7810916900635
1,24.46,8.0799189247191,16.791820526123
1,24.47,8.08325222460553,16.8180465698242
1,24.48,8.08658552449197,16.8359279632568
1,24.49,8.0899188243784,16.8526172637939
1,24.5,8.09325212426484,16.86692237854
1,24.51,8.09658542415127,16.8883800506592
1,24.52,8.09991872403771,16.9003009796143
1,24.53,8.10325202392414,16.9193744659424
1,24.54,8.10658532381058,16.939640045166
1,24.55,8.10991862369701,16.9491767883301
1,24.56,8.11325192358345,16.9658660888672
1,24.57,8.11658522346988,16.9718265533447
1,24.58,8.11991852335632,16.9885158538818
1,24.59,8.12325182324276,16.9992446899414
1,24.6,8.12658512312919,17.0052051544189
1,24.61,8.12991842301562,17.019510269165
1,24.62,8.13325172290206,17.0254707336426
1,24.63,8.13658502278849,17.0338153839111
1,24.64,8.13991832267493,17.0481204986572
1,24.65,8.14325162256137,17.0433521270752
1,24.66,8.1465849224478,17.0600414276123
1,24.67,8.14991822233424,17.0695781707764
1,24.68,8.15325152222067,17.0803070068359
1,24.69,8.15658482210711,17.082691192627
1,24.7,8.15991812199354,17.1053409576416
1,24.71,8.16325142187998,17.1124935150146
1,24.72,8.16658472176641,17.1315670013428
1,24.73,8.16991802165285,17.1399116516113
1,24.74,8.17325132153928,17.1577930450439
1,24.75,8.17658462142572,17.167329788208
1,24.76,8.17991792131215,17.1935558319092
1,24.77,8.18325122119859,17.2042846679688
1,24.78,8.18658452108502,17.2269344329834
1,24.79,8.18991782097146,17.2483921051025
1,24.8,8.19325112085789,17.2662734985352
1,24.81,8.19658442074433,17.2901153564453
1,24.82,8.19991772063077,17.3044204711914
1,24.83,8.2032510205172,17.3211097717285
1,24.84,8.20658432040364,17.3389911651611
1,24.85,8.20991762029007,17.3640251159668
1,24.86,8.21325092017651,17.3759460449219
1,24.87,8.21658422006294,17.3962116241455
1,24.88,8.21991751994938,17.4188613891602
1,24.89,8.22325081983581,17.4331665039063
1,24.9,8.22658411972225,17.4438953399658
1,24.91,8.22991741960868,17.4641609191895
1,24.92,8.23325071949512,17.4760818481445
1,24.93,8.23658401938155,17.4975395202637
1,24.94,8.23991731926799,17.5094604492188
1,24.95,8.24325061915443,17.5249576568604
1,24.96,8.24658391904086,17.5368785858154
1,24.97,8.24991721892729,17.554759979248
1,24.98,8.25325051881373,17.5654888153076
1,24.99,8.25658381870016,17.5893306732178
1,25,8.2599171185866,17.6012516021729
1,25.01,8.26325041847304,17.620325088501
1,25.02,8.26658371835947,17.6370143890381
1,25.03,8.26991701824591,17.6537036895752
1,25.04,8.27325031813234,17.6644325256348
1,25.05,8.27658361801878,17.6811218261719
1,25.06,8.27991691790521,17.695426940918
1,25.07,8.28325021779165,17.7097320556641
1,25.08,8.28658351767808,17.7240371704102
1,25.09,8.28991681756452,17.7419185638428
1,25.1,8.29325011745095,17.7550315856934
1,25.11,8.29658341733739,17.772912979126
1,25.12,8.29991671722382,17.775297164917
1,25.13,8.30325001711026,17.7979469299316
1,25.14,8.30658331699669,17.8098678588867
1,25.15,8.30991661688313,17.8241729736328
1,25.16,8.31324991676956,17.8372859954834
1,25.17,8.316583216656,17.8515911102295
1,25.18,8.31991651654244,17.8563594818115
1,25.19,8.32324981642887,17.8778171539307
1,25.2,8.32658311631531,17.8873538970947
1,25.21,8.32991641620174,17.9028511047363
1,25.22,8.33324971608818,17.9135799407959
1,25.23,8.33658301597461,17.9338455200195
1,25.24,8.33991631586105,17.9409980773926
1,25.25,8.34324961574748,17.9553031921387
1,25.26,8.34658291563392,17.9660320281982
1,25.27,8.34991621552035,17.9803371429443
1,25.28,8.35324951540679,17.9886817932129
1,25.29,8.35658281529322,18.0041790008545
1,25.3,8.35991611517966,18.0149078369141
1,25.31,8.36324941506609,18.0256366729736
1,25.32,8.36658271495253,18.0292129516602
1,25.33,8.36991601483897,18.0435180664063
1,25.34,8.3732493147254,18.0530548095703
1,25.35,8.37658261461183,18.0685520172119
1,25.36,8.37991591449827,18.0816650390625
1,25.37,8.3832492143847,18.0959701538086
1,25.38,8.38658251427114,18.1078910827637
1,25.39,8.38991581415758,18.1221961975098
1,25.4,8.39324911404401,18.1388854980469
1,25.41,8.39658241393045,18.1543827056885
1,25.42,8.39991571381688,18.1710720062256
1,25.43,8.40324901370332,18.1841850280762
1,25.44,8.40658231358975,18.1996822357178
1,25.45,8.40991561347619,18.2104110717773
1,25.46,8.41324891336262,18.2259082794189
1,25.47,8.41658221324906,18.2425975799561
1,25.48,8.41991551313549,18.2545185089111
1,25.49,8.42324881302193,18.2783603668213
1,25.5,8.42658211290836,18.2962417602539
1,25.51,8.4299154127948,18.3200836181641
1,25.52,8.43324871268123,18.3391571044922
1,25.53,8.43658201256767,18.3618068695068
1,25.54,8.4399153124541,18.383264541626
1,25.55,8.44324861234054,18.4106826782227
1,25.56,8.44658191222698,18.4392929077148
1,25.57,8.44991521211341,18.4571743011475
1,25.58,8.45324851199985,18.4810161590576
1,25.59,8.45658181188628,18.5024738311768
1,25.6,8.45991511177272,18.5191631317139
1,25.61,8.46324841165915,18.5418128967285
1,25.62,8.46658171154559,18.5573101043701
1,25.63,8.46991501143202,18.5704231262207
1,25.64,8.47324831131846,18.5835361480713
1,25.65,8.47658161120489,18.6026096343994
1,25.66,8.47991491109133,18.6121463775635
1,25.67,8.48324821097776,18.6276435852051
1,25.68,8.4865815108642,18.6336040496826
1,25.69,8.48991481075064,18.6526775360107
1,25.7,8.49324811063707,18.6645984649658
1,25.71,8.4965814105235,18.6741352081299
1,25.72,8.49991471040994,18.6836719512939
1,25.73,8.50324801029637,18.7015533447266
1,25.74,8.50658131018281,18.7170505523682
1,25.75,8.50991461006925,18.7277793884277
1,25.76,8.51324790995568,18.7480449676514
1,25.77,8.51658120984212,18.761157989502
1,25.78,8.51991450972855,18.7802314758301
1,25.79,8.52324780961499,18.7981128692627
1,25.8,8.52658110950142,18.8207626342773
1,25.81,8.52991440938786,18.8314914703369
1,25.82,8.53324770927429,18.850564956665
1,25.83,8.53658100916073,18.8577175140381
1,25.84,8.53991430904716,18.8779830932617
1,25.85,8.5432476089336,18.8899040222168
1,25.86,8.54658090882003,18.9042091369629
1,25.87,8.54991420870647,18.916130065918
1,25.88,8.5532475085929,18.923282623291
1,25.89,8.55658080847934,18.9328193664551
1,25.9,8.55991410836577,18.9459323883057
1,25.91,8.56324740825221,18.9685821533203
1,25.92,8.56658070813865,18.9781188964844
1,25.93,8.56991400802508,18.9876556396484
1,25.94,8.57324730791152,19.0103054046631
1,25.95,8.57658060779795,19.0258026123047
1,25.96,8.57991390768439,19.0377235412598
1,25.97,8.58324720757082,19.0556049346924
1,25.98,8.58658050745726,19.075870513916
1,25.99,8.58991380734369,19.0865993499756
1,26,8.59324710723013,19.0985202789307
1,26.01,8.59658040711656,19.1092491149902
1,26.02,8.599913707003,19.1283226013184
1,26.03,8.60324700688943,19.1330909729004
1,26.04,8.60658030677587,19.1521644592285
1,26.05,8.6099136066623,19.1652774810791
1,26.06,8.61324690654874,19.1807746887207
1,26.07,8.61658020643518,19.1915035247803
1,26.08,8.61991350632161,19.2070007324219
1,26.09,8.62324680620804,19.223690032959
1,26.1,8.62658010609448,19.2403793334961
1,26.11,8.62991340598091,19.2534923553467
1,26.12,8.63324670586735,19.2666053771973
1,26.13,8.63658000575379,19.2821025848389
1,26.14,8.63991330564022,19.2975997924805
1,26.15,8.64324660552666,19.3190574645996
1,26.16,8.64657990541309,19.3297863006592
1,26.17,8.64991320529953,19.3536281585693
1,26.18,8.65324650518596,19.3703174591064
1,26.19,8.6565798050724,19.383430480957
1,26.2,8.65991310495883,19.4025039672852
1,26.21,8.66324640484527,19.4191932678223
1,26.22,8.6665797047317,19.4346904754639
1,26.23,8.66991300461814,19.4442272186279
1,26.24,8.67324630450457,19.460916519165
1,26.25,8.67657960439101,19.4704532623291
1,26.26,8.67991290427744,19.4859504699707
1,26.27,8.68324620416388,19.4966793060303
1,26.28,8.68657950405031,19.5062160491943
1,26.29,8.68991280393675,19.5169448852539
1,26.3,8.69324610382319,19.53125
1,26.31,8.69657940370962,19.5407867431641
1,26.32,8.69991270359606,19.5550918579102
1,26.33,8.70324600348249,19.5682048797607
1,26.34,8.70657930336893,19.5813179016113
1,26.35,8.70991260325536,19.5944309234619
1,26.36,8.7132459031418,19.6075439453125
1,26.37,8.71657920302823,19.6182727813721
1,26.38,8.71991250291467,19.6337699890137
1,26.39,8.7232458028011,19.6468830108643
1,26.4,8.72657910268754,19.6611881256104
1,26.41,8.72991240257397,19.6743011474609
1,26.42,8.73324570246041,19.681453704834
1,26.43,8.73657900234685,19.7017192840576
1,26.44,8.73991230223328,19.7148323059082
1,26.45,8.74324560211971,19.7279453277588
1,26.46,8.74657890200615,19.7374820709229
1,26.47,8.74991220189258,19.758939743042
1,26.48,8.75324550177902,19.7649002075195
1,26.49,8.75657880166546,19.7803974151611
1,26.5,8.75991210155189,19.7899341583252
1,26.51,8.76324540143833,19.8137760162354
1,26.52,8.76657870132476,19.8256969451904
1,26.53,8.7699120012112,19.838809967041
1,26.54,8.77324530109763,19.8519229888916
1,26.55,8.77657860098407,19.8674201965332
1,26.56,8.7799119008705,19.8805332183838
1,26.57,8.78324520075694,19.9043750762939
1,26.58,8.78657850064337,19.913911819458
1,26.59,8.78991180052981,19.9341773986816
1,26.6,8.79324510041624,19.9496746063232
1,26.61,8.79657840030268,19.9723243713379
1,26.62,8.79991170018911,19.984245300293
1,26.63,8.80324500007555,20.0080871582031
1,26.64,8.80657829996198,20.0247764587402
1,26.65,8.80991159984842,20.0355052947998
1,26.66,8.81324489973486,20.0533866882324
1,26.67,8.81657819962129,20.0736522674561
1,26.68,8.81991149950773,20.0939178466797
1,26.69,8.82324479939416,20.1094150543213
1,26.7,8.8265780992806,20.1320648193359
1,26.71,8.82991139916703,20.1535224914551
1,26.72,8.83324469905347,20.1785564422607
1,26.73,8.8365779989399,20.2000141143799
1,26.74,8.83991129882634,20.2298164367676
1,26.75,8.84324459871277,20.2441215515137
1,26.76,8.84657789859921,20.2727317810059
1,26.77,8.84991119848564,20.2834606170654
1,26.78,8.85324449837208,20.3073024749756
1,26.79,8.85657779825851,20.3216075897217
1,26.8,8.85991109814495,20.3299522399902
1,26.81,8.86324439803139,20.3502178192139
1,26.82,8.86657769791782,20.3621387481689
1,26.83,8.86991099780425,20.374059677124
1,26.84,8.87324429769069,20.3835964202881
1,26.85,8.87657759757712,20.3990936279297
1,26.86,8.87991089746356,20.4157829284668
1,26.87,8.88324419735,20.4253196716309
1,26.88,8.88657749723643,20.4384326934814
1,26.89,8.88991079712287,20.4408168792725
1,26.9,8.8932440970093,20.4598903656006
1,26.91,8.89657739689574,20.4694271087646
1,26.92,8.89991069678217,20.4837322235107
1,26.93,8.90324399666861,20.4956531524658
1,26.94,8.90657729655504,20.5099582672119
1,26.95,8.90991059644148,20.5254554748535
1,26.96,8.91324389632791,20.5421447753906
1,26.97,8.91657719621435,20.5612182617188
1,26.98,8.91991049610078,20.5755233764648
1,26.99,8.92324379598722,20.592212677002
1,27,8.92657709587365,20.6077098846436
1,27.01,8.92991039576009,20.6279754638672
1,27.02,8.93324369564652,20.6506252288818
1,27.03,8.93657699553296,20.6601619720459
1,27.04,8.9399102954194,20.681619644165
1,27.05,8.94324359530583,20.6995010375977
1,27.06,8.94657689519227,20.7185745239258
1,27.07,8.9499101950787,20.7293033599854
1,27.08,8.95324349496514,20.747184753418
1,27.09,8.95657679485157,20.7614898681641
1,27.1,8.95991009473801,20.7781791687012
1,27.11,8.96324339462444,20.7901000976563
1,27.12,8.96657669451088,20.8103656768799
1,27.13,8.96990999439731,20.822286605835
1,27.14,8.97324329428375,20.8389759063721
1,27.15,8.97657659417018,20.8520889282227
1,27.16,8.97990989405662,20.8687782287598
1,27.17,8.98324319394306,20.8842754364014
1,27.18,8.98657649382949,20.8926200866699
1,27.19,8.98990979371592,20.909309387207
1,27.2,8.99324309360236,20.9212303161621
1,27.21,8.99657639348879,20.9331512451172
1,27.22,8.99990969337523,20.9510326385498
1,27.23,9.00324299326167,20.9665298461914
1,27.24,9.0065762931481,20.977258682251
1,27.25,9.00990959303454,20.9856033325195
1,27.26,9.01324289292097,20.9987163543701
1,27.27,9.01657619280741,21.0142135620117
1,27.28,9.01990949269384,21.0309028625488
1,27.29,9.02324279258028,21.0452079772949
1,27.3,9.02657609246671,21.064281463623
1,27.31,9.02990939235315,21.0785865783691
1,27.32,9.03324269223958,21.0928916931152
1,27.33,9.03657599212602,21.1131572723389
1,27.34,9.03990929201245,21.1226940155029
1,27.35,9.04324259189889,21.1429595947266
1,27.36,9.04657589178532,21.1632251739502
1,27.37,9.04990919167176,21.1775302886963
1,27.38,9.05324249155819,21.1906433105469
1,27.39,9.05657579144463,21.2061405181885
1,27.4,9.05990909133107,21.2275981903076
1,27.41,9.0632423912175,21.2347507476807
1,27.42,9.06657569110394,21.2538242340088
1,27.43,9.06990899099037,21.2693214416504
1,27.44,9.07324229087681,21.2776660919189
1,27.45,9.07657559076324,21.2943553924561
1,27.46,9.07990889064968,21.3074684143066
1,27.47,9.08324219053611,21.3241577148438
1,27.48,9.08657549042255,21.3384628295898
1,27.49,9.08990879030898,21.3503837585449
1,27.5,9.09324209019542,21.3634967803955
1,27.51,9.09657539008185,21.3789939880371
1,27.52,9.09990868996829,21.4004516601563
1,27.53,9.10324198985472,21.4195251464844
1,27.54,9.10657528974116,21.432638168335
1,27.55,9.1099085896276,21.4529037475586
1,27.56,9.11324188951403,21.4684009552002
1,27.57,9.11657518940046,21.4910507202148
1,27.58,9.1199084892869,21.5089321136475
1,27.59,9.12324178917333,21.5232372283936
1,27.6,9.12657508905977,21.5446949005127
1,27.61,9.12990838894621,21.5590000152588
1,27.62,9.13324168883264,21.5780735015869
1,27.63,9.13657498871908,21.58522605896
1,27.64,9.13990828860551,21.6078758239746
1,27.65,9.14324158849195,21.6174125671387
1,27.66,9.14657488837838,21.6400623321533
1,27.67,9.14990818826482,21.6448307037354
1,27.68,9.15324148815125,21.660327911377
1,27.69,9.15657478803769,21.6710567474365
1,27.7,9.15990808792412,21.6841697692871
1,27.71,9.16324138781056,21.6960906982422
1,27.72,9.16657468769699,21.7008590698242
1,27.73,9.16990798758343,21.7103958129883
1,27.74,9.17324128746986,21.7223167419434
1,27.75,9.1765745873563,21.7235088348389
1,27.76,9.17990788724273,21.740198135376
1,27.77,9.18324118712917,21.7568874359131
1,27.78,9.18657448701561,21.7628479003906
1,27.79,9.18990778690204,21.7723846435547
1,27.8,9.19324108678848,21.7878818511963
1,27.81,9.19657438667491,21.7974185943604
1,27.82,9.19990768656135,21.815299987793
1,27.83,9.20324098644778,21.820068359375
1,27.84,9.20657428633422,21.8379497528076
1,27.85,9.20990758622065,21.8498706817627
1,27.86,9.21324088610709,21.8641757965088
1,27.87,9.21657418599352,21.8808650970459
1,27.88,9.21990748587996,21.8939781188965
1,27.89,9.22324078576639,21.9094753265381
1,27.9,9.22657408565283,21.9273567199707
1,27.91,9.22990738553927,21.9416618347168
1,27.92,9.2332406854257,21.9535827636719
1,27.93,9.23657398531213,21.970272064209
1,27.94,9.23990728519857,21.9738483428955
1,27.95,9.243240585085,21.9976902008057
1,27.96,9.24657388497144,22.0048427581787
1,27.97,9.24990718485788,22.0191478729248
1,27.98,9.25324048474431,22.0334529876709
1,27.99,9.25657378463075,22.0406055450439
1,28,9.25990708451718,22.0656394958496
1,28.01,9.26324038440362,22.0811367034912
1,28.02,9.26657368429005,22.0906734466553
1,28.03,9.26990698417649,22.1049785614014
1,28.04,9.27324028406292,22.1133232116699
1,28.05,9.27657358394936,22.1371650695801
1,28.06,9.27990688383579,22.1431255340576
1,28.07,9.28324018372223,22.1598148345947
1,28.08,9.28657348360866,22.1741199493408
1,28.09,9.2899067834951,22.1872329711914
1,28.1,9.29324008338153,22.202730178833
1,28.11,9.29657338326797,22.2146511077881
1,28.12,9.2999066831544,22.2349166870117
1,28.13,9.30323998304084,22.2539901733398
1,28.14,9.30657328292728,22.2647190093994
1,28.15,9.30990658281371,22.280216217041
1,28.16,9.31323988270015,22.2861766815186
1,28.17,9.31657318258658,22.3100185394287
1,28.18,9.31990648247302,22.3243236541748
1,28.19,9.32323978235945,22.3410129547119
1,28.2,9.32657308224589,22.357702255249
1,28.21,9.32990638213232,22.3743915557861
1,28.22,9.33323968201876,22.3982334136963
1,28.23,9.33657298190519,22.4113464355469
1,28.24,9.33990628179163,22.4316120147705
1,28.25,9.34323958167806,22.4578380584717
1,28.26,9.3465728815645,22.4697589874268
1,28.27,9.34990618145093,22.4864482879639
1,28.28,9.35323948133737,22.5043296813965
1,28.29,9.35657278122381,22.5138664245605
1,28.3,9.35990608111024,22.5377082824707
1,28.31,9.36323938099667,22.5508213043213
1,28.32,9.36657268088311,22.5698947906494
1,28.33,9.36990598076954,22.580623626709
1,28.34,9.37323928065598,22.6080417633057
1,28.35,9.37657258054242,22.6151943206787
1,28.36,9.37990588042885,22.6426124572754
1,28.37,9.38323918031529,22.6509571075439
1,28.38,9.38657248020172,22.6759910583496
1,28.39,9.38990578008816,22.6974487304688
1,28.4,9.39323907997459,22.7117538452148
1,28.41,9.39657237986103,22.7320194244385
1,28.42,9.39990567974746,22.7522850036621
1,28.43,9.4032389796339,22.7737426757813
1,28.44,9.40657227952033,22.7892398834229
1,28.45,9.40990557940677,22.8118896484375
1,28.46,9.4132388792932,22.8297710418701
1,28.47,9.41657217917964,22.8488445281982
1,28.48,9.41990547906607,22.8643417358398
1,28.49,9.42323877895251,22.8798389434814
1,28.5,9.42657207883894,22.9012966156006
1,28.51,9.42990537872538,22.9227542877197
1,28.52,9.43323867861182,22.9382514953613
1,28.53,9.43657197849825,22.958517074585
1,28.54,9.43990527838469,22.9740142822266
1,28.55,9.44323857827112,23.0002403259277
1,28.56,9.44657187815756,23.0073928833008
1,28.57,9.44990517804399,23.033618927002
1,28.58,9.45323847793043,23.040771484375
1,28.59,9.45657177781686,23.0598449707031
1,28.6,9.4599050777033,23.0765342712402
1,28.61,9.46323837758973,23.0848789215088
1,28.62,9.46657167747617,23.1027603149414
1,28.63,9.4699049773626,23.115873336792
1,28.64,9.47323827724904,23.1385231018066
1,28.65,9.47657157713548,23.1599807739258
1,28.66,9.47990487702191,23.1719017028809
1,28.67,9.48323817690834,23.1921672821045
1,28.68,9.48657147679478,23.2160091400146
1,28.69,9.48990477668121,23.2291221618652
1,28.7,9.49323807656765,23.2493877410889
1,28.71,9.49657137645409,23.2648849487305
1,28.72,9.49990467634052,23.2815742492676
1,28.73,9.50323797622696,23.3006477355957
1,28.74,9.50657127611339,23.3101844787598
1,28.75,9.50990457599983,23.3232975006104
1,28.76,9.51323787588626,23.3352184295654
1,28.77,9.5165711757727,23.345947265625
1,28.78,9.51990447565913,23.3614444732666
1,28.79,9.52323777554557,23.3733654022217
1,28.8,9.526571075432,23.3876705169678
1,28.81,9.52990437531844,23.3983993530273
1,28.82,9.53323767520487,23.4150886535645
1,28.83,9.53657097509131,23.4270095825195
1,28.84,9.53990427497774,23.4389305114746
1,28.85,9.54323757486418,23.4591960906982
1,28.86,9.54657087475061,23.4723091125488
1,28.87,9.54990417463705,23.4842300415039
1,28.88,9.55323747452349,23.503303527832
1,28.89,9.55657077440992,23.5080718994141
1,28.9,9.55990407429636,23.5378742218018
1,28.91,9.56323737418279,23.5474109649658
1,28.92,9.56657067406923,23.5664844512939
1,28.93,9.56990397395566,23.5724449157715
1,28.94,9.5732372738421,23.5950946807861
1,28.95,9.57657057372853,23.6034393310547
1,28.96,9.57990387361497,23.6237049102783
1,28.97,9.5832371735014,23.6368179321289
1,28.98,9.58657047338784,23.6606597900391
1,28.99,9.58990377327427,23.6678123474121
1,29,9.59323707316071,23.6856937408447
1,29.01,9.59657037304714,23.6988067626953
1,29.02,9.59990367293358,23.7178802490234
1,29.03,9.60323697282002,23.7298011779785
1,29.04,9.60657027270645,23.7464904785156
1,29.05,9.60990357259288,23.7548351287842
1,29.06,9.61323687247932,23.7798690795898
1,29.07,9.61657017236575,23.796558380127
1,29.08,9.61990347225219,23.8180160522461
1,29.09,9.62323677213863,23.8347053527832
1,29.1,9.62657007202506,23.8597393035889
1,29.11,9.6299033719115,23.874044418335
1,29.12,9.63323667179793,23.8955020904541
1,29.13,9.63656997168437,23.9098072052002
1,29.14,9.6399032715708,23.9300727844238
1,29.15,9.64323657145724,23.9396095275879
1,29.16,9.64656987134367,23.9574909210205
1,29.17,9.64990317123011,23.9706039428711
1,29.18,9.65323647111654,23.9837169647217
1,29.19,9.65656977100298,23.9896774291992
1,29.2,9.65990307088941,24.0099430084229
1,29.21,9.66323637077585,24.0182876586914
1,29.22,9.66656967066228,24.02663230896
1,29.23,9.66990297054872,24.0433216094971
1,29.24,9.67323627043515,24.0504741668701
1,29.25,9.67656957032159,24.0755081176758
1,29.26,9.67990287020803,24.0850448608398
1,29.27,9.68323617009446,24.1076946258545
1,29.28,9.6865694699809,24.1231918334961
1,29.29,9.68990276986733,24.1303443908691
1,29.3,9.69323606975377,24.1494178771973
1,29.31,9.6965693696402,24.1601467132568
1,29.32,9.69990266952664,24.188756942749
1,29.33,9.70323596941307,24.2018699645996
1,29.34,9.70656926929951,24.2161750793457
1,29.35,9.70990256918594,24.2269039154053
1,29.36,9.71323586907238,24.2447853088379
1,29.37,9.71656916895881,24.2531299591064
1,29.38,9.71990246884525,24.268627166748
1,29.39,9.72323576873169,24.2865085601807
1,29.4,9.72656906861812,24.3020057678223
1,29.41,9.72990236850456,24.3115425109863
1,29.42,9.73323566839099,24.3222713470459
1,29.43,9.73656896827742,24.3401527404785
1,29.44,9.73990226816386,24.3473052978516
1,29.45,9.7432355680503,24.3639945983887
1,29.46,9.74656886793673,24.3759155273438
1,29.47,9.74990216782317,24.3890285491943
1,29.48,9.7532354677096,24.3937969207764
1,29.49,9.75656876759604,24.409294128418
1,29.5,9.75990206748247,24.416446685791
1,29.51,9.76323536736891,24.4307518005371
1,29.52,9.76656866725534,24.4450569152832
1,29.53,9.76990196714178,24.4581699371338
1,29.54,9.77323526702821,24.4700908660889
1,29.55,9.77656856691465,24.4748592376709
1,29.56,9.77990186680108,24.491548538208
1,29.57,9.78323516668752,24.5010852813721
1,29.58,9.78656846657395,24.5141983032227
1,29.59,9.78990176646039,24.5320796966553
1,29.6,9.79323506634682,24.5368480682373
1,29.61,9.79656836623326,24.5547294616699
1,29.62,9.7999016661197,24.5702266693115
1,29.63,9.80323496600613,24.5869159698486
1,29.64,9.80656826589257,24.6071815490723
1,29.65,9.809901565779,24.6238708496094
1,29.66,9.81323486566544,24.6453285217285
1,29.67,9.81656816555187,24.6572494506836
1,29.68,9.81990146543831,24.6751308441162
1,29.69,9.82323476532474,24.6977806091309
1,29.7,9.82656806521118,24.7228145599365
1,29.71,9.82990136509761,24.7359275817871
1,29.72,9.83323466498405,24.7633457183838
1,29.73,9.83656796487048,24.7800350189209
1,29.74,9.83990126475692,24.8038768768311
1,29.75,9.84323456464335,24.8181819915771
1,29.76,9.84656786452979,24.8432159423828
1,29.77,9.84990116441623,24.8551368713379
1,29.78,9.85323446430266,24.876594543457
1,29.79,9.85656776418909,24.8956680297852
1,29.8,9.85990106407553,24.9063968658447
1,29.81,9.86323436396196,24.9254703521729
1,29.82,9.8665676638484,24.9385833740234
1,29.83,9.86990096373484,24.9552726745605
1,29.84,9.87323426362127,24.9719619750977
1,29.85,9.87656756350771,24.9898433685303
1,29.86,9.87990086339414,25.0077247619629
1,29.87,9.88323416328058,25.0303745269775
1,29.88,9.88656746316701,25.0542163848877
1,29.89,9.88990076305345,25.0852108001709
1,29.9,9.89323406293988,25.101900100708
1,29.91,9.89656736282632,25.1305103302002
1,29.92,9.89990066271275,25.1555442810059
1,29.93,9.90323396259919,25.174617767334
1,29.94,9.90656726248562,25.2008438110352
1,29.95,9.90990056237206,25.2211093902588
1,29.96,9.91323386225849,25.24733543396
1,29.97,9.91656716214493,25.2711772918701
1,29.98,9.91990046203136,25.2866744995117
1,29.99,9.9232337619178,25.3021717071533
1,30,9.92656706180424,25.322437286377
1,30.01,9.92990036169067,25.3403186798096
1,30.02,9.93323366157711,25.3582000732422
1,30.03,9.93656696146354,25.3677368164063
1,30.04,9.93990026134998,25.3832340240479
1,30.05,9.94323356123641,25.3963470458984
1,30.06,9.94656686112285,25.4154205322266
1,30.07,9.94990016100928,25.4309177398682
1,30.08,9.95323346089572,25.4416465759277
1,30.09,9.95656676078215,25.4559516906738
1,30.1,9.95990006066859,25.4666805267334
1,30.11,9.96323336055502,25.4786014556885
1,30.12,9.96656666044146,25.4917144775391
1,30.13,9.9698999603279,25.5048274993896
1,30.14,9.97323326021433,25.5131721496582
1,30.15,9.97656656010077,25.5274772644043
1,30.16,9.9798998599872,25.5405902862549
1,30.17,9.98323315987363,25.5560874938965
1,30.18,9.98656645976007,25.5656242370605
1,30.19,9.98989975964651,25.5882740020752
1,30.2,9.99323305953294,25.6001949310303
1,30.21,9.99656635941938,25.6180763244629
1,30.22,9.99989965930581,25.6383419036865
1,30.23,10.0032329591922,25.6597995758057
1,30.24,10.0065662590787,25.6764888763428
1,30.25,10.0098995589651,25.7003307342529
1,30.26,10.0132328588516,25.7158279418945
1,30.27,10.016566158738,25.7372856140137
1,30.28,10.0198994586244,25.7527828216553
1,30.29,10.0232327585109,25.7694721221924
1,30.3,10.0265660583973,25.789737701416
1,30.31,10.0298993582837,25.8064270019531
1,30.32,10.0332326581702,25.8183479309082
1,30.33,10.0365659580566,25.8350372314453
1,30.34,10.039899257943,25.8421897888184
1,30.35,10.0432325578295,25.867223739624
1,30.36,10.0465658577159,25.869607925415
1,30.37,10.0498991576023,25.8874893188477
1,30.38,10.0532324574888,25.8982181549072
1,30.39,10.0565657573752,25.9113311767578
1,30.4,10.0598990572616,25.9256362915039
1,30.41,10.0632323571481,25.93994140625
1,30.42,10.0665656570345,25.9518623352051
1,30.43,10.069898956921,25.9566307067871
1,30.44,10.0732322568074,25.9792804718018
1,30.45,10.0765655566938,25.9864330291748
1,30.46,10.0798988565803,26.0043144226074
1,30.47,10.0832321564667,26.017427444458
1,30.48,10.0865654563531,26.0353088378906
1,30.49,10.0898987562396,26.0543823242188
1,30.5,10.093232056126,26.0651111602783
1,30.51,10.0965653560124,26.0841846466064
1,30.52,10.0998986558989,26.0984897613525
1,30.53,10.1032319557853,26.1187553405762
1,30.54,10.1065652556717,26.1425971984863
1,30.55,10.1098985555582,26.16286277771
1,30.56,10.1132318554446,26.1712074279785
1,30.57,10.116565155331,26.1890888214111
1,30.58,10.1198984552175,26.2081623077393
1,30.59,10.1232317551039,26.2165069580078
1,30.6,10.1265650549904,26.2296199798584
1,30.61,10.1298983548768,26.2415409088135
1,30.62,10.1332316547632,26.252269744873
1,30.63,10.1365649546497,26.2570381164551
1,30.64,10.1398982545361,26.2701511383057
1,30.65,10.1432315544225,26.2773036956787
1,30.66,10.146564854309,26.2904167175293
1,30.67,10.1498981541954,26.2951850891113
1,30.68,10.1532314540818,26.3082981109619
1,30.69,10.1565647539683,26.315450668335
1,30.7,10.1598980538547,26.3333320617676
1,30.71,10.1632313537411,26.3524055480957
1,30.72,10.1665646536276,26.3607501983643
1,30.73,10.169897953514,26.3833999633789
1,30.74,10.1732312534004,26.3941287994385
1,30.75,10.1765645532869,26.4203548431396
1,30.76,10.1798978531733,26.4358520507813
1,30.77,10.1832311530598,26.4549255371094
1,30.78,10.1865644529462,26.472806930542
1,30.79,10.1898977528326,26.4906883239746
1,30.8,10.1932310527191,26.5085697174072
1,30.81,10.1965643526055,26.5228748321533
1,30.82,10.1998976524919,26.5359878540039
1,30.83,10.2032309523784,26.5562534332275
1,30.84,10.2065642522648,26.5669822692871
1,30.85,10.2098975521512,26.5765190124512
1,30.86,10.2132308520377,26.5884399414063
1,30.87,10.2165641519241,26.6027450561523
1,30.88,10.2198974518105,26.6134738922119
1,30.89,10.223230751697,26.6218185424805
1,30.9,10.2265640515834,26.6349315643311
1,30.91,10.2298973514698,26.6385078430176
1,30.92,10.2332306513563,26.6551971435547
1,30.93,10.2365639512427,26.6671180725098
1,30.94,10.2398972511292,26.6790390014648
1,30.95,10.2432305510156,26.695728302002
1,30.96,10.246563850902,26.7088413238525
1,30.97,10.2498971507885,26.7267227172852
1,30.98,10.2532304506749,26.7446041107178
1,30.99,10.2565637505613,26.7684459686279
1,31,10.2598970504478,26.7899036407471
1,31.01,10.2632303503342,26.8125534057617
1,31.02,10.2665636502206,26.8340110778809
1,31.03,10.2698969501071,26.85546875
1,31.04,10.2732302499935,26.8781185150146
1,31.05,10.2765635498799,26.9007682800293
1,31.06,10.2798968497664,26.9210338592529
1,31.07,10.2832301496528,26.9317626953125
1,31.08,10.2865634495392,26.9579887390137
1,31.09,10.2898967494257,26.9770622253418
1,31.1,10.2932300493121,26.9997119903564
1,31.11,10.2965633491986,27.0140171051025
1,31.12,10.299896649085,27.0354747772217
1,31.13,10.3032299489714,27.0462036132813
1,31.14,10.3065632488579,27.0676612854004
1,31.15,10.3098965487443,27.0819664001465
1,31.16,10.3132298486307,27.0926952362061
1,31.17,10.3165631485172,27.1034240722656
1,31.18,10.3198964484036,27.1141529083252
1,31.19,10.32322974829,27.1248817443848
1,31.2,10.3265630481765,27.1296501159668
1,31.21,10.3298963480629,27.1391868591309
1,31.22,10.3332296479493,27.1499156951904
1,31.23,10.3365629478358,27.1618366241455
1,31.24,10.3398962477222,27.1689891815186
1,31.25,10.3432295476086,27.1785259246826
1,31.26,10.3465628474951,27.1892547607422
1,31.27,10.3498961473815,27.1975994110107
1,31.28,10.3532294472679,27.2011756896973
1,31.29,10.3565627471544,27.2119045257568
1,31.3,10.3598960470408,27.2274017333984
1,31.31,10.3632293469273,27.2417068481445
1,31.32,10.3665626468137,27.2488594055176
1,31.33,10.3698959467001,27.2679328918457
1,31.34,10.3732292465866,27.2786617279053
1,31.35,10.376562546473,27.2989273071289
1,31.36,10.3798958463594,27.3191928863525
1,31.37,10.3832291462459,27.3418426513672
1,31.38,10.3865624461323,27.3668766021729
1,31.39,10.3898957460187,27.38356590271
1,31.4,10.3932290459052,27.4074077606201
1,31.41,10.3965623457916,27.4300575256348
1,31.42,10.399895645678,27.4562835693359
1,31.43,10.4032289455645,27.4813175201416
1,31.44,10.4065622454509,27.5015830993652
1,31.45,10.4098955453373,27.5146961212158
1,31.46,10.4132288452238,27.5349617004395
1,31.47,10.4165621451102,27.5444984436035
1,31.48,10.4198954449967,27.5611877441406
1,31.49,10.4232287448831,27.5683403015137
1,31.5,10.4265620447695,27.5826454162598
1,31.51,10.429895344656,27.5897979736328
1,31.52,10.4332286445424,27.5993347167969
1,31.53,10.4365619444288,27.611255645752
1,31.54,10.4398952443153,27.6267528533936
1,31.55,10.4432285442017,27.6362895965576
1,31.56,10.4465618440881,27.6470184326172
1,31.57,10.4498951439746,27.6625156402588
1,31.58,10.453228443861,27.6768207550049
1,31.59,10.4565617437474,27.68874168396
1,31.6,10.4598950436339,27.7042388916016
1,31.61,10.4632283435203,27.7233123779297
1,31.62,10.4665616434067,27.7388095855713
1,31.63,10.4698949432932,27.7531147003174
1,31.64,10.4732282431796,27.773380279541
1,31.65,10.4765615430661,27.7888774871826
1,31.66,10.4798948429525,27.8067588806152
1,31.67,10.4832281428389,27.8282165527344
1,31.68,10.4865614427254,27.848482131958
1,31.69,10.4898947426118,27.8663635253906
1,31.7,10.4932280424982,27.8818607330322
1,31.71,10.4965613423847,27.9092788696289
1,31.72,10.4998946422711,27.9271602630615
1,31.73,10.5032279421575,27.9378890991211
1,31.74,10.506561242044,27.9498100280762
1,31.75,10.5098945419304,27.9629230499268
1,31.76,10.5132278418168,27.9808044433594
1,31.77,10.5165611417033,27.996301651001
1,31.78,10.5198944415897,28.0094146728516
1,31.79,10.5232277414761,28.0201435089111
1,31.8,10.5265610413626,28.0249118804932
1,31.81,10.529894341249,28.0368328094482
1,31.82,10.5332276411355,28.0439853668213
1,31.83,10.5365609410219,28.0630588531494
1,31.84,10.5398942409083,28.076171875
1,31.85,10.5432275407948,28.0880928039551
1,31.86,10.5465608406812,28.1071662902832
1,31.87,10.5498941405676,28.1202793121338
1,31.88,10.5532274404541,28.1441211700439
1,31.89,10.5565607403405,28.1608104705811
1,31.9,10.5598940402269,28.1810760498047
1,31.91,10.5632273401134,28.1989574432373
1,31.92,10.5665606399998,28.2120704650879
1,31.93,10.5698939398862,28.2323360443115
1,31.94,10.5732272397727,28.2430648803711
1,31.95,10.5765605396591,28.2573699951172
1,31.96,10.5798938395455,28.2692909240723
1,31.97,10.583227139432,28.2883644104004
1,31.98,10.5865604393184,28.3098220825195
1,31.99,10.5898937392049,28.3277034759521
1,32,10.5932270390913,28.3408164978027
1,32.01,10.5965603389777,28.3575057983398
1,32.02,10.5998936388642,28.38134765625
1,32.03,10.6032269387506,28.3968448638916
1,32.04,10.606560238637,28.4290313720703
1,32.05,10.6098935385235,28.4469127655029
1,32.06,10.6132268384099,28.4731388092041
1,32.07,10.6165601382963,28.4969806671143
1,32.08,10.6198934381828,28.5184383392334
1,32.09,10.6232267380692,28.536319732666
1,32.1,10.6265600379556,28.5565853118896
1,32.11,10.6298933378421,28.5756587982178
1,32.12,10.6332266377285,28.5923480987549
1,32.13,10.6365599376149,28.6102294921875
1,32.14,10.6398932375014,28.6281108856201
1,32.15,10.6432265373878,28.6424160003662
1,32.16,10.6465598372743,28.6650657653809
1,32.17,10.6498931371607,28.6722183227539
1,32.18,10.6532264370471,28.688907623291
1,32.19,10.6565597369336,28.6996364593506
1,32.2,10.65989303682,28.7139415740967
1,32.21,10.6632263367064,28.7234783172607
1,32.22,10.6665596365929,28.7377834320068
1,32.23,10.6698929364793,28.7425518035889
1,32.24,10.6732262363657,28.7652015686035
1,32.25,10.6765595362522,28.7771224975586
1,32.26,10.6798928361386,28.7950038909912
1,32.27,10.683226136025,28.8045406341553
1,32.28,10.6865594359115,28.8236141204834
1,32.29,10.6898927357979,28.834342956543
1,32.3,10.6932260356843,28.8486480712891
1,32.31,10.6965593355708,28.8665294647217
1,32.32,10.6998926354572,28.8724899291992
1,32.33,10.7032259353437,28.8856029510498
1,32.34,10.7065592352301,28.8903713226318
1,32.35,10.7098925351165,28.9022922515869
1,32.36,10.713225835003,28.9070606231689
1,32.37,10.7165591348894,28.9082527160645
1,32.38,10.7198924347758,28.9297103881836
1,32.39,10.7232257346623,28.9380550384521
1,32.4,10.7265590345487,28.9428234100342
1,32.41,10.7298923344351,28.9535522460938
1,32.42,10.7332256343216,28.9595127105713
1,32.43,10.736558934208,28.9809703826904
1,32.44,10.7398922340944,28.9857387542725
1,32.45,10.7432255339809,29.0071964263916
1,32.46,10.7465588338673,29.0203094482422
1,32.47,10.7498921337537,29.0322303771973
1,32.48,10.7532254336402,29.0501117706299
1,32.49,10.7565587335266,29.0632247924805
1,32.5,10.7598920334131,29.0775299072266
1,32.51,10.7632253332995,29.0918350219727
1,32.52,10.7665586331859,29.1061401367188
1,32.53,10.7698919330724,29.1216373443604
1,32.54,10.7732252329588,29.139518737793
1,32.55,10.7765585328452,29.151439666748
1,32.56,10.7798918327317,29.1728973388672
1,32.57,10.7832251326181,29.1848182678223
1,32.58,10.7865584325045,29.2086601257324
1,32.59,10.789891732391,29.2277336120605
1,32.6,10.7932250322774,29.2408466339111
1,32.61,10.7965583321638,29.2634963989258
1,32.62,10.7998916320503,29.2718410491943
1,32.63,10.8032249319367,29.296875
1,32.64,10.8065582318231,29.3087959289551
1,32.65,10.8098915317096,29.3374061584473
1,32.66,10.813224831596,29.3600559234619
1,32.67,10.8165581314825,29.3815135955811
1,32.68,10.8198914313689,29.4005870819092
1,32.69,10.8232247312553,29.4268131256104
1,32.7,10.8265580311418,29.447078704834
1,32.71,10.8298913310282,29.4685363769531
1,32.72,10.8332246309146,29.4876098632813
1,32.73,10.8365579308011,29.5042991638184
1,32.74,10.8398912306875,29.5233726501465
1,32.75,10.8432245305739,29.5472145080566
1,32.76,10.8465578304604,29.5495986938477
1,32.77,10.8498911303468,29.5734405517578
1,32.78,10.8532244302332,29.5901298522949
1,32.79,10.8565577301197,29.5877456665039
1,32.8,10.8598910300061,29.6139717102051
1,32.81,10.8632243298925,29.6354293823242
1,32.82,10.866557629779,29.6401977539063
1,32.83,10.8698909296654,29.6640396118164
1,32.84,10.8732242295519,29.6759605407715
1,32.85,10.8765575294383,29.7021865844727
1,32.86,10.8798908293247,29.7093391418457
1,32.87,10.8832241292112,29.7236442565918
1,32.88,10.8865574290976,29.752254486084
1,32.89,10.889890728984,29.759407043457
1,32.9,10.8932240288705,29.7856330871582
1,32.91,10.8965573287569,29.7904014587402
1,32.92,10.8998906286433,29.8237800598145
1,32.93,10.9032239285298,29.8285484313965
1,32.94,10.9065572284162,29.8547744750977
1,32.95,10.9098905283026,29.8643112182617
1,32.96,10.9132238281891,29.8953056335449
1,32.97,10.9165571280755,29.911994934082
1,32.98,10.9198904279619,29.9382209777832
1,32.99,10.9232237278484,29.9477577209473
1,33,10.9265570277348,29.9715995788574
1,33.01,10.9298903276213,30.0049781799316
1,33.02,10.9332236275077,30.0145149230957
1,33.03,10.9365569273941,30.0455093383789
1,33.04,10.9398902272806,30.066967010498
1,33.05,10.943223527167,30.0908088684082
1,33.06,10.9465568270534,30.1027297973633
1,33.07,10.9498901269399,30.1241874694824
1,33.08,10.9532234268263,30.1361083984375
1,33.09,10.9565567267127,30.1647186279297
1,33.1,10.9598900265992,30.1861763000488
1,33.11,10.9632233264856,30.2004814147949
1,33.12,10.966556626372,30.2267074584961
1,33.13,10.9698899262585,30.2386283874512
1,33.14,10.9732232261449,30.2696228027344
1,33.15,10.9765565260313,30.2934646606445
1,33.16,10.9798898259178,30.3125381469727
1,33.17,10.9832231258042,30.3316116333008
1,33.18,10.9865564256907,30.364990234375
1,33.19,10.9898897255771,30.3769111633301
1,33.2,10.9932230254635,30.4007530212402
1,33.21,10.99655632535,30.4222106933594
1,33.22,10.9998896252364,30.4484367370605
1,33.23,11.0032229251228,30.4722785949707
1,33.24,11.0065562250093,30.4865837097168
1,33.25,11.0098895248957,30.517578125
1,33.26,11.0132228247821,30.5318832397461
1,33.27,11.0165561246686,30.5604934692383
1,33.28,11.019889424555,30.5724143981934
1,33.29,11.0232227244414,30.6153297424316
1,33.3,11.0265560243279,30.6177139282227
1,33.31,11.0298893242143,30.6510925292969
1,33.32,11.0332226241007,30.667781829834
1,33.33,11.0365559239872,30.670166015625
1,33.34,11.0398892238736,30.6963920593262
1,33.35,11.0432225237601,30.7059288024902
1,33.36,11.0465558236465,30.7226181030273
1,33.37,11.0498891235329,30.7345390319824
1,33.38,11.0532224234194,30.7440757751465
1,33.39,11.0565557233058,30.7607650756836
1,33.4,11.0598890231922,30.7703018188477
1,33.41,11.0632223230787,30.7846069335938
1,33.42,11.0665556229651,30.7822227478027
1,33.43,11.0698889228515,30.7941436767578
1,33.44,11.073222222738,30.8084487915039
1,33.45,11.0765555226244,30.8132171630859
1,33.46,11.0798888225108,30.8394432067871
1,33.47,11.0832221223973,30.8442115783691
1,33.48,11.0865554222837,30.8632850646973
1,33.49,11.0898887221701,30.8871269226074
1,33.5,11.0932220220566,30.9062004089355
1,33.51,11.096555321943,30.8990478515625
1,33.52,11.0998886218295,30.9371948242188
1,33.53,11.1032219217159,30.9610366821289
1,33.54,11.1065552216023,30.972957611084
1,33.55,11.1098885214888,30.9944152832031
1,33.56,11.1132218213752,31.0063362121582
1,33.57,11.1165551212616,31.0277938842773
1,33.58,11.1198884211481,31.0444831848145
1,33.59,11.1232217210345,31.0707092285156
1,33.6,11.1265550209209,31.0778617858887
1,33.61,11.1298883208074,31.0778617858887
1,33.62,11.1332216206938,31.0993194580078
1,33.63,11.1365549205802,31.1112403869629
1,33.64,11.1398882204667,31.120777130127
1,33.65,11.1432215203531,31.1470031738281
1,33.66,11.1465548202395,31.1374664306641
1,33.67,11.149888120126,31.1589241027832
1,33.68,11.1532214200124,31.1613082885742
1,33.69,11.1565547198988,31.1660766601563
1,33.7,11.1598880197853,31.1851501464844
1,33.71,11.1632213196717,31.1923027038574
1,33.72,11.1665546195582,31.2066078186035
1,33.73,11.1698879194446,31.2304496765137
1,33.74,11.173221219331,31.2352180480957
1,33.75,11.1765545192175,31.275749206543
1,33.76,11.1798878191039,31.280517578125
1,33.77,11.1832211189903,31.3115119934082
1,33.78,11.1865544188768,31.3401222229004
1,33.79,11.1898877187632,31.3544273376465
1,33.8,11.1932210186496,31.3830375671387
1,33.81,11.1965543185361,31.4044952392578
1,33.82,11.1998876184225,31.428337097168
1,33.83,11.2032209183089,31.435489654541
1,33.84,11.2065542181954,31.4784049987793
1,33.85,11.2098875180818,31.4784049987793
1,33.86,11.2132208179682,31.5070152282715
1,33.87,11.2165541178547,31.5403938293457
1,33.88,11.2198874177411,31.5475463867188
1,33.89,11.2232207176276,31.5713882446289
1,33.9,11.226554017514,31.580924987793
1,33.91,11.2298873174004,31.590461730957
1,33.92,11.2332206172869,31.583309173584
1,33.93,11.2365539171733,31.6143035888672
1,33.94,11.2398872170597,31.6190719604492
1,33.95,11.2432205169462,31.6238403320313
1,33.96,11.2465538168326,31.6500663757324
1,33.97,11.249887116719,31.6429138183594
1,33.98,11.2532204166055,31.6548347473145
1,33.99,11.2565537164919,31.6572189331055
1,34,11.2598870163783,31.6882133483887
1,34.01,11.2632203162648,31.6977500915527
1,34.02,11.2665536161512,31.7049026489258
1,34.03,11.2698869160377,31.7239761352539
1,34.04,11.2732202159241,31.740665435791
1,34.05,11.2765535158105,31.7549705505371
1,34.06,11.279886815697,31.7716598510742
1,34.07,11.2832201155834,31.8002700805664
1,34.08,11.2865534154698,31.8098068237305
1,34.09,11.2898867153563,31.8264961242676
1,34.1,11.2932200152427,31.8503379821777
1,34.11,11.2965533151291,31.8622589111328
1,34.12,11.2998866150156,31.8765640258789
1,34.13,11.303219914902,31.888484954834
1,34.14,11.3065532147884,31.9218635559082
1,34.15,11.3098865146749,31.9409370422363
1,34.16,11.3132198145613,31.9504737854004
1,34.17,11.3165531144477,31.9671630859375
1,34.18,11.3198864143342,31.9671630859375
1,34.19,11.3232197142206,31.9766998291016
1,34.2,11.326553014107,32.0029258728027
1,34.21,11.3298863139935,32.0029258728027
1,34.22,11.3332196138799,32.0053100585938
1,34.23,11.3365529137664,32.0172309875488
1,34.24,11.3398862136528,32.0267677307129
1,34.25,11.3432195135392,32.0553779602051
1,34.26,11.3465528134257,32.0601463317871
1,34.27,11.3498861133121,32.0839881896973
1,34.28,11.3532194131985,32.1006774902344
1,34.29,11.356552713085,32.1245193481445
1,34.3,11.3598860129714,32.1412086486816
1,34.31,11.3632193128578,32.1626663208008
1,34.32,11.3665526127443,32.1865081787109
1,34.33,11.3698859126307,32.2246551513672
1,34.34,11.3732192125171,32.2413444519043
1,34.35,11.3765525124036,32.2699546813965
1,34.36,11.37988581229,32.2961807250977
1,34.37,11.3832191121764,32.3224067687988
1,34.38,11.3865524120629,32.353401184082
1,34.39,11.3898857119493,32.3843955993652
1,34.4,11.3932190118358,32.3963165283203
1,34.41,11.3965523117222,32.4177742004395
1,34.42,11.3998856116086,32.4273109436035
1,34.43,11.4032189114951,32.4583053588867
1,34.44,11.4065522113815,32.4654579162598
1,34.45,11.4098855112679,32.4916839599609
1,34.46,11.4132188111544,32.4916839599609
1,34.47,11.4165521110408,32.503604888916
1,34.48,11.4198854109272,32.5107574462891
1,34.49,11.4232187108137,32.5465202331543
1,34.5,11.4265520107001,32.5584411621094
1,34.51,11.4298853105865,32.5655937194824
1,34.52,11.433218610473,32.5846672058105
1,34.53,11.4365519103594,32.5918197631836
1,34.54,11.4398852102458,32.6204299926758
1,34.55,11.4432185101323,32.6371192932129
1,34.56,11.4465518100187,32.658576965332
1,34.57,11.4498851099052,32.6895713806152
1,34.58,11.4532184097916,32.6871871948242
1,34.59,11.456551709678,32.7157974243164
1,34.6,11.4598850095645,32.7253341674805
1,34.61,11.4632183094509,32.7491760253906
1,34.62,11.4665516093373,32.7587127685547
1,34.63,11.4698849092238,32.7849388122559
1,34.64,11.4732182091102,32.7897071838379
1,34.65,11.4765515089966,32.813549041748
1,34.66,11.4798848088831,32.8326225280762
1,34.67,11.4832181087695,32.8493118286133
1,34.68,11.4865514086559,32.8636169433594
1,34.69,11.4898847085424,32.8755378723145
1,34.7,11.4932180084288,32.8946113586426
1,34.71,11.4965513083152,32.8946113586426
1,34.72,11.4998846082017,32.9113006591797
1,34.73,11.5032179080881,32.9089164733887
1,34.74,11.5065512079746,32.9422950744629
1,34.75,11.509884507861,32.9494476318359
1,34.76,11.5132178077474,32.951831817627
1,34.77,11.5165511076339,32.954216003418
1,34.78,11.5198844075203,32.9756736755371
1,34.79,11.5232177074067,32.9756736755371
1,34.8,11.5265510072932,32.9780578613281
1,34.81,11.5298843071796,32.9899787902832
1,34.82,11.533217607066,32.9804420471191
1,34.83,11.5365509069525,32.9899787902832
1,34.84,11.5398842068389,32.9899787902832
1,34.85,11.5432175067253,33.0018997192383
1,34.86,11.5465508066118,33.0114364624023
1,34.87,11.5498841064982,33.0209732055664
1,34.88,11.5532174063846,33.0424308776855
1,34.89,11.5565507062711,33.0543518066406
1,34.9,11.5598840061575,33.0805778503418
1,34.91,11.563217306044,33.0996513366699
1,34.92,11.5665506059304,33.113956451416
1,34.93,11.5698839058168,33.1473350524902
1,34.94,11.5732172057033,33.1664085388184
1,34.95,11.5765505055897,33.1902503967285
1,34.96,11.5798838054761,33.2260131835938
1,34.97,11.5832171053626,33.2498550415039
1,34.98,11.586550405249,33.2856178283691
1,34.99,11.5898837051354,33.3189964294434
1,35,11.5932170050219,33.3452224731445
1,35.01,11.5965503049083,33.3738327026367
1,35.02,11.5998836047947,33.3929061889648
1,35.03,11.6032169046812,33.4358215332031
1,35.04,11.6065502045676,33.4692001342773
1,35.05,11.609883504454,33.4978103637695
1,35.06,11.6132168043405,33.5383415222168
1,35.07,11.6165501042269,33.5574150085449
1,35.08,11.6198834041134,33.5884094238281
1,35.09,11.6232167039998,33.6003303527832
1,35.1,11.6265500038862,33.6360931396484
1,35.11,11.6298833037727,33.6480140686035
1,35.12,11.6332166036591,33.6647033691406
1,35.13,11.6365499035455,33.6861610412598
1,35.14,11.639883203432,33.6956977844238
1,35.15,11.6432165033184,33.726692199707
1,35.16,11.6465498032048,33.721923828125
1,35.17,11.6498831030913,33.7505340576172
1,35.18,11.6532164029777,33.7624549865723
1,35.19,11.6565497028641,33.7600708007813
1,35.2,11.6598830027506,33.7862968444824
1,35.21,11.663216302637,33.7982177734375
1,35.22,11.6665496025234,33.8101387023926
1,35.23,11.6698829024099,33.8125228881836
1,35.24,11.6732162022963,33.8292121887207
1,35.25,11.6765495021828,33.8435173034668
1,35.26,11.6798828020692,33.8506698608398
1,35.27,11.6832161019556,33.867359161377
1,35.28,11.6865494018421,33.867359161377
1,35.29,11.6898827017285,33.8840484619141
1,35.3,11.6932160016149,33.8983535766602
1,35.31,11.6965493015014,33.9007377624512
1,35.32,11.6998826013878,33.9150428771973
1,35.33,11.7032159012742,33.9126586914063
1,35.34,11.7065492011607,33.9317321777344
1,35.35,11.7098825010471,33.9412689208984
1,35.36,11.7132158009335,33.9531898498535
1,35.37,11.71654910082,33.9722633361816
1,35.38,11.7198824007064,33.9794158935547
1,35.39,11.7232157005928,33.9698791503906
1,35.4,11.7265490004793,33.9913368225098
1,35.41,11.7298823003657,34.0104103088379
1,35.42,11.7332156002522,34.019947052002
1,35.43,11.7365489001386,34.0390205383301
1,35.44,11.739882200025,34.0485572814941
1,35.45,11.7432154999115,34.0723991394043
1,35.46,11.7465487997979,34.0676307678223
1,35.47,11.7498820996843,34.0938568115234
1,35.48,11.7532153995708,34.1057777404785
1,35.49,11.7565486994572,34.1224670410156
1,35.5,11.7598819993436,34.1367721557617
1,35.51,11.7632152992301,34.1534614562988
1,35.52,11.7665485991165,34.182071685791
1,35.53,11.7698818990029,34.1892242431641
1,35.54,11.7732151988894,34.1987609863281
1,35.55,11.7765484987758,34.2059135437012
1,35.56,11.7798817986622,34.2369079589844
1,35.57,11.7832150985487,34.2369079589844
1,35.58,11.7865483984351,34.2369079589844
1,35.59,11.7898816983216,34.2631340026855
1,35.6,11.793214998208,34.2798233032227
1,35.61,11.7965482980944,34.3132019042969
1,35.62,11.7998815979809,34.325122833252
1,35.63,11.8032148978673,34.3513488769531
1,35.64,11.8065481977537,34.3871116638184
1,35.65,11.8098814976402,34.4038009643555
1,35.66,11.8132147975266,34.4276428222656
1,35.67,11.816548097413,34.4491004943848
1,35.68,11.8198813972995,34.4586372375488
1,35.69,11.8232146971859,34.489631652832
1,35.7,11.8265479970723,34.4944000244141
1,35.71,11.8298812969588,34.5087051391602
1,35.72,11.8332145968452,34.5230102539063
1,35.73,11.8365478967316,34.5182418823242
1,35.74,11.8398811966181,34.5420837402344
1,35.75,11.8432144965045,34.5253944396973
1,35.76,11.846547796391,34.5277786254883
1,35.77,11.8498810962774,34.5277786254883
1,35.78,11.8532143961638,34.5396995544434
1,35.79,11.8565476960503,34.5420837402344
1,35.8,11.8598809959367,34.5635414123535
1,35.81,11.8632142958231,34.5754623413086
1,35.82,11.8665475957096,34.5969200134277
1,35.83,11.869880895596,34.6159934997559
1,35.84,11.8732141954824,34.630298614502
1,35.85,11.8765474953689,34.6589088439941
1,35.86,11.8798807952553,34.6732139587402
1,35.87,11.8832140951417,34.7208976745605
1,35.88,11.8865473950282,34.7375869750977
1,35.89,11.8898806949146,34.7590446472168
1,35.9,11.893213994801,34.782886505127
1,35.91,11.8965472946875,34.8114967346191
1,35.92,11.8998805945739,34.8281860351563
1,35.93,11.9032138944604,34.8591804504395
1,35.94,11.9065471943468,34.8854064941406
1,35.95,11.9098804942332,34.8997116088867
1,35.96,11.9132137941197,34.9211692810059
1,35.97,11.9165470940061,34.945011138916
1,35.98,11.9198803938925,34.9712371826172
1,35.99,11.923213693779,34.9926948547363
1,36,11.9265469936654,34.9926948547363
1,36.01,11.9298802935518,35.0260734558105
1,36.02,11.9332135934383,35.0260734558105
1,36.03,11.9365468933247,35.0570678710938
1,36.04,11.9398801932111,35.0666046142578
1,36.05,11.9432134930976,35.0809097290039
1,36.06,11.946546792984,35.092830657959
1,36.07,11.9498800928704,35.1190567016602
1,36.08,11.9532133927569,35.1190567016602
1,36.09,11.9565466926433,35.1452827453613
1,36.1,11.9598799925297,35.1667404174805
1,36.11,11.9632132924162,35.1834297180176
1,36.12,11.9665465923026,35.1905822753906
1,36.13,11.9698798921891,35.2025032043457
1,36.14,11.9732131920755,35.2191925048828
1,36.15,11.9765464919619,35.243034362793
1,36.16,11.9798797918484,35.2621078491211
1,36.17,11.9832130917348,35.2811813354492
1,36.18,11.9865463916212,35.2954864501953
1,36.19,11.9898796915077,35.3145599365234
1,36.2,11.9932129913941,35.3312492370605
1,36.21,11.9965462912805,35.3455543518066
1,36.22,11.999879591167,35.3693962097168
1,36.23,12.0032128910534,35.395622253418
1,36.24,12.0065461909398,35.407543182373
1,36.25,12.0098794908263,35.4218482971191
1,36.26,12.0132127907127,35.4409217834473
1,36.27,12.0165460905991,35.4623794555664
1,36.28,12.0198793904856,35.4790687561035
1,36.29,12.023212690372,35.5076789855957
1,36.3,12.0265459902585,35.5291366577148
1,36.31,12.0298792901449,35.5410575866699
1,36.32,12.0332125900313,35.552978515625
1,36.33,12.0365458899178,35.5720520019531
1,36.34,12.0398791898042,35.5982780456543
1,36.35,12.0432124896906,35.6101989746094
1,36.36,12.0465457895771,35.6268882751465
1,36.37,12.0498790894635,35.6316566467285
1,36.38,12.0532123893499,35.6531143188477
1,36.39,12.0565456892364,35.6888771057129
1,36.4,12.0598789891228,35.6960296630859
1,36.41,12.0632122890092,35.707950592041
1,36.42,12.0665455888957,35.7270240783691
1,36.43,12.0698788887821,35.7556343078613
1,36.44,12.0732121886685,35.7818603515625
1,36.45,12.076545488555,35.8057022094727
1,36.46,12.0798787884414,35.8128547668457
1,36.47,12.0832120883279,35.8366966247559
1,36.48,12.0865453882143,35.853385925293
1,36.49,12.0898786881007,35.8891487121582
1,36.5,12.0932119879872,35.9106063842773
1,36.51,12.0965452878736,35.9272956848145
1,36.52,12.09987858776,35.9535217285156
1,36.53,12.1032118876465,35.9725952148438
1,36.54,12.1065451875329,35.9869003295898
1,36.55,12.1098784874193,36.0250473022461
1,36.56,12.1132117873058,36.0321998596191
1,36.57,12.1165450871922,36.0584259033203
1,36.58,12.1198783870786,36.0727310180664
1,36.59,12.1232116869651,36.0822677612305
1,36.6,12.1265449868515,36.1037254333496
1,36.61,12.1298782867379,36.1227989196777
1,36.62,12.1332115866244,36.1251831054688
1,36.63,12.1365448865108,36.1514091491699
1,36.64,12.1398781863973,36.1490249633789
1,36.65,12.1432114862837,36.1824035644531
1,36.66,12.1465447861701,36.2014770507813
1,36.67,12.1498780860566,36.2253189086914
1,36.68,12.153211385943,36.2515449523926
1,36.69,12.1565446858294,36.2634658813477
1,36.7,12.1598779857159,36.2873077392578
1,36.71,12.1632112856023,36.3063812255859
1,36.72,12.1665445854887,36.31591796875
1,36.73,12.1698778853752,36.3445281982422
1,36.74,12.1732111852616,36.3731384277344
1,36.75,12.176544485148,36.3922119140625
1,36.76,12.1798777850345,36.4065170288086
1,36.77,12.1832110849209,36.4279747009277
1,36.78,12.1865443848073,36.4470481872559
1,36.79,12.1898776846938,36.468505859375
1,36.8,12.1932109845802,36.4780426025391
1,36.81,12.1965442844667,36.4875793457031
1,36.82,12.1998775843531,36.5138053894043
1,36.83,12.2032108842395,36.5281105041504
1,36.84,12.206544184126,36.5567207336426
1,36.85,12.2098774840124,36.5710258483887
1,36.86,12.2132107838988,36.5972518920898
1,36.87,12.2165440837853,36.5996360778809
1,36.88,12.2198773836717,36.6377830505371
1,36.89,12.2232106835581,36.6544723510742
1,36.9,12.2265439834446,36.6806983947754
1,36.91,12.229877283331,36.6950035095215
1,36.92,12.2332105832174,36.7093086242676
1,36.93,12.2365438831039,36.7331504821777
1,36.94,12.2398771829903,36.7498397827148
1,36.95,12.2432104828767,36.778450012207
1,36.96,12.2465437827632,36.7856025695801
1,36.97,12.2498770826496,36.7999076843262
1,36.98,12.2532103825361,36.8142127990723
1,36.99,12.2565436824225,36.8285179138184
1,37,12.2598769823089,36.8309020996094
1,37.01,12.2632102821954,36.8452072143555
1,37.02,12.2665435820818,36.8452072143555
1,37.03,12.2698768819682,36.8595123291016
1,37.04,12.2732101818547,36.8738174438477
1,37.05,12.2765434817411,36.8809700012207
1,37.06,12.2798767816275,36.9024276733398
1,37.07,12.283210081514,36.9095802307129
1,37.08,12.2865433814004,36.9143486022949
1,37.09,12.2898766812868,36.9358062744141
1,37.1,12.2932099811733,36.9429588317871
1,37.11,12.2965432810597,36.9596481323242
1,37.12,12.2998765809461,36.9715690612793
1,37.13,12.3032098808326,36.9977951049805
1,37.14,12.306543180719,37.0001792907715
1,37.15,12.3098764806055,37.0311737060547
1,37.16,12.3132097804919,37.0430946350098
1,37.17,12.3165430803783,37.0621681213379
1,37.18,12.3198763802648,37.081241607666
1,37.19,12.3232096801512,37.1026992797852
1,37.2,12.3265429800376,37.1122360229492
1,37.21,12.3298762799241,37.1313095092773
1,37.22,12.3332095798105,37.1551513671875
1,37.23,12.3365428796969,37.1766090393066
1,37.24,12.3398761795834,37.2123718261719
1,37.25,12.3432094794698,37.238597869873
1,37.26,12.3465427793562,37.2624397277832
1,37.27,12.3498760792427,37.2934341430664
1,37.28,12.3532093791291,37.3220443725586
1,37.29,12.3565426790155,37.3554229736328
1,37.3,12.359875978902,37.3721122741699
1,37.31,12.3632092787884,37.3959541320801
1,37.32,12.3665425786749,37.4388694763184
1,37.33,12.3698758785613,37.4627113342285
1,37.34,12.3732091784477,37.4865531921387
1,37.35,12.3765424783342,37.5127792358398
1,37.36,12.3798757782206,37.5270843505859
1,37.37,12.383209078107,37.5461578369141
1,37.38,12.3865423779935,37.5628471374512
1,37.39,12.3898756778799,37.5914573669434
1,37.4,12.3932089777663,37.6057624816895
1,37.41,12.3965422776528,37.6343727111816
1,37.42,12.3998755775392,37.6439094543457
1,37.43,12.4032088774256,37.6534461975098
1,37.44,12.4065421773121,37.6582145690918
1,37.45,12.4098754771985,37.686824798584
1,37.46,12.4132087770849,37.686824798584
1,37.47,12.4165420769714,37.7058982849121
1,37.48,12.4198753768578,37.7321243286133
1,37.49,12.4232086767443,37.7511978149414
1,37.5,12.4265419766307,37.7726554870605
1,37.51,12.4298752765171,37.7869606018066
1,37.52,12.4332085764036,37.8012657165527
1,37.53,12.43654187629,37.8322601318359
1,37.54,12.4398751761764,37.8537178039551
1,37.55,12.4432084760629,37.8775596618652
1,37.56,12.4465417759493,37.8918647766113
1,37.57,12.4498750758357,37.9109382629395
1,37.58,12.4532083757222,37.9276275634766
1,37.59,12.4565416756086,37.9467010498047
1,37.6,12.459874975495,37.9705429077148
1,37.61,12.4632082753815,37.996768951416
1,37.62,12.4665415752679,38.0110740661621
1,37.63,12.4698748751543,38.0325317382813
1,37.64,12.4732081750408,38.0635261535645
1,37.65,12.4765414749272,38.0587577819824
1,37.66,12.4798747748137,38.0969047546387
1,37.67,12.4832080747001,38.1135940551758
1,37.68,12.4865413745865,38.1326675415039
1,37.69,12.489874674473,38.14697265625
1,37.7,12.4932079743594,38.1660461425781
1,37.71,12.4965412742458,38.1898880004883
1,37.72,12.4998745741323,38.2113456726074
1,37.73,12.5032078740187,38.2089614868164
1,37.74,12.5065411739051,38.2375717163086
1,37.75,12.5098744737916,38.2590293884277
1,37.76,12.513207773678,38.2828712463379
1,37.77,12.5165410735644,38.2900238037109
1,37.78,12.5198743734509,38.3162498474121
1,37.79,12.5232076733373,38.3281707763672
1,37.8,12.5265409732237,38.3472442626953
1,37.81,12.5298742731102,38.3543968200684
1,37.82,12.5332075729966,38.3734703063965
1,37.83,12.5365408728831,38.3996963500977
1,37.84,12.5398741727695,38.4163856506348
1,37.85,12.5432074726559,38.4306907653809
1,37.86,12.5465407725424,38.459300994873
1,37.87,12.5498740724288,38.4879112243652
1,37.88,12.5532073723152,38.5141372680664
1,37.89,12.5565406722017,38.5284423828125
1,37.9,12.5598739720881,38.5522842407227
1,37.91,12.5632072719745,38.5665893554688
1,37.92,12.566540571861,38.5808944702148
1,37.93,12.5698738717474,38.597583770752
1,37.94,12.5732071716338,38.6261940002441
1,37.95,12.5765404715203,38.6357307434082
1,37.96,12.5798737714067,38.6643409729004
1,37.97,12.5832070712931,38.6905670166016
1,37.98,12.5865403711796,38.7144088745117
1,37.99,12.589873671066,38.7310981750488
1,38,12.5932069709525,38.754940032959
1,38.01,12.5965402708389,38.7740135192871
1,38.02,12.5998735707253,38.7978553771973
1,38.03,12.6032068706118,38.8145446777344
1,38.04,12.6065401704982,38.8455390930176
1,38.05,12.6098734703846,38.8574600219727
1,38.06,12.6132067702711,38.8932228088379
1,38.07,12.6165400701575,38.905143737793
1,38.08,12.6198733700439,38.9337539672852
1,38.09,12.6232066699304,38.9528274536133
1,38.1,12.6265399698168,38.9742851257324
1,38.11,12.6298732697032,38.9790534973145
1,38.12,12.6332065695897,39.0028953552246
1,38.13,12.6365398694761,39.0100479125977
1,38.14,12.6398731693625,39.0195846557617
1,38.15,12.643206469249,39.0267372131348
1,38.16,12.6465397691354,39.0481948852539
1,38.17,12.6498730690219,39.057731628418
1,38.18,12.6532063689083,39.0863418579102
1,38.19,12.6565396687947,39.0934944152832
1,38.2,12.6598729686812,39.1149520874023
1,38.21,12.6632062685676,39.1364097595215
1,38.22,12.666539568454,39.1507148742676
1,38.23,12.6698728683405,39.1745567321777
1,38.24,12.6732061682269,39.2007827758789
1,38.25,12.6765394681133,39.215087890625
1,38.26,12.6798727679998,39.2460823059082
1,38.27,12.6832060678862,39.2532348632813
1,38.28,12.6865393677726,39.2961502075195
1,38.29,12.6898726676591,39.3080711364746
1,38.3,12.6932059675455,39.3342971801758
1,38.31,12.6965392674319,39.360523223877
1,38.32,12.6998725673184,39.3819808959961
1,38.33,12.7032058672048,39.4034385681152
1,38.34,12.7065391670913,39.4177436828613
1,38.35,12.7098724669777,39.4248962402344
1,38.36,12.7132057668641,39.4392013549805
1,38.37,12.7165390667506,39.4558906555176
1,38.38,12.719872366637,39.4654273986816
1,38.39,12.7232056665234,39.4964218139648
1,38.4,12.7265389664099,39.5059585571289
1,38.41,12.7298722662963,39.515495300293
1,38.42,12.7332055661827,39.520263671875
1,38.43,12.7365388660692,39.5488739013672
1,38.44,12.7398721659556,39.5607948303223
1,38.45,12.743205465842,39.5917892456055
1,38.46,12.7465387657285,39.6037101745605
1,38.47,12.7498720656149,39.6394729614258
1,38.48,12.7532053655013,39.665699005127
1,38.49,12.7565386653878,39.6728515625
1,38.5,12.7598719652742,39.7133827209473
1,38.51,12.7632052651607,39.7443771362305
1,38.52,12.7665385650471,39.7706031799316
1,38.53,12.7698718649335,39.7872924804688
1,38.54,12.77320516482,39.823055267334
1,38.55,12.7765384647064,39.8468971252441
1,38.56,12.7798717645928,39.8778915405273
1,38.57,12.7832050644793,39.8945808410645
1,38.58,12.7865383643657,39.9398803710938
1,38.59,12.7898716642521,39.9518013000488
1,38.6,12.7932049641386,39.9637222290039
1,38.61,12.796538264025,40.0018692016602
1,38.62,12.7998715639114,40.0209426879883
1,38.63,12.8032048637979,40.0376319885254
1,38.64,12.8065381636843,40.0638580322266
1,38.65,12.8098714635707,40.0733947753906
1,38.66,12.8132047634572,40.0876998901367
1,38.67,12.8165380633436,40.1139259338379
1,38.68,12.81987136323,40.130615234375
1,38.69,12.8232046631165,40.130615234375
1,38.7,12.8265379630029,40.1568412780762
1,38.71,12.8298712628894,40.1806831359863
1,38.72,12.8332045627758,40.1949882507324
1,38.73,12.8365378626622,40.2092933654785
1,38.74,12.8398711625487,40.2283668518066
1,38.75,12.8432044624351,40.2379035949707
1,38.76,12.8465377623215,40.2569770812988
1,38.77,12.849871062208,40.2688980102539
1,38.78,12.8532043620944,40.2927398681641
1,38.79,12.8565376619808,40.3118133544922
1,38.8,12.8598709618673,40.3261184692383
1,38.81,12.8632042617537,40.3380393981934
1,38.82,12.8665375616401,40.3594970703125
1,38.83,12.8698708615266,40.3690338134766
1,38.84,12.873204161413,40.3833389282227
1,38.85,12.8765374612995,40.3976440429688
1,38.86,12.8798707611859,40.4095649719238
1,38.87,12.8832040610723,40.428638458252
1,38.88,12.8865373609588,40.431022644043
1,38.89,12.8898706608452,40.4572486877441
1,38.9,12.8932039607316,40.4715538024902
1,38.91,12.8965372606181,40.4715538024902
1,38.92,12.8998705605045,40.5001640319824
1,38.93,12.9032038603909,40.4953956604004
1,38.94,12.9065371602774,40.5168533325195
1,38.95,12.9098704601638,40.5359268188477
1,38.96,12.9132037600502,40.5502319335938
1,38.97,12.9165370599367,40.5621528625488
1,38.98,12.9198703598231,40.5716896057129
1,38.99,12.9232036597095,40.6074523925781
1,39,12.926536959596,40.6146049499512
1,39.01,12.9298702594824,40.6408309936523
1,39.02,12.9332035593688,40.6503677368164
1,39.03,12.9365368592553,40.6694412231445
1,39.04,12.9398701591417,40.6861305236816
1,39.05,12.9432034590282,40.7075881958008
1,39.06,12.9465367589146,40.7218933105469
1,39.07,12.949870058801,40.743350982666
1,39.08,12.9532033586875,40.7624244689941
1,39.09,12.9565366585739,40.7648086547852
1,39.1,12.9598699584603,40.8005714416504
1,39.11,12.9632032583468,40.8053398132324
1,39.12,12.9665365582332,40.8291816711426
1,39.13,12.9698698581196,40.8411026000977
1,39.14,12.9732031580061,40.8792495727539
1,39.15,12.9765364578925,40.895938873291
1,39.16,12.9798697577789,40.9245491027832
1,39.17,12.9832030576654,40.9269332885742
1,39.18,12.9865363575518,40.9674644470215
1,39.19,12.9898696574382,40.9793853759766
1,39.2,12.9932029573247,41.0008430480957
1,39.21,12.9965362572111,41.0223007202148
1,39.22,12.9998695570976,41.0318374633789
1,39.23,13.003202856984,41.0628318786621
1,39.24,13.0065361568704,41.0676002502441
1,39.25,13.0098694567569,41.0866737365723
1,39.26,13.0132027566433,41.0985946655273
1,39.27,13.0165360565297,41.1176681518555
1,39.28,13.0198693564162,41.1295890808105
1,39.29,13.0232026563026,41.1605834960938
1,39.3,13.026535956189,41.1796569824219
1,39.31,13.0298692560755,41.19873046875
1,39.32,13.0332025559619,41.19873046875
1,39.33,13.0365358558483,41.2368774414063
1,39.34,13.0398691557348,41.2464141845703
1,39.35,13.0432024556212,41.2726402282715
1,39.36,13.0465357555076,41.2940979003906
1,39.37,13.0498690553941,41.3155555725098
1,39.38,13.0532023552805,41.3298606872559
1,39.39,13.056535655167,41.358470916748
1,39.4,13.0598689550534,41.3751602172852
1,39.41,13.0632022549398,41.4109230041504
1,39.42,13.0665355548263,41.4204597473145
1,39.43,13.0698688547127,41.4419174194336
1,39.44,13.0732021545991,41.4586067199707
1,39.45,13.0765354544856,41.4943695068359
1,39.46,13.079868754372,41.506290435791
1,39.47,13.0832020542584,41.5396690368652
1,39.48,13.0865353541449,41.5444374084473
1,39.49,13.0898686540313,41.5611267089844
1,39.5,13.0932019539177,41.5754318237305
1,39.51,13.0965352538042,41.5945053100586
1,39.52,13.0998685536906,41.6088104248047
1,39.53,13.103201853577,41.6278839111328
1,39.54,13.1065351534635,41.6302680969238
1,39.55,13.1098684533499,41.656494140625
1,39.56,13.1132017532364,41.6660308837891
1,39.57,13.1165350531228,41.6874885559082
1,39.58,13.1198683530092,41.6898727416992
1,39.59,13.1232016528957,41.7256355285645
1,39.6,13.1265349527821,41.7375564575195
1,39.61,13.1298682526685,41.7518615722656
1,39.62,13.133201552555,41.7566299438477
1,39.63,13.1365348524414,41.7900085449219
1,39.64,13.1398681523278,41.804313659668
1,39.65,13.1432014522143,41.8400764465332
1,39.66,13.1465347521007,41.8424606323242
1,39.67,13.1498680519871,41.8710708618164
1,39.68,13.1532013518736,41.8829917907715
1,39.69,13.15653465176,41.9044494628906
1,39.7,13.1598679516464,41.9354438781738
1,39.71,13.1632012515329,41.9473648071289
1,39.72,13.1665345514193,41.959285736084
1,39.73,13.1698678513058,41.9783592224121
1,39.74,13.1732011511922,42.0045852661133
1,39.75,13.1765344510786,42.0284271240234
1,39.76,13.1798677509651,42.0522689819336
1,39.77,13.1832010508515,42.0689582824707
1,39.78,13.1865343507379,42.0975685119629
1,39.79,13.1898676506244,42.1285629272461
1,39.8,13.1932009505108,42.1285629272461
1,39.81,13.1965342503972,42.1690940856934
1,39.82,13.1998675502837,42.1833992004395
1,39.83,13.2032008501701,42.2120094299316
1,39.84,13.2065341500565,42.2382354736328
1,39.85,13.209867449943,42.269229888916
1,39.86,13.2132007498294,42.2883033752441
1,39.87,13.2165340497158,42.3145294189453
1,39.88,13.2198673496023,42.3359870910645
1,39.89,13.2232006494887,42.3693656921387
1,39.9,13.2265339493752,42.3812866210938
1,39.91,13.2298672492616,42.4098968505859
1,39.92,13.233200549148,42.4313545227051
1,39.93,13.2365338490345,42.4528121948242
1,39.94,13.2398671489209,42.4718856811523
1,39.95,13.2432004488073,42.4790382385254
1,39.96,13.2465337486938,42.5076484680176
1,39.97,13.2498670485802,42.5219535827637
1,39.98,13.2532003484666,42.5624847412109
1,39.99,13.2565336483531,42.574405670166
1,40,13.2598669482395,42.5863265991211
1,40.01,13.2632002481259,42.6077842712402
1,40.02,13.2665335480124,42.6244735717773
1,40.03,13.2698668478988,42.6459312438965
1,40.04,13.2732001477852,42.6602363586426
1,40.05,13.2765334476717,42.6840782165527
1,40.06,13.2798667475581,42.6936149597168
1,40.07,13.2832000474446,42.719841003418
1,40.08,13.286533347331,42.7412986755371
1,40.09,13.2898666472174,42.7603721618652
1,40.1,13.2931999471039,42.7842140197754
1,40.11,13.2965332469903,42.7985191345215
1,40.12,13.2998665468767,42.8271293640137
1,40.13,13.3031998467632,42.8509712219238
1,40.14,13.3065331466496,42.870044708252
1,40.15,13.309866446536,42.884349822998
1,40.16,13.3131997464225,42.9105758666992
1,40.17,13.3165330463089,42.9177284240723
1,40.18,13.3198663461953,42.9391860961914
1,40.19,13.3231996460818,42.9654121398926
1,40.2,13.3265329459682,42.9654121398926
1,40.21,13.3298662458546,42.9964065551758
1,40.22,13.3331995457411,43.0107116699219
1,40.23,13.3365328456275,43.025016784668
1,40.24,13.339866145514,43.0417060852051
1,40.25,13.3431994454004,43.0583953857422
1,40.26,13.3465327452868,43.0798530578613
1,40.27,13.3498660451733,43.0893898010254
1,40.28,13.3531993450597,43.1108474731445
1,40.29,13.3565326449461,43.1203842163086
1,40.3,13.3598659448326,43.1513786315918
1,40.31,13.363199244719,43.1609153747559
1,40.32,13.3665325446054,43.182373046875
1,40.33,13.3698658444919,43.2014465332031
1,40.34,13.3731991443783,43.2205200195313
1,40.35,13.3765324442647,43.2372093200684
1,40.36,13.3798657441512,43.2586669921875
1,40.37,13.3831990440376,43.2777404785156
1,40.38,13.386532343924,43.3158874511719
1,40.39,13.3898656438105,43.3206558227539
1,40.4,13.3931989436969,43.332576751709
1,40.41,13.3965322435834,43.3659553527832
1,40.42,13.3998655434698,43.3802604675293
1,40.43,13.4031988433562,43.3969497680664
1,40.44,13.4065321432427,43.4136390686035
1,40.45,13.4098654431291,43.4398651123047
1,40.46,13.4131987430155,43.4446334838867
1,40.47,13.416532042902,43.487548828125
1,40.48,13.4198653427884,43.4994697570801
1,40.49,13.4231986426748,43.5090065002441
1,40.5,13.4265319425613,43.5400009155273
1,40.51,13.4298652424477,43.5590744018555
1,40.52,13.4331985423341,43.5781478881836
1,40.53,13.4365318422206,43.6019897460938
1,40.54,13.439865142107,43.6162948608398
1,40.55,13.4431984419934,43.637752532959
1,40.56,13.4465317418799,43.6568260192871
1,40.57,13.4498650417663,43.6544418334961
1,40.58,13.4531983416528,43.6949729919434
1,40.59,13.4565316415392,43.7021255493164
1,40.6,13.4598649414256,43.7378883361816
1,40.61,13.4631982413121,43.7474250793457
1,40.62,13.4665315411985,43.7617301940918
1,40.63,13.4698648410849,43.7664985656738
1,40.64,13.4731981409714,43.795108795166
1,40.65,13.4765314408578,43.8046455383301
1,40.66,13.4798647407442,43.8308715820313
1,40.67,13.4831980406307,43.8499450683594
1,40.68,13.4865313405171,43.8642501831055
1,40.69,13.4898646404035,43.8785552978516
1,40.7,13.49319794029,43.9047813415527
1,40.71,13.4965312401764,43.9238548278809
1,40.72,13.4998645400628,43.942928314209
1,40.73,13.5031978399493,43.9643859863281
1,40.74,13.5065311398357,43.9715385437012
1,40.75,13.5098644397222,43.9882278442383
1,40.76,13.5131977396086,43.9977645874023
1,40.77,13.516531039495,44.0216064453125
1,40.78,13.5198643393815,44.0406799316406
1,40.79,13.5231976392679,44.0645217895508
1,40.8,13.5265309391543,44.0812110900879
1,40.81,13.5298642390408,44.100284576416
1,40.82,13.5331975389272,44.1098213195801
1,40.83,13.5365308388136,44.1455841064453
1,40.84,13.5398641387001,44.1622734069824
1,40.85,13.5431974385865,44.1813468933105
1,40.86,13.5465307384729,44.2051887512207
1,40.87,13.5498640383594,44.243335723877
1,40.88,13.5531973382458,44.255256652832
1,40.89,13.5565306381322,44.2790985107422
1,40.9,13.5598639380187,44.2981719970703
1,40.91,13.5631972379051,44.3267822265625
1,40.92,13.5665305377916,44.3601608276367
1,40.93,13.569863837678,44.3887710571289
1,40.94,13.5731971375644,44.4149971008301
1,40.95,13.5765304374509,44.4412231445313
1,40.96,13.5798637373373,44.4602966308594
1,40.97,13.5831970372237,44.5008277893066
1,40.98,13.5865303371102,44.5103645324707
1,40.99,13.5898636369966,44.548511505127
1,41,13.593196936883,44.560432434082
1,41.01,13.5965302367695,44.5818901062012
1,41.02,13.5998635366559,44.6057319641113
1,41.03,13.6031968365423,44.6152687072754
1,41.04,13.6065301364288,44.6248054504395
1,41.05,13.6098634363152,44.6367263793945
1,41.06,13.6131967362016,44.6486473083496
1,41.07,13.6165300360881,44.6653366088867
1,41.08,13.6198633359745,44.6867942810059
1,41.09,13.6231966358609,44.6987152099609
1,41.1,13.6265299357474,44.7273254394531
1,41.11,13.6298632356338,44.7344779968262
1,41.12,13.6331965355203,44.7392463684082
1,41.13,13.6365298354067,44.7750091552734
1,41.14,13.6398631352931,44.7964668273926
1,41.15,13.6431964351796,44.8179244995117
1,41.16,13.646529735066,44.8322296142578
1,41.17,13.6498630349524,44.856071472168
1,41.18,13.6531963348389,44.8775291442871
1,41.19,13.6565296347253,44.9109077453613
1,41.2,13.6598629346117,44.9275970458984
1,41.21,13.6631962344982,44.9442863464355
1,41.22,13.6665295343846,44.9633598327637
1,41.23,13.669862834271,44.9919700622559
1,41.24,13.6731961341575,45.0015068054199
1,41.25,13.6765294340439,45.0325012207031
1,41.26,13.6798627339303,45.0539588928223
1,41.27,13.6831960338168,45.0706481933594
1,41.28,13.6865293337032,45.0921058654785
1,41.29,13.6898626335897,45.1159477233887
1,41.3,13.6931959334761,45.1302528381348
1,41.31,13.6965292333625,45.1445579528809
1,41.32,13.699862533249,45.166015625
1,41.33,13.7031958331354,45.1827049255371
1,41.34,13.7065291330218,45.2113151550293
1,41.35,13.7098624329083,45.2256202697754
1,41.36,13.7131957327947,45.2518463134766
1,41.37,13.7165290326811,45.2876091003418
1,41.38,13.7198623325676,45.313835144043
1,41.39,13.723195632454,45.3376770019531
1,41.4,13.7265289323404,45.3567504882813
1,41.41,13.7298622322269,45.3829765319824
1,41.42,13.7331955321133,45.3996658325195
1,41.43,13.7365288319998,45.4306602478027
1,41.44,13.7398621318862,45.464038848877
1,41.45,13.7431954317726,45.468807220459
1,41.46,13.7465287316591,45.4950332641602
1,41.47,13.7498620315455,45.5069541931152
1,41.48,13.7531953314319,45.5355644226074
1,41.49,13.7565286313184,45.5451011657715
1,41.5,13.7598619312048,45.5713272094727
1,41.51,13.7631952310912,45.5832481384277
1,41.52,13.7665285309777,45.5880165100098
1,41.53,13.7698618308641,45.616626739502
1,41.54,13.7731951307505,45.626163482666
1,41.55,13.776528430637,45.6500053405762
1,41.56,13.7798617305234,45.6595420837402
1,41.57,13.7831950304098,45.6786155700684
1,41.58,13.7865283302963,45.6929206848145
1,41.59,13.7898616301827,45.7048416137695
1,41.6,13.7931949300691,45.7119941711426
1,41.61,13.7965282299556,45.7429885864258
1,41.62,13.799861529842,45.7525253295898
1,41.63,13.8031948297285,45.771598815918
1,41.64,13.8065281296149,45.8002090454102
1,41.65,13.8098614295013,45.8121299743652
1,41.66,13.8131947293878,45.8335876464844
1,41.67,13.8165280292742,45.8669662475586
1,41.68,13.8198613291606,45.8860397338867
1,41.69,13.8231946290471,45.9194183349609
1,41.7,13.8265279289335,45.9480285644531
1,41.71,13.8298612288199,45.9790229797363
1,41.72,13.8331945287064,45.9957122802734
1,41.73,13.8365278285928,46.0147857666016
1,41.74,13.8398611284792,46.0553169250488
1,41.75,13.8431944283657,46.0648536682129
1,41.76,13.8465277282521,46.0934638977051
1,41.77,13.8498610281385,46.1244583129883
1,41.78,13.853194328025,46.1411476135254
1,41.79,13.8565276279114,46.1578369140625
1,41.8,13.8598609277979,46.1816787719727
1,41.81,13.8631942276843,46.1864471435547
1,41.82,13.8665275275707,46.2198257446289
1,41.83,13.8698608274572,46.229362487793
1,41.84,13.8731941273436,46.2508201599121
1,41.85,13.87652742723,46.2627410888672
1,41.86,13.8798607271165,46.2889671325684
1,41.87,13.8831940270029,46.2961196899414
1,41.88,13.8865273268893,46.3175773620605
1,41.89,13.8898606267758,46.3342666625977
1,41.9,13.8931939266622,46.3509559631348
1,41.91,13.8965272265486,46.3676452636719
1,41.92,13.8998605264351,46.391487121582
1,41.93,13.9031938263215,46.4200973510742
1,41.94,13.9065271262079,46.4320182800293
1,41.95,13.9098604260944,46.4582443237305
1,41.96,13.9131937259808,46.4749336242676
1,41.97,13.9165270258673,46.5130805969238
1,41.98,13.9198603257537,46.534538269043
1,41.99,13.9231936256401,46.5559959411621
1,42,13.9265269255266,46.5798377990723
1,42.01,13.929860225413,46.6036796569824
1,42.02,13.9331935252994,46.6251373291016
1,42.03,13.9365268251859,46.6346740722656
1,42.04,13.9398601250723,46.6680526733398
1,42.05,13.9431934249587,46.6775894165039
1,42.06,13.9465267248452,46.7061996459961
1,42.07,13.9498600247316,46.7181205749512
1,42.08,13.953193324618,46.7348098754883
1,42.09,13.9565266245045,46.7419624328613
1,42.1,13.9598599243909,46.7562675476074
1,42.11,13.9631932242773,46.7777252197266
1,42.12,13.9665265241638,46.7777252197266
1,42.13,13.9698598240502,46.7896461486816
1,42.14,13.9731931239367,46.8063354492188
1,42.15,13.9765264238231,46.8039512634277
1,42.16,13.9798597237095,46.8158721923828
1,42.17,13.983193023596,46.8277931213379
1,42.18,13.9865263234824,46.8254089355469
1,42.19,13.9898596233688,46.8325614929199
1,42.2,13.9931929232553,46.837329864502
1,42.21,13.9965262231417,46.8564033508301
1,42.22,13.9998595230281,46.851634979248
1,42.23,14.0031928229146,46.8611717224121
1,42.24,14.006526122801,46.8659400939941
1,42.25,14.0098594226874,46.8850135803223
1,42.26,14.0131927225739,46.9040870666504
1,42.27,14.0165260224603,46.9017028808594
1,42.28,14.0198593223467,46.9160079956055
1,42.29,14.0231926222332,46.9350814819336
1,42.3,14.0265259221196,46.9565391540527
1,42.31,14.0298592220061,46.9756126403809
1,42.32,14.0331925218925,46.992301940918
1,42.33,14.0365258217789,47.0232963562012
1,42.34,14.0398591216654,47.0471382141113
1,42.35,14.0431924215518,47.0638275146484
1,42.36,14.0465257214382,47.0757484436035
1,42.37,14.0498590213247,47.1210479736328
1,42.38,14.0531923212111,47.1401214599609
1,42.39,14.0565256210975,47.1639633178711
1,42.4,14.059858920984,47.1854209899902
1,42.41,14.0631922208704,47.2187995910645
1,42.42,14.0665255207568,47.2164154052734
1,42.43,14.0698588206433,47.2497940063477
1,42.44,14.0731921205297,47.2664833068848
1,42.45,14.0765254204161,47.2903251647949
1,42.46,14.0798587203026,47.299861907959
1,42.47,14.083192020189,47.3356246948242
1,42.48,14.0865253200755,47.3570823669434
1,42.49,14.0898586199619,47.3785400390625
1,42.5,14.0931919198483,47.3952293395996
1,42.51,14.0965252197348,47.4119186401367
1,42.52,14.0998585196212,47.4357604980469
1,42.53,14.1031918195076,47.461986541748
1,42.54,14.1065251193941,47.4810600280762
1,42.55,14.1098584192805,47.4977493286133
1,42.56,14.1131917191669,47.5311279296875
1,42.57,14.1165250190534,47.5549697875977
1,42.58,14.1198583189398,47.5811958312988
1,42.59,14.1231916188262,47.612190246582
1,42.6,14.1265249187127,47.6479530334473
1,42.61,14.1298582185991,47.6694107055664
1,42.62,14.1331915184855,47.7123260498047
1,42.63,14.136524818372,47.7194786071777
1,42.64,14.1398581182584,47.7504730224609
1,42.65,14.1431914181449,47.7743148803711
1,42.66,14.1465247180313,47.7933883666992
1,42.67,14.1498580179177,47.8029251098633
1,42.68,14.1531913178042,47.8291511535645
1,42.69,14.1565246176906,47.8482246398926
1,42.7,14.159857917577,47.8649139404297
1,42.71,14.1631912174635,47.8816032409668
1,42.72,14.1665245173499,47.8863716125488
1,42.73,14.1698578172363,47.914981842041
1,42.74,14.1731911171228,47.9245185852051
1,42.75,14.1765244170092,47.9578971862793
1,42.76,14.1798577168956,47.9698181152344
1,42.77,14.1831910167821,47.9888916015625
1,42.78,14.1865243166685,48.0008125305176
1,42.79,14.1898576165549,48.0103492736816
1,42.8,14.1931909164414,48.0556488037109
1,42.81,14.1965242163278,48.067569732666
1,42.82,14.1998575162143,48.0914115905762
1,42.83,14.2031908161007,48.1200218200684
1,42.84,14.2065241159871,48.1367111206055
1,42.85,14.2098574158736,48.1534004211426
1,42.86,14.21319071576,48.1724739074707
1,42.87,14.2165240156464,48.1986999511719
1,42.88,14.2198573155329,48.220157623291
1,42.89,14.2231906154193,48.2344627380371
1,42.9,14.2265239153057,48.2630729675293
1,42.91,14.2298572151922,48.2797622680664
1,42.92,14.2331905150786,48.2940673828125
1,42.93,14.236523814965,48.3083724975586
1,42.94,14.2398571148515,48.3298301696777
1,42.95,14.2431904147379,48.3369827270508
1,42.96,14.2465237146243,48.3608245849609
1,42.97,14.2498570145108,48.3584403991699
1,42.98,14.2531903143972,48.367977142334
1,42.99,14.2565236142837,48.3798980712891
1,43,14.2598569141701,48.3870506286621
1,43.01,14.2631902140565,48.3942031860352
1,43.02,14.266523513943,48.4013557434082
1,43.03,14.2698568138294,48.4132766723633
1,43.04,14.2731901137158,48.4323501586914
1,43.05,14.2765234136023,48.4442710876465
1,43.06,14.2798567134887,48.4848022460938
1,43.07,14.2831900133751,48.4991073608398
1,43.08,14.2865233132616,48.52294921875
1,43.09,14.289856613148,48.5515594482422
1,43.1,14.2931899130344,48.5777854919434
1,43.11,14.2965232129209,48.5992431640625
1,43.12,14.2998565128073,48.6350059509277
1,43.13,14.3031898126937,48.668384552002
1,43.14,14.3065231125802,48.7065315246582
1,43.15,14.3098564124666,48.7565994262695
1,43.16,14.3131897123531,48.7780570983887
1,43.17,14.3165230122395,48.8138198852539
1,43.18,14.3198563121259,48.8662719726563
1,43.19,14.3231896120124,48.8972663879395
1,43.2,14.3265229118988,48.9377975463867
1,43.21,14.3298562117852,48.973560333252
1,43.22,14.3331895116717,49.0117073059082
1,43.23,14.3365228115581,49.0403175354004
1,43.24,14.3398561114445,49.0689277648926
1,43.25,14.343189411331,49.0760803222656
1,43.26,14.3465227112174,49.1094589233398
1,43.27,14.3498560111038,49.130916595459
1,43.28,14.3531893109903,49.1428375244141
1,43.29,14.3565226108767,49.1642951965332
1,43.3,14.3598559107631,49.1714477539063
1,43.31,14.3631892106496,49.1762161254883
1,43.32,14.366522510536,49.1905212402344
1,43.33,14.3698558104225,49.2143630981445
1,43.34,14.3731891103089,49.2215156555176
1,43.35,14.3765224101953,49.2286682128906
1,43.36,14.3798557100818,49.2405891418457
1,43.37,14.3831890099682,49.2548942565918
1,43.38,14.3865223098546,49.2763519287109
1,43.39,14.3898556097411,49.2763519287109
1,43.4,14.3931889096275,49.2954254150391
1,43.41,14.3965222095139,49.3240356445313
1,43.42,14.3998555094004,49.3359565734863
1,43.43,14.4031888092868,49.3526458740234
1,43.44,14.4065221091732,49.3717193603516
1,43.45,14.4098554090597,49.3979454040527
1,43.46,14.4131887089461,49.4074821472168
1,43.47,14.4165220088325,49.4241714477539
1,43.48,14.419855308719,49.4480133056641
1,43.49,14.4231886086054,49.4694709777832
1,43.5,14.4265219084918,49.4933128356934
1,43.51,14.4298552083783,49.5123863220215
1,43.52,14.4331885082647,49.5290756225586
1,43.53,14.4365218081512,49.5481491088867
1,43.54,14.4398551080376,49.5719909667969
1,43.55,14.443188407924,49.598217010498
1,43.56,14.4465217078105,49.6268272399902
1,43.57,14.4498550076969,49.6363639831543
1,43.58,14.4531883075833,49.6506690979004
1,43.59,14.4565216074698,49.6578216552734
1,43.6,14.4598549073562,49.6768951416016
1,43.61,14.4631882072426,49.6912002563477
1,43.62,14.4665215071291,49.6935844421387
1,43.63,14.4698548070155,49.7055053710938
1,43.64,14.4731881069019,49.7102737426758
1,43.65,14.4765214067884,49.7245788574219
1,43.66,14.4798547066748,49.7198104858398
1,43.67,14.4831880065613,49.738883972168
1,43.68,14.4865213064477,49.74365234375
1,43.69,14.4898546063341,49.7651100158691
1,43.7,14.4931879062206,49.7817993164063
1,43.71,14.496521206107,49.8056411743164
1,43.72,14.4998545059934,49.8342514038086
1,43.73,14.5031878058799,49.8676300048828
1,43.74,14.5065211057663,49.889087677002
1,43.75,14.5098544056527,49.9248504638672
1,43.76,14.5131877055392,49.9463081359863
1,43.77,14.5165210054256,49.9773025512695
1,43.78,14.519854305312,50.0130653381348
1,43.79,14.5231876051985,50.0297546386719
1,43.8,14.5265209050849,50.0702857971191
1,43.81,14.5298542049713,50.0869750976563
1,43.82,14.5331875048578,50.1132011413574
1,43.83,14.5365208047442,50.1227378845215
1,43.84,14.5398541046306,50.1561164855957
1,43.85,14.5431874045171,50.1704216003418
1,43.86,14.5465207044035,50.1918792724609
1,43.87,14.54985400429,50.199031829834
1,43.88,14.5531873041764,50.2204895019531
1,43.89,14.5565206040628,50.2300262451172
1,43.9,14.5598539039493,50.2586364746094
1,43.91,14.5631872038357,50.2705574035645
1,43.92,14.5665205037221,50.2943992614746
1,43.93,14.5698538036086,50.3182411193848
1,43.94,14.573187103495,50.3325462341309
1,43.95,14.5765204033814,50.3706932067871
1,43.96,14.5798537032679,50.3826141357422
1,43.97,14.5831870031543,50.4207611083984
1,43.98,14.5865203030407,50.4350662231445
1,43.99,14.5898536029272,50.4755973815918
1,44,14.5931869028136,50.4851341247559
1,44.01,14.5965202027,50.5208969116211
1,44.02,14.5998535025865,50.5399703979492
1,44.03,14.6031868024729,50.5709648132324
1,44.04,14.6065201023594,50.5995750427246
1,44.05,14.6098534022458,50.6210327148438
1,44.06,14.6131867021322,50.6424903869629
1,44.07,14.6165200020187,50.6782531738281
1,44.08,14.6198533019051,50.7020950317383
1,44.09,14.6231866017915,50.7235527038574
1,44.1,14.626519901678,50.7521629333496
1,44.11,14.6298532015644,50.7593154907227
1,44.12,14.6331865014508,50.7903099060059
1,44.13,14.6365198013373,50.811767578125
1,44.14,14.6398531012237,50.8236885070801
1,44.15,14.6431864011101,50.8379936218262
1,44.16,14.6465197009966,50.8570671081543
1,44.17,14.649853000883,50.8880615234375
1,44.18,14.6531863007695,50.8999824523926
1,44.19,14.6565196006559,50.9142875671387
1,44.2,14.6598529005423,50.9238243103027
1,44.21,14.6631862004288,50.9405136108398
1,44.22,14.6665195003152,50.959587097168
1,44.23,14.6698528002016,50.971508026123
1,44.24,14.6731861000881,50.9905815124512
1,44.25,14.6765193999745,51.0191917419434
1,44.26,14.6798526998609,51.0358810424805
1,44.27,14.6831859997474,51.0787963867188
1,44.28,14.6865192996338,51.1002540588379
1,44.29,14.6898525995202,51.116943359375
1,44.3,14.6931858994067,51.1407852172852
1,44.31,14.6965191992931,51.1717796325684
1,44.32,14.6998524991795,51.1884689331055
1,44.33,14.703185799066,51.2242317199707
1,44.34,14.7065190989524,51.2480735778809
1,44.35,14.7098523988388,51.271915435791
1,44.36,14.7131856987253,51.3029098510742
1,44.37,14.7165189986117,51.3219833374023
1,44.38,14.7198522984982,51.3482093811035
1,44.39,14.7231855983846,51.3505935668945
1,44.4,14.726518898271,51.3792037963867
1,44.41,14.7298521981575,51.4054298400879
1,44.42,14.7331854980439,51.4078140258789
1,44.43,14.7365187979303,51.4316558837891
1,44.44,14.7398520978168,51.4483451843262
1,44.45,14.7431853977032,51.4626502990723
1,44.46,14.7465186975896,51.4841079711914
1,44.47,14.7498519974761,51.4960289001465
1,44.48,14.7531852973625,51.5198707580566
1,44.49,14.7565185972489,51.5294075012207
1,44.5,14.7598518971354,51.5532493591309
1,44.51,14.7631851970218,51.572322845459
1,44.52,14.7665184969082,51.6033172607422
1,44.53,14.7698517967947,51.6152381896973
1,44.54,14.7731850966811,51.6510009765625
1,44.55,14.7765183965676,51.6772270202637
1,44.56,14.779851696454,51.7058372497559
1,44.57,14.7831849963404,51.7129898071289
1,44.58,14.7865182962269,51.7511367797852
1,44.59,14.7898515961133,51.7678260803223
1,44.6,14.7931848959997,51.7773628234863
1,44.61,14.7965181958862,51.8083572387695
1,44.62,14.7998514957726,51.8202781677246
1,44.63,14.803184795659,51.8512725830078
1,44.64,14.8065180955455,51.8560409545898
1,44.65,14.8098513954319,51.882266998291
1,44.66,14.8131846953183,51.887035369873
1,44.67,14.8165179952048,51.9204139709473
1,44.68,14.8198512950912,51.9299507141113
1,44.69,14.8231845949776,51.9609451293945
1,44.7,14.8265178948641,51.9704818725586
1,44.71,14.8298511947505,51.9919395446777
1,44.72,14.833184494637,52.0038604736328
1,44.73,14.8365177945234,52.0157814025879
1,44.74,14.8398510944098,52.032470703125
1,44.75,14.8431843942963,52.0563125610352
1,44.76,14.8465176941827,52.0634651184082
1,44.77,14.8498509940691,52.0634651184082
1,44.78,14.8531842939556,52.0849227905273
1,44.79,14.856517593842,52.0896911621094
1,44.8,14.8598508937284,52.1087646484375
1,44.81,14.8631841936149,52.1183013916016
1,44.82,14.8665174935013,52.1302223205566
1,44.83,14.8698507933877,52.1326065063477
1,44.84,14.8731840932742,52.1492958068848
1,44.85,14.8765173931606,52.1564483642578
1,44.86,14.879850693047,52.182674407959
1,44.87,14.8831839929335,52.18505859375
1,44.88,14.8865172928199,52.2065162658691
1,44.89,14.8898505927064,52.2327423095703
1,44.9,14.8931838925928,52.2446632385254
1,44.91,14.8965171924792,52.2589683532715
1,44.92,14.8998504923657,52.2708892822266
1,44.93,14.9031837922521,52.3066520690918
1,44.94,14.9065170921385,52.3209571838379
1,44.95,14.909850392025,52.332878112793
1,44.96,14.9131836919114,52.344799041748
1,44.97,14.9165169917978,52.3686408996582
1,44.98,14.9198502916843,52.3948669433594
1,44.99,14.9231835915707,52.4139404296875
1,45,14.9265168914571,52.4258613586426
1,45.01,14.9298501913436,52.4544715881348
1,45.02,14.93318349123,52.4544715881348
1,45.03,14.9365167911164,52.492618560791
1,45.04,14.9398500910029,52.5021553039551
1,45.05,14.9431833908893,52.5283813476563
1,45.06,14.9465166907758,52.5426864624023
1,45.07,14.9498499906622,52.5569915771484
1,45.08,14.9531832905486,52.5832176208496
1,45.09,14.9565165904351,52.5999069213867
1,45.1,14.9598498903215,52.6309013366699
1,45.11,14.9631831902079,52.6595115661621
1,45.12,14.9665164900944,52.6833534240723
1,45.13,14.9698497899808,52.6881217956543
1,45.14,14.9731830898672,52.7262687683105
1,45.15,14.9765163897537,52.7477264404297
1,45.16,14.9798496896401,52.7739524841309
1,45.17,14.9831829895265,52.800178527832
1,45.18,14.986516289413,52.8240203857422
1,45.19,14.9898495892994,52.8597831726074
1,45.21,14.9931828891858,52.9074668884277
1,45.22,14.9998494889587,52.9313087463379
1,45.23,15.0031827888452,52.943229675293
1,45.24,15.0065160887316,52.9599189758301
1,45.25,15.009849388618,52.9909133911133
1,45.26,15.0131826885045,53.0052185058594
1,45.27,15.0165159883909,53.0481338500977
1,45.28,15.0198492882773,53.0624389648438
1,45.29,15.0231825881638,53.0862808227539
1,45.31,15.0298491879366,53.1220436096191
1,45.32,15.0331824878231,53.1554222106934
1,45.33,15.0365157877095,53.1649589538574
1,45.34,15.0398490875959,53.1888008117676
1,45.35,15.0431823874824,53.2197952270508
1,45.36,15.0465156873688,53.2388687133789
1,45.37,15.0498489872552,53.2674789428711
1,45.38,15.0531822871417,53.2889366149902
1,45.39,15.0565155870281,53.3246994018555
1,45.4,15.0598488869146,53.3390045166016
1,45.41,15.063182186801,53.3676147460938
1,45.42,15.0665154866874,53.3747673034668
1,45.43,15.0698487865739,53.40576171875
1,45.44,15.0731820864603,53.412914276123
1,45.45,15.0765153863467,53.4510612487793
1,45.46,15.0798486862332,53.4701347351074
1,45.47,15.0831819861196,53.4963607788086
1,45.48,15.086515286006,53.5082817077637
1,45.49,15.0898485858925,53.5368919372559
1,45.51,15.0931818857789,53.5774230957031
1,45.52,15.0998484855518,53.5821914672852
1,45.53,15.1031817854382,53.6155700683594
1,45.54,15.1065150853246,53.6298751831055
1,45.55,15.1098483852111,53.6370277404785
1,45.57,15.116514984984,53.6918640136719
1,45.58,15.1198482848704,53.7014007568359
1,45.59,15.1231815847568,53.7204742431641
1,45.61,15.1265148846433,53.7514686584473
1,45.62,15.1298481845297,53.7848472595215
1,45.63,15.1365147843026,53.8039207458496
1,45.64,15.139848084189,53.8396835327148
1,45.65,15.1431813840754,53.8444519042969
1,45.66,15.1465146839619,53.8802146911621
1,45.67,15.1498479838483,53.9016723632813
1,45.68,15.1531812837347,53.9326667785645
1,45.69,15.1565145836212,53.9565086364746
1,45.71,15.1598478835076,54.018497467041
1,45.72,15.1665144832805,54.0447235107422
1,45.73,15.1698477831669,54.0757179260254
1,45.74,15.1731810830534,54.1067123413086
1,45.75,15.1765143829398,54.1400909423828
1,45.76,15.1798476828262,54.1853904724121
1,45.77,15.1831809827127,54.2259216308594
1,45.78,15.1865142825991,54.2569160461426
1,45.79,15.1898475824855,54.2879104614258
1,45.81,15.193180882372,54.3642044067383
1,45.82,15.1998474821448,54.4047355651855
1,45.83,15.2031807820313,54.4238090515137
1,45.84,15.2065140819177,54.471492767334
1,45.85,15.2098473818041,54.4929504394531
1,45.87,15.216513981577,54.5454025268555
1,45.88,15.2198472814634,54.5620918273926
1,45.89,15.2231805813499,54.5763969421387
1,45.91,15.2298471811228,54.6121597290039
1,45.92,15.2331804810092,54.6407699584961
1,45.93,15.2365137808956,54.6622276306152
1,45.94,15.2398470807821,54.6741485595703
1,45.95,15.2431803806685,54.7027587890625
1,45.96,15.2465136805549,54.7122955322266
1,45.97,15.2498469804414,54.7194480895996
1,45.98,15.2531802803278,54.7313690185547
1,45.99,15.2565135802142,54.7480583190918
1,46,15.2598468801007,54.7599792480469
1,46.01,15.2631801799871,54.779052734375
1,46.02,15.2665134798735,54.774284362793
1,46.03,15.26984677976,54.7981262207031
1,46.04,15.2731800796464,54.7933578491211
1,46.05,15.2765133795328,54.8028945922852
1,46.06,15.2798466794193,54.8124313354492
1,46.07,15.2831799793057,54.8148155212402
1,46.08,15.2865132791921,54.8195838928223
1,46.09,15.2898465790786,54.8410415649414
1,46.11,15.293179878965,54.8434257507324
1,46.12,15.2998464787379,54.8505783081055
1,46.13,15.3031797786243,54.8386573791504
1,46.14,15.3065130785108,54.8601150512695
1,46.15,15.3098463783972,54.8529624938965
1,46.17,15.3165129781701,54.8505783081055
1,46.18,15.3198462780565,54.8791885375977
1,46.19,15.3231795779429,54.8887252807617
1,46.21,15.3265128778294,54.9054145812988
1,46.22,15.3331794776022,54.9197196960449
1,46.23,15.3365127774887,54.929256439209
1,46.24,15.3398460773751,54.9530982971191
1,46.25,15.3431793772616,54.9793243408203
1,46.26,15.346512677148,55.0031661987305
1,46.27,15.3498459770344,55.0127029418945
1,46.28,15.3531792769209,55.0222396850586
1,46.29,15.3565125768073,55.0460815429688
1,46.3,15.3598458766937,55.0723075866699
1,46.31,15.3631791765802,55.1009178161621
1,46.32,15.3665124764666,55.1271438598633
1,46.33,15.369845776353,55.1390647888184
1,46.35,15.3731790762395,55.1843643188477
1,46.36,15.3798456760123,55.2225112915039
1,46.37,15.3831789758988,55.23681640625
1,46.38,15.3865122757852,55.2678108215332
1,46.39,15.3898455756716,55.2868843078613
1,46.41,15.3931788755581,55.3274154663086
1,46.42,15.3998454753309,55.3441047668457
1,46.43,15.4031787752174,55.3631782531738
1,46.45,15.4098453749903,55.3798675537109
1,46.47,15.4131786748767,55.4156303405762
1,46.48,15.4198452746496,55.4299354553223
1,46.49,15.423178574536,55.4466247558594
1,46.51,15.4265118744224,55.4704666137695
1,46.52,15.4298451743089,55.5014610290527
1,46.53,15.4331784741953,55.5229187011719
1,46.54,15.4398450739682,55.546760559082
1,46.56,15.4431783738546,55.5992126464844
1,46.57,15.4498449736275,55.6278228759766
1,46.58,15.4531782735139,55.6492805480957
1,46.6,15.4565115734003,55.7112693786621
1,46.61,15.4598448732868,55.7231903076172
1,46.62,15.4665114730597,55.7565689086914
1,46.63,15.4698447729461,55.7732582092285
1,46.65,15.4731780728325,55.8304786682129
1,46.66,15.476511372719,55.8662414550781
1,46.67,15.4798446726054,55.8853149414063
1,46.68,15.4865112723783,55.9258460998535
1,46.69,15.4898445722647,55.9592247009277
1,46.71,15.4931778721511,56.0116767883301
1,46.72,15.4965111720376,56.0450553894043
1,46.73,15.499844471924,56.0784339904785
1,46.74,15.5031777718104,56.1046600341797
1,46.75,15.5065110716969,56.1308860778809
1,46.76,15.5098443715833,56.154727935791
1,46.77,15.5131776714697,56.1833381652832
1,46.78,15.5198442712426,56.2119483947754
1,46.8,15.5231775711291,56.2596321105957
1,46.81,15.5265108710155,56.2810897827148
1,46.82,15.5298441709019,56.309700012207
1,46.83,15.5331774707884,56.3263893127441
1,46.84,15.5398440705612,56.3549995422363
1,46.86,15.5431773704477,56.3931465148926
1,46.87,15.5498439702205,56.4122200012207
1,46.89,15.553177270107,56.4432144165039
1,46.9,15.5565105699934,56.464672088623
1,46.91,15.5598438698798,56.4861297607422
1,46.92,15.5665104696527,56.4885139465332
1,46.93,15.5698437695391,56.5004348754883
1,46.95,15.5731770694256,56.5433502197266
1,46.96,15.576510369312,56.5552711486816
1,46.97,15.5798436691985,56.5671920776367
1,46.98,15.5865102689713,56.5981864929199
1,46.99,15.5898435688578,56.6220283508301
1,47.01,15.5931768687442,56.6601753234863
1,47.02,15.5965101686306,56.7054748535156
1,47.03,15.5998434685171,56.7054748535156
1,47.04,15.6031767684035,56.7507743835449
1,47.05,15.6065100682899,56.760311126709
1,47.06,15.6098433681764,56.7841529846191
1,47.07,15.6131766680628,56.7936897277832
1,47.08,15.6198432678357,56.8151473999023
1,47.1,15.6231765677221,56.8532943725586
1,47.11,15.6265098676085,56.8819046020508
1,47.12,15.629843167495,56.8938255310059
1,47.13,15.6331764673814,56.912899017334
1,47.14,15.6365097672679,56.9295883178711
1,47.15,15.6398430671543,56.9486618041992
1,47.16,15.6431763670407,56.9748878479004
1,47.17,15.6465096669272,57.0034980773926
1,47.18,15.6498429668136,57.0321083068848
1,47.19,15.6531762667,57.0535659790039
1,47.2,15.6565095665865,57.0821762084961
1,47.21,15.6598428664729,57.1084022521973
1,47.22,15.6631761663593,57.1322441101074
1,47.23,15.6698427661322,57.1703910827637
1,47.25,15.6731760660186,57.2371482849121
1,47.26,15.6765093659051,57.2443008422852
1,47.27,15.6798426657915,57.2776794433594
1,47.28,15.6865092655644,57.3062896728516
1,47.29,15.6898425654508,57.3325157165527
1,47.31,15.6931758653373,57.368278503418
1,47.32,15.6965091652237,57.4016571044922
1,47.33,15.6998424651101,57.4040412902832
1,47.34,15.7031757649966,57.4374198913574
1,47.35,15.706509064883,57.4445724487305
1,47.36,15.7098423647694,57.4731826782227
1,47.37,15.7131756646559,57.4731826782227
1,47.38,15.7198422644287,57.4994087219238
1,47.4,15.7231755643152,57.5113296508789
1,47.41,15.7265088642016,57.5160980224609
1,47.42,15.729842164088,57.5351715087891
1,47.43,15.7331754639745,57.5375556945801
1,47.44,15.7365087638609,57.5494766235352
1,47.45,15.7398420637473,57.5613975524902
1,47.46,15.7431753636338,57.5709342956543
1,47.47,15.7465086635202,57.5828552246094
1,47.48,15.7498419634067,57.5923919677734
1,47.49,15.7531752632931,57.5947761535645
1,47.5,15.7565085631795,57.6210021972656
1,47.51,15.759841863066,57.6400756835938
1,47.52,15.7631751629524,57.6424598693848
1,47.53,15.7665084628388,57.6591491699219
1,47.54,15.7698417627253,57.682991027832
1,47.55,15.7731750626117,57.6949119567871
1,47.56,15.7765083624981,57.7187538146973
1,47.57,15.7798416623846,57.7306747436523
1,47.58,15.7865082621574,57.7712059020996
1,47.59,15.7898415620439,57.7974319458008
1,47.61,15.7931748619303,57.837963104248
1,47.62,15.7998414617032,57.8522682189941
1,47.64,15.8031747615896,57.8975677490234
1,47.65,15.8065080614761,57.9309463500977
1,47.66,15.8098413613625,57.9476356506348
1,47.67,15.8131746612489,57.978630065918
1,47.68,15.8198412610218,58.0000877380371
1,47.7,15.8231745609082,58.0573081970215
1,47.71,15.8265078607947,58.0883026123047
1,47.72,15.8298411606811,58.1169128417969
1,47.73,15.8331744605675,58.131217956543
1,47.74,15.836507760454,58.1550598144531
1,47.75,15.8398410603404,58.1884384155273
1,47.76,15.8431743602268,58.2218170166016
1,47.77,15.8465076601133,58.2361221313477
1,47.78,15.8498409599997,58.2551956176758
1,47.79,15.8531742598861,58.283805847168
1,47.8,15.8565075597726,58.295726776123
1,47.81,15.859840859659,58.3291053771973
1,47.82,15.8631741595454,58.3529472351074
1,47.83,15.8698407593183,58.3767890930176
1,47.85,15.8731740592048,58.4077835083008
1,47.86,15.8765073590912,58.438777923584
1,47.87,15.8798406589776,58.4650039672852
1,47.88,15.8865072587505,58.4745407104492
1,47.89,15.8898405586369,58.5007667541504
1,47.91,15.8931738585234,58.5627555847168
1,47.92,15.8965071584098,58.5746765136719
1,47.93,15.8998404582962,58.6080551147461
1,47.94,15.9031737581827,58.6318969726563
1,47.95,15.9065070580691,58.6581230163574
1,47.96,15.9098403579555,58.6986541748047
1,47.97,15.913173657842,58.7177276611328
1,47.98,15.9198402576149,58.739185333252
1,48,15.9231735575013,58.7844848632813
1,48.01,15.9265068573877,58.8274002075195
1,48.02,15.9298401572742,58.8297843933105
1,48.03,15.9331734571606,58.8679313659668
1,48.04,15.936506757047,58.8774681091309
1,48.05,15.9398400569335,58.8893890380859
1,48.06,15.9431733568199,58.9275360107422
1,48.07,15.9465066567063,58.9561462402344
1,48.08,15.9498399565928,58.9418411254883
1,48.09,15.9531732564792,58.9704513549805
1,48.1,15.9565065563656,58.9895248413086
1,48.11,15.9598398562521,58.9942932128906
1,48.12,15.9631731561385,58.9942932128906
1,48.13,15.9698397559114,59.0181350708008
1,48.15,15.9731730557978,59.0610504150391
1,48.16,15.9765063556843,59.0753555297852
1,48.17,15.9798396555707,59.1135025024414
1,48.18,15.9865062553436,59.1039657592773
1,48.19,15.98983955523,59.1325759887695
1,48.21,15.9931728551164,59.1897964477539
1,48.22,15.9965061550029,59.1754913330078
1,48.23,15.9998394548893,59.2184066772461
1,48.24,16.0031727547757,59.2374801635742
1,48.25,16.0065060546622,59.2803955078125
1,48.26,16.0098393545486,59.2994689941406
1,48.27,16.013172654435,59.3090057373047
1,48.28,16.0165059543215,59.3423843383789
1,48.29,16.0198392542079,59.3900680541992
1,48.3,16.0231725540943,59.4043731689453
1,48.31,16.0265058539808,59.4425201416016
1,48.32,16.0298391538672,59.4568252563477
1,48.33,16.0331724537537,59.4854354858398
1,48.34,16.0365057536401,59.4949722290039
1,48.35,16.0398390535265,59.50927734375
1,48.36,16.043172353413,59.514045715332
1,48.37,16.0465056532994,59.5426559448242
1,48.38,16.0498389531858,59.5474243164063
1,48.39,16.0531722530723,59.5664978027344
1,48.4,16.0565055529587,59.5712661743164
1,48.41,16.0598388528451,59.6141815185547
1,48.42,16.0631721527316,59.5998764038086
1,48.43,16.066505452618,59.6427917480469
1,48.44,16.0698387525044,59.6427917480469
1,48.45,16.0731720523909,59.6714019775391
1,48.46,16.0765053522773,59.6857070922852
1,48.47,16.0798386521637,59.7143173217773
1,48.48,16.0831719520502,59.7238540649414
1,48.49,16.0865052519366,59.7476959228516
1,48.5,16.0898385518231,59.7906112670898
1,48.51,16.0931718517095,59.7906112670898
1,48.52,16.0965051515959,59.8382949829102
1,48.53,16.0998384514824,59.8335266113281
1,48.54,16.1031717513688,59.8907470703125
1,48.55,16.1065050512552,59.9050521850586
1,48.56,16.1098383511417,59.9431991577148
1,48.57,16.1131716510281,59.9765777587891
1,48.58,16.1165049509145,59.971809387207
1,48.59,16.119838250801,60.0242614746094
1,48.6,16.1231715506874,60.0051879882813
1,48.61,16.1265048505738,60.0671768188477
1,48.62,16.1298381504603,60.0576400756836
1,48.63,16.1331714503467,60.1100921630859
1,48.64,16.1365047502331,60.1100921630859
1,48.65,16.1398380501196,60.1434707641602
1,48.66,16.143171350006,60.1768493652344
1,48.67,16.1465046498925,60.1863861083984
1,48.68,16.1498379497789,60.2197647094727
1,48.69,16.1531712496653,60.2388381958008
1,48.7,16.1565045495518,60.2865219116211
1,48.71,16.1598378494382,60.2817535400391
1,48.72,16.1631711493246,60.3246688842773
1,48.73,16.1665044492111,60.3485107421875
1,48.74,16.1698377490975,60.3723526000977
1,48.75,16.1731710489839,60.3628158569336
1,48.76,16.1765043488704,60.3914260864258
1,48.77,16.1798376487568,60.4152679443359
1,48.78,16.1831709486432,60.4629516601563
1,48.79,16.1865042485297,60.4486465454102
1,48.8,16.1898375484161,60.4772567749023
1,48.81,16.1931708483025,60.4724884033203
1,48.82,16.196504148189,60.5201721191406
1,48.83,16.1998374480754,60.4963302612305
1,48.84,16.2031707479618,60.5344772338867
1,48.85,16.2065040478483,60.5678558349609
1,48.86,16.2098373477347,60.5678558349609
1,48.87,16.2131706476212,60.5964660644531
1,48.88,16.2165039475076,60.6203079223633
1,48.89,16.219837247394,60.6250762939453
1,48.9,16.2231705472805,60.6679916381836
1,48.91,16.2265038471669,60.6632232666016
1,48.92,16.2298371470533,60.6966018676758
1,48.93,16.2331704469398,60.7109069824219
1,48.94,16.2365037468262,60.7156753540039
1,48.95,16.2398370467126,60.7442855834961
1,48.96,16.2431703465991,60.7538223266602
1,48.97,16.2465036464855,60.7728958129883
1,48.98,16.2498369463719,60.8062744140625
1,48.99,16.2531702462584,60.7967376708984
1,49,16.2565035461448,60.8205795288086
1,49.01,16.2598368460312,60.8348846435547
1,49.02,16.2631701459177,60.8634948730469
1,49.03,16.2665034458041,60.8587265014648
1,49.04,16.2698367456906,60.882568359375
1,49.05,16.273170045577,60.9111785888672
1,49.06,16.2765033454634,60.9397888183594
1,49.07,16.2798366453499,60.9350204467773
1,49.08,16.2831699452363,60.9588623046875
1,49.09,16.2898365450092,61.0065460205078
1,49.11,16.2931698448956,61.0494613647461
1,49.12,16.296503144782,61.0733032226563
1,49.13,16.2998364446685,61.1162185668945
1,49.14,16.3031697445549,61.1305236816406
1,49.15,16.3065030444413,61.1495971679688
1,49.16,16.3098363443278,61.1543655395508
1,49.17,16.3131696442142,61.1972808837891
1,49.18,16.3165029441006,61.2258911132813
1,49.19,16.3198362439871,61.2640380859375
1,49.2,16.3231695438735,61.2783432006836
1,49.21,16.32650284376,61.3021850585938
1,49.22,16.3298361436464,61.3260269165039
1,49.23,16.3331694435328,61.3546371459961
1,49.24,16.3365027434193,61.3784790039063
1,49.25,16.3398360433057,61.3737106323242
1,49.26,16.3431693431921,61.4261627197266
1,49.27,16.3465026430786,61.4166259765625
1,49.28,16.349835942965,61.4356994628906
1,49.29,16.3531692428514,61.4500045776367
1,49.3,16.3565025427379,61.4595413208008
1,49.31,16.3598358426243,61.4690780639648
1,49.32,16.3631691425107,61.492919921875
1,49.33,16.3665024423972,61.5072250366211
1,49.34,16.3698357422836,61.5406036376953
1,49.35,16.37316904217,61.5453720092773
1,49.36,16.3765023420565,61.5835189819336
1,49.37,16.3798356419429,61.5930557250977
1,49.38,16.3831689418294,61.6312026977539
1,49.39,16.3865022417158,61.6455078125
1,49.4,16.3898355416022,61.6598129272461
1,49.41,16.3931688414887,61.6836547851563
1,49.42,16.3965021413751,61.6884231567383
1,49.43,16.3998354412615,61.7313385009766
1,49.44,16.403168741148,61.7361068725586
1,49.45,16.4065020410344,61.7504119873047
1,49.46,16.4098353409208,61.7742538452148
1,49.47,16.4131686408073,61.7742538452148
1,49.48,16.4198352405801,61.798095703125
1,49.5,16.4231685404666,61.8505477905273
1,49.51,16.426501840353,61.8457794189453
1,49.52,16.4298351402394,61.8743896484375
1,49.53,16.4331684401259,61.9268417358398
1,49.54,16.4365017400123,61.945915222168
1,49.55,16.4398350398988,61.9697570800781
1,49.56,16.4431683397852,61.9792938232422
1,49.57,16.4465016396716,62.0126724243164
1,49.58,16.4498349395581,62.0460510253906
1,49.59,16.4531682394445,62.0746612548828
1,49.6,16.4565015393309,62.0937347412109
1,49.61,16.4598348392174,62.1366500854492
1,49.62,16.4631681391038,62.1747970581055
1,49.63,16.4665014389902,62.1986389160156
1,49.64,16.4698347388767,62.2129440307617
1,49.65,16.4731680387631,62.260627746582
1,49.66,16.4765013386495,62.2701644897461
1,49.67,16.479834638536,62.3035430908203
1,49.68,16.4831679384224,62.3321533203125
1,49.69,16.4865012383089,62.3607635498047
1,49.7,16.4898345381953,62.3893737792969
1,49.71,16.4931678380817,62.4275207519531
1,49.72,16.4965011379682,62.4179840087891
1,49.73,16.4998344378546,62.4799728393555
1,49.74,16.503167737741,62.5085830688477
1,49.75,16.5065010376275,62.5228881835938
1,49.76,16.5098343375139,62.556266784668
1,49.77,16.5131676374003,62.5848770141602
1,49.78,16.5165009372868,62.5896453857422
1,49.79,16.5198342371732,62.6277923583984
1,49.8,16.5231675370596,62.6373291015625
1,49.81,16.5265008369461,62.6993179321289
1,49.82,16.5298341368325,62.713623046875
1,49.83,16.5331674367189,62.7422332763672
1,49.84,16.5365007366054,62.7803802490234
1,49.85,16.5398340364918,62.7708435058594
1,49.86,16.5431673363782,62.8185272216797
1,49.87,16.5465006362647,62.8280639648438
1,49.88,16.5498339361511,62.8566741943359
1,49.89,16.5531672360376,62.8519058227539
1,49.9,16.556500535924,62.8805160522461
1,49.91,16.5598338358104,62.9138946533203
1,49.92,16.5631671356969,62.9138946533203
1,49.93,16.5665004355833,62.9520416259766
1,49.94,16.5698337354697,62.9568099975586
1,49.95,16.5731670353562,62.9711151123047
1,49.96,16.5765003352426,62.9854202270508
1,49.97,16.579833635129,63.0092620849609
1,49.98,16.5831669350155,63.0331039428711
1,49.99,16.5865002349019,63.0474090576172
1,50,16.5898335347883,63.0521774291992
1,50.01,16.5931668346748,63.0807876586914
1,50.02,16.5965001345612,63.1189346313477
1,50.03,16.5998334344476,63.1189346313477
1,50.04,16.6031667343341,63.1237030029297
1,50.05,16.6065000342205,63.17138671875
1,50.06,16.609833334107,63.1999969482422
1,50.07,16.6131666339934,63.2047653198242
1,50.08,16.6164999338798,63.2333755493164
1,50.09,16.6198332337663,63.2286071777344
1,50.1,16.6231665336527,63.2858276367188
1,50.11,16.6264998335391,63.2953643798828
1,50.12,16.6298331334256,63.328742980957
1,50.13,16.633166433312,63.3382797241211
1,50.14,16.6364997331984,63.3478164672852
1,50.15,16.6398330330849,63.3764266967773
1,50.16,16.6431663329713,63.4098052978516
1,50.17,16.6464996328577,63.4193420410156
1,50.18,16.6498329327442,63.4670257568359
1,50.19,16.6531662326306,63.4765625
1,50.2,16.656499532517,63.4908676147461
1,50.21,16.6598328324035,63.5099411010742
1,50.22,16.6631661322899,63.5480880737305
1,50.23,16.6664994321764,63.5528564453125
1,50.24,16.6698327320628,63.5576248168945
1,50.25,16.6731660319492,63.5957717895508
1,50.26,16.6764993318357,63.6196136474609
1,50.27,16.6798326317221,63.6386871337891
1,50.28,16.6831659316085,63.6625289916992
1,50.29,16.686499231495,63.6911392211914
1,50.3,16.6898325313814,63.7054443359375
1,50.31,16.6931658312678,63.7245178222656
1,50.32,16.6964991311543,63.7722015380859
1,50.33,16.6998324310407,63.7722015380859
1,50.34,16.7031657309271,63.8151168823242
1,50.35,16.7064990308136,63.8246536254883
1,50.36,16.7098323307,63.8580322265625
1,50.37,16.7131656305864,63.9104843139648
1,50.38,16.7164989304729,63.9247894287109
1,50.39,16.7198322303593,63.9438629150391
1,50.4,16.7231655302458,63.9724731445313
1,50.41,16.7264988301322,63.9963150024414
1,50.42,16.7298321300186,64.0249252319336
1,50.43,16.7331654299051,64.0249252319336
1,50.44,16.7364987297915,64.0630722045898
1,50.45,16.7398320296779,64.0535354614258
1,50.46,16.7431653295644,64.091682434082
1,50.47,16.7464986294508,64.1059875488281
1,50.48,16.7498319293372,64.1250610351563
1,50.49,16.7531652292237,64.1155242919922
1,50.5,16.7564985291101,64.1679763793945
1,50.51,16.7598318289965,64.1584396362305
1,50.52,16.763165128883,64.1918182373047
1,50.53,16.7664984287694,64.2156600952148
1,50.54,16.7698317286558,64.2204284667969
1,50.55,16.7731650285423,64.239501953125
1,50.56,16.7764983284287,64.2538070678711
1,50.57,16.7798316283152,64.2728805541992
1,50.58,16.7831649282016,64.2967224121094
1,50.59,16.786498228088,64.3301010131836
1,50.6,16.7898315279745,64.3396377563477
1,50.61,16.7931648278609,64.396858215332
1,50.62,16.7964981277473,64.4207000732422
1,50.63,16.7998314276338,64.4445419311523
1,50.64,16.8031647275202,64.4540786743164
1,50.65,16.8064980274066,64.5065307617188
1,50.66,16.8098313272931,64.5160675048828
1,50.67,16.8131646271795,64.5637512207031
1,50.68,16.8164979270659,64.5923614501953
1,50.69,16.8198312269524,64.6400451660156
1,50.7,16.8231645268388,64.6400451660156
1,50.71,16.8264978267252,64.697265625
1,50.72,16.8298311266117,64.6734237670898
1,50.73,16.8331644264981,64.7497177124023
1,50.74,16.8364977263846,64.7306442260742
1,50.75,16.839831026271,64.7735595703125
1,50.76,16.8431643261574,64.8117065429688
1,50.77,16.8464976260439,64.8164749145508
1,50.78,16.8498309259303,64.8307800292969
1,50.79,16.8531642258167,64.8593902587891
1,50.8,16.8564975257032,64.8736953735352
1,50.81,16.8598308255896,64.8975372314453
1,50.82,16.863164125476,64.9070739746094
1,50.83,16.8664974253625,64.9118423461914
1,50.84,16.8698307252489,64.9309158325195
1,50.85,16.8731640251353,64.9642944335938
1,50.86,16.8764973250218,64.9929046630859
1,50.87,16.8798306249082,64.9690628051758
1,50.88,16.8831639247946,65.0119781494141
1,50.89,16.8864972246811,65.0119781494141
1,50.9,16.8898305245675,65.0453567504883
1,50.91,16.893163824454,65.0501251220703
1,50.92,16.8964971243404,65.0882720947266
1,50.93,16.8998304242268,65.1168823242188
1,50.94,16.9031637241133,65.1311874389648
1,50.95,16.9064970239997,65.1836395263672
1,50.96,16.9098303238861,65.1836395263672
1,50.97,16.9131636237726,65.2170181274414
1,50.98,16.916496923659,65.2408599853516
1,50.99,16.9198302235454,65.2265548706055
1,51,16.9231635234319,65.2790069580078
1,51.01,16.9264968233183,65.2790069580078
1,51.02,16.9298301232047,65.2980804443359
1,51.03,16.9331634230912,65.2933120727539
1,51.04,16.9364967229776,65.3409957885742
1,51.05,16.939830022864,65.3696060180664
1,51.06,16.9431633227505,65.3791427612305
1,51.07,16.9464966226369,65.3982162475586
1,51.08,16.9498299225234,65.4220581054688
1,51.09,16.9531632224098,65.4363632202148
1,51.1,16.9564965222962,65.4411315917969
1,51.11,16.9598298221827,65.4935836791992
1,51.12,16.9631631220691,65.4792785644531
1,51.13,16.9664964219555,65.5174255371094
1,51.14,16.969829721842,65.5508041381836
1,51.15,16.9731630217284,65.5937194824219
1,51.16,16.9764963216148,65.6223297119141
1,51.17,16.9798296215013,65.6223297119141
1,51.18,16.9831629213877,65.6700134277344
1,51.19,16.9864962212741,65.6747817993164
1,51.2,16.9898295211606,65.6890869140625
1,51.21,16.993162821047,65.7272338867188
1,51.22,16.9964961209334,65.7510757446289
1,51.23,16.9998294208199,65.7796859741211
1,51.24,17.0031627207063,65.7987594604492
1,51.25,17.0064960205927,65.8464431762695
1,51.26,17.0098293204792,65.8559799194336
1,51.27,17.0131626203656,65.8798217773438
1,51.28,17.0164959202521,65.913200378418
1,51.29,17.0198292201385,65.9465789794922
1,51.3,17.0231625200249,65.9370422363281
1,51.31,17.0264958199114,65.9799575805664
1,51.32,17.0298291197978,65.9942626953125
1,51.33,17.0331624196842,65.9847259521484
1,51.34,17.0364957195707,66.0085678100586
1,51.35,17.0398290194571,66.0276412963867
1,51.36,17.0431623193435,66.0467147827148
1,51.37,17.04649561923,66.075325012207
1,51.38,17.0498289191164,66.0896301269531
1,51.39,17.0531622190028,66.1087036132813
1,51.4,17.0564955188893,66.1468505859375
1,51.41,17.0598288187757,66.1516189575195
1,51.42,17.0631621186621,66.1897659301758
1,51.43,17.0664954185486,66.218376159668
1,51.44,17.069828718435,66.2374496459961
1,51.45,17.0731620183215,66.2612915039063
1,51.46,17.0764953182079,66.3042068481445
1,51.47,17.0798286180943,66.3375854492188
1,51.48,17.0831619179808,66.370964050293
1,51.49,17.0864952178672,66.3852691650391
1,51.5,17.0898285177536,66.4186477661133
1,51.51,17.0931618176401,66.4663314819336
1,51.52,17.0964951175265,66.4806365966797
1,51.53,17.0998284174129,66.5187835693359
1,51.54,17.1031617172994,66.533088684082
1,51.55,17.1064950171858,66.5664672851563
1,51.56,17.1098283170722,66.6141510009766
1,51.57,17.1131616169587,66.6284561157227
1,51.58,17.1164949168451,66.6379928588867
1,51.59,17.1198282167315,66.685676574707
1,51.6,17.123161516618,66.7095184326172
1,51.61,17.1264948165044,66.7381286621094
1,51.62,17.1298281163909,66.7572021484375
1,51.63,17.1331614162773,66.7905807495117
1,51.64,17.1364947161637,66.8430328369141
1,51.65,17.1398280160502,66.8764114379883
1,51.66,17.1431613159366,66.9097900390625
1,51.67,17.146494615823,66.9240951538086
1,51.68,17.1498279157095,66.9479370117188
1,51.69,17.1531612155959,66.981315612793
1,51.7,17.1564945154823,67.0003890991211
1,51.71,17.1598278153688,67.0385360717773
1,51.72,17.1631611152552,67.0719146728516
1,51.73,17.1664944151416,67.0719146728516
1,51.74,17.1698277150281,67.0814514160156
1,51.75,17.1731610149145,67.1195983886719
1,51.76,17.1764943148009,67.1672821044922
1,51.77,17.1798276146874,67.1911239624023
1,51.78,17.1831609145738,67.2101974487305
1,51.79,17.1864942144603,67.2483444213867
1,51.8,17.1898275143467,67.2531127929688
1,51.81,17.1931608142331,67.2674179077148
1,51.82,17.1964941141196,67.2674179077148
1,51.83,17.199827414006,67.296028137207
1,51.84,17.2031607138924,67.291259765625
1,51.85,17.2064940137789,67.3341751098633
1,51.86,17.2098273136653,67.3627853393555
1,51.87,17.2131606135517,67.3532485961914
1,51.88,17.2164939134382,67.3866271972656
1,51.89,17.2198272133246,67.4057006835938
1,51.9,17.223160513211,67.4009323120117
1,51.91,17.2264938130975,67.4200057983398
1,51.92,17.2298271129839,67.44384765625
1,51.93,17.2331604128704,67.439079284668
1,51.94,17.2364937127568,67.448616027832
1,51.95,17.2398270126432,67.4629211425781
1,51.96,17.2431603125297,67.4772262573242
1,51.97,17.2464936124161,67.4962997436523
1,51.98,17.2498269123025,67.4915313720703
1,51.99,17.253160212189,67.5296783447266
1,52,17.2564935120754,67.5392150878906
1,52.01,17.2598268119618,67.5630569458008
1,52.02,17.2631601118483,67.5725936889648
1,52.03,17.2664934117347,67.6059722900391
1,52.04,17.2698267116211,67.6345825195313
1,52.05,17.2731600115076,67.6107406616211
1,52.06,17.276493311394,67.6679611206055
1,52.07,17.2798266112804,67.6679611206055
1,52.08,17.2831599111669,67.7061080932617
1,52.09,17.2864932110533,67.6965713500977
1,52.1,17.2898265109397,67.7251815795898
1,52.11,17.2931598108262,67.7251815795898
1,52.12,17.2964931107126,67.7633285522461
1,52.13,17.2998264105991,67.7633285522461
1,52.14,17.3031597104855,67.8014755249023
1,52.15,17.3064930103719,67.8396224975586
1,52.16,17.3098263102584,67.8443908691406
1,52.17,17.3131596101448,67.8825378417969
1,52.18,17.3164929100312,67.8873062133789
1,52.19,17.3198262099177,67.901611328125
1,52.2,17.3231595098041,67.9302215576172
1,52.21,17.3264928096905,67.9588317871094
1,52.22,17.329826109577,67.9874420166016
1,52.23,17.3331594094634,68.0160522460938
1,52.24,17.3364927093498,68.0160522460938
1,52.25,17.3398260092363,68.0685043334961
1,52.26,17.3431593091227,68.0732727050781
1,52.27,17.3464926090091,68.1114196777344
1,52.28,17.3498259088956,68.1304931640625
1,52.29,17.353159208782,68.1734085083008
1,52.3,17.3564925086685,68.1638717651367
1,52.31,17.3598258085549,68.1972503662109
1,52.32,17.3631591084413,68.2497024536133
1,52.33,17.3664924083278,68.2497024536133
1,52.34,17.3698257082142,68.2735443115234
1,52.35,17.3731590081006,68.3116912841797
1,52.36,17.3764923079871,68.3212280273438
1,52.37,17.3798256078735,68.359375
1,52.38,17.3831589077599,68.359375
1,52.39,17.3864922076464,68.4022903442383
1,52.4,17.3898255075328,68.4356689453125
1,52.41,17.3931588074192,68.4881210327148
1,52.42,17.3964921073057,68.4976577758789
1,52.43,17.3998254071921,68.507194519043
1,52.44,17.4031587070785,68.5453414916992
1,52.45,17.406492006965,68.5882568359375
1,52.46,17.4098253068514,68.6025619506836
1,52.47,17.4131586067379,68.6359405517578
1,52.48,17.4164919066243,68.6836242675781
1,52.49,17.4198252065107,68.7026977539063
1,52.5,17.4231585063972,68.7265396118164
1,52.51,17.4264918062836,68.7599182128906
1,52.52,17.42982510617,68.812370300293
1,52.53,17.4331584060565,68.821907043457
1,52.54,17.4364917059429,68.8743591308594
1,52.55,17.4398250058293,68.8982009887695
1,52.56,17.4431583057158,68.9411163330078
1,52.57,17.4464916056022,68.9554214477539
1,52.58,17.4498249054886,68.9840316772461
1,52.59,17.4531582053751,69.0317153930664
1,52.6,17.4564915052615,69.0412521362305
1,52.61,17.4598248051479,69.0746307373047
1,52.62,17.4631581050344,69.1032409667969
1,52.63,17.4664914049208,69.122314453125
1,52.64,17.4698247048073,69.1461563110352
1,52.65,17.4731580046937,69.1604614257813
1,52.66,17.4764913045801,69.1747665405273
1,52.67,17.4798246044666,69.2129135131836
1,52.68,17.483157904353,69.2224502563477
1,52.69,17.4864912042394,69.2510604858398
1,52.7,17.4898245041259,69.2605972290039
1,52.71,17.4931578040123,69.2939758300781
1,52.72,17.4964911038987,69.3082809448242
1,52.73,17.4998244037852,69.3368911743164
1,52.74,17.5031577036716,69.3321228027344
1,52.75,17.506491003558,69.3607330322266
1,52.76,17.5098243034445,69.4084167480469
1,52.77,17.5131576033309,69.4131851196289
1,52.78,17.5164909032173,69.432258605957
1,52.79,17.5198242031038,69.4513320922852
1,52.8,17.5231575029902,69.4751739501953
1,52.81,17.5264908028767,69.5133209228516
1,52.82,17.5298241027631,69.5133209228516
1,52.83,17.5331574026495,69.5514678955078
1,52.84,17.536490702536,69.584846496582
1,52.85,17.5398240024224,69.5896148681641
1,52.86,17.5431573023088,69.6086883544922
1,52.87,17.5464906021953,69.6468353271484
1,52.88,17.5498239020817,69.6992874145508
1,52.89,17.5531572019681,69.7183609008789
1,52.9,17.5564905018546,69.737434387207
1,52.91,17.559823801741,69.7660446166992
1,52.92,17.5631571016274,69.7994232177734
1,52.93,17.5664904015139,69.8089599609375
1,52.94,17.5698237014003,69.8471069335938
1,52.95,17.5731570012867,69.8328018188477
1,52.96,17.5764903011732,69.8757171630859
1,52.97,17.5798236010596,69.880485534668
1,52.98,17.5831569009461,69.9186325073242
1,52.99,17.5864902008325,69.9377059936523
1,53,17.5898235007189,69.9424743652344
1,53.01,17.5931568006054,69.9234008789063
1,53.02,17.5964901004918,69.9615478515625
1,53.03,17.5998234003782,69.9806213378906
1,53.04,17.6031567002647,70.0092315673828
1,53.05,17.6064900001511,70.0235366821289
1,53.06,17.6098233000375,70.0283050537109
1,53.07,17.613156599924,70.0616836547852
1,53.08,17.6164898998104,70.0807571411133
1,53.09,17.6198231996968,70.0902938842773
1,53.1,17.6231564995833,70.1236724853516
1,53.11,17.6264897994697,70.1284408569336
1,53.12,17.6298230993561,70.1618194580078
1,53.13,17.6331563992426,70.1808929443359
1,53.14,17.636489699129,70.1999664306641
1,53.15,17.6398229990155,70.2333450317383
1,53.16,17.6431562989019,70.2571868896484
1,53.17,17.6464895987883,70.2905654907227
1,53.18,17.6498228986748,70.3191757202148
1,53.19,17.6531561985612,70.3525543212891
1,53.2,17.6564894984476,70.347785949707
1,53.21,17.6598227983341,70.3859329223633
1,53.22,17.6631560982205,70.4240798950195
1,53.23,17.6664893981069,70.4479217529297
1,53.24,17.6698226979934,70.4717636108398
1,53.25,17.6731559978798,70.490837097168
1,53.26,17.6764892977662,70.5242156982422
1,53.27,17.6798225976527,70.5528259277344
1,53.28,17.6831558975391,70.5957412719727
1,53.29,17.6864891974255,70.6100463867188
1,53.3,17.689822497312,70.6386566162109
1,53.31,17.6931557971984,70.6720352172852
1,53.32,17.6964890970849,70.6911087036133
1,53.33,17.6998223969713,70.7149505615234
1,53.34,17.7031556968577,70.7387924194336
1,53.35,17.7064889967442,70.7578659057617
1,53.36,17.7098222966306,70.8103179931641
1,53.37,17.713155596517,70.8150863647461
1,53.38,17.7164888964035,70.8341598510742
1,53.39,17.7198221962899,70.8532333374023
1,53.4,17.7231554961763,70.8913803100586
1,53.41,17.7264887960628,70.9199905395508
1,53.42,17.7298220959492,70.9199905395508
1,53.43,17.7331553958356,70.9342956542969
1,53.44,17.7364886957221,70.948600769043
1,53.45,17.7398219956085,70.9724426269531
1,53.46,17.7431552954949,71.0010528564453
1,53.47,17.7464885953814,71.0201263427734
1,53.48,17.7498218952678,71.0439682006836
1,53.49,17.7531551951543,71.0678100585938
1,53.5,17.7564884950407,71.0964202880859
1,53.51,17.7598217949271,71.1154937744141
1,53.52,17.7631550948136,71.1441040039063
1,53.53,17.7664883947,71.1536407470703
1,53.54,17.7698216945864,71.1822509765625
1,53.55,17.7731549944729,71.2108612060547
1,53.56,17.7764882943593,71.2347030639648
1,53.57,17.7798215942457,71.2680816650391
1,53.58,17.7831548941322,71.3014602661133
1,53.59,17.7864881940186,71.3205337524414
1,53.6,17.789821493905,71.3253021240234
1,53.61,17.7931547937915,71.3586807250977
1,53.62,17.7964880936779,71.3968276977539
1,53.63,17.7998213935643,71.3968276977539
1,53.64,17.8031546934508,71.4445114135742
1,53.65,17.8064879933372,71.4540481567383
1,53.66,17.8098212932236,71.4683532714844
1,53.67,17.8131545931101,71.4826583862305
1,53.68,17.8164878929965,71.5112686157227
1,53.69,17.819821192883,71.5446472167969
1,53.7,17.8231544927694,71.563720703125
1,53.71,17.8264877926558,71.5923309326172
1,53.72,17.8298210925423,71.5923309326172
1,53.73,17.8331543924287,71.6257095336914
1,53.74,17.8364876923151,71.6590881347656
1,53.75,17.8398209922016,71.6686248779297
1,53.76,17.843154292088,71.6924667358398
1,53.77,17.8464875919744,71.7306137084961
1,53.78,17.8498208918609,71.7544555664063
1,53.79,17.8531541917473,71.8069076538086
1,53.8,17.8564874916337,71.8212127685547
1,53.81,17.8598207915202,71.8545913696289
1,53.82,17.8631540914066,71.8498229980469
1,53.83,17.866487391293,71.8784332275391
1,53.84,17.8698206911795,71.9261169433594
1,53.85,17.8731539910659,71.9404220581055
1,53.86,17.8764872909524,71.9642639160156
1,53.87,17.8798205908388,71.9738006591797
1,53.88,17.8831538907252,72.0071792602539
1,53.89,17.8864871906117,71.9976425170898
1,53.9,17.8898204904981,72.0500946044922
1,53.91,17.8931537903845,72.0548629760742
1,53.92,17.896487090271,72.1073150634766
1,53.93,17.8998203901574,72.0977783203125
1,53.94,17.9031536900438,72.1454620361328
1,53.95,17.9064869899303,72.1454620361328
1,53.96,17.9098202898167,72.1883773803711
1,53.97,17.9131535897031,72.1931457519531
1,53.98,17.9164868895896,72.2360610961914
1,53.99,17.919820189476,72.2551345825195
1,54,17.9231534893625,72.3075866699219
1,54.01,17.9264867892489,72.2980499267578
1,54.02,17.9298200891353,72.3409652709961
1,54.03,17.9331533890218,72.3505020141602
1,54.04,17.9364866889082,72.3886489868164
1,54.05,17.9398199887946,72.4124908447266
1,54.06,17.9431532886811,72.4601745605469
1,54.07,17.9464865885675,72.4506378173828
1,54.08,17.9498198884539,72.4887847900391
1,54.09,17.9531531883404,72.4983215332031
1,54.1,17.9564864882268,72.5364685058594
1,54.11,17.9598197881132,72.5507736206055
1,54.12,17.9631530879997,72.5603103637695
1,54.13,17.9664863878861,72.5793838500977
1,54.14,17.9698196877725,72.6032257080078
1,54.15,17.973152987659,72.6318359375
1,54.16,17.9764862875454,72.6318359375
1,54.17,17.9798195874318,72.6795196533203
1,54.18,17.9831528873183,72.6890563964844
1,54.19,17.9864861872047,72.7176666259766
1,54.2,17.9898194870912,72.7415084838867
1,54.21,17.9931527869776,72.7462768554688
1,54.22,17.996486086864,72.789192199707
1,54.23,17.9998193867505,72.8225708007813
1,54.24,18.0031526866369,72.8321075439453
1,54.25,18.0064859865233,72.8464126586914
1,54.26,18.0098192864098,72.8845596313477
1,54.27,18.0131525862962,72.8940963745117
1,54.28,18.0164858861826,72.93701171875
1,54.29,18.0198191860691,72.9560852050781
1,54.3,18.0231524859555,72.9942321777344
1,54.31,18.0264857858419,72.9894638061523
1,54.32,18.0298190857284,73.0276107788086
1,54.33,18.0331523856148,73.0657577514648
1,54.34,18.0364856855012,73.0609893798828
1,54.35,18.0398189853877,73.1039047241211
1,54.36,18.0431522852741,73.1277465820313
1,54.37,18.0464855851606,73.1611251831055
1,54.38,18.049818885047,73.1611251831055
1,54.39,18.0531521849334,73.2088088989258
1,54.4,18.0564854848199,73.2183456420898
1,54.41,18.0598187847063,73.2278823852539
1,54.42,18.0631520845927,73.2517242431641
1,54.43,18.0664853844792,73.2660293579102
1,54.44,18.0698186843656,73.2994079589844
1,54.45,18.073151984252,73.3232498168945
1,54.46,18.0764852841385,73.3375549316406
1,54.47,18.0798185840249,73.3804702758789
1,54.48,18.0831518839113,73.3852386474609
1,54.49,18.0864851837978,73.4233856201172
1,54.5,18.0898184836842,73.4233856201172
1,54.51,18.0931517835706,73.4758377075195
1,54.52,18.0964850834571,73.5044479370117
1,54.53,18.0998183833435,73.5378265380859
1,54.54,18.10315168323,73.5664367675781
1,54.55,18.1064849831164,73.5902786254883
1,54.56,18.1098182830028,73.6141204833984
1,54.57,18.1131515828893,73.6236572265625
1,54.58,18.1164848827757,73.6665725708008
1,54.59,18.1198181826621,73.704719543457
1,54.6,18.1231514825486,73.7285614013672
1,54.61,18.126484782435,73.7285614013672
1,54.62,18.1298180823214,73.7762451171875
1,54.63,18.1331513822079,73.7714767456055
1,54.64,18.1364846820943,73.7953186035156
1,54.65,18.1398179819807,73.7953186035156
1,54.66,18.1431512818672,73.8143920898438
1,54.67,18.1464845817536,73.8143920898438
1,54.68,18.14981788164,73.8286972045898
1,54.69,18.1531511815265,73.8239288330078
1,54.7,18.1564844814129,73.857307434082
1,54.71,18.1598177812994,73.857307434082
1,54.72,18.1631510811858,73.8811492919922
1,54.73,18.1664843810722,73.9097595214844
1,54.74,18.1698176809587,73.9336013793945
1,54.75,18.1731509808451,73.9574432373047
1,54.76,18.1764842807315,74.000358581543
1,54.77,18.179817580618,74.009895324707
1,54.78,18.1831508805044,74.0194320678711
1,54.79,18.1864841803908,74.0528106689453
1,54.8,18.1898174802773,74.0432739257813
1,54.81,18.1931507801637,74.0861892700195
1,54.82,18.1964840800501,74.1004943847656
1,54.83,18.1998173799366,74.1291046142578
1,54.84,18.203150679823,74.1243362426758
1,54.85,18.2064839797094,74.1958618164063
1,54.86,18.2098172795959,74.2006301879883
1,54.87,18.2131505794823,74.2387771606445
1,54.88,18.2164838793688,74.2626190185547
1,54.89,18.2198171792552,74.2816925048828
1,54.9,18.2231504791416,74.305534362793
1,54.91,18.2264837790281,74.3293762207031
1,54.92,18.2298170789145,74.3293762207031
1,54.93,18.2331503788009,74.3818283081055
1,54.94,18.2364836786874,74.3913650512695
1,54.95,18.2398169785738,74.4247436523438
1,54.96,18.2431502784602,74.4247436523438
1,54.97,18.2464835783467,74.4867324829102
1,54.98,18.2498168782331,74.5105743408203
1,54.99,18.2531501781195,74.5391845703125
1,55,18.256483478006,74.5534896850586
1,55.01,18.2598167778924,74.5964050292969
1,55.02,18.2631500777789,74.615478515625
1,55.03,18.2664833776653,74.6488571166992
1,55.04,18.2698166775517,74.6822357177734
1,55.05,18.2731499774382,74.7251510620117
1,55.06,18.2764832773246,74.7203826904297
1,55.07,18.279816577211,74.76806640625
1,55.08,18.2831498770975,74.7823715209961
1,55.09,18.2864831769839,74.8252868652344
1,55.1,18.2898164768703,74.8538970947266
1,55.11,18.2931497767568,74.8777389526367
1,55.12,18.2964830766432,74.9111175537109
1,55.13,18.2998163765296,74.925422668457
1,55.14,18.3031496764161,74.9444961547852
1,55.15,18.3064829763025,74.9921798706055
1,55.16,18.3098162761889,74.9921798706055
1,55.17,18.3131495760754,75.0398635864258
1,55.18,18.3164828759618,75.0494003295898
1,55.19,18.3198161758482,75.0970840454102
1,55.2,18.3231494757347,75.1018524169922
1,55.21,18.3264827756211,75.1304626464844
1,55.22,18.3298160755076,75.1399993896484
1,55.23,18.333149375394,75.1495361328125
1,55.24,18.3364826752804,75.2019882202148
1,55.25,18.3398159751669,75.2401351928711
1,55.26,18.3431492750533,75.2496719360352
1,55.27,18.3464825749397,75.2782821655273
1,55.28,18.3498158748262,75.2973556518555
1,55.29,18.3531491747126,75.3259658813477
1,55.3,18.356482474599,75.3211975097656
1,55.31,18.3598157744855,75.373649597168
1,55.32,18.3631490743719,75.383186340332
1,55.33,18.3664823742583,75.4308700561523
1,55.34,18.3698156741448,75.4404067993164
1,55.35,18.3731489740312,75.4833221435547
1,55.36,18.3764822739176,75.4976272583008
1,55.37,18.3798155738041,75.526237487793
1,55.38,18.3831488736905,75.5167007446289
1,55.39,18.386482173577,75.5643844604492
1,55.4,18.3898154734634,75.5882263183594
1,55.41,18.3931487733498,75.6263732910156
1,55.42,18.3964820732363,75.6216049194336
1,55.43,18.3998153731227,75.6597518920898
1,55.44,18.4031486730091,75.6502151489258
1,55.45,18.4064819728956,75.7026672363281
1,55.46,18.409815272782,75.6978988647461
1,55.47,18.4131485726684,75.7217407226563
1,55.48,18.4164818725549,75.7551193237305
1,55.49,18.4198151724413,75.7646560668945
1,55.5,18.4231484723277,75.7646560668945
1,55.51,18.4264817722142,75.8028030395508
1,55.52,18.4298150721006,75.8123397827148
1,55.53,18.433148371987,75.8504867553711
1,55.54,18.4364816718735,75.8647918701172
1,55.55,18.4398149717599,75.8743286132813
1,55.56,18.4431482716464,75.8838653564453
1,55.57,18.4464815715328,75.8790969848633
1,55.58,18.4498148714192,75.8838653564453
1,55.59,18.4531481713057,75.8981704711914
1,55.6,18.4564814711921,75.8934020996094
1,55.61,18.4598147710785,75.9410858154297
1,55.62,18.463148070965,75.9267807006836
1,55.63,18.4664813708514,75.9553909301758
1,55.64,18.4698146707378,75.9363174438477
1,55.65,18.4731479706243,75.9601593017578
1,55.66,18.4764812705107,75.9983062744141
1,55.67,18.4798145703971,75.9983062744141
1,55.68,18.4831478702836,76.0269165039063
1,55.69,18.48648117017,76.0412216186523
1,55.7,18.4898144700564,76.0602951049805
1,55.71,18.4931477699429,76.0841369628906
1,55.72,18.4964810698293,76.136589050293
1,55.73,18.4998143697158,76.1747360229492
1,55.74,18.5031476696022,76.1842727661133
1,55.75,18.5064809694886,76.2081146240234
1,55.76,18.5098142693751,76.2510299682617
1,55.77,18.5131475692615,76.3082504272461
1,55.78,18.5164808691479,76.3225555419922
1,55.79,18.5198141690344,76.3368606567383
1,55.8,18.5231474689208,76.3893127441406
1,55.81,18.5264807688072,76.3988494873047
1,55.82,18.5298140686937,76.441764831543
1,55.83,18.5331473685801,76.4989852905273
1,55.84,18.5364806684665,76.5228271484375
1,55.85,18.539813968353,76.5466690063477
1,55.86,18.5431472682394,76.5609741210938
1,55.87,18.5464805681258,76.6229629516602
1,55.88,18.5498138680123,76.6372680664063
1,55.89,18.5531471678987,76.6658782958984
1,55.9,18.5564804677852,76.6897201538086
1,55.91,18.5598137676716,76.7326354980469
1,55.92,18.563147067558,76.756477355957
1,55.93,18.5664803674445,76.7898559570313
1,55.94,18.5698136673309,76.7946243286133
1,55.95,18.5731469672173,76.8280029296875
1,55.96,18.5764802671038,76.8709182739258
1,55.97,18.5798135669902,76.8613815307617
1,55.98,18.5831468668766,76.899528503418
1,55.99,18.5864801667631,76.9138336181641
1,56,18.5898134666495,76.9329071044922
1,56.01,18.5931467665359,76.9567489624023
1,56.02,18.5964800664224,76.9853591918945
1,56.03,18.5998133663088,76.9948959350586
1,56.04,18.6031466661952,77.0139694213867
1,56.05,18.6064799660817,77.0664215087891
1,56.06,18.6098132659681,77.056884765625
1,56.07,18.6131465658546,77.1045684814453
1,56.08,18.616479865741,77.1379470825195
1,56.09,18.6198131656274,77.1856307983398
1,56.1,18.6231464655139,77.2285461425781
1,56.11,18.6264797654003,77.2476196289063
1,56.12,18.6298130652867,77.2380828857422
1,56.13,18.6331463651732,77.3143768310547
1,56.14,18.6364796650596,77.3143768310547
1,56.15,18.639812964946,77.3525238037109
1,56.16,18.6431462648325,77.3715972900391
1,56.17,18.6464795647189,77.4288177490234
1,56.18,18.6498128646053,77.4383544921875
1,56.19,18.6531461644918,77.4669647216797
1,56.2,18.6564794643782,77.4717330932617
1,56.21,18.6598127642646,77.5051116943359
1,56.22,18.6631460641511,77.5241851806641
1,56.23,18.6664793640375,77.5671005249023
1,56.24,18.669812663924,77.6004791259766
1,56.25,18.6731459638104,77.5909423828125
1,56.26,18.6764792636968,77.6338577270508
1,56.27,18.6798125635833,77.6529312133789
1,56.28,18.6831458634697,77.7053833007813
1,56.29,18.6864791633561,77.7292251586914
1,56.3,18.6898124632426,77.7339935302734
1,56.31,18.693145763129,77.7673721313477
1,56.32,18.6964790630154,77.7769088745117
1,56.33,18.6998123629019,77.8055191040039
1,56.34,18.7031456627883,77.8675079345703
1,56.35,18.7064789626747,77.8579711914063
1,56.36,18.7098122625612,77.8818130493164
1,56.37,18.7131455624476,77.8865814208984
1,56.38,18.716478862334,77.9199600219727
1,56.39,18.7198121622205,77.9485702514648
1,56.4,18.7231454621069,77.9628753662109
1,56.41,18.7264787619933,77.977180480957
1,56.42,18.7298120618798,77.967643737793
1,56.43,18.7331453617662,77.9914855957031
1,56.44,18.7364786616527,77.9867172241211
1,56.45,18.7398119615391,78.0296325683594
1,56.46,18.7431452614255,77.9962539672852
1,56.47,18.746478561312,78.0248641967773
1,56.48,18.7498118611984,78.0153274536133
1,56.49,18.7531451610848,78.0630111694336
1,56.5,18.7564784609713,78.0820846557617
1,56.51,18.7598117608577,78.0916213989258
1,56.52,18.7631450607441,78.1011581420898
1,56.53,18.7664783606306,78.1393051147461
1,56.54,18.769811660517,78.1488418579102
1,56.55,18.7731449604034,78.1679153442383
1,56.56,18.7764782602899,78.1965255737305
1,56.57,18.7798115601763,78.2012939453125
1,56.58,18.7831448600627,78.2346725463867
1,56.59,18.7864781599492,78.2680511474609
1,56.6,18.7898114598356,78.2394409179688
1,56.61,18.7931447597221,78.2871246337891
1,56.62,18.7964780596085,78.3014297485352
1,56.63,18.7998113594949,78.3300399780273
1,56.64,18.8031446593814,78.3681869506836
1,56.65,18.8064779592678,78.3777236938477
1,56.66,18.8098112591542,78.3967971801758
1,56.67,18.8131445590407,78.4158706665039
1,56.68,18.8164778589271,78.4444808959961
1,56.69,18.8198111588135,78.4683227539063
1,56.7,18.8231444587,78.4730911254883
1,56.71,18.8264777585864,78.5207748413086
1,56.72,18.8298110584728,78.5255432128906
1,56.73,18.8331443583593,78.5446166992188
1,56.74,18.8364776582457,78.587532043457
1,56.75,18.8398109581321,78.6018371582031
1,56.76,18.8431442580186,78.6542892456055
1,56.77,18.846477557905,78.6685943603516
1,56.78,18.8498108577915,78.6590576171875
1,56.79,18.8531441576779,78.7258148193359
1,56.8,18.8564774575643,78.7162780761719
1,56.81,18.8598107574508,78.740119934082
1,56.82,18.8631440573372,78.7687301635742
1,56.83,18.8664773572236,78.7878036499023
1,56.84,18.8698106571101,78.8068771362305
1,56.85,18.8731439569965,78.8211822509766
1,56.86,18.8764772568829,78.8450241088867
1,56.87,18.8798105567694,78.8736343383789
1,56.88,18.8831438566558,78.8545608520508
1,56.89,18.8864771565422,78.883171081543
1,56.9,18.8898104564287,78.8974761962891
1,56.91,18.8931437563151,78.9403915405273
1,56.92,18.8964770562015,78.9546966552734
1,56.93,18.899810356088,78.9928436279297
1,56.94,18.9031436559744,78.9976119995117
1,56.95,18.9064769558609,79.0309906005859
1,56.96,18.9098102557473,79.035758972168
1,56.97,18.9131435556337,79.0691375732422
1,56.98,18.9164768555202,79.0786743164063
1,56.99,18.9198101554066,79.1072845458984
1,57,18.923143455293,79.1072845458984
1,57.01,18.9264767551795,79.1168212890625
1,57.02,18.9298100550659,79.1454315185547
1,57.03,18.9331433549523,79.1692733764648
1,57.04,18.9364766548388,79.2026519775391
1,57.05,18.9398099547252,79.2312622070313
1,57.06,18.9431432546116,79.2551040649414
1,57.07,18.9464765544981,79.2932510375977
1,57.08,18.9498098543845,79.3313980102539
1,57.09,18.953143154271,79.350471496582
1,57.1,18.9564764541574,79.3695449829102
1,57.11,18.9598097540438,79.4076919555664
1,57.12,18.9631430539303,79.4363021850586
1,57.13,18.9664763538167,79.4792175292969
1,57.14,18.9698096537031,79.4792175292969
1,57.15,18.9731429535896,79.5125961303711
1,57.16,18.976476253476,79.5173645019531
1,57.17,18.9798095533624,79.5793533325195
1,57.18,18.9831428532489,79.6031951904297
1,57.19,18.9864761531353,79.6270370483398
1,57.2,18.9898094530217,79.6270370483398
1,57.21,18.9931427529082,79.6699523925781
1,57.22,18.9964760527946,79.6604156494141
1,57.23,18.999809352681,79.6985626220703
1,57.24,19.0031426525675,79.6890258789063
1,57.25,19.0064759524539,79.7224044799805
1,57.26,19.0098092523404,79.7271728515625
1,57.27,19.0131425522268,79.7605514526367
1,57.28,19.0164758521132,79.7653198242188
1,57.29,19.0198091519997,79.8273086547852
1,57.3,19.0231424518861,79.8320770263672
1,57.31,19.0264757517725,79.8702239990234
1,57.32,19.029809051659,79.8845291137695
1,57.33,19.0331423515454,79.9179077148438
1,57.34,19.0364756514318,79.9179077148438
1,57.35,19.0398089513183,79.951286315918
1,57.36,19.0431422512047,79.9846649169922
1,57.37,19.0464755510911,79.9798965454102
1,57.38,19.0498088509776,80.0371170043945
1,57.39,19.053142150864,80.0371170043945
1,57.4,19.0564754507504,80.0800323486328
1,57.41,19.0598087506369,80.108642578125
1,57.42,19.0631420505233,80.1277160644531
1,57.43,19.0664753504097,80.1277160644531
1,57.44,19.0698086502962,80.1753997802734
1,57.45,19.0731419501826,80.1801681518555
1,57.46,19.0764752500691,80.2135467529297
1,57.47,19.0798085499555,80.2278518676758
1,57.48,19.0831418498419,80.265998840332
1,57.49,19.0864751497284,80.3041458129883
1,57.5,19.0898084496148,80.2898406982422
1,57.51,19.0931417495012,80.3375244140625
1,57.52,19.0964750493877,80.3422927856445
1,57.53,19.0998083492741,80.3756713867188
1,57.54,19.1031416491605,80.3947448730469
1,57.55,19.106474949047,80.4233551025391
1,57.56,19.1098082489334,80.4233551025391
1,57.57,19.1131415488198,80.4471969604492
1,57.58,19.1164748487063,80.4471969604492
1,57.59,19.1198081485927,80.4853439331055
1,57.6,19.1231414484791,80.4996490478516
1,57.61,19.1264747483656,80.5187225341797
1,57.62,19.129808048252,80.5330276489258
1,57.63,19.1331413481385,80.5568695068359
1,57.64,19.1364746480249,80.5568695068359
1,57.65,19.1398079479113,80.5854797363281
1,57.66,19.1431412477978,80.6283950805664
1,57.67,19.1464745476842,80.6140899658203
1,57.68,19.1498078475706,80.6617736816406
1,57.69,19.1531411474571,80.6713104248047
1,57.7,19.1564744473435,80.714225769043
1,57.71,19.1598077472299,80.6951522827148
1,57.72,19.1631410471164,80.7380676269531
1,57.73,19.1664743470028,80.7428359985352
1,57.74,19.1698076468892,80.7714462280273
1,57.75,19.1731409467757,80.7714462280273
1,57.76,19.1764742466621,80.7905197143555
1,57.77,19.1798075465485,80.7809829711914
1,57.78,19.183140846435,80.7905197143555
1,57.79,19.1864741463214,80.7952880859375
1,57.8,19.1898074462079,80.8334350585938
1,57.81,19.1931407460943,80.8286666870117
1,57.82,19.1964740459807,80.8334350585938
1,57.83,19.1998073458672,80.8811187744141
1,57.84,19.2031406457536,80.87158203125
1,57.85,19.20647394564,80.9049606323242
1,57.86,19.2098072455265,80.9192657470703
1,57.87,19.2131405454129,80.9192657470703
1,57.88,19.2164738452993,80.9335708618164
1,57.89,19.2198071451858,80.9574127197266
1,57.9,19.2231404450722,80.9669494628906
1,57.91,19.2264737449586,80.9860229492188
1,57.92,19.2298070448451,81.0050964355469
1,57.93,19.2331403447315,80.9907913208008
1,57.94,19.2364736446179,81.0432434082031
1,57.95,19.2398069445044,81.0527801513672
1,57.96,19.2431402443908,81.0480117797852
1,57.97,19.2464735442773,81.0670852661133
1,57.98,19.2498068441637,81.0766220092773
1,57.99,19.2531401440501,81.1243057250977
1,58,19.2564734439366,81.1338424682617
1,58.01,19.259806743823,81.1338424682617
1,58.02,19.2631400437094,81.171989440918
1,58.03,19.2664733435959,81.1958312988281
1,58.04,19.2698066434823,81.1910629272461
1,58.05,19.2731399433687,81.2244415283203
1,58.06,19.2764732432552,81.2244415283203
1,58.07,19.2798065431416,81.2530517578125
1,58.08,19.283139843028,81.2673568725586
1,58.09,19.2864731429145,81.2864303588867
1,58.1,19.2898064428009,81.2911987304688
1,58.11,19.2931397426873,81.329345703125
1,58.12,19.2964730425738,81.3055038452148
1,58.13,19.2998063424602,81.3579559326172
1,58.14,19.3031396423467,81.3484191894531
1,58.15,19.3064729422331,81.3770294189453
1,58.16,19.3098062421195,81.4056396484375
1,58.17,19.313139542006,81.4247131347656
1,58.18,19.3164728418924,81.4151763916016
1,58.19,19.3198061417788,81.4485549926758
1,58.2,19.3231394416653,81.4580917358398
1,58.21,19.3264727415517,81.4580917358398
1,58.22,19.3298060414381,81.48193359375
1,58.23,19.3331393413246,81.5057754516602
1,58.24,19.336472641211,81.5057754516602
1,58.25,19.3398059410974,81.5629959106445
1,58.26,19.3431392409839,81.5773010253906
1,58.27,19.3464725408703,81.6154479980469
1,58.28,19.3498058407567,81.6535949707031
1,58.29,19.3531391406432,81.6679000854492
1,58.3,19.3564724405296,81.7298889160156
1,58.31,19.3598057404161,81.7298889160156
1,58.32,19.3631390403025,81.7680358886719
1,58.33,19.3664723401889,81.8014144897461
1,58.34,19.3698056400754,81.8204879760742
1,58.35,19.3731389399618,81.8490982055664
1,58.36,19.3764722398482,81.8634033203125
1,58.37,19.3798055397347,81.9015502929688
1,58.38,19.3831388396211,81.9253921508789
1,58.39,19.3864721395075,81.934928894043
1,58.4,19.389805439394,81.9778442382813
1,58.41,19.3931387392804,81.9778442382813
1,58.42,19.3964720391668,82.0207595825195
1,58.43,19.3998053390533,82.0255279541016
1,58.44,19.4031386389397,82.0779800415039
1,58.45,19.4064719388261,82.0779800415039
1,58.46,19.4098052387126,82.1304321289063
1,58.47,19.413138538599,82.1256637573242
1,58.48,19.4164718384855,82.1685791015625
1,58.49,19.4198051383719,82.1733474731445
1,58.5,19.4231384382583,82.2257995605469
1,58.51,19.4264717381448,82.244873046875
1,58.52,19.4298050380312,82.2830200195313
1,58.53,19.4331383379176,82.3354721069336
1,58.54,19.4364716378041,82.3497772216797
1,58.55,19.4398049376905,82.392692565918
1,58.56,19.4431382375769,82.402229309082
1,58.57,19.4464715374634,82.4451446533203
1,58.58,19.4498048373498,82.4785232543945
1,58.59,19.4531381372362,82.5214385986328
1,58.6,19.4564714371227,82.5357437133789
1,58.61,19.4598047370091,82.5595855712891
1,58.62,19.4631380368955,82.5738906860352
1,58.63,19.466471336782,82.6168060302734
1,58.64,19.4698046366684,82.6263427734375
1,58.65,19.4731379365548,82.6311111450195
1,58.66,19.4764712364413,82.6406478881836
1,58.67,19.4798045363277,82.6740264892578
1,58.68,19.4831378362142,82.6644897460938
1,58.69,19.4864711361006,82.707405090332
1,58.7,19.489804435987,82.7312469482422
1,58.71,19.4931377358735,82.7217102050781
1,58.72,19.4964710357599,82.7312469482422
1,58.73,19.4998043356463,82.7598571777344
1,58.74,19.5031376355328,82.7503204345703
1,58.75,19.5064709354192,82.8170776367188
1,58.76,19.5098042353056,82.8313827514648
1,58.77,19.5131375351921,82.8409194946289
1,58.78,19.5164708350785,82.8742980957031
1,58.79,19.5198041349649,82.8790664672852
1,58.8,19.5231374348514,82.9315185546875
1,58.81,19.5264707347378,82.9315185546875
1,58.82,19.5298040346242,82.9744338989258
1,58.83,19.5331373345107,82.9648971557617
1,58.84,19.5364706343971,83.0268859863281
1,58.85,19.5398039342836,83.003044128418
1,58.86,19.54313723417,83.0745697021484
1,58.87,19.5464705340564,83.0459594726563
1,58.88,19.5498038339429,83.1079483032227
1,58.89,19.5531371338293,83.1222534179688
1,58.9,19.5564704337157,83.1365585327148
1,58.91,19.5598037336022,83.1413269042969
1,58.92,19.5631370334886,83.1794738769531
1,58.93,19.566470333375,83.2033157348633
1,58.94,19.5698036332615,83.2128524780273
1,58.95,19.5731369331479,83.2319259643555
1,58.96,19.5764702330343,83.2176208496094
1,58.97,19.5798035329208,83.2653045654297
1,58.98,19.5831368328072,83.2891464233398
1,58.99,19.5864701326936,83.31298828125
1,59,19.5898034325801,83.3272933959961
1,59.01,19.5931367324665,83.3654403686523
1,59.02,19.596470032353,83.3988189697266
1,59.03,19.5998033322394,83.4035873413086
1,59.04,19.6031366321258,83.4465026855469
1,59.05,19.6064699320123,83.4512710571289
1,59.06,19.6098032318987,83.4751129150391
1,59.07,19.6131365317851,83.5227966308594
1,59.08,19.6164698316716,83.5466384887695
1,59.09,19.619803131558,83.5990905761719
1,59.1,19.6231364314444,83.6086273193359
1,59.11,19.6264697313309,83.6610794067383
1,59.12,19.6298030312173,83.6753845214844
1,59.13,19.6331363311037,83.7182998657227
1,59.14,19.6364696309902,83.7516784667969
1,59.15,19.6398029308766,83.765983581543
1,59.16,19.643136230763,83.7945938110352
1,59.17,19.6464695306495,83.8327407836914
1,59.18,19.6498028305359,83.8613510131836
1,59.19,19.6531361304224,83.8756561279297
1,59.2,19.6564694303088,83.8851928710938
1,59.21,19.6598027301952,83.8947296142578
1,59.22,19.6631360300817,83.9042663574219
1,59.23,19.6664693299681,83.9138031005859
1,59.24,19.6698026298545,83.9090347290039
1,59.25,19.673135929741,83.9328765869141
1,59.26,19.6764692296274,83.9328765869141
1,59.27,19.6798025295138,83.9471817016602
1,59.28,19.6831358294003,83.9376449584961
1,59.29,19.6864691292867,83.9662551879883
1,59.3,19.6898024291731,83.9567184448242
1,59.31,19.6931357290596,83.9424133300781
1,59.32,19.696469028946,83.928108215332
1,59.33,19.6998023288325,83.9662551879883
1,59.34,19.7031356287189,83.9328765869141
1,59.35,19.7064689286053,83.9662551879883
1,59.36,19.7098022284918,83.9471817016602
1,59.37,19.7131355283782,83.9376449584961
1,59.38,19.7164688282646,83.9376449584961
1,59.39,19.7198021281511,83.9471817016602
1,59.4,19.7231354280375,83.9567184448242
1,59.41,19.7264687279239,83.9471817016602
1,59.42,19.7298020278104,83.9900970458984
1,59.43,19.7331353276968,83.9805603027344
1,59.44,19.7364686275832,83.9996337890625
1,59.45,19.7398019274697,83.9805603027344
1,59.46,19.7431352273561,84.0091705322266
1,59.47,19.7464685272425,84.0139389038086
1,59.48,19.749801827129,84.0234756469727
1,59.49,19.7531351270154,84.0616226196289
1,59.5,19.7564684269018,84.0568542480469
1,59.51,19.7598017267883,84.0330123901367
1,59.52,19.7631350266747,84.0663909912109
1,59.53,19.7664683265612,84.0568542480469
1,59.54,19.7698016264476,84.071159362793
1,59.55,19.773134926334,84.0950012207031
1,59.56,19.7764682262205,84.0902328491211
1,59.57,19.7798015261069,84.0902328491211
1,59.58,19.7831348259933,84.1283798217773
1,59.59,19.7864681258798,84.1140747070313
1,59.6,19.7898014257662,84.1474533081055
1,59.61,19.7931347256526,84.1331481933594
1,59.62,19.7964680255391,84.1712951660156
1,59.63,19.7998013254255,84.1903686523438
1,59.64,19.8031346253119,84.223747253418
1,59.65,19.8064679251984,84.228515625
1,59.66,19.8098012250848,84.2666625976563
1,59.67,19.8131345249712,84.2952728271484
1,59.68,19.8164678248577,84.3334197998047
1,59.69,19.8198011247441,84.3524932861328
1,59.7,19.8231344246306,84.376335144043
1,59.71,19.826467724517,84.4240188598633
1,59.72,19.8298010244034,84.4144821166992
1,59.73,19.8331343242899,84.4383239746094
1,59.74,19.8364676241763,84.4812393188477
1,59.75,19.8398009240627,84.4860076904297
1,59.76,19.8431342239492,84.4955444335938
1,59.77,19.8464675238356,84.5003128051758
1,59.78,19.849800823722,84.5098495483398
1,59.79,19.8531341236085,84.53369140625
1,59.8,19.8564674234949,84.5193862915039
1,59.81,19.8598007233813,84.53369140625
1,59.82,19.8631340232678,84.5670700073242
1,59.83,19.8664673231542,84.5813751220703
1,59.84,19.8698006230406,84.5909118652344
1,59.85,19.8731339229271,84.5813751220703
1,59.86,19.8764672228135,84.6242904663086
1,59.87,19.8798005227,84.6290588378906
1,59.88,19.8831338225864,84.6576690673828
1,59.89,19.8864671224728,84.6767425537109
1,59.9,19.8898004223593,84.7196578979492
1,59.91,19.8931337222457,84.7291946411133
1,59.92,19.8964670221321,84.7482681274414
1,59.93,19.8998003220186,84.7673416137695
1,59.94,19.903133621905,84.7864151000977
1,59.95,19.9064669217914,84.7673416137695
1,59.96,19.9098002216779,84.8054885864258
1,59.97,19.9131335215643,84.834098815918
1,59.98,19.9164668214507,84.843635559082
1,59.99,19.9198001213372,84.8388671875
1,60,19.9231334212236,84.8627090454102
1,60.01,19.92646672111,84.8722457885742
1,60.02,19.9298000209965,84.8770141601563
1,60.03,19.9331333208829,84.8722457885742
1,60.04,19.9364666207694,84.8865509033203
1,60.05,19.9397999206558,84.9056243896484
1,60.06,19.9431332205422,84.9199295043945
1,60.07,19.9464665204287,84.9056243896484
1,60.08,19.9497998203151,84.8960876464844
1,60.09,19.9531331202015,84.9151611328125
1,60.1,19.956466420088,84.8913192749023
1,60.11,19.9597997199744,84.9056243896484
1,60.12,19.9631330198608,84.8817825317383
1,60.13,19.9664663197473,84.8913192749023
1,60.14,19.9697996196337,84.8913192749023
1,60.15,19.9731329195201,84.8722457885742
1,60.16,19.9764662194066,84.8579406738281
1,60.17,19.979799519293,84.8531723022461
1,60.18,19.9831328191794,84.8531723022461
1,60.19,19.9864661190659,84.7911834716797
1,60.2,19.9897994189523,84.7816467285156
1,60.21,19.9931327188388,84.7578048706055
1,60.22,19.9964660187252,84.7053527832031
1,60.23,19.9997993186116,84.691047668457
1,60.24,20.0031326184981,84.6195220947266
1,60.25,20.0064659183845,84.5909118652344
1,60.26,20.0097992182709,84.538459777832
1,60.27,20.0131325181574,84.5050811767578
1,60.28,20.0164658180438,84.4383239746094
1,60.29,20.0197991179302,84.3906402587891
1,60.3,20.0231324178167,84.3238830566406
1,60.31,20.0264657177031,84.2905044555664
1,60.32,20.0297990175895,84.2428207397461
1,60.33,20.033132317476,84.1808319091797
1,60.34,20.0364656173624,84.1283798217773
1,60.35,20.0397989172488,84.071159362793
1,60.36,20.0431322171353,84.0139389038086
1,60.37,20.0464655170217,83.9567184448242
1,60.38,20.0497988169082,83.8613510131836
1,60.39,20.0531321167946,83.8470458984375
1,60.4,20.056465416681,83.770751953125
1,60.41,20.0597987165675,83.7230682373047
1,60.42,20.0631320164539,83.6563110351563
1,60.43,20.0664653163403,83.622932434082
1,60.44,20.0697986162268,83.5657119750977
1,60.45,20.0731319161132,83.5323333740234
1,60.46,20.0764652159996,83.470344543457
1,60.47,20.0797985158861,83.4417343139648
1,60.48,20.0831318157725,83.3940505981445
1,60.49,20.0864651156589,83.3749771118164
1,60.5,20.0897984155454,83.3320617675781
1,60.51,20.0931317154318,83.2986831665039
1,60.52,20.0964650153182,83.2605361938477
1,60.53,20.0997983152047,83.2462310791016
1,60.54,20.1031316150911,83.2223892211914
1,60.55,20.1064649149776,83.1699371337891
1,60.56,20.109798214864,83.160400390625
1,60.57,20.1131315147504,83.1174850463867
1,60.58,20.1164648146369,83.0936431884766
1,60.59,20.1197981145233,83.0364227294922
1,60.6,20.1231314144097,83.0173492431641
1,60.61,20.1264647142962,82.9744338989258
1,60.62,20.1297980141826,82.9410552978516
1,60.63,20.133131314069,82.8886032104492
1,60.64,20.1364646139555,82.8456878662109
1,60.65,20.1397979138419,82.7980041503906
1,60.66,20.1431312137283,82.7360153198242
1,60.67,20.1464645136148,82.6835632324219
1,60.68,20.1497978135012,82.6501846313477
1,60.69,20.1531311133876,82.6072692871094
1,60.7,20.1564644132741,82.545280456543
1,60.71,20.1597977131605,82.5166702270508
1,60.72,20.163131013047,82.4356079101563
1,60.73,20.1664643129334,82.3879241943359
1,60.74,20.1697976128198,82.3545455932617
1,60.75,20.1731309127063,82.3307037353516
1,60.76,20.1764642125927,82.2687149047852
1,60.77,20.1797975124791,82.2353363037109
1,60.78,20.1831308123656,82.1876525878906
1,60.79,20.186464112252,82.1447372436523
1,60.8,20.1897974121384,82.1208953857422
1,60.81,20.1931307120249,82.0827484130859
1,60.82,20.1964640119113,82.0541381835938
1,60.83,20.1997973117977,82.0255279541016
1,60.84,20.2031306116842,81.9778442382813
1,60.85,20.2064639115706,81.9587707519531
1,60.86,20.209797211457,81.9301605224609
1,60.87,20.2131305113435,81.8777084350586
1,60.88,20.2164638112299,81.8538665771484
1,60.89,20.2197971111164,81.8443298339844
1,60.9,20.2231304110028,81.8157196044922
1,60.91,20.2264637108892,81.8014144897461
1,60.92,20.2297970107757,81.7680358886719
1,60.93,20.2331303106621,81.7251205444336
1,60.94,20.2364636105485,81.7251205444336
1,60.95,20.239796910435,81.6917419433594
1,60.96,20.2431302103214,81.6917419433594
1,60.97,20.2464635102078,81.6679000854492
1,60.98,20.2497968100943,81.6631317138672
1,60.99,20.2531301099807,81.6202163696289
1,61,20.2564634098671,81.6249847412109
1,61.01,20.2597967097536,81.6059112548828
1,61.02,20.26313000964,81.5820693969727
1,61.03,20.2664633095264,81.5629959106445
1,61.04,20.2697966094129,81.5391540527344
1,61.05,20.2731299092993,81.4914703369141
1,61.06,20.2764632091857,81.4962387084961
1,61.07,20.2797965090722,81.4628601074219
1,61.08,20.2831298089586,81.4390182495117
1,61.09,20.2864631088451,81.4008712768555
1,61.1,20.2897964087315,81.3674926757813
1,61.11,20.2931297086179,81.3055038452148
1,61.12,20.2964630085044,81.3007354736328
1,61.13,20.2997963083908,81.2244415283203
1,61.14,20.3031296082772,81.2053680419922
1,61.15,20.3064629081637,81.1338424682617
1,61.16,20.3097962080501,81.0956954956055
1,61.17,20.3131295079365,81.0718536376953
1,61.18,20.316462807823,81.019401550293
1,61.19,20.3197961077094,80.9860229492188
1,61.2,20.3231294075958,80.9764862060547
1,61.21,20.3264627074823,80.9621810913086
1,61.22,20.3297960073687,80.9240341186523
1,61.23,20.3331293072551,80.9097290039063
1,61.24,20.3364626071416,80.9001922607422
1,61.25,20.339795907028,80.9049606323242
1,61.26,20.3431292069145,80.8906555175781
1,61.27,20.3464625068009,80.8954238891602
1,61.28,20.3497958066873,80.9049606323242
1,61.29,20.3531291065738,80.9144973754883
1,61.3,20.3564624064602,80.9144973754883
1,61.31,20.3597957063466,80.9383392333984
1,61.32,20.3631290062331,80.9383392333984
1,61.33,20.3664623061195,80.9383392333984
1,61.34,20.3697956060059,80.9335708618164
1,61.35,20.3731289058924,80.9526443481445
1,61.36,20.3764622057788,80.9144973754883
1,61.37,20.3797955056652,80.9574127197266
1,61.38,20.3831288055517,80.9478759765625
1,61.39,20.3864621054381,80.9478759765625
1,61.4,20.3897954053246,80.9621810913086
1,61.41,20.393128705211,80.9478759765625
1,61.42,20.3964620050974,80.9621810913086
1,61.43,20.3997953049839,80.9383392333984
1,61.44,20.4031286048703,80.9526443481445
1,61.45,20.4064619047567,80.9860229492188
1,61.46,20.4097952046432,80.9764862060547
1,61.47,20.4131285045296,80.9812545776367
1,61.48,20.416461804416,80.9907913208008
1,61.49,20.4197951043025,81.0050964355469
1,61.5,20.4231284041889,80.9955596923828
1,61.51,20.4264617040753,81.0337066650391
1,61.52,20.4297950039618,81.019401550293
1,61.53,20.4331283038482,81.0766220092773
1,61.54,20.4364616037346,81.0956954956055
1,61.55,20.4397949036211,81.1147689819336
1,61.56,20.4431282035075,81.1052322387695
1,61.57,20.446461503394,81.1481475830078
1,61.58,20.4497948032804,81.1576843261719
1,61.59,20.4531281031668,81.1910629272461
1,61.6,20.4564614030533,81.2149047851563
1,61.61,20.4597947029397,81.2292098999023
1,61.62,20.4631280028261,81.2149047851563
1,61.63,20.4664613027126,81.2673568725586
1,61.64,20.469794602599,81.2482833862305
1,61.65,20.4731279024854,81.2911987304688
1,61.66,20.4764612023719,81.2673568725586
1,61.67,20.4797945022583,81.3150405883789
1,61.68,20.4831278021447,81.334114074707
1,61.69,20.4864611020312,81.3531875610352
1,61.7,20.4897944019176,81.3770294189453
1,61.71,20.493127701804,81.3770294189453
1,61.72,20.4964610016905,81.3770294189453
1,61.73,20.4997943015769,81.4247131347656
1,61.74,20.5031276014633,81.4247131347656
1,61.75,20.5064609013498,81.4485549926758
1,61.76,20.5097942012362,81.4580917358398
1,61.77,20.5131275011227,81.5010070800781
1,61.78,20.5164608010091,81.5200805664063
1,61.79,20.5197941008955,81.5391540527344
1,61.8,20.523127400782,81.5439224243164
1,61.81,20.5264607006684,81.5773010253906
1,61.82,20.5297940005548,81.5773010253906
1,61.83,20.5331273004413,81.6106796264648
1,61.84,20.5364606003277,81.6106796264648
1,61.85,20.5397939002141,81.6059112548828
1,61.86,20.5431272001006,81.5963745117188
1,61.87,20.546460499987,81.629753112793
1,61.88,20.5497937998734,81.6106796264648
1,61.89,20.5531270997599,81.6106796264648
1,61.9,20.5564603996463,81.6154479980469
1,61.91,20.5597936995327,81.5963745117188
1,61.92,20.5631269994192,81.6202163696289
1,61.93,20.5664602993056,81.6011428833008
1,61.94,20.5697935991921,81.5916061401367
1,61.95,20.5731268990785,81.5820693969727
1,61.96,20.5764601989649,81.5773010253906
1,61.97,20.5797934988514,81.5725326538086
1,61.98,20.5831267987378,81.5963745117188
1,61.99,20.5864600986242,81.6059112548828
1,62,20.5897933985107,81.5963745117188
1,62.01,20.5931266983971,81.5916061401367
1,62.02,20.5964599982835,81.5868377685547
1,62.03,20.59979329817,81.6059112548828
1,62.04,20.6031265980564,81.5773010253906
1,62.05,20.6064598979428,81.6011428833008
1,62.06,20.6097931978293,81.5725326538086
1,62.07,20.6131264977157,81.5916061401367
1,62.08,20.6164597976021,81.5963745117188
1,62.09,20.6197930974886,81.5820693969727
1,62.1,20.623126397375,81.5963745117188
1,62.11,20.6264596972615,81.5963745117188
1,62.12,20.6297929971479,81.5916061401367
1,62.13,20.6331262970343,81.5725326538086
1,62.14,20.6364595969208,81.5725326538086
1,62.15,20.6397928968072,81.5820693969727
1,62.16,20.6431261966936,81.5868377685547
1,62.17,20.6464594965801,81.5582275390625
1,62.18,20.6497927964665,81.5629959106445
1,62.19,20.6531260963529,81.5820693969727
1,62.2,20.6564593962394,81.5773010253906
1,62.21,20.6597926961258,81.5677642822266
1,62.22,20.6631259960122,81.5773010253906
1,62.23,20.6664592958987,81.5916061401367
1,62.24,20.6697925957851,81.5868377685547
1,62.25,20.6731258956715,81.6011428833008
1,62.26,20.676459195558,81.6106796264648
1,62.27,20.6797924954444,81.629753112793
1,62.28,20.6831257953309,81.6440582275391
1,62.29,20.6864590952173,81.6488265991211
1,62.3,20.6897923951037,81.6774368286133
1,62.31,20.6931256949902,81.6488265991211
1,62.32,20.6964589948766,81.6488265991211
1,62.33,20.699792294763,81.6440582275391
1,62.34,20.7031255946495,81.6488265991211
1,62.35,20.7064588945359,81.629753112793
1,62.36,20.7097921944223,81.6440582275391
1,62.37,20.7131254943088,81.6249847412109
1,62.38,20.7164587941952,81.6059112548828
1,62.39,20.7197920940816,81.6011428833008
1,62.4,20.7231253939681,81.5868377685547
1,62.41,20.7264586938545,81.5677642822266
1,62.42,20.729791993741,81.5677642822266
1,62.43,20.7331252936274,81.5725326538086
1,62.44,20.7364585935138,81.5629959106445
1,62.45,20.7397918934003,81.5248489379883
1,62.46,20.7431251932867,81.5296173095703
1,62.47,20.7464584931731,81.5153121948242
1,62.48,20.7497917930596,81.5486907958984
1,62.49,20.753125092946,81.5296173095703
1,62.5,20.7564583928324,81.5534591674805
1,62.51,20.7597916927189,81.5582275390625
1,62.52,20.7631249926053,81.5582275390625
1,62.53,20.7664582924917,81.5629959106445
1,62.54,20.7697915923782,81.5725326538086
1,62.55,20.7731248922646,81.6106796264648
1,62.56,20.776458192151,81.5868377685547
1,62.57,20.7797914920375,81.5820693969727
1,62.58,20.7831247919239,81.6249847412109
1,62.59,20.7864580918103,81.5963745117188
1,62.6,20.7897913916968,81.5963745117188
1,62.61,20.7931246915832,81.6011428833008
1,62.62,20.7964579914697,81.5820693969727
1,62.63,20.7997912913561,81.5820693969727
1,62.64,20.8031245912425,81.5677642822266
1,62.65,20.806457891129,81.5725326538086
1,62.66,20.8097911910154,81.5343856811523
1,62.67,20.8131244909018,81.5248489379883
1,62.68,20.8164577907883,81.5057754516602
1,62.69,20.8197910906747,81.5200805664063
1,62.7,20.8231243905611,81.5105438232422
1,62.71,20.8264576904476,81.48193359375
1,62.72,20.829790990334,81.4723968505859
1,62.73,20.8331242902204,81.4390182495117
1,62.74,20.8364575901069,81.4676284790039
1,62.75,20.8397908899933,81.4580917358398
1,62.76,20.8431241898797,81.4294815063477
1,62.77,20.8464574897662,81.4485549926758
1,62.78,20.8497907896526,81.4247131347656
1,62.79,20.8531240895391,81.3961029052734
1,62.8,20.8564573894255,81.3961029052734
1,62.81,20.8597906893119,81.3865661621094
1,62.82,20.8631239891984,81.3913345336914
1,62.83,20.8664572890848,81.3674926757813
1,62.84,20.8697905889712,81.3627243041992
1,62.85,20.8731238888577,81.3531875610352
1,62.86,20.8764571887441,81.3198089599609
1,62.87,20.8797904886305,81.3150405883789
1,62.88,20.883123788517,81.3007354736328
1,62.89,20.8864570884034,81.2721252441406
1,62.9,20.8897903882898,81.2530517578125
1,62.91,20.8931236881763,81.2292098999023
1,62.92,20.8964569880627,81.2387466430664
1,62.93,20.8997902879491,81.2053680419922
1,62.94,20.9031235878356,81.2101364135742
1,62.95,20.906456887722,81.181526184082
1,62.96,20.9097901876085,81.1672210693359
1,62.97,20.9131234874949,81.1386108398438
1,62.98,20.9164567873813,81.1481475830078
1,62.99,20.9197900872678,81.1147689819336
1,63,20.9231233871542,81.0956954956055
1,63.01,20.9264566870406,81.0623168945313
1,63.02,20.9297899869271,81.0575485229492
1,63.03,20.9331232868135,81.0098648071289
1,63.04,20.9364565866999,80.9812545776367
1,63.05,20.9397898865864,80.9431076049805
1,63.06,20.9431231864728,80.9431076049805
1,63.07,20.9464564863592,80.8858871459961
1,63.08,20.9497897862457,80.8572769165039
1,63.09,20.9531230861321,80.8191299438477
1,63.1,20.9564563860185,80.7714462280273
1,63.11,20.959789685905,80.7094573974609
1,63.12,20.9631229857914,80.6522369384766
1,63.13,20.9664562856779,80.5902481079102
1,63.14,20.9697895855643,80.561637878418
1,63.15,20.9731228854507,80.4805755615234
1,63.16,20.9764561853372,80.413818359375
1,63.17,20.9797894852236,80.3565979003906
1,63.18,20.98312278511,80.265998840332
1,63.19,20.9864560849965,80.2135467529297
1,63.2,20.9897893848829,80.113410949707
1,63.21,20.9931226847693,80.0323486328125
1,63.22,20.9964559846558,79.951286315918
1,63.23,20.9997892845422,79.8654556274414
