ééå±âÒêî,éûä‘[sec],à⁄ìÆó [mm],â◊èd[N]
1,0.01,0,1.78813934326172E-03
1,0.22,3.33329988643527E-03,1.19209289550781E-02
1,0.24,6.66659977287054E-03,8.94069671630859E-03
1,0.25,9.99989965930581E-03,9.5367431640625E-03
1,0.26,1.33331995457411E-02,8.94069671630859E-03
1,0.27,1.66664994321764E-02,7.15255737304688E-03
1,0.28,1.99997993186116E-02,0
1,0.29,2.33330992050469E-02,-1.19209289550781E-03
1,0.3,2.66663990914822E-02,-2.98023223876953E-03
1,0.31,2.99996989779174E-02,-2.98023223876953E-03
1,0.32,3.33329988643527E-02,0
1,0.33,0.036666298750788,-1.19209289550781E-03
1,0.34,3.99995986372232E-02,-5.96046447753906E-04
1,0.35,4.33328985236585E-02,-2.98023223876953E-03
1,0.36,4.66661984100938E-02,-4.17232513427734E-03
1,0.37,4.99994982965291E-02,-4.76837158203125E-03
1,0.38,5.33327981829643E-02,-5.96046447753906E-04
1,0.39,5.66660980693996E-02,0
1,0.4,5.99993979558349E-02,1.78813934326172E-03
1,0.41,6.33326978422702E-02,1.78813934326172E-03
1,0.42,6.66659977287054E-02,5.96046447753906E-03
1,0.43,6.99992976151407E-02,6.55651092529297E-03
1,0.44,7.33325975015759E-02,7.74860382080078E-03
1,0.45,7.66658973880112E-02,8.34465026855469E-03
1,0.46,7.99991972744465E-02,5.96046447753906E-03
1,0.47,8.33324971608818E-02,9.5367431640625E-03
1,0.48,0.086665797047317,1.07288360595703E-02
1,0.49,8.99990969337523E-02,8.94069671630859E-03
1,0.5,9.33323968201876E-02,1.37090682983398E-02
1,0.51,9.66656967066228E-02,1.31130218505859E-02
1,0.52,9.99989965930581E-02,6.55651092529297E-03
1,0.53,0.103332296479493,8.94069671630859E-03
1,0.54,0.106665596365929,1.01327896118164E-02
1,0.55,0.109998896252364,5.96046447753906E-03
1,0.56,0.113332196138799,1.01327896118164E-02
1,0.57,0.116665496025234,2.38418579101563E-03
1,0.58,0.11999879591167,0
1,0.59,0.123332095798105,0
1,0.6,0.12666539568454,-1.78813934326172E-03
1,0.61,0.129998695570976,-1.78813934326172E-03
1,0.62,0.133331995457411,2.38418579101563E-03
1,0.63,0.136665295343846,7.15255737304688E-03
1,0.64,0.139998595230281,1.07288360595703E-02
1,0.65,0.143331895116717,1.31130218505859E-02
1,0.66,0.146665195003152,0.012516975402832
1,0.67,0.149998494889587,0.012516975402832
1,0.68,0.153331794776022,1.72853469848633E-02
1,0.69,0.156665094662458,2.08616256713867E-02
1,0.7,0.159998394548893,1.78813934326172E-02
1,0.71,0.163331694435328,1.31130218505859E-02
1,0.72,0.166664994321764,0.019073486328125
1,0.73,0.169998294208199,2.08616256713867E-02
1,0.74,0.173331594094634,1.96695327758789E-02
1,0.75,0.176664893981069,2.02655792236328E-02
1,0.76,0.179998193867505,1.72853469848633E-02
1,0.77,0.18333149375394,1.72853469848633E-02
1,0.78,0.186664793640375,1.66893005371094E-02
1,0.79,0.18999809352681,1.96695327758789E-02
1,0.8,0.193331393413246,1.49011611938477E-02
1,0.81,0.196664693299681,1.43051147460938E-02
1,0.82,0.199997993186116,1.19209289550781E-02
1,0.83,0.203331293072552,8.94069671630859E-03
1,0.84,0.206664592958987,9.5367431640625E-03
1,0.85,0.209997892845422,7.74860382080078E-03
1,0.86,0.213331192731857,7.15255737304688E-03
1,0.87,0.216664492618293,3.57627868652344E-03
1,0.88,0.219997792504728,3.57627868652344E-03
1,0.89,0.223331092391163,0
1,0.9,0.226664392277598,2.38418579101563E-03
1,0.91,0.229997692164034,4.17232513427734E-03
1,0.92,0.233330992050469,0
1,0.93,0.236664291936904,5.96046447753906E-04
1,0.94,0.239997591823339,-2.98023223876953E-03
1,0.95,0.243330891709775,-1.78813934326172E-03
1,0.96,0.24666419159621,-5.96046447753906E-04
1,0.97,0.249997491482645,0
1,0.98,0.253330791369081,-4.17232513427734E-03
1,0.99,0.256664091255516,-2.38418579101563E-03
1,1,0.259997391141951,-2.98023223876953E-03
1,1.01,0.263330691028386,-2.38418579101563E-03
1,1.02,0.266663990914822,-5.36441802978516E-03
1,1.03,0.269997290801257,-4.17232513427734E-03
1,1.04,0.273330590687692,-3.57627868652344E-03
1,1.05,0.276663890574127,-1.78813934326172E-03
1,1.06,0.279997190460563,-1.19209289550781E-03
1,1.07,0.283330490346998,-3.57627868652344E-03
1,1.08,0.286663790233433,-1.78813934326172E-03
1,1.09,0.289997090119869,0
1,1.1,0.293330390006304,5.96046447753906E-04
1,1.11,0.296663689892739,2.98023223876953E-03
1,1.12,0.299996989779174,1.78813934326172E-03
1,1.13,0.30333028966561,3.57627868652344E-03
1,1.14,0.306663589552045,5.96046447753906E-03
1,1.15,0.30999688943848,7.74860382080078E-03
1,1.16,0.313330189324915,9.5367431640625E-03
1,1.17,0.316663489211351,7.15255737304688E-03
1,1.18,0.319996789097786,8.94069671630859E-03
1,1.19,0.323330088984221,0
1,1.2,0.326663388870657,2.38418579101563E-03
1,1.21,0.329996688757092,1.19209289550781E-03
1,1.22,0.333329988643527,-2.98023223876953E-03
1,1.23,0.336663288529962,-7.15255737304688E-03
1,1.24,0.339996588416398,-1.07288360595703E-02
1,1.25,0.343329888302833,-1.54972076416016E-02
1,1.26,0.346663188189268,-1.66893005371094E-02
1,1.27,0.349996488075703,-1.72853469848633E-02
1,1.28,0.353329787962139,-1.84774398803711E-02
1,1.29,0.356663087848574,-1.84774398803711E-02
1,1.3,0.359996387735009,-2.14576721191406E-02
1,1.31,0.363329687621445,-2.32458114624023E-02
1,1.32,0.36666298750788,-2.20537185668945E-02
1,1.33,0.369996287394315,-2.20537185668945E-02
1,1.34,0.37332958728075,-1.66893005371094E-02
1,1.35,0.376662887167186,-1.49011611938477E-02
1,1.36,0.379996187053621,-1.49011611938477E-02
1,1.37,0.383329486940056,-0.019073486328125
1,1.38,0.386662786826491,-9.5367431640625E-03
1,1.39,0.389996086712927,-7.74860382080078E-03
1,1.4,0.393329386599362,-9.5367431640625E-03
1,1.41,0.396662686485797,-8.94069671630859E-03
1,1.42,0.399995986372232,-6.55651092529297E-03
1,1.43,0.403329286258668,-2.98023223876953E-03
1,1.44,0.406662586145103,-5.36441802978516E-03
1,1.45,0.409995886031538,-4.17232513427734E-03
1,1.46,0.413329185917974,-4.17232513427734E-03
1,1.47,0.416662485804409,-1.78813934326172E-03
1,1.48,0.419995785690844,-2.38418579101563E-03
1,1.49,0.423329085577279,-1.78813934326172E-03
1,1.5,0.426662385463715,0
1,1.51,0.42999568535015,3.57627868652344E-03
1,1.52,0.433328985236585,5.96046447753906E-03
1,1.53,0.43666228512302,0
1,1.54,0.439995585009456,0
1,1.55,0.443328884895891,-5.96046447753906E-04
1,1.56,0.446662184782326,-5.96046447753906E-04
1,1.57,0.449995484668762,5.96046447753906E-04
1,1.58,0.453328784555197,5.96046447753906E-04
1,1.59,0.456662084441632,1.19209289550781E-03
1,1.6,0.459995384328067,2.38418579101563E-03
1,1.61,0.463328684214503,-2.98023223876953E-03
1,1.62,0.466661984100938,0
1,1.63,0.469995283987373,0
1,1.64,0.473328583873808,4.76837158203125E-03
1,1.65,0.476661883760244,-5.96046447753906E-04
1,1.66,0.479995183646679,1.78813934326172E-03
1,1.67,0.483328483533114,1.78813934326172E-03
1,1.68,0.48666178341955,6.55651092529297E-03
1,1.69,0.489995083305985,6.55651092529297E-03
1,1.7,0.49332838319242,6.55651092529297E-03
1,1.71,0.496661683078855,8.94069671630859E-03
1,1.72,0.499994982965291,1.07288360595703E-02
1,1.73,0.503328282851726,1.07288360595703E-02
1,1.74,0.506661582738161,7.74860382080078E-03
1,1.75,0.509994882624596,1.01327896118164E-02
1,1.76,0.513328182511032,1.19209289550781E-02
1,1.77,0.516661482397467,8.94069671630859E-03
1,1.78,0.519994782283902,6.55651092529297E-03
1,1.79,0.523328082170337,3.57627868652344E-03
1,1.8,0.526661382056773,8.94069671630859E-03
1,1.81,0.529994681943208,8.34465026855469E-03
1,1.82,0.533327981829643,6.55651092529297E-03
1,1.83,0.536661281716079,4.76837158203125E-03
1,1.84,0.539994581602514,4.76837158203125E-03
1,1.85,0.543327881488949,0
1,1.86,0.546661181375384,0
1,1.87,0.54999448126182,0
1,1.88,0.553327781148255,5.96046447753906E-03
1,1.89,0.55666108103469,7.74860382080078E-03
1,1.9,0.559994380921125,4.17232513427734E-03
1,1.91,0.563327680807561,7.74860382080078E-03
1,1.92,0.566660980693996,4.17232513427734E-03
1,1.93,0.569994280580431,7.74860382080078E-03
1,1.94,0.573327580466866,8.34465026855469E-03
1,1.95,0.576660880353302,3.57627868652344E-03
1,1.96,0.579994180239737,4.76837158203125E-03
1,1.97,0.583327480126172,7.74860382080078E-03
1,1.98,0.586660780012608,5.36441802978516E-03
1,1.99,0.589994079899043,8.34465026855469E-03
1,2,0.593327379785478,7.15255737304688E-03
1,2.01,0.596660679671913,1.37090682983398E-02
1,2.02,0.599993979558349,7.15255737304688E-03
1,2.03,0.603327279444784,3.57627868652344E-03
1,2.04,0.606660579331219,3.57627868652344E-03
1,2.05,0.609993879217654,4.17232513427734E-03
1,2.06,0.61332717910409,8.34465026855469E-03
1,2.07,0.616660478990525,5.36441802978516E-03
1,2.08,0.61999377887696,3.57627868652344E-03
1,2.09,0.623327078763396,1.19209289550781E-03
1,2.1,0.626660378649831,2.38418579101563E-03
1,2.11,0.629993678536266,5.96046447753906E-03
1,2.12,0.633326978422701,4.76837158203125E-03
1,2.13,0.636660278309137,9.5367431640625E-03
1,2.14,0.639993578195572,8.94069671630859E-03
1,2.15,0.643326878082007,7.74860382080078E-03
1,2.16,0.646660177968442,8.94069671630859E-03
1,2.17,0.649993477854878,1.07288360595703E-02
1,2.18,0.653326777741313,1.31130218505859E-02
1,2.19,0.656660077627748,8.34465026855469E-03
1,2.2,0.659993377514184,7.15255737304688E-03
1,2.21,0.663326677400619,7.15255737304688E-03
1,2.22,0.666659977287054,3.57627868652344E-03
1,2.23,0.669993277173489,2.38418579101563E-03
1,2.24,0.673326577059925,2.38418579101563E-03
1,2.25,0.67665987694636,-5.96046447753906E-04
1,2.26,0.679993176832795,0
1,2.27,0.68332647671923,1.19209289550781E-03
1,2.28,0.686659776605666,1.19209289550781E-03
1,2.29,0.689993076492101,0
1,2.3,0.693326376378536,0
1,2.31,0.696659676264971,5.96046447753906E-04
1,2.32,0.699992976151407,0
1,2.33,0.703326276037842,5.96046447753906E-04
1,2.34,0.706659575924277,-5.96046447753906E-04
1,2.35,0.709992875810713,5.96046447753906E-04
1,2.36,0.713326175697148,5.96046447753906E-04
1,2.37,0.716659475583583,5.96046447753906E-04
1,2.38,0.719992775470018,1.19209289550781E-03
1,2.39,0.723326075356454,0
1,2.4,0.726659375242889,1.78813934326172E-03
1,2.41,0.729992675129324,5.96046447753906E-03
1,2.42,0.733325975015759,5.36441802978516E-03
1,2.43,0.736659274902195,7.74860382080078E-03
1,2.44,0.73999257478863,6.55651092529297E-03
1,2.45,0.743325874675065,9.5367431640625E-03
1,2.46,0.746659174561501,7.74860382080078E-03
1,2.47,0.749992474447936,8.34465026855469E-03
1,2.48,0.753325774334371,8.34465026855469E-03
1,2.49,0.756659074220806,9.5367431640625E-03
1,2.5,0.759992374107242,5.36441802978516E-03
1,2.51,0.763325673993677,8.94069671630859E-03
1,2.52,0.766658973880112,8.94069671630859E-03
1,2.53,0.769992273766547,7.74860382080078E-03
1,2.54,0.773325573652983,9.5367431640625E-03
1,2.55,0.776658873539418,9.5367431640625E-03
1,2.56,0.779992173425853,1.19209289550781E-02
1,2.57,0.783325473312289,7.15255737304688E-03
1,2.58,0.786658773198724,5.36441802978516E-03
1,2.59,0.789992073085159,7.15255737304688E-03
1,2.6,0.793325372971594,1.13248825073242E-02
1,2.61,0.79665867285803,5.36441802978516E-03
1,2.62,0.799991972744465,8.94069671630859E-03
1,2.63,0.8033252726309,7.74860382080078E-03
1,2.64,0.806658572517335,8.34465026855469E-03
1,2.65,0.809991872403771,1.01327896118164E-02
1,2.66,0.813325172290206,7.15255737304688E-03
1,2.67,0.816658472176641,5.96046447753906E-03
1,2.68,0.819991772063077,5.36441802978516E-03
1,2.69,0.823325071949512,4.76837158203125E-03
1,2.7,0.826658371835947,4.17232513427734E-03
1,2.71,0.829991671722382,1.78813934326172E-03
1,2.72,0.833324971608818,4.17232513427734E-03
1,2.73,0.836658271495253,4.76837158203125E-03
1,2.74,0.839991571381688,-1.78813934326172E-03
1,2.75,0.843324871268123,2.98023223876953E-03
1,2.76,0.846658171154559,2.98023223876953E-03
1,2.77,0.849991471040994,5.96046447753906E-03
1,2.78,0.853324770927429,1.19209289550781E-03
1,2.79,0.856658070813864,1.19209289550781E-03
1,2.8,0.8599913707003,0
1,2.81,0.863324670586735,1.19209289550781E-03
1,2.82,0.86665797047317,1.19209289550781E-03
1,2.83,0.869991270359606,-1.19209289550781E-03
1,2.84,0.873324570246041,5.96046447753906E-04
1,2.85,0.876657870132476,-1.19209289550781E-03
1,2.86,0.879991170018911,-5.96046447753906E-04
1,2.87,0.883324469905347,-5.96046447753906E-04
1,2.88,0.886657769791782,-5.96046447753906E-04
1,2.89,0.889991069678217,-5.96046447753906E-03
1,2.9,0.893324369564652,-2.38418579101563E-03
1,2.91,0.896657669451088,-2.98023223876953E-03
1,2.92,0.899990969337523,-8.94069671630859E-03
1,2.93,0.903324269223958,-7.15255737304688E-03
1,2.94,0.906657569110394,-1.01327896118164E-02
1,2.95,0.909990868996829,-4.76837158203125E-03
1,2.96,0.913324168883264,-7.15255737304688E-03
1,2.97,0.916657468769699,-4.17232513427734E-03
1,2.98,0.919990768656135,-4.17232513427734E-03
1,2.99,0.92332406854257,-4.76837158203125E-03
1,3,0.926657368429005,-2.38418579101563E-03
1,3.01,0.92999066831544,-5.96046447753906E-04
1,3.02,0.933323968201876,4.76837158203125E-03
1,3.03,0.936657268088311,1.78813934326172E-03
1,3.04,0.939990567974746,-5.96046447753906E-04
1,3.05,0.943323867861182,0
1,3.06,0.946657167747617,4.76837158203125E-03
1,3.07,0.949990467634052,3.57627868652344E-03
1,3.08,0.953323767520487,5.36441802978516E-03
1,3.09,0.956657067406923,8.34465026855469E-03
1,3.1,0.959990367293358,5.36441802978516E-03
1,3.11,0.963323667179793,6.55651092529297E-03
1,3.12,0.966656967066228,7.74860382080078E-03
1,3.13,0.969990266952664,4.76837158203125E-03
1,3.14,0.973323566839099,-1.78813934326172E-03
1,3.15,0.976656866725534,-5.36441802978516E-03
1,3.16,0.979990166611969,-3.57627868652344E-03
1,3.17,0.983323466498405,-6.55651092529297E-03
1,3.18,0.98665676638484,-1.07288360595703E-02
1,3.19,0.989990066271275,-9.5367431640625E-03
1,3.2,0.993323366157711,-5.36441802978516E-03
1,3.21,0.996656666044146,-2.38418579101563E-03
1,3.22,0.999989965930581,-6.55651092529297E-03
1,3.23,1.00332326581702,-0.012516975402832
1,3.24,1.00665656570345,-1.31130218505859E-02
1,3.25,1.00998986558989,-8.94069671630859E-03
1,3.26,1.01332316547632,-1.01327896118164E-02
1,3.27,1.01665646536276,-9.5367431640625E-03
1,3.28,1.01998976524919,-6.55651092529297E-03
1,3.29,1.02332306513563,-8.34465026855469E-03
1,3.3,1.02665636502206,-2.38418579101563E-03
1,3.31,1.0299896649085,-4.76837158203125E-03
1,3.32,1.03332296479493,0
1,3.33,1.03665626468137,4.76837158203125E-03
1,3.34,1.0399895645678,0
1,3.35,1.04332286445424,3.57627868652344E-03
1,3.36,1.04665616434067,1.19209289550781E-03
1,3.37,1.04998946422711,0
1,3.38,1.05332276411355,1.19209289550781E-03
1,3.39,1.05665606399998,4.17232513427734E-03
1,3.4,1.05998936388642,0
1,3.41,1.06332266377285,-2.98023223876953E-03
1,3.42,1.06665596365929,0
1,3.43,1.06998926354572,-2.38418579101563E-03
1,3.44,1.07332256343216,-4.17232513427734E-03
1,3.45,1.07665586331859,-1.07288360595703E-02
1,3.46,1.07998916320503,-1.01327896118164E-02
1,3.47,1.08332246309146,-1.19209289550781E-02
1,3.48,1.0866557629779,-1.37090682983398E-02
1,3.49,1.08998906286433,-1.49011611938477E-02
1,3.5,1.09332236275077,-1.43051147460938E-02
1,3.51,1.0966556626372,-1.43051147460938E-02
1,3.52,1.09998896252364,-1.60932540893555E-02
1,3.53,1.10332226241007,-1.96695327758789E-02
1,3.54,1.10665556229651,-1.78813934326172E-02
1,3.55,1.10998886218295,-0.019073486328125
1,3.56,1.11332216206938,-1.66893005371094E-02
1,3.57,1.11665546195582,-0.012516975402832
1,3.58,1.11998876184225,-1.13248825073242E-02
1,3.59,1.12332206172869,-1.19209289550781E-02
1,3.6,1.12665536161512,-1.07288360595703E-02
1,3.61,1.12998866150156,-1.01327896118164E-02
1,3.62,1.13332196138799,-7.15255737304688E-03
1,3.63,1.13665526127443,-4.17232513427734E-03
1,3.64,1.13998856116086,-4.17232513427734E-03
1,3.65,1.1433218610473,-4.17232513427734E-03
1,3.66,1.14665516093373,-5.36441802978516E-03
1,3.67,1.14998846082017,-5.36441802978516E-03
1,3.68,1.1533217607066,-3.57627868652344E-03
1,3.69,1.15665506059304,-5.36441802978516E-03
1,3.7,1.15998836047947,-7.74860382080078E-03
1,3.71,1.16332166036591,-8.94069671630859E-03
1,3.72,1.16665496025234,-9.5367431640625E-03
1,3.73,1.16998826013878,-1.01327896118164E-02
1,3.74,1.17332156002522,-8.34465026855469E-03
1,3.75,1.17665485991165,-1.01327896118164E-02
1,3.76,1.17998815979809,-1.31130218505859E-02
1,3.77,1.18332145968452,-1.72853469848633E-02
1,3.78,1.18665475957096,-2.14576721191406E-02
1,3.79,1.18998805945739,-0.019073486328125
1,3.8,1.19332135934383,-2.14576721191406E-02
1,3.81,1.19665465923026,-2.08616256713867E-02
1,3.82,1.1999879591167,-1.66893005371094E-02
1,3.83,1.20332125900313,-0.019073486328125
1,3.84,1.20665455888957,-1.72853469848633E-02
1,3.85,1.209987858776,-1.84774398803711E-02
1,3.86,1.21332115866244,-0.019073486328125
1,3.87,1.21665445854887,-1.43051147460938E-02
1,3.88,1.21998775843531,-1.78813934326172E-02
1,3.89,1.22332105832174,-1.43051147460938E-02
1,3.9,1.22665435820818,-1.54972076416016E-02
1,3.91,1.22998765809461,-1.37090682983398E-02
1,3.92,1.23332095798105,-1.07288360595703E-02
1,3.93,1.23665425786749,-8.34465026855469E-03
1,3.94,1.23998755775392,-9.5367431640625E-03
1,3.95,1.24332085764036,-1.07288360595703E-02
1,3.96,1.24665415752679,-8.94069671630859E-03
1,3.97,1.24998745741323,-6.55651092529297E-03
1,3.98,1.25332075729966,-7.74860382080078E-03
1,3.99,1.2566540571861,-3.57627868652344E-03
1,4,1.25998735707253,-4.76837158203125E-03
1,4.01,1.26332065695897,-3.57627868652344E-03
1,4.02,1.2666539568454,-2.38418579101563E-03
1,4.03,1.26998725673184,-4.17232513427734E-03
1,4.04,1.27332055661827,-5.96046447753906E-04
1,4.05,1.27665385650471,-3.57627868652344E-03
1,4.06,1.27998715639114,-5.96046447753906E-03
1,4.07,1.28332045627758,-8.34465026855469E-03
1,4.08,1.28665375616401,-0.012516975402832
1,4.09,1.28998705605045,-1.60932540893555E-02
1,4.1,1.29332035593688,-1.60932540893555E-02
1,4.11,1.29665365582332,-1.84774398803711E-02
1,4.12,1.29998695570976,-2.26497650146484E-02
1,4.13,1.30332025559619,-2.44379043579102E-02
1,4.14,1.30665355548263,-2.50339508056641E-02
1,4.15,1.30998685536906,-2.26497650146484E-02
1,4.16,1.3133201552555,-2.32458114624023E-02
1,4.17,1.31665345514193,-2.14576721191406E-02
1,4.18,1.31998675502837,-2.44379043579102E-02
1,4.19,1.3233200549148,-2.32458114624023E-02
1,4.2,1.32665335480124,-2.26497650146484E-02
1,4.21,1.32998665468767,-2.38418579101563E-02
1,4.22,1.33331995457411,-0.025629997253418
1,4.23,1.33665325446054,-2.32458114624023E-02
1,4.24,1.33998655434698,-2.44379043579102E-02
1,4.25,1.34331985423341,-2.68220901489258E-02
1,4.26,1.34665315411985,-2.44379043579102E-02
1,4.27,1.34998645400628,-2.38418579101563E-02
1,4.28,1.35331975389272,-2.08616256713867E-02
1,4.29,1.35665305377916,-1.60932540893555E-02
1,4.3,1.35998635366559,-1.66893005371094E-02
1,4.31,1.36331965355203,-1.19209289550781E-02
1,4.32,1.36665295343846,-1.07288360595703E-02
1,4.33,1.3699862533249,-9.5367431640625E-03
1,4.34,1.37331955321133,-5.96046447753906E-03
1,4.35,1.37665285309777,-8.34465026855469E-03
1,4.36,1.3799861529842,-1.19209289550781E-02
1,4.37,1.38331945287064,-1.60932540893555E-02
1,4.38,1.38665275275707,-1.37090682983398E-02
1,4.39,1.38998605264351,-1.01327896118164E-02
1,4.4,1.39331935252994,-8.94069671630859E-03
1,4.41,1.39665265241638,-4.17232513427734E-03
1,4.42,1.39998595230281,-6.55651092529297E-03
1,4.43,1.40331925218925,-7.74860382080078E-03
1,4.44,1.40665255207568,-5.96046447753906E-03
1,4.45,1.40998585196212,-5.36441802978516E-03
1,4.46,1.41331915184855,-7.15255737304688E-03
1,4.47,1.41665245173499,-9.5367431640625E-03
1,4.48,1.41998575162143,-1.43051147460938E-02
1,4.49,1.42331905150786,-1.43051147460938E-02
1,4.5,1.4266523513943,-1.49011611938477E-02
1,4.51,1.42998565128073,-1.43051147460938E-02
1,4.52,1.43331895116717,-1.49011611938477E-02
1,4.53,1.4366522510536,-1.01327896118164E-02
1,4.54,1.43998555094004,-1.07288360595703E-02
1,4.55,1.44331885082647,-1.37090682983398E-02
1,4.56,1.44665215071291,-1.19209289550781E-02
1,4.57,1.44998545059934,-5.96046447753906E-03
1,4.58,1.45331875048578,-5.36441802978516E-03
1,4.59,1.45665205037221,-5.36441802978516E-03
1,4.6,1.45998535025865,-8.34465026855469E-03
1,4.61,1.46331865014508,-1.13248825073242E-02
1,4.62,1.46665195003152,-8.34465026855469E-03
1,4.63,1.46998524991795,-1.13248825073242E-02
1,4.64,1.47331854980439,-9.5367431640625E-03
1,4.65,1.47665184969082,-5.36441802978516E-03
1,4.66,1.47998514957726,-5.96046447753906E-03
1,4.67,1.4833184494637,-7.74860382080078E-03
1,4.68,1.48665174935013,-4.76837158203125E-03
1,4.69,1.48998504923657,-5.36441802978516E-03
1,4.7,1.493318349123,-4.76837158203125E-03
1,4.71,1.49665164900944,-1.19209289550781E-03
1,4.72,1.49998494889587,-5.96046447753906E-04
1,4.73,1.50331824878231,-4.17232513427734E-03
1,4.74,1.50665154866874,-5.96046447753906E-04
1,4.75,1.50998484855518,-2.38418579101563E-03
1,4.76,1.51331814844161,-4.76837158203125E-03
1,4.77,1.51665144832805,-5.96046447753906E-03
1,4.78,1.51998474821448,-8.94069671630859E-03
1,4.79,1.52331804810092,-0.012516975402832
1,4.8,1.52665134798735,-1.31130218505859E-02
1,4.81,1.52998464787379,-1.31130218505859E-02
1,4.82,1.53331794776022,-1.07288360595703E-02
1,4.83,1.53665124764666,-1.07288360595703E-02
1,4.84,1.53998454753309,-1.13248825073242E-02
1,4.85,1.54331784741953,-1.01327896118164E-02
1,4.86,1.54665114730597,-9.5367431640625E-03
1,4.87,1.5499844471924,-0.012516975402832
1,4.88,1.55331774707884,-7.15255737304688E-03
1,4.89,1.55665104696527,-5.96046447753906E-03
1,4.9,1.55998434685171,-8.34465026855469E-03
1,4.91,1.56331764673814,-1.19209289550781E-02
1,4.92,1.56665094662458,-5.36441802978516E-03
1,4.93,1.56998424651101,-7.15255737304688E-03
1,4.94,1.57331754639745,-6.55651092529297E-03
1,4.95,1.57665084628388,-4.17232513427734E-03
1,4.96,1.57998414617032,-6.55651092529297E-03
1,4.97,1.58331744605675,-1.07288360595703E-02
1,4.98,1.58665074594319,-0.012516975402832
1,4.99,1.58998404582962,-0.012516975402832
1,5,1.59331734571606,-1.78813934326172E-02
1,5.01,1.59665064560249,-1.96695327758789E-02
1,5.02,1.59998394548893,-2.14576721191406E-02
1,5.03,1.60331724537537,-2.14576721191406E-02
1,5.04,1.6066505452618,-2.32458114624023E-02
1,5.05,1.60998384514824,-2.02655792236328E-02
1,5.06,1.61331714503467,-2.08616256713867E-02
1,5.07,1.61665044492111,-1.66893005371094E-02
1,5.08,1.61998374480754,-0.019073486328125
1,5.09,1.62331704469398,-2.02655792236328E-02
1,5.1,1.62665034458041,-0.025629997253418
1,5.11,1.62998364446685,-2.14576721191406E-02
1,5.12,1.63331694435328,-1.72853469848633E-02
1,5.13,1.63665024423972,-0.012516975402832
1,5.14,1.63998354412615,-1.49011611938477E-02
1,5.15,1.64331684401259,-0.012516975402832
1,5.16,1.64665014389902,-1.31130218505859E-02
1,5.17,1.64998344378546,-1.13248825073242E-02
1,5.18,1.65331674367189,-6.55651092529297E-03
1,5.19,1.65665004355833,-3.57627868652344E-03
1,5.2,1.65998334344476,-6.55651092529297E-03
1,5.21,1.6633166433312,-2.98023223876953E-03
1,5.22,1.66664994321764,-2.38418579101563E-03
1,5.23,1.66998324310407,-2.38418579101563E-03
1,5.24,1.67331654299051,2.98023223876953E-03
1,5.25,1.67664984287694,3.57627868652344E-03
1,5.26,1.67998314276338,2.98023223876953E-03
1,5.27,1.68331644264981,4.17232513427734E-03
1,5.28,1.68664974253625,8.94069671630859E-03
1,5.29,1.68998304242268,4.17232513427734E-03
1,5.3,1.69331634230912,8.34465026855469E-03
1,5.31,1.69664964219555,3.57627868652344E-03
1,5.32,1.69998294208199,1.19209289550781E-03
1,5.33,1.70331624196842,5.96046447753906E-04
1,5.34,1.70664954185486,1.78813934326172E-03
1,5.35,1.70998284174129,-1.19209289550781E-03
1,5.36,1.71331614162773,-5.96046447753906E-04
1,5.37,1.71664944151416,-1.78813934326172E-03
1,5.38,1.7199827414006,-5.36441802978516E-03
1,5.39,1.72331604128703,-5.96046447753906E-03
1,5.4,1.72664934117347,-8.34465026855469E-03
1,5.41,1.72998264105991,-4.17232513427734E-03
1,5.42,1.73331594094634,-5.96046447753906E-03
1,5.43,1.73664924083278,-5.36441802978516E-03
1,5.44,1.73998254071921,-7.74860382080078E-03
1,5.45,1.74331584060565,-6.55651092529297E-03
1,5.46,1.74664914049208,-8.34465026855469E-03
1,5.47,1.74998244037852,-6.55651092529297E-03
1,5.48,1.75331574026495,-2.38418579101563E-03
1,5.49,1.75664904015139,-2.98023223876953E-03
1,5.5,1.75998234003782,-2.98023223876953E-03
1,5.51,1.76331563992426,-6.55651092529297E-03
1,5.52,1.76664893981069,-2.98023223876953E-03
1,5.53,1.76998223969713,0
1,5.54,1.77331553958356,0
1,5.55,1.77664883947,-5.96046447753906E-04
1,5.56,1.77998213935643,2.98023223876953E-03
1,5.57,1.78331543924287,5.96046447753906E-04
1,5.58,1.7866487391293,-1.78813934326172E-03
1,5.59,1.78998203901574,-3.57627868652344E-03
1,5.6,1.79331533890218,5.96046447753906E-04
1,5.61,1.79664863878861,-5.36441802978516E-03
1,5.62,1.79998193867505,-1.78813934326172E-03
1,5.63,1.80331523856148,-9.5367431640625E-03
1,5.64,1.80664853844792,-4.76837158203125E-03
1,5.65,1.80998183833435,-5.96046447753906E-04
1,5.66,1.81331513822079,-2.38418579101563E-03
1,5.67,1.81664843810722,-1.19209289550781E-03
1,5.68,1.81998173799366,-4.17232513427734E-03
1,5.69,1.82331503788009,-2.38418579101563E-03
1,5.7,1.82664833776653,-1.78813934326172E-03
1,5.71,1.82998163765296,1.19209289550781E-03
1,5.72,1.8333149375394,3.57627868652344E-03
1,5.73,1.83664823742583,3.57627868652344E-03
1,5.74,1.83998153731227,7.74860382080078E-03
1,5.75,1.8433148371987,7.15255737304688E-03
1,5.76,1.84664813708514,5.96046447753906E-03
1,5.77,1.84998143697158,4.76837158203125E-03
1,5.78,1.85331473685801,1.13248825073242E-02
1,5.79,1.85664803674445,8.94069671630859E-03
1,5.8,1.85998133663088,6.55651092529297E-03
1,5.81,1.86331463651732,5.36441802978516E-03
1,5.82,1.86664793640375,6.55651092529297E-03
1,5.83,1.86998123629019,4.17232513427734E-03
1,5.84,1.87331453617662,7.74860382080078E-03
1,5.85,1.87664783606306,1.07288360595703E-02
1,5.86,1.87998113594949,1.01327896118164E-02
1,5.87,1.88331443583593,7.74860382080078E-03
1,5.88,1.88664773572236,8.34465026855469E-03
1,5.89,1.8899810356088,8.94069671630859E-03
1,5.9,1.89331433549523,1.13248825073242E-02
1,5.91,1.89664763538167,9.5367431640625E-03
1,5.92,1.8999809352681,8.34465026855469E-03
1,5.93,1.90331423515454,7.15255737304688E-03
1,5.94,1.90664753504097,5.36441802978516E-03
1,5.95,1.90998083492741,7.15255737304688E-03
1,5.96,1.91331413481385,1.19209289550781E-02
1,5.97,1.91664743470028,1.13248825073242E-02
1,5.98,1.91998073458672,1.19209289550781E-02
1,5.99,1.92331403447315,5.96046447753906E-03
1,6,1.92664733435959,6.55651092529297E-03
1,6.01,1.92998063424602,1.13248825073242E-02
1,6.02,1.93331393413246,3.57627868652344E-03
1,6.03,1.93664723401889,5.96046447753906E-03
1,6.04,1.93998053390533,1.78813934326172E-03
1,6.05,1.94331383379176,-1.19209289550781E-03
1,6.06,1.9466471336782,-3.57627868652344E-03
1,6.07,1.94998043356463,-2.38418579101563E-03
1,6.08,1.95331373345107,-5.96046447753906E-04
1,6.09,1.9566470333375,5.96046447753906E-04
1,6.1,1.95998033322394,-2.38418579101563E-03
1,6.11,1.96331363311037,-5.96046447753906E-04
1,6.12,1.96664693299681,-5.96046447753906E-04
1,6.13,1.96998023288324,4.17232513427734E-03
1,6.14,1.97331353276968,-5.96046447753906E-04
1,6.15,1.97664683265612,1.78813934326172E-03
1,6.16,1.97998013254255,-5.96046447753906E-04
1,6.17,1.98331343242899,-2.38418579101563E-03
1,6.18,1.98664673231542,-5.96046447753906E-04
1,6.19,1.98998003220186,4.76837158203125E-03
1,6.2,1.99331333208829,-1.78813934326172E-03
1,6.21,1.99664663197473,0
1,6.22,1.99997993186116,-1.78813934326172E-03
1,6.23,2.0033132317476,-5.96046447753906E-03
1,6.24,2.00664653163403,-4.17232513427734E-03
1,6.25,2.00997983152047,-4.76837158203125E-03
1,6.26,2.0133131314069,-4.76837158203125E-03
1,6.27,2.01664643129334,-4.76837158203125E-03
1,6.28,2.01997973117977,-6.55651092529297E-03
1,6.29,2.02331303106621,-4.76837158203125E-03
1,6.3,2.02664633095264,-6.55651092529297E-03
1,6.31,2.02997963083908,-5.36441802978516E-03
1,6.32,2.03331293072552,-4.17232513427734E-03
1,6.33,2.03664623061195,-4.17232513427734E-03
1,6.34,2.03997953049839,-1.19209289550781E-03
1,6.35,2.04331283038482,-1.19209289550781E-03
1,6.36,2.04664613027126,-2.38418579101563E-03
1,6.37,2.04997943015769,0
1,6.38,2.05331273004413,-3.57627868652344E-03
1,6.39,2.05664602993056,5.96046447753906E-04
1,6.4,2.059979329817,-4.17232513427734E-03
1,6.41,2.06331262970343,-8.34465026855469E-03
1,6.42,2.06664592958987,-1.01327896118164E-02
1,6.43,2.0699792294763,-1.54972076416016E-02
1,6.44,2.07331252936274,-1.37090682983398E-02
1,6.45,2.07664582924917,-1.66893005371094E-02
1,6.46,2.07997912913561,-1.66893005371094E-02
1,6.47,2.08331242902204,-1.84774398803711E-02
1,6.48,2.08664572890848,-1.37090682983398E-02
1,6.49,2.08997902879491,-1.07288360595703E-02
1,6.5,2.09331232868135,-1.31130218505859E-02
1,6.51,2.09664562856779,-1.13248825073242E-02
1,6.52,2.09997892845422,-1.43051147460938E-02
1,6.53,2.10331222834066,-1.13248825073242E-02
1,6.54,2.10664552822709,-1.54972076416016E-02
1,6.55,2.10997882811353,-1.01327896118164E-02
1,6.56,2.11331212799996,-8.34465026855469E-03
1,6.57,2.1166454278864,-6.55651092529297E-03
1,6.58,2.11997872777283,-7.74860382080078E-03
1,6.59,2.12331202765927,-1.01327896118164E-02
1,6.6,2.1266453275457,-1.01327896118164E-02
1,6.61,2.12997862743214,-4.76837158203125E-03
1,6.62,2.13331192731857,-8.34465026855469E-03
1,6.63,2.13664522720501,-5.96046447753906E-03
1,6.64,2.13997852709144,-5.36441802978516E-03
1,6.65,2.14331182697788,-3.57627868652344E-03
1,6.66,2.14664512686431,-2.98023223876953E-03
1,6.67,2.14997842675075,-4.76837158203125E-03
1,6.68,2.15331172663718,-4.17232513427734E-03
1,6.69,2.15664502652362,2.38418579101563E-03
1,6.7,2.15997832641006,3.57627868652344E-03
1,6.71,2.16331162629649,1.78813934326172E-03
1,6.72,2.16664492618293,4.17232513427734E-03
1,6.73,2.16997822606936,3.57627868652344E-03
1,6.74,2.1733115259558,4.17232513427734E-03
1,6.75,2.17664482584223,5.96046447753906E-03
1,6.76,2.17997812572867,9.5367431640625E-03
1,6.77,2.1833114256151,5.96046447753906E-03
1,6.78,2.18664472550154,8.34465026855469E-03
1,6.79,2.18997802538797,7.15255737304688E-03
1,6.8,2.19331132527441,7.15255737304688E-03
1,6.81,2.19664462516084,1.01327896118164E-02
1,6.82,2.19997792504728,8.94069671630859E-03
1,6.83,2.20331122493371,1.07288360595703E-02
1,6.84,2.20664452482015,1.31130218505859E-02
1,6.85,2.20997782470658,1.13248825073242E-02
1,6.86,2.21331112459302,1.07288360595703E-02
1,6.87,2.21664442447945,9.5367431640625E-03
1,6.88,2.21997772436589,7.74860382080078E-03
1,6.89,2.22331102425233,8.94069671630859E-03
1,6.9,2.22664432413876,9.5367431640625E-03
1,6.91,2.2299776240252,7.74860382080078E-03
1,6.92,2.23331092391163,7.74860382080078E-03
1,6.93,2.23664422379807,3.57627868652344E-03
1,6.94,2.2399775236845,6.55651092529297E-03
1,6.95,2.24331082357094,4.17232513427734E-03
1,6.96,2.24664412345737,-1.78813934326172E-03
1,6.97,2.24997742334381,1.19209289550781E-03
1,6.98,2.25331072323024,0
1,6.99,2.25664402311668,-4.17232513427734E-03
1,7,2.25997732300311,-7.74860382080078E-03
1,7.01,2.26331062288955,-4.17232513427734E-03
1,7.02,2.26664392277598,-2.98023223876953E-03
1,7.03,2.26997722266242,-4.17232513427734E-03
1,7.04,2.27331052254885,0
1,7.05,2.27664382243529,-1.78813934326172E-03
1,7.06,2.27997712232172,-2.38418579101563E-03
1,7.07,2.28331042220816,-1.19209289550781E-03
1,7.08,2.2866437220946,-1.19209289550781E-03
1,7.09,2.28997702198103,-1.19209289550781E-03
1,7.1,2.29331032186747,-4.76837158203125E-03
1,7.11,2.2966436217539,-5.96046447753906E-03
1,7.12,2.29997692164034,-7.15255737304688E-03
1,7.13,2.30331022152677,-8.34465026855469E-03
1,7.14,2.30664352141321,-7.74860382080078E-03
1,7.15,2.30997682129964,-8.34465026855469E-03
1,7.16,2.31331012118608,-5.96046447753906E-03
1,7.17,2.31664342107251,-2.98023223876953E-03
1,7.18,2.31997672095895,-2.98023223876953E-03
1,7.19,2.32331002084538,-2.38418579101563E-03
1,7.2,2.32664332073182,-1.78813934326172E-03
1,7.21,2.32997662061825,1.19209289550781E-03
1,7.22,2.33330992050469,1.78813934326172E-03
1,7.23,2.33664322039112,4.17232513427734E-03
1,7.24,2.33997652027756,4.76837158203125E-03
1,7.25,2.343309820164,5.36441802978516E-03
1,7.26,2.34664312005043,2.38418579101563E-03
1,7.27,2.34997641993687,2.38418579101563E-03
1,7.28,2.3533097198233,1.19209289550781E-03
1,7.29,2.35664301970974,2.98023223876953E-03
1,7.3,2.35997631959617,4.17232513427734E-03
1,7.31,2.36330961948261,1.19209289550781E-03
1,7.32,2.36664291936904,2.38418579101563E-03
1,7.33,2.36997621925548,5.36441802978516E-03
1,7.34,2.37330951914191,1.01327896118164E-02
1,7.35,2.37664281902835,7.74860382080078E-03
1,7.36,2.37997611891478,1.07288360595703E-02
1,7.37,2.38330941880122,0.012516975402832
1,7.38,2.38664271868765,1.37090682983398E-02
1,7.39,2.38997601857409,0.019073486328125
1,7.4,2.39330931846052,1.96695327758789E-02
1,7.41,2.39664261834696,0.019073486328125
1,7.42,2.39997591823339,1.84774398803711E-02
1,7.43,2.40330921811983,1.19209289550781E-02
1,7.44,2.40664251800627,1.49011611938477E-02
1,7.45,2.4099758178927,1.13248825073242E-02
1,7.46,2.41330911777914,7.15255737304688E-03
1,7.47,2.41664241766557,7.15255737304688E-03
1,7.48,2.41997571755201,4.17232513427734E-03
1,7.49,2.42330901743844,7.15255737304688E-03
1,7.5,2.42664231732488,4.76837158203125E-03
1,7.51,2.42997561721131,8.94069671630859E-03
1,7.52,2.43330891709775,8.34465026855469E-03
1,7.53,2.43664221698418,9.5367431640625E-03
1,7.54,2.43997551687062,8.34465026855469E-03
1,7.55,2.44330881675705,6.55651092529297E-03
1,7.56,2.44664211664349,4.76837158203125E-03
1,7.57,2.44997541652992,4.17232513427734E-03
1,7.58,2.45330871641636,3.57627868652344E-03
1,7.59,2.45664201630279,0
1,7.6,2.45997531618923,-1.19209289550781E-03
1,7.61,2.46330861607566,-1.78813934326172E-03
1,7.62,2.4666419159621,-6.55651092529297E-03
1,7.63,2.46997521584854,-5.36441802978516E-03
1,7.64,2.47330851573497,-8.94069671630859E-03
1,7.65,2.47664181562141,-8.94069671630859E-03
1,7.66,2.47997511550784,-1.13248825073242E-02
1,7.67,2.48330841539428,-1.01327896118164E-02
1,7.68,2.48664171528071,-7.15255737304688E-03
1,7.69,2.48997501516715,-7.15255737304688E-03
1,7.7,2.49330831505358,-1.78813934326172E-03
1,7.71,2.49664161494002,-1.78813934326172E-03
1,7.72,2.49997491482645,-1.19209289550781E-03
1,7.73,2.50330821471289,-2.38418579101563E-03
1,7.74,2.50664151459932,5.96046447753906E-04
1,7.75,2.50997481448576,4.76837158203125E-03
1,7.76,2.51330811437219,4.76837158203125E-03
1,7.77,2.51664141425863,7.15255737304688E-03
1,7.78,2.51997471414506,6.55651092529297E-03
1,7.79,2.5233080140315,5.96046447753906E-03
1,7.8,2.52664131391793,2.38418579101563E-03
1,7.81,2.52997461380437,7.15255737304688E-03
1,7.82,2.53330791369081,7.74860382080078E-03
1,7.83,2.53664121357724,5.36441802978516E-03
1,7.84,2.53997451346368,1.78813934326172E-03
1,7.85,2.54330781335011,0
1,7.86,2.54664111323655,0
1,7.87,2.54997441312298,-4.17232513427734E-03
1,7.88,2.55330771300942,-1.19209289550781E-03
1,7.89,2.55664101289585,-1.19209289550781E-03
1,7.9,2.55997431278229,-4.17232513427734E-03
1,7.91,2.56330761266872,-7.15255737304688E-03
1,7.92,2.56664091255516,-5.36441802978516E-03
1,7.93,2.56997421244159,-4.76837158203125E-03
1,7.94,2.57330751232803,-9.5367431640625E-03
1,7.95,2.57664081221446,-5.36441802978516E-03
1,7.96,2.5799741121009,-4.76837158203125E-03
1,7.97,2.58330741198733,-6.55651092529297E-03
1,7.98,2.58664071187377,-5.36441802978516E-03
1,7.99,2.58997401176021,0
1,8,2.59330731164664,0
1,8.01,2.59664061153308,2.38418579101563E-03
1,8.02,2.59997391141951,2.38418579101563E-03
1,8.03,2.60330721130595,-2.38418579101563E-03
1,8.04,2.60664051119238,-2.38418579101563E-03
1,8.05,2.60997381107882,-2.38418579101563E-03
1,8.06,2.61330711096525,-2.38418579101563E-03
1,8.07,2.61664041085169,-2.38418579101563E-03
1,8.08,2.61997371073812,-8.94069671630859E-03
1,8.09,2.62330701062456,-5.36441802978516E-03
1,8.1,2.62664031051099,-2.38418579101563E-03
1,8.11,2.62997361039743,-2.98023223876953E-03
1,8.12,2.63330691028386,-2.38418579101563E-03
1,8.13,2.6366402101703,5.36441802978516E-03
1,8.14,2.63997351005673,0
1,8.15,2.64330680994317,-2.38418579101563E-03
1,8.16,2.6466401098296,1.78813934326172E-03
1,8.17,2.64997340971604,5.96046447753906E-04
1,8.18,2.65330670960248,-2.38418579101563E-03
1,8.19,2.65664000948891,-2.38418579101563E-03
1,8.2,2.65997330937535,-1.19209289550781E-03
1,8.21,2.66330660926178,-5.96046447753906E-04
1,8.22,2.66663990914822,-3.57627868652344E-03
1,8.23,2.66997320903465,-4.17232513427734E-03
1,8.24,2.67330650892109,-4.76837158203125E-03
1,8.25,2.67663980880752,-2.38418579101563E-03
1,8.26,2.67997310869396,-7.74860382080078E-03
1,8.27,2.68330640858039,-8.94069671630859E-03
1,8.28,2.68663970846683,-5.96046447753906E-03
1,8.29,2.68997300835326,-5.36441802978516E-03
1,8.3,2.6933063082397,-7.74860382080078E-03
1,8.31,2.69663960812613,-5.96046447753906E-03
1,8.32,2.69997290801257,-4.17232513427734E-03
1,8.33,2.703306207899,-8.94069671630859E-03
1,8.34,2.70663950778544,-7.15255737304688E-03
1,8.35,2.70997280767187,-8.94069671630859E-03
1,8.36,2.71330610755831,-8.34465026855469E-03
1,8.37,2.71663940744475,-7.15255737304688E-03
1,8.38,2.71997270733118,-1.19209289550781E-03
1,8.39,2.72330600721762,-3.57627868652344E-03
1,8.4,2.72663930710405,-1.19209289550781E-03
1,8.41,2.72997260699049,5.96046447753906E-04
1,8.42,2.73330590687692,3.57627868652344E-03
1,8.43,2.73663920676336,5.96046447753906E-04
1,8.44,2.73997250664979,-5.96046447753906E-04
1,8.45,2.74330580653623,-7.15255737304688E-03
1,8.46,2.74663910642266,-9.5367431640625E-03
1,8.47,2.7499724063091,-1.19209289550781E-02
1,8.48,2.75330570619553,-1.49011611938477E-02
1,8.49,2.75663900608197,-1.19209289550781E-02
1,8.5,2.7599723059684,-1.66893005371094E-02
1,8.51,2.76330560585484,-2.14576721191406E-02
1,8.52,2.76663890574127,-2.14576721191406E-02
1,8.53,2.76997220562771,-2.08616256713867E-02
1,8.54,2.77330550551414,-1.84774398803711E-02
1,8.55,2.77663880540058,-1.66893005371094E-02
1,8.56,2.77997210528702,-1.78813934326172E-02
1,8.57,2.78330540517345,-0.019073486328125
1,8.58,2.78663870505989,-1.66893005371094E-02
1,8.59,2.78997200494632,-1.66893005371094E-02
1,8.6,2.79330530483276,-1.37090682983398E-02
1,8.61,2.79663860471919,-1.84774398803711E-02
1,8.62,2.79997190460563,-1.66893005371094E-02
1,8.63,2.80330520449206,-2.26497650146484E-02
1,8.64,2.8066385043785,-2.14576721191406E-02
1,8.65,2.80997180426493,-2.02655792236328E-02
1,8.66,2.81330510415137,-2.02655792236328E-02
1,8.67,2.8166384040378,-1.54972076416016E-02
1,8.68,2.81997170392424,-1.60932540893555E-02
1,8.69,2.82330500381067,-1.43051147460938E-02
1,8.7,2.82663830369711,-1.31130218505859E-02
1,8.71,2.82997160358354,-8.94069671630859E-03
1,8.72,2.83330490346998,-7.15255737304688E-03
1,8.73,2.83663820335642,-9.5367431640625E-03
1,8.74,2.83997150324285,-1.01327896118164E-02
1,8.75,2.84330480312929,-5.96046447753906E-03
1,8.76,2.84663810301572,-7.15255737304688E-03
1,8.77,2.84997140290216,-4.76837158203125E-03
1,8.78,2.85330470278859,-4.17232513427734E-03
1,8.79,2.85663800267503,-5.96046447753906E-03
1,8.8,2.85997130256146,-8.34465026855469E-03
1,8.81,2.8633046024479,-1.01327896118164E-02
1,8.82,2.86663790233433,-7.74860382080078E-03
1,8.83,2.86997120222077,-9.5367431640625E-03
1,8.84,2.8733045021072,-1.37090682983398E-02
1,8.85,2.87663780199364,-1.37090682983398E-02
1,8.86,2.87997110188007,-1.60932540893555E-02
1,8.87,2.88330440176651,-1.78813934326172E-02
1,8.88,2.88663770165294,-1.43051147460938E-02
1,8.89,2.88997100153938,-1.72853469848633E-02
1,8.9,2.89330430142581,-1.72853469848633E-02
1,8.91,2.89663760131225,-1.60932540893555E-02
1,8.92,2.89997090119869,-1.72853469848633E-02
1,8.93,2.90330420108512,-2.02655792236328E-02
1,8.94,2.90663750097156,-1.54972076416016E-02
1,8.95,2.90997080085799,-1.84774398803711E-02
1,8.96,2.91330410074443,-1.78813934326172E-02
1,8.97,2.91663740063086,-1.66893005371094E-02
1,8.98,2.9199707005173,-2.02655792236328E-02
1,8.99,2.92330400040373,-2.02655792236328E-02
1,9,2.92663730029017,-2.20537185668945E-02
1,9.01,2.9299706001766,-2.14576721191406E-02
1,9.02,2.93330390006304,-2.14576721191406E-02
1,9.03,2.93663719994947,-0.019073486328125
1,9.04,2.93997049983591,-0.019073486328125
1,9.05,2.94330379972234,-2.26497650146484E-02
1,9.06,2.94663709960878,-2.08616256713867E-02
1,9.07,2.94997039949521,-1.72853469848633E-02
1,9.08,2.95330369938165,-1.54972076416016E-02
1,9.09,2.95663699926808,-1.43051147460938E-02
1,9.1,2.95997029915452,-1.07288360595703E-02
1,9.11,2.96330359904096,-1.07288360595703E-02
1,9.12,2.96663689892739,-5.36441802978516E-03
1,9.13,2.96997019881383,-1.01327896118164E-02
1,9.14,2.97330349870026,-4.76837158203125E-03
1,9.15,2.9766367985867,-7.15255737304688E-03
1,9.16,2.97997009847313,-8.94069671630859E-03
1,9.17,2.98330339835957,-8.94069671630859E-03
1,9.18,2.986636698246,-1.19209289550781E-02
1,9.19,2.98996999813244,-1.07288360595703E-02
1,9.2,2.99330329801887,-6.55651092529297E-03
1,9.21,2.99663659790531,-8.94069671630859E-03
1,9.22,2.99996989779174,-9.5367431640625E-03
1,9.23,3.00330319767818,-1.37090682983398E-02
1,9.24,3.00663649756461,-1.43051147460938E-02
1,9.25,3.00996979745105,-1.37090682983398E-02
1,9.26,3.01330309733748,-1.37090682983398E-02
1,9.27,3.01663639722392,-1.01327896118164E-02
1,9.28,3.01996969711035,-1.96695327758789E-02
1,9.29,3.02330299699679,-1.78813934326172E-02
1,9.3,3.02663629688323,-1.60932540893555E-02
1,9.31,3.02996959676966,-1.60932540893555E-02
1,9.32,3.0333028966561,-1.37090682983398E-02
1,9.33,3.03663619654253,-1.49011611938477E-02
1,9.34,3.03996949642897,-1.66893005371094E-02
1,9.35,3.0433027963154,-1.78813934326172E-02
1,9.36,3.04663609620184,-1.78813934326172E-02
1,9.37,3.04996939608827,-1.96695327758789E-02
1,9.38,3.05330269597471,-0.019073486328125
1,9.39,3.05663599586114,-0.019073486328125
1,9.4,3.05996929574758,-1.72853469848633E-02
1,9.41,3.06330259563401,-2.14576721191406E-02
1,9.42,3.06663589552045,-1.84774398803711E-02
1,9.43,3.06996919540688,-1.66893005371094E-02
1,9.44,3.07330249529332,-1.84774398803711E-02
1,9.45,3.07663579517975,-1.43051147460938E-02
1,9.46,3.07996909506619,-1.72853469848633E-02
1,9.47,3.08330239495263,-1.13248825073242E-02
1,9.48,3.08663569483906,-1.07288360595703E-02
1,9.49,3.0899689947255,-1.07288360595703E-02
1,9.5,3.09330229461193,-8.34465026855469E-03
1,9.51,3.09663559449837,-4.17232513427734E-03
1,9.52,3.0999688943848,-1.19209289550781E-03
1,9.53,3.10330219427124,-3.57627868652344E-03
1,9.54,3.10663549415767,0
1,9.55,3.10996879404411,2.98023223876953E-03
1,9.56,3.11330209393054,4.76837158203125E-03
1,9.57,3.11663539381698,2.38418579101563E-03
1,9.58,3.11996869370341,0
1,9.59,3.12330199358985,-4.76837158203125E-03
1,9.6,3.12663529347628,-8.94069671630859E-03
1,9.61,3.12996859336272,-7.15255737304688E-03
1,9.62,3.13330189324915,-8.94069671630859E-03
1,9.63,3.13663519313559,-1.01327896118164E-02
1,9.64,3.13996849302202,-1.19209289550781E-02
1,9.65,3.14330179290846,-1.43051147460938E-02
1,9.66,3.1466350927949,-0.012516975402832
1,9.67,3.14996839268133,-1.13248825073242E-02
1,9.68,3.15330169256777,-1.31130218505859E-02
1,9.69,3.1566349924542,-1.66893005371094E-02
1,9.7,3.15996829234064,-1.43051147460938E-02
1,9.71,3.16330159222707,-1.60932540893555E-02
1,9.72,3.16663489211351,-1.31130218505859E-02
1,9.73,3.16996819199994,-1.13248825073242E-02
1,9.74,3.17330149188638,-7.74860382080078E-03
1,9.75,3.17663479177281,-4.76837158203125E-03
1,9.76,3.17996809165925,-5.36441802978516E-03
1,9.77,3.18330139154568,-1.01327896118164E-02
1,9.78,3.18663469143212,-4.17232513427734E-03
1,9.79,3.18996799131855,-4.76837158203125E-03
1,9.8,3.19330129120499,-7.74860382080078E-03
1,9.81,3.19663459109142,-9.5367431640625E-03
1,9.82,3.19996789097786,-1.13248825073242E-02
1,9.83,3.20330119086429,-0.012516975402832
1,9.84,3.20663449075073,-2.44379043579102E-02
1,9.85,3.20996779063717,-2.08616256713867E-02
1,9.86,3.2133010905236,-2.02655792236328E-02
1,9.87,3.21663439041004,-2.02655792236328E-02
1,9.88,3.21996769029647,-1.96695327758789E-02
1,9.89,3.22330099018291,-2.20537185668945E-02
1,9.9,3.22663429006934,-1.78813934326172E-02
1,9.91,3.22996758995578,-2.08616256713867E-02
1,9.92,3.23330088984221,-1.84774398803711E-02
1,9.93,3.23663418972865,-1.96695327758789E-02
1,9.94,3.23996748961508,-2.14576721191406E-02
1,9.95,3.24330078950152,-2.26497650146484E-02
1,9.96,3.24663408938795,-2.50339508056641E-02
1,9.97,3.24996738927439,-2.32458114624023E-02
1,9.98,3.25330068916082,-2.74181365966797E-02
1,9.99,3.25663398904726,-2.62260437011719E-02
1,10,3.25996728893369,-2.62260437011719E-02
1,10.01,3.26330058882013,-0.031590461730957
1,10.02,3.26663388870656,-3.09944152832031E-02
1,10.03,3.269967188593,-3.33786010742188E-02
1,10.04,3.27330048847944,-2.92062759399414E-02
1,10.05,3.27663378836587,-3.03983688354492E-02
1,10.06,3.27996708825231,-0.025629997253418
1,10.07,3.28330038813874,-2.44379043579102E-02
1,10.08,3.28663368802518,-2.26497650146484E-02
1,10.09,3.28996698791161,-2.20537185668945E-02
1,10.1,3.29330028779805,-2.50339508056641E-02
1,10.11,3.29663358768448,-2.20537185668945E-02
1,10.12,3.29996688757092,-2.38418579101563E-02
1,10.13,3.30330018745735,-2.32458114624023E-02
1,10.14,3.30663348734379,-2.14576721191406E-02
1,10.15,3.30996678723022,-2.14576721191406E-02
1,10.16,3.31330008711666,-2.02655792236328E-02
1,10.17,3.31663338700309,-0.019073486328125
1,10.18,3.31996668688953,-2.20537185668945E-02
1,10.19,3.32329998677596,-1.96695327758789E-02
1,10.2,3.3266332866624,-2.08616256713867E-02
1,10.21,3.32996658654884,-1.96695327758789E-02
1,10.22,3.33329988643527,-2.26497650146484E-02
1,10.23,3.33663318632171,-1.60932540893555E-02
1,10.24,3.33996648620814,-2.02655792236328E-02
1,10.25,3.34329978609458,-2.14576721191406E-02
1,10.26,3.34663308598101,-1.96695327758789E-02
1,10.27,3.34996638586745,-2.32458114624023E-02
1,10.28,3.35329968575388,-2.86102294921875E-02
1,10.29,3.35663298564032,-2.62260437011719E-02
1,10.3,3.35996628552675,-2.86102294921875E-02
1,10.31,3.36329958541319,-3.09944152832031E-02
1,10.32,3.36663288529962,-3.21865081787109E-02
1,10.33,3.36996618518606,-3.21865081787109E-02
1,10.34,3.37329948507249,-2.98023223876953E-02
1,10.35,3.37663278495893,-2.62260437011719E-02
1,10.36,3.37996608484536,-3.09944152832031E-02
1,10.37,3.3832993847318,-2.86102294921875E-02
1,10.38,3.38663268461823,-2.80141830444336E-02
1,10.39,3.38996598450467,-0.025629997253418
1,10.4,3.39329928439111,-2.26497650146484E-02
1,10.41,3.39663258427754,-2.20537185668945E-02
1,10.42,3.39996588416398,-1.96695327758789E-02
1,10.43,3.40329918405041,-2.14576721191406E-02
1,10.44,3.40663248393685,-2.08616256713867E-02
1,10.45,3.40996578382328,-2.20537185668945E-02
1,10.46,3.41329908370972,-2.20537185668945E-02
1,10.47,3.41663238359615,-0.025629997253418
1,10.48,3.41996568348259,-2.98023223876953E-02
1,10.49,3.42329898336902,-3.03983688354492E-02
1,10.5,3.42663228325546,-3.09944152832031E-02
1,10.51,3.42996558314189,-2.86102294921875E-02
1,10.52,3.43329888302833,-2.74181365966797E-02
1,10.53,3.43663218291476,-0.025629997253418
1,10.54,3.4399654828012,-2.38418579101563E-02
1,10.55,3.44329878268763,-2.50339508056641E-02
1,10.56,3.44663208257407,-2.38418579101563E-02
1,10.57,3.4499653824605,-2.26497650146484E-02
1,10.58,3.45329868234694,-1.84774398803711E-02
1,10.59,3.45663198223338,-2.20537185668945E-02
1,10.6,3.45996528211981,-2.26497650146484E-02
1,10.61,3.46329858200625,-2.08616256713867E-02
1,10.62,3.46663188189268,-1.84774398803711E-02
1,10.63,3.46996518177912,-1.43051147460938E-02
1,10.64,3.47329848166555,-1.31130218505859E-02
1,10.65,3.47663178155199,-8.94069671630859E-03
1,10.66,3.47996508143842,-6.55651092529297E-03
1,10.67,3.48329838132486,-5.96046447753906E-03
1,10.68,3.48663168121129,-3.57627868652344E-03
1,10.69,3.48996498109773,-7.15255737304688E-03
1,10.7,3.49329828098416,-8.34465026855469E-03
1,10.71,3.4966315808706,-3.57627868652344E-03
1,10.72,3.49996488075703,-8.94069671630859E-03
1,10.73,3.50329818064347,-7.15255737304688E-03
1,10.74,3.5066314805299,-7.74860382080078E-03
1,10.75,3.50996478041634,-6.55651092529297E-03
1,10.76,3.51329808030277,-1.01327896118164E-02
1,10.77,3.51663138018921,-5.36441802978516E-03
1,10.78,3.51996468007565,-1.01327896118164E-02
1,10.79,3.52329797996208,-8.34465026855469E-03
1,10.8,3.52663127984852,-7.15255737304688E-03
1,10.81,3.52996457973495,-1.13248825073242E-02
1,10.82,3.53329787962139,-1.37090682983398E-02
1,10.83,3.53663117950782,-0.012516975402832
1,10.84,3.53996447939426,-1.84774398803711E-02
1,10.85,3.54329777928069,-2.26497650146484E-02
1,10.86,3.54663107916713,-2.38418579101563E-02
1,10.87,3.54996437905356,-2.38418579101563E-02
1,10.88,3.55329767894,-2.32458114624023E-02
1,10.89,3.55663097882643,-0.025629997253418
1,10.9,3.55996427871287,-2.26497650146484E-02
1,10.91,3.5632975785993,-2.02655792236328E-02
1,10.92,3.56663087848574,-2.68220901489258E-02
1,10.93,3.56996417837217,-2.38418579101563E-02
1,10.94,3.57329747825861,-2.26497650146484E-02
1,10.95,3.57663077814505,-1.96695327758789E-02
1,10.96,3.57996407803148,-2.20537185668945E-02
1,10.97,3.58329737791792,-2.02655792236328E-02
1,10.98,3.58663067780435,-2.02655792236328E-02
1,10.99,3.58996397769079,-1.66893005371094E-02
1,11,3.59329727757722,-0.012516975402832
1,11.01,3.59663057746366,-1.49011611938477E-02
1,11.02,3.59996387735009,-1.43051147460938E-02
1,11.03,3.60329717723653,-0.012516975402832
1,11.04,3.60663047712296,-1.96695327758789E-02
1,11.05,3.6099637770094,-1.78813934326172E-02
1,11.06,3.61329707689583,-0.019073486328125
1,11.07,3.61663037678227,-1.43051147460938E-02
1,11.08,3.6199636766687,-1.37090682983398E-02
1,11.09,3.62329697655514,-1.37090682983398E-02
1,11.1,3.62663027644157,-1.49011611938477E-02
1,11.11,3.62996357632801,-1.54972076416016E-02
1,11.12,3.63329687621445,-1.13248825073242E-02
1,11.13,3.63663017610088,-1.13248825073242E-02
1,11.14,3.63996347598732,-1.31130218505859E-02
1,11.15,3.64329677587375,-1.72853469848633E-02
1,11.16,3.64663007576019,-1.07288360595703E-02
1,11.17,3.64996337564662,-8.94069671630859E-03
1,11.18,3.65329667553306,-4.76837158203125E-03
1,11.19,3.65662997541949,-4.76837158203125E-03
1,11.2,3.65996327530593,-3.57627868652344E-03
1,11.21,3.66329657519236,-4.17232513427734E-03
1,11.22,3.6666298750788,-1.78813934326172E-03
1,11.23,3.66996317496523,-1.78813934326172E-03
1,11.24,3.67329647485167,-2.98023223876953E-03
1,11.25,3.6766297747381,-3.57627868652344E-03
1,11.26,3.67996307462454,-2.98023223876953E-03
1,11.27,3.68329637451097,0
1,11.28,3.68662967439741,2.38418579101563E-03
1,11.29,3.68996297428384,3.57627868652344E-03
1,11.3,3.69329627417028,0
1,11.31,3.69662957405671,-1.78813934326172E-03
1,11.32,3.69996287394315,-4.17232513427734E-03
1,11.33,3.70329617382959,-3.57627868652344E-03
1,11.34,3.70662947371602,-3.57627868652344E-03
1,11.35,3.70996277360246,0
1,11.36,3.71329607348889,-1.19209289550781E-03
1,11.37,3.71662937337533,-1.19209289550781E-03
1,11.38,3.71996267326176,2.38418579101563E-03
1,11.39,3.7232959731482,0
1,11.4,3.72662927303463,0
1,11.41,3.72996257292107,5.96046447753906E-03
1,11.42,3.7332958728075,7.15255737304688E-03
1,11.43,3.73662917269394,5.96046447753906E-04
1,11.44,3.73996247258037,4.17232513427734E-03
1,11.45,3.74329577246681,5.96046447753906E-04
1,11.46,3.74662907235324,-3.57627868652344E-03
1,11.47,3.74996237223968,-4.76837158203125E-03
1,11.48,3.75329567212611,-1.19209289550781E-03
1,11.49,3.75662897201255,-5.36441802978516E-03
1,11.5,3.75996227189898,-5.96046447753906E-03
1,11.51,3.76329557178542,-1.13248825073242E-02
1,11.52,3.76662887167186,-1.19209289550781E-02
1,11.53,3.76996217155829,-1.01327896118164E-02
1,11.54,3.77329547144473,-6.55651092529297E-03
1,11.55,3.77662877133116,-7.74860382080078E-03
1,11.56,3.7799620712176,-8.94069671630859E-03
1,11.57,3.78329537110403,-4.17232513427734E-03
1,11.58,3.78662867099047,-4.76837158203125E-03
1,11.59,3.7899619708769,-9.5367431640625E-03
1,11.6,3.79329527076334,-8.94069671630859E-03
1,11.61,3.79662857064977,-1.07288360595703E-02
1,11.62,3.79996187053621,-1.13248825073242E-02
1,11.63,3.80329517042264,-8.94069671630859E-03
1,11.64,3.80662847030908,-8.94069671630859E-03
1,11.65,3.80996177019551,-1.13248825073242E-02
1,11.66,3.81329507008195,-1.13248825073242E-02
1,11.67,3.81662836996838,-1.19209289550781E-02
1,11.68,3.81996166985482,-1.19209289550781E-02
1,11.69,3.82329496974126,-9.5367431640625E-03
1,11.7,3.82662826962769,-7.74860382080078E-03
1,11.71,3.82996156951413,-8.34465026855469E-03
1,11.72,3.83329486940056,-6.55651092529297E-03
1,11.73,3.836628169287,-4.76837158203125E-03
1,11.74,3.83996146917343,-7.15255737304688E-03
1,11.75,3.84329476905987,-6.55651092529297E-03
1,11.76,3.8466280689463,-5.96046447753906E-03
1,11.77,3.84996136883274,-5.96046447753906E-03
1,11.78,3.85329466871917,-5.96046447753906E-03
1,11.79,3.85662796860561,-3.57627868652344E-03
1,11.8,3.85996126849204,-7.74860382080078E-03
1,11.81,3.86329456837848,-5.96046447753906E-03
1,11.82,3.86662786826491,-5.96046447753906E-04
1,11.83,3.86996116815135,5.96046447753906E-04
1,11.84,3.87329446803778,0
1,11.85,3.87662776792422,1.19209289550781E-03
1,11.86,3.87996106781066,-1.19209289550781E-03
1,11.87,3.88329436769709,-3.57627868652344E-03
1,11.88,3.88662766758353,-1.78813934326172E-03
1,11.89,3.88996096746996,-1.78813934326172E-03
1,11.9,3.8932942673564,-4.17232513427734E-03
1,11.91,3.89662756724283,-5.96046447753906E-03
1,11.92,3.89996086712927,-4.76837158203125E-03
1,11.93,3.9032941670157,-5.36441802978516E-03
1,11.94,3.90662746690214,-6.55651092529297E-03
1,11.95,3.90996076678857,-4.76837158203125E-03
1,11.96,3.91329406667501,-4.17232513427734E-03
1,11.97,3.91662736656144,-5.96046447753906E-03
1,11.98,3.91996066644788,-5.36441802978516E-03
1,11.99,3.92329396633431,-5.96046447753906E-03
1,12,3.92662726622075,-4.76837158203125E-03
1,12.01,3.92996056610718,-3.57627868652344E-03
1,12.02,3.93329386599362,-7.15255737304688E-03
1,12.03,3.93662716588005,-8.94069671630859E-03
1,12.04,3.93996046576649,-1.07288360595703E-02
1,12.05,3.94329376565293,-1.19209289550781E-02
1,12.06,3.94662706553936,-1.19209289550781E-02
1,12.07,3.9499603654258,-1.31130218505859E-02
1,12.08,3.95329366531223,-0.012516975402832
1,12.09,3.95662696519867,-0.012516975402832
1,12.1,3.9599602650851,-0.012516975402832
1,12.11,3.96329356497154,-1.13248825073242E-02
1,12.12,3.96662686485797,-1.07288360595703E-02
1,12.13,3.96996016474441,-7.74860382080078E-03
1,12.14,3.97329346463084,-8.34465026855469E-03
1,12.15,3.97662676451728,-7.74860382080078E-03
1,12.16,3.97996006440371,-8.34465026855469E-03
1,12.17,3.98329336429015,-1.19209289550781E-02
1,12.18,3.98662666417658,-8.34465026855469E-03
1,12.19,3.98995996406302,-8.34465026855469E-03
1,12.2,3.99329326394945,-5.96046447753906E-03
1,12.21,3.99662656383589,-5.36441802978516E-03
1,12.22,3.99995986372232,-1.07288360595703E-02
1,12.23,4.00329316360876,-1.13248825073242E-02
1,12.24,4.0066264634952,-8.34465026855469E-03
1,12.25,4.00995976338163,-5.36441802978516E-03
1,12.26,4.01329306326807,-3.57627868652344E-03
1,12.27,4.0166263631545,-1.19209289550781E-03
1,12.28,4.01995966304094,-4.17232513427734E-03
1,12.29,4.02329296292737,-2.38418579101563E-03
1,12.3,4.02662626281381,-1.78813934326172E-03
1,12.31,4.02995956270024,-1.19209289550781E-03
1,12.32,4.03329286258668,-5.36441802978516E-03
1,12.33,4.03662616247311,-4.76837158203125E-03
1,12.34,4.03995946235955,-7.74860382080078E-03
1,12.35,4.04329276224598,-1.19209289550781E-02
1,12.36,4.04662606213242,-1.07288360595703E-02
1,12.37,4.04995936201885,-8.34465026855469E-03
1,12.38,4.05329266190529,-7.15255737304688E-03
1,12.39,4.05662596179172,-8.94069671630859E-03
1,12.4,4.05995926167816,-1.07288360595703E-02
1,12.41,4.06329256156459,-1.19209289550781E-02
1,12.42,4.06662586145103,-9.5367431640625E-03
1,12.43,4.06995916133747,-8.94069671630859E-03
1,12.44,4.0732924612239,-1.19209289550781E-02
1,12.45,4.07662576111034,-1.07288360595703E-02
1,12.46,4.07995906099677,-1.37090682983398E-02
1,12.47,4.08329236088321,-0.012516975402832
1,12.48,4.08662566076964,-1.01327896118164E-02
1,12.49,4.08995896065608,-1.01327896118164E-02
1,12.5,4.09329226054251,-8.94069671630859E-03
1,12.51,4.09662556042895,-1.37090682983398E-02
1,12.52,4.09995886031538,-1.54972076416016E-02
1,12.53,4.10329216020182,-0.012516975402832
1,12.54,4.10662546008825,-1.13248825073242E-02
1,12.55,4.10995875997469,-1.19209289550781E-02
1,12.56,4.11329205986112,-1.13248825073242E-02
1,12.57,4.11662535974756,-9.5367431640625E-03
1,12.58,4.11995865963399,-5.96046447753906E-03
1,12.59,4.12329195952043,-4.76837158203125E-03
1,12.6,4.12662525940686,-3.57627868652344E-03
1,12.61,4.1299585592933,-4.76837158203125E-03
1,12.62,4.13329185917974,-7.15255737304688E-03
1,12.63,4.13662515906617,-5.36441802978516E-03
1,12.64,4.13995845895261,-8.34465026855469E-03
1,12.65,4.14329175883904,-1.31130218505859E-02
1,12.66,4.14662505872548,-1.54972076416016E-02
1,12.67,4.14995835861191,-1.54972076416016E-02
1,12.68,4.15329165849835,-1.66893005371094E-02
1,12.69,4.15662495838478,-1.66893005371094E-02
1,12.7,4.15995825827122,-1.31130218505859E-02
1,12.71,4.16329155815765,-1.19209289550781E-02
1,12.72,4.16662485804409,-8.94069671630859E-03
1,12.73,4.16995815793052,-1.19209289550781E-02
1,12.74,4.17329145781696,-8.94069671630859E-03
1,12.75,4.17662475770339,-1.01327896118164E-02
1,12.76,4.17995805758983,-8.34465026855469E-03
1,12.77,4.18329135747626,-1.19209289550781E-02
1,12.78,4.1866246573627,-7.15255737304688E-03
1,12.79,4.18995795724913,-5.36441802978516E-03
1,12.8,4.19329125713557,-8.34465026855469E-03
1,12.81,4.19662455702201,-7.74860382080078E-03
1,12.82,4.19995785690844,-6.55651092529297E-03
1,12.83,4.20329115679488,-7.74860382080078E-03
1,12.84,4.20662445668131,-1.66893005371094E-02
1,12.85,4.20995775656775,-1.49011611938477E-02
1,12.86,4.21329105645418,-1.49011611938477E-02
1,12.87,4.21662435634062,-1.66893005371094E-02
1,12.88,4.21995765622705,-1.60932540893555E-02
1,12.89,4.22329095611349,-1.60932540893555E-02
1,12.9,4.22662425599992,-0.019073486328125
1,12.91,4.22995755588636,-0.012516975402832
1,12.92,4.23329085577279,-1.19209289550781E-02
1,12.93,4.23662415565923,-1.13248825073242E-02
1,12.94,4.23995745554566,-1.49011611938477E-02
1,12.95,4.2432907554321,-1.37090682983398E-02
1,12.96,4.24662405531853,-1.19209289550781E-02
1,12.97,4.24995735520497,-1.66893005371094E-02
1,12.98,4.25329065509141,-1.43051147460938E-02
1,12.99,4.25662395497784,-1.37090682983398E-02
1,13,4.25995725486428,-1.31130218505859E-02
1,13.01,4.26329055475071,-1.37090682983398E-02
1,13.02,4.26662385463715,-1.13248825073242E-02
1,13.03,4.26995715452358,-1.43051147460938E-02
1,13.04,4.27329045441002,-1.31130218505859E-02
1,13.05,4.27662375429645,-1.43051147460938E-02
1,13.06,4.27995705418289,-1.49011611938477E-02
1,13.07,4.28329035406932,-1.54972076416016E-02
1,13.08,4.28662365395576,-1.43051147460938E-02
1,13.09,4.28995695384219,-1.54972076416016E-02
1,13.1,4.29329025372863,-1.84774398803711E-02
1,13.11,4.29662355361506,-1.43051147460938E-02
1,13.12,4.2999568535015,-1.54972076416016E-02
1,13.13,4.30329015338793,-1.66893005371094E-02
1,13.14,4.30662345327437,-1.60932540893555E-02
1,13.15,4.3099567531608,-1.31130218505859E-02
1,13.16,4.31329005304724,-1.07288360595703E-02
1,13.17,4.31662335293368,-1.66893005371094E-02
1,13.18,4.31995665282011,-1.60932540893555E-02
1,13.19,4.32328995270655,-1.54972076416016E-02
1,13.2,4.32662325259298,-1.49011611938477E-02
1,13.21,4.32995655247942,-1.19209289550781E-02
1,13.22,4.33328985236585,-0.012516975402832
1,13.23,4.33662315225229,-1.13248825073242E-02
1,13.24,4.33995645213872,-1.49011611938477E-02
1,13.25,4.34328975202516,-1.96695327758789E-02
1,13.26,4.34662305191159,-2.08616256713867E-02
1,13.27,4.34995635179803,-2.20537185668945E-02
1,13.28,4.35328965168446,-2.02655792236328E-02
1,13.29,4.3566229515709,-2.08616256713867E-02
1,13.3,4.35995625145733,-2.26497650146484E-02
1,13.31,4.36328955134377,-2.32458114624023E-02
1,13.32,4.3666228512302,-2.26497650146484E-02
1,13.33,4.36995615111664,-2.26497650146484E-02
1,13.34,4.37328945100307,-2.08616256713867E-02
1,13.35,4.37662275088951,-2.08616256713867E-02
1,13.36,4.37995605077595,-2.02655792236328E-02
1,13.37,4.38328935066238,-2.08616256713867E-02
1,13.38,4.38662265054882,-2.02655792236328E-02
1,13.39,4.38995595043525,-0.019073486328125
1,13.4,4.39328925032169,-0.019073486328125
1,13.41,4.39662255020812,-1.78813934326172E-02
1,13.42,4.39995585009456,-0.012516975402832
1,13.43,4.40328914998099,-1.60932540893555E-02
1,13.44,4.40662244986743,-1.43051147460938E-02
1,13.45,4.40995574975386,-1.31130218505859E-02
1,13.46,4.4132890496403,-1.13248825073242E-02
1,13.47,4.41662234952673,-1.19209289550781E-02
1,13.48,4.41995564941317,-9.5367431640625E-03
1,13.49,4.4232889492996,-9.5367431640625E-03
1,13.5,4.42662224918604,-7.15255737304688E-03
1,13.51,4.42995554907247,-7.15255737304688E-03
1,13.52,4.43328884895891,-1.13248825073242E-02
1,13.53,4.43662214884534,-1.07288360595703E-02
1,13.54,4.43995544873178,-8.94069671630859E-03
1,13.55,4.44328874861822,-1.01327896118164E-02
1,13.56,4.44662204850465,-1.07288360595703E-02
1,13.57,4.44995534839109,-7.15255737304688E-03
1,13.58,4.45328864827752,-8.34465026855469E-03
1,13.59,4.45662194816396,-1.37090682983398E-02
1,13.6,4.45995524805039,-1.60932540893555E-02
1,13.61,4.46328854793683,-1.66893005371094E-02
1,13.62,4.46662184782326,-0.019073486328125
1,13.63,4.4699551477097,-2.14576721191406E-02
1,13.64,4.47328844759613,-2.32458114624023E-02
1,13.65,4.47662174748257,-0.019073486328125
1,13.66,4.479955047369,-2.26497650146484E-02
1,13.67,4.48328834725544,-1.96695327758789E-02
1,13.68,4.48662164714187,-2.38418579101563E-02
1,13.69,4.48995494702831,-2.32458114624023E-02
1,13.7,4.49328824691474,-2.14576721191406E-02
1,13.71,4.49662154680118,-2.14576721191406E-02
1,13.72,4.49995484668762,-2.26497650146484E-02
1,13.73,4.50328814657405,-2.14576721191406E-02
1,13.74,4.50662144646049,-1.72853469848633E-02
1,13.75,4.50995474634692,-1.37090682983398E-02
1,13.76,4.51328804623336,-1.60932540893555E-02
1,13.77,4.51662134611979,-1.31130218505859E-02
1,13.78,4.51995464600623,-1.43051147460938E-02
1,13.79,4.52328794589266,-1.37090682983398E-02
1,13.8,4.5266212457791,-1.01327896118164E-02
1,13.81,4.52995454566553,-8.34465026855469E-03
1,13.82,4.53328784555197,-7.15255737304688E-03
1,13.83,4.5366211454384,-7.74860382080078E-03
1,13.84,4.53995444532484,-1.13248825073242E-02
1,13.85,4.54328774521127,-7.15255737304688E-03
1,13.86,4.54662104509771,-5.36441802978516E-03
1,13.87,4.54995434498414,-4.76837158203125E-03
1,13.88,4.55328764487058,-7.15255737304688E-03
1,13.89,4.55662094475701,-7.15255737304688E-03
1,13.9,4.55995424464345,-3.57627868652344E-03
1,13.91,4.56328754452989,-5.36441802978516E-03
1,13.92,4.56662084441632,-7.15255737304688E-03
1,13.93,4.56995414430276,-4.76837158203125E-03
1,13.94,4.57328744418919,-3.57627868652344E-03
1,13.95,4.57662074407563,-4.76837158203125E-03
1,13.96,4.57995404396206,-3.57627868652344E-03
1,13.97,4.5832873438485,-1.13248825073242E-02
1,13.98,4.58662064373493,-1.19209289550781E-02
1,13.99,4.58995394362137,-1.01327896118164E-02
1,14,4.5932872435078,-1.43051147460938E-02
1,14.01,4.59662054339424,-1.07288360595703E-02
1,14.02,4.59995384328067,-0.012516975402832
1,14.03,4.60328714316711,-1.60932540893555E-02
1,14.04,4.60662044305354,-1.54972076416016E-02
1,14.05,4.60995374293998,-1.37090682983398E-02
1,14.06,4.61328704282641,-1.60932540893555E-02
1,14.07,4.61662034271285,-9.5367431640625E-03
1,14.08,4.61995364259928,-1.43051147460938E-02
1,14.09,4.62328694248572,-1.60932540893555E-02
1,14.1,4.62662024237216,-1.13248825073242E-02
1,14.11,4.62995354225859,-1.49011611938477E-02
1,14.12,4.63328684214503,-1.19209289550781E-02
1,14.13,4.63662014203146,-1.60932540893555E-02
1,14.14,4.6399534419179,-1.54972076416016E-02
1,14.15,4.64328674180433,-1.49011611938477E-02
1,14.16,4.64662004169077,-1.78813934326172E-02
1,14.17,4.6499533415772,-1.66893005371094E-02
1,14.18,4.65328664146364,-2.26497650146484E-02
1,14.19,4.65661994135007,-2.20537185668945E-02
1,14.2,4.65995324123651,-2.44379043579102E-02
1,14.21,4.66328654112294,-2.62260437011719E-02
1,14.22,4.66661984100938,-2.44379043579102E-02
1,14.23,4.66995314089581,-2.68220901489258E-02
1,14.24,4.67328644078225,-2.74181365966797E-02
1,14.25,4.67661974066868,-2.44379043579102E-02
1,14.26,4.67995304055512,-2.38418579101563E-02
1,14.27,4.68328634044155,-0.025629997253418
1,14.28,4.68661964032799,-1.96695327758789E-02
1,14.29,4.68995294021443,-1.66893005371094E-02
1,14.3,4.69328624010086,-1.78813934326172E-02
1,14.31,4.6966195399873,-0.019073486328125
1,14.32,4.69995283987373,-1.72853469848633E-02
1,14.33,4.70328613976017,-1.43051147460938E-02
1,14.34,4.7066194396466,-1.84774398803711E-02
1,14.35,4.70995273953304,-1.78813934326172E-02
1,14.36,4.71328603941947,-1.66893005371094E-02
1,14.37,4.71661933930591,-1.60932540893555E-02
1,14.38,4.71995263919234,-1.60932540893555E-02
1,14.39,4.72328593907878,-1.43051147460938E-02
1,14.4,4.72661923896521,-1.72853469848633E-02
1,14.41,4.72995253885165,-1.43051147460938E-02
1,14.42,4.73328583873808,-1.19209289550781E-02
1,14.43,4.73661913862452,-8.94069671630859E-03
1,14.44,4.73995243851095,-1.07288360595703E-02
1,14.45,4.74328573839739,-7.74860382080078E-03
1,14.46,4.74661903828383,-8.34465026855469E-03
1,14.47,4.74995233817026,-5.96046447753906E-03
1,14.48,4.7532856380567,-6.55651092529297E-03
1,14.49,4.75661893794313,-1.01327896118164E-02
1,14.5,4.75995223782957,-5.36441802978516E-03
1,14.51,4.763285537716,-1.31130218505859E-02
1,14.52,4.76661883760244,-7.74860382080078E-03
1,14.53,4.76995213748887,-7.15255737304688E-03
1,14.54,4.77328543737531,-1.13248825073242E-02
1,14.55,4.77661873726174,-6.55651092529297E-03
1,14.56,4.77995203714818,-8.34465026855469E-03
1,14.57,4.78328533703461,-1.01327896118164E-02
1,14.58,4.78661863692105,-5.96046447753906E-03
1,14.59,4.78995193680748,-1.78813934326172E-03
1,14.6,4.79328523669392,-2.38418579101563E-03
1,14.61,4.79661853658035,5.96046447753906E-04
1,14.62,4.79995183646679,2.98023223876953E-03
1,14.63,4.80328513635322,5.96046447753906E-04
1,14.64,4.80661843623966,5.36441802978516E-03
1,14.65,4.8099517361261,7.74860382080078E-03
1,14.66,4.81328503601253,5.96046447753906E-03
1,14.67,4.81661833589897,2.38418579101563E-03
1,14.68,4.8199516357854,4.76837158203125E-03
1,14.69,4.82328493567184,1.19209289550781E-03
1,14.7,4.82661823555827,1.19209289550781E-03
1,14.71,4.82995153544471,0
1,14.72,4.83328483533114,5.96046447753906E-04
1,14.73,4.83661813521758,1.78813934326172E-03
1,14.74,4.83995143510401,-1.78813934326172E-03
1,14.75,4.84328473499045,-1.78813934326172E-03
1,14.76,4.84661803487688,-4.17232513427734E-03
1,14.77,4.84995133476332,-2.98023223876953E-03
1,14.78,4.85328463464975,-4.17232513427734E-03
1,14.79,4.85661793453619,-5.36441802978516E-03
1,14.8,4.85995123442262,-7.74860382080078E-03
1,14.81,4.86328453430906,-7.74860382080078E-03
1,14.82,4.86661783419549,-5.96046447753906E-03
1,14.83,4.86995113408193,-5.36441802978516E-03
1,14.84,4.87328443396837,-5.96046447753906E-03
1,14.85,4.8766177338548,-8.94069671630859E-03
1,14.86,4.87995103374124,-1.07288360595703E-02
1,14.87,4.88328433362767,-1.01327896118164E-02
1,14.88,4.88661763351411,-8.94069671630859E-03
1,14.89,4.88995093340054,-8.94069671630859E-03
1,14.9,4.89328423328698,-4.17232513427734E-03
1,14.91,4.89661753317341,-1.78813934326172E-03
1,14.92,4.89995083305985,-4.76837158203125E-03
1,14.93,4.90328413294628,-4.17232513427734E-03
1,14.94,4.90661743283272,-5.96046447753906E-03
1,14.95,4.90995073271915,-4.76837158203125E-03
1,14.96,4.91328403260559,-4.76837158203125E-03
1,14.97,4.91661733249202,-2.38418579101563E-03
1,14.98,4.91995063237846,-1.78813934326172E-03
1,14.99,4.92328393226489,0
1,15,4.92661723215133,-1.19209289550781E-03
1,15.01,4.92995053203776,2.38418579101563E-03
1,15.02,4.9332838319242,0
1,15.03,4.93661713181064,3.57627868652344E-03
1,15.04,4.93995043169707,5.96046447753906E-03
1,15.05,4.94328373158351,5.36441802978516E-03
1,15.06,4.94661703146994,7.15255737304688E-03
1,15.07,4.94995033135638,8.94069671630859E-03
1,15.08,4.95328363124281,7.74860382080078E-03
1,15.09,4.95661693112925,7.15255737304688E-03
1,15.1,4.95995023101568,5.96046447753906E-03
1,15.11,4.96328353090212,6.55651092529297E-03
1,15.12,4.96661683078855,8.34465026855469E-03
1,15.13,4.96995013067499,1.13248825073242E-02
1,15.14,4.97328343056142,9.5367431640625E-03
1,15.15,4.97661673044786,9.5367431640625E-03
1,15.16,4.97995003033429,8.34465026855469E-03
1,15.17,4.98328333022073,7.15255737304688E-03
1,15.18,4.98661663010716,4.76837158203125E-03
1,15.19,4.9899499299936,6.55651092529297E-03
1,15.2,4.99328322988004,5.96046447753906E-03
1,15.21,4.99661652976647,6.55651092529297E-03
1,15.22,4.99994982965291,0
1,15.23,5.00328312953934,3.57627868652344E-03
1,15.24,5.00661642942578,5.96046447753906E-04
1,15.25,5.00994972931221,5.96046447753906E-04
1,15.26,5.01328302919865,5.96046447753906E-04
1,15.27,5.01661632908508,-5.96046447753906E-04
1,15.28,5.01994962897152,0
1,15.29,5.02328292885795,2.38418579101563E-03
1,15.3,5.02661622874439,4.17232513427734E-03
1,15.31,5.02994952863082,4.17232513427734E-03
1,15.32,5.03328282851726,3.57627868652344E-03
1,15.33,5.03661612840369,3.57627868652344E-03
1,15.34,5.03994942829013,2.98023223876953E-03
1,15.35,5.04328272817656,5.36441802978516E-03
1,15.36,5.046616028063,4.17232513427734E-03
1,15.37,5.04994932794943,8.94069671630859E-03
1,15.38,5.05328262783587,7.74860382080078E-03
1,15.39,5.05661592772231,8.94069671630859E-03
1,15.4,5.05994922760874,8.34465026855469E-03
1,15.41,5.06328252749518,4.76837158203125E-03
1,15.42,5.06661582738161,5.96046447753906E-03
1,15.43,5.06994912726805,1.19209289550781E-03
1,15.44,5.07328242715448,1.78813934326172E-03
1,15.45,5.07661572704092,-1.78813934326172E-03
1,15.46,5.07994902692735,-2.98023223876953E-03
1,15.47,5.08328232681379,-2.98023223876953E-03
1,15.48,5.08661562670022,-2.98023223876953E-03
1,15.49,5.08994892658666,-4.17232513427734E-03
1,15.5,5.09328222647309,-4.17232513427734E-03
1,15.51,5.09661552635953,-2.38418579101563E-03
1,15.52,5.09994882624596,-3.57627868652344E-03
1,15.53,5.1032821261324,-5.36441802978516E-03
1,15.54,5.10661542601883,-2.38418579101563E-03
1,15.55,5.10994872590527,-1.78813934326172E-03
1,15.56,5.1132820257917,-1.78813934326172E-03
1,15.57,5.11661532567814,-3.57627868652344E-03
1,15.58,5.11994862556458,-5.36441802978516E-03
1,15.59,5.12328192545101,-7.15255737304688E-03
1,15.6,5.12661522533745,-1.01327896118164E-02
1,15.61,5.12994852522388,-8.94069671630859E-03
1,15.62,5.13328182511032,-8.94069671630859E-03
1,15.63,5.13661512499675,-8.94069671630859E-03
1,15.64,5.13994842488319,-8.34465026855469E-03
1,15.65,5.14328172476962,-5.36441802978516E-03
1,15.66,5.14661502465606,-7.15255737304688E-03
1,15.67,5.14994832454249,-7.15255737304688E-03
1,15.68,5.15328162442893,-5.36441802978516E-03
1,15.69,5.15661492431536,-7.15255737304688E-03
1,15.7,5.1599482242018,-7.74860382080078E-03
1,15.71,5.16328152408823,-1.07288360595703E-02
1,15.72,5.16661482397467,-1.31130218505859E-02
1,15.73,5.1699481238611,-1.60932540893555E-02
1,15.74,5.17328142374754,-1.66893005371094E-02
1,15.75,5.17661472363397,-0.019073486328125
1,15.76,5.17994802352041,-2.02655792236328E-02
1,15.77,5.18328132340685,-2.02655792236328E-02
1,15.78,5.18661462329328,-1.96695327758789E-02
1,15.79,5.18994792317972,-1.43051147460938E-02
1,15.8,5.19328122306615,-1.43051147460938E-02
1,15.81,5.19661452295259,-8.34465026855469E-03
1,15.82,5.19994782283902,-0.012516975402832
1,15.83,5.20328112272546,-7.15255737304688E-03
1,15.84,5.20661442261189,-4.76837158203125E-03
1,15.85,5.20994772249833,-4.17232513427734E-03
1,15.86,5.21328102238476,-3.57627868652344E-03
1,15.87,5.2166143222712,-1.78813934326172E-03
1,15.88,5.21994762215763,-2.38418579101563E-03
1,15.89,5.22328092204407,-5.96046447753906E-04
1,15.9,5.2266142219305,-2.98023223876953E-03
1,15.91,5.22994752181694,-1.19209289550781E-03
1,15.92,5.23328082170337,-2.38418579101563E-03
1,15.93,5.23661412158981,-4.17232513427734E-03
1,15.94,5.23994742147625,-5.96046447753906E-03
1,15.95,5.24328072136268,-1.13248825073242E-02
1,15.96,5.24661402124912,-1.07288360595703E-02
1,15.97,5.24994732113555,-7.15255737304688E-03
1,15.98,5.25328062102199,-1.13248825073242E-02
1,15.99,5.25661392090842,-7.15255737304688E-03
1,16,5.25994722079486,-7.74860382080078E-03
1,16.01,5.26328052068129,-8.34465026855469E-03
1,16.02,5.26661382056773,-3.57627868652344E-03
1,16.03,5.26994712045416,-5.36441802978516E-03
1,16.04,5.2732804203406,-7.15255737304688E-03
1,16.05,5.27661372022703,-4.17232513427734E-03
1,16.06,5.27994702011347,-9.5367431640625E-03
1,16.07,5.2832803199999,-5.36441802978516E-03
1,16.08,5.28661361988634,-6.55651092529297E-03
1,16.09,5.28994691977277,-8.94069671630859E-03
1,16.1,5.29328021965921,-5.96046447753906E-03
1,16.11,5.29661351954564,-9.5367431640625E-03
1,16.12,5.29994681943208,-1.31130218505859E-02
1,16.13,5.30328011931852,-1.13248825073242E-02
1,16.14,5.30661341920495,-0.012516975402832
1,16.15,5.30994671909139,-9.5367431640625E-03
1,16.16,5.31328001897782,-8.94069671630859E-03
1,16.17,5.31661331886426,-5.96046447753906E-03
1,16.18,5.31994661875069,-9.5367431640625E-03
1,16.19,5.32327991863713,-8.34465026855469E-03
1,16.2,5.32661321852356,-1.01327896118164E-02
1,16.21,5.32994651841,-1.01327896118164E-02
1,16.22,5.33327981829643,-1.07288360595703E-02
1,16.23,5.33661311818287,-9.5367431640625E-03
1,16.24,5.3399464180693,-8.94069671630859E-03
1,16.25,5.34327971795574,-3.57627868652344E-03
1,16.26,5.34661301784217,-6.55651092529297E-03
1,16.27,5.34994631772861,-1.78813934326172E-03
1,16.28,5.35327961761504,-4.76837158203125E-03
1,16.29,5.35661291750148,-4.17232513427734E-03
1,16.3,5.35994621738791,-2.98023223876953E-03
1,16.31,5.36327951727435,-3.57627868652344E-03
1,16.32,5.36661281716079,-9.5367431640625E-03
1,16.33,5.36994611704722,-9.5367431640625E-03
1,16.34,5.37327941693366,-6.55651092529297E-03
1,16.35,5.37661271682009,-8.34465026855469E-03
1,16.36,5.37994601670653,-7.74860382080078E-03
1,16.37,5.38327931659296,-9.5367431640625E-03
1,16.38,5.3866126164794,-1.54972076416016E-02
1,16.39,5.38994591636583,-1.49011611938477E-02
1,16.4,5.39327921625227,-9.5367431640625E-03
1,16.41,5.3966125161387,-1.07288360595703E-02
1,16.42,5.39994581602514,-8.34465026855469E-03
1,16.43,5.40327911591157,-1.01327896118164E-02
1,16.44,5.40661241579801,-1.07288360595703E-02
1,16.45,5.40994571568444,-8.94069671630859E-03
1,16.46,5.41327901557088,-5.96046447753906E-03
1,16.47,5.41661231545731,-4.17232513427734E-03
1,16.48,5.41994561534375,-8.34465026855469E-03
1,16.49,5.42327891523018,-1.01327896118164E-02
1,16.5,5.42661221511662,-1.01327896118164E-02
1,16.51,5.42994551500306,-7.74860382080078E-03
1,16.52,5.43327881488949,-7.15255737304688E-03
1,16.53,5.43661211477593,-9.5367431640625E-03
1,16.54,5.43994541466236,-1.13248825073242E-02
1,16.55,5.4432787145488,-1.43051147460938E-02
1,16.56,5.44661201443523,-1.49011611938477E-02
1,16.57,5.44994531432167,-1.54972076416016E-02
1,16.58,5.4532786142081,-1.54972076416016E-02
1,16.59,5.45661191409454,-1.78813934326172E-02
1,16.6,5.45994521398097,-1.54972076416016E-02
1,16.61,5.46327851386741,-1.66893005371094E-02
1,16.62,5.46661181375384,-1.72853469848633E-02
1,16.63,5.46994511364028,-1.66893005371094E-02
1,16.64,5.47327841352671,-1.37090682983398E-02
1,16.65,5.47661171341315,-0.012516975402832
1,16.66,5.47994501329958,-1.19209289550781E-02
1,16.67,5.48327831318602,-1.49011611938477E-02
1,16.68,5.48661161307246,-1.43051147460938E-02
1,16.69,5.48994491295889,-8.94069671630859E-03
1,16.7,5.49327821284533,-1.01327896118164E-02
1,16.71,5.49661151273176,-1.01327896118164E-02
1,16.72,5.4999448126182,-1.01327896118164E-02
1,16.73,5.50327811250463,-1.31130218505859E-02
1,16.74,5.50661141239107,-1.37090682983398E-02
1,16.75,5.5099447122775,-1.72853469848633E-02
1,16.76,5.51327801216394,-1.84774398803711E-02
1,16.77,5.51661131205037,-1.78813934326172E-02
1,16.78,5.51994461193681,-1.66893005371094E-02
1,16.79,5.52327791182324,-2.08616256713867E-02
1,16.8,5.52661121170968,-2.26497650146484E-02
1,16.81,5.52994451159611,-2.26497650146484E-02
1,16.82,5.53327781148255,-2.44379043579102E-02
1,16.83,5.53661111136898,-2.80141830444336E-02
1,16.84,5.53994441125542,-2.98023223876953E-02
1,16.85,5.54327771114185,-0.025629997253418
1,16.86,5.54661101102829,-2.44379043579102E-02
1,16.87,5.54994431091473,-2.26497650146484E-02
1,16.88,5.55327761080116,-1.96695327758789E-02
1,16.89,5.5566109106876,-1.72853469848633E-02
1,16.9,5.55994421057403,-1.54972076416016E-02
1,16.91,5.56327751046047,-1.31130218505859E-02
1,16.92,5.5666108103469,-9.5367431640625E-03
1,16.93,5.56994411023334,-9.5367431640625E-03
1,16.94,5.57327741011977,-8.94069671630859E-03
1,16.95,5.57661071000621,-1.01327896118164E-02
1,16.96,5.57994400989264,-7.74860382080078E-03
1,16.97,5.58327730977908,-4.17232513427734E-03
1,16.98,5.58661060966551,-6.55651092529297E-03
1,16.99,5.58994390955195,-6.55651092529297E-03
1,17,5.59327720943838,-8.34465026855469E-03
1,17.01,5.59661050932482,-1.01327896118164E-02
1,17.02,5.59994380921125,-1.37090682983398E-02
1,17.03,5.60327710909769,-1.96695327758789E-02
1,17.04,5.60661040898412,-0.019073486328125
1,17.05,5.60994370887056,-1.96695327758789E-02
1,17.06,5.613277008757,-2.32458114624023E-02
1,17.07,5.61661030864343,-2.68220901489258E-02
1,17.08,5.61994360852987,-2.80141830444336E-02
1,17.09,5.6232769084163,-2.68220901489258E-02
1,17.1,5.62661020830274,-2.68220901489258E-02
1,17.11,5.62994350818917,-2.32458114624023E-02
1,17.12,5.63327680807561,-2.38418579101563E-02
1,17.13,5.63661010796204,-2.14576721191406E-02
1,17.14,5.63994340784848,-2.02655792236328E-02
1,17.15,5.64327670773491,-0.019073486328125
1,17.16,5.64661000762135,-2.08616256713867E-02
1,17.17,5.64994330750778,-2.14576721191406E-02
1,17.18,5.65327660739422,-2.08616256713867E-02
1,17.19,5.65660990728065,-2.20537185668945E-02
1,17.2,5.65994320716709,-1.49011611938477E-02
1,17.21,5.66327650705352,-1.49011611938477E-02
1,17.22,5.66660980693996,-1.31130218505859E-02
1,17.23,5.66994310682639,-4.76837158203125E-03
1,17.24,5.67327640671283,-3.57627868652344E-03
1,17.25,5.67660970659927,-5.36441802978516E-03
1,17.26,5.6799430064857,-4.17232513427734E-03
1,17.27,5.68327630637214,-2.38418579101563E-03
1,17.28,5.68660960625857,-3.57627868652344E-03
1,17.29,5.68994290614501,0
1,17.3,5.69327620603144,1.78813934326172E-03
1,17.31,5.69660950591788,-5.96046447753906E-04
1,17.32,5.69994280580431,-5.96046447753906E-04
1,17.33,5.70327610569075,-2.98023223876953E-03
1,17.34,5.70660940557718,-2.98023223876953E-03
1,17.35,5.70994270546362,-6.55651092529297E-03
1,17.36,5.71327600535005,-1.78813934326172E-03
1,17.37,5.71660930523649,-4.17232513427734E-03
1,17.38,5.71994260512292,-1.01327896118164E-02
1,17.39,5.72327590500936,-7.15255737304688E-03
1,17.4,5.72660920489579,-1.01327896118164E-02
1,17.41,5.72994250478223,-1.31130218505859E-02
1,17.42,5.73327580466867,-0.012516975402832
1,17.43,5.7366091045551,-1.31130218505859E-02
1,17.44,5.73994240444154,-1.66893005371094E-02
1,17.45,5.74327570432797,-0.012516975402832
1,17.46,5.74660900421441,-1.37090682983398E-02
1,17.47,5.74994230410084,-1.19209289550781E-02
1,17.48,5.75327560398728,-7.15255737304688E-03
1,17.49,5.75660890387371,-2.98023223876953E-03
1,17.5,5.75994220376015,-2.38418579101563E-03
1,17.51,5.76327550364658,-4.76837158203125E-03
1,17.52,5.76660880353302,3.57627868652344E-03
1,17.53,5.76994210341945,4.76837158203125E-03
1,17.54,5.77327540330589,2.98023223876953E-03
1,17.55,5.77660870319232,1.19209289550781E-03
1,17.56,5.77994200307876,-5.96046447753906E-04
1,17.57,5.78327530296519,-3.57627868652344E-03
1,17.58,5.78660860285163,-2.98023223876953E-03
1,17.59,5.78994190273806,-7.74860382080078E-03
1,17.6,5.7932752026245,-8.34465026855469E-03
1,17.61,5.79660850251094,-0.012516975402832
1,17.62,5.79994180239737,-1.43051147460938E-02
1,17.63,5.80327510228381,-0.012516975402832
1,17.64,5.80660840217024,-1.31130218505859E-02
1,17.65,5.80994170205668,-1.43051147460938E-02
1,17.66,5.81327500194311,-1.13248825073242E-02
1,17.67,5.81660830182955,-1.37090682983398E-02
1,17.68,5.81994160171598,-1.54972076416016E-02
1,17.69,5.82327490160242,-0.019073486328125
1,17.7,5.82660820148885,-1.84774398803711E-02
1,17.71,5.82994150137529,-1.60932540893555E-02
1,17.72,5.83327480126172,-1.72853469848633E-02
1,17.73,5.83660810114816,-1.60932540893555E-02
1,17.74,5.83994140103459,-1.84774398803711E-02
1,17.75,5.84327470092103,-2.26497650146484E-02
1,17.76,5.84660800080746,-0.019073486328125
1,17.77,5.8499413006939,-1.84774398803711E-02
1,17.78,5.85327460058033,-1.49011611938477E-02
1,17.79,5.85660790046677,-1.07288360595703E-02
1,17.8,5.85994120035321,-0.012516975402832
1,17.81,5.86327450023964,-1.01327896118164E-02
1,17.82,5.86660780012608,-1.01327896118164E-02
1,17.83,5.86994110001251,-8.34465026855469E-03
1,17.84,5.87327439989895,-6.55651092529297E-03
1,17.85,5.87660769978538,-5.36441802978516E-03
1,17.86,5.87994099967182,-9.5367431640625E-03
1,17.87,5.88327429955825,-1.19209289550781E-02
1,17.88,5.88660759944469,-1.31130218505859E-02
1,17.89,5.88994089933112,-1.60932540893555E-02
1,17.9,5.89327419921756,-1.60932540893555E-02
1,17.91,5.89660749910399,-1.66893005371094E-02
1,17.92,5.89994079899043,-1.78813934326172E-02
1,17.93,5.90327409887686,-1.84774398803711E-02
1,17.94,5.9066073987633,-1.66893005371094E-02
1,17.95,5.90994069864973,-1.49011611938477E-02
1,17.96,5.91327399853617,-1.49011611938477E-02
1,17.97,5.9166072984226,-1.07288360595703E-02
1,17.98,5.91994059830904,-8.94069671630859E-03
1,17.99,5.92327389819548,-1.13248825073242E-02
1,18,5.92660719808191,-1.01327896118164E-02
1,18.01,5.92994049796835,-7.74860382080078E-03
1,18.02,5.93327379785478,-8.34465026855469E-03
1,18.03,5.93660709774122,-1.07288360595703E-02
1,18.04,5.93994039762765,-9.5367431640625E-03
1,18.05,5.94327369751409,-9.5367431640625E-03
1,18.06,5.94660699740052,-5.36441802978516E-03
1,18.07,5.94994029728696,-5.36441802978516E-03
1,18.08,5.95327359717339,0
1,18.09,5.95660689705983,-5.96046447753906E-04
1,18.1,5.95994019694626,2.38418579101563E-03
1,18.11,5.9632734968327,2.38418579101563E-03
1,18.12,5.96660679671913,0
1,18.13,5.96994009660557,5.96046447753906E-04
1,18.14,5.973273396492,0
1,18.15,5.97660669637844,-2.98023223876953E-03
1,18.16,5.97993999626487,-4.17232513427734E-03
1,18.17,5.98327329615131,-6.55651092529297E-03
1,18.18,5.98660659603775,-4.76837158203125E-03
1,18.19,5.98993989592418,-5.36441802978516E-03
1,18.2,5.99327319581062,-4.76837158203125E-03
1,18.21,5.99660649569705,-7.15255737304688E-03
1,18.22,5.99993979558349,-6.55651092529297E-03
1,18.23,6.00327309546992,-1.01327896118164E-02
1,18.24,6.00660639535636,-7.15255737304688E-03
1,18.25,6.00993969524279,-7.74860382080078E-03
1,18.26,6.01327299512923,-1.07288360595703E-02
1,18.27,6.01660629501566,-0.012516975402832
1,18.28,6.0199395949021,-0.012516975402832
1,18.29,6.02327289478853,-1.07288360595703E-02
1,18.3,6.02660619467497,-1.07288360595703E-02
1,18.31,6.0299394945614,-1.43051147460938E-02
1,18.32,6.03327279444784,-1.01327896118164E-02
1,18.33,6.03660609433427,-8.34465026855469E-03
1,18.34,6.03993939422071,-7.74860382080078E-03
1,18.35,6.04327269410715,-5.96046447753906E-03
1,18.36,6.04660599399358,-4.17232513427734E-03
1,18.37,6.04993929388002,-6.55651092529297E-03
1,18.38,6.05327259376645,-5.36441802978516E-03
1,18.39,6.05660589365289,-5.96046447753906E-03
1,18.4,6.05993919353932,-0.012516975402832
1,18.41,6.06327249342576,-1.31130218505859E-02
1,18.42,6.06660579331219,-1.07288360595703E-02
1,18.43,6.06993909319863,-1.31130218505859E-02
1,18.44,6.07327239308506,-1.13248825073242E-02
1,18.45,6.0766056929715,-1.60932540893555E-02
1,18.46,6.07993899285793,-1.84774398803711E-02
1,18.47,6.08327229274437,-1.54972076416016E-02
1,18.48,6.0866055926308,-1.01327896118164E-02
1,18.49,6.08993889251724,-9.5367431640625E-03
1,18.5,6.09327219240367,-7.74860382080078E-03
1,18.51,6.09660549229011,-7.74860382080078E-03
1,18.52,6.09993879217654,-6.55651092529297E-03
1,18.53,6.10327209206298,-5.36441802978516E-03
1,18.54,6.10660539194942,-6.55651092529297E-03
1,18.55,6.10993869183585,-1.78813934326172E-03
1,18.56,6.11327199172229,5.96046447753906E-04
1,18.57,6.11660529160872,2.38418579101563E-03
1,18.58,6.11993859149516,2.98023223876953E-03
1,18.59,6.12327189138159,7.15255737304688E-03
1,18.6,6.12660519126803,5.96046447753906E-03
1,18.61,6.12993849115446,8.34465026855469E-03
1,18.62,6.1332717910409,6.55651092529297E-03
1,18.63,6.13660509092733,9.5367431640625E-03
1,18.64,6.13993839081377,8.94069671630859E-03
1,18.65,6.1432716907002,8.94069671630859E-03
1,18.66,6.14660499058664,7.15255737304688E-03
1,18.67,6.14993829047307,5.36441802978516E-03
1,18.68,6.15327159035951,5.36441802978516E-03
1,18.69,6.15660489024594,-1.78813934326172E-03
1,18.7,6.15993819013238,-4.17232513427734E-03
1,18.71,6.16327149001881,-1.01327896118164E-02
1,18.72,6.16660478990525,-1.13248825073242E-02
1,18.73,6.16993808979169,-1.13248825073242E-02
1,18.74,6.17327138967812,-1.13248825073242E-02
1,18.75,6.17660468956456,-1.54972076416016E-02
1,18.76,6.17993798945099,-1.49011611938477E-02
1,18.77,6.18327128933743,-0.019073486328125
1,18.78,6.18660458922386,-1.60932540893555E-02
1,18.79,6.1899378891103,-1.60932540893555E-02
1,18.8,6.19327118899673,-1.19209289550781E-02
1,18.81,6.19660448888317,-1.54972076416016E-02
1,18.82,6.1999377887696,-1.54972076416016E-02
1,18.83,6.20327108865604,-1.72853469848633E-02
1,18.84,6.20660438854247,-1.66893005371094E-02
1,18.85,6.20993768842891,-1.66893005371094E-02
1,18.86,6.21327098831534,-1.78813934326172E-02
1,18.87,6.21660428820178,-1.66893005371094E-02
1,18.88,6.21993758808821,-2.26497650146484E-02
1,18.89,6.22327088797465,-2.08616256713867E-02
1,18.9,6.22660418786108,-2.20537185668945E-02
1,18.91,6.22993748774752,-2.26497650146484E-02
1,18.92,6.23327078763396,-2.26497650146484E-02
1,18.93,6.23660408752039,-2.38418579101563E-02
1,18.94,6.23993738740683,-2.32458114624023E-02
1,18.95,6.24327068729326,-2.20537185668945E-02
1,18.96,6.2466039871797,-2.14576721191406E-02
1,18.97,6.24993728706613,-1.78813934326172E-02
1,18.98,6.25327058695257,-1.78813934326172E-02
1,18.99,6.256603886839,-1.84774398803711E-02
1,19,6.25993718672544,-0.019073486328125
1,19.01,6.26327048661187,-1.60932540893555E-02
1,19.02,6.26660378649831,-1.72853469848633E-02
1,19.03,6.26993708638474,-1.54972076416016E-02
1,19.04,6.27327038627118,-1.49011611938477E-02
1,19.05,6.27660368615761,-1.43051147460938E-02
1,19.06,6.27993698604405,-1.49011611938477E-02
1,19.07,6.28327028593048,-1.66893005371094E-02
1,19.08,6.28660358581692,-1.31130218505859E-02
1,19.09,6.28993688570336,-1.07288360595703E-02
1,19.1,6.29327018558979,-7.74860382080078E-03
1,19.11,6.29660348547623,-1.13248825073242E-02
1,19.12,6.29993678536266,-9.5367431640625E-03
1,19.13,6.3032700852491,-1.13248825073242E-02
1,19.14,6.30660338513553,-1.07288360595703E-02
1,19.15,6.30993668502197,-1.13248825073242E-02
1,19.16,6.3132699849084,-7.74860382080078E-03
1,19.17,6.31660328479484,-1.01327896118164E-02
1,19.18,6.31993658468127,-8.34465026855469E-03
1,19.19,6.32326988456771,-7.15255737304688E-03
1,19.2,6.32660318445414,-8.34465026855469E-03
1,19.21,6.32993648434058,-7.74860382080078E-03
1,19.22,6.33326978422701,-5.96046447753906E-03
1,19.23,6.33660308411345,-5.96046447753906E-03
1,19.24,6.33993638399989,-1.01327896118164E-02
1,19.25,6.34326968388632,-9.5367431640625E-03
1,19.26,6.34660298377275,-1.37090682983398E-02
1,19.27,6.34993628365919,-1.13248825073242E-02
1,19.28,6.35326958354563,-0.012516975402832
1,19.29,6.35660288343206,-1.60932540893555E-02
1,19.3,6.3599361833185,-1.96695327758789E-02
1,19.31,6.36326948320493,-1.49011611938477E-02
1,19.32,6.36660278309137,-1.43051147460938E-02
1,19.33,6.3699360829778,-1.66893005371094E-02
1,19.34,6.37326938286424,-1.31130218505859E-02
1,19.35,6.37660268275067,-8.94069671630859E-03
1,19.36,6.37993598263711,-7.74860382080078E-03
1,19.37,6.38326928252354,-1.01327896118164E-02
1,19.38,6.38660258240998,-8.34465026855469E-03
1,19.39,6.38993588229641,-6.55651092529297E-03
1,19.4,6.39326918218285,-8.94069671630859E-03
1,19.41,6.39660248206928,-8.94069671630859E-03
1,19.42,6.39993578195572,-8.94069671630859E-03
1,19.43,6.40326908184215,-0.012516975402832
1,19.44,6.40660238172859,-1.13248825073242E-02
1,19.45,6.40993568161502,-7.15255737304688E-03
1,19.46,6.41326898150146,-1.37090682983398E-02
1,19.47,6.4166022813879,-0.012516975402832
1,19.48,6.41993558127433,-0.012516975402832
1,19.49,6.42326888116077,-0.012516975402832
1,19.5,6.4266021810472,-1.01327896118164E-02
1,19.51,6.42993548093364,-9.5367431640625E-03
1,19.52,6.43326878082007,-7.15255737304688E-03
1,19.53,6.43660208070651,-1.31130218505859E-02
1,19.54,6.43993538059294,-1.19209289550781E-02
1,19.55,6.44326868047938,-0.012516975402832
1,19.56,6.44660198036581,-0.012516975402832
1,19.57,6.44993528025225,-1.13248825073242E-02
1,19.58,6.45326858013868,-1.01327896118164E-02
1,19.59,6.45660188002512,-1.54972076416016E-02
1,19.6,6.45993517991155,-9.5367431640625E-03
1,19.61,6.46326847979799,-0.012516975402832
1,19.62,6.46660177968442,-9.5367431640625E-03
1,19.63,6.46993507957086,-6.55651092529297E-03
1,19.64,6.47326837945729,-5.36441802978516E-03
1,19.65,6.47660167934373,-1.78813934326172E-03
1,19.66,6.47993497923017,-3.57627868652344E-03
1,19.67,6.4832682791166,-1.19209289550781E-03
1,19.68,6.48660157900304,0
1,19.69,6.48993487888947,5.96046447753906E-04
1,19.7,6.49326817877591,0
1,19.71,6.49660147866234,0
1,19.72,6.49993477854878,-1.19209289550781E-03
1,19.73,6.50326807843521,0
1,19.74,6.50660137832165,5.96046447753906E-04
1,19.75,6.50993467820808,0
1,19.76,6.51326797809452,1.19209289550781E-03
1,19.77,6.51660127798095,1.19209289550781E-03
1,19.78,6.51993457786739,1.78813934326172E-03
1,19.79,6.52326787775382,-3.57627868652344E-03
1,19.8,6.52660117764026,-7.74860382080078E-03
1,19.81,6.52993447752669,-8.94069671630859E-03
1,19.82,6.53326777741313,-1.01327896118164E-02
1,19.83,6.53660107729957,-1.13248825073242E-02
1,19.84,6.539934377186,-1.07288360595703E-02
1,19.85,6.54326767707244,-1.66893005371094E-02
1,19.86,6.54660097695887,-1.43051147460938E-02
1,19.87,6.54993427684531,-1.60932540893555E-02
1,19.88,6.55326757673174,-1.19209289550781E-02
1,19.89,6.55660087661818,-1.01327896118164E-02
1,19.9,6.55993417650461,-1.43051147460938E-02
1,19.91,6.56326747639105,-1.60932540893555E-02
1,19.92,6.56660077627748,-1.66893005371094E-02
1,19.93,6.56993407616392,-1.60932540893555E-02
1,19.94,6.57326737605035,-1.84774398803711E-02
1,19.95,6.57660067593679,-0.019073486328125
1,19.96,6.57993397582322,-2.32458114624023E-02
1,19.97,6.58326727570966,-2.08616256713867E-02
1,19.98,6.5866005755961,-2.02655792236328E-02
1,19.99,6.58993387548253,-1.96695327758789E-02
1,20,6.59326717536896,-2.08616256713867E-02
1,20.01,6.5966004752554,-2.14576721191406E-02
1,20.02,6.59993377514184,-2.38418579101563E-02
1,20.03,6.60326707502827,-2.08616256713867E-02
1,20.04,6.60660037491471,-2.50339508056641E-02
1,20.05,6.60993367480114,-2.20537185668945E-02
1,20.06,6.61326697468758,-2.20537185668945E-02
1,20.07,6.61660027457401,-2.02655792236328E-02
1,20.08,6.61993357446045,-1.96695327758789E-02
1,20.09,6.62326687434688,-1.96695327758789E-02
1,20.1,6.62660017423332,-1.78813934326172E-02
1,20.11,6.62993347411975,-0.012516975402832
1,20.12,6.63326677400619,-1.19209289550781E-02
1,20.13,6.63660007389262,-8.34465026855469E-03
1,20.14,6.63993337377906,-1.07288360595703E-02
1,20.15,6.64326667366549,-9.5367431640625E-03
1,20.16,6.64659997355193,-9.5367431640625E-03
1,20.17,6.64993327343836,-9.5367431640625E-03
1,20.18,6.6532665733248,-1.43051147460938E-02
1,20.19,6.65659987321123,-1.49011611938477E-02
1,20.2,6.65993317309767,-1.78813934326172E-02
1,20.21,6.66326647298411,-1.78813934326172E-02
1,20.22,6.66659977287054,-1.84774398803711E-02
1,20.23,6.66993307275698,-1.96695327758789E-02
1,20.24,6.67326637264341,-2.14576721191406E-02
1,20.25,6.67659967252985,-1.96695327758789E-02
1,20.26,6.67993297241628,-2.20537185668945E-02
1,20.27,6.68326627230272,-2.32458114624023E-02
1,20.28,6.68659957218915,-2.08616256713867E-02
1,20.29,6.68993287207559,-2.14576721191406E-02
1,20.3,6.69326617196202,-1.96695327758789E-02
1,20.31,6.69659947184846,-0.019073486328125
1,20.32,6.69993277173489,-2.08616256713867E-02
1,20.33,6.70326607162133,-2.32458114624023E-02
1,20.34,6.70659937150776,-2.08616256713867E-02
1,20.35,6.7099326713942,-2.20537185668945E-02
1,20.36,6.71326597128063,-2.32458114624023E-02
1,20.37,6.7199325710535,-2.08616256713867E-02
1,20.39,6.72326587093994,-2.44379043579102E-02
1,20.4,6.72659917082638,-2.50339508056641E-02
1,20.41,6.72993247071281,-2.26497650146484E-02
1,20.42,6.73326577059925,-2.26497650146484E-02
1,20.43,6.73659907048568,-1.96695327758789E-02
1,20.44,6.73993237037212,-2.26497650146484E-02
1,20.45,6.74326567025855,-2.14576721191406E-02
1,20.46,6.74993227003142,-2.02655792236328E-02
1,20.48,6.75326556991786,-1.54972076416016E-02
1,20.49,6.75659886980429,-1.54972076416016E-02
1,20.5,6.75993216969073,-1.66893005371094E-02
1,20.51,6.76326546957716,-0.019073486328125
1,20.52,6.7665987694636,-1.60932540893555E-02
1,20.53,6.76993206935003,-1.72853469848633E-02
1,20.54,6.77326536923647,-1.60932540893555E-02
1,20.55,6.7765986691229,-2.02655792236328E-02
1,20.56,6.77993196900934,-1.60932540893555E-02
1,20.57,6.78326526889578,-1.49011611938477E-02
1,20.58,6.78659856878221,-1.49011611938477E-02
1,20.59,6.78993186866865,-0.012516975402832
1,20.6,6.79326516855508,-1.13248825073242E-02
1,20.61,6.79993176832795,-9.5367431640625E-03
1,20.63,6.80326506821439,-2.38418579101563E-03
1,20.64,6.80659836810082,0
1,20.65,6.80993166798726,5.96046447753906E-04
1,20.66,6.81659826776013,-5.96046447753906E-04
1,20.67,6.81993156764656,-5.96046447753906E-04
1,20.69,6.823264867533,-1.78813934326172E-03
1,20.7,6.82993146730587,-1.19209289550781E-03
1,20.72,6.83326476719231,-5.36441802978516E-03
1,20.73,6.83993136696517,-7.15255737304688E-03
1,20.75,6.84326466685161,-8.94069671630859E-03
1,20.76,6.84993126662448,-5.96046447753906E-03
1,20.78,6.85326456651092,-8.34465026855469E-03
1,20.79,6.85659786639735,-7.74860382080078E-03
1,20.8,6.85993116628379,-7.15255737304688E-03
1,20.81,6.86326446617022,-1.07288360595703E-02
1,20.82,6.86993106594309,-9.5367431640625E-03
1,20.84,6.87326436582953,-1.19209289550781E-02
1,20.85,6.8799309656024,-0.012516975402832
1,20.86,6.88326426548883,-1.37090682983398E-02
1,20.87,6.88659756537527,-1.01327896118164E-02
1,20.89,6.8899308652617,-1.31130218505859E-02
1,20.9,6.89659746503457,-2.20537185668945E-02
1,20.91,6.89993076492101,-2.02655792236328E-02
1,20.93,6.90326406480744,-1.66893005371094E-02
1,20.94,6.90993066458032,-1.49011611938477E-02
1,20.95,6.91326396446675,-1.78813934326172E-02
1,20.96,6.91659726435319,-1.54972076416016E-02
1,20.97,6.91993056423962,-0.012516975402832
1,20.99,6.92326386412606,-1.66893005371094E-02
1,21,6.92993046389893,-1.31130218505859E-02
1,21.01,6.93326376378536,-1.43051147460938E-02
1,21.02,6.9365970636718,-1.19209289550781E-02
1,21.03,6.93993036355823,-1.19209289550781E-02
1,21.05,6.94326366344467,-0.012516975402832
1,21.06,6.94993026321754,-6.55651092529297E-03
1,21.07,6.95326356310397,-8.34465026855469E-03
1,21.09,6.95659686299041,-1.07288360595703E-02
1,21.1,6.96326346276328,-6.55651092529297E-03
1,21.11,6.96659676264971,-4.76837158203125E-03
1,21.12,6.96993006253615,-2.38418579101563E-03
1,21.13,6.97326336242259,-4.76837158203125E-03
1,21.14,6.97659666230902,-2.98023223876953E-03
1,21.15,6.97992996219546,-2.98023223876953E-03
1,21.16,6.98326326208189,-2.98023223876953E-03
1,21.17,6.98659656196833,-5.96046447753906E-03
1,21.19,6.98992986185476,-7.15255737304688E-03
1,21.2,6.99659646162763,-7.74860382080078E-03
1,21.21,6.99992976151407,-9.5367431640625E-03
1,21.22,7.0032630614005,-1.07288360595703E-02
1,21.23,7.00659636128694,-7.15255737304688E-03
1,21.24,7.00992966117337,-8.34465026855469E-03
1,21.25,7.01326296105981,-8.34465026855469E-03
1,21.26,7.01659626094624,-9.5367431640625E-03
1,21.27,7.01992956083268,-8.94069671630859E-03
1,21.29,7.02326286071911,-1.66893005371094E-02
1,21.3,7.02992946049199,-1.07288360595703E-02
1,21.31,7.03326276037842,-8.94069671630859E-03
1,21.32,7.03659606026486,-4.76837158203125E-03
1,21.33,7.03992936015129,-6.55651092529297E-03
1,21.34,7.04326266003773,-7.15255737304688E-03
1,21.35,7.04659595992416,-4.17232513427734E-03
1,21.36,7.0499292598106,-1.78813934326172E-03
1,21.37,7.05326255969703,0
1,21.38,7.05659585958347,-1.19209289550781E-03
1,21.39,7.0599291594699,0
1,21.4,7.06326245935634,-2.38418579101563E-03
1,21.41,7.06659575924277,-7.74860382080078E-03
1,21.42,7.06992905912921,-2.38418579101563E-03
1,21.43,7.07326235901564,-2.98023223876953E-03
1,21.44,7.07659565890208,0
1,21.45,7.07992895878852,5.96046447753906E-04
1,21.46,7.08326225867495,-3.57627868652344E-03
1,21.47,7.08659555856138,-5.36441802978516E-03
1,21.48,7.08992885844782,-5.96046447753906E-03
1,21.49,7.09326215833426,-5.96046447753906E-03
1,21.5,7.09659545822069,-6.55651092529297E-03
1,21.51,7.09992875810713,-8.34465026855469E-03
1,21.52,7.10326205799356,-7.15255737304688E-03
1,21.53,7.10659535788,-7.15255737304688E-03
1,21.54,7.10992865776643,-5.96046447753906E-03
1,21.55,7.11326195765287,-5.96046447753906E-03
1,21.56,7.1165952575393,-8.34465026855469E-03
1,21.57,7.11992855742574,-1.13248825073242E-02
1,21.58,7.12326185731217,-1.01327896118164E-02
1,21.59,7.12659515719861,-8.34465026855469E-03
1,21.6,7.12992845708504,-5.96046447753906E-03
1,21.61,7.13326175697148,-5.96046447753906E-03
1,21.62,7.13659505685791,-4.76837158203125E-03
1,21.63,7.13992835674435,-8.34465026855469E-03
1,21.64,7.14326165663078,-8.94069671630859E-03
1,21.65,7.14659495651722,-1.13248825073242E-02
1,21.66,7.14992825640365,-1.07288360595703E-02
1,21.67,7.15326155629009,-1.07288360595703E-02
1,21.68,7.15659485617653,-7.15255737304688E-03
1,21.69,7.15992815606296,-1.37090682983398E-02
1,21.7,7.1632614559494,-1.01327896118164E-02
1,21.71,7.16659475583583,-1.07288360595703E-02
1,21.72,7.16992805572227,-1.07288360595703E-02
1,21.73,7.1732613556087,-0.012516975402832
1,21.74,7.17659465549514,-0.012516975402832
1,21.75,7.17992795538157,-1.31130218505859E-02
1,21.76,7.18326125526801,-1.43051147460938E-02
1,21.77,7.18659455515444,-1.54972076416016E-02
1,21.78,7.18992785504088,-1.49011611938477E-02
1,21.79,7.19326115492731,-1.31130218505859E-02
1,21.8,7.19659445481375,-1.13248825073242E-02
1,21.81,7.19992775470018,-0.012516975402832
1,21.82,7.20326105458662,-0.019073486328125
1,21.83,7.20659435447305,-1.84774398803711E-02
1,21.84,7.20992765435949,-2.26497650146484E-02
1,21.85,7.21326095424593,-2.20537185668945E-02
1,21.86,7.21659425413236,-2.32458114624023E-02
1,21.87,7.2199275540188,-2.50339508056641E-02
1,21.88,7.22326085390523,-2.92062759399414E-02
1,21.89,7.22659415379167,-2.68220901489258E-02
1,21.9,7.2299274536781,-0.025629997253418
1,21.91,7.23326075356454,-2.20537185668945E-02
1,21.92,7.23659405345097,-2.32458114624023E-02
1,21.93,7.23992735333741,-2.14576721191406E-02
1,21.94,7.24326065322384,-2.32458114624023E-02
1,21.95,7.24659395311028,-2.14576721191406E-02
1,21.96,7.24992725299671,-2.26497650146484E-02
1,21.97,7.25326055288315,-1.49011611938477E-02
1,21.98,7.25659385276958,-1.43051147460938E-02
1,21.99,7.25992715265602,-1.37090682983398E-02
1,22,7.26326045254245,-0.012516975402832
1,22.01,7.26659375242889,-1.31130218505859E-02
1,22.02,7.26992705231532,-1.07288360595703E-02
1,22.03,7.27326035220176,-7.74860382080078E-03
1,22.04,7.2765936520882,-6.55651092529297E-03
1,22.05,7.27992695197463,-5.96046447753906E-03
1,22.06,7.28326025186107,-2.38418579101563E-03
1,22.07,7.2865935517475,-1.78813934326172E-03
1,22.08,7.28992685163394,-1.19209289550781E-03
1,22.09,7.29326015152037,-1.78813934326172E-03
1,22.1,7.29659345140681,0
1,22.11,7.29992675129324,2.98023223876953E-03
1,22.12,7.30326005117968,1.78813934326172E-03
1,22.13,7.30659335106611,4.17232513427734E-03
1,22.14,7.30992665095255,0
1,22.15,7.31325995083898,2.98023223876953E-03
1,22.16,7.31659325072542,3.57627868652344E-03
1,22.17,7.31992655061185,2.98023223876953E-03
1,22.18,7.32325985049829,-1.78813934326172E-03
1,22.19,7.32659315038473,-5.96046447753906E-04
1,22.2,7.32992645027116,-5.36441802978516E-03
1,22.21,7.33325975015759,-7.74860382080078E-03
1,22.22,7.33659305004403,-5.96046447753906E-03
1,22.23,7.33992634993047,-1.07288360595703E-02
1,22.24,7.3432596498169,-1.01327896118164E-02
1,22.25,7.34659294970334,-0.012516975402832
1,22.26,7.34992624958977,-9.5367431640625E-03
1,22.27,7.35325954947621,-9.5367431640625E-03
1,22.28,7.35659284936264,-9.5367431640625E-03
1,22.29,7.35992614924908,-1.13248825073242E-02
1,22.3,7.36325944913551,-9.5367431640625E-03
1,22.31,7.36659274902195,-1.19209289550781E-02
1,22.32,7.36992604890838,-1.07288360595703E-02
1,22.33,7.37325934879482,-1.31130218505859E-02
1,22.34,7.37659264868125,-1.13248825073242E-02
1,22.35,7.37992594856769,-1.37090682983398E-02
1,22.36,7.38325924845412,-1.31130218505859E-02
1,22.37,7.38659254834056,-1.13248825073242E-02
1,22.38,7.389925848227,-1.01327896118164E-02
1,22.39,7.39325914811343,-1.19209289550781E-02
1,22.4,7.39659244799986,-1.19209289550781E-02
1,22.41,7.3999257478863,-0.012516975402832
1,22.42,7.40325904777274,-1.19209289550781E-02
1,22.43,7.40659234765917,-1.60932540893555E-02
1,22.44,7.40992564754561,-0.012516975402832
1,22.45,7.41325894743204,-8.34465026855469E-03
1,22.46,7.41659224731848,-8.94069671630859E-03
1,22.47,7.41992554720491,-8.34465026855469E-03
1,22.48,7.42325884709135,-1.19209289550781E-02
1,22.49,7.42659214697778,-1.37090682983398E-02
1,22.5,7.42992544686422,-1.60932540893555E-02
1,22.51,7.43325874675065,-1.84774398803711E-02
1,22.52,7.43659204663709,-1.96695327758789E-02
1,22.53,7.43992534652352,-1.66893005371094E-02
1,22.54,7.44325864640996,-1.66893005371094E-02
1,22.55,7.44659194629639,-1.31130218505859E-02
1,22.56,7.44992524618283,-1.37090682983398E-02
1,22.57,7.45325854606926,-1.43051147460938E-02
1,22.58,7.4565918459557,-1.19209289550781E-02
1,22.59,7.45992514584214,-8.94069671630859E-03
1,22.6,7.46325844572857,-8.94069671630859E-03
1,22.61,7.46659174561501,-4.17232513427734E-03
1,22.62,7.46992504550144,-2.38418579101563E-03
1,22.63,7.47325834538788,-1.19209289550781E-03
1,22.64,7.47659164527431,4.17232513427734E-03
1,22.65,7.47992494516075,2.38418579101563E-03
1,22.66,7.48325824504718,5.36441802978516E-03
1,22.67,7.48659154493362,8.94069671630859E-03
1,22.68,7.48992484482005,7.15255737304688E-03
1,22.69,7.49325814470649,5.36441802978516E-03
1,22.7,7.49659144459292,4.17232513427734E-03
1,22.71,7.49992474447936,-2.38418579101563E-03
1,22.72,7.50325804436579,0
1,22.73,7.50659134425223,-5.36441802978516E-03
1,22.74,7.50992464413866,-6.55651092529297E-03
1,22.75,7.5132579440251,-6.55651092529297E-03
1,22.76,7.51659124391153,-5.36441802978516E-03
1,22.77,7.51992454379797,-9.5367431640625E-03
1,22.78,7.52325784368441,-1.31130218505859E-02
1,22.79,7.52659114357084,-9.5367431640625E-03
1,22.8,7.52992444345728,-1.43051147460938E-02
1,22.81,7.53325774334371,-4.17232513427734E-03
1,22.82,7.53659104323015,-6.55651092529297E-03
1,22.83,7.53992434311658,-4.76837158203125E-03
1,22.84,7.54325764300302,-7.74860382080078E-03
1,22.85,7.54659094288945,-8.34465026855469E-03
1,22.86,7.54992424277589,-3.57627868652344E-03
1,22.87,7.55325754266232,-2.98023223876953E-03
1,22.88,7.55659084254876,-4.17232513427734E-03
1,22.89,7.55992414243519,5.96046447753906E-04
1,22.9,7.56325744232163,0
1,22.91,7.56659074220806,0
1,22.92,7.5699240420945,1.19209289550781E-03
1,22.93,7.57325734198094,2.98023223876953E-03
1,22.94,7.57659064186737,5.36441802978516E-03
1,22.95,7.5799239417538,1.19209289550781E-03
1,22.96,7.58325724164024,0
1,22.97,7.58659054152668,0
1,22.98,7.58992384141311,5.36441802978516E-03
1,22.99,7.59325714129955,2.98023223876953E-03
1,23,7.59659044118598,-1.78813934326172E-03
1,23.01,7.59992374107242,2.38418579101563E-03
1,23.02,7.60325704095885,0
1,23.03,7.60659034084529,-1.78813934326172E-03
1,23.04,7.60992364073172,5.96046447753906E-04
1,23.05,7.61325694061816,-2.38418579101563E-03
1,23.06,7.61659024050459,-6.55651092529297E-03
1,23.07,7.61992354039103,-5.96046447753906E-03
1,23.08,7.62325684027746,-5.36441802978516E-03
1,23.09,7.6265901401639,-1.01327896118164E-02
1,23.1,7.62992344005033,-9.5367431640625E-03
1,23.11,7.63325673993677,-9.5367431640625E-03
1,23.12,7.63659003982321,-1.01327896118164E-02
1,23.13,7.63992333970964,-1.54972076416016E-02
1,23.14,7.64325663959607,-1.54972076416016E-02
1,23.15,7.64658993948251,-1.78813934326172E-02
1,23.16,7.64992323936895,-1.43051147460938E-02
1,23.17,7.65325653925538,-1.96695327758789E-02
1,23.18,7.65658983914182,-1.84774398803711E-02
1,23.19,7.65992313902825,-1.66893005371094E-02
1,23.2,7.66325643891469,-2.08616256713867E-02
1,23.21,7.66658973880112,-2.08616256713867E-02
1,23.22,7.66992303868756,-1.96695327758789E-02
1,23.23,7.67325633857399,-1.78813934326172E-02
1,23.24,7.67658963846043,-1.72853469848633E-02
1,23.25,7.67992293834686,-0.012516975402832
1,23.26,7.6832562382333,-1.07288360595703E-02
1,23.27,7.68658953811973,-7.15255737304688E-03
1,23.28,7.68992283800617,-8.34465026855469E-03
1,23.29,7.6932561378926,-4.17232513427734E-03
1,23.3,7.69658943777904,-6.55651092529297E-03
1,23.31,7.69992273766547,-5.36441802978516E-03
1,23.32,7.70325603755191,-5.36441802978516E-03
1,23.33,7.70658933743835,-5.96046447753906E-03
1,23.34,7.70992263732478,-1.01327896118164E-02
1,23.35,7.71325593721122,-8.34465026855469E-03
1,23.36,7.71658923709765,-6.55651092529297E-03
1,23.37,7.71992253698409,-8.94069671630859E-03
1,23.38,7.72325583687052,-4.17232513427734E-03
1,23.39,7.72658913675696,-2.38418579101563E-03
1,23.4,7.72992243664339,0
1,23.41,7.73325573652983,0
1,23.42,7.73658903641626,-4.76837158203125E-03
1,23.43,7.7399223363027,-3.57627868652344E-03
1,23.44,7.74325563618913,-5.96046447753906E-03
1,23.45,7.74658893607557,-4.76837158203125E-03
1,23.46,7.749922235962,-1.19209289550781E-03
1,23.47,7.75325553584844,-5.96046447753906E-04
1,23.48,7.75658883573487,3.57627868652344E-03
1,23.49,7.75992213562131,5.96046447753906E-03
1,23.5,7.76325543550774,8.34465026855469E-03
1,23.51,7.76658873539418,9.5367431640625E-03
1,23.52,7.76992203528062,1.07288360595703E-02
1,23.53,7.77325533516705,8.34465026855469E-03
1,23.54,7.77658863505349,9.5367431640625E-03
1,23.55,7.77992193493992,8.34465026855469E-03
1,23.56,7.78325523482636,9.5367431640625E-03
1,23.57,7.78658853471279,8.34465026855469E-03
1,23.58,7.78992183459923,4.76837158203125E-03
1,23.59,7.79325513448566,9.5367431640625E-03
1,23.6,7.7965884343721,7.15255737304688E-03
1,23.61,7.79992173425853,2.38418579101563E-03
1,23.62,7.80325503414497,8.34465026855469E-03
1,23.63,7.8065883340314,6.55651092529297E-03
1,23.64,7.80992163391784,7.74860382080078E-03
1,23.65,7.81325493380427,0.012516975402832
1,23.66,7.81658823369071,7.74860382080078E-03
1,23.67,7.81992153357715,1.01327896118164E-02
1,23.68,7.82325483346358,5.96046447753906E-03
1,23.69,7.82658813335002,2.38418579101563E-03
1,23.7,7.82992143323645,2.98023223876953E-03
1,23.71,7.83325473312289,3.57627868652344E-03
1,23.72,7.83658803300932,3.57627868652344E-03
1,23.73,7.83992133289576,3.57627868652344E-03
1,23.74,7.84325463278219,5.36441802978516E-03
1,23.75,7.84658793266863,1.19209289550781E-03
1,23.76,7.84992123255506,0
1,23.77,7.8532545324415,2.98023223876953E-03
1,23.78,7.85658783232793,-1.78813934326172E-03
1,23.79,7.85992113221437,1.78813934326172E-03
1,23.8,7.8632544321008,-1.19209289550781E-03
1,23.81,7.86658773198724,-3.57627868652344E-03
1,23.82,7.86992103187367,-1.78813934326172E-03
1,23.83,7.87325433176011,0
1,23.84,7.87658763164654,-5.96046447753906E-03
1,23.85,7.87992093153298,-4.76837158203125E-03
1,23.86,7.88325423141941,-1.13248825073242E-02
1,23.87,7.88658753130585,-1.13248825073242E-02
1,23.88,7.88992083119228,-1.01327896118164E-02
1,23.89,7.89325413107872,-7.74860382080078E-03
1,23.9,7.89658743096516,-1.07288360595703E-02
1,23.91,7.89992073085159,-1.37090682983398E-02
1,23.92,7.90325403073803,-1.43051147460938E-02
1,23.93,7.90658733062446,-1.54972076416016E-02
1,23.94,7.9099206305109,-1.54972076416016E-02
1,23.95,7.91325393039733,-1.72853469848633E-02
1,23.96,7.91658723028377,-1.54972076416016E-02
1,23.97,7.9199205301702,-2.08616256713867E-02
1,23.98,7.92325383005664,-1.96695327758789E-02
1,23.99,7.92658712994307,-2.38418579101563E-02
1,24,7.92992042982951,-2.74181365966797E-02
1,24.01,7.93325372971594,-2.86102294921875E-02
1,24.02,7.93658702960238,-2.68220901489258E-02
1,24.03,7.93992032948881,-2.92062759399414E-02
1,24.04,7.94325362937525,-2.68220901489258E-02
1,24.05,7.94658692926169,-2.80141830444336E-02
1,24.06,7.94992022914812,-0.025629997253418
1,24.07,7.95325352903456,-2.26497650146484E-02
1,24.08,7.95658682892099,-2.62260437011719E-02
1,24.09,7.95992012880743,-2.62260437011719E-02
1,24.1,7.96325342869386,-2.86102294921875E-02
1,24.11,7.9665867285803,-2.74181365966797E-02
1,24.12,7.96992002846673,-2.98023223876953E-02
1,24.13,7.97325332835317,-0.031590461730957
1,24.14,7.9765866282396,-2.92062759399414E-02
1,24.15,7.97991992812604,-0.031590461730957
1,24.16,7.98325322801247,-3.33786010742188E-02
1,24.17,7.98658652789891,-3.69548797607422E-02
1,24.18,7.98991982778534,-3.33786010742188E-02
1,24.19,7.99325312767178,-0.031590461730957
1,24.2,7.99658642755821,-2.86102294921875E-02
1,24.21,7.99991972744465,-2.50339508056641E-02
1,24.22,8.00325302733108,-2.44379043579102E-02
1,24.23,8.00658632721752,-2.38418579101563E-02
1,24.24,8.00991962710395,-2.32458114624023E-02
1,24.25,8.01325292699039,-2.32458114624023E-02
1,24.26,8.01658622687683,-2.32458114624023E-02
1,24.27,8.01991952676326,-2.38418579101563E-02
1,24.28,8.0232528266497,-2.20537185668945E-02
1,24.29,8.02658612653613,-2.02655792236328E-02
1,24.3,8.02991942642257,-1.84774398803711E-02
1,24.31,8.033252726309,-1.49011611938477E-02
1,24.32,8.03658602619544,-1.37090682983398E-02
1,24.33,8.03991932608187,-1.43051147460938E-02
1,24.34,8.04325262596831,-1.01327896118164E-02
1,24.35,8.04658592585474,-1.07288360595703E-02
1,24.36,8.04991922574118,-1.13248825073242E-02
1,24.37,8.05325252562761,-1.07288360595703E-02
1,24.38,8.05658582551405,-1.19209289550781E-02
1,24.39,8.05991912540048,-8.34465026855469E-03
1,24.4,8.06325242528692,-0.012516975402832
1,24.41,8.06658572517335,-0.012516975402832
1,24.42,8.06991902505979,-1.49011611938477E-02
1,24.43,8.07325232494623,-1.54972076416016E-02
1,24.44,8.07658562483266,-1.60932540893555E-02
1,24.45,8.0799189247191,-1.54972076416016E-02
1,24.46,8.08325222460553,-1.72853469848633E-02
1,24.47,8.08658552449197,-1.84774398803711E-02
1,24.48,8.0899188243784,-1.66893005371094E-02
1,24.49,8.09325212426484,-1.54972076416016E-02
1,24.5,8.09658542415127,-1.54972076416016E-02
1,24.51,8.09991872403771,-1.60932540893555E-02
1,24.52,8.10325202392414,-1.43051147460938E-02
1,24.53,8.10658532381058,-1.43051147460938E-02
1,24.54,8.10991862369701,-1.31130218505859E-02
1,24.55,8.11325192358345,-1.31130218505859E-02
1,24.56,8.11658522346988,-1.66893005371094E-02
1,24.57,8.11991852335632,-2.08616256713867E-02
1,24.58,8.12325182324276,-1.84774398803711E-02
1,24.59,8.12658512312919,-1.96695327758789E-02
1,24.6,8.12991842301562,-2.08616256713867E-02
1,24.61,8.13325172290206,-1.72853469848633E-02
1,24.62,8.13658502278849,-1.96695327758789E-02
1,24.63,8.13991832267493,-1.60932540893555E-02
1,24.64,8.14325162256137,-2.08616256713867E-02
1,24.65,8.1465849224478,-2.14576721191406E-02
1,24.66,8.14991822233424,-1.60932540893555E-02
1,24.67,8.15325152222067,-1.43051147460938E-02
1,24.68,8.15658482210711,-1.37090682983398E-02
1,24.69,8.15991812199354,-1.07288360595703E-02
1,24.7,8.16325142187998,-1.43051147460938E-02
1,24.71,8.16658472176641,-1.19209289550781E-02
1,24.72,8.16991802165285,-1.01327896118164E-02
1,24.73,8.17325132153928,-1.19209289550781E-02
1,24.74,8.17658462142572,-1.43051147460938E-02
1,24.75,8.17991792131215,-2.14576721191406E-02
1,24.76,8.18325122119859,-2.50339508056641E-02
1,24.77,8.18658452108502,-2.14576721191406E-02
1,24.78,8.18991782097146,-2.26497650146484E-02
1,24.79,8.19325112085789,-2.08616256713867E-02
1,24.8,8.19658442074433,-2.44379043579102E-02
1,24.81,8.19991772063077,-1.96695327758789E-02
1,24.82,8.2032510205172,-2.20537185668945E-02
1,24.83,8.20658432040364,-1.78813934326172E-02
1,24.84,8.20991762029007,-1.96695327758789E-02
1,24.85,8.21325092017651,-1.43051147460938E-02
1,24.86,8.21658422006294,-1.13248825073242E-02
1,24.87,8.21991751994938,-1.72853469848633E-02
1,24.88,8.22325081983581,-1.60932540893555E-02
1,24.89,8.22658411972225,-1.66893005371094E-02
1,24.9,8.22991741960868,-1.49011611938477E-02
1,24.91,8.23325071949512,-1.84774398803711E-02
1,24.92,8.23658401938155,-1.43051147460938E-02
1,24.93,8.23991731926799,-1.07288360595703E-02
1,24.94,8.24325061915443,-1.31130218505859E-02
1,24.95,8.24658391904086,-1.84774398803711E-02
1,24.96,8.24991721892729,-1.96695327758789E-02
1,24.97,8.25325051881373,-2.32458114624023E-02
1,24.98,8.25658381870016,-0.019073486328125
1,24.99,8.2599171185866,-2.26497650146484E-02
1,25,8.26325041847304,-2.32458114624023E-02
1,25.01,8.26658371835947,-0.025629997253418
1,25.02,8.26991701824591,-2.32458114624023E-02
1,25.03,8.27325031813234,-1.96695327758789E-02
1,25.04,8.27658361801878,-2.02655792236328E-02
1,25.05,8.27991691790521,-1.84774398803711E-02
1,25.06,8.28325021779165,-1.54972076416016E-02
1,25.07,8.28658351767808,-1.43051147460938E-02
1,25.08,8.28991681756452,-1.37090682983398E-02
1,25.09,8.29325011745095,-1.43051147460938E-02
1,25.1,8.29658341733739,-1.49011611938477E-02
1,25.11,8.29991671722382,-1.54972076416016E-02
1,25.12,8.30325001711026,-7.74860382080078E-03
1,25.13,8.30658331699669,-7.74860382080078E-03
1,25.14,8.30991661688313,-5.96046447753906E-03
1,25.15,8.31324991676956,-8.34465026855469E-03
1,25.16,8.316583216656,-6.55651092529297E-03
1,25.17,8.31991651654244,-6.55651092529297E-03
1,25.18,8.32324981642887,-6.55651092529297E-03
1,25.19,8.32658311631531,-5.36441802978516E-03
1,25.2,8.32991641620174,-2.98023223876953E-03
1,25.21,8.33324971608818,-3.57627868652344E-03
1,25.22,8.33658301597461,-2.98023223876953E-03
1,25.23,8.33991631586105,-4.17232513427734E-03
1,25.24,8.34324961574748,-2.98023223876953E-03
1,25.25,8.34658291563392,-5.96046447753906E-03
1,25.26,8.34991621552035,-4.17232513427734E-03
1,25.27,8.35324951540679,-2.98023223876953E-03
1,25.28,8.35658281529322,-5.96046447753906E-03
1,25.29,8.35991611517966,-7.74860382080078E-03
1,25.3,8.36324941506609,-1.19209289550781E-02
1,25.31,8.36658271495253,-1.37090682983398E-02
1,25.32,8.36991601483897,-8.34465026855469E-03
1,25.33,8.3732493147254,-9.5367431640625E-03
1,25.34,8.37658261461183,-8.94069671630859E-03
1,25.35,8.37991591449827,-0.012516975402832
1,25.36,8.3832492143847,-1.13248825073242E-02
1,25.37,8.38658251427114,-1.72853469848633E-02
1,25.38,8.38991581415758,-1.84774398803711E-02
1,25.39,8.39324911404401,-1.84774398803711E-02
1,25.4,8.39658241393045,-0.019073486328125
1,25.41,8.39991571381688,-0.019073486328125
1,25.42,8.40324901370332,-1.96695327758789E-02
1,25.43,8.40658231358975,-2.08616256713867E-02
1,25.44,8.40991561347619,-2.02655792236328E-02
1,25.45,8.41324891336262,-2.68220901489258E-02
1,25.46,8.41658221324906,-2.38418579101563E-02
1,25.47,8.41991551313549,-2.50339508056641E-02
1,25.48,8.42324881302193,-2.80141830444336E-02
1,25.49,8.42658211290836,-2.92062759399414E-02
1,25.5,8.4299154127948,-3.27825546264648E-02
1,25.51,8.43324871268123,-3.51667404174805E-02
1,25.52,8.43658201256767,-3.09944152832031E-02
1,25.53,8.4399153124541,-3.27825546264648E-02
1,25.54,8.44324861234054,-3.45706939697266E-02
1,25.55,8.44658191222698,-3.45706939697266E-02
1,25.56,8.44991521211341,-3.03983688354492E-02
1,25.57,8.45324851199985,-3.39746475219727E-02
1,25.58,8.45658181188628,-3.27825546264648E-02
1,25.59,8.45991511177272,-3.33786010742188E-02
1,25.6,8.46324841165915,-2.86102294921875E-02
1,25.61,8.46658171154559,-2.98023223876953E-02
1,25.62,8.46991501143202,-2.50339508056641E-02
1,25.63,8.47324831131846,-2.62260437011719E-02
1,25.64,8.47658161120489,-2.08616256713867E-02
1,25.65,8.47991491109133,-2.20537185668945E-02
1,25.66,8.48324821097776,-2.20537185668945E-02
1,25.67,8.4865815108642,-1.96695327758789E-02
1,25.68,8.48991481075064,-0.019073486328125
1,25.69,8.49324811063707,-1.43051147460938E-02
1,25.7,8.4965814105235,-1.19209289550781E-02
1,25.71,8.49991471040994,-1.07288360595703E-02
1,25.72,8.50324801029637,-1.13248825073242E-02
1,25.73,8.50658131018281,-7.15255737304688E-03
1,25.74,8.50991461006925,-5.36441802978516E-03
1,25.75,8.51324790995568,-8.34465026855469E-03
1,25.76,8.51658120984212,-5.96046447753906E-03
1,25.77,8.51991450972855,-8.34465026855469E-03
1,25.78,8.52324780961499,-8.94069671630859E-03
1,25.79,8.52658110950142,-1.19209289550781E-02
1,25.8,8.52991440938786,-1.37090682983398E-02
1,25.81,8.53324770927429,-1.72853469848633E-02
1,25.82,8.53658100916073,-1.72853469848633E-02
1,25.83,8.53991430904716,-1.72853469848633E-02
1,25.84,8.5432476089336,-2.20537185668945E-02
1,25.85,8.54658090882003,-2.20537185668945E-02
1,25.86,8.54991420870647,-2.14576721191406E-02
1,25.87,8.5532475085929,-2.32458114624023E-02
1,25.88,8.55658080847934,-2.44379043579102E-02
1,25.89,8.55991410836577,-2.62260437011719E-02
1,25.9,8.56324740825221,-2.98023223876953E-02
1,25.91,8.56658070813865,-2.98023223876953E-02
1,25.92,8.56991400802508,-2.80141830444336E-02
1,25.93,8.57324730791152,-2.92062759399414E-02
1,25.94,8.57658060779795,-3.21865081787109E-02
1,25.95,8.57991390768439,-3.27825546264648E-02
1,25.96,8.58324720757082,-2.80141830444336E-02
1,25.97,8.58658050745726,-2.80141830444336E-02
1,25.98,8.58991380734369,-2.68220901489258E-02
1,25.99,8.59324710723013,-2.32458114624023E-02
1,26,8.59658040711656,-1.54972076416016E-02
1,26.01,8.599913707003,-1.72853469848633E-02
1,26.02,8.60324700688943,-1.01327896118164E-02
1,26.03,8.60658030677587,-1.19209289550781E-02
1,26.04,8.6099136066623,-1.07288360595703E-02
1,26.05,8.61324690654874,-1.19209289550781E-02
1,26.06,8.61658020643518,-1.13248825073242E-02
1,26.07,8.61991350632161,-6.55651092529297E-03
1,26.08,8.62324680620804,-3.57627868652344E-03
1,26.09,8.62658010609448,-4.76837158203125E-03
1,26.1,8.62991340598091,-4.76837158203125E-03
1,26.11,8.63324670586735,-5.96046447753906E-04
1,26.12,8.63658000575379,-4.76837158203125E-03
1,26.13,8.63991330564022,-5.96046447753906E-03
1,26.14,8.64324660552666,-5.96046447753906E-03
1,26.15,8.64657990541309,-1.19209289550781E-02
1,26.16,8.64991320529953,-1.19209289550781E-02
1,26.17,8.65324650518596,-0.012516975402832
1,26.18,8.6565798050724,-1.49011611938477E-02
1,26.19,8.65991310495883,-1.66893005371094E-02
1,26.2,8.66324640484527,-2.02655792236328E-02
1,26.21,8.6665797047317,-2.26497650146484E-02
1,26.22,8.66991300461814,-2.74181365966797E-02
1,26.23,8.67324630450457,-2.74181365966797E-02
1,26.24,8.67657960439101,-2.92062759399414E-02
1,26.25,8.67991290427744,-2.98023223876953E-02
1,26.26,8.68324620416388,-3.27825546264648E-02
1,26.27,8.68657950405031,-3.39746475219727E-02
1,26.28,8.68991280393675,-3.21865081787109E-02
1,26.29,8.69324610382319,-3.21865081787109E-02
1,26.3,8.69657940370962,-2.80141830444336E-02
1,26.31,8.69991270359606,-2.92062759399414E-02
1,26.32,8.70324600348249,-2.86102294921875E-02
1,26.33,8.70657930336893,-3.03983688354492E-02
1,26.34,8.70991260325536,-2.80141830444336E-02
1,26.35,8.7132459031418,-3.09944152832031E-02
1,26.36,8.71657920302823,-3.03983688354492E-02
1,26.37,8.71991250291467,-3.09944152832031E-02
1,26.38,8.7232458028011,-0.031590461730957
1,26.39,8.72657910268754,-2.98023223876953E-02
1,26.4,8.72991240257397,-3.21865081787109E-02
1,26.41,8.73324570246041,-3.21865081787109E-02
1,26.42,8.73657900234685,-2.68220901489258E-02
1,26.43,8.73991230223328,-2.92062759399414E-02
1,26.44,8.74324560211971,-3.27825546264648E-02
1,26.45,8.74657890200615,-3.57627868652344E-02
1,26.46,8.74991220189258,-0.031590461730957
1,26.47,8.75324550177902,-3.27825546264648E-02
1,26.48,8.75657880166546,-2.68220901489258E-02
1,26.49,8.75991210155189,-2.74181365966797E-02
1,26.5,8.76324540143833,-2.92062759399414E-02
1,26.51,8.76657870132476,-2.98023223876953E-02
1,26.52,8.7699120012112,-2.86102294921875E-02
1,26.53,8.77324530109763,-2.44379043579102E-02
1,26.54,8.77657860098407,-2.68220901489258E-02
1,26.55,8.7799119008705,-3.09944152832031E-02
1,26.56,8.78324520075694,-2.80141830444336E-02
1,26.57,8.78657850064337,-3.69548797607422E-02
1,26.58,8.78991180052981,-3.39746475219727E-02
1,26.59,8.79324510041624,-3.57627868652344E-02
1,26.6,8.79657840030268,-3.33786010742188E-02
1,26.61,8.79991170018911,-3.51667404174805E-02
1,26.62,8.80324500007555,-3.69548797607422E-02
1,26.63,8.80657829996198,-3.87430191040039E-02
1,26.64,8.80991159984842,-3.27825546264648E-02
1,26.65,8.81324489973486,-3.45706939697266E-02
1,26.66,8.81657819962129,-3.75509262084961E-02
1,26.67,8.81991149950773,-3.63588333129883E-02
1,26.68,8.82324479939416,-3.39746475219727E-02
1,26.69,8.8265780992806,-0.03814697265625
1,26.7,8.82991139916703,-3.45706939697266E-02
1,26.71,8.83324469905347,-3.75509262084961E-02
1,26.72,8.8365779989399,-3.99351119995117E-02
1,26.73,8.83991129882634,-3.75509262084961E-02
1,26.74,8.84324459871277,-4.17232513427734E-02
1,26.75,8.84657789859921,-4.29153442382813E-02
1,26.76,8.84991119848564,-3.99351119995117E-02
1,26.77,8.85324449837208,-3.87430191040039E-02
1,26.78,8.85657779825851,-3.75509262084961E-02
1,26.79,8.85991109814495,-3.51667404174805E-02
1,26.8,8.86324439803139,-3.27825546264648E-02
1,26.81,8.86657769791782,-3.33786010742188E-02
1,26.82,8.86991099780425,-3.21865081787109E-02
1,26.83,8.87324429769069,-3.21865081787109E-02
1,26.84,8.87657759757712,-0.031590461730957
1,26.85,8.87991089746356,-3.33786010742188E-02
1,26.86,8.88324419735,-3.27825546264648E-02
1,26.87,8.88657749723643,-3.69548797607422E-02
1,26.88,8.88991079712287,-3.63588333129883E-02
1,26.89,8.8932440970093,-0.03814697265625
1,26.9,8.89657739689574,-3.87430191040039E-02
1,26.91,8.89991069678217,-0.03814697265625
1,26.92,8.90324399666861,-0.031590461730957
1,26.93,8.90657729655504,-2.80141830444336E-02
1,26.94,8.90991059644148,-3.39746475219727E-02
1,26.95,8.91324389632791,-2.86102294921875E-02
1,26.96,8.91657719621435,-2.98023223876953E-02
1,26.97,8.91991049610078,-3.09944152832031E-02
1,26.98,8.92324379598722,-3.03983688354492E-02
1,26.99,8.92657709587365,-3.03983688354492E-02
1,27,8.92991039576009,-3.03983688354492E-02
1,27.01,8.93324369564652,-3.27825546264648E-02
1,27.02,8.93657699553296,-3.21865081787109E-02
1,27.03,8.9399102954194,-3.21865081787109E-02
1,27.04,8.94324359530583,-3.33786010742188E-02
1,27.05,8.94657689519227,-3.45706939697266E-02
1,27.06,8.9499101950787,-3.45706939697266E-02
1,27.07,8.95324349496514,-2.92062759399414E-02
1,27.08,8.95657679485157,-2.74181365966797E-02
1,27.09,8.95991009473801,-3.03983688354492E-02
1,27.1,8.96324339462444,-3.03983688354492E-02
1,27.11,8.96657669451088,-2.80141830444336E-02
1,27.12,8.96990999439731,-2.62260437011719E-02
1,27.13,8.97324329428375,-2.92062759399414E-02
1,27.14,8.97657659417018,-2.80141830444336E-02
1,27.15,8.97990989405662,-3.03983688354492E-02
1,27.16,8.98324319394306,-3.63588333129883E-02
1,27.17,8.98657649382949,-3.51667404174805E-02
1,27.18,8.98990979371592,-0.03814697265625
1,27.19,8.99324309360236,-3.75509262084961E-02
1,27.2,8.99657639348879,-3.87430191040039E-02
1,27.21,8.99990969337523,-3.93390655517578E-02
1,27.22,9.00324299326167,-3.93390655517578E-02
1,27.23,9.0065762931481,-3.99351119995117E-02
1,27.24,9.00990959303454,-3.99351119995117E-02
1,27.25,9.01324289292097,-3.69548797607422E-02
1,27.26,9.01657619280741,-3.45706939697266E-02
1,27.27,9.01990949269384,-3.75509262084961E-02
1,27.28,9.02324279258028,-3.75509262084961E-02
1,27.29,9.02657609246671,-3.45706939697266E-02
1,27.3,9.02990939235315,-3.69548797607422E-02
1,27.31,9.03324269223958,-3.51667404174805E-02
1,27.32,9.03657599212602,-3.75509262084961E-02
1,27.33,9.03990929201245,-3.87430191040039E-02
1,27.34,9.04324259189889,-3.87430191040039E-02
1,27.35,9.04657589178532,-3.93390655517578E-02
1,27.36,9.04990919167176,-0.03814697265625
1,27.37,9.05324249155819,-4.05311584472656E-02
1,27.38,9.05657579144463,-3.75509262084961E-02
1,27.39,9.05990909133107,-3.99351119995117E-02
1,27.4,9.0632423912175,-3.87430191040039E-02
1,27.41,9.06657569110394,-0.03814697265625
1,27.42,9.06990899099037,-4.29153442382813E-02
1,27.43,9.07324229087681,-4.41074371337891E-02
1,27.44,9.07657559076324,-4.58955764770508E-02
1,27.45,9.07990889064968,-4.88758087158203E-02
1,27.46,9.08324219053611,-5.00679016113281E-02
1,27.47,9.08657549042255,-4.88758087158203E-02
1,27.48,9.08990879030898,-4.76837158203125E-02
1,27.49,9.09324209019542,-4.76837158203125E-02
1,27.5,9.09657539008185,-4.94718551635742E-02
1,27.51,9.09990868996829,-4.70876693725586E-02
1,27.52,9.10324198985472,-4.58955764770508E-02
1,27.53,9.10657528974116,-4.17232513427734E-02
1,27.54,9.1099085896276,-3.99351119995117E-02
1,27.55,9.11324188951403,-3.87430191040039E-02
1,27.56,9.11657518940046,-3.69548797607422E-02
1,27.57,9.1199084892869,-3.57627868652344E-02
1,27.58,9.12324178917333,-3.69548797607422E-02
1,27.59,9.12657508905977,-3.57627868652344E-02
1,27.6,9.12990838894621,-3.39746475219727E-02
1,27.61,9.13324168883264,-0.031590461730957
1,27.62,9.13657498871908,-0.031590461730957
1,27.63,9.13990828860551,-2.80141830444336E-02
1,27.64,9.14324158849195,-2.62260437011719E-02
1,27.65,9.14657488837838,-0.025629997253418
1,27.66,9.14990818826482,-2.26497650146484E-02
1,27.67,9.15324148815125,-2.08616256713867E-02
1,27.68,9.15657478803769,-1.96695327758789E-02
1,27.69,9.15990808792412,-2.38418579101563E-02
1,27.7,9.16324138781056,-2.44379043579102E-02
1,27.71,9.16657468769699,-0.025629997253418
1,27.72,9.16990798758343,-2.80141830444336E-02
1,27.73,9.17324128746986,-2.92062759399414E-02
1,27.74,9.1765745873563,-3.33786010742188E-02
1,27.75,9.17990788724273,-3.33786010742188E-02
1,27.76,9.18324118712917,-3.21865081787109E-02
1,27.77,9.18657448701561,-3.51667404174805E-02
1,27.78,9.18990778690204,-3.75509262084961E-02
1,27.79,9.19324108678848,-3.33786010742188E-02
1,27.8,9.19657438667491,-3.69548797607422E-02
1,27.81,9.19990768656135,-3.39746475219727E-02
1,27.82,9.20324098644778,-3.57627868652344E-02
1,27.83,9.20657428633422,-0.031590461730957
1,27.84,9.20990758622065,-3.09944152832031E-02
1,27.85,9.21324088610709,-2.98023223876953E-02
1,27.86,9.21657418599352,-2.98023223876953E-02
1,27.87,9.21990748587996,-2.98023223876953E-02
1,27.88,9.22324078576639,-2.74181365966797E-02
1,27.89,9.22657408565283,-2.38418579101563E-02
1,27.9,9.22990738553927,-2.32458114624023E-02
1,27.91,9.2332406854257,-2.14576721191406E-02
1,27.92,9.23657398531213,-2.26497650146484E-02
1,27.93,9.23990728519857,-1.54972076416016E-02
1,27.94,9.243240585085,-1.84774398803711E-02
1,27.95,9.24657388497144,-1.54972076416016E-02
1,27.96,9.24990718485788,-1.66893005371094E-02
1,27.97,9.25324048474431,-2.38418579101563E-02
1,27.98,9.25657378463075,-0.019073486328125
1,27.99,9.25990708451718,-2.14576721191406E-02
1,28,9.26324038440362,-1.78813934326172E-02
1,28.01,9.26657368429005,-2.02655792236328E-02
1,28.02,9.26990698417649,-2.68220901489258E-02
1,28.03,9.27324028406292,-0.025629997253418
1,28.04,9.27657358394936,-3.33786010742188E-02
1,28.05,9.27990688383579,-3.45706939697266E-02
1,28.06,9.28324018372223,-0.03814697265625
1,28.07,9.28657348360866,-3.63588333129883E-02
1,28.08,9.2899067834951,-3.69548797607422E-02
1,28.09,9.29324008338153,-3.57627868652344E-02
1,28.1,9.29657338326797,-2.92062759399414E-02
1,28.11,9.2999066831544,-2.98023223876953E-02
1,28.12,9.30323998304084,-0.031590461730957
1,28.13,9.30657328292728,-2.98023223876953E-02
1,28.14,9.30990658281371,-2.98023223876953E-02
1,28.15,9.31323988270015,-2.92062759399414E-02
1,28.16,9.31657318258658,-2.62260437011719E-02
1,28.17,9.31990648247302,-2.86102294921875E-02
1,28.18,9.32323978235945,-2.98023223876953E-02
1,28.19,9.32657308224589,-2.92062759399414E-02
1,28.2,9.32990638213232,-2.62260437011719E-02
1,28.21,9.33323968201876,-2.32458114624023E-02
1,28.22,9.33657298190519,-2.32458114624023E-02
1,28.23,9.33990628179163,-2.92062759399414E-02
1,28.24,9.34323958167806,-2.92062759399414E-02
1,28.25,9.3465728815645,-2.98023223876953E-02
1,28.26,9.34990618145093,-2.92062759399414E-02
1,28.27,9.35323948133737,-2.68220901489258E-02
1,28.28,9.35657278122381,-2.68220901489258E-02
1,28.29,9.35990608111024,-2.92062759399414E-02
1,28.3,9.36323938099667,-2.98023223876953E-02
1,28.31,9.36657268088311,-2.80141830444336E-02
1,28.32,9.36990598076954,-3.09944152832031E-02
1,28.33,9.37323928065598,-2.86102294921875E-02
1,28.34,9.37657258054242,-3.21865081787109E-02
1,28.35,9.37990588042885,-0.031590461730957
1,28.36,9.38323918031529,-3.39746475219727E-02
1,28.37,9.38657248020172,-3.45706939697266E-02
1,28.38,9.38990578008816,-3.03983688354492E-02
1,28.39,9.39323907997459,-3.03983688354492E-02
1,28.4,9.39657237986103,-2.80141830444336E-02
1,28.41,9.39990567974746,-2.86102294921875E-02
1,28.42,9.4032389796339,-2.62260437011719E-02
1,28.43,9.40657227952033,-2.86102294921875E-02
1,28.44,9.40990557940677,-2.86102294921875E-02
1,28.45,9.4132388792932,-2.92062759399414E-02
1,28.46,9.41657217917964,-0.025629997253418
1,28.47,9.41990547906607,-2.98023223876953E-02
1,28.48,9.42323877895251,-3.27825546264648E-02
1,28.49,9.42657207883894,-3.27825546264648E-02
1,28.5,9.42990537872538,-2.98023223876953E-02
1,28.51,9.43323867861182,-2.68220901489258E-02
1,28.52,9.43657197849825,-2.98023223876953E-02
1,28.53,9.43990527838469,-2.32458114624023E-02
1,28.54,9.44323857827112,-2.20537185668945E-02
1,28.55,9.44657187815756,-2.38418579101563E-02
1,28.56,9.44990517804399,-2.44379043579102E-02
1,28.57,9.45323847793043,-2.02655792236328E-02
1,28.58,9.45657177781686,-2.32458114624023E-02
1,28.59,9.4599050777033,-0.025629997253418
1,28.6,9.46323837758973,-2.98023223876953E-02
1,28.61,9.46657167747617,-3.03983688354492E-02
1,28.62,9.4699049773626,-2.68220901489258E-02
1,28.63,9.47323827724904,-2.20537185668945E-02
1,28.64,9.47657157713548,-2.38418579101563E-02
1,28.65,9.47990487702191,-2.20537185668945E-02
1,28.66,9.48323817690834,-2.14576721191406E-02
1,28.67,9.48657147679478,-2.32458114624023E-02
1,28.68,9.48990477668121,-2.08616256713867E-02
1,28.69,9.49323807656765,-1.78813934326172E-02
1,28.7,9.49657137645409,-1.84774398803711E-02
1,28.71,9.49990467634052,-2.02655792236328E-02
1,28.72,9.50323797622696,-2.26497650146484E-02
1,28.73,9.50657127611339,-2.26497650146484E-02
1,28.74,9.50990457599983,-2.50339508056641E-02
1,28.75,9.51323787588626,-2.50339508056641E-02
1,28.76,9.5165711757727,-2.68220901489258E-02
1,28.77,9.51990447565913,-2.68220901489258E-02
1,28.78,9.52323777554557,-2.62260437011719E-02
1,28.79,9.526571075432,-2.86102294921875E-02
1,28.8,9.52990437531844,-0.025629997253418
1,28.81,9.53323767520487,-2.68220901489258E-02
1,28.82,9.53657097509131,-2.74181365966797E-02
1,28.83,9.53990427497774,-2.92062759399414E-02
1,28.84,9.54323757486418,-2.68220901489258E-02
1,28.85,9.54657087475061,-3.09944152832031E-02
1,28.86,9.54990417463705,-2.68220901489258E-02
1,28.87,9.55323747452349,-2.86102294921875E-02
1,28.88,9.55657077440992,-2.98023223876953E-02
1,28.89,9.55990407429636,-3.27825546264648E-02
1,28.9,9.56323737418279,-3.03983688354492E-02
1,28.91,9.56657067406923,-2.74181365966797E-02
1,28.92,9.56990397395566,-2.74181365966797E-02
1,28.93,9.5732372738421,-2.38418579101563E-02
1,28.94,9.57657057372853,-2.44379043579102E-02
1,28.95,9.57990387361497,-2.44379043579102E-02
1,28.96,9.5832371735014,-2.50339508056641E-02
1,28.97,9.58657047338784,-2.50339508056641E-02
1,28.98,9.58990377327427,-1.84774398803711E-02
1,28.99,9.59323707316071,-1.96695327758789E-02
1,29,9.59657037304714,-1.78813934326172E-02
1,29.01,9.59990367293358,-0.012516975402832
1,29.02,9.60323697282002,-1.66893005371094E-02
1,29.03,9.60657027270645,-1.72853469848633E-02
1,29.04,9.60990357259288,-1.84774398803711E-02
1,29.05,9.61323687247932,-1.60932540893555E-02
1,29.06,9.61657017236575,-1.66893005371094E-02
1,29.07,9.61990347225219,-2.08616256713867E-02
1,29.08,9.62323677213863,-2.08616256713867E-02
1,29.09,9.62657007202506,-1.84774398803711E-02
1,29.1,9.6299033719115,-1.84774398803711E-02
1,29.11,9.63323667179793,-2.08616256713867E-02
1,29.12,9.63656997168437,-2.02655792236328E-02
1,29.13,9.6399032715708,-2.26497650146484E-02
1,29.14,9.64323657145724,-2.74181365966797E-02
1,29.15,9.64656987134367,-2.92062759399414E-02
1,29.16,9.64990317123011,-2.68220901489258E-02
1,29.17,9.65323647111654,-2.98023223876953E-02
1,29.18,9.65656977100298,-2.86102294921875E-02
1,29.19,9.65990307088941,-3.03983688354492E-02
1,29.2,9.66323637077585,-3.33786010742188E-02
1,29.21,9.66656967066228,-3.03983688354492E-02
1,29.22,9.66990297054872,-2.98023223876953E-02
1,29.23,9.67323627043515,-2.80141830444336E-02
1,29.24,9.67656957032159,-3.39746475219727E-02
1,29.25,9.67990287020803,-2.98023223876953E-02
1,29.26,9.68323617009446,-0.031590461730957
1,29.27,9.6865694699809,-2.92062759399414E-02
1,29.28,9.68990276986733,-0.03814697265625
1,29.29,9.69323606975377,-3.69548797607422E-02
1,29.3,9.6965693696402,-3.93390655517578E-02
1,29.31,9.69990266952664,-3.93390655517578E-02
1,29.32,9.70323596941307,-4.17232513427734E-02
1,29.33,9.70656926929951,-4.64916229248047E-02
1,29.34,9.70990256918594,-4.64916229248047E-02
1,29.35,9.71323586907238,-0.044703483581543
1,29.36,9.71656916895881,-4.35113906860352E-02
1,29.37,9.71990246884525,-4.05311584472656E-02
1,29.38,9.72323576873169,-3.87430191040039E-02
1,29.39,9.72656906861812,-3.39746475219727E-02
1,29.4,9.72990236850456,-3.21865081787109E-02
1,29.41,9.73323566839099,-2.98023223876953E-02
1,29.42,9.73656896827742,-3.21865081787109E-02
1,29.43,9.73990226816386,-3.27825546264648E-02
1,29.44,9.7432355680503,-2.74181365966797E-02
1,29.45,9.74656886793673,-3.21865081787109E-02
1,29.46,9.74990216782317,-2.74181365966797E-02
1,29.47,9.7532354677096,-2.74181365966797E-02
1,29.48,9.75656876759604,-2.50339508056641E-02
1,29.49,9.75990206748247,-2.26497650146484E-02
1,29.5,9.76323536736891,-2.02655792236328E-02
1,29.51,9.76656866725534,-2.02655792236328E-02
1,29.52,9.76990196714178,-1.54972076416016E-02
1,29.53,9.77323526702821,-1.07288360595703E-02
1,29.54,9.77656856691465,-7.74860382080078E-03
1,29.55,9.77990186680108,-8.34465026855469E-03
1,29.56,9.78323516668752,-6.55651092529297E-03
1,29.57,9.78656846657395,-5.36441802978516E-03
1,29.58,9.78990176646039,-5.96046447753906E-03
1,29.59,9.79323506634682,-1.78813934326172E-03
1,29.6,9.79656836623326,-4.17232513427734E-03
1,29.61,9.7999016661197,-1.78813934326172E-03
1,29.62,9.80323496600613,-2.38418579101563E-03
1,29.63,9.80656826589257,-4.76837158203125E-03
1,29.64,9.809901565779,-4.76837158203125E-03
1,29.65,9.81323486566544,-4.76837158203125E-03
1,29.66,9.81656816555187,-2.38418579101563E-03
1,29.67,9.81990146543831,-1.19209289550781E-02
1,29.68,9.82323476532474,-1.07288360595703E-02
1,29.69,9.82656806521118,-1.01327896118164E-02
1,29.7,9.82990136509761,-5.96046447753906E-03
1,29.71,9.83323466498405,-7.15255737304688E-03
1,29.72,9.83656796487048,-9.5367431640625E-03
1,29.73,9.83990126475692,-1.13248825073242E-02
1,29.74,9.84323456464335,-8.94069671630859E-03
1,29.75,9.84656786452979,-8.94069671630859E-03
1,29.76,9.84990116441623,-1.01327896118164E-02
1,29.77,9.85323446430266,-6.55651092529297E-03
1,29.78,9.85656776418909,-1.31130218505859E-02
1,29.79,9.85990106407553,-1.01327896118164E-02
1,29.8,9.86323436396196,-9.5367431640625E-03
1,29.81,9.8665676638484,-1.13248825073242E-02
1,29.82,9.86990096373484,-1.49011611938477E-02
1,29.83,9.87323426362127,-1.13248825073242E-02
1,29.84,9.87656756350771,-1.13248825073242E-02
1,29.85,9.87990086339414,-1.66893005371094E-02
1,29.86,9.88323416328058,-2.32458114624023E-02
1,29.87,9.88656746316701,-2.38418579101563E-02
1,29.88,9.88990076305345,-2.62260437011719E-02
1,29.89,9.89323406293988,-2.68220901489258E-02
1,29.9,9.89656736282632,-2.62260437011719E-02
1,29.91,9.89990066271275,-2.74181365966797E-02
1,29.92,9.90323396259919,-2.68220901489258E-02
1,29.93,9.90656726248562,-2.62260437011719E-02
1,29.94,9.90990056237206,-2.50339508056641E-02
1,29.95,9.91323386225849,-0.025629997253418
1,29.96,9.91656716214493,-2.74181365966797E-02
1,29.97,9.91990046203136,-2.38418579101563E-02
1,29.98,9.9232337619178,-2.44379043579102E-02
1,29.99,9.92656706180424,-1.84774398803711E-02
1,30,9.92990036169067,-0.019073486328125
1,30.01,9.93323366157711,-1.66893005371094E-02
1,30.02,9.93656696146354,-1.72853469848633E-02
1,30.03,9.93990026134998,-1.66893005371094E-02
1,30.04,9.94323356123641,-1.96695327758789E-02
1,30.05,9.94656686112285,-1.84774398803711E-02
1,30.06,9.94990016100928,-2.08616256713867E-02
1,30.07,9.95323346089572,-2.08616256713867E-02
1,30.08,9.95656676078215,-2.38418579101563E-02
1,30.09,9.95990006066859,-2.26497650146484E-02
1,30.1,9.96323336055502,-2.26497650146484E-02
1,30.11,9.96656666044146,-2.50339508056641E-02
1,30.12,9.9698999603279,-2.62260437011719E-02
1,30.13,9.97323326021433,-2.68220901489258E-02
1,30.14,9.97656656010077,-0.025629997253418
1,30.15,9.9798998599872,-2.38418579101563E-02
1,30.16,9.98323315987363,-2.62260437011719E-02
1,30.17,9.98656645976007,-2.86102294921875E-02
1,30.18,9.98989975964651,-3.03983688354492E-02
1,30.19,9.99323305953294,-2.80141830444336E-02
1,30.2,9.99656635941938,-2.86102294921875E-02
1,30.21,9.99989965930581,-3.09944152832031E-02
1,30.22,10.0032329591922,-3.21865081787109E-02
1,30.23,10.0065662590787,-3.27825546264648E-02
1,30.24,10.0098995589651,-3.51667404174805E-02
1,30.25,10.0132328588516,-2.92062759399414E-02
1,30.26,10.016566158738,-0.025629997253418
1,30.27,10.0198994586244,-2.50339508056641E-02
1,30.28,10.0232327585109,-2.38418579101563E-02
1,30.29,10.0265660583973,-2.74181365966797E-02
1,30.3,10.0298993582837,-2.32458114624023E-02
1,30.31,10.0332326581702,-2.08616256713867E-02
1,30.32,10.0365659580566,-2.20537185668945E-02
1,30.33,10.039899257943,-2.32458114624023E-02
1,30.34,10.0432325578295,-2.26497650146484E-02
1,30.35,10.0465658577159,-2.38418579101563E-02
1,30.36,10.0498991576023,-2.08616256713867E-02
1,30.37,10.0532324574888,-1.54972076416016E-02
1,30.38,10.0565657573752,-1.84774398803711E-02
1,30.39,10.0598990572616,-2.02655792236328E-02
1,30.4,10.0632323571481,-1.96695327758789E-02
1,30.41,10.0665656570345,-2.26497650146484E-02
1,30.42,10.069898956921,-2.44379043579102E-02
1,30.43,10.0732322568074,-2.74181365966797E-02
1,30.44,10.0765655566938,-2.44379043579102E-02
1,30.45,10.0798988565803,-2.92062759399414E-02
1,30.46,10.0832321564667,-2.62260437011719E-02
1,30.47,10.0865654563531,-0.025629997253418
1,30.48,10.0898987562396,-2.38418579101563E-02
1,30.49,10.093232056126,-2.50339508056641E-02
1,30.5,10.0965653560124,-2.50339508056641E-02
1,30.51,10.0998986558989,-2.62260437011719E-02
1,30.52,10.1032319557853,-2.86102294921875E-02
1,30.53,10.1065652556717,-0.031590461730957
1,30.54,10.1098985555582,-3.09944152832031E-02
1,30.55,10.1132318554446,-3.27825546264648E-02
1,30.56,10.116565155331,-3.87430191040039E-02
1,30.57,10.1198984552175,-4.11272048950195E-02
1,30.58,10.1232317551039,-4.23192977905273E-02
1,30.59,10.1265650549904,-4.52995300292969E-02
1,30.6,10.1298983548768,-4.52995300292969E-02
1,30.61,10.1332316547632,-4.64916229248047E-02
1,30.62,10.1365649546497,-4.23192977905273E-02
1,30.63,10.1398982545361,-3.87430191040039E-02
1,30.64,10.1432315544225,-3.87430191040039E-02
1,30.65,10.146564854309,-3.51667404174805E-02
1,30.66,10.1498981541954,-3.39746475219727E-02
1,30.67,10.1532314540818,-2.80141830444336E-02
1,30.68,10.1565647539683,-2.80141830444336E-02
1,30.69,10.1598980538547,-2.80141830444336E-02
1,30.7,10.1632313537411,-2.74181365966797E-02
1,30.71,10.1665646536276,-2.50339508056641E-02
1,30.72,10.169897953514,-2.68220901489258E-02
1,30.73,10.1732312534004,-2.14576721191406E-02
1,30.74,10.1765645532869,-2.08616256713867E-02
1,30.75,10.1798978531733,-2.38418579101563E-02
1,30.76,10.1832311530598,-2.32458114624023E-02
1,30.77,10.1865644529462,-0.019073486328125
1,30.78,10.1898977528326,-0.019073486328125
1,30.79,10.1932310527191,-1.31130218505859E-02
1,30.8,10.1965643526055,-1.01327896118164E-02
1,30.81,10.1998976524919,-1.13248825073242E-02
1,30.82,10.2032309523784,-0.012516975402832
1,30.83,10.2065642522648,-9.5367431640625E-03
1,30.84,10.2098975521512,-8.34465026855469E-03
1,30.85,10.2132308520377,-7.74860382080078E-03
1,30.86,10.2165641519241,-7.15255737304688E-03
1,30.87,10.2198974518105,-4.17232513427734E-03
1,30.88,10.223230751697,-7.15255737304688E-03
1,30.89,10.2265640515834,-7.15255737304688E-03
1,30.9,10.2298973514698,-8.94069671630859E-03
1,30.91,10.2332306513563,-1.07288360595703E-02
1,30.92,10.2365639512427,-1.43051147460938E-02
1,30.93,10.2398972511292,-1.37090682983398E-02
1,30.94,10.2432305510156,-1.49011611938477E-02
1,30.95,10.246563850902,-1.43051147460938E-02
1,30.96,10.2498971507885,-1.66893005371094E-02
1,30.97,10.2532304506749,-1.54972076416016E-02
1,30.98,10.2565637505613,-1.78813934326172E-02
1,30.99,10.2598970504478,-1.84774398803711E-02
1,31,10.2632303503342,-1.84774398803711E-02
1,31.01,10.2665636502206,-1.72853469848633E-02
1,31.02,10.2698969501071,-1.84774398803711E-02
1,31.03,10.2732302499935,-1.78813934326172E-02
1,31.04,10.2765635498799,-1.72853469848633E-02
1,31.05,10.2798968497664,-1.78813934326172E-02
1,31.06,10.2832301496528,-1.60932540893555E-02
1,31.07,10.2865634495392,-2.26497650146484E-02
1,31.08,10.2898967494257,-1.78813934326172E-02
1,31.09,10.2932300493121,-1.84774398803711E-02
1,31.1,10.2965633491986,-2.02655792236328E-02
1,31.11,10.299896649085,-2.20537185668945E-02
1,31.12,10.3032299489714,-2.20537185668945E-02
1,31.13,10.3065632488579,-2.08616256713867E-02
1,31.14,10.3098965487443,-2.14576721191406E-02
1,31.15,10.3132298486307,-2.32458114624023E-02
1,31.16,10.3165631485172,-2.32458114624023E-02
1,31.17,10.3198964484036,-2.32458114624023E-02
1,31.18,10.32322974829,-2.62260437011719E-02
1,31.19,10.3265630481765,-2.20537185668945E-02
1,31.2,10.3298963480629,-2.38418579101563E-02
1,31.21,10.3332296479493,-2.50339508056641E-02
1,31.22,10.3365629478358,-2.44379043579102E-02
1,31.23,10.3398962477222,-2.50339508056641E-02
1,31.24,10.3432295476086,-2.08616256713867E-02
1,31.25,10.3465628474951,-2.26497650146484E-02
1,31.26,10.3498961473815,-2.44379043579102E-02
1,31.27,10.3532294472679,-2.50339508056641E-02
1,31.28,10.3565627471544,-0.025629997253418
1,31.29,10.3598960470408,-2.38418579101563E-02
1,31.3,10.3632293469273,-2.62260437011719E-02
1,31.31,10.3665626468137,-2.62260437011719E-02
1,31.32,10.3698959467001,-2.32458114624023E-02
1,31.33,10.3732292465866,-2.44379043579102E-02
1,31.34,10.376562546473,-2.86102294921875E-02
1,31.35,10.3798958463594,-3.03983688354492E-02
1,31.36,10.3832291462459,-3.27825546264648E-02
1,31.37,10.3865624461323,-2.98023223876953E-02
1,31.38,10.3898957460187,-0.031590461730957
1,31.39,10.3932290459052,-3.09944152832031E-02
1,31.4,10.3965623457916,-3.45706939697266E-02
1,31.41,10.399895645678,-3.51667404174805E-02
1,31.42,10.4032289455645,-3.99351119995117E-02
1,31.43,10.4065622454509,-3.93390655517578E-02
1,31.44,10.4098955453373,-3.63588333129883E-02
1,31.45,10.4132288452238,-3.45706939697266E-02
1,31.46,10.4165621451102,-3.09944152832031E-02
1,31.47,10.4198954449967,-3.27825546264648E-02
1,31.48,10.4232287448831,-2.92062759399414E-02
1,31.49,10.4265620447695,-2.92062759399414E-02
1,31.5,10.429895344656,-3.03983688354492E-02
1,31.51,10.4332286445424,-2.86102294921875E-02
1,31.52,10.4365619444288,-2.98023223876953E-02
1,31.53,10.4398952443153,-0.031590461730957
1,31.54,10.4432285442017,-2.86102294921875E-02
1,31.55,10.4465618440881,-3.03983688354492E-02
1,31.56,10.4498951439746,-3.63588333129883E-02
1,31.57,10.453228443861,-3.57627868652344E-02
1,31.58,10.4565617437474,-3.33786010742188E-02
1,31.59,10.4598950436339,-3.33786010742188E-02
1,31.6,10.4632283435203,-3.45706939697266E-02
1,31.61,10.4665616434067,-3.69548797607422E-02
1,31.62,10.4698949432932,-0.03814697265625
1,31.63,10.4732282431796,-3.75509262084961E-02
1,31.64,10.4765615430661,-3.75509262084961E-02
1,31.65,10.4798948429525,-3.87430191040039E-02
1,31.66,10.4832281428389,-3.87430191040039E-02
1,31.67,10.4865614427254,-0.03814697265625
1,31.68,10.4898947426118,-3.93390655517578E-02
1,31.69,10.4932280424982,-3.51667404174805E-02
1,31.7,10.4965613423847,-3.93390655517578E-02
1,31.71,10.4998946422711,-3.99351119995117E-02
1,31.72,10.5032279421575,-0.03814697265625
1,31.73,10.506561242044,-3.75509262084961E-02
1,31.74,10.5098945419304,-3.75509262084961E-02
1,31.75,10.5132278418168,-3.75509262084961E-02
1,31.76,10.5165611417033,-3.45706939697266E-02
1,31.77,10.5198944415897,-3.51667404174805E-02
1,31.78,10.5232277414761,-0.031590461730957
1,31.79,10.5265610413626,-2.92062759399414E-02
1,31.8,10.529894341249,-2.98023223876953E-02
1,31.81,10.5332276411355,-0.031590461730957
1,31.82,10.5365609410219,-2.98023223876953E-02
1,31.83,10.5398942409083,-3.21865081787109E-02
1,31.84,10.5432275407948,-3.09944152832031E-02
1,31.85,10.5465608406812,-2.98023223876953E-02
1,31.86,10.5498941405676,-2.92062759399414E-02
1,31.87,10.5532274404541,-2.86102294921875E-02
1,31.88,10.5565607403405,-2.38418579101563E-02
1,31.89,10.5598940402269,-0.025629997253418
1,31.9,10.5632273401134,-2.38418579101563E-02
1,31.91,10.5665606399998,-2.74181365966797E-02
1,31.92,10.5698939398862,-3.03983688354492E-02
1,31.93,10.5732272397727,-2.80141830444336E-02
1,31.94,10.5765605396591,-2.68220901489258E-02
1,31.95,10.5798938395455,-0.031590461730957
1,31.96,10.583227139432,-0.031590461730957
1,31.97,10.5865604393184,-2.86102294921875E-02
1,31.98,10.5898937392049,-2.98023223876953E-02
1,31.99,10.5932270390913,-2.62260437011719E-02
1,32,10.5965603389777,-0.031590461730957
1,32.01,10.5998936388642,-2.86102294921875E-02
1,32.02,10.6032269387506,-2.92062759399414E-02
1,32.03,10.606560238637,-2.86102294921875E-02
1,32.04,10.6098935385235,-2.98023223876953E-02
1,32.05,10.6132268384099,-2.92062759399414E-02
1,32.06,10.6165601382963,-3.09944152832031E-02
1,32.07,10.6198934381828,-2.80141830444336E-02
1,32.08,10.6232267380692,-2.98023223876953E-02
1,32.09,10.6265600379556,-2.80141830444336E-02
1,32.1,10.6298933378421,-0.025629997253418
1,32.11,10.6332266377285,-2.26497650146484E-02
1,32.12,10.6365599376149,-2.44379043579102E-02
1,32.13,10.6398932375014,-2.98023223876953E-02
1,32.14,10.6432265373878,-2.50339508056641E-02
1,32.15,10.6465598372743,-2.38418579101563E-02
1,32.16,10.6498931371607,-2.74181365966797E-02
1,32.17,10.6532264370471,-2.14576721191406E-02
1,32.18,10.6565597369336,-2.02655792236328E-02
1,32.19,10.65989303682,-2.02655792236328E-02
1,32.2,10.6632263367064,-2.26497650146484E-02
1,32.21,10.6665596365929,-2.02655792236328E-02
1,32.22,10.6698929364793,-0.025629997253418
1,32.23,10.6732262363657,-2.14576721191406E-02
1,32.24,10.6765595362522,-1.66893005371094E-02
1,32.25,10.6798928361386,-1.78813934326172E-02
1,32.26,10.683226136025,-1.72853469848633E-02
1,32.27,10.6865594359115,-2.08616256713867E-02
1,32.28,10.6898927357979,-1.96695327758789E-02
1,32.29,10.6932260356843,-2.32458114624023E-02
1,32.3,10.6965593355708,-2.38418579101563E-02
1,32.31,10.6998926354572,-2.74181365966797E-02
1,32.32,10.7032259353437,-2.50339508056641E-02
1,32.33,10.7065592352301,-2.38418579101563E-02
1,32.34,10.7098925351165,-2.50339508056641E-02
1,32.35,10.713225835003,-0.025629997253418
1,32.36,10.7165591348894,-2.92062759399414E-02
1,32.37,10.7198924347758,-2.86102294921875E-02
1,32.38,10.7232257346623,-2.98023223876953E-02
1,32.39,10.7265590345487,-3.21865081787109E-02
1,32.4,10.7298923344351,-3.03983688354492E-02
1,32.41,10.7332256343216,-2.68220901489258E-02
1,32.42,10.736558934208,-0.025629997253418
1,32.43,10.7398922340944,-0.025629997253418
1,32.44,10.7432255339809,-0.025629997253418
1,32.45,10.7465588338673,-2.62260437011719E-02
1,32.46,10.7498921337537,-2.50339508056641E-02
1,32.47,10.7532254336402,-2.38418579101563E-02
1,32.48,10.7565587335266,-2.32458114624023E-02
1,32.49,10.7598920334131,-1.96695327758789E-02
1,32.5,10.7632253332995,-1.60932540893555E-02
1,32.51,10.7665586331859,-1.13248825073242E-02
1,32.52,10.7698919330724,-1.19209289550781E-02
1,32.53,10.7732252329588,-8.94069671630859E-03
1,32.54,10.7765585328452,-6.55651092529297E-03
1,32.55,10.7798918327317,-7.15255737304688E-03
1,32.56,10.7832251326181,-1.43051147460938E-02
1,32.57,10.7865584325045,-1.54972076416016E-02
1,32.58,10.789891732391,-1.19209289550781E-02
1,32.59,10.7932250322774,-9.5367431640625E-03
1,32.6,10.7965583321638,-9.5367431640625E-03
1,32.61,10.7998916320503,-1.31130218505859E-02
1,32.62,10.8032249319367,-1.96695327758789E-02
1,32.63,10.8065582318231,-1.96695327758789E-02
1,32.64,10.8098915317096,-2.08616256713867E-02
1,32.65,10.813224831596,-0.019073486328125
1,32.66,10.8165581314825,-2.20537185668945E-02
1,32.67,10.8198914313689,-2.20537185668945E-02
1,32.68,10.8232247312553,-2.44379043579102E-02
1,32.69,10.8265580311418,-2.38418579101563E-02
1,32.7,10.8298913310282,-2.14576721191406E-02
1,32.71,10.8332246309146,-2.38418579101563E-02
1,32.72,10.8365579308011,-2.26497650146484E-02
1,32.73,10.8398912306875,-2.20537185668945E-02
1,32.74,10.8432245305739,-2.14576721191406E-02
1,32.75,10.8465578304604,-2.44379043579102E-02
1,32.76,10.8498911303468,-2.32458114624023E-02
1,32.77,10.8532244302332,-2.32458114624023E-02
1,32.78,10.8565577301197,-2.62260437011719E-02
1,32.79,10.8598910300061,-2.80141830444336E-02
1,32.8,10.8632243298925,-2.98023223876953E-02
1,32.81,10.866557629779,-2.68220901489258E-02
1,32.82,10.8698909296654,-2.98023223876953E-02
1,32.83,10.8732242295519,-3.09944152832031E-02
1,32.84,10.8765575294383,-2.86102294921875E-02
1,32.85,10.8798908293247,-2.80141830444336E-02
1,32.86,10.8832241292112,-2.86102294921875E-02
1,32.87,10.8865574290976,-2.74181365966797E-02
1,32.88,10.889890728984,-0.031590461730957
1,32.89,10.8932240288705,-2.68220901489258E-02
1,32.9,10.8965573287569,-2.74181365966797E-02
1,32.91,10.8998906286433,-2.44379043579102E-02
1,32.92,10.9032239285298,-2.50339508056641E-02
1,32.93,10.9065572284162,-2.44379043579102E-02
1,32.94,10.9098905283026,-2.26497650146484E-02
1,32.95,10.9132238281891,-2.44379043579102E-02
1,32.96,10.9165571280755,-2.38418579101563E-02
1,32.97,10.9198904279619,-1.96695327758789E-02
1,32.98,10.9232237278484,-1.78813934326172E-02
1,32.99,10.9265570277348,-1.49011611938477E-02
1,33,10.9298903276213,-1.31130218505859E-02
1,33.01,10.9332236275077,-1.19209289550781E-02
1,33.02,10.9365569273941,-8.94069671630859E-03
1,33.03,10.9398902272806,-1.07288360595703E-02
1,33.04,10.943223527167,-1.01327896118164E-02
1,33.05,10.9465568270534,-7.15255737304688E-03
1,33.06,10.9498901269399,-1.01327896118164E-02
1,33.07,10.9532234268263,-1.01327896118164E-02
1,33.08,10.9565567267127,-1.54972076416016E-02
1,33.09,10.9598900265992,-1.49011611938477E-02
1,33.1,10.9632233264856,-1.60932540893555E-02
1,33.11,10.966556626372,-1.54972076416016E-02
1,33.12,10.9698899262585,-1.31130218505859E-02
1,33.13,10.9732232261449,-1.13248825073242E-02
1,33.14,10.9765565260313,-1.31130218505859E-02
1,33.15,10.9798898259178,-1.60932540893555E-02
1,33.16,10.9832231258042,-0.012516975402832
1,33.17,10.9865564256907,-1.07288360595703E-02
1,33.18,10.9898897255771,-1.07288360595703E-02
1,33.19,10.9932230254635,-0.012516975402832
1,33.2,10.99655632535,-0.012516975402832
1,33.21,10.9998896252364,-0.012516975402832
1,33.22,11.0032229251228,-0.012516975402832
1,33.23,11.0065562250093,-8.34465026855469E-03
1,33.24,11.0098895248957,-8.34465026855469E-03
1,33.25,11.0132228247821,-1.01327896118164E-02
1,33.26,11.0165561246686,-7.74860382080078E-03
1,33.27,11.019889424555,-1.19209289550781E-02
1,33.28,11.0232227244414,-1.19209289550781E-02
1,33.29,11.0265560243279,-1.01327896118164E-02
1,33.3,11.0298893242143,-6.55651092529297E-03
1,33.31,11.0332226241007,-1.19209289550781E-03
1,33.32,11.0365559239872,0
1,33.33,11.0398892238736,7.15255737304688E-03
1,33.34,11.0432225237601,1.19209289550781E-02
1,33.35,11.0465558236465,1.66893005371094E-02
1,33.36,11.0498891235329,2.32458114624023E-02
1,33.37,11.0532224234194,3.39746475219727E-02
1,33.38,11.0565557233058,4.11272048950195E-02
1,33.39,11.0598890231922,0.050663948059082
1,33.4,11.0632223230787,0.063776969909668
1,33.41,11.0665556229651,7.27176666259766E-02
1,33.42,11.0698889228515,0.082850456237793
1,33.43,11.073222222738,9.47713851928711E-02
1,33.44,11.0765555226244,0.107288360595703
1,33.45,11.0798888225108,0.118017196655273
1,33.46,11.0832221223973,0.133514404296875
1,33.47,11.0865554222837,0.153183937072754
1,33.48,11.0898887221701,0.166893005371094
1,33.49,11.0932220220566,0.181794166564941
1,33.5,11.096555321943,0.197291374206543
1,33.51,11.0998886218295,0.213384628295898
1,33.52,11.1032219217159,0.228285789489746
1,33.53,11.1065552216023,0.247955322265625
1,33.54,11.1098885214888,0.266432762145996
1,33.55,11.1132218213752,0.283718109130859
1,33.56,11.1165551212616,0.30219554901123
1,33.57,11.1198884211481,0.316500663757324
1,33.58,11.1232217210345,0.334978103637695
1,33.59,11.1265550209209,0.351071357727051
1,33.6,11.1298883208074,0.366568565368652
1,33.61,11.1332216206938,0.379681587219238
1,33.62,11.1365549205802,0.395774841308594
1,33.63,11.1398882204667,0.411868095397949
1,33.64,11.1432215203531,0.426769256591797
1,33.65,11.1465548202395,0.44405460357666
1,33.66,11.149888120126,0.461935997009277
1,33.67,11.1532214200124,0.475645065307617
1,33.68,11.1565547198988,0.490546226501465
1,33.69,11.1598880197853,0.509023666381836
1,33.7,11.1632213196717,0.526905059814453
1,33.71,11.1665546195582,0.543594360351563
1,33.72,11.1698879194446,0.563263893127441
1,33.73,11.173221219331,0.580549240112305
1,33.74,11.1765545192175,0.600814819335938
1,33.75,11.1798878191039,0.613927841186523
1,33.76,11.1832211189903,0.632405281066895
1,33.77,11.1865544188768,0.649094581604004
1,33.78,11.1898877187632,0.665187835693359
1,33.79,11.1932210186496,0.678896903991699
1,33.8,11.1965543185361,0.699758529663086
1,33.81,11.1998876184225,0.714659690856934
1,33.82,11.2032209183089,0.725984573364258
1,33.83,11.2065542181954,0.745654106140137
1,33.84,11.2098875180818,0.761151313781738
1,33.85,11.2132208179682,0.77366828918457
1,33.86,11.2165541178547,0.789761543273926
1,33.87,11.2198874177411,0.807046890258789
1,33.88,11.2232207176276,0.821948051452637
1,33.89,11.226554017514,0.8392333984375
1,33.9,11.2298873174004,0.854134559631348
1,33.91,11.2332206172869,0.871419906616211
1,33.92,11.2365539171733,0.888705253601074
1,33.93,11.2398872170597,0.900626182556152
1,33.94,11.2432205169462,0.910162925720215
1,33.95,11.2465538168326,0.92923641204834
1,33.96,11.249887116719,0.947117805480957
1,33.97,11.2532204166055,0.963211059570313
1,33.98,11.2565537164919,0.982284545898438
1,33.99,11.2598870163783,0.996589660644531
1,34,11.2632203162648,1.01566314697266
1,34.01,11.2665536161512,1.0305643081665
1,34.02,11.2698869160377,1.04725360870361
1,34.03,11.2732202159241,1.06930732727051
1,34.04,11.2765535158105,1.08480453491211
1,34.05,11.279886815697,1.10328197479248
1,34.06,11.2832201155834,1.11997127532959
1,34.07,11.2865534154698,1.13725662231445
1,34.08,11.2898867153563,1.15573406219482
1,34.09,11.2932200152427,1.17599964141846
1,34.1,11.2965533151291,1.19268894195557
1,34.11,11.2998866150156,1.20699405670166
1,34.12,11.303219914902,1.22547149658203
1,34.13,11.3065532147884,1.24037265777588
1,34.14,11.3098865146749,1.25467777252197
1,34.15,11.3132198145613,1.27255916595459
1,34.16,11.3165531144477,1.28626823425293
1,34.17,11.3198864143342,1.30653381347656
1,34.18,11.3232197142206,1.32083892822266
1,34.19,11.326553014107,1.34050846099854
1,34.2,11.3298863139935,1.35719776153564
1,34.21,11.3332196138799,1.37507915496826
1,34.22,11.3365529137664,1.38998031616211
1,34.23,11.3398862136528,1.4030933380127
1,34.24,11.3432195135392,1.42395496368408
1,34.25,11.3465528134257,1.43587589263916
1,34.26,11.3498861133121,1.45196914672852
1,34.27,11.3532194131985,1.47104263305664
1,34.28,11.356552713085,1.48653984069824
1,34.29,11.3598860129714,1.49965286254883
1,34.3,11.3632193128578,1.51157379150391
1,34.31,11.3665526127443,1.52945518493652
1,34.32,11.3698859126307,1.54256820678711
1,34.33,11.3732192125171,1.56044960021973
1,34.34,11.3765525124036,1.5789270401001
1,34.35,11.37988581229,1.59025192260742
1,34.36,11.3832191121764,1.60574913024902
1,34.37,11.3865524120629,1.62303447723389
1,34.38,11.3898857119493,1.64031982421875
1,34.39,11.3932190118358,1.65343284606934
1,34.4,11.3965523117222,1.67310237884521
1,34.41,11.3998856116086,1.68800354003906
1,34.42,11.4032189114951,1.70111656188965
1,34.43,11.4065522113815,1.72197818756104
1,34.44,11.4098855112679,1.74283981323242
1,34.45,11.4132188111544,1.75833702087402
1,34.46,11.4165521110408,1.77383422851563
1,34.47,11.4198854109272,1.79171562194824
1,34.48,11.4232187108137,1.80363655090332
1,34.49,11.4265520107001,1.81853771209717
1,34.5,11.4298853105865,1.83522701263428
1,34.51,11.433218610473,1.84953212738037
1,34.52,11.4365519103594,1.86681747436523
1,34.53,11.4398852102458,1.88291072845459
1,34.54,11.4432185101323,1.90019607543945
1,34.55,11.4465518100187,1.91450119018555
1,34.56,11.4498851099052,1.9305944442749
1,34.57,11.4532184097916,1.94847583770752
1,34.58,11.456551709678,1.96337699890137
1,34.59,11.4598850095645,1.98066234588623
1,34.6,11.4632183094509,1.99735164642334
1,34.61,11.4665516093373,2.0134449005127
1,34.62,11.4698849092238,2.0289421081543
1,34.63,11.4732182091102,2.04622745513916
1,34.64,11.4765515089966,2.06410884857178
1,34.65,11.4798848088831,2.07781791687012
1,34.66,11.4832181087695,2.09271907806396
1,34.67,11.4865514086559,2.1052360534668
1,34.68,11.4898847085424,2.1207332611084
1,34.69,11.4932180084288,2.13563442230225
1,34.7,11.4965513083152,2.14934349060059
1,34.71,11.4998846082017,2.16186046600342
1,34.72,11.5032179080881,2.17318534851074
1,34.73,11.5065512079746,2.19106674194336
1,34.74,11.509884507861,2.20119953155518
1,34.75,11.5132178077474,2.21908092498779
1,34.76,11.5165511076339,2.23338603973389
1,34.77,11.5198844075203,2.24888324737549
1,34.78,11.5232177074067,2.26438045501709
1,34.79,11.5265510072932,2.27749347686768
1,34.8,11.5298843071796,2.29418277740479
1,34.81,11.533217607066,2.31266021728516
1,34.82,11.5365509069525,2.327561378479
1,34.83,11.5398842068389,2.3418664932251
1,34.84,11.5432175067253,2.35855579376221
1,34.85,11.5465508066118,2.36988067626953
1,34.86,11.5498841064982,2.38776206970215
1,34.87,11.5532174063846,2.40445137023926
1,34.88,11.5565507062711,2.41994857788086
1,34.89,11.5598840061575,2.43306159973145
1,34.9,11.563217306044,2.44557857513428
1,34.91,11.5665506059304,2.46226787567139
1,34.92,11.5698839058168,2.47955322265625
1,34.93,11.5732172057033,2.49624252319336
1,34.94,11.5765505055897,2.51054763793945
1,34.95,11.5798838054761,2.52604484558105
1,34.96,11.5832171053626,2.53975391387939
1,34.97,11.586550405249,2.56121158599854
1,34.98,11.5898837051354,2.57730484008789
1,34.99,11.5932170050219,2.59160995483398
1,35,11.5965503049083,2.61068344116211
1,35.01,11.5998836047947,2.62856483459473
1,35.02,11.6032169046812,2.64585018157959
1,35.03,11.6065502045676,2.66015529632568
1,35.04,11.609883504454,2.68161296844482
1,35.05,11.6132168043405,2.70068645477295
1,35.06,11.6165501042269,2.71975994110107
1,35.07,11.6198834041134,2.73466110229492
1,35.08,11.6232167039998,2.74956226348877
1,35.09,11.6265500038862,2.76625156402588
1,35.1,11.6298833037727,2.78294086456299
1,35.11,11.6332166036591,2.80082225799561
1,35.12,11.6365499035455,2.81274318695068
1,35.13,11.639883203432,2.82406806945801
1,35.14,11.6432165033184,2.83896923065186
1,35.15,11.6465498032048,2.85446643829346
1,35.16,11.6498831030913,2.86638736724854
1,35.17,11.6532164029777,2.88426876068115
1,35.18,11.6565497028641,2.89499759674072
1,35.19,11.6598830027506,2.90811061859131
1,35.2,11.663216302637,2.92539596557617
1,35.21,11.6665496025234,2.94148921966553
1,35.22,11.6698829024099,2.95579433441162
1,35.23,11.6732162022963,2.97069549560547
1,35.24,11.6765495021828,2.98678874969482
1,35.25,11.6798828020692,2.99990177154541
1,35.26,11.6832161019556,3.0142068862915
1,35.27,11.6865494018421,3.02612781524658
1,35.28,11.6898827017285,3.03864479064941
1,35.29,11.6932160016149,3.05473804473877
1,35.3,11.6965493015014,3.06963920593262
1,35.31,11.6998826013878,3.08811664581299
1,35.32,11.7032159012742,3.10301780700684
1,35.33,11.7065492011607,3.12328338623047
1,35.34,11.7098825010471,3.14176082611084
1,35.35,11.7132158009335,3.16083431243896
1,35.36,11.71654910082,3.17513942718506
1,35.37,11.7198824007064,3.18765640258789
1,35.38,11.7232157005928,3.20136547088623
1,35.39,11.7265490004793,3.21447849273682
1,35.4,11.7298823003657,3.23355197906494
1,35.41,11.7332156002522,3.25322151184082
1,35.42,11.7365489001386,3.26752662658691
1,35.43,11.739882200025,3.28361988067627
1,35.44,11.7432154999115,3.29732894897461
1,35.45,11.7465487997979,3.31342220306396
1,35.46,11.7498820996843,3.3271312713623
1,35.47,11.7532153995708,3.34322452545166
1,35.48,11.7565486994572,3.35812568664551
1,35.49,11.7598819993436,3.37362289428711
1,35.5,11.7632152992301,3.38554382324219
1,35.51,11.7665485991165,3.39806079864502
1,35.52,11.7698818990029,3.41236591339111
1,35.53,11.7732151988894,3.42428684234619
1,35.54,11.7765484987758,3.44514846801758
1,35.55,11.7798817986622,3.45468521118164
1,35.56,11.7832150985487,3.470778465271
1,35.57,11.7865483984351,3.49164009094238
1,35.58,11.7898816983216,3.50475311279297
1,35.59,11.793214998208,3.52561473846436
1,35.6,11.7965482980944,3.5405158996582
1,35.61,11.7998815979809,3.55899333953857
1,35.62,11.8032148978673,3.57747077941895
1,35.63,11.8065481977537,3.59714031219482
1,35.64,11.8098814976402,3.60965728759766
1,35.65,11.8132147975266,3.62813472747803
1,35.66,11.816548097413,3.64720821380615
1,35.67,11.8198813972995,3.65912914276123
1,35.68,11.8232146971859,3.67701053619385
1,35.69,11.8265479970723,3.69429588317871
1,35.7,11.8298812969588,3.71158123016357
1,35.71,11.8332145968452,3.72588634490967
1,35.72,11.8365478967316,3.73899936676025
1,35.73,11.8398811966181,3.75330448150635
1,35.74,11.8432144965045,3.76760959625244
1,35.75,11.846547796391,3.78072261810303
1,35.76,11.8498810962774,3.79085540771484
1,35.77,11.8532143961638,3.80575656890869
1,35.78,11.8565476960503,3.81410121917725
1,35.79,11.8598809959367,3.8301944732666
1,35.8,11.8632142958231,3.84271144866943
1,35.81,11.8665475957096,3.85403633117676
1,35.82,11.869880895596,3.87191772460938
1,35.83,11.8732141954824,3.88681888580322
1,35.84,11.8765474953689,3.90052795410156
1,35.85,11.8798807952553,3.91662120819092
1,35.86,11.8832140951417,3.9297342300415
1,35.87,11.8865473950282,3.94821166992188
1,35.88,11.8898806949146,3.96132469177246
1,35.89,11.893213994801,3.98099422454834
1,35.9,11.8965472946875,3.99470329284668
1,35.91,11.8998805945739,4.00841236114502
1,35.92,11.9032138944604,4.02688980102539
1,35.93,11.9065471943468,4.04655933380127
1,35.94,11.9098804942332,4.06503677368164
1,35.95,11.9132137941197,4.08053398132324
1,35.96,11.9165470940061,4.09603118896484
1,35.97,11.9198803938925,4.11093235015869
1,35.98,11.923213693779,4.1276216506958
1,35.99,11.9265469936654,4.14490699768066
1,36,11.9298802935518,4.16100025177002
1,36.01,11.9332135934383,4.17590141296387
1,36.02,11.9365468933247,4.18722629547119
1,36.03,11.9398801932111,4.19676303863525
1,36.04,11.9432134930976,4.2116641998291
1,36.05,11.946546792984,4.2259693145752
1,36.06,11.9498800928704,4.24563884735107
1,36.07,11.9532133927569,4.26292419433594
1,36.08,11.9565466926433,4.27901744842529
1,36.09,11.9598799925297,4.29809093475342
1,36.1,11.9632132924162,4.31299209594727
1,36.11,11.9665465923026,4.33027744293213
1,36.12,11.9698798921891,4.34756278991699
1,36.13,11.9732131920755,4.36663627624512
1,36.14,11.9765464919619,4.38451766967773
1,36.15,11.9798797918484,4.40299510955811
1,36.16,11.9832130917348,4.42087650299072
1,36.17,11.9865463916212,4.43816184997559
1,36.18,11.9898796915077,4.45902347564697
1,36.19,11.9932129913941,4.47511672973633
1,36.2,11.9965462912805,4.48703765869141
1,36.21,11.999879591167,4.50849533081055
1,36.22,12.0032128910534,4.52101230621338
1,36.23,12.0065461909398,4.53710556030273
1,36.24,12.0098794908263,4.55498695373535
1,36.25,12.0132127907127,4.56869602203369
1,36.26,12.0165460905991,4.58657741546631
1,36.27,12.0198793904856,4.60326671600342
1,36.28,12.023212690372,4.6151876449585
1,36.29,12.0265459902585,4.6306848526001
1,36.3,12.0298792901449,4.64498996734619
1,36.31,12.0332125900313,4.65989112854004
1,36.32,12.0365458899178,4.6771764755249
1,36.33,12.0398791898042,4.68850135803223
1,36.34,12.0432124896906,4.70340251922607
1,36.35,12.0465457895771,4.71949577331543
1,36.36,12.0498790894635,4.73618507385254
1,36.37,12.0532123893499,4.74631786346436
1,36.38,12.0565456892364,4.76479530334473
1,36.39,12.0598789891228,4.77612018585205
1,36.4,12.0632122890092,4.78744506835938
1,36.41,12.0665455888957,4.80532646179199
1,36.42,12.0698788887821,4.81605529785156
1,36.43,12.0732121886685,4.82678413391113
1,36.44,12.076545488555,4.84228134155273
1,36.45,12.0798787884414,4.85241413116455
1,36.46,12.0832120883279,4.86314296722412
1,36.47,12.0865453882143,4.87923622131348
1,36.48,12.0898786881007,4.89175319671631
1,36.49,12.0932119879872,4.90009784698486
1,36.5,12.0965452878736,4.9138069152832
1,36.51,12.09987858776,4.92632389068604
1,36.52,12.1032118876465,4.93943691253662
1,36.53,12.1065451875329,4.95076179504395
1,36.54,12.1098784874193,4.96268272399902
1,36.55,12.1132117873058,4.97698783874512
1,36.56,12.1165450871922,4.9901008605957
1,36.57,12.1198783870786,5.0044059753418
1,36.58,12.1232116869651,5.01573085784912
1,36.59,12.1265449868515,5.0276517868042
1,36.6,12.1298782867379,5.0431489944458
1,36.61,12.1332115866244,5.0586462020874
1,36.62,12.1365448865108,5.06937503814697
1,36.63,12.1398781863973,5.08546829223633
1,36.64,12.1432114862837,5.09679317474365
1,36.65,12.1465447861701,5.11109828948975
1,36.66,12.1498780860566,5.1271915435791
1,36.67,12.153211385943,5.1426887512207
1,36.68,12.1565446858294,5.15341758728027
1,36.69,12.1598779857159,5.16235828399658
1,36.7,12.1632112856023,5.17487525939941
1,36.71,12.1665445854887,5.18858432769775
1,36.72,12.1698778853752,5.19990921020508
1,36.73,12.1732111852616,5.21361827850342
1,36.74,12.176544485148,5.22792339324951
1,36.75,12.1798777850345,5.24044036865234
1,36.76,12.1832110849209,5.25176525115967
1,36.77,12.1865443848073,5.26189804077148
1,36.78,12.1898776846938,5.27679920196533
1,36.79,12.1932109845802,5.28872013092041
1,36.8,12.1965442844667,5.29706478118896
1,36.81,12.1998775843531,5.30898571014404
1,36.82,12.2032108842395,5.32090663909912
1,36.83,12.206544184126,5.33699989318848
1,36.84,12.2098774840124,5.34772872924805
1,36.85,12.2132107838988,5.35964965820313
1,36.86,12.2165440837853,5.36859035491943
1,36.87,12.2198773836717,5.379319190979
1,36.88,12.2232106835581,5.39004802703857
1,36.89,12.2265439834446,5.40435314178467
1,36.9,12.229877283331,5.42163848876953
1,36.91,12.2332105832174,5.43415546417236
1,36.92,12.2365438831039,5.45322895050049
1,36.93,12.2398771829903,5.4633617401123
1,36.94,12.2432104828767,5.47468662261963
1,36.95,12.2465437827632,5.49137592315674
1,36.96,12.2498770826496,5.50031661987305
1,36.97,12.2532103825361,5.5164098739624
1,36.98,12.2565436824225,5.531907081604
1,36.99,12.2598769823089,5.53905963897705
1,37,12.2632102821954,5.55634498596191
1,37.01,12.2665435820818,5.5694580078125
1,37.02,12.2698768819682,5.58018684387207
1,37.03,12.2732101818547,5.59747219085693
1,37.04,12.2765434817411,5.60760498046875
1,37.05,12.2798767816275,5.6225061416626
1,37.06,12.283210081514,5.63502311706543
1,37.07,12.2865433814004,5.64754009246826
1,37.08,12.2898766812868,5.66840171813965
1,37.09,12.2932099811733,5.68032264709473
1,37.1,12.2965432810597,5.69760799407959
1,37.11,12.2998765809461,5.70952892303467
1,37.12,12.3032098808326,5.72323799133301
1,37.13,12.306543180719,5.73396682739258
1,37.14,12.3098764806055,5.75006008148193
1,37.15,12.3132097804919,5.7607889175415
1,37.16,12.3165430803783,5.77449798583984
1,37.17,12.3198763802648,5.78641891479492
1,37.18,12.3232096801512,5.80310821533203
1,37.19,12.3265429800376,5.81920146942139
1,37.2,12.3298762799241,5.83171844482422
1,37.21,12.3332095798105,5.84661960601807
1,37.22,12.3365428796969,5.85854053497314
1,37.23,12.3398761795834,5.87224960327148
1,37.24,12.3432094794698,5.88595867156982
1,37.25,12.3465427793562,5.89847564697266
1,37.26,12.3498760792427,5.91456890106201
1,37.27,12.3532093791291,5.92827796936035
1,37.28,12.3565426790155,5.94437122344971
1,37.29,12.359875978902,5.96106052398682
1,37.3,12.3632092787884,5.97357749938965
1,37.31,12.3665425786749,5.99324703216553
1,37.32,12.3698758785613,6.01232051849365
1,37.33,12.3732091784477,6.02841377258301
1,37.34,12.3765424783342,6.04391098022461
1,37.35,12.3798757782206,6.05762004852295
1,37.36,12.383209078107,6.0737133026123
1,37.37,12.3865423779935,6.0957670211792
1,37.38,12.3898756778799,6.10709190368652
1,37.39,12.3932089777663,6.12258911132813
1,37.4,12.3965422776528,6.13868236541748
1,37.41,12.3998755775392,6.15179538726807
1,37.42,12.4032088774256,6.16073608398438
1,37.43,12.4065421773121,6.17384910583496
1,37.44,12.4098754771985,6.18934631347656
1,37.45,12.4132087770849,6.19947910308838
1,37.46,12.4165420769714,6.21020793914795
1,37.47,12.4198753768578,6.21497631072998
1,37.48,12.4232086767443,6.23047351837158
1,37.49,12.4265419766307,6.24239444732666
1,37.5,12.4298752765171,6.25491142272949
1,37.51,12.4332085764036,6.26742839813232
1,37.52,12.43654187629,6.28292560577393
1,37.53,12.4398751761764,6.29007816314697
1,37.54,12.4432084760629,6.30795955657959
1,37.55,12.4465417759493,6.3246488571167
1,37.56,12.4498750758357,6.33716583251953
1,37.57,12.4532083757222,6.35147094726563
1,37.58,12.4565416756086,6.36696815490723
1,37.59,12.459874975495,6.3788890838623
1,37.6,12.4632082753815,6.39259815216064
1,37.61,12.4665415752679,6.40451908111572
1,37.62,12.4698748751543,6.42001628875732
1,37.63,12.4732081750408,6.43432140350342
1,37.64,12.4765414749272,6.44266605377197
1,37.65,12.4798747748137,6.45160675048828
1,37.66,12.4832080747001,6.46293163299561
1,37.67,12.4865413745865,6.47544860839844
1,37.68,12.489874674473,6.48379325866699
1,37.69,12.4932079743594,6.49809837341309
1,37.7,12.4965412742458,6.50644302368164
1,37.71,12.4998745741323,6.51538372039795
1,37.72,12.5032078740187,6.52194023132324
1,37.73,12.5065411739051,6.53624534606934
1,37.74,12.5098744737916,6.54757022857666
1,37.75,12.513207773678,6.55770301818848
1,37.76,12.5165410735644,6.57320022583008
1,37.77,12.5198743734509,6.58214092254639
1,37.78,12.5232076733373,6.59525394439697
1,37.79,12.5265409732237,6.6065788269043
1,37.8,12.5298742731102,6.61611557006836
1,37.81,12.5332075729966,6.62624835968018
1,37.82,12.5365408728831,6.64114952087402
1,37.83,12.5398741727695,6.65128231048584
1,37.84,12.5432074726559,6.66022300720215
1,37.85,12.5465407725424,6.67095184326172
1,37.86,12.5498740724288,6.68585300445557
1,37.87,12.5532073723152,6.6983699798584
1,37.88,12.5565406722017,6.71267509460449
1,37.89,12.5598739720881,6.72042369842529
1,37.9,12.5632072719745,6.73234462738037
1,37.91,12.566540571861,6.74247741699219
1,37.92,12.5698738717474,6.75082206726074
1,37.93,12.5732071716338,6.76870346069336
1,37.94,12.5765404715203,6.77645206451416
1,37.95,12.5798737714067,6.78837299346924
1,37.96,12.5832070712931,6.79910182952881
1,37.97,12.5865403711796,6.81161880493164
1,37.98,12.589873671066,6.82473182678223
1,37.99,12.5932069709525,6.8354606628418
1,38,12.5965402708389,6.84976577758789
1,38.01,12.5998735707253,6.86347484588623
1,38.02,12.6032068706118,6.8742036819458
1,38.03,12.6065401704982,6.89148902893066
1,38.04,12.6098734703846,6.905198097229
1,38.05,12.6132067702711,6.92427158355713
1,38.06,12.6165400701575,6.93619251251221
1,38.07,12.6198733700439,6.94990158081055
1,38.08,12.6232066699304,6.96063041687012
1,38.09,12.6265399698168,6.97135925292969
1,38.1,12.6298732697032,6.98387622833252
1,38.11,12.6332065695897,6.99758529663086
1,38.12,12.6365398694761,7.00950622558594
1,38.13,12.6398731693625,7.02381134033203
1,38.14,12.643206469249,7.03632831573486
1,38.15,12.6465397691354,7.04586505889893
1,38.16,12.6498730690219,7.0643424987793
1,38.17,12.6532063689083,7.07089900970459
1,38.18,12.6565396687947,7.08401203155518
1,38.19,12.6598729686812,7.09354877471924
1,38.2,12.6632062685676,7.10487365722656
1,38.21,12.666539568454,7.11560249328613
1,38.22,12.6698728683405,7.12752342224121
1,38.23,12.6732061682269,7.13884830474854
1,38.24,12.6765394681133,7.14719295501709
1,38.25,12.6798727679998,7.16090202331543
1,38.26,12.6832060678862,7.171630859375
1,38.27,12.6865393677726,7.18414783477783
1,38.28,12.6898726676591,7.19606876373291
1,38.29,12.6932059675455,7.20798969268799
1,38.3,12.6965392674319,7.21633434295654
1,38.31,12.6998725673184,7.22944736480713
1,38.32,12.7032058672048,7.23898410797119
1,38.33,12.7065391670913,7.25150108337402
1,38.34,12.7098724669777,7.26163387298584
1,38.35,12.7132057668641,7.27057456970215
1,38.36,12.7165390667506,7.28309154510498
1,38.37,12.719872366637,7.2932243347168
1,38.38,12.7232056665234,7.30216503143311
1,38.39,12.7265389664099,7.31110572814941
1,38.4,12.7298722662963,7.31825828552246
1,38.41,12.7332055661827,7.32541084289551
1,38.42,12.7365388660692,7.33554363250732
1,38.43,12.7398721659556,7.33613967895508
1,38.44,12.743205465842,7.34627246856689
1,38.45,12.7465387657285,7.35342502593994
1,38.46,12.7498720656149,7.35878944396973
1,38.47,12.7532053655013,7.37011432647705
1,38.48,12.7565386653878,7.37965106964111
1,38.49,12.7598719652742,7.38859176635742
1,38.5,12.7632052651607,7.39455223083496
1,38.51,12.7665385650471,7.40408897399902
1,38.52,12.7698718649335,7.41302967071533
1,38.53,12.77320516482,7.42614269256592
1,38.54,12.7765384647064,7.43627548217773
1,38.55,12.7798717645928,7.4535608291626
1,38.56,12.7832050644793,7.46309757232666
1,38.57,12.7865383643657,7.47442245483398
1,38.58,12.7898716642521,7.49051570892334
1,38.59,12.7932049641386,7.50362873077393
1,38.6,12.796538264025,7.51674175262451
1,38.61,12.7998715639114,7.52449035644531
1,38.62,12.8032048637979,7.53998756408691
1,38.63,12.8065381636843,7.55131244659424
1,38.64,12.8098714635707,7.56561756134033
1,38.65,12.8132047634572,7.57575035095215
1,38.66,12.8165380633436,7.590651512146
1,38.67,12.81987136323,7.60018825531006
1,38.68,12.8232046631165,7.61032104492188
1,38.69,12.8265379630029,7.62045383453369
1,38.7,12.8298712628894,7.63297080993652
1,38.71,12.8332045627758,7.64071941375732
1,38.72,12.8365378626622,7.65323638916016
1,38.73,12.8398711625487,7.66396522521973
1,38.74,12.8432044624351,7.67350196838379
1,38.75,12.8465377623215,7.67827033996582
1,38.76,12.849871062208,7.69317150115967
1,38.77,12.8532043620944,7.70151615142822
1,38.78,12.8565376619808,7.71224498748779
1,38.79,12.8598709618673,7.71939754486084
1,38.8,12.8632042617537,7.72655010223389
1,38.81,12.8665375616401,7.73787498474121
1,38.82,12.8698708615266,7.74860382080078
1,38.83,12.873204161413,7.75814056396484
1,38.84,12.8765374612995,7.7664852142334
1,38.85,12.8798707611859,7.77542591094971
1,38.86,12.8832040610723,7.78853893280029
1,38.87,12.8865373609588,7.8052282333374
1,38.88,12.8898706608452,7.81893730163574
1,38.89,12.8932039607316,7.83085823059082
1,38.9,12.8965372606181,7.84695148468018
1,38.91,12.8998705605045,7.85946846008301
1,38.92,12.9032038603909,7.87496566772461
1,38.93,12.9065371602774,7.89284706115723
1,38.94,12.9098704601638,7.91072845458984
1,38.95,12.9132037600502,7.92562961578369
1,38.96,12.9165370599367,7.93635845184326
1,38.97,12.9198703598231,7.95304775238037
1,38.98,12.9232036597095,7.96496868133545
1,38.99,12.926536959596,7.97927379608154
1,39,12.9298702594824,7.99238681793213
1,39.01,12.9332035593688,8.00609588623047
1,39.02,12.9365368592553,8.01920890808105
1,39.03,12.9398701591417,8.03470611572266
1,39.04,12.9432034590282,8.04603099822998
1,39.05,12.9465367589146,8.06272029876709
1,39.06,12.949870058801,8.07225704193115
1,39.07,12.9532033586875,8.09192657470703
1,39.08,12.9565366585739,8.10205936431885
1,39.09,12.9598699584603,8.11338424682617
1,39.1,12.9632032583468,8.12649726867676
1,39.11,12.9665365582332,8.13782215118408
1,39.12,12.9698698581196,8.14378261566162
1,39.13,12.9732031580061,8.15212726593018
1,39.14,12.9765364578925,8.16404819488525
1,39.15,12.9798697577789,8.17537307739258
1,39.16,12.9832030576654,8.18729400634766
1,39.17,12.9865363575518,8.19683074951172
1,39.18,12.9898696574382,8.2087516784668
1,39.19,12.9932029573247,8.21888446807861
1,39.2,12.9965362572111,8.22961330413818
1,39.21,12.9998695570976,8.23795795440674
1,39.22,13.003202856984,8.25107097625732
1,39.23,13.0065361568704,8.26120376586914
1,39.24,13.0098694567569,8.27610492706299
1,39.25,13.0132027566433,8.28683376312256
1,39.26,13.0165360565297,8.30292701721191
1,39.27,13.0198693564162,8.31723213195801
1,39.28,13.0232026563026,8.33094120025635
1,39.29,13.026535956189,8.34345817565918
1,39.3,13.0298692560755,8.3547830581665
1,39.31,13.0332025559619,8.36431980133057
1,39.32,13.0365358558483,8.37624073028564
1,39.33,13.0398691557348,8.38339328765869
1,39.34,13.0432024556212,8.39650630950928
1,39.35,13.0465357555076,8.4078311920166
1,39.36,13.0498690553941,8.41677188873291
1,39.37,13.0532023552805,8.4298849105835
1,39.38,13.056535655167,8.44120979309082
1,39.39,13.0598689550534,8.44657421112061
1,39.4,13.0632022549398,8.45849514007568
1,39.41,13.0665355548263,8.46743583679199
1,39.42,13.0698688547127,8.47876071929932
1,39.43,13.0732021545991,8.49068164825439
1,39.44,13.0765354544856,8.50439071655273
1,39.45,13.079868754372,8.51690769195557
1,39.46,13.0832020542584,8.53359699249268
1,39.47,13.0865353541449,8.54790210723877
1,39.48,13.0898686540313,8.56578350067139
1,39.49,13.0932019539177,8.5824728012085
1,39.5,13.0965352538042,8.59856605529785
1,39.51,13.0998685536906,8.61465930938721
1,39.52,13.103201853577,8.62479209899902
1,39.53,13.1065351534635,8.64207744598389
1,39.54,13.1098684533499,8.65697860717773
1,39.55,13.1132017532364,8.67247581481934
1,39.56,13.1165350531228,8.68499279022217
1,39.57,13.1198683530092,8.69989395141602
1,39.58,13.1232016528957,8.71002674102783
1,39.59,13.1265349527821,8.72671604156494
1,39.6,13.1298682526685,8.74161720275879
1,39.61,13.133201552555,8.75711441040039
1,39.62,13.1365348524414,8.7660551071167
1,39.63,13.1398681523278,8.77916812896729
1,39.64,13.1432014522143,8.78870487213135
1,39.65,13.1465347521007,8.80002975463867
1,39.66,13.1498680519871,8.81195068359375
1,39.67,13.1532013518736,8.82863998413086
1,39.68,13.15653465176,8.84056091308594
1,39.69,13.1598679516464,8.84830951690674
1,39.7,13.1632012515329,8.85903835296631
1,39.71,13.1665345514193,8.87095928192139
1,39.72,13.1698678513058,8.88347625732422
1,39.73,13.1732011511922,8.89480113983154
1,39.74,13.1765344510786,8.90433788299561
1,39.75,13.1798677509651,8.92043113708496
1,39.76,13.1832010508515,8.93354415893555
1,39.77,13.1865343507379,8.94844532012939
1,39.78,13.1898676506244,8.96334648132324
1,39.79,13.1932009505108,8.98122787475586
1,39.8,13.1965342503972,8.99434089660645
1,39.81,13.1998675502837,9.00208950042725
1,39.82,13.2032008501701,9.00924205780029
1,39.83,13.2065341500565,9.02473926544189
1,39.84,13.209867449943,9.03785228729248
1,39.85,13.2132007498294,9.05275344848633
1,39.86,13.2165340497158,9.06586647033691
1,39.87,13.2198673496023,9.07957553863525
1,39.88,13.2232006494887,9.09268856048584
1,39.89,13.2265339493752,9.10580158233643
1,39.9,13.2298672492616,9.1177225112915
1,39.91,13.233200549148,9.1320276260376
1,39.92,13.2365338490345,9.14633274078369
1,39.93,13.2398671489209,9.1552734375
1,39.94,13.2432004488073,9.16838645935059
1,39.95,13.2465337486938,9.17911529541016
1,39.96,13.2498670485802,9.1862678527832
1,39.97,13.2532003484666,9.20116901397705
1,39.98,13.2565336483531,9.2083215713501
1,39.99,13.2598669482395,9.21905040740967
1,40,13.2632002481259,9.22799110412598
1,40.01,13.2665335480124,9.24110412597656
1,40.02,13.2698668478988,9.25302505493164
1,40.03,13.2732001477852,9.26733016967773
1,40.04,13.2765334476717,9.27984714508057
1,40.05,13.2798667475581,9.28938388824463
1,40.06,13.2832000474446,9.30190086364746
1,40.07,13.286533347331,9.31262969970703
1,40.08,13.2898666472174,9.32633876800537
1,40.09,13.2931999471039,9.34123992919922
1,40.1,13.2965332469903,9.35077667236328
1,40.11,13.2998665468767,9.36925411224365
1,40.12,13.3031998467632,9.38117504119873
1,40.13,13.3065331466496,9.39726829528809
1,40.14,13.309866446536,9.40918922424316
1,40.15,13.3131997464225,9.42707061767578
1,40.16,13.3165330463089,9.44256782531738
1,40.17,13.3198663461953,9.45210456848145
1,40.18,13.3231996460818,9.46760177612305
1,40.19,13.3265329459682,9.48011875152588
1,40.2,13.3298662458546,9.49621200561523
1,40.21,13.3331995457411,9.50336456298828
1,40.22,13.3365328456275,9.5134973526001
1,40.23,13.339866145514,9.52184200286865
1,40.24,13.3431994454004,9.53316688537598
1,40.25,13.3465327452868,9.54508781433105
1,40.26,13.3498660451733,9.56058502197266
1,40.27,13.3531993450597,9.56833362579346
1,40.28,13.3565326449461,9.57667827606201
1,40.29,13.3598659448326,9.5897912979126
1,40.3,13.363199244719,9.59932804107666
1,40.31,13.3665325446054,9.60886478424072
1,40.32,13.3698658444919,9.62316989898682
1,40.33,13.3731991443783,9.63389873504639
1,40.34,13.3765324442647,9.64820384979248
1,40.35,13.3798657441512,9.65774059295654
1,40.36,13.3831990440376,9.67264175415039
1,40.37,13.386532343924,9.68515872955322
1,40.38,13.3898656438105,9.70184803009033
1,40.39,13.3931989436969,9.71674919128418
1,40.4,13.3965322435834,9.72509384155273
1,40.41,13.3998655434698,9.74357128143311
1,40.42,13.4031988433562,9.75608825683594
1,40.43,13.4065321432427,9.76920127868652
1,40.44,13.4098654431291,9.77933406829834
1,40.45,13.4131987430155,9.7966194152832
1,40.46,13.416532042902,9.80854034423828
1,40.47,13.4198653427884,9.82463359832764
1,40.48,13.4231986426748,9.8341703414917
1,40.49,13.4265319425613,9.85324382781982
1,40.5,13.4298652424477,9.86576080322266
1,40.51,13.4331985423341,9.87827777862549
1,40.52,13.4365318422206,9.89377498626709
1,40.53,13.439865142107,9.90688800811768
1,40.54,13.4431984419934,9.91702079772949
1,40.55,13.4465317418799,9.92715358734131
1,40.56,13.4498650417663,9.93847846984863
1,40.57,13.4531983416528,9.95099544525146
1,40.58,13.4565316415392,9.96291637420654
1,40.59,13.4598649414256,9.97304916381836
1,40.6,13.4631982413121,9.98258590698242
1,40.61,13.4665315411985,9.99331474304199
1,40.62,13.4698648410849,10.0111961364746
1,40.63,13.4731981409714,10.0231170654297
1,40.64,13.4765314408578,10.0362300872803
1,40.65,13.4798647407442,10.0505352020264
1,40.66,13.4831980406307,10.0654363632202
1,40.67,13.4865313405171,10.0797414779663
1,40.68,13.4898646404035,10.0964307785034
1,40.69,13.49319794029,10.1166963577271
1,40.7,13.4965312401764,10.1304054260254
1,40.71,13.4998645400628,10.1494789123535
1,40.72,13.5031978399493,10.1608037948608
1,40.73,13.5065311398357,10.1757049560547
1,40.74,13.5098644397222,10.189414024353
1,40.75,13.5131977396086,10.2037191390991
1,40.76,13.516531039495,10.2198123931885
1,40.77,13.5198643393815,10.2293491363525
1,40.78,13.5231976392679,10.2430582046509
1,40.79,13.5265309391543,10.2543830871582
1,40.8,13.5298642390408,10.2692842483521
1,40.81,13.5331975389272,10.2829933166504
1,40.82,13.5365308388136,10.298490524292
1,40.83,13.5398641387001,10.3050470352173
1,40.84,13.5431974385865,10.3181600570679
1,40.85,13.5465307384729,10.3265047073364
1,40.86,13.5498640383594,10.339617729187
1,40.87,13.5531973382458,10.3491544723511
1,40.88,13.5565306381322,10.3557109832764
1,40.89,13.5598639380187,10.3652477264404
1,40.9,13.5631972379051,10.3765726089478
1,40.91,13.5665305377916,10.3878974914551
1,40.92,13.569863837678,10.3986263275146
1,40.93,13.5731971375644,10.4093551635742
1,40.94,13.5765304374509,10.4176998138428
1,40.95,13.5798637373373,10.4290246963501
1,40.96,13.5831970372237,10.4343891143799
1,40.97,13.5865303371102,10.4475021362305
1,40.98,13.5898636369966,10.4564428329468
1,40.99,13.593196936883,10.4677677154541
1,41,13.5965302367695,10.4832649230957
1,41.01,13.5998635366559,10.4928016662598
1,41.02,13.6031968365423,10.5053186416626
1,41.03,13.6065301364288,10.5166435241699
1,41.04,13.6098634363152,10.5303525924683
1,41.05,13.6131967362016,10.5434656143188
1,41.06,13.6165300360881,10.560154914856
1,41.07,13.6198633359745,10.5738639831543
1,41.08,13.6231966358609,10.5863809585571
1,41.09,13.6265299357474,10.59889793396
1,41.1,13.6298632356338,10.6120109558105
1,41.11,13.6331965355203,10.6263160705566
1,41.12,13.6365298354067,10.637640953064
1,41.13,13.6398631352931,10.647177696228
1,41.14,13.6431964351796,10.6555223464966
1,41.15,13.646529735066,10.6698274612427
1,41.16,13.6498630349524,10.6841325759888
1,41.17,13.6531963348389,10.6954574584961
1,41.18,13.6565296347253,10.7067823410034
1,41.19,13.6598629346117,10.7181072235107
1,41.2,13.6631962344982,10.7318162918091
1,41.21,13.6665295343846,10.7431411743164
1,41.22,13.669862834271,10.756254196167
1,41.23,13.6731961341575,10.7765197753906
1,41.24,13.6765294340439,10.7884407043457
1,41.25,13.6798627339303,10.802149772644
1,41.26,13.6831960338168,10.8182430267334
1,41.27,13.6865293337032,10.8331441879272
1,41.28,13.6898626335897,10.8474493026733
1,41.29,13.6931959334761,10.8605623245239
1,41.3,13.6965292333625,10.8736753463745
1,41.31,13.699862533249,10.8897686004639
1,41.32,13.7031958331354,10.8981132507324
1,41.33,13.7065291330218,10.9118223190308
1,41.34,13.7098624329083,10.9255313873291
1,41.35,13.7131957327947,10.9338760375977
1,41.36,13.7165290326811,10.9505653381348
1,41.37,13.7198623325676,10.9636783599854
1,41.38,13.723195632454,10.9738111495972
1,41.39,13.7265289323404,10.9827518463135
1,41.4,13.7298622322269,11.0006332397461
1,41.41,13.7331955321133,11.0077857971191
1,41.42,13.7365288319998,11.027455329895
1,41.43,13.7398621318862,11.0399723052979
1,41.44,13.7431954317726,11.0524892807007
1,41.45,13.7465287316591,11.06858253479
1,41.46,13.7498620315455,11.0828876495361
1,41.47,13.7531953314319,11.0983848571777
1,41.48,13.7565286313184,11.1174583435059
1,41.49,13.7598619312048,11.1347436904907
1,41.5,13.7631952310912,11.1538171768188
1,41.51,13.7665285309777,11.1669301986694
1,41.52,13.7698618308641,11.1865997314453
1,41.53,13.7731951307505,11.2032890319824
1,41.54,13.776528430637,11.2134218215942
1,41.55,13.7798617305234,11.2241506576538
1,41.56,13.7831950304098,11.2378597259521
1,41.57,13.7865283302963,11.247992515564
1,41.58,13.7898616301827,11.2605094909668
1,41.59,13.7931949300691,11.2730264663696
1,41.6,13.7965282299556,11.2825632095337
1,41.61,13.799861529842,11.2926959991455
1,41.62,13.8031948297285,11.3064050674438
1,41.63,13.8065281296149,11.3123655319214
1,41.64,13.8098614295013,11.325478553772
1,41.65,13.8131947293878,11.3362073898315
1,41.66,13.8165280292742,11.3385915756226
1,41.67,13.8198613291606,11.3493204116821
1,41.68,13.8231946290471,11.3600492477417
1,41.69,13.8265279289335,11.3731622695923
1,41.7,13.8298612288199,11.3886594772339
1,41.71,13.8331945287064,11.405348777771
1,41.72,13.8365278285928,11.4142894744873
1,41.73,13.8398611284792,11.4303827285767
1,41.74,13.8431944283657,11.439323425293
1,41.75,13.8465277282521,11.4494562149048
1,41.76,13.8498610281385,11.4649534225464
1,41.77,13.853194328025,11.4798545837402
1,41.78,13.8565276279114,11.487603187561
1,41.79,13.8598609277979,11.4989280700684
1,41.8,13.8631942276843,11.5084648132324
1,41.81,13.8665275275707,11.523962020874
1,41.82,13.8698608274572,11.5311145782471
1,41.83,13.8731941273436,11.5418434143066
1,41.84,13.87652742723,11.5472078323364
1,41.85,13.8798607271165,11.5537643432617
1,41.86,13.8831940270029,11.5662813186646
1,41.87,13.8865273268893,11.5799903869629
1,41.88,13.8898606267758,11.591911315918
1,41.89,13.8931939266622,11.6062164306641
1,41.9,13.8965272265486,11.6193294525146
1,41.91,13.8998605264351,11.628270149231
1,41.92,13.9031938263215,11.6372108459473
1,41.93,13.9065271262079,11.6539001464844
1,41.94,13.9098604260944,11.6688013076782
1,41.95,13.9131937259808,11.6801261901855
1,41.96,13.9165270258673,11.6902589797974
1,41.97,13.9198603257537,11.7027759552002
1,41.98,13.9231936256401,11.7093324661255
1,41.99,13.9265269255266,11.7284059524536
1,42,13.929860225413,11.7415189743042
1,42.01,13.9331935252994,11.7522478103638
1,42.02,13.9365268251859,11.7707252502441
1,42.03,13.9398601250723,11.7844343185425
1,42.04,13.9431934249587,11.8035078048706
1,42.05,13.9465267248452,11.8190050125122
1,42.06,13.9498600247316,11.8356943130493
1,42.07,13.953193324618,11.8494033813477
1,42.08,13.9565266245045,11.8625164031982
1,42.09,13.9598599243909,11.8762254714966
1,42.1,13.9631932242773,11.8923187255859
1,42.11,13.9665265241638,11.9102001190186
1,42.12,13.9698598240502,11.9245052337646
1,42.13,13.9731931239367,11.942982673645
1,42.14,13.9765264238231,11.9596719741821
1,42.15,13.9798597237095,11.972188949585
1,42.16,13.983193023596,11.9882822036743
1,42.17,13.9865263234824,12.0055675506592
1,42.18,13.9898596233688,12.020468711853
1,42.19,13.9931929232553,12.0359659194946
1,42.2,13.9965262231417,12.049674987793
1,42.21,13.9998595230281,12.0633840560913
1,42.22,14.0031928229146,12.0747089385986
1,42.23,14.006526122801,12.088418006897
1,42.24,14.0098594226874,12.1015310287476
1,42.25,14.0131927225739,12.1152400970459
1,42.26,14.0165260224603,12.1301412582397
1,42.27,14.0198593223467,12.1432542800903
1,42.28,14.0231926222332,12.1545791625977
1,42.29,14.0265259221196,12.170672416687
1,42.3,14.0298592220061,12.1831893920898
1,42.31,14.0331925218925,12.1986865997314
1,42.32,14.0365258217789,12.20703125
1,42.33,14.0398591216654,12.2219324111938
1,42.34,14.0431924215518,12.2350454330444
1,42.35,14.0465257214382,12.2445821762085
1,42.36,14.0498590213247,12.2559070587158
1,42.37,14.0531923212111,12.2696161270142
1,42.38,14.0565256210975,12.2809410095215
1,42.39,14.059858920984,12.2934579849243
1,42.4,14.0631922208704,12.3059749603271
1,42.41,14.0665255207568,12.3202800750732
1,42.42,14.0698588206433,12.3369693756104
1,42.43,14.0731921205297,12.3506784439087
1,42.44,14.0765254204161,12.3625993728638
1,42.45,14.0798587203026,12.3798847198486
1,42.46,14.083192020189,12.3929977416992
1,42.47,14.0865253200755,12.4049186706543
1,42.48,14.0898586199619,12.4210119247437
1,42.49,14.0931919198483,12.4329328536987
1,42.5,14.0965252197348,12.4478340148926
1,42.51,14.0998585196212,12.4591588973999
1,42.52,14.1031918195076,12.4746561050415
1,42.53,14.1065251193941,12.4841928482056
1,42.54,14.1098584192805,12.5014781951904
1,42.55,14.1131917191669,12.5187635421753
1,42.56,14.1165250190534,12.5336647033691
1,42.57,14.1198583189398,12.546181678772
1,42.58,14.1231916188262,12.5604867935181
1,42.59,14.1265249187127,12.5741958618164
1,42.6,14.1298582185991,12.589693069458
1,42.61,14.1331915184855,12.6087665557861
1,42.62,14.136524818372,12.6206874847412
1,42.63,14.1398581182584,12.6314163208008
1,42.64,14.1431914181449,12.6457214355469
1,42.65,14.1465247180313,12.6606225967407
1,42.66,14.1498580179177,12.6743316650391
1,42.67,14.1531913178042,12.6844644546509
1,42.68,14.1565246176906,12.6969814300537
1,42.69,14.159857917577,12.7106904983521
1,42.7,14.1631912174635,12.7190351486206
1,42.71,14.1665245173499,12.7333402633667
1,42.72,14.1698578172363,12.7434730529785
1,42.73,14.1731911171228,12.7547979354858
1,42.74,14.1765244170092,12.7655267715454
1,42.75,14.1798577168956,12.781023979187
1,42.76,14.1831910167821,12.7935409545898
1,42.77,14.1865243166685,12.810230255127
1,42.78,14.1898576165549,12.822151184082
1,42.79,14.1931909164414,12.8334760665894
1,42.8,14.1965242163278,12.8453969955444
1,42.81,14.1998575162143,12.8591060638428
1,42.82,14.2031908161007,12.8710269927979
1,42.83,14.2065241159871,12.8805637359619
1,42.84,14.2098574158736,12.8912925720215
1,42.85,14.21319071576,12.9002332687378
1,42.86,14.2165240156464,12.9145383834839
1,42.87,14.2198573155329,12.9228830337524
1,42.88,14.2231906154193,12.9354000091553
1,42.89,14.2265239153057,12.9467248916626
1,42.9,14.2298572151922,12.9610300064087
1,42.91,14.2331905150786,12.9705667495728
1,42.92,14.236523814965,12.9848718643188
1,42.93,14.2398571148515,12.9944086074829
1,42.94,14.2431904147379,13.0027532577515
1,42.95,14.2465237146243,13.0200386047363
1,42.96,14.2498570145108,13.0331516265869
1,42.97,14.2531903143972,13.0438804626465
1,42.98,14.2565236142837,13.0558013916016
1,42.99,14.2598569141701,13.0677223205566
1,43,14.2631902140565,13.0778551101685
1,43.01,14.266523513943,13.090968132019
1,43.02,14.2698568138294,13.1040811538696
1,43.03,14.2731901137158,13.115406036377
1,43.04,14.2765234136023,13.1243467330933
1,43.05,14.2798567134887,13.1464004516602
1,43.06,14.2831900133751,13.1577253341675
1,43.07,14.2865233132616,13.1744146347046
1,43.08,14.289856613148,13.1899118423462
1,43.09,14.2931899130344,13.2030248641968
1,43.1,14.2965232129209,13.2137537002563
1,43.11,14.2998565128073,13.2238864898682
1,43.12,14.3031898126937,13.2334232330322
1,43.13,14.3065231125802,13.2417678833008
1,43.14,14.3098564124666,13.2548809051514
1,43.15,14.3131897123531,13.2662057876587
1,43.16,14.3165230122395,13.279914855957
1,43.17,14.3198563121259,13.2924318313599
1,43.18,14.3231896120124,13.3001804351807
1,43.19,14.3265229118988,13.3121013641357
1,43.2,14.3298562117852,13.3246183395386
1,43.21,14.3331895116717,13.3365392684937
1,43.22,14.3365228115581,13.3496522903442
1,43.23,14.3398561114445,13.3597850799561
1,43.24,14.343189411331,13.3705139160156
1,43.25,14.3465227112174,13.3848190307617
1,43.26,14.3498560111038,13.3991241455078
1,43.27,14.3531893109903,13.4176015853882
1,43.28,14.3565226108767,13.425350189209
1,43.29,14.3598559107631,13.4408473968506
1,43.3,14.3631892106496,13.4551525115967
1,43.31,14.366522510536,13.4724378585815
1,43.32,14.3698558104225,13.4891271591187
1,43.33,14.3731891103089,13.5040283203125
1,43.34,14.3765224101953,13.5189294815063
1,43.35,14.3798557100818,13.5326385498047
1,43.36,14.3831890099682,13.5451555252075
1,43.37,14.3865223098546,13.5624408721924
1,43.38,14.3898556097411,13.577938079834
1,43.39,14.3931889096275,13.5922431945801
1,43.4,14.3965222095139,13.6071443557739
1,43.41,14.3998555094004,13.6178731918335
1,43.42,14.4031888092868,13.6321783065796
1,43.43,14.4065221091732,13.6482715606689
1,43.44,14.4098554090597,13.6637687683105
1,43.45,14.4131887089461,13.6792659759521
1,43.46,14.4165220088325,13.6923789978027
1,43.47,14.419855308719,13.7084722518921
1,43.48,14.4231886086054,13.7245655059814
1,43.49,14.4265219084918,13.7448310852051
1,43.5,14.4298552083783,13.7621164321899
1,43.51,14.4331885082647,13.7722492218018
1,43.52,14.4365218081512,13.7960910797119
1,43.53,14.4398551080376,13.8092041015625
1,43.54,14.443188407924,13.8282775878906
1,43.55,14.4465217078105,13.8479471206665
1,43.56,14.4498550076969,13.8646364212036
1,43.57,14.4531883075833,13.8801336288452
1,43.58,14.4565216074698,13.9009952545166
1,43.59,14.4598549073562,13.9158964157104
1,43.6,14.4631882072426,13.9319896697998
1,43.61,14.4665215071291,13.9474868774414
1,43.62,14.4698548070155,13.965368270874
1,43.63,14.4731881069019,13.9832496643066
1,43.64,14.4765214067884,13.9963626861572
1,43.65,14.4798547066748,14.0100717544556
1,43.66,14.4831880065613,14.0345096588135
1,43.67,14.4865213064477,14.0488147735596
1,43.68,14.4898546063341,14.0661001205444
1,43.69,14.4931879062206,14.0798091888428
1,43.7,14.496521206107,14.0935182571411
1,43.71,14.4998545059934,14.1102075576782
1,43.72,14.5031878058799,14.1239166259766
1,43.73,14.5065211057663,14.1388177871704
1,43.74,14.5098544056527,14.156699180603
1,43.75,14.5131877055392,14.1704082489014
1,43.76,14.5165210054256,14.1853094100952
1,43.77,14.519854305312,14.1984224319458
1,43.78,14.5231876051985,14.2085552215576
1,43.79,14.5265209050849,14.2198801040649
1,43.8,14.5298542049713,14.2407417297363
1,43.81,14.5331875048578,14.2526626586914
1,43.82,14.5365208047442,14.2627954483032
1,43.83,14.5398541046306,14.2765045166016
1,43.84,14.5431874045171,14.2931938171387
1,43.85,14.5465207044035,14.3051147460938
1,43.86,14.54985400429,14.3200159072876
1,43.87,14.5531873041764,14.3367052078247
1,43.88,14.5565206040628,14.3516063690186
1,43.89,14.5598539039493,14.3593549728394
1,43.9,14.5631872038357,14.3718719482422
1,43.91,14.5665205037221,14.3826007843018
1,43.92,14.5698538036086,14.3975019454956
1,43.93,14.573187103495,14.4070386886597
1,43.94,14.5765204033814,14.4153833389282
1,43.95,14.5798537032679,14.4290924072266
1,43.96,14.5831870031543,14.4416093826294
1,43.97,14.5865203030407,14.4499540328979
1,43.98,14.5898536029272,14.4577026367188
1,43.99,14.5931869028136,14.4684314727783
1,44,14.5965202027,14.4779682159424
1,44.01,14.5998535025865,14.4827365875244
1,44.02,14.6031868024729,14.4964456558228
1,44.03,14.6065201023594,14.5083665847778
1,44.04,14.6098534022458,14.5179033279419
1,44.05,14.6131867021322,14.5304203033447
1,44.06,14.6165200020187,14.5453214645386
1,44.07,14.6198533019051,14.5572423934937
1,44.08,14.6231866017915,14.5727396011353
1,44.09,14.626519901678,14.5864486694336
1,44.1,14.6298532015644,14.6037340164185
1,44.11,14.6331865014508,14.6216154098511
1,44.12,14.6365198013373,14.6329402923584
1,44.13,14.6398531012237,14.6549940109253
1,44.14,14.6431864011101,14.6692991256714
1,44.15,14.6465197009966,14.6794319152832
1,44.16,14.649853000883,14.7014856338501
1,44.17,14.6531863007695,14.7134065628052
1,44.18,14.6565196006559,14.7277116775513
1,44.19,14.6598529005423,14.7372484207153
1,44.2,14.6631862004288,14.7438049316406
1,44.21,14.6665195003152,14.7652626037598
1,44.22,14.6698528002016,14.7724151611328
1,44.23,14.6731861000881,14.7819519042969
1,44.24,14.6765193999745,14.793872833252
1,44.25,14.6798526998609,14.8046016693115
1,44.26,14.6831859997474,14.8212909698486
1,44.27,14.6865192996338,14.8320198059082
1,44.28,14.6898525995202,14.8463249206543
1,44.29,14.6931858994067,14.8618221282959
1,44.3,14.6965191992931,14.87135887146
1,44.31,14.6998524991795,14.8880481719971
1,44.32,14.703185799066,14.9011611938477
1,44.33,14.7065190989524,14.9106979370117
1,44.34,14.7098523988388,14.9166584014893
1,44.35,14.7131856987253,14.9261951446533
1,44.36,14.7165189986117,14.9369239807129
1,44.37,14.7198522984982,14.9405002593994
1,44.38,14.7231855983846,14.9476528167725
1,44.39,14.726518898271,14.9667263031006
1,44.4,14.7298521981575,14.9774551391602
1,44.41,14.7331854980439,14.9834156036377
1,44.42,14.7365187979303,14.9857997894287
1,44.43,14.7398520978168,15.0036811828613
1,44.44,14.7431853977032,15.0167942047119
1,44.45,14.7465186975896,15.026330947876
1,44.46,14.7498519974761,15.0394439697266
1,44.47,14.7531852973625,15.0561332702637
1,44.48,14.7565185972489,15.0525569915771
1,44.49,14.7598518971354,15.0680541992188
1,44.5,14.7631851970218,15.0680541992188
1,44.51,14.7665184969082,15.0930881500244
1,44.52,14.7698517967947,15.1002407073975
1,44.53,14.7731850966811,15.113353729248
1,44.54,14.7765183965676,15.1228904724121
1,44.55,14.779851696454,15.1288509368896
1,44.56,14.7831849963404,15.1503086090088
1,44.57,14.7865182962269,15.1693820953369
1,44.58,14.7898515961133,15.181303024292
1,44.59,14.7931848959997,15.1979923248291
1,44.6,14.7965181958862,15.2146816253662
1,44.61,14.7998514957726,15.2266025543213
1,44.62,14.803184795659,15.2385234832764
1,44.63,14.8065180955455,15.2456760406494
1,44.64,14.8098513954319,15.263557434082
1,44.65,14.8131846953183,15.2838230133057
1,44.66,14.8165179952048,15.2921676635742
1,44.67,14.8198512950912,15.2981281280518
1,44.68,14.8231845949776,15.3255462646484
1,44.69,14.8265178948641,15.3434276580811
1,44.7,14.8298511947505,15.3577327728271
1,44.71,14.833184494637,15.3732299804688
1,44.72,14.8365177945234,15.3875350952148
1,44.73,14.8398510944098,15.4006481170654
1,44.74,14.8431843942963,15.413761138916
1,44.75,14.8465176941827,15.4316425323486
1,44.76,14.8498509940691,15.4483318328857
1,44.77,14.8531842939556,15.4721736907959
1,44.78,14.856517593842,15.486478805542
1,44.79,14.8598508937284,15.5007839202881
1,44.8,14.8631841936149,15.5222415924072
1,44.81,14.8665174935013,15.5401229858398
1,44.82,14.8698507933877,15.5627727508545
1,44.83,14.8731840932742,15.5746936798096
1,44.84,14.8765173931606,15.5949592590332
1,44.85,14.879850693047,15.6164169311523
1,44.86,14.8831839929335,15.6354904174805
1,44.87,14.8865172928199,15.6486034393311
1,44.88,14.8898505927064,15.6664848327637
1,44.89,14.8931838925928,15.6843662261963
1,44.9,14.8965171924792,15.6927108764648
1,44.91,14.8998504923657,15.7105922698975
1,44.92,14.9031837922521,15.7284736633301
1,44.93,14.9065170921385,15.7308578491211
1,44.94,14.909850392025,15.7535076141357
1,44.95,14.9131836919114,15.7654285430908
1,44.96,14.9165169917978,15.7761573791504
1,44.97,14.9198502916843,15.791654586792
1,44.98,14.9231835915707,15.796422958374
1,44.99,14.9265168914571,15.8119201660156
1,45,14.9298501913436,15.8309936523438
1,45.01,14.93318349123,15.8429145812988
1,45.02,14.9365167911164,15.8631801605225
1,45.03,14.9398500910029,15.871524810791
1,45.04,14.9431833908893,15.8822536468506
1,45.05,14.9465166907758,15.8929824829102
1,45.06,14.9498499906622,15.9132480621338
1,45.07,14.9531832905486,15.9323215484619
1,45.08,14.9565165904351,15.9370899200439
1,45.09,14.9598498903215,15.9502029418945
1,45.1,14.9631831902079,15.9716606140137
1,45.11,14.9665164900944,15.9871578216553
1,45.12,14.9698497899808,16.0050392150879
1,45.13,14.9731830898672,16.014575958252
1,45.14,14.9765163897537,16.0300731658936
1,45.15,14.9798496896401,16.0467624664307
1,45.16,14.9831829895265,16.0527229309082
1,45.17,14.986516289413,16.0765647888184
1,45.18,14.9898495892994,16.0908699035645
1,45.19,14.9931828891858,16.094446182251
1,45.2,14.9965161890723,16.1135196685791
1,45.21,14.9998494889587,16.1373615264893
1,45.22,15.0031827888452,16.1564350128174
1,45.23,15.0065160887316,16.1683559417725
1,45.24,15.009849388618,16.1755084991455
1,45.25,15.0131826885045,16.1886215209961
1,45.26,15.0165159883909,16.2088871002197
1,45.27,15.0198492882773,16.2160396575928
1,45.28,15.0231825881638,16.2279605865479
1,45.29,15.0265158880502,16.2398815155029
1,45.3,15.0298491879366,16.2601470947266
1,45.31,15.0331824878231,16.2732601165771
1,45.32,15.0365157877095,16.2851810455322
1,45.33,15.0398490875959,16.3054466247559
1,45.34,15.0431823874824,16.3209438323975
1,45.35,15.0465156873688,16.331672668457
1,45.36,15.0498489872552,16.3555145263672
1,45.37,15.0531822871417,16.3722038269043
1,45.38,15.0565155870281,16.3829326629639
1,45.39,15.0598488869146,16.39723777771
1,45.4,15.063182186801,16.4222717285156
1,45.41,15.0665154866874,16.4353847503662
1,45.42,15.0698487865739,16.4520740509033
1,45.43,15.0731820864603,16.4651870727539
1,45.44,15.0765153863467,16.481876373291
1,45.45,15.0798486862332,16.4902210235596
1,45.46,15.0831819861196,16.5140628814697
1,45.47,15.086515286006,16.5271759033203
1,45.48,15.0898485858925,16.5486335754395
1,45.49,15.0931818857789,16.5665149688721
1,45.5,15.0965151856653,16.5808200836182
1,45.51,15.0998484855518,16.5951251983643
1,45.52,15.1031817854382,16.6165828704834
1,45.53,15.1065150853246,16.6141986846924
1,45.54,15.1098483852111,16.6261196136475
1,45.55,15.1131816850975,16.6463851928711
1,45.56,15.116514984984,16.6630744934082
1,45.57,15.1198482848704,16.6678428649902
1,45.58,15.1231815847568,16.6809558868408
1,45.59,15.1265148846433,16.6988372802734
1,45.6,15.1298481845297,16.7059898376465
1,45.61,15.1331814844161,16.7250633239746
1,45.62,15.1365147843026,16.7393684387207
1,45.63,15.139848084189,16.7477130889893
1,45.64,15.1431813840754,16.7584419250488
1,45.65,15.1465146839619,16.7596340179443
1,45.66,15.1498479838483,16.777515411377
1,45.67,15.1531812837347,16.78466796875
1,45.68,15.1565145836212,16.7965888977051
1,45.69,15.1598478835076,16.8097019195557
1,45.7,15.163181183394,16.8251991271973
1,45.71,15.1665144832805,16.8383121490479
1,45.72,15.1698477831669,16.8466567993164
1,45.73,15.1731810830534,16.857385635376
1,45.74,15.1765143829398,16.8681144714355
1,45.75,15.1798476828262,16.8752670288086
1,45.76,15.1831809827127,16.8943405151367
1,45.77,15.1865142825991,16.9110298156738
1,45.78,15.1898475824855,16.9134140014648
1,45.79,15.193180882372,16.9217586517334
1,45.8,15.1965141822584,16.939640045166
1,45.81,15.1998474821448,16.944408416748
1,45.82,15.2031807820313,16.9491767883301
1,45.83,15.2065140819177,16.9646739959717
1,45.84,15.2098473818041,16.9730186462402
1,45.85,15.2131806816906,16.9873237609863
1,45.86,15.216513981577,16.9968605041504
1,45.87,15.2198472814634,17.012357711792
1,45.88,15.2231805813499,17.017126083374
1,45.89,15.2265138812363,17.0385837554932
1,45.9,15.2298471811228,17.0576572418213
1,45.91,15.2331804810092,17.0731544494629
1,45.92,15.2365137808956,17.094612121582
1,45.93,15.2398470807821,17.1101093292236
1,45.94,15.2431803806685,17.1160697937012
1,45.95,15.2465136805549,17.1446800231934
1,45.96,15.2498469804414,17.1566009521484
1,45.97,15.2531802803278,17.167329788208
1,45.98,15.2565135802142,17.1816349029541
1,45.99,15.2598468801007,17.1864032745361
1,46,15.2631801799871,17.1947479248047
1,46.01,15.2665134798735,17.2150135040283
1,46.02,15.26984677976,17.2293186187744
1,46.03,15.2731800796464,17.249584197998
1,46.04,15.2765133795328,17.2674655914307
1,46.05,15.2798466794193,17.2841548919678
1,46.06,15.2831799793057,17.2924995422363
1,46.07,15.2865132791921,17.3044204711914
1,46.08,15.2898465790786,17.3366069793701
1,46.09,15.293179878965,17.3509120941162
1,46.1,15.2965131788515,17.3592567443848
1,46.11,15.2998464787379,17.3687934875488
1,46.12,15.3031797786243,17.3842906951904
1,46.13,15.3065130785108,17.4009799957275
1,46.14,15.3098463783972,17.4236297607422
1,46.15,15.3131796782836,17.4355506896973
1,46.16,15.3165129781701,17.4474716186523
1,46.17,15.3198462780565,17.4713134765625
1,46.18,15.3231795779429,17.4820423126221
1,46.19,15.3265128778294,17.4999237060547
1,46.2,15.3298461777158,17.5154209136963
1,46.21,15.3331794776022,17.5309181213379
1,46.22,15.3365127774887,17.552375793457
1,46.23,15.3398460773751,17.5690650939941
1,46.24,15.3431793772616,17.5940990447998
1,46.25,15.346512677148,17.6095962524414
1,46.26,15.3498459770344,17.627477645874
1,46.27,15.3531792769209,17.6501274108887
1,46.28,15.3565125768073,17.6656246185303
1,46.29,15.3598458766937,17.6727771759033
1,46.3,15.3631791765802,17.695426940918
1,46.31,15.3665124764666,17.7204608917236
1,46.32,15.369845776353,17.7323818206787
1,46.33,15.3731790762395,17.7490711212158
1,46.34,15.3765123761259,17.7645683288574
1,46.35,15.3798456760123,17.7812576293945
1,46.36,15.3831789758988,17.8027153015137
1,46.37,15.3865122757852,17.8110599517822
1,46.38,15.3898455756716,17.8337097167969
1,46.39,15.3931788755581,17.8444385528564
1,46.4,15.3965121754445,17.8563594818115
1,46.41,15.3998454753309,17.8670883178711
1,46.42,15.4031787752174,17.8825855255127
1,46.43,15.4065120751038,17.8968906402588
1,46.44,15.4098453749903,17.9195404052734
1,46.45,15.4131786748767,17.927885055542
1,46.46,15.4165119747631,17.9481506347656
1,46.47,15.4198452746496,17.9612636566162
1,46.48,15.423178574536,17.9684162139893
1,46.49,15.4265118744224,17.9886817932129
1,46.5,15.4298451743089,18.000602722168
1,46.51,15.4331784741953,18.0149078369141
1,46.52,15.4365117740817,18.0196762084961
1,46.53,15.4398450739682,18.0304050445557
1,46.54,15.4431783738546,18.0530548095703
1,46.55,15.446511673741,18.0637836456299
1,46.56,15.4498449736275,18.075704574585
1,46.57,15.4531782735139,18.0888175964355
1,46.58,15.4565115734003,18.1055068969727
1,46.59,15.4598448732868,18.1257724761963
1,46.6,15.4631781731732,18.1317329406738
1,46.61,15.4665114730597,18.1519985198975
1,46.62,15.4698447729461,18.1698799133301
1,46.63,15.4731780728325,18.1806087493896
1,46.64,15.476511372719,18.1961059570313
1,46.65,15.4798446726054,18.2080268859863
1,46.66,15.4831779724918,18.2163715362549
1,46.67,15.4865112723783,18.235445022583
1,46.68,15.4898445722647,18.2449817657471
1,46.69,15.4931778721511,18.2640552520752
1,46.7,15.4965111720376,18.2664394378662
1,46.71,15.499844471924,18.2807445526123
1,46.72,15.5031777718104,18.2962417602539
1,46.73,15.5065110716969,18.310546875
1,46.74,15.5098443715833,18.3248519897461
1,46.75,15.5131776714697,18.3427333831787
1,46.76,15.5165109713562,18.3606147766113
1,46.77,15.5198442712426,18.3749198913574
1,46.78,15.5231775711291,18.390417098999
1,46.79,15.5265108710155,18.4071063995361
1,46.8,15.5298441709019,18.4202194213867
1,46.81,15.5331774707884,18.4416770935059
1,46.82,15.5365107706748,18.455982208252
1,46.83,15.5398440705612,18.4667110443115
1,46.84,15.5431773704477,18.4834003448486
1,46.85,15.5465106703341,18.5108184814453
1,46.86,15.5498439702205,18.5298919677734
1,46.87,15.553177270107,18.5501575469971
1,46.88,15.5565105699934,18.5692310333252
1,46.89,15.5598438698798,18.5847282409668
1,46.9,15.5631771697663,18.6026096343994
1,46.91,15.5665104696527,18.6192989349365
1,46.92,15.5698437695391,18.6276435852051
1,46.93,15.5731770694256,18.6491012573242
1,46.94,15.576510369312,18.6622142791748
1,46.95,15.5798436691985,18.6777114868164
1,46.96,15.5831769690849,18.6944007873535
1,46.97,15.5865102689713,18.7098979949951
1,46.98,15.5898435688578,18.7253952026367
1,46.99,15.5931768687442,18.7408924102783
1,47,15.5965101686306,18.7540054321289
1,47.01,15.5998434685171,18.7599658966064
1,47.02,15.6031767684035,18.7766551971436
1,47.03,15.6065100682899,18.8004970550537
1,47.04,15.6098433681764,18.8159942626953
1,47.05,15.6131766680628,18.8231468200684
1,47.06,15.6165099679492,18.8350677490234
1,47.07,15.6198432678357,18.850564956665
1,47.08,15.6231765677221,18.8696384429932
1,47.09,15.6265098676085,18.8744068145752
1,47.1,15.629843167495,18.8946723937988
1,47.11,15.6331764673814,18.9065933227539
1,47.12,15.6365097672679,18.9244747161865
1,47.13,15.6398430671543,18.9387798309326
1,47.14,15.6431763670407,18.9542770385742
1,47.15,15.6465096669272,18.9661979675293
1,47.16,15.6498429668136,18.9757347106934
1,47.17,15.6531762667,18.9924240112305
1,47.18,15.6565095665865,18.9995765686035
1,47.19,15.6598428664729,19.0150737762451
1,47.2,15.6631761663593,19.0258026123047
1,47.21,15.6665094662458,19.0424919128418
1,47.22,15.6698427661322,19.0544128417969
1,47.23,15.6731760660186,19.0615653991699
1,47.24,15.6765093659051,19.0770626068115
1,47.25,15.6798426657915,19.0830230712891
1,47.26,15.6831759656779,19.1009044647217
1,47.27,15.6865092655644,19.1140174865723
1,47.28,15.6898425654508,19.1307067871094
1,47.29,15.6931758653373,19.1390514373779
1,47.3,15.6965091652237,19.148588180542
1,47.31,15.6998424651101,19.1688537597656
1,47.32,15.7031757649966,19.1831588745117
1,47.33,15.706509064883,19.1974639892578
1,47.34,15.7098423647694,19.2177295684814
1,47.35,15.7131756646559,19.2379951477051
1,47.36,15.7165089645423,19.2499160766602
1,47.37,15.7198422644287,19.2701816558838
1,47.38,15.7231755643152,19.2832946777344
1,47.39,15.7265088642016,19.2999839782715
1,47.4,15.729842164088,19.3202495574951
1,47.41,15.7331754639745,19.3345546722412
1,47.42,15.7365087638609,19.3417072296143
1,47.43,15.7398420637473,19.3607807159424
1,47.44,15.7431753636338,19.378662109375
1,47.45,15.7465086635202,19.3965435028076
1,47.46,15.7498419634067,19.4180011749268
1,47.47,15.7531752632931,19.4311141967773
1,47.48,15.7565085631795,19.4382667541504
1,47.49,15.759841863066,19.460916519165
1,47.5,15.7631751629524,19.4644927978516
1,47.51,15.7665084628388,19.4919109344482
1,47.52,15.7698417627253,19.5097923278809
1,47.53,15.7731750626117,19.5145606994629
1,47.54,15.7765083624981,19.5395946502686
1,47.55,15.7798416623846,19.5538997650146
1,47.56,15.783174962271,19.5586681365967
1,47.57,15.7865082621574,19.5753574371338
1,47.58,15.7898415620439,19.606351852417
1,47.59,15.7931748619303,19.6182727813721
1,47.6,15.7965081618167,19.6325778961182
1,47.61,15.7998414617032,19.6456909179688
1,47.62,15.8031747615896,19.6695327758789
1,47.63,15.8065080614761,19.686222076416
1,47.64,15.8098413613625,19.7005271911621
1,47.65,15.8131746612489,19.7279453277588
1,47.66,15.8165079611354,19.7446346282959
1,47.67,15.8198412610218,19.7625160217285
1,47.68,15.8231745609082,19.7780132293701
1,47.69,15.8265078607947,19.7994709014893
1,47.7,15.8298411606811,19.8113918304443
1,47.71,15.8331744605675,19.8304653167725
1,47.72,15.836507760454,19.8483467102051
1,47.73,15.8398410603404,19.8507308959961
1,47.74,15.8431743602268,19.8614597320557
1,47.75,15.8465076601133,19.8912620544434
1,47.76,15.8498409599997,19.8984146118164
1,47.77,15.8531742598861,19.916296005249
1,47.78,15.8565075597726,19.9222564697266
1,47.79,15.859840859659,19.9294090270996
1,47.8,15.8631741595454,19.9401378631592
1,47.81,15.8665074594319,19.9556350708008
1,47.82,15.8698407593183,19.9615955352783
1,47.83,15.8731740592048,19.9747085571289
1,47.84,15.8765073590912,19.984245300293
1,47.85,15.8798406589776,19.9878215789795
1,47.86,15.8831739588641,20.0092792510986
1,47.87,15.8865072587505,20.0235843658447
1,47.88,15.8898405586369,20.0343132019043
1,47.89,15.8931738585234,20.0474262237549
1,47.9,15.8965071584098,20.0676918029785
1,47.91,15.8998404582962,20.0808048248291
1,47.92,15.9031737581827,20.0939178466797
1,47.93,15.9065070580691,20.1201438903809
1,47.94,15.9098403579555,20.1356410980225
1,47.95,15.913173657842,20.1547145843506
1,47.96,15.9165069577284,20.1785564422607
1,47.97,15.9198402576149,20.1952457427979
1,47.98,15.9231735575013,20.2083587646484
1,47.99,15.9265068573877,20.2286243438721
1,48,15.9298401572742,20.2596187591553
1,48.01,15.9331734571606,20.2679634094238
1,48.02,15.936506757047,20.2906131744385
1,48.03,15.9398400569335,20.3084945678711
1,48.04,15.9431733568199,20.3204154968262
1,48.05,15.9465066567063,20.3394889831543
1,48.06,15.9498399565928,20.3537940979004
1,48.07,15.9531732564792,20.3621387481689
1,48.08,15.9565065563656,20.376443862915
1,48.09,15.9598398562521,20.3883647918701
1,48.1,15.9631731561385,20.4050540924072
1,48.11,15.9665064560249,20.4229354858398
1,48.12,15.9698397559114,20.4336643218994
1,48.13,15.9731730557978,20.4503536224365
1,48.14,15.9765063556843,20.4586982727051
1,48.15,15.9798396555707,20.4896926879883
1,48.16,15.9831729554571,20.5016136169434
1,48.17,15.9865062553436,20.5159187316895
1,48.18,15.98983955523,20.5421447753906
1,48.19,15.9931728551164,20.5600261688232
1,48.2,15.9965061550029,20.5862522125244
1,48.21,15.9998394548893,20.6124782562256
1,48.22,16.0031727547757,20.6315517425537
1,48.23,16.0065060546622,20.6565856933594
1,48.24,16.0098393545486,20.6780433654785
1,48.25,16.013172654435,20.6887722015381
1,48.26,16.0165059543215,20.7054615020752
1,48.27,16.0198392542079,20.7316875457764
1,48.28,16.0231725540943,20.7459926605225
1,48.29,16.0265058539808,20.7555294036865
1,48.3,16.0298391538672,20.7722187042236
1,48.31,16.0331724537537,20.7960605621338
1,48.32,16.0365057536401,20.8079814910889
1,48.33,16.0398390535265,20.8163261413574
1,48.34,16.043172353413,20.829439163208
1,48.35,16.0465056532994,20.8401679992676
1,48.36,16.0498389531858,20.8568572998047
1,48.37,16.0531722530723,20.8520889282227
1,48.38,16.0565055529587,20.8735466003418
1,48.39,16.0598388528451,20.8866596221924
1,48.4,16.0631721527316,20.8866596221924
1,48.41,16.066505452618,20.8961963653564
1,48.42,16.0698387525044,20.906925201416
1,48.43,16.0731720523909,20.9057331085205
1,48.44,16.0765053522773,20.9283828735352
1,48.45,16.0798386521637,20.9403038024902
1,48.46,16.0831719520502,20.9546089172363
1,48.47,16.0865052519366,20.9653377532959
1,48.48,16.0898385518231,20.9784507751465
1,48.49,16.0931718517095,20.9915637969971
1,48.5,16.0965051515959,20.9987163543701
1,48.51,16.0998384514824,21.0177898406982
1,48.52,16.1031717513688,21.0344791412354
1,48.53,16.1065050512552,21.0475921630859
1,48.54,16.1098383511417,21.0666656494141
1,48.55,16.1131716510281,21.0881233215332
1,48.56,16.1165049509145,21.0940837860107
1,48.57,16.119838250801,21.1215019226074
1,48.58,16.1231715506874,21.1334228515625
1,48.59,16.1265048505738,21.1441516876221
1,48.6,16.1298381504603,21.1560726165771
1,48.61,16.1331714503467,21.1656093597412
1,48.62,16.1365047502331,21.1787223815918
1,48.63,16.1398380501196,21.1918354034424
1,48.64,16.143171350006,21.2109088897705
1,48.65,16.1465046498925,21.2275981903076
1,48.66,16.1498379497789,21.2383270263672
1,48.67,16.1531712496653,21.2585926055908
1,48.68,16.1565045495518,21.2705135345459
1,48.69,16.1598378494382,21.2836265563965
1,48.7,16.1631711493246,21.3003158569336
1,48.71,16.1665044492111,21.3134288787842
1,48.72,16.1698377490975,21.3253498077393
1,48.73,16.1731710489839,21.3539600372314
1,48.74,16.1765043488704,21.3658809661865
1,48.75,16.1798376487568,21.3789939880371
1,48.76,16.1831709486432,21.3956832885742
1,48.77,16.1865042485297,21.4099884033203
1,48.78,16.1898375484161,21.4231014251709
1,48.79,16.1931708483025,21.44455909729
1,48.8,16.196504148189,21.4552879333496
1,48.81,16.1998374480754,21.4719772338867
1,48.82,16.2031707479618,21.4910507202148
1,48.83,16.2065040478483,21.5053558349609
1,48.84,16.2098373477347,21.5232372283936
1,48.85,16.2131706476212,21.5375423431396
1,48.86,16.2165039475076,21.5542316436768
1,48.87,16.219837247394,21.5625762939453
1,48.88,16.2231705472805,21.5780735015869
1,48.89,16.2265038471669,21.5935707092285
1,48.9,16.2298371470533,21.6066837310791
1,48.91,16.2331704469398,21.6221809387207
1,48.92,16.2365037468262,21.6364860534668
1,48.93,16.2398370467126,21.6519832611084
1,48.94,16.2431703465991,21.6615200042725
1,48.95,16.2465036464855,21.6734409332275
1,48.96,16.2498369463719,21.6948986053467
1,48.97,16.2531702462584,21.6984748840332
1,48.98,16.2565035461448,21.7175483703613
1,48.99,16.2598368460312,21.7354297637939
1,49,16.2631701459177,21.737813949585
1,49.01,16.2665034458041,21.7556953430176
1,49.02,16.2698367456906,21.7604637145996
1,49.03,16.273170045577,21.7711925506592
1,49.04,16.2765033454634,21.7890739440918
1,49.05,16.2798366453499,21.7986106872559
1,49.06,16.2831699452363,21.8105316162109
1,49.07,16.2865032451227,21.8307971954346
1,49.08,16.2898365450092,21.8510627746582
1,49.09,16.2931698448956,21.8653678894043
1,49.1,16.296503144782,21.8808650970459
1,49.11,16.2998364446685,21.8987464904785
1,49.12,16.3031697445549,21.9261646270752
1,49.13,16.3065030444413,21.9440460205078
1,49.14,16.3098363443278,21.967887878418
1,49.15,16.3131696442142,21.9917297363281
1,49.16,16.3165029441006,22.0191478729248
1,49.17,16.3198362439871,22.045373916626
1,49.18,16.3231695438735,22.0656394958496
1,49.19,16.32650284376,22.1014022827148
1,49.2,16.3298361436464,22.1240520477295
1,49.21,16.3331694435328,22.1467018127441
1,49.22,16.3365027434193,22.1645832061768
1,49.23,16.3398360433057,22.1896171569824
1,49.24,16.3431693431921,22.205114364624
1,49.25,16.3465026430786,22.2229957580566
1,49.26,16.349835942965,22.2432613372803
1,49.27,16.3531692428514,22.2682952880859
1,49.28,16.3565025427379,22.2861766815186
1,49.29,16.3598358426243,22.2992897033691
1,49.3,16.3631691425107,22.3195552825928
1,49.31,16.3665024423972,22.3314762115479
1,49.32,16.3698357422836,22.348165512085
1,49.33,16.37316904217,22.3624706268311
1,49.34,16.3765023420565,22.3767757415771
1,49.35,16.3798356419429,22.3898887634277
1,49.36,16.3831689418294,22.4149227142334
1,49.37,16.3865022417158,22.4184989929199
1,49.38,16.3898355416022,22.4423408508301
1,49.39,16.3931688414887,22.4649906158447
1,49.4,16.3998354412615,22.4769115447998
1,49.42,16.403168741148,22.5162506103516
1,49.43,16.4065020410344,22.5198268890381
1,49.44,16.4098353409208,22.5448608398438
1,49.45,16.4131686408073,22.5663185119629
1,49.46,16.4198352405801,22.578239440918
1,49.48,16.4231685404666,22.6056575775146
1,49.49,16.426501840353,22.6235389709473
1,49.5,16.4298351402394,22.6426124572754
1,49.51,16.4331684401259,22.658109664917
1,49.52,16.4365017400123,22.6664543151855
1,49.53,16.4398350398988,22.6819515228271
1,49.54,16.4431683397852,22.7010250091553
1,49.55,16.4498349395581,22.7069854736328
1,49.57,16.4531682394445,22.7439403533936
1,49.58,16.4565015393309,22.7558612823486
1,49.59,16.4598348392174,22.7665901184082
1,49.6,16.4631681391038,22.7868556976318
1,49.61,16.4665014389902,22.7963924407959
1,49.62,16.4698347388767,22.8047370910645
1,49.63,16.4731680387631,22.817850112915
1,49.64,16.4765013386495,22.8440761566162
1,49.65,16.479834638536,22.8583812713623
1,49.66,16.4831679384224,22.8714942932129
1,49.67,16.4865012383089,22.881031036377
1,49.68,16.4898345381953,22.895336151123
1,49.69,16.4931678380817,22.9096412658691
1,49.7,16.4998344378546,22.9287147521973
1,49.72,16.503167737741,22.9561328887939
1,49.73,16.5065010376275,22.9620933532715
1,49.74,16.5098343375139,22.9895114898682
1,49.75,16.5165009372868,23.0062007904053
1,49.76,16.5198342371732,23.0169296264648
1,49.78,16.5231675370596,23.0562686920166
1,49.79,16.5298341368325,23.0801105499268
1,49.81,16.5331674367189,23.1170654296875
1,49.82,16.5398340364918,23.1420993804932
1,49.84,16.5431673363782,23.1778621673584
1,49.85,16.5498339361511,23.2028961181641
1,49.86,16.5531672360376,23.2219696044922
1,49.88,16.556500535924,23.263692855835
1,49.89,16.5598338358104,23.2791900634766
1,49.9,16.5631671356969,23.2946872711182
1,49.91,16.5698337354697,23.3042240142822
1,49.93,16.5731670353562,23.3328342437744
1,49.94,16.579833635129,23.3447551727295
1,49.96,16.5831669350155,23.3697891235352
1,49.97,16.5865002349019,23.3757495880127
1,49.98,16.5898335347883,23.3852863311768
1,49.99,16.5965001345612,23.3995914459229
1,50,16.5998334344476,23.4115123748779
1,50.02,16.6031667343341,23.4401226043701
1,50.03,16.6065000342205,23.4436988830566
1,50.04,16.6131666339934,23.4627723693848
1,50.05,16.6164999338798,23.4770774841309
1,50.06,16.6198332337663,23.4973430633545
1,50.08,16.6231665336527,23.5247611999512
1,50.09,16.6298331334256,23.5331058502197
1,50.1,16.633166433312,23.5486030578613
1,50.11,16.6364997331984,23.5652923583984
1,50.12,16.6398330330849,23.5843658447266
1,50.14,16.6431663329713,23.6117839813232
1,50.15,16.6498329327442,23.6308574676514
1,50.16,16.6531662326306,23.6451625823975
1,50.18,16.656499532517,23.6713886260986
1,50.19,16.6598328324035,23.6868858337402
1,50.2,16.6664994321764,23.7035751342773
1,50.21,16.6698327320628,23.7166881561279
1,50.23,16.6731660319492,23.7560272216797
1,50.24,16.6798326317221,23.7631797790527
1,50.25,16.6831659316085,23.7774848937988
1,50.26,16.686499231495,23.8072872161865
1,50.28,16.6898325313814,23.8382816314697
1,50.29,16.6964991311543,23.8537788391113
1,50.3,16.6998324310407,23.878812789917
1,50.32,16.7064990308136,23.9193439483643
1,50.33,16.7098323307,23.9348411560059
1,50.34,16.7131656305864,23.961067199707
1,50.35,16.7164989304729,23.9896774291992
1,50.36,16.7198322303593,24.0075588226318
1,50.38,16.7231655302458,24.0504741668701
1,50.39,16.7298321300186,24.0743160247803
1,50.4,16.7331654299051,24.0957736968994
1,50.41,16.7364987297915,24.1172313690186
1,50.42,16.7398320296779,24.1339206695557
1,50.44,16.7431653295644,24.1565704345703
1,50.45,16.7498319293372,24.1708755493164
1,50.46,16.7531652292237,24.1804122924805
1,50.48,16.7598318289965,24.2161750793457
1,50.49,16.763165128883,24.2340564727783
1,50.5,16.7664984287694,24.259090423584
1,50.51,16.7698317286558,24.2733955383301
1,50.52,16.7731650285423,24.3020057678223
1,50.53,16.7764983284287,24.3234634399414
1,50.54,16.7798316283152,24.343729019165
1,50.55,16.7831649282016,24.3639945983887
1,50.56,16.786498228088,24.3818759918213
1,50.58,16.7898315279745,24.4104862213135
1,50.59,16.7964981277473,24.4235992431641
1,50.6,16.7998314276338,24.4331359863281
1,50.61,16.8031647275202,24.4462490081787
1,50.62,16.8064980274066,24.4677066802979
1,50.63,16.8098313272931,24.4796276092529
1,50.64,16.8131646271795,24.4903564453125
1,50.65,16.8164979270659,24.5082378387451
1,50.66,16.8198312269524,24.5273113250732
1,50.68,16.8231645268388,24.5654582977295
1,50.69,16.8298311266117,24.5857238769531
1,50.7,16.8331644264981,24.6059894561768
1,50.71,16.8364977263846,24.6214866638184
1,50.72,16.839831026271,24.6512889862061
1,50.73,16.8431643261574,24.6596336364746
1,50.74,16.8464976260439,24.6798992156982
1,50.75,16.8498309259303,24.7037410736084
1,50.76,16.8531642258167,24.7097015380859
1,50.78,16.8598308255896,24.7478485107422
1,50.79,16.863164125476,24.7704982757568
1,50.8,16.8664974253625,24.7764587402344
1,50.81,16.8698307252489,24.7955322265625
1,50.82,16.8731640251353,24.8003005981445
1,50.83,16.8764973250218,24.8086452484131
1,50.84,16.8798306249082,24.8277187347412
1,50.85,16.8831639247946,24.8372554779053
1,50.86,16.8864972246811,24.8444080352783
1,50.88,16.8898305245675,24.8622894287109
1,50.89,16.8964971243404,24.869441986084
1,50.9,16.8998304242268,24.876594543457
1,50.91,16.9031637241133,24.8968601226807
1,50.92,16.9064970239997,24.9159336090088
1,50.93,16.9098303238861,24.9278545379639
1,50.94,16.9131636237726,24.9409675598145
1,50.95,16.916496923659,24.9505043029785
1,50.96,16.9198302235454,24.9779224395752
1,50.98,16.9231635234319,25.0124931335449
1,50.99,16.9298301232047,25.0363349914551
1,51,16.9331634230912,25.0554084777832
1,51.01,16.9364967229776,25.0673294067383
1,51.02,16.939830022864,25.1007080078125
1,51.03,16.9431633227505,25.1173973083496
1,51.04,16.9464966226369,25.1305103302002
1,51.05,16.9498299225234,25.1460075378418
1,51.06,16.9531632224098,25.1567363739014
1,51.07,16.9564965222962,25.172233581543
1,51.08,16.9598298221827,25.172233581543
1,51.09,16.9631631220691,25.1901149749756
1,51.1,16.9664964219555,25.1924991607666
1,51.11,16.969829721842,25.2008438110352
1,51.12,16.9731630217284,25.2115726470947
1,51.13,16.9764963216148,25.2234935760498
1,51.14,16.9798296215013,25.2318382263184
1,51.15,16.9831629213877,25.249719619751
1,51.16,16.9864962212741,25.2604484558105
1,51.17,16.9898295211606,25.2807140350342
1,51.18,16.993162821047,25.2985954284668
1,51.19,16.9964961209334,25.3164768218994
1,51.2,16.9998294208199,25.3260135650635
1,51.21,17.0031627207063,25.3438949584961
1,51.22,17.0064960205927,25.3629684448242
1,51.23,17.0098293204792,25.3856182098389
1,51.24,17.0131626203656,25.404691696167
1,51.25,17.0164959202521,25.4178047180176
1,51.26,17.0198292201385,25.4440307617188
1,51.27,17.0231625200249,25.4571437835693
1,51.28,17.0264958199114,25.4738330841064
1,51.29,17.0298291197978,25.4929065704346
1,51.3,17.0331624196842,25.5155563354492
1,51.31,17.0364957195707,25.5322456359863
1,51.32,17.0398290194571,25.5513191223145
1,51.33,17.0431623193435,25.559663772583
1,51.34,17.04649561923,25.5811214447021
1,51.35,17.0498289191164,25.5882740020752
1,51.36,17.0531622190028,25.6121158599854
1,51.37,17.0564955188893,25.632381439209
1,51.38,17.0598288187757,25.6466865539551
1,51.39,17.0631621186621,25.6609916687012
1,51.4,17.0664954185486,25.6776809692383
1,51.41,17.069828718435,25.6943702697754
1,51.42,17.0731620183215,25.707483291626
1,51.43,17.0764953182079,25.7277488708496
1,51.44,17.0798286180943,25.7372856140137
1,51.45,17.0831619179808,25.7563591003418
1,51.46,17.0864952178672,25.7647037506104
1,51.47,17.0898285177536,25.7861614227295
1,51.48,17.0931618176401,25.8040428161621
1,51.49,17.0964951175265,25.8231163024902
1,51.5,17.0998284174129,25.8314609527588
1,51.51,17.1031617172994,25.8517265319824
1,51.52,17.1064950171858,25.8779525756836
1,51.53,17.1098283170722,25.8970260620117
1,51.54,17.1131616169587,25.9125232696533
1,51.55,17.1164949168451,25.9304046630859
1,51.56,17.1198282167315,25.9435176849365
1,51.57,17.123161516618,25.9518623352051
1,51.58,17.1264948165044,25.9554386138916
1,51.59,17.1298281163909,25.9721279144287
1,51.6,17.1331614162773,25.9816646575928
1,51.61,17.1364947161637,25.9840488433838
1,51.62,17.1398280160502,25.9947776794434
1,51.63,17.1431613159366,25.9995460510254
1,51.64,17.146494615823,26.0043144226074
1,51.65,17.1498279157095,26.0305404663086
1,51.66,17.1531612155959,26.0353088378906
1,51.67,17.1564945154823,26.0400772094727
1,51.68,17.1598278153688,26.0508060455322
1,51.69,17.1631611152552,26.0615348815918
1,51.7,17.1664944151416,26.0770320892334
1,51.71,17.1698277150281,26.094913482666
1,51.72,17.1731610149145,26.1127948760986
1,51.73,17.1764943148009,26.1294841766357
1,51.74,17.1798276146874,26.1354446411133
1,51.75,17.1831609145738,26.16286277771
1,51.76,17.1864942144603,26.1819362640381
1,51.77,17.1898275143467,26.2081623077393
1,51.78,17.1931608142331,26.237964630127
1,51.79,17.1964941141196,26.2546539306641
1,51.8,17.199827414006,26.2665748596191
1,51.81,17.2031607138924,26.2844562530518
1,51.82,17.2064940137789,26.3130664825439
1,51.83,17.2098273136653,26.3309478759766
1,51.84,17.2131606135517,26.3500213623047
1,51.85,17.2164939134382,26.3702869415283
1,51.86,17.2198272133246,26.3869762420654
1,51.87,17.223160513211,26.397705078125
1,51.88,17.2264938130975,26.4227390289307
1,51.89,17.2298271129839,26.4477729797363
1,51.9,17.2331604128704,26.4549255371094
1,51.91,17.2364937127568,26.475191116333
1,51.92,17.2398270126432,26.4930725097656
1,51.93,17.2431603125297,26.5133380889893
1,51.94,17.2464936124161,26.5324115753174
1,51.95,17.2498269123025,26.547908782959
1,51.96,17.253160212189,26.5681743621826
1,51.97,17.2564935120754,26.5860557556152
1,51.98,17.2598268119618,26.6051292419434
1,51.99,17.2631601118483,26.6265869140625
1,52,17.2664934117347,26.6337394714355
1,52.01,17.2698267116211,26.6623497009277
1,52.02,17.2731600115076,26.6754627227783
1,52.03,17.276493311394,26.6969203948975
1,52.04,17.2798266112804,26.7148017883301
1,52.05,17.2831599111669,26.7362594604492
1,52.06,17.2864932110533,26.7553329467773
1,52.07,17.2898265109397,26.7744064331055
1,52.08,17.2931598108262,26.7791748046875
1,52.09,17.2964931107126,26.8030166625977
1,52.1,17.2998264105991,26.8173217773438
1,52.11,17.3031597104855,26.8220901489258
1,52.12,17.3064930103719,26.8447399139404
1,52.13,17.3098263102584,26.8471240997314
1,52.14,17.3131596101448,26.8650054931641
1,52.15,17.3164929100312,26.8805027008057
1,52.16,17.3198262099177,26.9031524658203
1,52.17,17.3231595098041,26.9186496734619
1,52.18,17.3264928096905,26.9341468811035
1,52.19,17.329826109577,26.9532203674316
1,52.2,17.3331594094634,26.9699096679688
1,52.21,17.3364927093498,26.9865989685059
1,52.22,17.3398260092363,27.0044803619385
1,52.23,17.3431593091227,27.0199775695801
1,52.24,17.3464926090091,27.0307064056396
1,52.25,17.3498259088956,27.0533561706543
1,52.26,17.353159208782,27.0712375640869
1,52.27,17.3564925086685,27.0915031433105
1,52.28,17.3598258085549,27.1093845367432
1,52.29,17.3631591084413,27.1177291870117
1,52.3,17.3664924083278,27.1415710449219
1,52.31,17.3698257082142,27.155876159668
1,52.32,17.3731590081006,27.1666049957275
1,52.33,17.3764923079871,27.1844863891602
1,52.34,17.3798256078735,27.1964073181152
1,52.35,17.3831589077599,27.2095203399658
1,52.36,17.3864922076464,27.2178649902344
1,52.37,17.3898255075328,27.2452831268311
1,52.38,17.3931588074192,27.2476673126221
1,52.39,17.3964921073057,27.2643566131592
1,52.4,17.3998254071921,27.2798538208008
1,52.41,17.4031587070785,27.2965431213379
1,52.42,17.406492006965,27.3096561431885
1,52.43,17.4098253068514,27.3275375366211
1,52.44,17.4131586067379,27.3501873016357
1,52.45,17.4164919066243,27.3716449737549
1,52.46,17.4198252065107,27.3895263671875
1,52.47,17.4231585063972,27.4133682250977
1,52.48,17.4264918062836,27.4372100830078
1,52.49,17.42982510617,27.461051940918
1,52.5,17.4331584060565,27.4884700775146
1,52.51,17.4364917059429,27.5206565856934
1,52.52,17.4398250058293,27.5468826293945
1,52.53,17.4431583057158,27.5766849517822
1,52.54,17.4464916056022,27.6052951812744
1,52.55,17.4498249054886,27.6315212249756
1,52.56,17.4531582053751,27.6613235473633
1,52.57,17.4564915052615,27.6792049407959
1,52.58,17.4598248051479,27.7042388916016
1,52.59,17.4631581050344,27.7268886566162
1,52.6,17.4664914049208,27.7531147003174
1,52.61,17.4698247048073,27.7566909790039
1,52.62,17.4731580046937,27.7876853942871
1,52.63,17.4764913045801,27.8043746948242
1,52.64,17.4798246044666,27.8198719024658
1,52.65,17.483157904353,27.8353691101074
1,52.66,17.4864912042394,27.8544425964355
1,52.67,17.4898245041259,27.8639793395996
1,52.68,17.4931578040123,27.8854370117188
1,52.69,17.4964911038987,27.8961658477783
1,52.7,17.4998244037852,27.9176235198975
1,52.71,17.5031577036716,27.9319286346436
1,52.72,17.506491003558,27.9414653778076
1,52.73,17.5098243034445,27.9510021209717
1,52.74,17.5131576033309,27.9641151428223
1,52.75,17.5164909032173,27.9772281646729
1,52.76,17.5198242031038,28.0022621154785
1,52.77,17.5231575029902,28.0129909515381
1,52.78,17.5264908028767,28.0261039733887
1,52.79,17.5298241027631,28.0427932739258
1,52.8,17.5331574026495,28.0582904815674
1,52.81,17.536490702536,28.073787689209
1,52.82,17.5398240024224,28.0857086181641
1,52.83,17.5431573023088,28.0928611755371
1,52.84,17.5464906021953,28.1107425689697
1,52.85,17.5498239020817,28.1322002410889
1,52.86,17.5531572019681,28.1476974487305
1,52.87,17.5564905018546,28.156042098999
1,52.88,17.559823801741,28.1655788421631
1,52.89,17.5631571016274,28.1822681427002
1,52.9,17.5664904015139,28.1858444213867
1,52.91,17.5698237014003,28.2084941864014
1,52.92,17.5731570012867,28.221607208252
1,52.93,17.5764903011732,28.2227993011475
1,52.94,17.5798236010596,28.228759765625
1,52.95,17.5831569009461,28.2347202301025
1,52.96,17.5864902008325,28.2514095306396
1,52.97,17.5898235007189,28.2645225524902
1,52.98,17.5931568006054,28.2812118530273
1,52.99,17.5964901004918,28.2907485961914
1,53,17.5998234003782,28.303861618042
1,53.01,17.6031567002647,28.3217430114746
1,53.02,17.6064900001511,28.3360481262207
1,53.03,17.6098233000375,28.3527374267578
1,53.04,17.613156599924,28.3575057983398
1,53.05,17.6164898998104,28.386116027832
1,53.06,17.6198231996968,28.3980369567871
1,53.07,17.6231564995833,28.4111499786377
1,53.08,17.6264897994697,28.4278392791748
1,53.09,17.6298230993561,28.4481048583984
1,53.1,17.6331563992426,28.4624099731445
1,53.11,17.636489699129,28.4850597381592
1,53.12,17.6398229990155,28.5029411315918
1,53.13,17.6431562989019,28.526782989502
1,53.14,17.6464895987883,28.5530090332031
1,53.15,17.6498228986748,28.5720825195313
1,53.16,17.6531561985612,28.60426902771
1,53.17,17.6564894984476,28.6233425140381
1,53.18,17.6598227983341,28.6448001861572
1,53.19,17.6631560982205,28.6746025085449
1,53.2,17.6664893981069,28.688907623291
1,53.21,17.6698226979934,28.7044048309326
1,53.22,17.6731559978798,28.7234783172607
1,53.23,17.6764892977662,28.7353992462158
1,53.24,17.6798225976527,28.7544727325439
1,53.25,17.6831558975391,28.76877784729
1,53.26,17.6864891974255,28.7842750549316
1,53.27,17.689822497312,28.7902355194092
1,53.28,17.6931557971984,28.8057327270508
1,53.29,17.6964890970849,28.8188457489014
1,53.3,17.6998223969713,28.8295745849609
1,53.31,17.7031556968577,28.8474559783936
1,53.32,17.7064889967442,28.8593769073486
1,53.33,17.7098222966306,28.8760662078857
1,53.34,17.713155596517,28.8987159729004
1,53.35,17.7164888964035,28.9130210876465
1,53.36,17.7198221962899,28.9297103881836
1,53.37,17.7231554961763,28.9547443389893
1,53.38,17.7264887960628,28.9785861968994
1,53.39,17.7298220959492,29.0012359619141
1,53.4,17.7331553958356,29.0191173553467
1,53.41,17.7364886957221,29.0477275848389
1,53.42,17.7398219956085,29.064416885376
1,53.43,17.7431552954949,29.0870666503906
1,53.44,17.7464885953814,29.1132926940918
1,53.45,17.7498218952678,29.1407108306885
1,53.46,17.7531551951543,29.1693210601807
1,53.47,17.7564884950407,29.1848182678223
1,53.48,17.7598217949271,29.2205810546875
1,53.49,17.7631550948136,29.2468070983887
1,53.5,17.7664883947,29.2670726776123
1,53.51,17.7698216945864,29.2956829071045
1,53.52,17.7731549944729,29.3147563934326
1,53.53,17.7764882943593,29.3374061584473
1,53.54,17.7798215942457,29.3648242950439
1,53.55,17.7831548941322,29.3850898742676
1,53.56,17.7864881940186,29.4029712677002
1,53.57,17.789821493905,29.4327735900879
1,53.58,17.7931547937915,29.4458866119385
1,53.59,17.7964880936779,29.4589996337891
1,53.6,17.7998213935643,29.4709205627441
1,53.61,17.8031546934508,29.4780731201172
1,53.62,17.8064879933372,29.5186042785645
1,53.63,17.8098212932236,29.5376777648926
1,53.64,17.8131545931101,29.5400619506836
1,53.65,17.8164878929965,29.5686721801758
1,53.66,17.819821192883,29.597282409668
1,53.67,17.8231544927694,29.5925140380859
1,53.68,17.8264877926558,29.6139717102051
1,53.69,17.8298210925423,29.6521186828613
1,53.7,17.8331543924287,29.6568870544434
1,53.71,17.8364876923151,29.6735763549805
1,53.72,17.8398209922016,29.6854972839355
1,53.73,17.843154292088,29.7212600708008
1,53.74,17.8464875919744,29.7427177429199
1,53.75,17.8498208918609,29.7427177429199
1,53.76,17.8531541917473,29.7665596008301
1,53.77,17.8564874916337,29.7951698303223
1,53.78,17.8598207915202,29.8213958740234
1,53.79,17.8631540914066,29.8428535461426
1,53.8,17.866487391293,29.8595428466797
1,53.81,17.8698206911795,29.8762321472168
1,53.82,17.8731539910659,29.902458190918
1,53.83,17.8764872909524,29.9072265625
1,53.84,17.8798205908388,29.9263000488281
1,53.85,17.8831538907252,29.9477577209473
1,53.86,17.8864871906117,29.9620628356934
1,53.87,17.8898204904981,29.9715995788574
1,53.88,17.8931537903845,29.9739837646484
1,53.89,17.896487090271,29.9930572509766
1,53.9,17.8998203901574,29.9954414367676
1,53.91,17.9031536900438,30.0264358520508
1,53.92,17.9064869899303,30.0431251525879
1,53.93,17.9098202898167,30.057430267334
1,53.94,17.9131535897031,30.0908088684082
1,53.95,17.9164868895896,30.1074981689453
1,53.96,17.919820189476,30.1337242126465
1,53.97,17.9231534893625,30.1361083984375
1,53.98,17.9264867892489,30.1742553710938
1,53.99,17.9298200891353,30.1957130432129
1,54,17.9331533890218,30.217170715332
1,54.01,17.9364866889082,30.2362442016602
1,54.02,17.9398199887946,30.2410125732422
1,54.03,17.9431532886811,30.2672386169434
1,54.04,17.9464865885675,30.3077697753906
1,54.05,17.9498198884539,30.3220748901367
1,54.06,17.9531531883404,30.3435325622559
1,54.07,17.9564864882268,30.3769111633301
1,54.08,17.9598197881132,30.3936004638672
1,54.09,17.9631530879997,30.4198265075684
1,54.1,17.9664863878861,30.4388999938965
1,54.11,17.9698196877725,30.4532051086426
1,54.12,17.973152987659,30.4651260375977
1,54.13,17.9764862875454,30.4913520812988
1,54.14,17.9798195874318,30.4937362670898
1,54.15,17.9831528873183,30.517578125
1,54.16,17.9864861872047,30.5366516113281
1,54.17,17.9898194870912,30.5533409118652
1,54.18,17.9931527869776,30.5557250976563
1,54.19,17.996486086864,30.5771827697754
1,54.2,17.9998193867505,30.6034088134766
1,54.21,18.0031526866369,30.6129455566406
1,54.22,18.0064859865233,30.6296348571777
1,54.23,18.0098192864098,30.6487083435059
1,54.24,18.0131525862962,30.6510925292969
1,54.25,18.0164858861826,30.667781829834
1,54.26,18.0198191860691,30.6892395019531
1,54.27,18.0231524859555,30.7059288024902
1,54.28,18.0264857858419,30.7154655456543
1,54.29,18.0298190857284,30.7393074035645
1,54.3,18.0331523856148,30.7488441467285
1,54.31,18.0364856855012,30.7559967041016
1,54.32,18.0398189853877,30.7798385620117
1,54.33,18.0431522852741,30.7917594909668
1,54.34,18.0464855851606,30.8084487915039
1,54.35,18.049818885047,30.8442115783691
1,54.36,18.0531521849334,30.8728218078613
1,54.37,18.0564854848199,30.8656692504883
1,54.38,18.0598187847063,30.8871269226074
1,54.39,18.0631520845927,30.9205055236816
1,54.4,18.0664853844792,30.9348106384277
1,54.41,18.0698186843656,30.9228897094727
1,54.42,18.073151984252,30.970573425293
1,54.43,18.0764852841385,30.975341796875
1,54.44,18.0798185840249,30.9967994689941
1,54.45,18.0831518839113,31.0134887695313
1,54.46,18.0864851837978,31.0373306274414
1,54.47,18.0898184836842,31.0564041137695
1,54.48,18.0931517835706,31.0778617858887
1,54.49,18.0964850834571,31.0873985290527
1,54.5,18.0998183833435,31.1136245727539
1,54.51,18.10315168323,31.132698059082
1,54.52,18.1064849831164,31.1565399169922
1,54.53,18.1098182830028,31.1732292175293
1,54.54,18.1131515828893,31.1970710754395
1,54.55,18.1164848827757,31.2209129333496
1,54.56,18.1198181826621,31.2280654907227
1,54.57,18.1231514825486,31.2542915344238
1,54.58,18.126484782435,31.287670135498
1,54.59,18.1298180823214,31.2972068786621
1,54.6,18.1331513822079,31.3401222229004
1,54.61,18.1364846820943,31.3591957092285
1,54.62,18.1398179819807,31.3711166381836
1,54.63,18.1431512818672,31.3973426818848
1,54.64,18.1464845817536,31.4211845397949
1,54.65,18.14981788164,31.4450263977051
1,54.66,18.1531511815265,31.4497947692871
1,54.67,18.1564844814129,31.4879417419434
1,54.68,18.1598177812994,31.4903259277344
1,54.69,18.1631510811858,31.5117835998535
1,54.7,18.1664843810722,31.5213203430176
1,54.71,18.1698176809587,31.5403938293457
1,54.72,18.1731509808451,31.5380096435547
1,54.73,18.1764842807315,31.5427780151367
1,54.74,18.179817580618,31.5594673156738
1,54.75,18.1831508805044,31.590461730957
1,54.76,18.1864841803908,31.5999984741211
1,54.77,18.1898174802773,31.6214561462402
1,54.78,18.1931507801637,31.6596031188965
1,54.79,18.1964840800501,31.6500663757324
1,54.8,18.1998173799366,31.6953659057617
1,54.81,18.203150679823,31.7144393920898
1,54.82,18.2064839797094,31.735897064209
1,54.83,18.2098172795959,31.7668914794922
1,54.84,18.2131505794823,31.7835807800293
1,54.85,18.2164838793688,31.8217277526855
1,54.86,18.2198171792552,31.8479537963867
1,54.87,18.2231504791416,31.8670272827148
1,54.88,18.2264837790281,31.8694114685059
1,54.89,18.2298170789145,31.9194793701172
1,54.9,18.2331503788009,31.9242477416992
1,54.91,18.2364836786874,31.9409370422363
1,54.92,18.2398169785738,31.9600105285645
1,54.93,18.2431502784602,31.9862365722656
1,54.94,18.2464835783467,31.9981575012207
1,54.95,18.2498168782331,31.9981575012207
1,54.96,18.2531501781195,32.04345703125
1,54.97,18.256483478006,32.050609588623
1,54.98,18.2598167778924,32.0696830749512
1,54.99,18.2631500777789,32.0863723754883
1,55,18.2664833776653,32.1054458618164
1,55.01,18.2698166775517,32.1269035339355
1,55.02,18.2731499774382,32.1269035339355
1,55.03,18.2764832773246,32.1722030639648
1,55.04,18.279816577211,32.1793556213379
1,55.05,18.2831498770975,32.200813293457
1,55.06,18.2864831769839,32.2413444519043
1,55.07,18.2898164768703,32.2532653808594
1,55.08,18.2931497767568,32.2771072387695
1,55.09,18.2964830766432,32.3128700256348
1,55.1,18.2998163765296,32.3128700256348
1,55.11,18.3031496764161,32.351016998291
1,55.12,18.3064829763025,32.3653221130371
1,55.13,18.3098162761889,32.3700904846191
1,55.14,18.3131495760754,32.4153900146484
1,55.15,18.3164828759618,32.4440002441406
1,55.16,18.3198161758482,32.4416160583496
1,55.17,18.3231494757347,32.4773788452148
1,55.18,18.3264827756211,32.494068145752
1,55.19,18.3298160755076,32.5131416320801
1,55.2,18.333149375394,32.5202941894531
1,55.21,18.3364826752804,32.5512886047363
1,55.22,18.3398159751669,32.5703620910645
1,55.23,18.3431492750533,32.5655937194824
1,55.24,18.3464825749397,32.6013565063477
1,55.25,18.3498158748262,32.6013565063477
1,55.26,18.3531491747126,32.6180458068848
1,55.27,18.356482474599,32.6442718505859
1,55.28,18.3598157744855,32.6371192932129
1,55.29,18.3631490743719,32.658576965332
1,55.3,18.3664823742583,32.6633453369141
1,55.31,18.3698156741448,32.6943397521973
1,55.32,18.3731489740312,32.7134132385254
1,55.33,18.3764822739176,32.7229499816895
1,55.34,18.3798155738041,32.7396392822266
1,55.35,18.3831488736905,32.7801704406738
1,55.36,18.386482173577,32.7730178833008
1,55.37,18.3898154734634,32.8230857849121
1,55.38,18.3931487733498,32.8373908996582
1,55.39,18.3964820732363,32.8469276428223
1,55.4,18.3998153731227,32.8731536865234
1,55.41,18.4031486730091,32.8779220581055
1,55.42,18.4064819728956,32.9256057739258
1,55.43,18.409815272782,32.9494476318359
1,55.44,18.4131485726684,32.9685211181641
1,55.45,18.4164818725549,33.0066680908203
1,55.46,18.4198151724413,33.0209732055664
1,55.47,18.4231484723277,33.0352783203125
1,55.48,18.4264817722142,33.0591201782227
1,55.49,18.4298150721006,33.0805778503418
1,55.5,18.433148371987,33.0972671508789
1,55.51,18.4364816718735,33.118724822998
1,55.52,18.4398149717599,33.1234931945801
1,55.53,18.4431482716464,33.1497192382813
1,55.54,18.4464815715328,33.1854820251465
1,55.55,18.4498148714192,33.2021713256836
1,55.56,18.4531481713057,33.2045555114746
1,55.57,18.4564814711921,33.2212448120117
1,55.58,18.4598147710785,33.2474708557129
1,55.59,18.463148070965,33.2808494567871
1,55.6,18.4664813708514,33.2951545715332
1,55.61,18.4698146707378,33.3118438720703
1,55.62,18.4731479706243,33.3380699157715
1,55.63,18.4764812705107,33.3452224731445
1,55.64,18.4798145703971,33.3905220031738
1,55.65,18.4831478702836,33.4024429321289
1,55.66,18.48648117017,33.421516418457
1,55.67,18.4898144700564,33.4429740905762
1,55.68,18.4931477699429,33.4620475769043
1,55.69,18.4964810698293,33.4882736206055
1,55.7,18.4998143697158,33.5144996643066
1,55.71,18.5031476696022,33.5121154785156
1,55.72,18.5064809694886,33.5478782653809
1,55.73,18.5098142693751,33.5693359375
1,55.74,18.5131475692615,33.5860252380371
1,55.75,18.5164808691479,33.6050987243652
1,55.76,18.5198141690344,33.6146354675293
1,55.77,18.5231474689208,33.6170196533203
1,55.78,18.5264807688072,33.6241722106934
1,55.79,18.5298140686937,33.6503982543945
1,55.8,18.5331473685801,33.6575508117676
1,55.81,18.5364806684665,33.6980819702148
1,55.82,18.539813968353,33.6980819702148
1,55.83,18.5431472682394,33.717155456543
1,55.84,18.5464805681258,33.7553024291992
1,55.85,18.5498138680123,33.7719917297363
1,55.86,18.5531471678987,33.7862968444824
1,55.87,18.5564804677852,33.8149070739746
1,55.88,18.5598137676716,33.8363647460938
1,55.89,18.563147067558,33.8602066040039
1,55.9,18.5664803674445,33.881664276123
1,55.91,18.5698136673309,33.9174270629883
1,55.92,18.5731469672173,33.9269638061523
1,55.93,18.5764802671038,33.9722633361816
1,55.94,18.5798135669902,33.9770317077637
1,55.95,18.5831468668766,34.0008735656738
1,55.96,18.5864801667631,34.019947052002
1,55.97,18.5898134666495,34.0437889099121
1,55.98,18.5931467665359,34.0604782104492
1,55.99,18.5964800664224,34.1033935546875
1,56,18.5998133663088,34.1129302978516
1,56.01,18.6031466661952,34.1367721557617
1,56.02,18.6064799660817,34.1391563415527
1,56.03,18.6098132659681,34.1486930847168
1,56.04,18.6131465658546,34.184455871582
1,56.05,18.616479865741,34.1987609863281
1,56.06,18.6198131656274,34.2082977294922
1,56.07,18.6231464655139,34.2369079589844
1,56.08,18.6264797654003,34.2464447021484
1,56.09,18.6298130652867,34.2607498168945
1,56.1,18.6331463651732,34.2798233032227
1,56.11,18.6364796650596,34.2941284179688
1,56.12,18.639812964946,34.3084335327148
1,56.13,18.6431462648325,34.337043762207
1,56.14,18.6464795647189,34.3489646911621
1,56.15,18.6498128646053,34.3680381774902
1,56.16,18.6531461644918,34.3990325927734
1,56.17,18.6564794643782,34.4228744506836
1,56.18,18.6598127642646,34.4419479370117
1,56.19,18.6631460641511,34.4729423522949
1,56.2,18.6664793640375,34.480094909668
1,56.21,18.669812663924,34.5134735107422
1,56.22,18.6731459638104,34.5516204833984
1,56.23,18.6764792636968,34.5611572265625
1,56.24,18.6798125635833,34.5802307128906
1,56.25,18.6831458634697,34.6088409423828
1,56.26,18.6864791633561,34.630298614502
1,56.27,18.6898124632426,34.642219543457
1,56.28,18.693145763129,34.6517562866211
1,56.29,18.6964790630154,34.6684455871582
1,56.3,18.6998123629019,34.6922874450684
1,56.31,18.7031456627883,34.7113609313965
1,56.32,18.7064789626747,34.7280502319336
1,56.33,18.7098122625612,34.7447395324707
1,56.34,18.7131455624476,34.7757339477539
1,56.35,18.716478862334,34.794807434082
1,56.36,18.7198121622205,34.8067283630371
1,56.37,18.7231454621069,34.8401069641113
1,56.38,18.7264787619933,34.8663330078125
1,56.39,18.7298120618798,34.8830223083496
1,56.4,18.7331453617662,34.8901748657227
1,56.41,18.7364786616527,34.9307060241699
1,56.42,18.7398119615391,34.949779510498
1,56.43,18.7431452614255,34.9688529968262
1,56.44,18.746478561312,34.9974632263184
1,56.45,18.7498118611984,35.0046157836914
1,56.46,18.7531451610848,35.0332260131836
1,56.47,18.7564784609713,35.0546836853027
1,56.48,18.7598117608577,35.0785255432129
1,56.49,18.7631450607441,35.097599029541
1,56.5,18.7664783606306,35.1142883300781
1,56.51,18.769811660517,35.1262092590332
1,56.52,18.7731449604034,35.1381301879883
1,56.53,18.7764782602899,35.1572036743164
1,56.54,18.7798115601763,35.1810455322266
1,56.55,18.7831448600627,35.1881980895996
1,56.56,18.7864781599492,35.2001190185547
1,56.57,18.7898114598356,35.2358818054199
1,56.58,18.7931447597221,35.2358818054199
1,56.59,18.7964780596085,35.2597236633301
1,56.6,18.7998113594949,35.2597236633301
1,56.61,18.8031446593814,35.2692604064941
1,56.62,18.8064779592678,35.2907180786133
1,56.63,18.8098112591542,35.2954864501953
1,56.64,18.8131445590407,35.3121757507324
1,56.65,18.8164778589271,35.3121757507324
1,56.66,18.8198111588135,35.3193283081055
1,56.67,18.8231444587,35.3169441223145
1,56.68,18.8264777585864,35.3217124938965
1,56.69,18.8298110584728,35.3288650512695
1,56.7,18.8331443583593,35.3384017944336
1,56.71,18.8364776582457,35.3431701660156
1,56.72,18.8398109581321,35.3527069091797
1,56.73,18.8431442580186,35.3884696960449
1,56.74,18.846477557905,35.3860855102539
1,56.75,18.8498108577915,35.4194641113281
1,56.76,18.8531441576779,35.4218482971191
1,56.77,18.8564774575643,35.4576110839844
1,56.78,18.8598107574508,35.4480743408203
1,56.79,18.8631440573372,35.4790687561035
1,56.8,18.8664773572236,35.5076789855957
1,56.81,18.8698106571101,35.5219841003418
1,56.82,18.8731439569965,35.548210144043
1,56.83,18.8764772568829,35.560131072998
1,56.84,18.8798105567694,35.5935096740723
1,56.85,18.8831438566558,35.6459617614746
1,56.86,18.8864771565422,35.6602668762207
1,56.87,18.8898104564287,35.703182220459
1,56.88,18.8931437563151,35.7174873352051
1,56.89,18.8964770562015,35.7389450073242
1,56.9,18.899810356088,35.7675552368164
1,56.91,18.9031436559744,35.8057022094727
1,56.92,18.9064769558609,35.8176231384277
1,56.93,18.9098102557473,35.8295440673828
1,56.94,18.9131435556337,35.851001739502
1,56.95,18.9164768555202,35.8915328979492
1,56.96,18.9198101554066,35.9106063842773
1,56.97,18.923143455293,35.9225273132324
1,56.98,18.9264767551795,35.9606742858887
1,56.99,18.9298100550659,35.9678268432617
1,57,18.9331433549523,36.0202789306641
1,57.01,18.9364766548388,36.0369682312012
1,57.02,18.9398099547252,36.0655784606934
1,57.03,18.9431432546116,36.0918045043945
1,57.04,18.9464765544981,36.1204147338867
1,57.05,18.9498098543845,36.1418724060059
1,57.06,18.953143154271,36.160945892334
1,57.07,18.9564764541574,36.2014770507813
1,57.08,18.9598097540438,36.2229347229004
1,57.09,18.9631430539303,36.2467765808105
1,57.1,18.9664763538167,36.2634658813477
1,57.11,18.9698096537031,36.2753868103027
1,57.12,18.9731429535896,36.2920761108398
1,57.13,18.976476253476,36.3254547119141
1,57.14,18.9798095533624,36.3278388977051
1,57.15,18.9831428532489,36.3540649414063
1,57.16,18.9864761531353,36.3540649414063
1,57.17,18.9898094530217,36.3898277282715
1,57.18,18.9931427529082,36.4160537719727
1,57.19,18.9964760527946,36.4327430725098
1,57.2,18.999809352681,36.4398956298828
1,57.21,19.0031426525675,36.4565849304199
1,57.22,19.0064759524539,36.4780426025391
1,57.23,19.0098092523404,36.4995002746582
1,57.24,19.0131425522268,36.5257263183594
1,57.25,19.0164758521132,36.5304946899414
1,57.26,19.0198091519997,36.5495681762695
1,57.27,19.0231424518861,36.5996360778809
1,57.28,19.0264757517725,36.6067886352539
1,57.29,19.029809051659,36.618709564209
1,57.3,19.0331423515454,36.6449356079102
1,57.31,19.0364756514318,36.6759300231934
1,57.32,19.0398089513183,36.6806983947754
1,57.33,19.0431422512047,36.7140769958496
1,57.34,19.0464755510911,36.7379188537598
1,57.35,19.0498088509776,36.7450714111328
1,57.36,19.053142150864,36.768913269043
1,57.37,19.0564754507504,36.778450012207
1,57.38,19.0598087506369,36.8094444274902
1,57.39,19.0631420505233,36.8285179138184
1,57.4,19.0664753504097,36.8499755859375
1,57.41,19.0698086502962,36.8618965148926
1,57.42,19.0731419501826,36.8881225585938
1,57.43,19.0764752500691,36.9167327880859
1,57.44,19.0798085499555,36.923885345459
1,57.45,19.0831418498419,36.9572639465332
1,57.46,19.0864751497284,36.9715690612793
1,57.47,19.0898084496148,36.9906425476074
1,57.48,19.0931417495012,37.0121002197266
1,57.49,19.0964750493877,37.0478630065918
1,57.5,19.0998083492741,37.0693206787109
1,57.51,19.1031416491605,37.083625793457
1,57.52,19.106474949047,37.1241569519043
1,57.53,19.1098082489334,37.1527671813965
1,57.54,19.1131415488198,37.1742248535156
1,57.55,19.1164748487063,37.1861457824707
1,57.56,19.1198081485927,37.2171401977539
1,57.57,19.1231414484791,37.2457504272461
1,57.58,19.1264747483656,37.2529029846191
1,57.59,19.129808048252,37.2862815856934
1,57.6,19.1331413481385,37.3435020446777
1,57.61,19.1364746480249,37.3530387878418
1,57.62,19.1398079479113,37.386417388916
1,57.63,19.1431412477978,37.4197959899902
1,57.64,19.1464745476842,37.4221801757813
1,57.65,19.1498078475706,37.4579429626465
1,57.66,19.1531411474571,37.5056266784668
1,57.67,19.1564744473435,37.5151634216309
1,57.68,19.1598077472299,37.5461578369141
1,57.69,19.1631410471164,37.5914573669434
1,57.7,19.1664743470028,37.6081466674805
1,57.71,19.1698076468892,37.6224517822266
1,57.72,19.1731409467757,37.6558303833008
1,57.73,19.1764742466621,37.696361541748
1,57.74,19.1798075465485,37.7225875854492
1,57.75,19.183140846435,37.7416610717773
1,57.76,19.1864741463214,37.7726554870605
1,57.77,19.1898074462079,37.7988815307617
1,57.78,19.1931407460943,37.8251075744629
1,57.79,19.1964740459807,37.8656387329102
1,57.8,19.1998073458672,37.8918647766113
1,57.81,19.2031406457536,37.9109382629395
1,57.82,19.20647394564,37.9419326782227
1,57.83,19.2098072455265,37.9610061645508
1,57.84,19.2131405454129,37.9753112792969
1,57.85,19.2164738452993,38.0110740661621
1,57.86,19.2198071451858,38.0396842956543
1,57.87,19.2231404450722,38.0516052246094
1,57.88,19.2264737449586,38.0635261535645
1,57.89,19.2298070448451,38.0849838256836
1,57.9,19.2331403447315,38.1183624267578
1,57.91,19.2364736446179,38.1326675415039
1,57.92,19.2398069445044,38.139820098877
1,57.93,19.2431402443908,38.1636619567871
1,57.94,19.2464735442773,38.1755828857422
1,57.95,19.2498068441637,38.1731986999512
1,57.96,19.2531401440501,38.1851196289063
1,57.97,19.2564734439366,38.1875038146973
1,57.98,19.259806743823,38.2018089294434
1,57.99,19.2631400437094,38.2018089294434
1,58,19.2664733435959,38.2018089294434
1,58.01,19.2698066434823,38.2137298583984
1,58.02,19.2731399433687,38.2113456726074
1,58.03,19.2764732432552,38.2375717163086
1,58.04,19.2798065431416,38.2447242736816
1,58.05,19.283139843028,38.2637977600098
1,58.06,19.2864731429145,38.2566452026367
1,58.07,19.2898064428009,38.2781028747559
1,58.08,19.2931397426873,38.294792175293
1,58.09,19.2964730425738,38.294792175293
1,58.1,19.2998063424602,38.3353233337402
1,58.11,19.3031396423467,38.3400917053223
1,58.12,19.3064729422331,38.3424758911133
1,58.13,19.3098062421195,38.3663177490234
1,58.14,19.313139542006,38.3830070495605
1,58.15,19.3164728418924,38.3901596069336
1,58.16,19.3198061417788,38.4163856506348
1,58.17,19.3231394416653,38.4163856506348
1,58.18,19.3264727415517,38.4306907653809
1,58.19,19.3298060414381,38.447380065918
1,58.2,19.3331393413246,38.4521484375
1,58.21,19.336472641211,38.4831428527832
1,58.22,19.3398059410974,38.4831428527832
1,58.23,19.3431392409839,38.5117530822754
1,58.24,19.3464725408703,38.5355949401855
1,58.25,19.3498058407567,38.5332107543945
1,58.26,19.3531391406432,38.5689735412598
1,58.27,19.3564724405296,38.597583770752
1,58.28,19.3598057404161,38.604736328125
1,58.29,19.3631390403025,38.6452674865723
1,58.3,19.3664723401889,38.6691093444824
1,58.31,19.3698056400754,38.7001037597656
1,58.32,19.3731389399618,38.7144088745117
1,58.33,19.3764722398482,38.759708404541
1,58.34,19.3798055397347,38.759708404541
1,58.35,19.3831388396211,38.8026237487793
1,58.36,19.3864721395075,38.8121604919434
1,58.37,19.389805439394,38.8360023498535
1,58.38,19.3931387392804,38.8646125793457
1,58.39,19.3964720391668,38.8979911804199
1,58.4,19.3998053390533,38.907527923584
1,58.41,19.4031386389397,38.9337539672852
1,58.42,19.4064719388261,38.9552116394043
1,58.43,19.4098052387126,38.9766693115234
1,58.44,19.413138538599,38.9862060546875
1,58.45,19.4164718384855,39.0243530273438
1,58.46,19.4198051383719,39.055347442627
1,58.47,19.4231384382583,39.0911102294922
1,58.48,19.4264717381448,39.1221046447754
1,58.49,19.4298050380312,39.1459465026855
1,58.5,19.4331383379176,39.1721725463867
1,58.51,19.4364716378041,39.2270088195801
1,58.52,19.4398049376905,39.2389297485352
1,58.53,19.4431382375769,39.2794609069824
1,58.54,19.4464715374634,39.2937660217285
1,58.55,19.4498048373498,39.3223762512207
1,58.56,19.4531381372362,39.3533706665039
1,58.57,19.4564714371227,39.3867492675781
1,58.58,19.4598047370091,39.4058227539063
1,58.59,19.4631380368955,39.4058227539063
1,58.6,19.466471336782,39.4344329833984
1,58.61,19.4698046366684,39.4582748413086
1,58.62,19.4731379365548,39.4511222839355
1,58.63,19.4764712364413,39.4701957702637
1,58.64,19.4798045363277,39.4821166992188
1,58.65,19.4831378362142,39.5083427429199
1,58.66,19.4864711361006,39.5083427429199
1,58.67,19.489804435987,39.520263671875
1,58.68,19.4931377358735,39.5441055297852
1,58.69,19.4964710357599,39.5560264587402
1,58.7,19.4998043356463,39.5727157592773
1,58.71,19.5031376355328,39.6108627319336
1,58.72,19.5064709354192,39.6132469177246
1,58.73,19.5098042353056,39.6323204040527
1,58.74,19.5131375351921,39.6585464477539
1,58.75,19.5164708350785,39.675235748291
1,58.76,19.5198041349649,39.6919250488281
1,58.77,19.5231374348514,39.7372245788574
1,58.78,19.5264707347378,39.7491455078125
1,58.79,19.5298040346242,39.7872924804688
1,58.8,19.5331373345107,39.8015975952148
1,58.81,19.5364706343971,39.832592010498
1,58.82,19.5398039342836,39.8588180541992
1,58.83,19.54313723417,39.8707389831543
1,58.84,19.5464705340564,39.8898124694824
1,58.85,19.5498038339429,39.9303436279297
1,58.86,19.5531371338293,39.9374961853027
1,58.87,19.5564704337157,39.9661064147949
1,58.88,19.5598037336022,39.975643157959
1,58.89,19.5631370334886,40.0018692016602
1,58.9,19.566470333375,40.0257110595703
1,58.91,19.5698036332615,40.0495529174805
1,58.92,19.5731369331479,40.0662422180176
1,58.93,19.5764702330343,40.0853157043457
1,58.94,19.5798035329208,40.1020050048828
1,58.95,19.5831368328072,40.1186943054199
1,58.96,19.5864701326936,40.1401519775391
1,58.97,19.5898034325801,40.1639938354492
1,58.98,19.5931367324665,40.1926040649414
1,58.99,19.596470032353,40.2235984802246
1,59,19.5998033322394,40.2426719665527
1,59.01,19.6031366321258,40.2569770812988
1,59.02,19.6064699320123,40.276050567627
1,59.03,19.6098032318987,40.3261184692383
1,59.04,19.6131365317851,40.3404235839844
1,59.05,19.6164698316716,40.3618812561035
1,59.06,19.619803131558,40.3594970703125
1,59.07,19.6231364314444,40.3976440429688
1,59.08,19.6264697313309,40.4095649719238
1,59.09,19.6298030312173,40.4500961303711
1,59.1,19.6331363311037,40.4500961303711
1,59.11,19.6364696309902,40.4644012451172
1,59.12,19.6398029308766,40.4810905456543
1,59.13,19.643136230763,40.5120849609375
1,59.14,19.6464695306495,40.5216217041016
1,59.15,19.6498028305359,40.5406951904297
1,59.16,19.6531361304224,40.5693054199219
1,59.17,19.6564694303088,40.5740737915039
1,59.18,19.6598027301952,40.5788421630859
1,59.19,19.6631360300817,40.6026840209961
1,59.2,19.6664693299681,40.6241416931152
1,59.21,19.6698026298545,40.6336784362793
1,59.22,19.673135929741,40.6551361083984
1,59.23,19.6764692296274,40.6575202941895
1,59.24,19.6798025295138,40.6789779663086
1,59.25,19.6831358294003,40.6885147094727
1,59.26,19.6864691292867,40.7171249389648
1,59.27,19.6898024291731,40.740966796875
1,59.28,19.6931357290596,40.7767295837402
1,59.29,19.696469028946,40.7743453979492
1,59.3,19.6998023288325,40.8077239990234
1,59.31,19.7031356287189,40.8124923706055
1,59.32,19.7064689286053,40.8530235290527
1,59.33,19.7098022284918,40.8697128295898
1,59.34,19.7131355283782,40.9150123596191
1,59.35,19.7164688282646,40.9221649169922
1,59.36,19.7198021281511,40.9555435180664
1,59.37,19.7231354280375,40.9746170043945
1,59.38,19.7264687279239,41.0103797912598
1,59.39,19.7298020278104,41.0318374633789
1,59.4,19.7331353276968,41.050910949707
1,59.41,19.7364686275832,41.0890579223633
1,59.42,19.7398019274697,41.1200523376465
1,59.43,19.7431352273561,41.1438941955566
1,59.44,19.7464685272425,41.1510467529297
1,59.45,19.749801827129,41.1725044250488
1,59.46,19.7531351270154,41.205883026123
1,59.47,19.7564684269018,41.2201881408691
1,59.48,19.7598017267883,41.2583351135254
1,59.49,19.7631350266747,41.2631034851074
1,59.5,19.7664683265612,41.2964820861816
1,59.51,19.7698016264476,41.3250923156738
1,59.52,19.773134926334,41.3393974304199
1,59.53,19.7764682262205,41.356086730957
1,59.54,19.7798015261069,41.3727760314941
1,59.55,19.7831348259933,41.3894653320313
1,59.56,19.7864681258798,41.4252281188965
1,59.57,19.7898014257662,41.4299964904785
1,59.58,19.7931347256526,41.4538383483887
1,59.59,19.7964680255391,41.4657592773438
1,59.6,19.7998013254255,41.4752960205078
1,59.61,19.8031346253119,41.4848327636719
1,59.62,19.8064679251984,41.496753692627
1,59.63,19.8098012250848,41.5301322937012
1,59.64,19.8131345249712,41.5420532226563
1,59.65,19.8164678248577,41.5539741516113
1,59.66,19.8198011247441,41.5849685668945
1,59.67,19.8231344246306,41.5897369384766
1,59.68,19.826467724517,41.6207313537598
1,59.69,19.8298010244034,41.6398048400879
1,59.7,19.8331343242899,41.658878326416
1,59.71,19.8364676241763,41.6946411132813
1,59.72,19.8398009240627,41.7137145996094
1,59.73,19.8431342239492,41.7256355285645
1,59.74,19.8464675238356,41.7518615722656
1,59.75,19.849800823722,41.7470932006836
1,59.76,19.8531341236085,41.7804718017578
1,59.77,19.8564674234949,41.811466217041
1,59.78,19.8598007233813,41.8353080749512
1,59.79,19.8631340232678,41.8519973754883
1,59.8,19.8664673231542,41.8758392333984
1,59.81,19.8698006230406,41.8972969055176
1,59.82,19.8731339229271,41.9282913208008
1,59.83,19.8764672228135,41.954517364502
1,59.84,19.8798005227,41.9759750366211
1,59.85,19.8831338225864,41.9926643371582
1,59.86,19.8864671224728,42.0069694519043
1,59.87,19.8898004223593,42.0427322387695
1,59.88,19.8931337222457,42.0761108398438
1,59.89,19.8964670221321,42.109489440918
1,59.9,19.8998003220186,42.1285629272461
1,59.91,19.903133621905,42.1667098999023
1,59.92,19.9064669217914,42.1905517578125
1,59.93,19.9098002216779,42.2382354736328
1,59.94,19.9131335215643,42.2549247741699
1,59.95,19.9164668214507,42.269229888916
1,59.96,19.9198001213372,42.3049926757813
1,59.97,19.9231334212236,42.2930717468262
1,59.98,19.92646672111,42.3502922058105
1,59.99,19.9298000209965,42.3812866210938
1,60,19.9331333208829,42.3908233642578
1,60.01,19.9364666207694,42.414665222168
1,60.02,19.9397999206558,42.421817779541
1,60.03,19.9431332205422,42.4337387084961
1,60.04,19.9464665204287,42.4671173095703
1,60.05,19.9497998203151,42.4814224243164
1,60.06,19.9531331202015,42.5148010253906
1,60.07,19.956466420088,42.5267219543457
1,60.08,19.9597997199744,42.5386428833008
1,60.09,19.9631330198608,42.5529479980469
1,60.1,19.9664663197473,42.564868927002
1,60.11,19.9697996196337,42.6101684570313
1,60.12,19.9731329195201,42.6387786865234
1,60.13,19.9764662194066,42.6459312438965
1,60.14,19.979799519293,42.6721572875977
1,60.15,19.9831328191794,42.6983833312988
1,60.16,19.9864661190659,42.729377746582
1,60.17,19.9897994189523,42.7675247192383
1,60.18,19.9931327188388,42.7889823913574
1,60.19,19.9964660187252,42.8128242492676
1,60.2,19.9997993186116,42.8295135498047
1,60.21,20.0031326184981,42.8891181945801
1,60.22,20.0064659183845,42.9105758666992
1,60.23,20.0097992182709,42.9368019104004
1,60.24,20.0131325181574,42.9868698120117
1,60.25,20.0164658180438,43.0154800415039
1,60.26,20.0197991179302,43.0607795715332
1,60.27,20.0231324178167,43.1036949157715
1,60.28,20.0264657177031,43.1370735168457
1,60.29,20.0297990175895,43.177604675293
1,60.3,20.033132317476,43.2229042053223
1,60.31,20.0364656173624,43.2538986206055
1,60.32,20.0397989172488,43.2801246643066
1,60.33,20.0431322171353,43.3182716369629
1,60.34,20.0464655170217,43.332576751709
1,60.35,20.0497988169082,43.3707237243652
1,60.36,20.0531321167946,43.3897972106934
1,60.37,20.056465416681,43.4374809265137
1,60.38,20.0597987165675,43.4541702270508
1,60.39,20.0631320164539,43.4708595275879
1,60.4,20.0664653163403,43.489933013916
1,60.41,20.0697986162268,43.5161590576172
1,60.42,20.0731319161132,43.5018539428711
1,60.43,20.0764652159996,43.5519218444824
1,60.44,20.0797985158861,43.5495376586914
1,60.45,20.0831318157725,43.5686111450195
1,60.46,20.0864651156589,43.5996055603027
1,60.47,20.0897984155454,43.6067581176758
1,60.48,20.0931317154318,43.6496734619141
1,60.49,20.0964650153182,43.6615943908691
1,60.5,20.0997983152047,43.6639785766602
1,60.51,20.1031316150911,43.6878204345703
1,60.52,20.1064649149776,43.6949729919434
1,60.53,20.109798214864,43.7092781066895
1,60.54,20.1131315147504,43.7426567077637
1,60.55,20.1164648146369,43.7498092651367
1,60.56,20.1197981145233,43.7450408935547
1,60.57,20.1231314144097,43.7688827514648
1,60.58,20.1264647142962,43.7736511230469
1,60.59,20.1297980141826,43.7760353088379
1,60.6,20.133131314069,43.790340423584
1,60.61,20.1364646139555,43.799877166748
1,60.62,20.1397979138419,43.8094139099121
1,60.63,20.1431312137283,43.8094139099121
1,60.64,20.1464645136148,43.8070297241211
1,60.65,20.1497978135012,43.8308715820313
1,60.66,20.1531311133876,43.8618659973145
1,60.67,20.1564644132741,43.8737869262695
1,60.68,20.1597977131605,43.8904762268066
1,60.69,20.163131013047,43.9047813415527
1,60.7,20.1664643129334,43.9095497131348
1,60.71,20.1697976128198,43.9286231994629
1,60.72,20.1731309127063,43.9548492431641
1,60.73,20.1764642125927,43.9572334289551
1,60.74,20.1797975124791,43.9953804016113
1,60.75,20.1831308123656,43.9953804016113
1,60.76,20.186464112252,44.0096855163574
1,60.77,20.1897974121384,44.0216064453125
1,60.78,20.1931307120249,44.0359115600586
1,60.79,20.1964640119113,44.0669059753418
1,60.8,20.1997973117977,44.0788269042969
1,60.81,20.2031306116842,44.1074371337891
1,60.82,20.2064639115706,44.1265106201172
1,60.83,20.209797211457,44.1288948059082
1,60.84,20.2131305113435,44.1622734069824
1,60.85,20.2164638112299,44.1813468933105
1,60.86,20.2197971111164,44.2123413085938
1,60.87,20.2231304110028,44.2361831665039
1,60.88,20.2264637108892,44.2695617675781
1,60.89,20.2297970107757,44.2981719970703
1,60.9,20.2331303106621,44.3124771118164
1,60.91,20.2364636105485,44.3363189697266
1,60.92,20.239796910435,44.3768501281738
1,60.93,20.2431302103214,44.3935394287109
1,60.94,20.2464635102078,44.4221496582031
1,60.95,20.2497968100943,44.4459915161133
1,60.96,20.2531301099807,44.4626808166504
1,60.97,20.2564634098671,44.4936752319336
1,60.98,20.2597967097536,44.5055961608887
1,60.99,20.26313000964,44.5199012756348
1,61,20.2664633095264,44.548511505127
1,61.01,20.2697966094129,44.5675849914551
1,61.02,20.2731299092993,44.5723533630371
1,61.03,20.2764632091857,44.5866584777832
1,61.04,20.2797965090722,44.6009635925293
1,61.05,20.2831298089586,44.6033477783203
1,61.06,20.2864631088451,44.6152687072754
1,61.07,20.2897964087315,44.6319580078125
1,61.08,20.2931297086179,44.6367263793945
1,61.09,20.2964630085044,44.6462631225586
1,61.1,20.2997963083908,44.6581840515137
1,61.11,20.3031296082772,44.6772575378418
1,61.12,20.3064629081637,44.6987152099609
1,61.13,20.3097962080501,44.715404510498
1,61.14,20.3131295079365,44.7368621826172
1,61.15,20.316462807823,44.7726249694824
1,61.16,20.3197961077094,44.8012351989746
1,61.17,20.3231294075958,44.8298454284668
1,61.18,20.3264627074823,44.856071472168
1,61.19,20.3297960073687,44.8894500732422
1,61.2,20.3331293072551,44.9228286743164
1,61.21,20.3364626071416,44.9728965759277
1,61.22,20.339795907028,45.015811920166
1,61.23,20.3431292069145,45.0468063354492
1,61.24,20.3464625068009,45.0658798217773
1,61.25,20.3497958066873,45.0849533081055
1,61.26,20.3531291065738,45.1207160949707
1,61.27,20.3564624064602,45.158863067627
1,61.28,20.3597957063466,45.1803207397461
1,61.29,20.3631290062331,45.1850891113281
1,61.3,20.3664623061195,45.2041625976563
1,61.31,20.3697956060059,45.2136993408203
1,61.32,20.3731289058924,45.2375411987305
1,61.33,20.3764622057788,45.2494621276855
1,61.34,20.3797955056652,45.2542304992676
1,61.35,20.3831288055517,45.2756881713867
1,61.36,20.3864621054381,45.2923774719238
1,61.37,20.3897954053246,45.3019142150879
1,61.38,20.393128705211,45.3352928161621
1,61.39,20.3964620050974,45.3424453735352
1,61.4,20.3997953049839,45.3710556030273
1,61.41,20.4031286048703,45.3948974609375
1,61.42,20.4064619047567,45.4258918762207
1,61.43,20.4097952046432,45.4378128051758
1,61.44,20.4131285045296,45.4592704772949
1,61.45,20.416461804416,45.4950332641602
1,61.46,20.4197951043025,45.5069541931152
1,61.47,20.4231284041889,45.5331802368164
1,61.48,20.4264617040753,45.5737113952637
1,61.49,20.4297950039618,45.6047058105469
1,61.5,20.4331283038482,45.6452369689941
1,61.51,20.4364616037346,45.6500053405762
1,61.52,20.4397949036211,45.6762313842773
1,61.53,20.4431282035075,45.7000732421875
1,61.54,20.446461503394,45.7310676574707
1,61.55,20.4497948032804,45.7596778869629
1,61.56,20.4531281031668,45.7859039306641
1,61.57,20.4564614030533,45.8097457885742
1,61.58,20.4597947029397,45.8168983459473
1,61.59,20.4631280028261,45.8383560180664
1,61.6,20.4664613027126,45.8717346191406
1,61.61,20.469794602599,45.9027290344238
1,61.62,20.4731279024854,45.921802520752
1,61.63,20.4764612023719,45.9504127502441
1,61.64,20.4797945022583,45.9599494934082
1,61.65,20.4831278021447,45.9814071655273
1,61.66,20.4864611020312,46.0219383239746
1,61.67,20.4897944019176,46.0553169250488
1,61.68,20.493127701804,46.0720062255859
1,61.69,20.4964610016905,46.0982322692871
1,61.7,20.4997943015769,46.1316108703613
1,61.71,20.5031276014633,46.1411476135254
1,61.72,20.5064609013498,46.1673736572266
1,61.73,20.5097942012362,46.2222099304199
1,61.74,20.5131275011227,46.236515045166
1,61.75,20.5164608010091,46.2508201599121
1,61.76,20.5197941008955,46.2818145751953
1,61.77,20.523127400782,46.3175773620605
1,61.78,20.5264607006684,46.3414192199707
1,61.79,20.5297940005548,46.3509559631348
1,61.8,20.5331273004413,46.379566192627
1,61.81,20.5364606003277,46.389102935791
1,61.82,20.5397939002141,46.4320182800293
1,61.83,20.5431272001006,46.4248657226563
1,61.84,20.546460499987,46.4749336242676
1,61.85,20.5497937998734,46.4773178100586
1,61.86,20.5531270997599,46.5106964111328
1,61.87,20.5564603996463,46.5178489685059
1,61.88,20.5597936995327,46.5655326843262
1,61.89,20.5631269994192,46.5703010559082
1,61.9,20.5664602993056,46.5941429138184
1,61.91,20.5697935991921,46.6203689575195
1,61.92,20.5731268990785,46.6346740722656
1,61.93,20.5764601989649,46.6728210449219
1,61.94,20.5797934988514,46.684741973877
1,61.95,20.5831267987378,46.696662902832
1,61.96,20.5864600986242,46.7300415039063
1,61.97,20.5897933985107,46.7395782470703
1,61.98,20.5931266983971,46.7801094055176
1,61.99,20.5964599982835,46.8015670776367
1,62,20.59979329817,46.8230247497559
1,62.01,20.6031265980564,46.8540191650391
1,62.02,20.6064598979428,46.8778610229492
1,62.03,20.6097931978293,46.9064712524414
1,62.04,20.6131264977157,46.9326972961426
1,62.05,20.6164597976021,46.9470024108887
1,62.06,20.6197930974886,46.9660758972168
1,62.07,20.623126397375,46.9970703125
1,62.08,20.6264596972615,47.0185279846191
1,62.09,20.6297929971479,47.0137596130371
1,62.1,20.6331262970343,47.0352172851563
1,62.11,20.6364595969208,47.0376014709473
1,62.12,20.6397928968072,47.0376014709473
1,62.13,20.6431261966936,47.0376014709473
1,62.14,20.6464594965801,47.0519065856934
1,62.15,20.6497927964665,47.0614433288574
1,62.16,20.6531260963529,47.0423698425293
1,62.17,20.6564593962394,47.0519065856934
1,62.18,20.6597926961258,47.0590591430664
1,62.19,20.6631259960122,47.0638275146484
1,62.2,20.6664592958987,47.0757484436035
1,62.21,20.6697925957851,47.0924377441406
1,62.22,20.6731258956715,47.1091270446777
1,62.23,20.676459195558,47.1210479736328
1,62.24,20.6797924954444,47.1377372741699
1,62.25,20.6831257953309,47.156810760498
1,62.26,20.6864590952173,47.1878051757813
1,62.27,20.6897923951037,47.1949577331543
1,62.28,20.6931256949902,47.2068786621094
1,62.29,20.6964589948766,47.2259521484375
1,62.3,20.699792294763,47.2664833068848
1,62.31,20.7031255946495,47.2712516784668
1,62.32,20.7064588945359,47.3141670227051
1,62.33,20.7097921944223,47.3499298095703
1,62.34,20.7131254943088,47.3952293395996
1,62.35,20.7164587941952,47.4071502685547
1,62.36,20.7197920940816,47.452449798584
1,62.37,20.7231253939681,47.4762916564941
1,62.38,20.7264586938545,47.5215911865234
1,62.39,20.729791993741,47.5335121154785
1,62.4,20.7331252936274,47.5883483886719
1,62.41,20.7364585935138,47.607421875
1,62.42,20.7397918934003,47.6384162902832
1,62.43,20.7431251932867,47.6455688476563
1,62.44,20.7464584931731,47.6861000061035
1,62.45,20.7497917930596,47.7123260498047
1,62.46,20.753125092946,47.7361679077148
1,62.47,20.7564583928324,47.7504730224609
1,62.48,20.7597916927189,47.764778137207
1,62.49,20.7631249926053,47.7790832519531
1,62.5,20.7664582924917,47.8148460388184
1,62.51,20.7697915923782,47.8434562683105
1,62.52,20.7731248922646,47.8482246398926
1,62.53,20.776458192151,47.8839874267578
1,62.54,20.7797914920375,47.907829284668
1,62.55,20.7831247919239,47.919750213623
1,62.56,20.7864580918103,47.9650497436523
1,62.57,20.7897913916968,47.9936599731445
1,62.58,20.7931246915832,48.0151176452637
1,62.59,20.7964579914697,48.0484962463379
1,62.6,20.7997912913561,48.0747222900391
1,62.61,20.8031245912425,48.1128692626953
1,62.62,20.806457891129,48.1271743774414
1,62.63,20.8097911910154,48.1677055358887
1,62.64,20.8131244909018,48.1963157653809
1,62.65,20.8164577907883,48.215389251709
1,62.66,20.8197910906747,48.2583045959473
1,62.67,20.8231243905611,48.2726097106934
1,62.68,20.8264576904476,48.3155250549316
1,62.69,20.829790990334,48.3369827270508
1,62.7,20.8331242902204,48.365592956543
1,62.71,20.8364575901069,48.3846664428711
1,62.72,20.8397908899933,48.3989715576172
1,62.73,20.8431241898797,48.4323501586914
1,62.74,20.8464574897662,48.4633445739746
1,62.75,20.8497907896526,48.4919548034668
1,62.76,20.8531240895391,48.5134124755859
1,62.77,20.8564573894255,48.530101776123
1,62.78,20.8597906893119,48.5444068908691
1,62.79,20.8631239891984,48.5897064208984
1,62.8,20.8664572890848,48.5992431640625
1,62.81,20.8697905889712,48.6421585083008
1,62.82,20.8731238888577,48.6636161804199
1,62.83,20.8764571887441,48.675537109375
1,62.84,20.8797904886305,48.7184524536133
1,62.85,20.883123788517,48.7351417541504
1,62.86,20.8864570884034,48.7542152404785
1,62.87,20.8897903882898,48.7923622131348
1,62.88,20.8931236881763,48.8042831420898
1,62.89,20.8964569880627,48.820972442627
1,62.9,20.8997902879491,48.8567352294922
1,62.91,20.9031235878356,48.8567352294922
1,62.92,20.906456887722,48.8710403442383
1,62.93,20.9097901876085,48.8877296447754
1,62.94,20.9131234874949,48.9139556884766
1,62.95,20.9164567873813,48.9211082458496
1,62.96,20.9197900872678,48.9544868469238
1,62.97,20.9231233871542,48.9616394042969
1,62.98,20.9264566870406,48.9926338195801
1,62.99,20.9297899869271,49.0093231201172
1,63,20.9331232868135,49.0283966064453
1,63.01,20.9364565866999,49.0593910217285
1,63.02,20.9397898865864,49.0713119506836
1,63.03,20.9431231864728,49.0951538085938
1,63.04,20.9464564863592,49.138069152832
1,63.05,20.9497897862457,49.1523742675781
1,63.06,20.9531230861321,49.1786003112793
1,63.07,20.9564563860185,49.2143630981445
1,63.08,20.959789685905,49.2334365844727
1,63.09,20.9631229857914,49.281120300293
1,63.1,20.9664562856779,49.3049621582031
1,63.11,20.9697895855643,49.3502616882324
1,63.12,20.9731228854507,49.3860244750977
1,63.13,20.9764561853372,49.4241714477539
1,63.14,20.9797894852236,49.4527816772461
1,63.15,20.98312278511,49.4766235351563
1,63.16,20.9864560849965,49.5171546936035
1,63.17,20.9897893848829,49.5409965515137
1,63.18,20.9931226847693,49.5648384094238
1,63.19,20.9964559846558,49.6125221252441
1,63.2,20.9997892845422,49.6387481689453
1,63.21,21.0031225844286,49.6816635131836
1,63.22,21.0064558843151,49.6983528137207
1,63.23,21.0097891842015,49.7555732727051
1,63.24,21.0131224840879,49.8080253601074
1,63.25,21.0164557839744,49.8247146606445
1,63.26,21.0197890838608,49.8580932617188
1,63.27,21.0231223837473,49.898624420166
1,63.28,21.0264556836337,49.9224662780762
1,63.29,21.0297889835201,49.9582290649414
1,63.3,21.0331222834066,49.9749183654785
1,63.31,21.036455583293,50.0059127807617
1,63.32,21.0397888831794,50.0154495239258
1,63.33,21.0431221830659,50.055980682373
1,63.34,21.0464554829523,50.0750541687012
1,63.35,21.0497887828387,50.1036643981934
1,63.36,21.0531220827252,50.1251220703125
1,63.37,21.0564553826116,50.1346588134766
1,63.38,21.059788682498,50.1537322998047
1,63.39,21.0631219823845,50.1823425292969
1,63.4,21.0664552822709,50.208568572998
1,63.41,21.0697885821573,50.2204895019531
1,63.42,21.0731218820438,50.2562522888184
1,63.43,21.0764551819302,50.2729415893555
1,63.44,21.0797884818166,50.2943992614746
1,63.45,21.0831217817031,50.2991676330566
1,63.46,21.0864550815895,50.349235534668
1,63.47,21.089788381476,50.3730773925781
1,63.48,21.0931216813624,50.3849983215332
1,63.49,21.0964549812488,50.3945350646973
1,63.5,21.0997882811353,50.4136085510254
1,63.51,21.1031215810217,50.4374504089355
1,63.52,21.1064548809081,50.4350662231445
1,63.53,21.1097881807946,50.4612922668457
1,63.54,21.113121480681,50.4899024963379
1,63.55,21.1164547805674,50.504207611084
1,63.56,21.1197880804539,50.508975982666
1,63.57,21.1231213803403,50.5208969116211
1,63.58,21.1264546802267,50.5185127258301
1,63.59,21.1297879801132,50.5399703979492
1,63.6,21.1331212799996,50.5638122558594
1,63.61,21.1364545798861,50.5661964416504
1,63.62,21.1397878797725,50.5685806274414
1,63.63,21.1431211796589,50.5852699279785
1,63.64,21.1464544795454,50.5924224853516
1,63.65,21.1497877794318,50.6114959716797
1,63.66,21.1531210793182,50.6258010864258
1,63.67,21.1564543792047,50.6353378295898
1,63.68,21.1597876790911,50.6472587585449
1,63.69,21.1631209789775,50.6496429443359
1,63.7,21.166454278864,50.6901741027832
1,63.71,21.1697875787504,50.7116317749023
1,63.72,21.1731208786368,50.7283210754395
1,63.73,21.1764541785233,50.7473945617676
1,63.74,21.1797874784097,50.7783889770508
1,63.75,21.1831207782961,50.7903099060059
1,63.76,21.1864540781826,50.8308410644531
1,63.77,21.189787378069,50.8546829223633
1,63.78,21.1931206779554,50.8642196655273
1,63.79,21.1964539778419,50.8928298950195
1,63.8,21.1997872777283,50.9452819824219
1,63.81,21.2031205776148,50.971508026123
1,63.82,21.2064538775012,50.9977340698242
1,63.83,21.2097871773876,51.0311126708984
1,63.84,21.2131204772741,51.0358810424805
1,63.85,21.2164537771605,51.0811805725098
1,63.86,21.2197870770469,51.0787963867188
1,63.87,21.2231203769334,51.109790802002
1,63.88,21.2264536768198,51.124095916748
1,63.89,21.2297869767062,51.116943359375
1,63.9,21.2331202765927,51.1598587036133
1,63.91,21.2364535764791,51.1813163757324
1,63.92,21.2397868763655,51.1908531188965
1,63.93,21.243120176252,51.2146949768066
1,63.94,21.2464534761384,51.2337684631348
1,63.95,21.2497867760248,51.2433052062988
1,63.96,21.2531200759113,51.2576103210449
1,63.97,21.2564533757977,51.3052940368652
1,63.98,21.2597866756842,51.3291358947754
1,63.99,21.2631199755706,51.3625144958496
1,64,21.266453275457,51.4006614685059
1,64.01,21.2697865753435,51.4435768127441
1,64.02,21.2731198752299,51.4626502990723
1,64.03,21.2764531751163,51.4984130859375
1,64.04,21.2797864750028,51.5222549438477
1,64.05,21.2831197748892,51.5484809875488
1,64.06,21.2864530747756,51.6009330749512
1,64.07,21.2897863746621,51.6271591186523
1,64.08,21.2931196745485,51.6510009765625
1,64.09,21.2964529744349,51.6724586486816
1,64.1,21.2997862743214,51.7058372497559
1,64.11,21.3031195742078,51.7392158508301
1,64.12,21.3064528740942,51.7582893371582
1,64.13,21.3097861739807,51.8059730529785
1,64.14,21.3131194738671,51.8298149108887
1,64.15,21.3164527737536,51.8512725830078
1,64.16,21.31978607364,51.8608093261719
1,64.17,21.3231193735264,51.9156455993652
1,64.18,21.3264526734129,51.9323348999023
1,64.19,21.3297859732993,51.9514083862305
1,64.2,21.3331192731857,51.9633293151855
1,64.21,21.3364525730722,51.9847869873047
1,64.22,21.3397858729586,52.0181655883789
1,64.23,21.343119172845,52.0229339599609
1,64.24,21.3464524727315,52.0610809326172
1,64.25,21.3497857726179,52.0920753479004
1,64.26,21.3531190725043,52.1135330200195
1,64.27,21.3564523723908,52.1397590637207
1,64.28,21.3597856722772,52.1612167358398
1,64.29,21.3631189721636,52.18505859375
1,64.3,21.3664522720501,52.1969795227051
1,64.31,21.3697855719365,52.2398948669434
1,64.32,21.373118871823,52.2589683532715
1,64.33,21.3764521717094,52.2732734680176
1,64.34,21.3797854715958,52.2923469543457
1,64.35,21.3831187714823,52.2994995117188
1,64.36,21.3864520713687,52.344799041748
1,64.37,21.3897853712551,52.3734092712402
1,64.38,21.3931186711416,52.3781776428223
1,64.39,21.396451971028,52.3972511291504
1,64.4,21.3997852709144,52.4306297302246
1,64.41,21.4031185708009,52.4497032165527
1,64.42,21.4064518706873,52.4735450744629
1,64.43,21.4097851705737,52.5116920471191
1,64.44,21.4131184704602,52.5498390197754
1,64.45,21.4164517703466,52.5641441345215
1,64.46,21.419785070233,52.5903701782227
1,64.47,21.4231183701195,52.635669708252
1,64.48,21.4264516700059,52.6595115661621
1,64.49,21.4297849698924,52.6714324951172
1,64.5,21.4331182697788,52.6928901672363
1,64.51,21.4364515696652,52.7381896972656
1,64.52,21.4397848695517,52.7644157409668
1,64.53,21.4431181694381,52.788257598877
1,64.54,21.4464514693245,52.8073310852051
1,64.55,21.449784769211,52.8550148010254
1,64.56,21.4531180690974,52.8860092163086
1,64.57,21.4564513689838,52.8883934020996
1,64.58,21.4597846688703,52.9313087463379
1,64.59,21.4631179687567,52.945613861084
1,64.6,21.4664512686431,52.9694557189941
1,64.61,21.4697845685296,52.9980659484863
1,64.62,21.473117868416,53.0266761779785
1,64.63,21.4764511683025,53.0409812927246
1,64.64,21.4797844681889,53.0600547790527
1,64.65,21.4831177680753,53.0838966369629
1,64.66,21.4864510679618,53.1005859375
1,64.67,21.4897843678482,53.1268119812012
1,64.68,21.4931176677346,53.1387329101563
1,64.69,21.4964509676211,53.1911849975586
1,64.7,21.4997842675075,53.1888008117676
1,64.71,21.5031175673939,53.2317161560059
1,64.72,21.5064508672804,53.260326385498
1,64.73,21.5097841671668,53.2770156860352
1,64.74,21.5131174670532,53.3127784729004
1,64.75,21.5164507669397,53.3175468444824
1,64.76,21.5197840668261,53.3461570739746
1,64.77,21.5231173667125,53.3533096313477
1,64.78,21.526450666599,53.408145904541
1,64.79,21.5297839664854,53.4248352050781
1,64.8,21.5331172663718,53.4462928771973
1,64.81,21.5364505662583,53.4772872924805
1,64.82,21.5397838661447,53.4772872924805
1,64.83,21.5431171660312,53.5082817077637
1,64.84,21.5464504659176,53.558349609375
1,64.85,21.549783765804,53.5774230957031
1,64.86,21.5531170656905,53.5988807678223
1,64.87,21.5564503655769,53.5988807678223
1,64.88,21.5597836654633,53.6203384399414
1,64.89,21.5631169653498,53.6322593688965
1,64.9,21.5664502652362,53.6465644836426
1,64.91,21.5697835651226,53.6751747131348
1,64.92,21.5731168650091,53.6656379699707
1,64.93,21.5764501648955,53.708553314209
1,64.94,21.5797834647819,53.715705871582
1,64.95,21.5831167646684,53.7371635437012
1,64.96,21.5864500645548,53.7514686584473
1,64.97,21.5897833644412,53.7800788879395
1,64.98,21.5931166643277,53.8015365600586
1,64.99,21.5964499642141,53.8301467895508
1,65,21.5997832641006,53.8754463195801
1,65.01,21.603116563987,53.8992881774902
1,65.02,21.6064498638734,53.9255142211914
1,65.03,21.6097831637599,53.9493560791016
1,65.04,21.6131164636463,53.9875030517578
1,65.05,21.6164497635327,54.0065765380859
1,65.06,21.6197830634192,54.0351867675781
1,65.07,21.6231163633056,54.0494918823242
1,65.08,21.626449663192,54.0828704833984
1,65.09,21.6297829630785,54.1090965270996
1,65.1,21.6331162629649,54.1234016418457
1,65.11,21.6364495628513,54.1782379150391
1,65.12,21.6397828627378,54.2092323303223
1,65.13,21.6431161626242,54.2259216308594
1,65.14,21.6464494625106,54.2593002319336
1,65.15,21.6497827623971,54.2974472045898
1,65.16,21.6531160622835,54.328441619873
1,65.17,21.65644936217,54.3546676635742
1,65.18,21.6597826620564,54.3785095214844
1,65.19,21.6631159619428,54.4142723083496
1,65.2,21.6664492618293,54.4238090515137
1,65.21,21.6697825617157,54.4548034667969
1,65.22,21.6731158616021,54.466724395752
1,65.23,21.6764491614886,54.5144081115723
1,65.24,21.679782461375,54.5310974121094
1,65.25,21.6831157612614,54.5406341552734
1,65.26,21.6864490611479,54.5692443847656
1,65.27,21.6897823610343,54.6002388000488
1,65.28,21.6931156609207,54.6073913574219
1,65.29,21.6964489608072,54.6574592590332
1,65.3,21.6997822606936,54.6693801879883
1,65.31,21.70311556058,54.7099113464355
1,65.32,21.7064488604665,54.7313690185547
1,65.33,21.7097821603529,54.7671318054199
1,65.34,21.7131154602394,54.7909736633301
1,65.35,21.7164487601258,54.8219680786133
1,65.36,21.7197820600122,54.8529624938965
1,65.37,21.7231153598987,54.8720359802246
1,65.38,21.7264486597851,54.9054145812988
1,65.39,21.7297819596715,54.9221038818359
1,65.4,21.733115259558,54.9411773681641
1,65.41,21.7364485594444,54.9674034118652
1,65.42,21.7397818593308,55.0055503845215
1,65.43,21.7431151592173,55.0270080566406
1,65.44,21.7464484591037,55.0484657287598
1,65.45,21.7497817589901,55.091381072998
1,65.46,21.7531150588766,55.0961494445801
1,65.47,21.756448358763,55.1319122314453
1,65.48,21.7597816586494,55.1700592041016
1,65.49,21.7631149585359,55.1867485046387
1,65.5,21.7664482584223,55.1915168762207
1,65.51,21.7697815583088,55.2153587341309
1,65.52,21.7731148581952,55.2511215209961
1,65.53,21.7764481580816,55.2630424499512
1,65.54,21.7797814579681,55.2773475646973
1,65.55,21.7831147578545,55.3154945373535
1,65.56,21.7864480577409,55.3488731384277
1,65.57,21.7897813576274,55.3512573242188
1,65.58,21.7931146575138,55.3774833679199
1,65.59,21.7964479574002,55.391788482666
1,65.6,21.7997812572867,55.4299354553223
1,65.61,21.8031145571731,55.4633140563965
1,65.62,21.8064478570595,55.4823875427246
1,65.63,21.809781156946,55.5014610290527
1,65.64,21.8131144568324,55.5324554443359
1,65.65,21.8164477567188,55.5682182312012
1,65.66,21.8197810566053,55.5801391601563
1,65.67,21.8231143564917,55.6254386901855
1,65.68,21.8264476563782,55.6468963623047
1,65.69,21.8297809562646,55.6683540344238
1,65.7,21.833114256151,55.7136535644531
1,65.71,21.8364475560375,55.7303428649902
1,65.72,21.8397808559239,55.7565689086914
1,65.73,21.8431141558103,55.7971000671387
1,65.74,21.8464474556968,55.8137893676758
1,65.75,21.8497807555832,55.8376312255859
1,65.76,21.8531140554696,55.8900833129883
1,65.77,21.8564473553561,55.9139251708984
1,65.78,21.8597806552425,55.9401512145996
1,65.79,21.8631139551289,55.9496879577637
1,65.8,21.8664472550154,55.9854507446289
1,65.81,21.8697805549018,56.0092926025391
1,65.82,21.8731138547882,56.0426712036133
1,65.83,21.8764471546747,56.0641288757324
1,65.84,21.8797804545611,56.0712814331055
1,65.85,21.8831137544476,56.0998916625977
1,65.86,21.886447054334,56.1070442199707
1,65.87,21.8897803542204,56.1380386352539
1,65.88,21.8931136541069,56.154727935791
1,65.89,21.8964469539933,56.1904907226563
1,65.9,21.8997802538797,56.2191009521484
1,65.91,21.9031135537662,56.2334060668945
1,65.92,21.9064468536526,56.2715530395508
1,65.93,21.909780153539,56.2930107116699
1,65.94,21.9131134534255,56.302547454834
1,65.95,21.9164467533119,56.307315826416
1,65.96,21.9197800531983,56.3573837280273
1,65.97,21.9231133530848,56.3788414001465
1,65.98,21.9264466529712,56.3931465148926
1,65.99,21.9297799528576,56.4098358154297
1,66,21.9331132527441,56.4360618591309
1,66.01,21.9364465526305,56.450366973877
1,66.02,21.9397798525169,56.4789772033691
1,66.03,21.9431131524034,56.5075874328613
1,66.04,21.9464464522898,56.5242767333984
1,66.05,21.9497797521763,56.5290451049805
1,66.06,21.9531130520627,56.5552711486816
1,66.07,21.9564463519491,56.5505027770996
1,66.08,21.9597796518356,56.5886497497559
1,66.09,21.963112951722,56.614875793457
1,66.1,21.9664462516084,56.6434860229492
1,66.11,21.9697795514949,56.6577911376953
1,66.12,21.9731128513813,56.6935539245605
1,66.13,21.9764461512677,56.7460060119629
1,66.14,21.9797794511542,56.760311126709
1,66.15,21.9831127510406,56.8008422851563
1,66.16,21.986446050927,56.8413734436035
1,66.17,21.9897793508135,56.8675994873047
1,66.18,21.9931126506999,56.9057464599609
1,66.19,21.9964459505863,56.9534301757813
1,66.2,21.9997792504728,56.9725036621094
1,66.21,22.0031125503592,57.0225715637207
1,66.22,22.0064458502457,57.0440292358398
1,66.23,22.0097791501321,57.060718536377
1,66.24,22.0131124500185,57.1322441101074
1,66.25,22.016445749905,57.1584701538086
1,66.26,22.0197790497914,57.1751594543457
1,66.27,22.0231123496778,57.213306427002
1,66.28,22.0264456495643,57.2419166564941
1,66.29,22.0297789494507,57.2490692138672
1,66.3,22.0331122493371,57.2967529296875
1,66.31,22.0364455492236,57.3348999023438
1,66.32,22.03977884911,57.3635101318359
1,66.33,22.0431121489964,57.3968887329102
1,66.34,22.0464454488829,57.4421882629395
1,66.35,22.0497787487693,57.4660301208496
1,66.36,22.0531120486557,57.5017929077148
1,66.37,22.0564453485422,57.532787322998
1,66.38,22.0597786484286,57.5423240661621
1,66.39,22.0631119483151,57.5971603393555
1,66.4,22.0664452482015,57.6114654541016
1,66.41,22.0697785480879,57.6496124267578
1,66.42,22.0731118479744,57.680606842041
1,66.43,22.0764451478608,57.7139854431152
1,66.44,22.0797784477472,57.7211380004883
1,66.45,22.0831117476337,57.7497482299805
1,66.46,22.0864450475201,57.7878952026367
1,66.47,22.0897783474065,57.7926635742188
1,66.48,22.093111647293,57.8093528747559
1,66.49,22.0964449471794,57.8403472900391
1,66.5,22.0997782470658,57.8403472900391
1,66.51,22.1031115469523,57.8904151916504
1,66.52,22.1064448468387,57.8904151916504
1,66.53,22.1097781467251,57.9333305358887
1,66.54,22.1131114466116,57.9476356506348
1,66.55,22.116444746498,57.9547882080078
1,66.56,22.1197780463845,57.976245880127
1,66.57,22.1231113462709,58.0024719238281
1,66.58,22.1264446461573,58.0263137817383
1,66.59,22.1297779460438,58.0549240112305
1,66.6,22.1331112459302,58.0763816833496
1,66.61,22.1364445458166,58.0763816833496
1,66.62,22.1397778457031,58.131217956543
1,66.63,22.1431111455895,58.1574440002441
1,66.64,22.1464444454759,58.1812858581543
1,66.65,22.1497777453624,58.2098960876465
1,66.66,22.1531110452488,58.2146644592285
1,66.67,22.1564443451352,58.2671165466309
1,66.68,22.1597776450217,58.295726776123
1,66.69,22.1631109449081,58.295726776123
1,66.7,22.1664442447946,58.3171844482422
1,66.71,22.169777544681,58.3457946777344
1,66.72,22.1731108445674,58.3720207214355
1,66.73,22.1764441444539,58.3910942077637
1,66.74,22.1797774443403,58.3958625793457
1,66.75,22.1831107442267,58.4316253662109
1,66.76,22.1864440441132,58.448314666748
1,66.77,22.1897773439996,58.4697723388672
1,66.78,22.193110643886,58.4769248962402
1,66.79,22.1964439437725,58.5007667541504
1,66.8,22.1997772436589,58.5246086120605
1,66.81,22.2031105435453,58.5436820983887
1,66.82,22.2064438434318,58.5746765136719
1,66.83,22.2097771433182,58.5842132568359
1,66.84,22.2131104432046,58.6032867431641
1,66.85,22.2164437430911,58.6295127868652
1,66.86,22.2197770429775,58.6581230163574
1,66.87,22.223110342864,58.6700439453125
1,66.88,22.2264436427504,58.7153434753418
1,66.89,22.2297769426368,58.7296485900879
1,66.9,22.2331102425233,58.748722076416
1,66.91,22.2364435424097,58.7797164916992
1,66.92,22.2397768422961,58.8202476501465
1,66.93,22.2431101421826,58.8178634643555
1,66.94,22.246443442069,58.8774681091309
1,66.95,22.2497767419554,58.901309967041
1,66.96,22.2531100418419,58.89892578125
1,66.97,22.2564433417283,58.9275360107422
1,66.98,22.2597766416147,58.9990615844727
1,66.99,22.2631099415012,58.9990615844727
1,67,22.2664432413876,59.0419769287109
1,67.01,22.269776541274,59.056282043457
1,67.02,22.2731098411605,59.0610504150391
1,67.03,22.2764431410469,59.1325759887695
1,67.04,22.2797764409333,59.1611862182617
1,67.05,22.2831097408198,59.1611862182617
1,67.06,22.2864430407062,59.1945648193359
1,67.07,22.2897763405927,59.2279434204102
1,67.08,22.2931096404791,59.2660903930664
1,67.09,22.2964429403655,59.2947006225586
1,67.1,22.299776240252,59.2947006225586
1,67.11,22.3031095401384,59.356689453125
1,67.12,22.3064428400248,59.3996047973633
1,67.13,22.3097761399113,59.4091415405273
1,67.14,22.3131094397977,59.4472885131836
1,67.15,22.3164427396841,59.4615936279297
1,67.16,22.3197760395706,59.4854354858398
1,67.17,22.323109339457,59.5426559448242
1,67.18,22.3264426393434,59.5521926879883
1,67.19,22.3297759392299,59.6046447753906
1,67.2,22.3331092391163,59.6475601196289
1,67.21,22.3364425390027,59.6284866333008
1,67.22,22.3397758388892,59.6904754638672
1,67.23,22.3431091387756,59.6857070922852
1,67.24,22.3464424386621,59.7333908081055
1,67.25,22.3497757385485,59.7286224365234
1,67.26,22.3531090384349,59.809684753418
1,67.27,22.3564423383214,59.8049163818359
1,67.28,22.3597756382078,59.8573684692383
1,67.29,22.3631089380942,59.8812103271484
1,67.3,22.3664422379807,59.8907470703125
1,67.31,22.3697755378671,59.9431991577148
1,67.32,22.3731088377535,59.9336624145508
1,67.33,22.37644213764,59.9861145019531
1,67.34,22.3797754375264,59.9813461303711
1,67.35,22.3831087374128,60.0290298461914
1,67.36,22.3864420372993,60.0481033325195
1,67.37,22.3897753371857,60.0719451904297
1,67.38,22.3931086370721,60.0814819335938
1,67.39,22.3964419369586,60.1005554199219
1,67.4,22.399775236845,60.1387023925781
1,67.41,22.4031085367315,60.1530075073242
1,67.42,22.4064418366179,60.1863861083984
1,67.43,22.4097751365043,60.2006912231445
1,67.44,22.4131084363908,60.1816177368164
1,67.45,22.4164417362772,60.2102279663086
1,67.46,22.4197750361636,60.2626800537109
1,67.47,22.4231083360501,60.276985168457
1,67.48,22.4264416359365,60.272216796875
1,67.49,22.4297749358229,60.3485107421875
1,67.5,22.4331082357094,60.3389739990234
1,67.51,22.4364415355958,60.3961944580078
1,67.52,22.4397748354822,60.4343414306641
1,67.53,22.4431081353687,60.4343414306641
1,67.54,22.4464414352551,60.4581832885742
1,67.55,22.4497747351415,60.4915618896484
1,67.56,22.453108035028,60.5058670043945
1,67.57,22.4564413349144,60.582160949707
1,67.58,22.4597746348009,60.5964660644531
1,67.59,22.4631079346873,60.6346130371094
1,67.6,22.4664412345737,60.6632232666016
1,67.61,22.4697745344602,60.6632232666016
1,67.62,22.4731078343466,60.7585906982422
1,67.63,22.476441134233,60.7776641845703
1,67.64,22.4797744341195,60.7776641845703
1,67.65,22.4831077340059,60.8301162719727
1,67.66,22.4864410338923,60.8396530151367
1,67.67,22.4897743337788,60.8682632446289
1,67.68,22.4931076336652,60.9350204467773
1,67.69,22.4964409335516,60.9636306762695
1,67.7,22.4997742334381,60.9350204467773
1,67.71,22.5031075333245,61.0113143920898
1,67.72,22.5064408332109,61.0256195068359
1,67.73,22.5097741330974,61.0208511352539
1,67.74,22.5131074329838,61.039924621582
1,67.75,22.5164407328703,61.0876083374023
1,67.76,22.5197740327567,61.1066818237305
1,67.77,22.5231073326431,61.1543655395508
1,67.78,22.5264406325296,61.1352920532227
1,67.79,22.529773932416,61.1972808837891
1,67.8,22.5331072323024,61.182975769043
1,67.81,22.5364405321889,61.2306594848633
1,67.82,22.5397738320753,61.2163543701172
1,67.83,22.5431071319617,61.2354278564453
1,67.84,22.5464404318482,61.3117218017578
1,67.85,22.5497737317346,61.2926483154297
1,67.86,22.553107031621,61.335563659668
1,67.87,22.5564403315075,61.34033203125
1,67.88,22.5597736313939,61.3927841186523
1,67.89,22.5631069312803,61.4070892333984
1,67.9,22.5664402311668,61.4023208618164
1,67.91,22.5697735310532,61.4595413208008
1,67.92,22.5731068309397,61.4738464355469
1,67.93,22.5764401308261,61.488151550293
1,67.94,22.5797734307125,61.5406036376953
1,67.95,22.583106730599,61.5787506103516
1,67.96,22.5864400304854,61.5739822387695
1,67.97,22.5897733303718,61.5835189819336
1,67.98,22.5931066302583,61.6693496704102
1,67.99,22.5964399301447,61.6931915283203
1,68,22.5997732300311,61.7218017578125
1,68.01,22.6031065299176,61.7218017578125
1,68.02,22.606439829804,61.7837905883789
1,68.03,22.6097731296904,61.793327331543
1,68.04,22.6131064295769,61.8314743041992
1,68.05,22.6164397294633,61.8457794189453
1,68.06,22.6197730293497,61.8696212768555
1,68.07,22.6231063292362,61.95068359375
1,68.08,22.6264396291226,61.95068359375
1,68.09,22.6297729290091,62.0174407958984
1,68.1,22.6331062288955,62.0269775390625
1,68.11,22.6364395287819,62.0889663696289
1,68.12,22.6397728286684,62.1175765991211
1,68.13,22.6431061285548,62.0889663696289
1,68.14,22.6464394284412,62.1700286865234
1,68.15,22.6497727283277,62.1986389160156
1,68.16,22.6531060282141,62.2034072875977
1,68.17,22.6564393281005,62.251091003418
1,68.18,22.659772627987,62.2797012329102
1,68.19,22.6631059278734,62.2653961181641
1,68.2,22.6664392277598,62.3083114624023
1,68.21,22.6697725276463,62.3464584350586
1,68.22,22.6731058275327,62.3941421508789
1,68.23,22.6764391274191,62.3798370361328
1,68.24,22.6797724273056,62.3989105224609
1,68.25,22.683105727192,62.4370574951172
1,68.26,22.6864390270785,62.4656677246094
1,68.27,22.6897723269649,62.4752044677734
1,68.28,22.6931056268513,62.5133514404297
1,68.29,22.6964389267378,62.5514984130859
1,68.3,22.6997722266242,62.5848770141602
1,68.31,22.7031055265106,62.6230239868164
1,68.32,22.7064388263971,62.6373291015625
1,68.33,22.7097721262835,62.6087188720703
1,68.34,22.7131054261699,62.6897811889648
1,68.35,22.7164387260564,62.6754760742188
1,68.36,22.7197720259428,62.7231597900391
1,68.37,22.7231053258292,62.6897811889648
1,68.38,22.7264386257157,62.7565383911133
1,68.39,22.7297719256021,62.7994537353516
1,68.4,22.7331052254885,62.7851486206055
1,68.41,22.736438525375,62.8089904785156
1,68.42,22.7397718252614,62.8805160522461
1,68.43,22.7431051251478,62.8805160522461
1,68.44,22.7464384250343,62.9234313964844
1,68.45,22.7497717249207,62.9377365112305
1,68.46,22.7531050248072,62.9758834838867
1,68.47,22.7564383246936,63.0092620849609
1,68.48,22.75977162458,63.0474090576172
1,68.49,22.7631049244665,63.0855560302734
1,68.5,22.7664382243529,63.1284713745117
1,68.51,22.7697715242393,63.1475448608398
1,68.52,22.7731048241258,63.1570816040039
1,68.53,22.7764381240122,63.1952285766602
1,68.54,22.7797714238986,63.2095336914063
1,68.55,22.7831047237851,63.2333755493164
1,68.56,22.7864380236715,63.2429122924805
1,68.57,22.7897713235579,63.2953643798828
1,68.58,22.7931046234444,63.3144378662109
1,68.59,22.7964379233308,63.3716583251953
1,68.6,22.7997712232172,63.3668899536133
1,68.61,22.8031045231037,63.3811950683594
1,68.62,22.8064378229901,63.4336471557617
1,68.63,22.8097711228766,63.4527206420898
1,68.64,22.813104422763,63.5051727294922
1,68.65,22.8164377226494,63.5099411010742
1,68.66,22.8197710225359,63.5671615600586
1,68.67,22.8231043224223,63.5957717895508
1,68.68,22.8264376223087,63.5862350463867
1,68.69,22.8297709221952,63.6529922485352
1,68.7,22.8331042220816,63.6434555053711
1,68.71,22.836437521968,63.7149810791016
1,68.72,22.8397708218545,63.7197494506836
1,68.73,22.8431041217409,63.7578964233398
1,68.74,22.8464374216273,63.7960433959961
1,68.75,22.8497707215138,63.8198852539063
1,68.76,22.8531040214002,63.8437271118164
1,68.77,22.8564373212867,63.9057159423828
1,68.78,22.8597706211731,63.9247894287109
1,68.79,22.8631039210595,63.9533996582031
1,68.8,22.866437220946,63.9677047729492
1,68.81,22.8697705208324,63.9533996582031
1,68.82,22.8731038207188,64.0344619750977
1,68.83,22.8764371206053,64.0249252319336
1,68.84,22.8797704204917,64.0392303466797
1,68.85,22.8831037203781,64.0630722045898
1,68.86,22.8864370202646,64.1059875488281
1,68.87,22.889770320151,64.1393661499023
1,68.88,22.8931036200374,64.1298294067383
1,68.89,22.8964369199239,64.1441345214844
1,68.9,22.8997702198103,64.2013549804688
1,68.91,22.9031035196967,64.1918182373047
1,68.92,22.9064368195832,64.234733581543
1,68.93,22.9097701194696,64.2538070678711
1,68.94,22.9131034193561,64.2824172973633
1,68.95,22.9164367192425,64.3348693847656
1,68.96,22.9197700191289,64.3491744995117
1,68.97,22.9231033190154,64.4111633300781
1,68.98,22.9264366189018,64.4063949584961
1,68.99,22.9297699187882,64.4254684448242
1,69,22.9331032186747,64.4779205322266
1,69.01,22.9364365185611,64.539909362793
1,69.02,22.9397698184475,64.544677734375
1,69.03,22.943103118334,64.5828247070313
1,69.04,22.9464364182204,64.6066665649414
1,69.05,22.9497697181068,64.6448135375977
1,69.06,22.9531030179933,64.6686553955078
1,69.07,22.9564363178797,64.7068023681641
1,69.08,22.9597696177661,64.7449493408203
1,69.09,22.9631029176526,64.7640228271484
1,69.1,22.966436217539,64.7974014282227
1,69.11,22.9697695174254,64.7974014282227
1,69.12,22.9731028173119,64.8593902587891
1,69.13,22.9764361171983,64.8784637451172
1,69.14,22.9797694170848,64.845085144043
1,69.15,22.9831027169712,64.9404525756836
1,69.16,22.9864360168576,64.9261474609375
1,69.17,22.9897693167441,64.9547576904297
1,69.18,22.9931026166305,65.007209777832
1,69.19,22.9964359165169,65.0262832641602
1,69.2,22.9997692164034,65.0548934936523
1,69.21,23.0031025162898,65.0882720947266
1,69.22,23.0064358161762,65.1121139526367
1,69.23,23.0097691160627,65.1168823242188
1,69.24,23.0131024159491,65.159797668457
1,69.25,23.0164357158355,65.2027130126953
1,69.26,23.019769015722,65.2360916137695
1,69.27,23.0231023156084,65.2980804443359
1,69.28,23.0264356154948,65.302848815918
1,69.29,23.0297689153813,65.3171539306641
1,69.3,23.0331022152677,65.3266906738281
1,69.31,23.0364355151542,65.3791427612305
1,69.32,23.0397688150406,65.3982162475586
1,69.33,23.043102114927,65.4077529907227
1,69.34,23.0464354148135,65.4458999633789
1,69.35,23.0497687146999,65.4506683349609
1,69.36,23.0531020145863,65.4315948486328
1,69.37,23.0564353144728,65.464973449707
1,69.38,23.0597686143592,65.4840469360352
1,69.39,23.0631019142456,65.5317306518555
1,69.4,23.0664352141321,65.5508041381836
1,69.41,23.0697685140185,65.5269622802734
1,69.42,23.0731018139049,65.5889511108398
1,69.43,23.0764351137914,65.61279296875
1,69.44,23.0797684136778,65.5698776245117
1,69.45,23.0831017135642,65.6509399414063
1,69.46,23.0864350134507,65.6461715698242
1,69.47,23.0897683133371,65.6604766845703
1,69.48,23.0931016132236,65.7033920288086
1,69.49,23.09643491311,65.6938552856445
1,69.5,23.0997682129964,65.770149230957
1,69.51,23.1031015128829,65.760612487793
1,69.52,23.1064348127693,65.7987594604492
1,69.53,23.1097681126557,65.8082962036133
1,69.54,23.1131014125422,65.8464431762695
1,69.55,23.1164347124286,65.8559799194336
1,69.56,23.119768012315,65.9036636352539
1,69.57,23.1231013122015,65.9084320068359
1,69.58,23.1264346120879,65.9513473510742
1,69.59,23.1297679119743,66.0133361816406
1,69.6,23.1331012118608,65.9942626953125
1,69.61,23.1364345117472,66.065788269043
1,69.62,23.1397678116336,66.0991668701172
1,69.63,23.1431011115201,66.1134719848633
1,69.64,23.1464344114065,66.1706924438477
1,69.65,23.149767711293,66.1897659301758
1,69.66,23.1531010111794,66.1945343017578
1,69.67,23.1564343110658,66.2326812744141
1,69.68,23.1597676109523,66.2565231323242
1,69.69,23.1631009108387,66.2946701049805
1,69.7,23.1664342107251,66.3280487060547
1,69.71,23.1697675106116,66.3423538208008
1,69.72,23.173100810498,66.3900375366211
1,69.73,23.1764341103844,66.4186477661133
1,69.74,23.1797674102709,66.4520263671875
1,69.75,23.1831007101573,66.4520263671875
1,69.76,23.1864340100437,66.4663314819336
1,69.77,23.1897673099302,66.5187835693359
1,69.78,23.1931006098166,66.5426254272461
1,69.79,23.1964339097031,66.5712356567383
1,69.8,23.1997672095895,66.6046142578125
1,69.81,23.2031005094759,66.6427612304688
1,69.82,23.2064338093624,66.6666030883789
1,69.83,23.2097671092488,66.6618347167969
1,69.84,23.2131004091352,66.7190551757813
1,69.85,23.2164337090217,66.7238235473633
1,69.86,23.2197670089081,66.7524337768555
1,69.87,23.2231003087945,66.8191909790039
1,69.88,23.226433608681,66.8239593505859
1,69.89,23.2297669085674,66.8811798095703
1,69.9,23.2331002084538,66.8859481811523
1,69.91,23.2364335083403,66.9002532958984
1,69.92,23.2397668082267,66.9574737548828
1,69.93,23.2431001081131,66.9670104980469
1,69.94,23.2464334079996,66.9717788696289
1,69.95,23.249766707886,67.0289993286133
1,69.96,23.2531000077724,67.0623779296875
1,69.97,23.2564333076589,67.1005249023438
1,69.98,23.2597666075453,67.1100616455078
1,69.99,23.2630999074318,67.1625137329102
1,70,23.2664332073182,67.1958923339844
1,70.01,23.2697665072046,67.2483444213867
1,70.02,23.2730998070911,67.286491394043
1,70.03,23.2764331069775,67.3103332519531
1,70.04,23.2797664068639,67.3484802246094
1,70.05,23.2830997067504,67.3389434814453
1,70.06,23.2864330066368,67.3770904541016
1,70.07,23.2897663065232,67.4343109130859
1,70.08,23.2930996064097,67.4724578857422
1,70.09,23.2964329062961,67.4724578857422
1,70.1,23.2997662061825,67.5153732299805
1,70.11,23.303099506069,67.5201416015625
1,70.12,23.3064328059554,67.6155090332031
1,70.13,23.3097661058418,67.6059722900391
1,70.14,23.3130994057283,67.6536560058594
1,70.15,23.3164327056147,67.6679611206055
1,70.16,23.3197660055012,67.7156448364258
1,70.17,23.3230993053876,67.6965713500977
1,70.18,23.326432605274,67.7919387817383
1,70.19,23.3297659051605,67.7919387817383
1,70.2,23.3330992050469,67.8062438964844
1,70.21,23.3364325049333,67.8300857543945
1,70.22,23.3397658048198,67.8539276123047
1,70.23,23.3430991047062,67.8539276123047
1,70.24,23.3464324045926,67.906379699707
1,70.25,23.3497657044791,67.901611328125
1,70.26,23.3530990043655,67.9302215576172
1,70.27,23.3564323042519,67.9349899291992
1,70.28,23.3597656041384,67.9636001586914
1,70.29,23.3630989040248,67.9779052734375
1,70.3,23.3664322039112,68.0255889892578
1,70.31,23.3697655037977,68.0208206176758
1,70.32,23.3730988036841,68.0303573608398
1,70.33,23.3764321035706,68.0398941040039
1,70.34,23.379765403457,68.0780410766602
1,70.35,23.3830987033434,68.0828094482422
1,70.36,23.3864320032299,68.0875778198242
1,70.37,23.3897653031163,68.1257247924805
1,70.38,23.3930986030027,68.1591033935547
1,70.39,23.3964319028892,68.1591033935547
1,70.4,23.3997652027756,68.1781768798828
1,70.41,23.403098502662,68.2210922241211
1,70.42,23.4064318025485,68.2640075683594
1,70.43,23.4097651024349,68.3116912841797
1,70.44,23.4130984023213,68.3212280273438
1,70.45,23.4164317022078,68.3403015136719
1,70.46,23.4197650020942,68.3689117431641
1,70.47,23.4230983019806,68.4165954589844
1,70.48,23.4264316018671,68.4356689453125
1,70.49,23.4297649017535,68.5262680053711
1,70.5,23.43309820164,68.5501098632813
1,70.51,23.4364315015264,68.5548782348633
1,70.52,23.4397648014128,68.5548782348633
1,70.53,23.4430981012993,68.6264038085938
1,70.54,23.4464314011857,68.6788558959961
1,70.55,23.4497647010721,68.7503814697266
1,70.56,23.4530980009586,68.7456130981445
1,70.57,23.456431300845,68.812370300293
1,70.58,23.4597646007314,68.821907043457
1,70.59,23.4630979006179,68.8791275024414
1,70.6,23.4664312005043,68.8886642456055
1,70.61,23.4697645003907,68.9554214477539
1,70.62,23.4730978002772,68.964958190918
1,70.63,23.4764311001636,68.9792633056641
1,70.64,23.47976440005,69.0507888793945
1,70.65,23.4830976999365,69.0937042236328
1,70.66,23.4864309998229,69.0937042236328
1,70.67,23.4897642997094,69.1461563110352
1,70.68,23.4930975995958,69.1699981689453
1,70.69,23.4964308994822,69.2224502563477
1,70.7,23.4997641993687,69.2462921142578
1,70.71,23.5030974992551,69.2558288574219
1,70.72,23.5064307991415,69.27490234375
1,70.73,23.509764099028,69.3130493164063
1,70.74,23.5130973989144,69.3559646606445
1,70.75,23.5164306988008,69.3798065185547
1,70.76,23.5197639986873,69.4084167480469
1,70.77,23.5230972985737,69.422721862793
1,70.78,23.5264305984601,69.4751739501953
1,70.79,23.5297638983466,69.4799423217773
1,70.8,23.533097198233,69.5419311523438
1,70.81,23.5364304981194,69.5657730102539
1,70.82,23.5397637980059,69.5657730102539
1,70.83,23.5430970978923,69.580078125
1,70.84,23.5464303977787,69.6659088134766
1,70.85,23.5497636976652,69.6754455566406
1,70.86,23.5530969975516,69.6897506713867
1,70.87,23.5564302974381,69.727897644043
1,70.88,23.5597635973245,69.7422027587891
1,70.89,23.5630968972109,69.7803497314453
1,70.9,23.5664301970974,69.7851181030273
1,70.91,23.5697634969838,69.8280334472656
1,70.92,23.5730967968702,69.8566436767578
1,70.93,23.5764300967567,69.880485534668
1,70.94,23.5797633966431,69.9377059936523
1,70.95,23.5830966965295,69.9663162231445
1,70.96,23.586429996416,69.9806213378906
1,70.97,23.5897632963024,70.0187683105469
1,70.98,23.5930965961888,70.0616836547852
1,70.99,23.5964298960753,70.0950622558594
1,71,23.5997631959617,70.1189041137695
1,71.01,23.6030964958482,70.1475143432617
1,71.02,23.6064297957346,70.185661315918
1,71.03,23.609763095621,70.1761245727539
1,71.04,23.6130963955075,70.2047348022461
1,71.05,23.6164296953939,70.2619552612305
1,71.06,23.6197629952803,70.2571868896484
1,71.07,23.6230962951668,70.3001022338867
1,71.08,23.6264295950532,70.3191757202148
1,71.09,23.6297628949396,70.3763961791992
1,71.1,23.6330961948261,70.3859329223633
1,71.11,23.6364294947125,70.4002380371094
1,71.12,23.6397627945989,70.4622268676758
1,71.13,23.6430960944854,70.4765319824219
1,71.14,23.6464293943718,70.490837097168
1,71.15,23.6497626942582,70.5385208129883
1,71.16,23.6530959941447,70.5432891845703
1,71.17,23.6564292940311,70.6100463867188
1,71.18,23.6597625939176,70.6291198730469
1,71.19,23.663095893804,70.648193359375
1,71.2,23.6664291936904,70.6768035888672
1,71.21,23.6697624935769,70.7244873046875
1,71.22,23.6730957934633,70.7864761352539
1,71.23,23.6764290933497,70.796012878418
1,71.24,23.6797623932362,70.8532333374023
1,71.25,23.6830956931226,70.9104537963867
1,71.26,23.686428993009,70.9629058837891
1,71.27,23.6897622928955,70.953369140625
1,71.28,23.6930955927819,71.0535049438477
1,71.29,23.6964288926683,71.0821151733398
1,71.3,23.6997621925548,71.1536407470703
1,71.31,23.7030954924412,71.1488723754883
1,71.32,23.7064287923276,71.2299346923828
1,71.33,23.7097620922141,71.2680816650391
1,71.34,23.7130953921005,71.3300704956055
1,71.35,23.7164286919869,71.3682174682617
1,71.36,23.7197619918734,71.3682174682617
1,71.37,23.7230952917598,71.406364440918
1,71.38,23.7264285916463,71.4540481567383
1,71.39,23.7297618915327,71.4921951293945
1,71.4,23.7330951914191,71.5017318725586
1,71.41,23.7364284913056,71.5398788452148
1,71.42,23.739761791192,71.5541839599609
1,71.43,23.7430950910784,71.6066360473633
1,71.44,23.7464283909649,71.6257095336914
1,71.45,23.7497616908513,71.6543197631836
1,71.46,23.7530949907377,71.6543197631836
1,71.47,23.7564282906242,71.7020034790039
1,71.48,23.7597615905106,71.71630859375
1,71.49,23.763094890397,71.7639923095703
1,71.5,23.7664281902835,71.7639923095703
1,71.51,23.7697614901699,71.7592239379883
1,71.52,23.7730947900563,71.7878341674805
1,71.53,23.7764280899428,71.7926025390625
1,71.54,23.7797613898292,71.8498229980469
1,71.55,23.7830946897157,71.8545913696289
1,71.56,23.7864279896021,71.864128112793
1,71.57,23.7897612894885,71.8927383422852
1,71.58,23.793094589375,71.8593597412109
1,71.59,23.7964278892614,71.8975067138672
1,71.6,23.7997611891478,71.9022750854492
1,71.61,23.8030944890343,71.9070434570313
1,71.62,23.8064277889207,71.9165802001953
1,71.63,23.8097610888071,71.9118118286133
1,71.64,23.8130943886936,71.9165802001953
1,71.65,23.81642768858,71.9833374023438
1,71.66,23.8197609884664,71.9833374023438
1,71.67,23.8230942883529,71.9642639160156
1,71.68,23.8264275882393,72.0071792602539
1,71.69,23.8297608881257,71.9785690307617
1,71.7,23.8330941880122,72.021484375
1,71.71,23.8364274878986,72.0596313476563
1,71.72,23.8397607877851,72.0739364624023
1,71.73,23.8430940876715,72.0834732055664
1,71.74,23.8464273875579,72.1263885498047
1,71.75,23.8497606874444,72.1263885498047
1,71.76,23.8530939873308,72.1263885498047
1,71.77,23.8564272872172,72.1883773803711
1,71.78,23.8597605871037,72.1979141235352
1,71.79,23.8630938869901,72.1979141235352
1,71.8,23.8664271868765,72.2122192382813
1,71.81,23.869760486763,72.2789764404297
1,71.82,23.8730937866494,72.3123550415039
1,71.83,23.8764270865358,72.3409652709961
1,71.84,23.8797603864223,72.3600387573242
1,71.85,23.8830936863087,72.3886489868164
1,71.86,23.8864269861951,72.4363327026367
1,71.87,23.8897602860816,72.4649429321289
1,71.88,23.893093585968,72.5269317626953
1,71.89,23.8964268858545,72.5555419921875
1,71.9,23.8997601857409,72.5984573364258
1,71.91,23.9030934856273,72.636604309082
1,71.92,23.9064267855138,72.6413726806641
1,71.93,23.9097600854002,72.6604461669922
1,71.94,23.9130933852866,72.7272033691406
1,71.95,23.9164266851731,72.7701187133789
1,71.96,23.9197599850595,72.779655456543
1,71.97,23.9230932849459,72.779655456543
1,71.98,23.9264265848324,72.8464126586914
1,71.99,23.9297598847188,72.8559494018555
1,72,23.9330931846052,72.8702545166016
1,72.01,23.9364264844917,72.9274749755859
1,72.02,23.9397597843781,72.9560852050781
1,72.03,23.9430930842646,72.9274749755859
1,72.04,23.946426384151,72.9990005493164
1,72.05,23.9497596840374,73.0323791503906
1,72.06,23.9530929839239,73.0752944946289
1,72.07,23.9564262838103,73.1134414672852
1,72.08,23.9597595836967,73.1134414672852
1,72.09,23.9630928835832,73.1992721557617
1,72.1,23.9664261834696,73.2135772705078
1,72.11,23.969759483356,73.2612609863281
1,72.12,23.9730927832425,73.2707977294922
1,72.13,23.9764260831289,73.3137130737305
1,72.14,23.9797593830153,73.3757019042969
1,72.15,23.9830926829018,73.399543762207
1,72.16,23.9864259827882,73.4233856201172
1,72.17,23.9897592826746,73.4853744506836
1,72.18,23.9930925825611,73.5044479370117
1,72.19,23.9964258824475,73.542594909668
1,72.2,23.999759182334,73.5855102539063
1,72.21,24.0030924822204,73.6427307128906
1,72.22,24.0064257821068,73.6713409423828
1,72.23,24.0097590819933,73.6761093139648
1,72.24,24.0130923818797,73.7285614013672
1,72.25,24.0164256817661,73.7285614013672
1,72.26,24.0197589816526,73.7762451171875
1,72.27,24.023092281539,73.8191604614258
1,72.28,24.0264255814254,73.8096237182617
1,72.29,24.0297588813119,73.8382339477539
1,72.3,24.0330921811983,73.8763809204102
1,72.31,24.0364254810847,73.8620758056641
1,72.32,24.0397587809712,73.9383697509766
1,72.33,24.0430920808576,73.9526748657227
1,72.34,24.046425380744,73.9622116088867
1,72.35,24.0497586806305,74.005126953125
1,72.36,24.0530919805169,74.0623474121094
1,72.37,24.0564252804033,74.1052627563477
1,72.38,24.0597585802898,74.1100311279297
1,72.39,24.0630918801762,74.1338729858398
1,72.4,24.0664251800627,74.162483215332
1,72.41,24.0697584799491,74.2006301879883
1,72.42,24.0730917798355,74.2626190185547
1,72.43,24.076425079722,74.2816925048828
1,72.44,24.0797583796084,74.2912292480469
1,72.45,24.0830916794948,74.3484497070313
1,72.46,24.0864249793813,74.3675231933594
1,72.47,24.0897582792677,74.4104385375977
1,72.48,24.0930915791541,74.467658996582
1,72.49,24.0964248790406,74.467658996582
1,72.5,24.099758178927,74.5153427124023
1,72.51,24.1030914788134,74.5010375976563
1,72.52,24.1064247786999,74.5630264282227
1,72.53,24.1097580785863,74.6011734008789
1,72.54,24.1130913784727,74.6011734008789
1,72.55,24.1164246783592,74.6631622314453
1,72.56,24.1197579782456,74.7013092041016
1,72.57,24.1230912781321,74.6965408325195
1,72.58,24.1264245780185,74.7585296630859
1,72.59,24.1297578779049,74.7919082641602
1,72.6,24.1330911777914,74.8157501220703
1,72.61,24.1364244776778,74.8395919799805
1,72.62,24.1397577775642,74.8825073242188
1,72.63,24.1430910774507,74.915885925293
1,72.64,24.1464243773371,74.9588012695313
1,72.65,24.1497576772235,74.9969482421875
1,72.66,24.15309097711,75.0350952148438
1,72.67,24.1564242769964,75.0827789306641
1,72.68,24.1597575768828,75.0970840454102
1,72.69,24.1630908767693,75.1256942749023
1,72.7,24.1664241766557,75.1447677612305
1,72.71,24.1697574765421,75.1733779907227
1,72.72,24.1730907764286,75.1972198486328
1,72.73,24.176424076315,75.2449035644531
1,72.74,24.1797573762015,75.2639770507813
1,72.75,24.1830906760879,75.2878189086914
1,72.76,24.1864239759743,75.3021240234375
1,72.77,24.1897572758608,75.2925872802734
1,72.78,24.1930905757472,75.383186340332
1,72.79,24.1964238756336,75.383186340332
1,72.8,24.1997571755201,75.4308700561523
1,72.81,24.2030904754065,75.4165649414063
1,72.82,24.2064237752929,75.4642486572266
1,72.83,24.2097570751794,75.4880905151367
1,72.84,24.2130903750658,75.526237487793
1,72.85,24.2164236749522,75.4976272583008
1,72.86,24.2197569748387,75.5739212036133
1,72.87,24.2230902747251,75.5929946899414
1,72.88,24.2264235746115,75.6168365478516
1,72.89,24.229756874498,75.6597518920898
1,72.9,24.2330901743844,75.6502151489258
1,72.91,24.2364234742709,75.7026672363281
1,72.92,24.2397567741573,75.7360458374023
1,72.93,24.2430900740437,75.7741928100586
1,72.94,24.2464233739302,75.7551193237305
1,72.95,24.2497566738166,75.8123397827148
1,72.96,24.253089973703,75.8123397827148
1,72.97,24.2564232735895,75.8647918701172
1,72.98,24.2597565734759,75.8790969848633
1,72.99,24.2630898733623,75.8886337280273
1,73,24.2664231732488,75.9172439575195
1,73.01,24.2697564731352,75.9744644165039
1,73.02,24.2730897730216,75.9744644165039
1,73.03,24.2764230729081,76.0507583618164
1,73.04,24.2797563727945,76.0936737060547
1,73.05,24.2830896726809,76.1079788208008
1,73.06,24.2864229725674,76.1699676513672
1,73.07,24.2897562724538,76.2176513671875
1,73.08,24.2930895723403,76.2414932250977
1,73.09,24.2964228722267,76.289176940918
1,73.1,24.2997561721131,76.2939453125
1,73.11,24.3030894719996,76.3511657714844
1,73.12,24.306422771886,76.3845443725586
1,73.13,24.3097560717724,76.3988494873047
1,73.14,24.3130893716589,76.4369964599609
1,73.15,24.3164226715453,76.4703750610352
1,73.16,24.3197559714317,76.5180587768555
1,73.17,24.3230892713182,76.5466690063477
1,73.18,24.3264225712046,76.5752792358398
1,73.19,24.329755871091,76.5895843505859
1,73.2,24.3330891709775,76.6277313232422
1,73.21,24.3364224708639,76.6706466674805
1,73.22,24.3397557707503,76.6801834106445
1,73.23,24.3430890706368,76.7278671264648
1,73.24,24.3464223705232,76.7278671264648
1,73.25,24.3497556704097,76.8041610717773
1,73.26,24.3530889702961,76.7993927001953
1,73.27,24.3564222701825,76.8375396728516
1,73.28,24.359755570069,76.9186019897461
1,73.29,24.3630888699554,76.9186019897461
1,73.3,24.3664221698418,76.9853591918945
1,73.31,24.3697554697283,77.0044326782227
1,73.32,24.3730887696147,77.0664215087891
1,73.33,24.3764220695011,77.1236419677734
1,73.34,24.3797553693876,77.1284103393555
1,73.35,24.383088669274,77.1856307983398
1,73.36,24.3864219691604,77.2190093994141
1,73.37,24.3897552690469,77.2428512573242
1,73.38,24.3930885689333,77.3096084594727
1,73.39,24.3964218688197,77.3429870605469
1,73.4,24.3997551687062,77.3715972900391
1,73.41,24.4030884685926,77.3811340332031
1,73.42,24.406421768479,77.4288177490234
1,73.43,24.4097550683655,77.4669647216797
1,73.44,24.4130883682519,77.4574279785156
1,73.45,24.4164216681384,77.4860382080078
1,73.46,24.4197549680248,77.4955749511719
1,73.47,24.4230882679112,77.5480270385742
1,73.48,24.4264215677977,77.5671005249023
1,73.49,24.4297548676841,77.6052474975586
1,73.5,24.4330881675705,77.6004791259766
1,73.51,24.436421467457,77.6529312133789
1,73.52,24.4397547673434,77.6910781860352
1,73.53,24.4430880672298,77.7244567871094
1,73.54,24.4464213671163,77.7578353881836
1,73.55,24.4497546670027,77.7912139892578
1,73.56,24.4530879668891,77.8007507324219
1,73.57,24.4564212667756,77.8532028198242
1,73.58,24.459754566662,77.8865814208984
1,73.59,24.4630878665484,77.9294967651367
1,73.6,24.4664211664349,77.9438018798828
1,73.61,24.4697544663213,77.9342651367188
1,73.62,24.4730877662078,77.9962539672852
1,73.63,24.4764210660942,78.0153274536133
1,73.64,24.4797543659806,78.0487060546875
1,73.65,24.4830876658671,78.1011581420898
1,73.66,24.4864209657535,78.1488418579102
1,73.67,24.4897542656399,78.1679153442383
1,73.68,24.4930875655264,78.1917572021484
1,73.69,24.4964208654128,78.2442092895508
1,73.7,24.4997541652992,78.2585144042969
1,73.71,24.5030874651857,78.2966613769531
1,73.72,24.5064207650721,78.2966613769531
1,73.73,24.5097540649585,78.3538818359375
1,73.74,24.513087364845,78.3824920654297
1,73.75,24.5164206647314,78.4492492675781
1,73.76,24.5197539646178,78.4540176391602
1,73.77,24.5230872645043,78.4873962402344
1,73.78,24.5264205643907,78.5303115844727
1,73.79,24.5297538642772,78.5541534423828
1,73.8,24.5330871641636,78.5970687866211
1,73.81,24.53642046405,78.6733627319336
1,73.82,24.5397537639365,78.7019729614258
1,73.83,24.5430870638229,78.7162780761719
1,73.84,24.5464203637093,78.7591934204102
1,73.85,24.5497536635958,78.7830352783203
1,73.86,24.5530869634822,78.8545608520508
1,73.87,24.5564202633686,78.8736343383789
1,73.88,24.5597535632551,78.9213180541992
1,73.89,24.5630868631415,78.9690017700195
1,73.9,24.5664201630279,78.9928436279297
1,73.91,24.5697534629144,79.0262222290039
1,73.92,24.5730867628008,79.0786743164063
1,73.93,24.5764200626872,79.1025161743164
1,73.94,24.5797533625737,79.1454315185547
1,73.95,24.5830866624601,79.1788101196289
1,73.96,24.5864199623466,79.2217254638672
1,73.97,24.589753262233,79.2694091796875
1,73.98,24.5930865621194,79.2503356933594
1,73.99,24.5964198620059,79.2694091796875
1,74,24.5997531618923,79.3218612670898
1,74.01,24.6030864617787,79.2932510375977
1,74.02,24.6064197616652,79.3361663818359
1,74.03,24.6097530615516,79.3838500976563
1,74.04,24.613086361438,79.3981552124023
1,74.05,24.6164196613245,79.4029235839844
1,74.06,24.6197529612109,79.4029235839844
1,74.07,24.6230862610973,79.4267654418945
1,74.08,24.6264195609838,79.4363021850586
1,74.09,24.6297528608702,79.4315338134766
1,74.1,24.6330861607567,79.4649124145508
1,74.11,24.6364194606431,79.5459747314453
1,74.12,24.6397527605295,79.5555114746094
1,74.13,24.643086060416,79.5841217041016
1,74.14,24.6464193603024,79.5888900756836
1,74.15,24.6497526601888,79.655647277832
1,74.16,24.6530859600753,79.6747207641602
1,74.17,24.6564192599617,79.7224044799805
1,74.18,24.6597525598481,79.7080993652344
1,74.19,24.6630858597346,79.7414779663086
1,74.2,24.666419159621,79.798698425293
1,74.21,24.6697524595074,79.8177719116211
1,74.22,24.6730857593939,79.8606872558594
1,74.23,24.6764190592803,79.8940658569336
1,74.24,24.6797523591667,79.9131393432617
1,74.25,24.6830856590532,79.951286315918
1,74.26,24.6864189589396,79.9655914306641
1,74.27,24.6897522588261,80.0132751464844
1,74.28,24.6930855587125,79.9846649169922
1,74.29,24.6964188585989,80.0323486328125
1,74.3,24.6997521584854,80.0466537475586
1,74.31,24.7030854583718,80.0609588623047
1,74.32,24.7064187582582,80.0800323486328
1,74.33,24.7097520581447,80.1372528076172
1,74.34,24.7130853580311,80.1467895507813
1,74.35,24.7164186579175,80.1277160644531
1,74.36,24.719751957804,80.1706314086914
1,74.37,24.7230852576904,80.2135467529297
1,74.38,24.7264185575768,80.2040100097656
1,74.39,24.7297518574633,80.256462097168
1,74.4,24.7330851573497,80.2755355834961
1,74.41,24.7364184572361,80.3184509277344
1,74.42,24.7397517571226,80.3661346435547
1,74.43,24.743085057009,80.3899765014648
1,74.44,24.7464183568954,80.4233551025391
1,74.45,24.7497516567819,80.4376602172852
1,74.46,24.7530849566683,80.418586730957
1,74.47,24.7564182565548,80.4758071899414
1,74.48,24.7597515564412,80.5234909057617
1,74.49,24.7630848563276,80.5377960205078
1,74.5,24.7664181562141,80.5330276489258
1,74.51,24.7697514561005,80.6283950805664
1,74.52,24.7730847559869,80.6093215942383
1,74.53,24.7764180558734,80.6236267089844
1,74.54,24.7797513557598,80.6570053100586
1,74.55,24.7830846556462,80.6951522827148
1,74.56,24.7864179555327,80.6903839111328
1,74.57,24.7897512554191,80.7380676269531
1,74.58,24.7930845553055,80.7523727416992
1,74.59,24.796417855192,80.7905197143555
1,74.6,24.7997511550784,80.8238983154297
1,74.61,24.8030844549648,80.866813659668
1,74.62,24.8064177548513,80.866813659668
1,74.63,24.8097510547377,80.9001922607422
1,74.64,24.8130843546242,80.9526443481445
1,74.65,24.8164176545106,80.9860229492188
1,74.66,24.819750954397,81.024169921875
1,74.67,24.8230842542835,81.0480117797852
1,74.68,24.8264175541699,81.0766220092773
1,74.69,24.8297508540563,81.1147689819336
1,74.7,24.8330841539428,81.1052322387695
1,74.71,24.8364174538292,81.1624526977539
1,74.72,24.8397507537156,81.1910629272461
1,74.73,24.8430840536021,81.2196731567383
1,74.74,24.8464173534885,81.2482833862305
1,74.75,24.8497506533749,81.2482833862305
1,74.76,24.8530839532614,81.2721252441406
1,74.77,24.8564172531478,81.3007354736328
1,74.78,24.8597505530342,81.2911987304688
1,74.79,24.8630838529207,81.3674926757813
1,74.8,24.8664171528071,81.3674926757813
1,74.81,24.8697504526936,81.3865661621094
1,74.82,24.87308375258,81.4533233642578
1,74.83,24.8764170524664,81.4723968505859
1,74.84,24.8797503523529,81.4628601074219
1,74.85,24.8830836522393,81.5248489379883
1,74.86,24.8864169521257,81.5439224243164
1,74.87,24.8897502520122,81.5486907958984
1,74.88,24.8930835518986,81.6011428833008
1,74.89,24.896416851785,81.634521484375
1,74.9,24.8997501516715,81.6583633422852
1,74.91,24.9030834515579,81.6726684570313
1,74.92,24.9064167514443,81.7012786865234
1,74.93,24.9097500513308,81.7394256591797
1,74.94,24.9130833512172,81.7632675170898
1,74.95,24.9164166511036,81.8109512329102
1,74.96,24.9197499509901,81.8252563476563
1,74.97,24.9230832508765,81.8395614624023
1,74.98,24.926416550763,81.8586349487305
1,74.99,24.9297498506494,81.8490982055664
1,75,24.9330831505358,81.9015502929688
1,75.01,24.9364164504223,81.9540023803711
1,75.02,24.9397497503087,81.9826126098633
1,75.03,24.9430830501951,82.0016860961914
1,75.04,24.9464163500816,81.9730758666992
1,75.05,24.949749649968,82.0446014404297
1,75.06,24.9530829498544,82.0541381835938
1,75.07,24.9564162497409,82.0541381835938
1,75.08,24.9597495496273,82.0827484130859
1,75.09,24.9630828495137,82.1256637573242
1,75.1,24.9664161494002,82.1161270141602
1,75.11,24.9697494492866,82.1113586425781
1,75.12,24.973082749173,82.1399688720703
1,75.13,24.9764160490595,82.1733474731445
1,75.14,24.9797493489459,82.2162628173828
1,75.15,24.9830826488324,82.2639465332031
1,75.16,24.9864159487188,82.2544097900391
1,75.17,24.9897492486052,82.2830200195313
1,75.18,24.9930825484917,82.3307037353516
1,75.19,24.9964158483781,82.3640823364258
1,75.2,24.9997491482645,82.3736190795898
1,75.21,25.003082448151,82.4117660522461
1,75.22,25.0064157480374,82.402229309082
1,75.23,25.0097490479238,82.4356079101563
1,75.24,25.0130823478103,82.4642181396484
1,75.25,25.0164156476967,82.4785232543945
1,75.26,25.0197489475831,82.5166702270508
1,75.27,25.0230822474696,82.5023651123047
1,75.28,25.026415547356,82.5357437133789
1,75.29,25.0297488472424,82.550048828125
1,75.3,25.0330821471289,82.554817199707
1,75.31,25.0364154470153,82.5977325439453
1,75.32,25.0397487469018,82.5834274291992
1,75.33,25.0430820467882,82.6120376586914
1,75.34,25.0464153466746,82.6072692871094
1,75.35,25.0497486465611,82.6454162597656
1,75.36,25.0530819464475,82.6215744018555
1,75.37,25.0564152463339,82.6358795166016
1,75.38,25.0597485462204,82.6311111450195
1,75.39,25.0630818461068,82.6501846313477
1,75.4,25.0664151459932,82.6835632324219
1,75.41,25.0697484458797,82.6835632324219
1,75.42,25.0730817457661,82.6740264892578
1,75.43,25.0764150456525,82.6930999755859
1,75.44,25.079748345539,82.707405090332
1,75.45,25.0830816454254,82.7121734619141
1,75.46,25.0864149453118,82.6835632324219
1,75.47,25.0897482451983,82.7217102050781
1,75.48,25.0930815450847,82.7360153198242
1,75.49,25.0964148449712,82.7121734619141
1,75.5,25.0997481448576,82.7407836914063
1,75.51,25.103081444744,82.7217102050781
1,75.52,25.1064147446305,82.7169418334961
1,75.53,25.1097480445169,82.7264785766602
1,75.54,25.1130813444033,82.7407836914063
1,75.55,25.1164146442898,82.7836990356445
1,75.56,25.1197479441762,82.7741622924805
1,75.57,25.1230812440626,82.7836990356445
1,75.58,25.1264145439491,82.8123092651367
1,75.59,25.1297478438355,82.8313827514648
1,75.6,25.1330811437219,82.850456237793
1,75.61,25.1364144436084,82.8742980957031
1,75.62,25.1397477434948,82.9362869262695
1,75.63,25.1430810433812,82.9172134399414
1,75.64,25.1464143432677,82.9315185546875
1,75.65,25.1497476431541,82.9839706420898
1,75.66,25.1530809430406,82.9792022705078
1,75.67,25.156414242927,83.0221176147461
1,75.68,25.1597475428134,83.003044128418
1,75.69,25.1630808426999,83.0316543579102
1,75.7,25.1664141425863,83.0411911010742
1,75.71,25.1697474424727,83.0411911010742
1,75.72,25.1730807423592,83.0793380737305
1,75.73,25.1764140422456,83.0793380737305
1,75.74,25.179747342132,83.1079483032227
1,75.75,25.1830806420185,83.1031799316406
1,75.76,25.1864139419049,83.1460952758789
1,75.77,25.1897472417913,83.1842422485352
1,75.78,25.1930805416778,83.1842422485352
1,75.79,25.1964138415642,83.2033157348633
1,75.8,25.1997471414506,83.2414627075195
1,75.81,25.2030804413371,83.2653045654297
1,75.82,25.2064137412235,83.317756652832
1,75.83,25.2097470411099,83.3225250244141
1,75.84,25.2130803409964,83.3559036254883
1,75.85,25.2164136408828,83.3845138549805
1,75.86,25.2197469407693,83.3892822265625
1,75.87,25.2230802406557,83.4560394287109
1,75.88,25.2264135405421,83.465576171875
1,75.89,25.2297468404286,83.4560394287109
1,75.9,25.233080140315,83.4894180297852
1,75.91,25.2364134402014,83.4894180297852
1,75.92,25.2397467400879,83.5180282592773
1,75.93,25.2430800399743,83.5514068603516
1,75.94,25.2464133398607,83.5657119750977
1,75.95,25.2497466397472,83.5704803466797
1,75.96,25.2530799396336,83.5990905761719
1,75.97,25.25641323952,83.6086273193359
1,75.98,25.2597465394065,83.6181640625
1,75.99,25.2630798392929,83.6181640625
1,76,25.2664131391793,83.6992263793945
1,76.01,25.2697464390658,83.6849212646484
1,76.02,25.2730797389522,83.7230682373047
1,76.03,25.2764130388387,83.7230682373047
1,76.04,25.2797463387251,83.7612152099609
1,76.05,25.2830796386115,83.7850570678711
1,76.06,25.286412938498,83.8041305541992
1,76.07,25.2897462383844,83.8184356689453
1,76.08,25.2930795382708,83.8708877563477
1,76.09,25.2964128381573,83.8994979858398
1,76.1,25.2997461380437,83.8947296142578
1,76.11,25.3030794379301,83.9328765869141
1,76.12,25.3064127378166,83.8994979858398
1,76.13,25.309746037703,83.9424133300781
1,76.14,25.3130793375894,83.9948654174805
1,76.15,25.3164126374759,83.9757919311523
1,76.16,25.3197459373623,84.0139389038086
1,76.17,25.3230792372487,83.9996337890625
1,76.18,25.3264125371352,84.0091705322266
1,76.19,25.3297458370216,84.0234756469727
1,76.2,25.3330791369081,84.0473175048828
1,76.21,25.3364124367945,84.0234756469727
1,76.22,25.3397457366809,84.0377807617188
1,76.23,25.3430790365674,84.0187072753906
1,76.24,25.3464123364538,84.0377807617188
1,76.25,25.3497456363402,84.0234756469727
1,76.26,25.3530789362267,84.071159362793
1,76.27,25.3564122361131,84.0330123901367
1,76.28,25.3597455359995,84.0330123901367
1,76.29,25.363078835886,84.0139389038086
1,76.3,25.3664121357724,84.0425491333008
1,76.31,25.3697454356588,84.0187072753906
1,76.32,25.3730787355453,84.0234756469727
1,76.33,25.3764120354317,84.0568542480469
1,76.34,25.3797453353182,84.0663909912109
1,76.35,25.3830786352046,84.0473175048828
1,76.36,25.386411935091,84.0473175048828
1,76.37,25.3897452349775,84.075927734375
1,76.38,25.3930785348639,84.0854644775391
1,76.39,25.3964118347503,84.0902328491211
1,76.4,25.3997451346368,84.080696105957
1,76.41,25.4030784345232,84.0950012207031
1,76.42,25.4064117344096,84.1045379638672
1,76.43,25.4097450342961,84.1379165649414
1,76.44,25.4130783341825,84.1283798217773
1,76.45,25.4164116340689,84.1426849365234
1,76.46,25.4197449339554,84.1569900512695
1,76.47,25.4230782338418,84.1474533081055
1,76.48,25.4264115337282,84.1665267944336
1,76.49,25.4297448336147,84.1760635375977
1,76.5,25.4330781335011,84.1951370239258
1,76.51,25.4364114333876,84.1712951660156
1,76.52,25.439744733274,84.1760635375977
1,76.53,25.4430780331604,84.1951370239258
1,76.54,25.4464113330469,84.2046737670898
1,76.55,25.4497446329333,84.2094421386719
1,76.56,25.4530779328197,84.223747253418
1,76.57,25.4564112327062,84.2380523681641
1,76.58,25.4597445325926,84.2189788818359
1,76.59,25.463077832479,84.2189788818359
1,76.6,25.4664111323655,84.2189788818359
1,76.61,25.4697444322519,84.2428207397461
1,76.62,25.4730777321383,84.2761993408203
1,76.63,25.4764110320248,84.228515625
1,76.64,25.4797443319112,84.2952728271484
1,76.65,25.4830776317976,84.2761993408203
1,76.66,25.4864109316841,84.2571258544922
1,76.67,25.4897442315705,84.2380523681641
1,76.68,25.4930775314569,84.2428207397461
1,76.69,25.4964108313434,84.2380523681641
1,76.7,25.4997441312298,84.2475891113281
1,76.71,25.5030774311163,84.228515625
1,76.72,25.5064107310027,84.2189788818359
1,76.73,25.5097440308891,84.228515625
1,76.74,25.5130773307756,84.2094421386719
1,76.75,25.516410630662,84.1712951660156
1,76.76,25.5197439305484,84.1426849365234
1,76.77,25.5230772304349,84.1712951660156
1,76.78,25.5264105303213,84.1808319091797
1,76.79,25.5297438302077,84.1331481933594
1,76.8,25.5330771300942,84.1379165649414
1,76.81,25.5364104299806,84.1617584228516
1,76.82,25.539743729867,84.1379165649414
1,76.83,25.5430770297535,84.1236114501953
1,76.84,25.5464103296399,84.1522216796875
1,76.85,25.5497436295263,84.1569900512695
1,76.86,25.5530769294128,84.1331481933594
1,76.87,25.5564102292992,84.0997695922852
1,76.88,25.5597435291857,84.1093063354492
1,76.89,25.5630768290721,84.0997695922852
1,76.9,25.5664101289585,84.080696105957
1,76.91,25.569743428845,84.0902328491211
1,76.92,25.5730767287314,84.1093063354492
1,76.93,25.5764100286178,84.075927734375
1,76.94,25.5797433285043,84.0997695922852
1,76.95,25.5830766283907,84.0663909912109
1,76.96,25.5864099282771,84.071159362793
1,76.97,25.5897432281636,84.071159362793
1,76.98,25.59307652805,84.071159362793
1,76.99,25.5964098279364,84.0854644775391
1,77,25.5997431278229,84.0854644775391
1,77.01,25.6030764277093,84.1331481933594
1,77.02,25.6064097275957,84.0902328491211
1,77.03,25.6097430274822,84.1522216796875
1,77.04,25.6130763273686,84.1331481933594
1,77.05,25.6164096272551,84.1379165649414
1,77.06,25.6197429271415,84.1522216796875
1,77.07,25.6230762270279,84.1474533081055
1,77.08,25.6264095269144,84.1474533081055
1,77.09,25.6297428268008,84.1379165649414
1,77.1,25.6330761266872,84.1760635375977
1,77.11,25.6364094265737,84.1379165649414
1,77.12,25.6397427264601,84.1426849365234
1,77.13,25.6430760263465,84.1474533081055
1,77.14,25.646409326233,84.1236114501953
1,77.15,25.6497426261194,84.1379165649414
1,77.16,25.6530759260058,84.1522216796875
1,77.17,25.6564092258923,84.1283798217773
1,77.18,25.6597425257787,84.1474533081055
1,77.19,25.6630758256651,84.1236114501953
1,77.2,25.6664091255516,84.1283798217773
1,77.21,25.669742425438,84.1331481933594
1,77.22,25.6730757253245,84.1665267944336
1,77.23,25.6764090252109,84.1760635375977
1,77.24,25.6797423250973,84.1712951660156
1,77.25,25.6830756249838,84.1999053955078
1,77.26,25.6864089248702,84.1760635375977
1,77.27,25.6897422247566,84.223747253418
1,77.28,25.6930755246431,84.1903686523438
1,77.29,25.6964088245295,84.2046737670898
1,77.3,25.6997421244159,84.223747253418
1,77.31,25.7030754243024,84.233283996582
1,77.32,25.7064087241888,84.228515625
1,77.33,25.7097420240752,84.2428207397461
1,77.34,25.7130753239617,84.2809677124023
1,77.35,25.7164086238481,84.2428207397461
1,77.36,25.7197419237345,84.3000411987305
1,77.37,25.723075223621,84.2857360839844
1,77.38,25.7264085235074,84.2905044555664
1,77.39,25.7297418233939,84.2952728271484
1,77.4,25.7330751232803,84.3286514282227
1,77.41,25.7364084231667,84.3429565429688
1,77.42,25.7397417230532,84.3477249145508
1,77.43,25.7430750229396,84.3381881713867
1,77.44,25.746408322826,84.3715667724609
1,77.45,25.7497416227125,84.385871887207
1,77.46,25.7530749225989,84.3381881713867
1,77.47,25.7564082224853,84.3477249145508
1,77.48,25.7597415223718,84.381103515625
1,77.49,25.7630748222582,84.385871887207
1,77.5,25.7664081221446,84.3906402587891
1,77.51,25.7697414220311,84.4049453735352
1,77.52,25.7730747219175,84.4001770019531
1,77.53,25.7764080218039,84.3620300292969
1,77.54,25.7797413216904,84.3954086303711
1,77.55,25.7830746215768,84.4001770019531
1,77.56,25.7864079214633,84.3620300292969
1,77.57,25.7897412213497,84.3524932861328
1,77.58,25.7930745212361,84.376335144043
1,77.59,25.7964078211226,84.3477249145508
1,77.6,25.799741121009,84.376335144043
1,77.61,25.8030744208954,84.3667984008789
1,77.62,25.8064077207819,84.381103515625
1,77.63,25.8097410206683,84.3334197998047
1,77.64,25.8130743205547,84.3572616577148
1,77.65,25.8164076204412,84.3667984008789
1,77.66,25.8197409203276,84.381103515625
1,77.67,25.823074220214,84.4192504882813
1,77.68,25.8264075201005,84.385871887207
1,77.69,25.8297408199869,84.4192504882813
1,77.7,25.8330741198733,84.4240188598633
1,77.71,25.8364074197598,84.4383239746094
1,77.72,25.8397407196462,84.4621658325195
1,77.73,25.8430740195327,84.4717025756836
1,77.74,25.8464073194191,84.4812393188477
1,77.75,25.8497406193055,84.4907760620117
1,77.76,25.853073919192,84.5241546630859
1,77.77,25.8564072190784,84.5003128051758
1,77.78,25.8597405189648,84.5193862915039
1,77.79,25.8630738188513,84.5623016357422
1,77.8,25.8664071187377,84.5575332641602
1,77.81,25.8697404186241,84.5718383789063
1,77.82,25.8730737185106,84.5909118652344
1,77.83,25.876407018397,84.5909118652344
1,77.84,25.8797403182834,84.6147537231445
1,77.85,25.8830736181699,84.6385955810547
1,77.86,25.8864069180563,84.6481323242188
1,77.87,25.8897402179427,84.6576690673828
1,77.88,25.8930735178292,84.6767425537109
1,77.89,25.8964068177156,84.7053527832031
1,77.9,25.8997401176021,84.7101211547852
1,77.91,25.9030734174885,84.7101211547852
1,77.92,25.9064067173749,84.7434997558594
1,77.93,25.9097400172614,84.7530364990234
1,77.94,25.9130733171478,84.7578048706055
1,77.95,25.9164066170342,84.7721099853516
1,77.96,25.9197399169207,84.7721099853516
1,77.97,25.9230732168071,84.7721099853516
1,77.98,25.9264065166935,84.7768783569336
1,77.99,25.92973981658,84.7673416137695
1,78,25.9330731164664,84.8102569580078
1,78.01,25.9364064163528,84.7816467285156
1,78.02,25.9397397162393,84.7959518432617
1,78.03,25.9430730161257,84.7911834716797
1,78.04,25.9464063160121,84.8054885864258
1,78.05,25.9497396158986,84.8484039306641
1,78.06,25.953072915785,84.7959518432617
1,78.07,25.9564062156715,84.8245620727539
1,78.08,25.9597395155579,84.7768783569336
1,78.09,25.9630728154443,84.8102569580078
1,78.1,25.9664061153308,84.8150253295898
1,78.11,25.9697394152172,84.8627090454102
1,78.12,25.9730727151036,84.8674774169922
1,78.13,25.9764060149901,84.8913192749023
1,78.14,25.9797393148765,84.8865509033203
1,78.15,25.9830726147629,84.9008560180664
1,78.16,25.9864059146494,84.9390029907227
1,78.17,25.9897392145358,84.9246978759766
1,78.18,25.9930725144222,84.9723815917969
1,78.19,25.9964058143087,84.9485397338867
1,78.2,25.9997391141951,84.9819183349609
1,78.21,26.0030724140815,85.0534439086914
1,78.22,26.006405713968,85.0391387939453
1,78.23,26.0097390138544,85.0868225097656
1,78.24,26.0130723137408,85.0820541381836
1,78.25,26.0164056136273,85.1106643676758
1,78.26,26.0197389135137,85.1058959960938
1,78.27,26.0230722134002,85.1583480834961
1,78.28,26.0264055132866,85.1297378540039
1,78.29,26.029738813173,85.1821899414063
1,78.3,26.0330721130595,85.1631164550781
1,78.31,26.0364054129459,85.1726531982422
1,78.32,26.0397387128323,85.1917266845703
1,78.33,26.0430720127188,85.2155685424805
1,78.34,26.0464053126052,85.2441787719727
1,78.35,26.0497386124916,85.2632522583008
1,78.36,26.0530719123781,85.2584838867188
1,78.37,26.0564052122645,85.2680206298828
1,78.38,26.0597385121509,85.296630859375
1,78.39,26.0630718120374,85.291862487793
1,78.4,26.0664051119238,85.2870941162109
1,78.41,26.0697384118103,85.3443145751953
1,78.42,26.0730717116967,85.3729248046875
1,78.43,26.0764050115831,85.3633880615234
1,78.44,26.0797383114696,85.4253768920898
1,78.45,26.083071611356,85.4110717773438
1,78.46,26.0864049112424,85.4396820068359
1,78.47,26.0897382111289,85.4301452636719
1,78.48,26.0930715110153,85.44921875
1,78.49,26.0964048109017,85.4873657226563
1,78.5,26.0997381107882,85.5064392089844
1,78.51,26.1030714106746,85.5255126953125
1,78.52,26.106404710561,85.5398178100586
1,78.53,26.1097380104475,85.5445861816406
1,78.54,26.1130713103339,85.5731964111328
1,78.55,26.1164046102203,85.5779647827148
1,78.56,26.1197379101068,85.6256484985352
1,78.57,26.1230712099932,85.6304168701172
1,78.58,26.1264045098797,85.6256484985352
1,78.59,26.1297378097661,85.6590270996094
1,78.6,26.1330711096525,85.6924057006836
1,78.61,26.136404409539,85.7114791870117
1,78.62,26.1397377094254,85.7400894165039
1,78.63,26.1430710093118,85.759162902832
1,78.64,26.1464043091983,85.759162902832
1,78.65,26.1497376090847,85.759162902832
1,78.66,26.1530709089711,85.7734680175781
1,78.67,26.1564042088576,85.8068466186523
1,78.68,26.159737508744,85.8402252197266
1,78.69,26.1630708086304,85.8211517333984
1,78.7,26.1664041085169,85.8306884765625
1,78.71,26.1697374084033,85.8688354492188
1,78.72,26.1730707082897,85.8926773071289
1,78.73,26.1764040081762,85.8545303344727
1,78.74,26.1797373080626,85.8831405639648
1,78.75,26.183070607949,85.8783721923828
1,78.76,26.1864039078355,85.906982421875
1,78.77,26.1897372077219,85.8831405639648
1,78.78,26.1930705076084,85.9308242797852
1,78.79,26.1964038074948,85.9212875366211
1,78.8,26.1997371073812,85.9308242797852
1,78.81,26.2030704072677,85.9498977661133
1,78.82,26.2064037071541,85.9546661376953
1,78.83,26.2097370070405,85.9689712524414
1,78.84,26.213070306927,85.9975814819336
1,78.85,26.2164036068134,86.0166549682617
1,78.86,26.2197369066998,86.0261917114258
1,78.87,26.2230702065863,86.0261917114258
1,78.88,26.2264035064727,86.0500335693359
1,78.89,26.2297368063591,86.0977172851563
1,78.9,26.2330701062456,86.1167907714844
1,78.91,26.236403406132,86.0834121704102
1,78.92,26.2397367060184,86.1644744873047
1,78.93,26.2430700059049,86.1835479736328
1,78.94,26.2464033057913,86.2216949462891
1,78.95,26.2497366056778,86.2503051757813
1,78.96,26.2530699055642,86.2550735473633
1,78.97,26.2564032054506,86.2646102905273
1,78.98,26.2597365053371,86.3122940063477
1,78.99,26.2630698052235,86.369514465332
1,79,26.2664031051099,86.3456726074219
1,79.01,26.2697364049964,86.3790512084961
1,79.02,26.2730697048828,86.4315032958984
1,79.03,26.2764030047692,86.4410400390625
1,79.04,26.2797363046557,86.4887237548828
1,79.05,26.2830696045421,86.4839553833008
1,79.06,26.2864029044285,86.5507125854492
1,79.07,26.289736204315,86.5554809570313
1,79.08,26.2930695042014,86.5554809570313
1,79.09,26.2964028040878,86.5840911865234
1,79.1,26.2997361039743,86.6317749023438
1,79.11,26.3030694038607,86.6413116455078
1,79.12,26.3064027037472,86.669921875
1,79.13,26.3097360036336,86.6937637329102
1,79.14,26.31306930352,86.7223739624023
1,79.15,26.3164026034065,86.7176055908203
1,79.16,26.3197359032929,86.7414474487305
1,79.17,26.3230692031793,86.7652893066406
1,79.18,26.3264025030658,86.7986679077148
1,79.19,26.3297358029522,86.7986679077148
1,79.2,26.3330691028386,86.8749618530273
1,79.21,26.3364024027251,86.8415832519531
1,79.22,26.3397357026115,86.8940353393555
1,79.23,26.3430690024979,86.9178771972656
1,79.24,26.3464023023844,86.9131088256836
1,79.25,26.3497356022708,86.9512557983398
1,79.26,26.3530689021572,86.9607925415039
1,79.27,26.3564022020437,86.9560241699219
1,79.28,26.3597355019301,86.9655609130859
1,79.29,26.3630688018166,87.0323181152344
1,79.3,26.366402101703,86.9989395141602
1,79.31,26.3697354015894,87.0513916015625
1,79.32,26.3730687014759,87.0609283447266
1,79.33,26.3764020013623,87.0847702026367
1,79.34,26.3797353012487,87.0895385742188
1,79.35,26.3830686011352,87.1133804321289
1,79.36,26.3864019010216,87.1515274047852
1,79.37,26.389735200908,87.1801376342773
1,79.38,26.3930685007945,87.1849060058594
1,79.39,26.3964018006809,87.2087478637695
1,79.4,26.3997351005673,87.2135162353516
1,79.41,26.4030684004538,87.2611999511719
1,79.42,26.4064017003402,87.2611999511719
1,79.43,26.4097350002267,87.2802734375
1,79.44,26.4130683001131,87.3279571533203
1,79.45,26.419734899886,87.3422622680664
1,79.47,26.4230681997724,87.3517990112305
1,79.48,26.4264014996588,87.3804092407227
1,79.49,26.4297347995453,87.3613357543945
1,79.5,26.4330680994317,87.3994827270508
1,79.51,26.4364013993181,87.3661041259766
1,79.52,26.4397346992046,87.428092956543
1,79.53,26.443067999091,87.4090194702148
1,79.54,26.4497345988639,87.4185562133789
1,79.56,26.4530678987503,87.4423980712891
1,79.57,26.4564011986367,87.4567031860352
1,79.58,26.4597344985232,87.4614715576172
1,79.59,26.4630677984096,87.4567031860352
1,79.6,26.4664010982961,87.4805450439453
1,79.61,26.4697343981825,87.5234603881836
1,79.62,26.4730676980689,87.5425338745117
1,79.63,26.4764009979554,87.5186920166016
1,79.64,26.4797342978418,87.5711441040039
1,79.65,26.4830675977282,87.5663757324219
1,79.66,26.4864008976147,87.5759124755859
1,79.67,26.4897341975011,87.590217590332
1,79.68,26.4930674973875,87.6045227050781
1,79.69,26.496400797274,87.6474380493164
1,79.7,26.4997340971604,87.6569747924805
1,79.71,26.5030673970468,87.6903533935547
1,79.72,26.5064006969333,87.6951217651367
1,79.73,26.5097339968197,87.7046585083008
1,79.74,26.5130672967061,87.6903533935547
1,79.75,26.5164005965926,87.7523422241211
1,79.76,26.519733896479,87.7809524536133
1,79.77,26.5230671963654,87.7761840820313
1,79.78,26.5264004962519,87.8000259399414
1,79.79,26.5297337961383,87.8429412841797
1,79.8,26.5330670960248,87.8810882568359
1,79.81,26.5364003959112,87.8810882568359
1,79.82,26.5397336957976,87.9240036010742
1,79.83,26.5430669956841,87.9287719726563
1,79.84,26.5497335954569,87.9812240600586
1,79.86,26.5530668953434,87.9907608032227
1,79.87,26.5564001952298,88.043212890625
1,79.88,26.5597334951162,88.0241394042969
1,79.89,26.5630667950027,88.043212890625
1,79.9,26.5664000948891,88.043212890625
1,79.91,26.5697333947755,88.043212890625
1,79.92,26.573066694662,88.047981262207
1,79.93,26.5763999945484,88.0908966064453
1,79.94,26.5797332944348,88.0861282348633
1,79.95,26.5830665943213,88.0718231201172
1,79.96,26.5863998942077,88.0861282348633
1,79.97,26.5897331940942,88.1481170654297
1,79.98,26.5930664939806,88.1481170654297
1,79.99,26.5997330937535,88.1433486938477
1,80.01,26.6030663936399,88.1528854370117
1,80.02,26.6063996935263,88.1814956665039
1,80.03,26.6097329934128,88.1814956665039
1,80.04,26.6163995931856,88.191032409668
1,80.05,26.6197328930721,88.2148742675781
1,80.07,26.6230661929585,88.2625579833984
1,80.08,26.6263994928449,88.2577896118164
1,80.09,26.6297327927314,88.2196426391602
1,80.1,26.6330660926178,88.2768630981445
1,80.11,26.6363993925042,88.2816314697266
1,80.12,26.6397326923907,88.3007049560547
1,80.13,26.6430659922771,88.3007049560547
1,80.14,26.64973259205,88.3293151855469
1,80.16,26.6530658919364,88.3960723876953
1,80.17,26.6563991918229,88.4199142456055
1,80.18,26.6597324917093,88.4580612182617
1,80.19,26.6630657915957,88.4914398193359
1,80.2,26.6663990914822,88.5105133056641
1,80.21,26.6697323913686,88.5486602783203
1,80.22,26.673065691255,88.5772705078125
1,80.23,26.6763989911415,88.6058807373047
1,80.24,26.6797322910279,88.6440277099609
1,80.25,26.6830655909143,88.6917114257813
1,80.26,26.6863988908008,88.7298583984375
1,80.27,26.6897321906872,88.7346267700195
1,80.28,26.6930654905736,88.7537002563477
1,80.29,26.6997320903465,88.7870788574219
1,80.31,26.703065390233,88.8299942016602
1,80.32,26.7063986901194,88.8538360595703
1,80.33,26.7097319900058,88.8919830322266
1,80.34,26.7163985897787,88.8681411743164
1,80.35,26.7197318896651,88.9492034912109
1,80.37,26.7230651895516,88.963508605957
1,80.38,26.7297317893244,88.9682769775391
1,80.4,26.7330650892109,89.0111923217773
1,80.41,26.7363983890973,89.0016555786133
1,80.42,26.7397316889837,89.0350341796875
1,80.43,26.7430649888702,89.0016555786133
1,80.44,26.749731588643,89.0922546386719
1,80.46,26.7530648885295,89.116096496582
1,80.47,26.7563981884159,89.1399383544922
1,80.48,26.7597314883024,89.1399383544922
1,80.49,26.7630647881888,89.1685485839844
1,80.5,26.7663980880752,89.1685485839844
1,80.51,26.7697313879617,89.2257690429688
1,80.52,26.7730646878481,89.2353057861328
1,80.53,26.779731287621,89.2496109008789
1,80.54,26.7830645875074,89.2782211303711
1,80.56,26.7863978873938,89.3306732177734
1,80.57,26.7897311872803,89.3306732177734
1,80.58,26.7963977870531,89.3163681030273
1,80.59,26.7997310869396,89.3211364746094
1,80.61,26.803064386826,89.3688201904297
1,80.62,26.8063976867124,89.3783569335938
1,80.63,26.8097309865989,89.3926620483398
1,80.64,26.8163975863718,89.3974304199219
1,80.65,26.8197308862582,89.3926620483398
1,80.67,26.8230641861446,89.4403457641602
1,80.68,26.8297307859175,89.4451141357422
1,80.7,26.8330640858039,89.4927978515625
1,80.71,26.8397306855768,89.5118713378906
1,80.73,26.8430639854632,89.564323425293
1,80.74,26.8497305852361,89.5929336547852
1,80.75,26.8530638851225,89.6072387695313
1,80.77,26.856397185009,89.6406173706055
1,80.78,26.8597304848954,89.6835327148438
1,80.79,26.8630637847818,89.6787643432617
1,80.8,26.8697303845547,89.7455215454102
1,80.82,26.8730636844412,89.7550582885742
1,80.83,26.879730284214,89.7455215454102
1,80.84,26.8830635841005,89.8218154907227
1,80.85,26.8863968839869,89.8313522338867
1,80.87,26.8897301838733,89.8647308349609
1,80.88,26.8963967836462,89.874267578125
1,80.89,26.8997300835326,89.869499206543
1,80.9,26.9030633834191,89.9028778076172
1,80.91,26.9063966833055,89.8885726928711
1,80.92,26.9097299831919,89.9124145507813
1,80.93,26.9130632830784,89.9076461791992
1,80.94,26.9163965829648,89.9314880371094
1,80.95,26.9197298828512,89.9410247802734
1,80.97,26.9230631827377,89.9600982666016
1,80.98,26.9297297825105,89.9457931518555
1,80.99,26.933063082397,89.9791717529297
1,81,26.9363963822834,89.9744033813477
1,81.01,26.9397296821699,89.9505615234375
1,81.03,26.9430629820563,89.9791717529297
1,81.04,26.9497295818292,89.9839401245117
1,81.05,26.9530628817156,89.9696350097656
1,81.07,26.956396181602,90.02685546875
1,81.08,26.9597294814885,90.0602340698242
1,81.09,26.9663960812613,90.031623840332
1,81.1,26.9697293811478,90.0697708129883
1,81.12,26.9763959809206,90.0936126708984
1,81.13,26.9797292808071,90.1365280151367
1,81.14,26.9830625806935,90.1412963867188
1,81.15,26.9863958805799,90.179443359375
1,81.17,26.9897291804664,90.2271270751953
1,81.18,26.9963957802393,90.2366638183594
1,81.19,26.9997290801257,90.2318954467773
1,81.2,27.0030623800121,90.2748107910156
1,81.21,27.0063956798986,90.2748107910156
1,81.22,27.009728979785,90.2843475341797
1,81.23,27.0130622796714,90.2891159057617
1,81.24,27.0163955795579,90.3415679931641
1,81.25,27.0197288794443,90.336799621582
1,81.27,27.0230621793307,90.3177261352539
1,81.28,27.0297287791036,90.3511047363281
1,81.29,27.03306207899,90.33203125
1,81.3,27.0363953788765,90.3463363647461
1,81.31,27.0397286787629,90.33203125
1,81.33,27.0463952785358,90.3511047363281
1,81.34,27.0497285784222,90.3415679931641
1,81.35,27.0530618783087,90.3987884521484
1,81.37,27.0597284780815,90.4035568237305
1,81.38,27.063061777968,90.3940200805664
1,81.39,27.0663950778544,90.4035568237305
1,81.4,27.0697283777408,90.3987884521484
1,81.41,27.0730616776273,90.3892517089844
1,81.42,27.0763949775137,90.4369354248047
1,81.43,27.0797282774001,90.4560089111328
1,81.44,27.0830615772866,90.4226303100586
1,81.45,27.086394877173,90.4512405395508
1,81.46,27.0897281770594,90.4703140258789
1,81.47,27.0930614769459,90.4703140258789
1,81.48,27.0963947768323,90.5132293701172
1,81.49,27.0997280767188,90.4941558837891
1,81.5,27.1030613766052,90.5179977416992
1,81.51,27.1063946764916,90.489387512207
1,81.52,27.1097279763781,90.5323028564453
1,81.53,27.1130612762645,90.5466079711914
1,81.54,27.1163945761509,90.5609130859375
1,81.55,27.1197278760374,90.5656814575195
1,81.57,27.1230611759238,90.632438659668
1,81.58,27.1297277756967,90.6085968017578
1,81.59,27.1330610755831,90.641975402832
1,81.6,27.1363943754695,90.6515121459961
1,81.61,27.139727675356,90.6944274902344
1,81.62,27.1430609752424,90.6610488891602
1,81.63,27.1463942751288,90.6705856323242
1,81.64,27.1497275750153,90.6801223754883
1,81.65,27.1530608749017,90.6944274902344
1,81.67,27.1597274746746,90.7230377197266
1,81.68,27.163060774561,90.7325744628906
1,81.69,27.1663940744475,90.7373428344727
1,81.7,27.1697273743339,90.7754898071289
1,81.71,27.1730606742203,90.7993316650391
1,81.72,27.1763939741068,90.8231735229492
1,81.73,27.1797272739932,90.8470153808594
1,81.74,27.1830605738796,90.8708572387695
1,81.75,27.1863938737661,90.9233093261719
1,81.76,27.1897271736525,90.9137725830078
1,81.77,27.1930604735389,90.9137725830078
1,81.78,27.1963937734254,90.9996032714844
1,81.79,27.1997270733118,91.0186767578125
1,81.8,27.2030603731982,91.0186767578125
1,81.81,27.2063936730847,91.0091400146484
1,81.82,27.2097269729711,91.0282135009766
1,81.83,27.2130602728576,91.0854339599609
1,81.84,27.216393572744,91.1045074462891
1,81.85,27.2197268726304,91.1188125610352
1,81.86,27.2230601725169,91.1235809326172
1,81.88,27.2297267722897,91.1283493041992
1,81.89,27.2330600721762,91.1808013916016
1,81.9,27.2363933720626,91.1712646484375
1,81.91,27.239726671949,91.1903381347656
1,81.92,27.2430599718355,91.252326965332
1,81.93,27.2463932717219,91.2714004516602
1,81.94,27.2497265716083,91.3047790527344
1,81.95,27.2530598714948,91.3190841674805
1,81.97,27.2597264712676,91.3429260253906
1,81.98,27.2630597711541,91.3429260253906
1,81.99,27.2663930710405,91.3810729980469
1,82,27.2697263709269,91.4430618286133
1,82.01,27.2730596708134,91.4144515991211
1,82.02,27.2763929706998,91.4764404296875
1,82.03,27.2797262705863,91.4669036865234
1,82.04,27.2830595704727,91.4955139160156
1,82.05,27.2863928703591,91.5241241455078
1,82.06,27.2897261702456,91.5670394897461
1,82.07,27.293059470132,91.5813446044922
1,82.08,27.2963927700184,91.5718078613281
1,82.09,27.2997260699049,91.6194915771484
1,82.1,27.3030593697913,91.6337966918945
1,82.11,27.3063926696777,91.6290283203125
1,82.12,27.3097259695642,91.6767120361328
1,82.13,27.3130592694506,91.6671752929688
1,82.14,27.316392569337,91.6862487792969
1,82.15,27.3197258692235,91.705322265625
1,82.16,27.3230591691099,91.6957855224609
1,82.17,27.3263924689963,91.7387008666992
1,82.18,27.3297257688828,91.7387008666992
1,82.19,27.3330590687692,91.7148590087891
1,82.2,27.3363923686557,91.705322265625
1,82.21,27.3397256685421,91.7148590087891
1,82.22,27.3430589684285,91.7673110961914
1,82.23,27.346392268315,91.7816162109375
1,82.24,27.3497255682014,91.7720794677734
1,82.25,27.3530588680878,91.7816162109375
1,82.26,27.3563921679743,91.8054580688477
1,82.27,27.3597254678607,91.8436050415039
1,82.28,27.3630587677471,91.8388366699219
1,82.29,27.3663920676336,91.862678527832
1,82.3,27.36972536752,91.8769836425781
1,82.31,27.3730586674064,91.9008255004883
1,82.32,27.3763919672929,91.8865203857422
1,82.33,27.3797252671793,91.9198989868164
1,82.34,27.3830585670657,91.9151306152344
1,82.35,27.3863918669522,91.8769836425781
1,82.36,27.3897251668386,91.9485092163086
1,82.37,27.3930584667251,91.9342041015625
1,82.38,27.3963917666115,91.9151306152344
1,82.39,27.3997250664979,91.9008255004883
1,82.4,27.4030583663844,91.9198989868164
1,82.41,27.4063916662708,91.9198989868164
1,82.42,27.4097249661572,91.9389724731445
1,82.43,27.4130582660437,91.9485092163086
1,82.44,27.4163915659301,91.9342041015625
1,82.45,27.4197248658165,91.9628143310547
1,82.46,27.423058165703,91.9532775878906
1,82.47,27.4263914655894,91.9818878173828
1,82.48,27.4297247654758,91.9818878173828
1,82.49,27.4330580653623,91.9961929321289
1,82.5,27.4363913652487,91.9771194458008
1,82.51,27.4397246651351,91.9771194458008
1,82.52,27.4430579650216,91.9961929321289
1,82.53,27.446391264908,92.015266418457
1,82.54,27.4497245647945,92.010498046875
1,82.55,27.4530578646809,92.0295715332031
1,82.56,27.4563911645673,92.0295715332031
1,82.57,27.4597244644538,92.015266418457
1,82.58,27.4630577643402,92.0248031616211
1,82.59,27.4663910642266,92.0391082763672
1,82.6,27.4697243641131,92.0581817626953
1,82.61,27.4730576639995,92.0438766479492
1,82.62,27.4763909638859,92.0867919921875
1,82.63,27.4797242637724,92.0867919921875
1,82.64,27.4830575636588,92.1058654785156
1,82.65,27.4863908635452,92.1058654785156
1,82.66,27.4897241634317,92.1058654785156
1,82.67,27.4930574633181,92.1201705932617
1,82.68,27.4963907632045,92.158317565918
1,82.69,27.499724063091,92.1535491943359
1,82.7,27.5030573629774,92.1630859375
1,82.71,27.5063906628639,92.167854309082
1,82.72,27.5097239627503,92.167854309082
1,82.73,27.5130572626367,92.2203063964844
1,82.74,27.5163905625232,92.2536849975586
1,82.75,27.5197238624096,92.2584533691406
1,82.76,27.523057162296,92.2679901123047
1,82.77,27.5263904621825,92.2918319702148
1,82.78,27.5297237620689,92.315673828125
1,82.79,27.5330570619553,92.315673828125
1,82.8,27.5363903618418,92.3490524291992
1,82.81,27.5397236617282,92.3728942871094
1,82.82,27.5430569616146,92.3871994018555
1,82.83,27.5463902615011,92.3967361450195
1,82.84,27.5497235613875,92.4396514892578
1,82.85,27.5530568612739,92.4539566040039
1,82.86,27.5563901611604,92.4777984619141
1,82.87,27.5597234610468,92.5111770629883
1,82.88,27.5630567609333,92.5779342651367
1,82.89,27.5663900608197,92.5827026367188
1,82.9,27.5697233607061,92.5827026367188
1,82.91,27.5730566605926,92.6780700683594
1,82.92,27.576389960479,92.6828384399414
1,82.93,27.5797232603654,92.7162170410156
1,82.94,27.5830565602519,92.7448272705078
1,82.95,27.5863898601383,92.7734375
1,82.96,27.5897231600247,92.8163528442383
1,82.97,27.5930564599112,92.8068161010742
1,82.98,27.5963897597976,92.7925109863281
1,82.99,27.599723059684,92.8688049316406
1,83,27.6030563595705,92.8688049316406
1,83.01,27.6063896594569,92.8640365600586
1,83.02,27.6097229593433,92.8831100463867
1,83.03,27.6130562592298,92.8926467895508
1,83.04,27.6163895591162,92.9355621337891
1,83.05,27.6197228590027,92.9498672485352
1,83.06,27.6230561588891,92.9784774780273
1,83.07,27.6263894587755,92.9927825927734
1,83.08,27.629722758662,93.0166244506836
1,83.09,27.6330560585484,93.0023193359375
1,83.1,27.6363893584348,93.073844909668
1,83.11,27.6397226583213,93.0881500244141
1,83.12,27.6430559582077,93.0929183959961
1,83.13,27.6463892580941,93.0929183959961
1,83.14,27.6497225579806,93.1692123413086
1,83.15,27.653055857867,93.1835174560547
1,83.16,27.6563891577534,93.2121276855469
1,83.17,27.6597224576399,93.226432800293
1,83.18,27.6630557575263,93.2502746582031
1,83.19,27.6663890574127,93.2598114013672
1,83.2,27.6697223572992,93.2836532592773
1,83.21,27.6730556571856,93.2931900024414
1,83.22,27.676388957072,93.2979583740234
1,83.23,27.6797222569585,93.3170318603516
1,83.24,27.6830555568449,93.2979583740234
1,83.25,27.6863888567314,93.3456420898438
1,83.26,27.6897221566178,93.3218002319336
1,83.27,27.6930554565042,93.3456420898438
1,83.28,27.6963887563907,93.388557434082
1,83.29,27.6997220562771,93.3647155761719
1,83.3,27.7030553561635,93.3933258056641
1,83.31,27.70638865605,93.3361053466797
1,83.32,27.7097219559364,93.3933258056641
1,83.33,27.7130552558228,93.4028625488281
1,83.34,27.7163885557093,93.4123992919922
1,83.35,27.7197218555957,93.4076309204102
1,83.36,27.7230551554821,93.379020690918
1,83.37,27.7263884553686,93.4219360351563
1,83.38,27.729721755255,93.4410095214844
1,83.39,27.7330550551414,93.4267044067383
1,83.4,27.7363883550279,93.4696197509766
1,83.41,27.7397216549143,93.4600830078125
1,83.42,27.7430549548008,93.4743881225586
1,83.43,27.7463882546872,93.5029983520508
1,83.44,27.7497215545736,93.5029983520508
1,83.45,27.7530548544601,93.4886932373047
1,83.46,27.7563881543465,93.5220718383789
1,83.47,27.7597214542329,93.5220718383789
1,83.48,27.7630547541194,93.4982299804688
1,83.49,27.7663880540058,93.5697555541992
1,83.5,27.7697213538922,93.5173034667969
1,83.51,27.7730546537787,93.536376953125
1,83.52,27.7763879536651,93.5506820678711
1,83.53,27.7797212535515,93.5602188110352
1,83.54,27.783054553438,93.5983657836914
1,83.55,27.7863878533244,93.5935974121094
1,83.56,27.7897211532108,93.6174392700195
1,83.57,27.7930544530973,93.6269760131836
1,83.58,27.7963877529837,93.6412811279297
1,83.59,27.7997210528702,93.6460494995117
1,83.6,27.8030543527566,93.6508178710938
1,83.61,27.806387652643,93.684196472168
1,83.62,27.8097209525295,93.6985015869141
1,83.63,27.8130542524159,93.7128067016602
1,83.64,27.8163875523023,93.7700271606445
1,83.65,27.8197208521888,93.7557220458984
1,83.66,27.8230541520752,93.7795639038086
1,83.67,27.8263874519616,93.846321105957
1,83.68,27.8297207518481,93.8844680786133
1,83.69,27.8330540517345,93.8892364501953
1,83.7,27.8363873516209,93.9130783081055
1,83.71,27.8397206515074,93.9464569091797
1,83.72,27.8430539513938,93.998908996582
1,83.73,27.8463872512803,94.0465927124023
1,83.74,27.8497205511667,94.0465927124023
1,83.75,27.8530538510531,94.0752029418945
1,83.76,27.8563871509396,94.0895080566406
1,83.77,27.859720450826,94.141960144043
1,83.78,27.8630537507124,94.146728515625
1,83.79,27.8663870505989,94.1896438598633
1,83.8,27.8697203504853,94.2087173461914
1,83.81,27.8730536503717,94.1705703735352
1,83.82,27.8763869502582,94.2039489746094
1,83.83,27.8797202501446,94.2325592041016
1,83.84,27.883053550031,94.2325592041016
1,83.85,27.8863868499175,94.2230224609375
1,83.86,27.8897201498039,94.2182540893555
1,83.87,27.8930534496903,94.1610336303711
1,83.88,27.8963867495768,94.1324234008789
1,83.89,27.8997200494632,94.1658020019531
1,83.9,27.9030533493497,94.1562652587891
1,83.91,27.9063866492361,94.1324234008789
1,83.92,27.9097199491225,94.1181182861328
1,83.93,27.913053249009,94.1324234008789
1,83.94,27.9163865488954,94.1085815429688
1,83.95,27.9197198487818,94.1228866577148
1,83.96,27.9230531486683,94.1228866577148
1,83.97,27.9263864485547,94.1038131713867
1,83.98,27.9297197484411,94.1276550292969
1,83.99,27.9330530483276,94.1324234008789
1,84,27.936386348214,94.146728515625
1,84.01,27.9397196481004,94.1276550292969
1,84.02,27.9430529479869,94.1371917724609
1,84.03,27.9463862478733,94.1848754882813
1,84.04,27.9497195477597,94.1562652587891
1,84.05,27.9530528476462,94.1801071166992
1,84.06,27.9563861475326,94.1753387451172
1,84.07,27.959719447419,94.2468643188477
1,84.08,27.9630527473055,94.2754745483398
1,84.09,27.9663860471919,94.2564010620117
1,84.1,27.9697193470784,94.3517684936523
1,84.11,27.9730526469648,94.3470001220703
1,84.12,27.9763859468512,94.3803787231445
1,84.13,27.9797192467377,94.3946838378906
1,84.14,27.9830525466241,94.3946838378906
1,84.15,27.9863858465105,94.4328308105469
1,84.16,27.989719146397,94.4614410400391
1,84.17,27.9930524462834,94.4709777832031
1,84.18,27.9963857461698,94.4805145263672
1,84.19,27.9997190460563,94.5091247558594
1,84.2,28.0030523459427,94.5091247558594
1,84.21,28.0063856458291,94.5091247558594
1,84.22,28.0097189457156,94.5568084716797
1,84.23,28.013052245602,94.5568084716797
1,84.24,28.0163855454884,94.5568084716797
1,84.25,28.0197188453749,94.5234298706055
1,84.26,28.0230521452613,94.5854187011719
1,84.27,28.0263854451478,94.5949554443359
1,84.28,28.0297187450342,94.6044921875
1,84.29,28.0330520449206,94.599723815918
1,84.3,28.0363853448071,94.599723815918
1,84.31,28.0397186446935,94.6187973022461
1,84.32,28.0430519445799,94.6187973022461
1,84.33,28.0463852444664,94.6378707885742
1,84.34,28.0497185443528,94.6331024169922
1,84.35,28.0530518442392,94.6378707885742
1,84.36,28.0563851441257,94.6569442749023
1,84.37,28.0597184440121,94.6903228759766
1,84.38,28.0630517438985,94.6950912475586
1,84.39,28.066385043785,94.6569442749023
1,84.4,28.0697183436714,94.6855545043945
1,84.41,28.0730516435578,94.6855545043945
1,84.42,28.0763849434443,94.7046279907227
1,84.43,28.0797182433307,94.7189331054688
1,84.44,28.0830515432172,94.7237014770508
1,84.45,28.0863848431036,94.7189331054688
1,84.46,28.08971814299,94.7332382202148
1,84.47,28.0930514428765,94.7189331054688
1,84.48,28.0963847427629,94.7237014770508
1,84.49,28.0997180426493,94.7237014770508
1,84.5,28.1030513425358,94.7475433349609
1,84.51,28.1063846424222,94.752311706543
1,84.52,28.1097179423086,94.752311706543
1,84.53,28.1130512421951,94.7713851928711
1,84.54,28.1163845420815,94.7427749633789
1,84.55,28.1197178419679,94.7380065917969
1,84.56,28.1230511418544,94.7189331054688
1,84.57,28.1263844417408,94.7237014770508
1,84.58,28.1297177416272,94.7141647338867
1,84.59,28.1330510415137,94.7189331054688
1,84.6,28.1363843414001,94.7093963623047
1,84.61,28.1397176412866,94.7237014770508
1,84.62,28.143050941173,94.6855545043945
1,84.63,28.1463842410594,94.7141647338867
1,84.64,28.1497175409459,94.6617126464844
1,84.65,28.1530508408323,94.6664810180664
1,84.66,28.1563841407187,94.6378707885742
1,84.67,28.1597174406052,94.6378707885742
1,84.68,28.1630507404916,94.6569442749023
1,84.69,28.166384040378,94.6426391601563
1,84.7,28.1697173402645,94.6187973022461
1,84.71,28.1730506401509,94.6331024169922
1,84.72,28.1763839400373,94.6474075317383
1,84.73,28.1797172399238,94.6331024169922
1,84.74,28.1830505398102,94.6474075317383
1,84.75,28.1863838396966,94.6712493896484
1,84.76,28.1897171395831,94.6807861328125
1,84.77,28.1930504394695,94.6760177612305
1,84.78,28.196383739356,94.6950912475586
1,84.79,28.1997170392424,94.7427749633789
1,84.8,28.2030503391288,94.7093963623047
1,84.81,28.2063836390153,94.757080078125
1,84.82,28.2097169389017,94.7666168212891
1,84.83,28.2130502387881,94.8047637939453
1,84.84,28.2163835386746,94.8047637939453
1,84.85,28.219716838561,94.7952270507813
1,84.86,28.2230501384474,94.8429107666016
1,84.87,28.2263834383339,94.8715209960938
1,84.88,28.2297167382203,94.8476791381836
1,84.89,28.2330500381067,94.8715209960938
1,84.9,28.2363833379932,94.904899597168
1,84.91,28.2397166378796,94.9430465698242
1,84.92,28.243049937766,94.9573516845703
1,84.93,28.2463832376525,94.9621200561523
1,84.94,28.2497165375389,95.0288772583008
1,84.95,28.2530498374254,95.0288772583008
1,84.96,28.2563831373118,95.0431823730469
1,84.97,28.2597164371982,95.0860977172852
1,84.98,28.2630497370847,95.1051712036133
1,84.99,28.2663830369711,95.1337814331055
1,85,28.2697163368575,95.1337814331055
1,85.01,28.273049636744,95.1385498046875
1,85.02,28.2763829366304,95.1814651489258
1,85.03,28.2797162365168,95.1862335205078
1,85.04,28.2830495364033,95.1623916625977
1,85.05,28.2863828362897,95.2005386352539
1,85.06,28.2897161361761,95.2243804931641
1,85.07,28.2930494360626,95.1766967773438
1,85.08,28.296382735949,95.1719284057617
1,85.09,28.2997160358354,95.2005386352539
1,85.1,28.3030493357219,95.1957702636719
1,85.11,28.3063826356083,95.1576232910156
1,85.12,28.3097159354948,95.1766967773438
1,85.13,28.3130492353812,95.1528549194336
1,85.14,28.3163825352676,95.1194763183594
1,85.15,28.3197158351541,95.1337814331055
1,85.16,28.3230491350405,95.0908660888672
1,85.17,28.3263824349269,95.067024230957
1,85.18,28.3297157348134,95.0288772583008
1,85.19,28.3330490346998,94.9954986572266
1,85.2,28.3363823345862,94.9525833129883
1,85.21,28.3397156344727,94.8572158813477
1,85.22,28.3430489343591,94.8238372802734
1,85.23,28.3463822342455,94.7761535644531
1,85.24,28.349715534132,94.6664810180664
1,85.25,28.3530488340184,94.5520401000977
1,85.26,28.3563821339048,94.4614410400391
1,85.27,28.3597154337913,94.304084777832
1,85.28,28.3630487336777,94.2134857177734
1,85.29,28.3663820335642,94.0465927124023
1,85.3,28.3697153334506,93.8987731933594
1,85.31,28.373048633337,93.7747955322266
1,85.32,28.3763819332235,93.6555862426758
1,85.33,28.3797152331099,93.531608581543
1,85.34,28.3830485329963,93.4314727783203
1,85.35,28.3863818328828,93.3074951171875
1,85.36,28.3897151327692,93.231201171875
1,85.37,28.3930484326556,93.1549072265625
1,85.38,28.3963817325421,93.1262969970703
1,85.39,28.3997150324285,93.0929183959961
1,85.4,28.4030483323149,93.0643081665039
1,85.41,28.4063816322014,93.0452346801758
1,85.42,28.4097149320878,93.0595397949219
1,85.43,28.4130482319742,93.1119918823242
1,85.44,28.4163815318607,93.1024551391602
1,85.45,28.4197148317471,93.1596755981445
1,85.46,28.4230481316336,93.1882858276367
1,85.47,28.42638143152,93.2550430297852
1,85.48,28.4297147314064,93.2741165161133
1,85.49,28.4330480312929,93.3122634887695
1,85.5,28.4363813311793,93.3694839477539
1,85.51,28.4397146310657,93.4123992919922
1,85.52,28.4430479309522,93.4410095214844
1,85.53,28.4463812308386,93.4839248657227
1,85.54,28.449714530725,93.5220718383789
1,85.55,28.4530478306115,93.5459136962891
1,85.56,28.4563811304979,93.5649871826172
1,85.57,28.4597144303843,93.6269760131836
1,85.58,28.4630477302708,93.5983657836914
1,85.59,28.4663810301572,93.5983657836914
1,85.6,28.4697143300436,93.6508178710938
1,85.61,28.4730476299301,93.6079025268555
1,85.62,28.4763809298165,93.6365127563477
1,85.63,28.479714229703,93.6079025268555
1,85.64,28.4830475295894,93.6126708984375
1,85.65,28.4863808294758,93.6126708984375
1,85.66,28.4897141293623,93.5745239257813
1,85.67,28.4930474292487,93.6317443847656
1,85.68,28.4963807291351,93.5983657836914
1,85.69,28.4997140290216,93.6031341552734
1,85.7,28.503047328908,93.6222076416016
1,85.71,28.5063806287944,93.6555862426758
1,85.72,28.5097139286809,93.6794281005859
1,85.73,28.5130472285673,93.68896484375
1,85.74,28.5163805284537,93.7461853027344
1,85.75,28.5197138283402,93.7795639038086
1,85.76,28.5230471282266,93.8320159912109
1,85.77,28.526380428113,93.8653945922852
1,85.78,28.5297137279995,93.9083099365234
1,85.79,28.5330470278859,93.9273834228516
1,85.8,28.5363803277724,94.0084457397461
1,85.81,28.5397136276588,94.0465927124023
1,85.82,28.5430469275452,94.0704345703125
1,85.83,28.5463802274317,94.146728515625
1,85.84,28.5497135273181,94.1610336303711
1,85.85,28.5530468272045,94.2039489746094
1,85.86,28.556380127091,94.2373275756836
1,85.87,28.5597134269774,94.3088531494141
1,85.88,28.5630467268638,94.3088531494141
1,85.89,28.5663800267503,94.3326950073242
1,85.9,28.5697133266367,94.3708419799805
1,85.91,28.5730466265231,94.3994522094727
1,85.92,28.5763799264096,94.4089889526367
1,85.93,28.579713226296,94.4280624389648
1,85.94,28.5830465261824,94.4662094116211
1,85.95,28.5863798260689,94.4805145263672
1,85.96,28.5897131259553,94.4948196411133
1,85.97,28.5930464258418,94.4900512695313
1,85.98,28.5963797257282,94.5472717285156
1,85.99,28.5997130256146,94.5472717285156
1,86,28.6030463255011,94.5329666137695
1,86.01,28.6063796253875,94.5615768432617
1,86.02,28.6097129252739,94.5854187011719
1,86.03,28.6130462251604,94.6044921875
1,86.04,28.6163795250468,94.6426391601563
1,86.05,28.6197128249332,94.6474075317383
1,86.06,28.6230461248197,94.6378707885742
1,86.07,28.6263794247061,94.6807861328125
1,86.08,28.6297127245925,94.7046279907227
1,86.09,28.633046024479,94.7284698486328
1,86.1,28.6363793243654,94.7475433349609
1,86.11,28.6397126242518,94.7380065917969
1,86.12,28.6430459241383,94.7427749633789
1,86.13,28.6463792240247,94.7856903076172
1,86.14,28.6497125239112,94.7713851928711
1,86.15,28.6530458237976,94.7904586791992
1,86.16,28.656379123684,94.7952270507813
1,86.17,28.6597124235705,94.8190689086914
1,86.18,28.6630457234569,94.7952270507813
1,86.19,28.6663790233433,94.8190689086914
1,86.2,28.6697123232298,94.8095321655273
1,86.21,28.6730456231162,94.8095321655273
1,86.22,28.6763789230026,94.8047637939453
1,86.23,28.6797122228891,94.8238372802734
1,86.24,28.6830455227755,94.8476791381836
1,86.25,28.6863788226619,94.8333740234375
1,86.26,28.6897121225484,94.8333740234375
1,86.27,28.6930454224348,94.8667526245117
1,86.28,28.6963787223212,94.8619842529297
1,86.29,28.6997120222077,94.8810577392578
1,86.3,28.7030453220941,94.8810577392578
1,86.31,28.7063786219805,94.8905944824219
1,86.32,28.709711921867,94.8429107666016
1,86.33,28.7130452217534,94.8619842529297
1,86.34,28.7163785216399,94.8905944824219
1,86.35,28.7197118215263,94.8619842529297
1,86.36,28.7230451214127,94.8667526245117
1,86.37,28.7263784212992,94.8762893676758
1,86.38,28.7297117211856,94.8381423950195
1,86.39,28.733045021072,94.8810577392578
1,86.4,28.7363783209585,94.8524475097656
1,86.41,28.7397116208449,94.8238372802734
1,86.42,28.7430449207313,94.7713851928711
1,86.43,28.7463782206178,94.7761535644531
1,86.44,28.7497115205042,94.7475433349609
1,86.45,28.7530448203906,94.7380065917969
1,86.46,28.7563781202771,94.7141647338867
1,86.47,28.7597114201635,94.6855545043945
1,86.48,28.7630447200499,94.6235656738281
1,86.49,28.7663780199364,94.6140289306641
1,86.5,28.7697113198228,94.5854187011719
1,86.51,28.7730446197093,94.5186614990234
1,86.52,28.7763779195957,94.4757461547852
1,86.53,28.7797112194821,94.4662094116211
1,86.54,28.7830445193686,94.3851470947266
1,86.55,28.786377819255,94.3136215209961
1,86.56,28.7897111191414,94.3136215209961
1,86.57,28.7930444190279,94.2373275756836
1,86.58,28.7963777189143,94.1705703735352
1,86.59,28.7997110188007,94.141960144043
1,86.6,28.8030443186872,94.0513610839844
1,86.61,28.8063776185736,93.989372253418
1,86.62,28.80971091846,93.8892364501953
1,86.63,28.8130442183465,93.8510894775391
1,86.64,28.8163775182329,93.8034057617188
1,86.65,28.8197108181193,93.7175750732422
1,86.66,28.8230441180058,93.6269760131836
1,86.67,28.8263774178922,93.5649871826172
1,86.68,28.8297107177787,93.4123992919922
1,86.69,28.8330440176651,93.3694839477539
1,86.7,28.8363773175515,93.2502746582031
1,86.71,28.839710617438,93.1453704833984
1,86.72,28.8430439173244,93.0452346801758
1,86.73,28.8463772172108,92.9641723632813
1,86.74,28.8497105170973,92.7972793579102
1,86.75,28.8530438169837,92.6685333251953
1,86.76,28.8563771168701,92.5111770629883
1,86.77,28.8597104167566,92.4253463745117
1,86.78,28.863043716643,92.2679901123047
1,86.79,28.8663770165294,92.0772552490234
1,86.8,28.8697103164159,91.9771194458008
1,86.81,28.8730436163023,91.7863845825195
1,86.82,28.8763769161888,91.6290283203125
1,86.83,28.8797102160752,91.4955139160156
1,86.84,28.8830435159616,91.3429260253906
1,86.85,28.8863768158481,91.1331176757813
1,86.86,28.8897101157345,91.0043716430664
1,86.87,28.8930434156209,90.8136367797852
1,86.88,28.8963767155074,90.6181335449219
1,86.89,28.8997100153938,90.4655456542969
1,86.9,28.9030433152802,90.2891159057617
1,86.91,28.9063766151667,90.1174545288086
1,86.92,28.9097099150531,89.9600982666016
1,86.93,28.9130432149395,89.7789001464844
1,86.94,28.916376514826,89.6263122558594
1,86.95,28.9197098147124,89.4546508789063
1,86.96,28.9230431145988,89.2877578735352
1,86.97,28.9263764144853,89.116096496582
