ééå±âÒêî,éûä‘[sec],à⁄ìÆó [mm],â◊èd[N]
1,0.01,0,-8.34465026855469E-03
1,0.22,3.33329988643527E-03,-2.38418579101563E-03
1,0.25,6.66659977287054E-03,1.19209289550781E-03
1,0.26,9.99989965930581E-03,0
1,0.27,1.33331995457411E-02,1.19209289550781E-03
1,0.28,1.66664994321764E-02,0
1,0.29,1.99997993186116E-02,2.38418579101563E-03
1,0.3,2.33330992050469E-02,-5.96046447753906E-04
1,0.31,2.66663990914822E-02,-5.96046447753906E-03
1,0.32,2.99996989779174E-02,-5.36441802978516E-03
1,0.33,3.33329988643527E-02,-7.74860382080078E-03
1,0.34,0.036666298750788,-3.57627868652344E-03
1,0.35,3.99995986372232E-02,-5.96046447753906E-04
1,0.36,4.33328985236585E-02,1.19209289550781E-03
1,0.37,4.66661984100938E-02,-1.19209289550781E-03
1,0.38,4.99994982965291E-02,-5.96046447753906E-03
1,0.39,5.33327981829643E-02,-2.98023223876953E-03
1,0.4,5.66660980693996E-02,0
1,0.41,5.99993979558349E-02,0
1,0.42,6.33326978422702E-02,-3.57627868652344E-03
1,0.43,6.66659977287054E-02,-2.98023223876953E-03
1,0.44,6.99992976151407E-02,-3.57627868652344E-03
1,0.45,7.33325975015759E-02,-1.78813934326172E-03
1,0.46,7.66658973880112E-02,-2.38418579101563E-03
1,0.47,7.99991972744465E-02,-3.57627868652344E-03
1,0.48,8.33324971608818E-02,-2.38418579101563E-03
1,0.49,0.086665797047317,-2.98023223876953E-03
1,0.5,8.99990969337523E-02,-2.38418579101563E-03
1,0.51,9.33323968201876E-02,1.78813934326172E-03
1,0.52,9.66656967066228E-02,4.17232513427734E-03
1,0.53,9.99989965930581E-02,5.36441802978516E-03
1,0.54,0.103332296479493,2.98023223876953E-03
1,0.55,0.106665596365929,1.19209289550781E-03
1,0.56,0.109998896252364,2.98023223876953E-03
1,0.57,0.113332196138799,2.98023223876953E-03
1,0.58,0.116665496025234,2.38418579101563E-03
1,0.59,0.11999879591167,1.19209289550781E-03
1,0.6,0.123332095798105,-5.96046447753906E-04
1,0.61,0.12666539568454,-3.57627868652344E-03
1,0.62,0.129998695570976,-2.38418579101563E-03
1,0.63,0.133331995457411,-1.78813934326172E-03
1,0.64,0.136665295343846,-5.96046447753906E-04
1,0.65,0.139998595230281,0
1,0.66,0.143331895116717,-1.78813934326172E-03
1,0.67,0.146665195003152,-1.78813934326172E-03
1,0.68,0.149998494889587,0
1,0.69,0.153331794776022,2.98023223876953E-03
1,0.7,0.156665094662458,2.38418579101563E-03
1,0.71,0.163331694435328,5.36441802978516E-03
1,0.72,0.166664994321764,5.96046447753906E-03
1,0.74,0.169998294208199,1.19209289550781E-03
1,0.75,0.173331594094634,5.96046447753906E-04
1,0.76,0.179998193867505,-4.76837158203125E-03
1,0.77,0.18333149375394,-7.74860382080078E-03
1,0.78,0.186664793640375,-1.07288360595703E-02
1,0.8,0.18999809352681,-0.012516975402832
1,0.81,0.196664693299681,-1.07288360595703E-02
1,0.82,0.199997993186116,-1.37090682983398E-02
1,0.83,0.203331293072552,-1.54972076416016E-02
1,0.84,0.206664592958987,-1.72853469848633E-02
1,0.86,0.213331192731857,-1.78813934326172E-02
1,0.87,0.216664492618293,-1.72853469848633E-02
1,0.88,0.219997792504728,-1.19209289550781E-02
1,0.9,0.226664392277598,-7.74860382080078E-03
1,0.91,0.229997692164034,-5.96046447753906E-03
1,0.92,0.233330992050469,-7.74860382080078E-03
1,0.93,0.236664291936904,-2.98023223876953E-03
1,0.94,0.239997591823339,0
1,0.95,0.243330891709775,2.98023223876953E-03
1,0.96,0.24666419159621,1.19209289550781E-03
1,0.97,0.249997491482645,4.17232513427734E-03
1,0.98,0.253330791369081,2.38418579101563E-03
1,0.99,0.256664091255516,5.96046447753906E-04
1,1,0.259997391141951,2.98023223876953E-03
1,1.01,0.263330691028386,1.78813934326172E-03
1,1.02,0.266663990914822,5.96046447753906E-04
1,1.03,0.269997290801257,2.98023223876953E-03
1,1.04,0.273330590687692,1.78813934326172E-03
1,1.05,0.276663890574127,0
1,1.06,0.279997190460563,-5.96046447753906E-04
1,1.07,0.283330490346998,-3.57627868652344E-03
1,1.08,0.286663790233433,-1.78813934326172E-03
1,1.09,0.289997090119869,-1.19209289550781E-03
1,1.1,0.293330390006304,-2.38418579101563E-03
1,1.11,0.296663689892739,2.38418579101563E-03
1,1.12,0.299996989779174,2.98023223876953E-03
1,1.13,0.30333028966561,7.15255737304688E-03
1,1.14,0.306663589552045,6.55651092529297E-03
1,1.15,0.30999688943848,1.07288360595703E-02
1,1.16,0.313330189324915,9.5367431640625E-03
1,1.17,0.316663489211351,0.012516975402832
1,1.18,0.319996789097786,9.5367431640625E-03
1,1.19,0.323330088984221,1.01327896118164E-02
1,1.2,0.326663388870657,1.37090682983398E-02
1,1.21,0.329996688757092,1.01327896118164E-02
1,1.22,0.333329988643527,0.012516975402832
1,1.23,0.336663288529962,9.5367431640625E-03
1,1.24,0.339996588416398,8.34465026855469E-03
1,1.25,0.343329888302833,7.15255737304688E-03
1,1.26,0.346663188189268,2.38418579101563E-03
1,1.27,0.349996488075703,-5.96046447753906E-04
1,1.28,0.353329787962139,-2.38418579101563E-03
1,1.29,0.356663087848574,-5.96046447753906E-03
1,1.3,0.359996387735009,-0.012516975402832
1,1.31,0.363329687621445,-1.01327896118164E-02
1,1.32,0.36666298750788,-1.07288360595703E-02
1,1.33,0.369996287394315,-1.31130218505859E-02
1,1.34,0.37332958728075,-9.5367431640625E-03
1,1.35,0.376662887167186,-1.01327896118164E-02
1,1.36,0.379996187053621,-5.96046447753906E-03
1,1.37,0.383329486940056,-4.17232513427734E-03
1,1.38,0.386662786826491,-4.17232513427734E-03
1,1.39,0.389996086712927,-2.98023223876953E-03
1,1.4,0.393329386599362,0
1,1.41,0.396662686485797,1.78813934326172E-03
1,1.42,0.399995986372232,4.17232513427734E-03
1,1.43,0.403329286258668,5.36441802978516E-03
1,1.44,0.406662586145103,5.96046447753906E-03
1,1.45,0.409995886031538,7.15255737304688E-03
1,1.46,0.413329185917974,8.94069671630859E-03
1,1.47,0.416662485804409,1.13248825073242E-02
1,1.48,0.419995785690844,1.31130218505859E-02
1,1.49,0.423329085577279,1.54972076416016E-02
1,1.5,0.426662385463715,1.13248825073242E-02
1,1.51,0.42999568535015,1.43051147460938E-02
1,1.52,0.433328985236585,1.66893005371094E-02
1,1.53,0.43666228512302,1.37090682983398E-02
1,1.54,0.439995585009456,1.43051147460938E-02
1,1.55,0.443328884895891,1.19209289550781E-02
1,1.56,0.446662184782326,7.74860382080078E-03
1,1.57,0.449995484668762,7.15255737304688E-03
1,1.58,0.453328784555197,1.01327896118164E-02
1,1.59,0.456662084441632,7.74860382080078E-03
1,1.6,0.459995384328067,6.55651092529297E-03
1,1.61,0.463328684214503,8.94069671630859E-03
1,1.62,0.466661984100938,8.34465026855469E-03
1,1.63,0.469995283987373,7.15255737304688E-03
1,1.64,0.473328583873808,8.94069671630859E-03
1,1.65,0.476661883760244,8.94069671630859E-03
1,1.66,0.479995183646679,8.34465026855469E-03
1,1.67,0.483328483533114,1.01327896118164E-02
1,1.68,0.48666178341955,1.01327896118164E-02
1,1.69,0.489995083305985,8.34465026855469E-03
1,1.7,0.49332838319242,8.34465026855469E-03
1,1.71,0.496661683078855,1.01327896118164E-02
1,1.72,0.499994982965291,1.19209289550781E-02
1,1.73,0.503328282851726,1.01327896118164E-02
1,1.74,0.506661582738161,1.01327896118164E-02
1,1.75,0.509994882624596,1.07288360595703E-02
1,1.76,0.513328182511032,1.13248825073242E-02
1,1.77,0.516661482397467,1.49011611938477E-02
1,1.78,0.519994782283902,1.54972076416016E-02
1,1.79,0.523328082170337,1.43051147460938E-02
1,1.8,0.526661382056773,0.012516975402832
1,1.81,0.529994681943208,0.012516975402832
1,1.82,0.533327981829643,1.07288360595703E-02
1,1.83,0.536661281716079,8.34465026855469E-03
1,1.84,0.539994581602514,5.96046447753906E-03
1,1.85,0.543327881488949,5.96046447753906E-03
1,1.86,0.546661181375384,2.98023223876953E-03
1,1.87,0.54999448126182,-2.38418579101563E-03
1,1.88,0.553327781148255,-2.98023223876953E-03
1,1.89,0.55666108103469,-2.98023223876953E-03
1,1.9,0.559994380921125,-5.96046447753906E-03
1,1.91,0.563327680807561,-7.74860382080078E-03
1,1.92,0.566660980693996,-8.34465026855469E-03
1,1.93,0.569994280580431,-1.13248825073242E-02
1,1.94,0.573327580466866,-1.31130218505859E-02
1,1.95,0.576660880353302,-1.49011611938477E-02
1,1.96,0.579994180239737,-1.37090682983398E-02
1,1.97,0.583327480126172,-1.31130218505859E-02
1,1.98,0.586660780012608,-1.13248825073242E-02
1,1.99,0.589994079899043,-1.54972076416016E-02
1,2,0.593327379785478,-0.012516975402832
1,2.01,0.596660679671913,-9.5367431640625E-03
1,2.02,0.599993979558349,-1.13248825073242E-02
1,2.03,0.603327279444784,-1.01327896118164E-02
1,2.04,0.606660579331219,-7.15255737304688E-03
1,2.05,0.609993879217654,-7.74860382080078E-03
1,2.06,0.61332717910409,-4.17232513427734E-03
1,2.07,0.616660478990525,-2.38418579101563E-03
1,2.08,0.61999377887696,-1.19209289550781E-03
1,2.09,0.623327078763396,-1.19209289550781E-03
1,2.1,0.626660378649831,1.19209289550781E-03
1,2.11,0.629993678536266,2.38418579101563E-03
1,2.12,0.633326978422701,2.98023223876953E-03
1,2.13,0.636660278309137,8.34465026855469E-03
1,2.14,0.639993578195572,8.34465026855469E-03
1,2.15,0.643326878082007,9.5367431640625E-03
1,2.16,0.646660177968442,1.19209289550781E-02
1,2.17,0.649993477854878,1.19209289550781E-02
1,2.18,0.653326777741313,8.94069671630859E-03
1,2.19,0.656660077627748,7.15255737304688E-03
1,2.2,0.659993377514184,7.74860382080078E-03
1,2.21,0.663326677400619,4.76837158203125E-03
1,2.22,0.666659977287054,1.78813934326172E-03
1,2.23,0.669993277173489,-2.38418579101563E-03
1,2.24,0.673326577059925,-1.78813934326172E-03
1,2.25,0.67665987694636,-2.98023223876953E-03
1,2.26,0.679993176832795,-4.76837158203125E-03
1,2.27,0.68332647671923,-4.76837158203125E-03
1,2.28,0.686659776605666,-1.07288360595703E-02
1,2.29,0.689993076492101,-6.55651092529297E-03
1,2.3,0.693326376378536,-1.01327896118164E-02
1,2.31,0.696659676264971,-8.94069671630859E-03
1,2.32,0.699992976151407,-9.5367431640625E-03
1,2.33,0.703326276037842,-8.34465026855469E-03
1,2.34,0.706659575924277,-7.74860382080078E-03
1,2.35,0.709992875810713,-7.74860382080078E-03
1,2.36,0.713326175697148,-9.5367431640625E-03
1,2.37,0.716659475583583,-7.74860382080078E-03
1,2.38,0.719992775470018,-4.76837158203125E-03
1,2.39,0.723326075356454,-3.57627868652344E-03
1,2.4,0.726659375242889,-9.5367431640625E-03
1,2.41,0.729992675129324,-7.15255737304688E-03
1,2.42,0.733325975015759,-8.94069671630859E-03
1,2.43,0.736659274902195,-8.94069671630859E-03
1,2.44,0.73999257478863,-7.15255737304688E-03
1,2.45,0.743325874675065,-1.07288360595703E-02
1,2.46,0.746659174561501,-1.13248825073242E-02
1,2.47,0.749992474447936,-1.19209289550781E-02
1,2.48,0.753325774334371,-8.34465026855469E-03
1,2.49,0.756659074220806,-8.34465026855469E-03
1,2.5,0.759992374107242,0
1,2.51,0.763325673993677,-5.96046447753906E-04
1,2.52,0.766658973880112,-2.38418579101563E-03
1,2.53,0.769992273766547,-6.55651092529297E-03
1,2.54,0.773325573652983,-6.55651092529297E-03
1,2.55,0.776658873539418,-3.57627868652344E-03
1,2.56,0.779992173425853,1.19209289550781E-03
1,2.57,0.783325473312289,0
1,2.58,0.786658773198724,0
1,2.59,0.789992073085159,-1.19209289550781E-03
1,2.6,0.793325372971594,-1.19209289550781E-03
1,2.61,0.79665867285803,-2.38418579101563E-03
1,2.62,0.799991972744465,-5.96046447753906E-04
1,2.63,0.8033252726309,-5.36441802978516E-03
1,2.64,0.806658572517335,-8.34465026855469E-03
1,2.65,0.809991872403771,-7.74860382080078E-03
1,2.66,0.813325172290206,-7.74860382080078E-03
1,2.67,0.816658472176641,-7.15255737304688E-03
1,2.68,0.819991772063077,-5.96046447753906E-03
1,2.69,0.823325071949512,-4.76837158203125E-03
1,2.7,0.826658371835947,-8.34465026855469E-03
1,2.71,0.829991671722382,-1.19209289550781E-03
1,2.72,0.833324971608818,-1.78813934326172E-03
1,2.73,0.836658271495253,-1.78813934326172E-03
1,2.74,0.839991571381688,-1.19209289550781E-03
1,2.75,0.843324871268123,-2.38418579101563E-03
1,2.76,0.846658171154559,-4.17232513427734E-03
1,2.77,0.849991471040994,-5.36441802978516E-03
1,2.78,0.853324770927429,-7.74860382080078E-03
1,2.79,0.856658070813864,-5.96046447753906E-03
1,2.8,0.8599913707003,-5.96046447753906E-03
1,2.81,0.863324670586735,-9.5367431640625E-03
1,2.82,0.86665797047317,-1.37090682983398E-02
1,2.83,0.869991270359606,-1.37090682983398E-02
1,2.84,0.873324570246041,-1.54972076416016E-02
1,2.85,0.876657870132476,-0.019073486328125
1,2.86,0.879991170018911,-1.54972076416016E-02
1,2.87,0.883324469905347,-1.31130218505859E-02
1,2.88,0.886657769791782,-1.43051147460938E-02
1,2.89,0.889991069678217,-1.49011611938477E-02
1,2.9,0.893324369564652,-1.49011611938477E-02
1,2.91,0.896657669451088,-1.60932540893555E-02
1,2.92,0.899990969337523,-1.37090682983398E-02
1,2.93,0.903324269223958,-1.37090682983398E-02
1,2.94,0.906657569110394,-1.19209289550781E-02
1,2.95,0.909990868996829,-1.37090682983398E-02
1,2.96,0.913324168883264,-1.13248825073242E-02
1,2.97,0.916657468769699,-0.012516975402832
1,2.98,0.919990768656135,-9.5367431640625E-03
1,2.99,0.92332406854257,-1.13248825073242E-02
1,3,0.926657368429005,-1.13248825073242E-02
1,3.01,0.92999066831544,-8.34465026855469E-03
1,3.02,0.933323968201876,-9.5367431640625E-03
1,3.03,0.936657268088311,-1.07288360595703E-02
1,3.04,0.939990567974746,-8.94069671630859E-03
1,3.05,0.943323867861182,-1.19209289550781E-02
1,3.06,0.946657167747617,-1.43051147460938E-02
1,3.07,0.949990467634052,-1.54972076416016E-02
1,3.08,0.953323767520487,-1.66893005371094E-02
1,3.09,0.956657067406923,-1.43051147460938E-02
1,3.1,0.959990367293358,-1.37090682983398E-02
1,3.11,0.963323667179793,-1.54972076416016E-02
1,3.12,0.966656967066228,-1.49011611938477E-02
1,3.13,0.969990266952664,-1.54972076416016E-02
1,3.14,0.973323566839099,-8.94069671630859E-03
1,3.15,0.976656866725534,-6.55651092529297E-03
1,3.16,0.979990166611969,-5.96046447753906E-03
1,3.17,0.983323466498405,-2.98023223876953E-03
1,3.18,0.98665676638484,-2.98023223876953E-03
1,3.19,0.989990066271275,-5.36441802978516E-03
1,3.2,0.993323366157711,-5.96046447753906E-04
1,3.21,0.996656666044146,0
1,3.22,0.999989965930581,-1.78813934326172E-03
1,3.23,1.00332326581702,-5.96046447753906E-03
1,3.24,1.00665656570345,-5.96046447753906E-03
1,3.25,1.00998986558989,-9.5367431640625E-03
1,3.26,1.01332316547632,-5.36441802978516E-03
1,3.27,1.01665646536276,-6.55651092529297E-03
1,3.28,1.01998976524919,-7.74860382080078E-03
1,3.29,1.02332306513563,-1.07288360595703E-02
1,3.3,1.02665636502206,-0.012516975402832
1,3.31,1.0299896649085,-1.19209289550781E-02
1,3.32,1.03332296479493,-8.94069671630859E-03
1,3.33,1.03665626468137,-7.15255737304688E-03
1,3.34,1.0399895645678,-4.76837158203125E-03
1,3.35,1.04332286445424,0
1,3.36,1.04665616434067,0
1,3.37,1.04998946422711,-2.38418579101563E-03
1,3.38,1.05332276411355,-5.96046447753906E-04
1,3.39,1.05665606399998,-1.19209289550781E-03
1,3.4,1.05998936388642,-4.17232513427734E-03
1,3.41,1.06332266377285,-6.55651092529297E-03
1,3.42,1.06665596365929,-7.15255737304688E-03
1,3.43,1.06998926354572,-1.31130218505859E-02
1,3.44,1.07332256343216,-1.13248825073242E-02
1,3.45,1.07665586331859,-1.19209289550781E-02
1,3.46,1.07998916320503,-1.49011611938477E-02
1,3.47,1.08332246309146,-1.43051147460938E-02
1,3.48,1.0866557629779,-0.019073486328125
1,3.49,1.08998906286433,-2.20537185668945E-02
1,3.5,1.09332236275077,-2.26497650146484E-02
1,3.51,1.0966556626372,-2.32458114624023E-02
1,3.52,1.09998896252364,-2.08616256713867E-02
1,3.53,1.10332226241007,-1.84774398803711E-02
1,3.54,1.10665556229651,-2.38418579101563E-02
1,3.55,1.10998886218295,-2.20537185668945E-02
1,3.56,1.11332216206938,-2.08616256713867E-02
1,3.57,1.11665546195582,-2.32458114624023E-02
1,3.58,1.11998876184225,-2.20537185668945E-02
1,3.59,1.12332206172869,-2.38418579101563E-02
1,3.6,1.12665536161512,-2.38418579101563E-02
1,3.61,1.12998866150156,-2.14576721191406E-02
1,3.62,1.13332196138799,-2.02655792236328E-02
1,3.63,1.13665526127443,-2.02655792236328E-02
1,3.64,1.13998856116086,-0.019073486328125
1,3.65,1.1433218610473,-1.84774398803711E-02
1,3.66,1.14665516093373,-1.07288360595703E-02
1,3.67,1.14998846082017,-1.37090682983398E-02
1,3.68,1.1533217607066,-0.012516975402832
1,3.69,1.15665506059304,-0.012516975402832
1,3.7,1.15998836047947,-1.31130218505859E-02
1,3.71,1.16332166036591,-1.43051147460938E-02
1,3.72,1.16665496025234,-0.012516975402832
1,3.73,1.16998826013878,-1.43051147460938E-02
1,3.74,1.17332156002522,-1.43051147460938E-02
1,3.75,1.17665485991165,-1.54972076416016E-02
1,3.76,1.17998815979809,-1.66893005371094E-02
1,3.77,1.18332145968452,-1.37090682983398E-02
1,3.78,1.18665475957096,-1.49011611938477E-02
1,3.79,1.18998805945739,-1.43051147460938E-02
1,3.8,1.19332135934383,-1.49011611938477E-02
1,3.81,1.19665465923026,-1.13248825073242E-02
1,3.82,1.1999879591167,-1.13248825073242E-02
1,3.83,1.20332125900313,-7.74860382080078E-03
1,3.84,1.20665455888957,-1.19209289550781E-02
1,3.85,1.209987858776,-1.13248825073242E-02
1,3.86,1.21332115866244,-1.19209289550781E-02
1,3.87,1.21665445854887,-1.19209289550781E-02
1,3.88,1.21998775843531,-9.5367431640625E-03
1,3.89,1.22332105832174,-7.15255737304688E-03
1,3.9,1.22665435820818,-1.13248825073242E-02
1,3.91,1.22998765809461,-8.94069671630859E-03
1,3.92,1.23332095798105,-5.96046447753906E-03
1,3.93,1.23665425786749,-5.96046447753906E-04
1,3.94,1.23998755775392,-4.17232513427734E-03
1,3.95,1.24332085764036,-4.76837158203125E-03
1,3.96,1.24665415752679,-1.78813934326172E-03
1,3.97,1.24998745741323,-6.55651092529297E-03
1,3.98,1.25332075729966,-2.98023223876953E-03
1,3.99,1.2566540571861,-2.38418579101563E-03
1,4,1.25998735707253,-2.98023223876953E-03
1,4.01,1.26332065695897,-1.19209289550781E-03
1,4.02,1.2666539568454,0
1,4.03,1.26998725673184,-1.78813934326172E-03
1,4.04,1.27332055661827,-4.17232513427734E-03
1,4.05,1.27665385650471,0
1,4.06,1.27998715639114,0
1,4.07,1.28332045627758,-5.96046447753906E-04
1,4.08,1.28665375616401,5.96046447753906E-04
1,4.09,1.28998705605045,-2.38418579101563E-03
1,4.1,1.29332035593688,-1.78813934326172E-03
1,4.11,1.29665365582332,-1.19209289550781E-03
1,4.12,1.29998695570976,-1.78813934326172E-03
1,4.13,1.30332025559619,-4.17232513427734E-03
1,4.14,1.30665355548263,-6.55651092529297E-03
1,4.15,1.30998685536906,-8.94069671630859E-03
1,4.16,1.3133201552555,-1.01327896118164E-02
1,4.17,1.31665345514193,-9.5367431640625E-03
1,4.18,1.31998675502837,-1.49011611938477E-02
1,4.19,1.3233200549148,-1.66893005371094E-02
1,4.2,1.32665335480124,-0.012516975402832
1,4.21,1.32998665468767,-1.19209289550781E-02
1,4.22,1.33331995457411,-1.07288360595703E-02
1,4.23,1.33665325446054,-1.13248825073242E-02
1,4.24,1.33998655434698,-1.13248825073242E-02
1,4.25,1.34331985423341,-1.19209289550781E-02
1,4.26,1.34665315411985,-1.13248825073242E-02
1,4.27,1.34998645400628,-0.012516975402832
1,4.28,1.35331975389272,-1.07288360595703E-02
1,4.29,1.35665305377916,-7.74860382080078E-03
1,4.3,1.35998635366559,-8.94069671630859E-03
1,4.31,1.36331965355203,-7.15255737304688E-03
1,4.32,1.36665295343846,-7.74860382080078E-03
1,4.33,1.3699862533249,-9.5367431640625E-03
1,4.34,1.37331955321133,-7.15255737304688E-03
1,4.35,1.37665285309777,-8.94069671630859E-03
1,4.36,1.3799861529842,-7.74860382080078E-03
1,4.37,1.38331945287064,-8.94069671630859E-03
1,4.38,1.38665275275707,-8.34465026855469E-03
1,4.39,1.38998605264351,-1.07288360595703E-02
1,4.4,1.39331935252994,-1.31130218505859E-02
1,4.41,1.39665265241638,-1.07288360595703E-02
1,4.42,1.39998595230281,-1.07288360595703E-02
1,4.43,1.40331925218925,-1.13248825073242E-02
1,4.44,1.40665255207568,-1.43051147460938E-02
1,4.45,1.40998585196212,-0.012516975402832
1,4.46,1.41331915184855,-1.13248825073242E-02
1,4.47,1.41665245173499,-1.13248825073242E-02
1,4.48,1.41998575162143,-1.13248825073242E-02
1,4.49,1.42331905150786,-7.74860382080078E-03
1,4.5,1.4266523513943,-1.13248825073242E-02
1,4.51,1.42998565128073,-1.19209289550781E-02
1,4.52,1.43331895116717,-1.37090682983398E-02
1,4.53,1.4366522510536,-1.37090682983398E-02
1,4.54,1.43998555094004,-1.31130218505859E-02
1,4.55,1.44331885082647,-1.19209289550781E-02
1,4.56,1.44665215071291,-1.43051147460938E-02
1,4.57,1.44998545059934,-1.60932540893555E-02
1,4.58,1.45331875048578,-1.43051147460938E-02
1,4.59,1.45665205037221,-1.37090682983398E-02
1,4.6,1.45998535025865,-1.37090682983398E-02
1,4.61,1.46331865014508,-1.49011611938477E-02
1,4.62,1.46665195003152,-1.49011611938477E-02
1,4.63,1.46998524991795,-1.37090682983398E-02
1,4.64,1.47331854980439,-1.31130218505859E-02
1,4.65,1.47665184969082,-1.13248825073242E-02
1,4.66,1.47998514957726,-0.012516975402832
1,4.67,1.4833184494637,-1.43051147460938E-02
1,4.68,1.48665174935013,-1.07288360595703E-02
1,4.69,1.48998504923657,-1.13248825073242E-02
1,4.7,1.493318349123,-0.012516975402832
1,4.71,1.49665164900944,-1.01327896118164E-02
1,4.72,1.49998494889587,-8.34465026855469E-03
1,4.73,1.50331824878231,-1.07288360595703E-02
1,4.74,1.50665154866874,-8.94069671630859E-03
1,4.75,1.50998484855518,-9.5367431640625E-03
1,4.76,1.51331814844161,-8.94069671630859E-03
1,4.77,1.51665144832805,-7.15255737304688E-03
1,4.78,1.51998474821448,-8.94069671630859E-03
1,4.79,1.52331804810092,-9.5367431640625E-03
1,4.8,1.52665134798735,-1.01327896118164E-02
1,4.81,1.52998464787379,-8.34465026855469E-03
1,4.82,1.53331794776022,-6.55651092529297E-03
1,4.83,1.53665124764666,-8.94069671630859E-03
1,4.84,1.53998454753309,-1.31130218505859E-02
1,4.85,1.54331784741953,-1.54972076416016E-02
1,4.86,1.54665114730597,-1.54972076416016E-02
1,4.87,1.5499844471924,-1.31130218505859E-02
1,4.88,1.55331774707884,-1.60932540893555E-02
1,4.89,1.55665104696527,-1.19209289550781E-02
1,4.9,1.55998434685171,-9.5367431640625E-03
1,4.91,1.56331764673814,-1.01327896118164E-02
1,4.92,1.56665094662458,-1.07288360595703E-02
1,4.93,1.56998424651101,-7.74860382080078E-03
1,4.94,1.57331754639745,-7.74860382080078E-03
1,4.95,1.57665084628388,-7.74860382080078E-03
1,4.96,1.57998414617032,-7.15255737304688E-03
1,4.97,1.58331744605675,-7.74860382080078E-03
1,4.98,1.58665074594319,-8.34465026855469E-03
1,4.99,1.58998404582962,-8.94069671630859E-03
1,5,1.59331734571606,-1.01327896118164E-02
1,5.01,1.59665064560249,-1.01327896118164E-02
1,5.02,1.59998394548893,-1.07288360595703E-02
1,5.03,1.60331724537537,-1.31130218505859E-02
1,5.04,1.6066505452618,-0.012516975402832
1,5.05,1.60998384514824,-1.07288360595703E-02
1,5.06,1.61331714503467,-9.5367431640625E-03
1,5.07,1.61665044492111,-1.01327896118164E-02
1,5.08,1.61998374480754,-7.15255737304688E-03
1,5.09,1.62331704469398,-6.55651092529297E-03
1,5.1,1.62665034458041,-8.94069671630859E-03
1,5.11,1.62998364446685,-1.01327896118164E-02
1,5.12,1.63331694435328,-1.07288360595703E-02
1,5.13,1.63665024423972,-1.13248825073242E-02
1,5.14,1.63998354412615,-1.13248825073242E-02
1,5.15,1.64331684401259,-1.01327896118164E-02
1,5.16,1.64665014389902,-1.19209289550781E-02
1,5.17,1.64998344378546,-8.34465026855469E-03
1,5.18,1.65331674367189,-9.5367431640625E-03
1,5.19,1.65665004355833,-5.36441802978516E-03
1,5.2,1.65998334344476,-7.74860382080078E-03
1,5.21,1.6633166433312,-5.36441802978516E-03
1,5.22,1.66664994321764,-2.38418579101563E-03
1,5.23,1.66998324310407,-3.57627868652344E-03
1,5.24,1.67331654299051,-5.96046447753906E-04
1,5.25,1.67664984287694,2.98023223876953E-03
1,5.26,1.67998314276338,4.17232513427734E-03
1,5.27,1.68331644264981,3.57627868652344E-03
1,5.28,1.68664974253625,4.76837158203125E-03
1,5.29,1.68998304242268,4.17232513427734E-03
1,5.3,1.69331634230912,7.15255737304688E-03
1,5.31,1.69664964219555,8.34465026855469E-03
1,5.32,1.69998294208199,7.15255737304688E-03
1,5.33,1.70331624196842,6.55651092529297E-03
1,5.34,1.70664954185486,1.78813934326172E-03
1,5.35,1.70998284174129,1.78813934326172E-03
1,5.36,1.71331614162773,-3.57627868652344E-03
1,5.37,1.71664944151416,1.78813934326172E-03
1,5.38,1.7199827414006,-5.96046447753906E-04
1,5.39,1.72331604128703,5.96046447753906E-04
1,5.4,1.72664934117347,-2.98023223876953E-03
1,5.41,1.72998264105991,-7.15255737304688E-03
1,5.42,1.73331594094634,-1.07288360595703E-02
1,5.43,1.73664924083278,-1.31130218505859E-02
1,5.44,1.73998254071921,-1.01327896118164E-02
1,5.45,1.74331584060565,-9.5367431640625E-03
1,5.46,1.74664914049208,-0.012516975402832
1,5.47,1.74998244037852,-1.37090682983398E-02
1,5.48,1.75331574026495,-1.49011611938477E-02
1,5.49,1.75664904015139,-1.43051147460938E-02
1,5.5,1.75998234003782,-1.19209289550781E-02
1,5.51,1.76664893981069,-1.19209289550781E-02
1,5.53,1.76998223969713,-1.13248825073242E-02
1,5.54,1.77331553958356,-1.13248825073242E-02
1,5.55,1.77664883947,-1.31130218505859E-02
1,5.56,1.78331543924287,-1.37090682983398E-02
1,5.57,1.7866487391293,-1.19209289550781E-02
1,5.59,1.78998203901574,-1.49011611938477E-02
1,5.6,1.79664863878861,-1.43051147460938E-02
1,5.61,1.79998193867505,-1.54972076416016E-02
1,5.62,1.80331523856148,-1.49011611938477E-02
1,5.63,1.80664853844792,-2.08616256713867E-02
1,5.65,1.80998183833435,-1.96695327758789E-02
1,5.66,1.81664843810722,-1.96695327758789E-02
1,5.67,1.81998173799366,-2.02655792236328E-02
1,5.69,1.82664833776653,-2.08616256713867E-02
1,5.7,1.82998163765296,-2.14576721191406E-02
1,5.71,1.8333149375394,-2.14576721191406E-02
1,5.72,1.83664823742583,-2.02655792236328E-02
1,5.73,1.83998153731227,-2.14576721191406E-02
1,5.74,1.8433148371987,-2.26497650146484E-02
1,5.75,1.84664813708514,-2.38418579101563E-02
1,5.76,1.84998143697158,-0.025629997253418
1,5.77,1.85331473685801,-2.38418579101563E-02
1,5.78,1.85664803674445,-2.80141830444336E-02
1,5.79,1.85998133663088,-2.80141830444336E-02
1,5.8,1.86331463651732,-3.21865081787109E-02
1,5.81,1.86664793640375,-3.45706939697266E-02
1,5.82,1.86998123629019,-3.51667404174805E-02
1,5.83,1.87331453617662,-3.03983688354492E-02
1,5.84,1.87664783606306,-3.21865081787109E-02
1,5.85,1.87998113594949,-2.98023223876953E-02
1,5.86,1.88331443583593,-2.92062759399414E-02
1,5.87,1.88664773572236,-2.68220901489258E-02
1,5.88,1.8899810356088,-2.50339508056641E-02
1,5.89,1.89331433549523,-2.32458114624023E-02
1,5.9,1.89664763538167,-2.44379043579102E-02
1,5.91,1.8999809352681,-2.14576721191406E-02
1,5.92,1.90331423515454,-2.32458114624023E-02
1,5.93,1.90664753504097,-2.08616256713867E-02
1,5.94,1.90998083492741,-2.20537185668945E-02
1,5.95,1.91331413481385,-2.50339508056641E-02
1,5.96,1.91664743470028,-2.02655792236328E-02
1,5.97,1.91998073458672,-2.26497650146484E-02
1,5.98,1.92331403447315,-2.08616256713867E-02
1,5.99,1.92664733435959,-2.08616256713867E-02
1,6,1.92998063424602,-2.32458114624023E-02
1,6.01,1.93331393413246,-2.98023223876953E-02
1,6.02,1.93664723401889,-2.62260437011719E-02
1,6.03,1.93998053390533,-2.86102294921875E-02
1,6.04,1.94331383379176,-2.86102294921875E-02
1,6.05,1.9466471336782,-2.98023223876953E-02
1,6.06,1.94998043356463,-2.68220901489258E-02
1,6.07,1.95331373345107,-2.74181365966797E-02
1,6.08,1.9566470333375,-2.50339508056641E-02
1,6.09,1.95998033322394,-2.38418579101563E-02
1,6.1,1.96331363311037,-2.38418579101563E-02
1,6.11,1.96664693299681,-2.38418579101563E-02
1,6.12,1.96998023288324,-2.68220901489258E-02
1,6.13,1.97331353276968,-2.50339508056641E-02
1,6.14,1.97664683265612,-0.025629997253418
1,6.15,1.97998013254255,-2.32458114624023E-02
1,6.16,1.98331343242899,-2.44379043579102E-02
1,6.17,1.98664673231542,-2.80141830444336E-02
1,6.18,1.98998003220186,-2.68220901489258E-02
1,6.19,1.99331333208829,-2.68220901489258E-02
1,6.2,1.99664663197473,-2.44379043579102E-02
1,6.21,1.99997993186116,-2.32458114624023E-02
1,6.22,2.0033132317476,-2.44379043579102E-02
1,6.23,2.00664653163403,-2.62260437011719E-02
1,6.24,2.00997983152047,-3.09944152832031E-02
1,6.25,2.0133131314069,-3.63588333129883E-02
1,6.26,2.01664643129334,-3.75509262084961E-02
1,6.27,2.01997973117977,-0.03814697265625
1,6.28,2.02331303106621,-3.75509262084961E-02
1,6.29,2.02664633095264,-4.05311584472656E-02
1,6.3,2.02997963083908,-3.87430191040039E-02
1,6.31,2.03331293072552,-4.29153442382813E-02
1,6.32,2.03664623061195,-3.93390655517578E-02
1,6.33,2.03997953049839,-4.17232513427734E-02
1,6.34,2.04331283038482,-4.35113906860352E-02
1,6.35,2.04664613027126,-4.05311584472656E-02
1,6.36,2.04997943015769,-3.99351119995117E-02
1,6.37,2.05331273004413,-3.99351119995117E-02
1,6.38,2.05664602993056,-3.69548797607422E-02
1,6.39,2.059979329817,-3.51667404174805E-02
1,6.4,2.06331262970343,-3.33786010742188E-02
1,6.41,2.06664592958987,-3.27825546264648E-02
1,6.42,2.0699792294763,-2.98023223876953E-02
1,6.43,2.07331252936274,-2.68220901489258E-02
1,6.44,2.07664582924917,-0.025629997253418
1,6.45,2.07997912913561,-2.62260437011719E-02
1,6.46,2.08331242902204,-2.80141830444336E-02
1,6.47,2.08664572890848,-2.80141830444336E-02
1,6.48,2.08997902879491,-2.74181365966797E-02
1,6.49,2.09331232868135,-2.92062759399414E-02
1,6.5,2.09664562856779,-2.98023223876953E-02
1,6.51,2.09997892845422,-2.68220901489258E-02
1,6.52,2.10331222834066,-2.62260437011719E-02
1,6.53,2.10664552822709,-0.031590461730957
1,6.54,2.10997882811353,-0.031590461730957
1,6.55,2.11331212799996,-3.09944152832031E-02
1,6.56,2.1166454278864,-2.98023223876953E-02
1,6.57,2.11997872777283,-2.80141830444336E-02
1,6.58,2.12331202765927,-2.74181365966797E-02
1,6.59,2.1266453275457,-2.50339508056641E-02
1,6.6,2.12997862743214,-2.68220901489258E-02
1,6.61,2.13331192731857,-2.68220901489258E-02
1,6.62,2.13664522720501,-0.025629997253418
1,6.63,2.13997852709144,-2.44379043579102E-02
1,6.64,2.14331182697788,-0.019073486328125
1,6.65,2.14664512686431,-2.02655792236328E-02
1,6.66,2.14997842675075,-2.08616256713867E-02
1,6.67,2.15331172663718,-1.72853469848633E-02
1,6.68,2.15664502652362,-1.78813934326172E-02
1,6.69,2.15997832641006,-1.96695327758789E-02
1,6.7,2.16331162629649,-1.84774398803711E-02
1,6.71,2.16664492618293,-2.08616256713867E-02
1,6.72,2.16997822606936,-2.44379043579102E-02
1,6.73,2.1733115259558,-2.32458114624023E-02
1,6.74,2.17664482584223,-0.025629997253418
1,6.75,2.17997812572867,-2.32458114624023E-02
1,6.76,2.1833114256151,-0.025629997253418
1,6.77,2.18664472550154,-2.98023223876953E-02
1,6.78,2.18997802538797,-2.86102294921875E-02
1,6.79,2.19331132527441,-2.62260437011719E-02
1,6.8,2.19664462516084,-2.62260437011719E-02
1,6.81,2.19997792504728,-2.68220901489258E-02
1,6.82,2.20331122493371,-2.50339508056641E-02
1,6.83,2.20664452482015,-2.80141830444336E-02
1,6.84,2.20997782470658,-2.80141830444336E-02
1,6.85,2.21331112459302,-2.44379043579102E-02
1,6.86,2.21664442447945,-2.62260437011719E-02
1,6.87,2.21997772436589,-2.68220901489258E-02
1,6.88,2.22331102425233,-2.68220901489258E-02
1,6.89,2.22664432413876,-2.38418579101563E-02
1,6.9,2.2299776240252,-2.74181365966797E-02
1,6.91,2.23331092391163,-2.50339508056641E-02
1,6.92,2.23664422379807,-2.20537185668945E-02
1,6.93,2.2399775236845,-1.84774398803711E-02
1,6.94,2.24331082357094,-1.96695327758789E-02
1,6.95,2.24664412345737,-1.66893005371094E-02
1,6.96,2.24997742334381,-1.60932540893555E-02
1,6.97,2.25331072323024,-1.07288360595703E-02
1,6.98,2.25664402311668,-0.012516975402832
1,6.99,2.25997732300311,-0.012516975402832
1,7,2.26331062288955,-1.19209289550781E-02
1,7.01,2.26664392277598,-1.31130218505859E-02
1,7.02,2.26997722266242,-1.54972076416016E-02
1,7.03,2.27331052254885,-0.012516975402832
1,7.04,2.27664382243529,-1.60932540893555E-02
1,7.05,2.27997712232172,-1.78813934326172E-02
1,7.06,2.28331042220816,-1.54972076416016E-02
1,7.07,2.2866437220946,-2.02655792236328E-02
1,7.08,2.28997702198103,-1.37090682983398E-02
1,7.09,2.29331032186747,-0.012516975402832
1,7.1,2.2966436217539,-1.13248825073242E-02
1,7.11,2.29997692164034,-0.012516975402832
1,7.12,2.30331022152677,-0.012516975402832
1,7.13,2.30664352141321,-8.94069671630859E-03
1,7.14,2.30997682129964,-9.5367431640625E-03
1,7.15,2.31331012118608,-8.94069671630859E-03
1,7.16,2.31664342107251,-1.01327896118164E-02
1,7.17,2.31997672095895,-1.37090682983398E-02
1,7.18,2.32331002084538,-1.31130218505859E-02
1,7.19,2.32664332073182,-1.66893005371094E-02
1,7.2,2.32997662061825,-1.78813934326172E-02
1,7.21,2.33330992050469,-2.02655792236328E-02
1,7.22,2.33664322039112,-1.84774398803711E-02
1,7.23,2.33997652027756,-1.60932540893555E-02
1,7.24,2.343309820164,-1.54972076416016E-02
1,7.25,2.34664312005043,-1.66893005371094E-02
1,7.26,2.34997641993687,-1.60932540893555E-02
1,7.27,2.3533097198233,-0.012516975402832
1,7.28,2.35664301970974,-1.49011611938477E-02
1,7.29,2.35997631959617,-1.31130218505859E-02
1,7.3,2.36330961948261,-1.37090682983398E-02
1,7.31,2.36664291936904,-1.31130218505859E-02
1,7.32,2.36997621925548,-1.31130218505859E-02
1,7.33,2.37330951914191,-8.34465026855469E-03
1,7.34,2.37664281902835,-8.94069671630859E-03
1,7.35,2.37997611891478,-9.5367431640625E-03
1,7.36,2.38330941880122,-0.012516975402832
1,7.37,2.38664271868765,-1.37090682983398E-02
1,7.38,2.38997601857409,-1.49011611938477E-02
1,7.39,2.39330931846052,-1.60932540893555E-02
1,7.4,2.39664261834696,-1.78813934326172E-02
1,7.41,2.39997591823339,-2.08616256713867E-02
1,7.42,2.40330921811983,-2.38418579101563E-02
1,7.43,2.40664251800627,-2.32458114624023E-02
1,7.44,2.4099758178927,-2.68220901489258E-02
1,7.45,2.41330911777914,-2.80141830444336E-02
1,7.46,2.41664241766557,-2.80141830444336E-02
1,7.47,2.41997571755201,-2.92062759399414E-02
1,7.48,2.42330901743844,-2.92062759399414E-02
1,7.49,2.42664231732488,-0.031590461730957
1,7.5,2.42997561721131,-2.86102294921875E-02
1,7.51,2.43330891709775,-2.86102294921875E-02
1,7.52,2.43664221698418,-2.26497650146484E-02
1,7.53,2.43997551687062,-2.14576721191406E-02
1,7.54,2.44330881675705,-2.08616256713867E-02
1,7.55,2.44664211664349,-0.019073486328125
1,7.56,2.44997541652992,-1.78813934326172E-02
1,7.57,2.45330871641636,-1.54972076416016E-02
1,7.58,2.45664201630279,-1.13248825073242E-02
1,7.59,2.45997531618923,-6.55651092529297E-03
1,7.6,2.46330861607566,-7.74860382080078E-03
1,7.61,2.4666419159621,-1.01327896118164E-02
1,7.62,2.46997521584854,-1.19209289550781E-02
1,7.63,2.47330851573497,-1.01327896118164E-02
1,7.64,2.47664181562141,-1.13248825073242E-02
1,7.65,2.47997511550784,-1.13248825073242E-02
1,7.66,2.48330841539428,-1.31130218505859E-02
1,7.67,2.48664171528071,-1.31130218505859E-02
1,7.68,2.48997501516715,-1.37090682983398E-02
1,7.69,2.49330831505358,-1.60932540893555E-02
1,7.7,2.49664161494002,-1.49011611938477E-02
1,7.71,2.49997491482645,-0.012516975402832
1,7.72,2.50330821471289,-1.37090682983398E-02
1,7.73,2.50664151459932,-1.19209289550781E-02
1,7.74,2.50997481448576,-1.31130218505859E-02
1,7.75,2.51330811437219,-1.49011611938477E-02
1,7.76,2.51664141425863,-0.019073486328125
1,7.77,2.51997471414506,-1.54972076416016E-02
1,7.78,2.5233080140315,-1.72853469848633E-02
1,7.79,2.52664131391793,-1.72853469848633E-02
1,7.8,2.52997461380437,-1.96695327758789E-02
1,7.81,2.53330791369081,-2.02655792236328E-02
1,7.82,2.53664121357724,-0.019073486328125
1,7.83,2.53997451346368,-1.78813934326172E-02
1,7.84,2.54330781335011,-1.66893005371094E-02
1,7.85,2.54664111323655,-0.012516975402832
1,7.86,2.54997441312298,-1.60932540893555E-02
1,7.87,2.55330771300942,-1.13248825073242E-02
1,7.88,2.55664101289585,-9.5367431640625E-03
1,7.89,2.55997431278229,-9.5367431640625E-03
1,7.9,2.56330761266872,-9.5367431640625E-03
1,7.91,2.56664091255516,-9.5367431640625E-03
1,7.92,2.56997421244159,-1.31130218505859E-02
1,7.93,2.57330751232803,-1.37090682983398E-02
1,7.94,2.57664081221446,-0.012516975402832
1,7.95,2.5799741121009,-1.43051147460938E-02
1,7.96,2.58330741198733,-0.012516975402832
1,7.97,2.58664071187377,-1.60932540893555E-02
1,7.98,2.58997401176021,-1.37090682983398E-02
1,7.99,2.59330731164664,-0.012516975402832
1,8,2.59664061153308,-9.5367431640625E-03
1,8.01,2.59997391141951,-8.34465026855469E-03
1,8.02,2.60330721130595,-8.94069671630859E-03
1,8.03,2.60664051119238,-7.74860382080078E-03
1,8.04,2.60997381107882,-5.36441802978516E-03
1,8.05,2.61330711096525,-1.19209289550781E-03
1,8.06,2.61664041085169,-2.98023223876953E-03
1,8.07,2.61997371073812,-2.38418579101563E-03
1,8.08,2.62330701062456,-3.57627868652344E-03
1,8.09,2.62664031051099,-5.96046447753906E-03
1,8.1,2.62997361039743,-7.15255737304688E-03
1,8.11,2.63330691028386,-7.74860382080078E-03
1,8.12,2.6366402101703,-5.36441802978516E-03
1,8.13,2.63997351005673,-5.36441802978516E-03
1,8.14,2.64330680994317,-4.17232513427734E-03
1,8.15,2.6466401098296,-7.15255737304688E-03
1,8.16,2.64997340971604,-8.94069671630859E-03
1,8.17,2.65330670960248,-7.15255737304688E-03
1,8.18,2.65664000948891,-6.55651092529297E-03
1,8.19,2.65997330937535,-8.94069671630859E-03
1,8.2,2.66330660926178,-4.17232513427734E-03
1,8.21,2.66663990914822,-5.96046447753906E-03
1,8.22,2.66997320903465,-4.17232513427734E-03
1,8.23,2.67330650892109,-6.55651092529297E-03
1,8.24,2.67663980880752,-4.17232513427734E-03
1,8.25,2.67997310869396,-4.17232513427734E-03
1,8.26,2.68330640858039,-1.78813934326172E-03
1,8.27,2.68663970846683,-4.17232513427734E-03
1,8.28,2.68997300835326,-6.55651092529297E-03
1,8.29,2.6933063082397,-5.96046447753906E-03
1,8.3,2.69663960812613,-5.96046447753906E-03
1,8.31,2.69997290801257,-5.96046447753906E-03
1,8.32,2.703306207899,-5.96046447753906E-03
1,8.33,2.70663950778544,-7.15255737304688E-03
1,8.34,2.70997280767187,-8.94069671630859E-03
1,8.35,2.71330610755831,-3.57627868652344E-03
1,8.36,2.71663940744475,-6.55651092529297E-03
1,8.37,2.71997270733118,-4.76837158203125E-03
1,8.38,2.72330600721762,-2.98023223876953E-03
1,8.39,2.72663930710405,-1.78813934326172E-03
1,8.4,2.72997260699049,-3.57627868652344E-03
1,8.41,2.73330590687692,-3.57627868652344E-03
1,8.42,2.73663920676336,0
1,8.43,2.73997250664979,0
1,8.44,2.74330580653623,-2.98023223876953E-03
1,8.45,2.74663910642266,0
1,8.46,2.7499724063091,-2.38418579101563E-03
1,8.47,2.75330570619553,-2.38418579101563E-03
1,8.48,2.75663900608197,-5.36441802978516E-03
1,8.49,2.7599723059684,-1.19209289550781E-03
1,8.5,2.76330560585484,1.19209289550781E-03
1,8.51,2.76663890574127,2.38418579101563E-03
1,8.52,2.76997220562771,5.96046447753906E-04
1,8.53,2.77330550551414,5.36441802978516E-03
1,8.54,2.77663880540058,8.34465026855469E-03
1,8.55,2.77997210528702,8.94069671630859E-03
1,8.56,2.78330540517345,1.07288360595703E-02
1,8.57,2.78663870505989,7.74860382080078E-03
1,8.58,2.78997200494632,1.01327896118164E-02
1,8.59,2.79330530483276,7.15255737304688E-03
1,8.6,2.79663860471919,8.34465026855469E-03
1,8.61,2.79997190460563,9.5367431640625E-03
1,8.62,2.80330520449206,5.36441802978516E-03
1,8.63,2.8066385043785,2.98023223876953E-03
1,8.64,2.80997180426493,4.17232513427734E-03
1,8.65,2.81330510415137,2.98023223876953E-03
1,8.66,2.8166384040378,0
1,8.67,2.81997170392424,1.78813934326172E-03
1,8.68,2.82330500381067,1.19209289550781E-03
1,8.69,2.82663830369711,-1.78813934326172E-03
1,8.7,2.82997160358354,1.78813934326172E-03
1,8.71,2.83330490346998,2.98023223876953E-03
1,8.72,2.83663820335642,3.57627868652344E-03
1,8.73,2.83997150324285,1.78813934326172E-03
1,8.74,2.84330480312929,-1.19209289550781E-03
1,8.75,2.84663810301572,-7.15255737304688E-03
1,8.76,2.84997140290216,-6.55651092529297E-03
1,8.77,2.85330470278859,-1.01327896118164E-02
1,8.78,2.85663800267503,-1.19209289550781E-02
1,8.79,2.85997130256146,-1.43051147460938E-02
1,8.8,2.8633046024479,-1.72853469848633E-02
1,8.81,2.86663790233433,-2.14576721191406E-02
1,8.82,2.86997120222077,-2.44379043579102E-02
1,8.83,2.8733045021072,-2.44379043579102E-02
1,8.84,2.87663780199364,-2.44379043579102E-02
1,8.85,2.87997110188007,-2.08616256713867E-02
1,8.86,2.88330440176651,-2.14576721191406E-02
1,8.87,2.88663770165294,-2.14576721191406E-02
1,8.88,2.88997100153938,-2.32458114624023E-02
1,8.89,2.89330430142581,-2.08616256713867E-02
1,8.9,2.89663760131225,-2.20537185668945E-02
1,8.91,2.89997090119869,-2.08616256713867E-02
1,8.92,2.90330420108512,-2.14576721191406E-02
1,8.93,2.90663750097156,-2.50339508056641E-02
1,8.94,2.90997080085799,-2.44379043579102E-02
1,8.95,2.91330410074443,-2.50339508056641E-02
1,8.96,2.91663740063086,-0.025629997253418
1,8.97,2.9199707005173,-2.50339508056641E-02
1,8.98,2.92330400040373,-2.80141830444336E-02
1,8.99,2.92663730029017,-2.44379043579102E-02
1,9,2.9299706001766,-2.20537185668945E-02
1,9.01,2.93330390006304,-2.50339508056641E-02
1,9.02,2.93663719994947,-2.14576721191406E-02
1,9.03,2.93997049983591,-2.32458114624023E-02
1,9.04,2.94330379972234,-2.32458114624023E-02
1,9.05,2.94663709960878,-2.68220901489258E-02
1,9.06,2.94997039949521,-2.74181365966797E-02
1,9.07,2.95330369938165,-2.86102294921875E-02
1,9.08,2.95663699926808,-2.68220901489258E-02
1,9.09,2.95997029915452,-0.025629997253418
1,9.1,2.96330359904096,-2.68220901489258E-02
1,9.11,2.96663689892739,-2.74181365966797E-02
1,9.12,2.96997019881383,-2.92062759399414E-02
1,9.13,2.97330349870026,-2.98023223876953E-02
1,9.14,2.9766367985867,-3.03983688354492E-02
1,9.15,2.97997009847313,-2.74181365966797E-02
1,9.16,2.98330339835957,-2.92062759399414E-02
1,9.17,2.986636698246,-2.80141830444336E-02
1,9.18,2.98996999813244,-2.62260437011719E-02
1,9.19,2.99330329801887,-2.14576721191406E-02
1,9.2,2.99663659790531,-2.26497650146484E-02
1,9.21,2.99996989779174,-1.84774398803711E-02
1,9.22,3.00330319767818,-2.02655792236328E-02
1,9.23,3.00663649756461,-2.02655792236328E-02
1,9.24,3.00996979745105,-1.84774398803711E-02
1,9.25,3.01330309733748,-1.96695327758789E-02
1,9.26,3.01663639722392,-1.78813934326172E-02
1,9.27,3.01996969711035,-0.012516975402832
1,9.28,3.02330299699679,-1.31130218505859E-02
1,9.29,3.02663629688323,-1.43051147460938E-02
1,9.3,3.02996959676966,-0.012516975402832
1,9.31,3.0333028966561,-1.43051147460938E-02
1,9.32,3.03663619654253,-1.19209289550781E-02
1,9.33,3.03996949642897,-9.5367431640625E-03
1,9.34,3.0433027963154,-1.01327896118164E-02
1,9.35,3.04663609620184,-1.13248825073242E-02
1,9.36,3.04996939608827,-1.07288360595703E-02
1,9.37,3.05330269597471,-1.01327896118164E-02
1,9.38,3.05663599586114,-1.13248825073242E-02
1,9.39,3.05996929574758,-9.5367431640625E-03
1,9.4,3.06330259563401,-8.34465026855469E-03
1,9.41,3.06663589552045,-1.19209289550781E-02
1,9.42,3.06996919540688,-9.5367431640625E-03
1,9.43,3.07330249529332,-1.01327896118164E-02
1,9.44,3.07663579517975,-7.74860382080078E-03
1,9.45,3.07996909506619,-7.74860382080078E-03
1,9.46,3.08330239495263,-9.5367431640625E-03
1,9.47,3.08663569483906,-0.012516975402832
1,9.48,3.0899689947255,-1.19209289550781E-02
1,9.49,3.09330229461193,-0.012516975402832
1,9.5,3.09663559449837,-1.19209289550781E-02
1,9.51,3.0999688943848,-9.5367431640625E-03
1,9.52,3.10330219427124,-0.012516975402832
1,9.53,3.10663549415767,-1.31130218505859E-02
1,9.54,3.10996879404411,-1.01327896118164E-02
1,9.55,3.11330209393054,-1.01327896118164E-02
1,9.56,3.11663539381698,-8.94069671630859E-03
1,9.57,3.11996869370341,-1.43051147460938E-02
1,9.58,3.12330199358985,-1.78813934326172E-02
1,9.59,3.12663529347628,-0.019073486328125
1,9.6,3.12996859336272,-2.14576721191406E-02
1,9.61,3.13330189324915,-2.38418579101563E-02
1,9.62,3.13663519313559,-2.50339508056641E-02
1,9.63,3.13996849302202,-2.62260437011719E-02
1,9.64,3.14330179290846,-2.74181365966797E-02
1,9.65,3.1466350927949,-2.86102294921875E-02
1,9.66,3.14996839268133,-2.92062759399414E-02
1,9.67,3.15330169256777,-2.80141830444336E-02
1,9.68,3.1566349924542,-2.62260437011719E-02
1,9.69,3.15996829234064,-2.50339508056641E-02
1,9.7,3.16330159222707,-2.32458114624023E-02
1,9.71,3.16663489211351,-2.38418579101563E-02
1,9.72,3.16996819199994,-2.44379043579102E-02
1,9.73,3.17330149188638,-2.32458114624023E-02
1,9.74,3.17663479177281,-2.44379043579102E-02
1,9.75,3.17996809165925,-2.26497650146484E-02
1,9.76,3.18330139154568,-0.019073486328125
1,9.77,3.18663469143212,-1.66893005371094E-02
1,9.78,3.18996799131855,-1.72853469848633E-02
1,9.79,3.19330129120499,-1.96695327758789E-02
1,9.8,3.19663459109142,-1.49011611938477E-02
1,9.81,3.19996789097786,-1.54972076416016E-02
1,9.82,3.20330119086429,-1.37090682983398E-02
1,9.83,3.20663449075073,-1.49011611938477E-02
1,9.84,3.20996779063717,-2.14576721191406E-02
1,9.85,3.2133010905236,-0.019073486328125
1,9.86,3.21663439041004,-2.14576721191406E-02
1,9.87,3.21996769029647,-1.96695327758789E-02
1,9.88,3.22330099018291,-1.72853469848633E-02
1,9.89,3.22663429006934,-0.019073486328125
1,9.9,3.22996758995578,-1.60932540893555E-02
1,9.91,3.23330088984221,-1.84774398803711E-02
1,9.92,3.23663418972865,-1.96695327758789E-02
1,9.93,3.23996748961508,-1.54972076416016E-02
1,9.94,3.24330078950152,-1.54972076416016E-02
1,9.95,3.24663408938795,-2.02655792236328E-02
1,9.96,3.24996738927439,-2.38418579101563E-02
1,9.97,3.25330068916082,-2.38418579101563E-02
1,9.98,3.25663398904726,-2.20537185668945E-02
1,9.99,3.25996728893369,-2.20537185668945E-02
1,10,3.26330058882013,-2.44379043579102E-02
1,10.01,3.26663388870656,-2.62260437011719E-02
1,10.02,3.269967188593,-2.44379043579102E-02
1,10.03,3.27330048847944,-0.025629997253418
1,10.04,3.27663378836587,-2.32458114624023E-02
1,10.05,3.27996708825231,-0.019073486328125
1,10.06,3.28330038813874,-1.78813934326172E-02
1,10.07,3.28663368802518,-0.019073486328125
1,10.08,3.28996698791161,-1.72853469848633E-02
1,10.09,3.29330028779805,-1.66893005371094E-02
1,10.1,3.29663358768448,-2.20537185668945E-02
1,10.11,3.29996688757092,-1.84774398803711E-02
1,10.12,3.30330018745735,-2.08616256713867E-02
1,10.13,3.30663348734379,-2.38418579101563E-02
1,10.14,3.30996678723022,-2.68220901489258E-02
1,10.15,3.31330008711666,-2.74181365966797E-02
1,10.16,3.31663338700309,-2.38418579101563E-02
1,10.17,3.31996668688953,-2.74181365966797E-02
1,10.18,3.32329998677596,-2.62260437011719E-02
1,10.19,3.3266332866624,-2.62260437011719E-02
1,10.2,3.32996658654884,-2.62260437011719E-02
1,10.21,3.33329988643527,-2.44379043579102E-02
1,10.22,3.33663318632171,-2.26497650146484E-02
1,10.23,3.33996648620814,-2.14576721191406E-02
1,10.24,3.34329978609458,-2.08616256713867E-02
1,10.25,3.34663308598101,-0.019073486328125
1,10.26,3.34996638586745,-1.78813934326172E-02
1,10.27,3.35329968575388,-1.43051147460938E-02
1,10.28,3.35663298564032,-0.012516975402832
1,10.29,3.35996628552675,-1.01327896118164E-02
1,10.3,3.36329958541319,-0.012516975402832
1,10.31,3.36663288529962,-1.31130218505859E-02
1,10.32,3.36996618518606,-1.43051147460938E-02
1,10.33,3.37329948507249,-1.72853469848633E-02
1,10.34,3.37663278495893,-1.54972076416016E-02
1,10.35,3.37996608484536,-1.72853469848633E-02
1,10.36,3.3832993847318,-1.84774398803711E-02
1,10.37,3.38663268461823,-2.02655792236328E-02
1,10.38,3.38996598450467,-2.08616256713867E-02
1,10.39,3.39329928439111,-2.02655792236328E-02
1,10.4,3.39663258427754,-1.72853469848633E-02
1,10.41,3.39996588416398,-1.43051147460938E-02
1,10.42,3.40329918405041,-1.49011611938477E-02
1,10.43,3.40663248393685,-1.78813934326172E-02
1,10.44,3.40996578382328,-1.96695327758789E-02
1,10.45,3.41329908370972,-1.84774398803711E-02
1,10.46,3.41663238359615,-2.02655792236328E-02
1,10.47,3.41996568348259,-0.025629997253418
1,10.48,3.42329898336902,-2.80141830444336E-02
1,10.49,3.42663228325546,-3.09944152832031E-02
1,10.5,3.42996558314189,-3.27825546264648E-02
1,10.51,3.43329888302833,-3.75509262084961E-02
1,10.52,3.43663218291476,-3.93390655517578E-02
1,10.53,3.4399654828012,-4.17232513427734E-02
1,10.54,3.44663208257407,-4.17232513427734E-02
1,10.56,3.4499653824605,-4.41074371337891E-02
1,10.57,3.45329868234694,-4.41074371337891E-02
1,10.58,3.45663198223338,-4.35113906860352E-02
1,10.59,3.46329858200625,-4.23192977905273E-02
1,10.6,3.46663188189268,-3.87430191040039E-02
1,10.62,3.46996518177912,-3.45706939697266E-02
1,10.63,3.47663178155199,-0.031590461730957
1,10.64,3.47996508143842,-2.86102294921875E-02
1,10.65,3.48329838132486,-2.98023223876953E-02
1,10.66,3.48663168121129,-2.74181365966797E-02
1,10.68,3.48996498109773,-2.98023223876953E-02
1,10.69,3.4966315808706,-2.68220901489258E-02
1,10.7,3.49996488075703,-2.74181365966797E-02
1,10.71,3.50329818064347,-2.50339508056641E-02
1,10.72,3.5066314805299,-2.86102294921875E-02
1,10.74,3.51329808030277,-3.27825546264648E-02
1,10.75,3.51663138018921,-3.09944152832031E-02
1,10.76,3.51996468007565,-3.27825546264648E-02
1,10.78,3.52663127984852,-3.21865081787109E-02
1,10.79,3.52996457973495,-3.45706939697266E-02
1,10.8,3.53329787962139,-3.33786010742188E-02
1,10.81,3.53663117950782,-3.69548797607422E-02
1,10.82,3.53996447939426,-3.63588333129883E-02
1,10.83,3.54329777928069,-3.33786010742188E-02
1,10.84,3.54663107916713,-3.57627868652344E-02
1,10.85,3.54996437905356,-3.69548797607422E-02
1,10.86,3.55329767894,-3.21865081787109E-02
1,10.87,3.55663097882643,-2.98023223876953E-02
1,10.88,3.55996427871287,-2.98023223876953E-02
1,10.89,3.5632975785993,-2.62260437011719E-02
1,10.9,3.56663087848574,-2.62260437011719E-02
1,10.91,3.56996417837217,-2.26497650146484E-02
1,10.92,3.57329747825861,-2.38418579101563E-02
1,10.93,3.57663077814505,-2.08616256713867E-02
1,10.94,3.57996407803148,-1.96695327758789E-02
1,10.95,3.58329737791792,-1.84774398803711E-02
1,10.96,3.58663067780435,-1.72853469848633E-02
1,10.97,3.58996397769079,-1.72853469848633E-02
1,10.98,3.59329727757722,-2.02655792236328E-02
1,10.99,3.59663057746366,-0.019073486328125
1,11,3.59996387735009,-1.49011611938477E-02
1,11.01,3.60329717723653,-1.49011611938477E-02
1,11.02,3.60663047712296,-1.43051147460938E-02
1,11.03,3.6099637770094,-1.54972076416016E-02
1,11.04,3.61329707689583,-1.54972076416016E-02
1,11.05,3.61663037678227,-9.5367431640625E-03
1,11.06,3.6199636766687,-8.34465026855469E-03
1,11.07,3.62329697655514,-8.34465026855469E-03
1,11.08,3.62663027644157,-8.94069671630859E-03
1,11.09,3.62996357632801,-1.37090682983398E-02
1,11.1,3.63329687621445,-1.31130218505859E-02
1,11.11,3.63663017610088,-1.19209289550781E-02
1,11.12,3.63996347598732,-9.5367431640625E-03
1,11.13,3.64329677587375,-1.37090682983398E-02
1,11.14,3.64663007576019,-1.19209289550781E-02
1,11.15,3.64996337564662,-1.31130218505859E-02
1,11.16,3.65329667553306,-0.012516975402832
1,11.17,3.65662997541949,-1.19209289550781E-02
1,11.18,3.65996327530593,-8.94069671630859E-03
1,11.19,3.66329657519236,-8.34465026855469E-03
1,11.2,3.6666298750788,-8.34465026855469E-03
1,11.21,3.66996317496523,-1.13248825073242E-02
1,11.22,3.67329647485167,-1.19209289550781E-02
1,11.23,3.6766297747381,-1.07288360595703E-02
1,11.24,3.67996307462454,-0.012516975402832
1,11.25,3.68329637451097,-1.54972076416016E-02
1,11.26,3.68662967439741,-1.60932540893555E-02
1,11.27,3.68996297428384,-2.02655792236328E-02
1,11.28,3.69329627417028,-2.14576721191406E-02
1,11.29,3.69662957405671,-2.14576721191406E-02
1,11.3,3.69996287394315,-1.96695327758789E-02
1,11.31,3.70329617382959,-2.14576721191406E-02
1,11.32,3.70662947371602,-2.20537185668945E-02
1,11.33,3.70996277360246,-2.32458114624023E-02
1,11.34,3.71329607348889,-2.14576721191406E-02
1,11.35,3.71662937337533,-2.02655792236328E-02
1,11.36,3.71996267326176,-1.96695327758789E-02
1,11.37,3.7232959731482,-1.72853469848633E-02
1,11.38,3.72662927303463,-0.019073486328125
1,11.39,3.72996257292107,-1.84774398803711E-02
1,11.4,3.7332958728075,-1.66893005371094E-02
1,11.41,3.73662917269394,-1.66893005371094E-02
1,11.42,3.73996247258037,-0.012516975402832
1,11.43,3.74329577246681,-0.012516975402832
1,11.44,3.74662907235324,-1.13248825073242E-02
1,11.45,3.74996237223968,-1.19209289550781E-02
1,11.46,3.75329567212611,-1.31130218505859E-02
1,11.47,3.75662897201255,-1.19209289550781E-02
1,11.48,3.75996227189898,-1.01327896118164E-02
1,11.49,3.76329557178542,-8.94069671630859E-03
1,11.5,3.76662887167186,-6.55651092529297E-03
1,11.51,3.76996217155829,-7.74860382080078E-03
1,11.52,3.77329547144473,-7.74860382080078E-03
1,11.53,3.77662877133116,-8.94069671630859E-03
1,11.54,3.7799620712176,-4.76837158203125E-03
1,11.55,3.78329537110403,-5.36441802978516E-03
1,11.56,3.78662867099047,-7.15255737304688E-03
1,11.57,3.7899619708769,-6.55651092529297E-03
1,11.58,3.79329527076334,-7.15255737304688E-03
1,11.59,3.79662857064977,-7.15255737304688E-03
1,11.6,3.79996187053621,-5.96046447753906E-03
1,11.61,3.80329517042264,-1.07288360595703E-02
1,11.62,3.80662847030908,-1.07288360595703E-02
1,11.63,3.80996177019551,-1.19209289550781E-02
1,11.64,3.81329507008195,-9.5367431640625E-03
1,11.65,3.81662836996838,-7.74860382080078E-03
1,11.66,3.81996166985482,-8.34465026855469E-03
1,11.67,3.82329496974126,-9.5367431640625E-03
1,11.68,3.82662826962769,-7.74860382080078E-03
1,11.69,3.82996156951413,-8.94069671630859E-03
1,11.7,3.83329486940056,-1.07288360595703E-02
1,11.71,3.836628169287,-1.19209289550781E-02
1,11.72,3.83996146917343,-1.07288360595703E-02
1,11.73,3.84329476905987,-9.5367431640625E-03
1,11.74,3.8466280689463,-9.5367431640625E-03
1,11.75,3.84996136883274,-1.13248825073242E-02
1,11.76,3.85329466871917,-8.94069671630859E-03
1,11.77,3.85662796860561,-7.74860382080078E-03
1,11.78,3.85996126849204,-5.96046447753906E-03
1,11.79,3.86329456837848,-5.96046447753906E-03
1,11.8,3.86662786826491,-1.78813934326172E-03
1,11.81,3.86996116815135,-2.38418579101563E-03
1,11.82,3.87329446803778,1.78813934326172E-03
1,11.83,3.87662776792422,3.57627868652344E-03
1,11.84,3.87996106781066,7.15255737304688E-03
1,11.85,3.88329436769709,1.37090682983398E-02
1,11.86,3.88662766758353,1.54972076416016E-02
1,11.87,3.88996096746996,1.66893005371094E-02
1,11.88,3.8932942673564,2.02655792236328E-02
1,11.89,3.89662756724283,2.32458114624023E-02
1,11.9,3.89996086712927,2.68220901489258E-02
1,11.91,3.9032941670157,2.80141830444336E-02
1,11.92,3.90662746690214,2.50339508056641E-02
1,11.93,3.90996076678857,2.74181365966797E-02
1,11.94,3.91329406667501,2.68220901489258E-02
1,11.95,3.91662736656144,0.025629997253418
1,11.96,3.91996066644788,2.44379043579102E-02
1,11.97,3.92329396633431,2.32458114624023E-02
1,11.98,3.92662726622075,2.02655792236328E-02
1,11.99,3.92996056610718,1.84774398803711E-02
1,12,3.93329386599362,2.08616256713867E-02
1,12.01,3.93662716588005,1.96695327758789E-02
1,12.02,3.93996046576649,1.96695327758789E-02
1,12.03,3.94329376565293,1.84774398803711E-02
1,12.04,3.94662706553936,1.66893005371094E-02
1,12.05,3.9499603654258,1.31130218505859E-02
1,12.06,3.95329366531223,1.49011611938477E-02
1,12.07,3.95662696519867,1.13248825073242E-02
1,12.08,3.9599602650851,1.19209289550781E-02
1,12.09,3.96329356497154,1.19209289550781E-02
1,12.1,3.96662686485797,0.012516975402832
1,12.11,3.96996016474441,1.01327896118164E-02
1,12.12,3.97329346463084,9.5367431640625E-03
1,12.13,3.97662676451728,9.5367431640625E-03
1,12.14,3.97996006440371,7.74860382080078E-03
1,12.15,3.98329336429015,2.98023223876953E-03
1,12.16,3.98662666417658,5.96046447753906E-04
1,12.17,3.98995996406302,0
1,12.18,3.99329326394945,-2.38418579101563E-03
1,12.19,3.99662656383589,-5.36441802978516E-03
1,12.2,3.99995986372232,-5.36441802978516E-03
1,12.21,4.00329316360876,-9.5367431640625E-03
1,12.22,4.0066264634952,-1.01327896118164E-02
1,12.23,4.00995976338163,-7.74860382080078E-03
1,12.24,4.01329306326807,-1.01327896118164E-02
1,12.25,4.0166263631545,-9.5367431640625E-03
1,12.26,4.01995966304094,-7.74860382080078E-03
1,12.27,4.02329296292737,-0.012516975402832
1,12.28,4.02662626281381,-1.13248825073242E-02
1,12.29,4.02995956270024,-1.37090682983398E-02
1,12.3,4.03329286258668,-1.49011611938477E-02
1,12.31,4.03662616247311,-1.49011611938477E-02
1,12.32,4.03995946235955,-1.43051147460938E-02
1,12.33,4.04329276224598,-0.012516975402832
1,12.34,4.04662606213242,-1.37090682983398E-02
1,12.35,4.04995936201885,-1.49011611938477E-02
1,12.36,4.05329266190529,-1.37090682983398E-02
1,12.37,4.05662596179172,-1.07288360595703E-02
1,12.38,4.05995926167816,-1.13248825073242E-02
1,12.39,4.06329256156459,-1.19209289550781E-02
1,12.4,4.06662586145103,-1.07288360595703E-02
1,12.41,4.06995916133747,-1.31130218505859E-02
1,12.42,4.0732924612239,-9.5367431640625E-03
1,12.43,4.07662576111034,-8.34465026855469E-03
1,12.44,4.07995906099677,-7.74860382080078E-03
1,12.45,4.08329236088321,-2.98023223876953E-03
1,12.46,4.08662566076964,-1.78813934326172E-03
1,12.47,4.08995896065608,-1.78813934326172E-03
1,12.48,4.09329226054251,0
1,12.49,4.09662556042895,-2.98023223876953E-03
1,12.5,4.09995886031538,0
1,12.51,4.10329216020182,5.96046447753906E-04
1,12.52,4.10662546008825,-5.96046447753906E-04
1,12.53,4.10995875997469,-5.96046447753906E-03
1,12.54,4.11329205986112,-2.38418579101563E-03
1,12.55,4.11662535974756,-4.76837158203125E-03
1,12.56,4.11995865963399,-4.76837158203125E-03
1,12.57,4.12329195952043,-4.76837158203125E-03
1,12.58,4.12662525940686,-5.36441802978516E-03
1,12.59,4.1299585592933,-5.36441802978516E-03
1,12.6,4.13329185917974,-7.15255737304688E-03
1,12.61,4.13662515906617,-9.5367431640625E-03
1,12.62,4.13995845895261,-1.07288360595703E-02
1,12.63,4.14329175883904,-1.01327896118164E-02
1,12.64,4.14662505872548,-1.37090682983398E-02
1,12.65,4.14995835861191,-1.60932540893555E-02
1,12.66,4.15329165849835,-1.84774398803711E-02
1,12.67,4.15662495838478,-1.96695327758789E-02
1,12.68,4.15995825827122,-2.08616256713867E-02
1,12.69,4.16329155815765,-2.14576721191406E-02
1,12.7,4.16662485804409,-2.32458114624023E-02
1,12.71,4.16995815793052,-2.14576721191406E-02
1,12.72,4.17329145781696,-2.50339508056641E-02
1,12.73,4.17662475770339,-2.44379043579102E-02
1,12.74,4.17995805758983,-2.62260437011719E-02
1,12.75,4.18329135747626,-2.26497650146484E-02
1,12.76,4.1866246573627,-2.44379043579102E-02
1,12.77,4.18995795724913,-2.50339508056641E-02
1,12.78,4.19329125713557,-2.32458114624023E-02
1,12.79,4.19662455702201,-2.20537185668945E-02
1,12.8,4.19995785690844,-2.32458114624023E-02
1,12.81,4.20329115679488,-2.50339508056641E-02
1,12.82,4.20662445668131,-2.62260437011719E-02
1,12.83,4.20995775656775,-2.50339508056641E-02
1,12.84,4.21329105645418,-2.68220901489258E-02
1,12.85,4.21662435634062,-2.50339508056641E-02
1,12.86,4.21995765622705,-0.025629997253418
1,12.87,4.22329095611349,-2.26497650146484E-02
1,12.88,4.22662425599992,-2.02655792236328E-02
1,12.89,4.22995755588636,-2.08616256713867E-02
1,12.9,4.23329085577279,-1.60932540893555E-02
1,12.91,4.23662415565923,-1.43051147460938E-02
1,12.92,4.23995745554566,-1.43051147460938E-02
1,12.93,4.2432907554321,-1.19209289550781E-02
1,12.94,4.24662405531853,-1.07288360595703E-02
1,12.95,4.24995735520497,-0.012516975402832
1,12.96,4.25329065509141,-1.19209289550781E-02
1,12.97,4.25662395497784,-1.37090682983398E-02
1,12.98,4.25995725486428,-1.49011611938477E-02
1,12.99,4.26329055475071,-0.012516975402832
1,13,4.26662385463715,-1.49011611938477E-02
1,13.01,4.26995715452358,-1.96695327758789E-02
1,13.02,4.27329045441002,-2.14576721191406E-02
1,13.03,4.27662375429645,-1.84774398803711E-02
1,13.04,4.27995705418289,-0.019073486328125
1,13.05,4.28329035406932,-2.08616256713867E-02
1,13.06,4.28662365395576,-2.32458114624023E-02
1,13.07,4.28995695384219,-2.68220901489258E-02
1,13.08,4.29329025372863,-2.44379043579102E-02
1,13.09,4.29662355361506,-0.025629997253418
1,13.1,4.2999568535015,-0.025629997253418
1,13.11,4.30329015338793,-2.32458114624023E-02
1,13.12,4.30662345327437,-2.20537185668945E-02
1,13.13,4.3099567531608,-2.20537185668945E-02
1,13.14,4.31329005304724,-2.26497650146484E-02
1,13.15,4.31662335293368,-2.14576721191406E-02
1,13.16,4.31995665282011,-0.019073486328125
1,13.17,4.32328995270655,-1.84774398803711E-02
1,13.18,4.32662325259298,-1.60932540893555E-02
1,13.19,4.32995655247942,-1.54972076416016E-02
1,13.2,4.33328985236585,-1.78813934326172E-02
1,13.21,4.33662315225229,-1.37090682983398E-02
1,13.22,4.33995645213872,-1.31130218505859E-02
1,13.23,4.34328975202516,-1.54972076416016E-02
1,13.24,4.34662305191159,-1.54972076416016E-02
1,13.25,4.34995635179803,-1.72853469848633E-02
1,13.26,4.35328965168446,-1.49011611938477E-02
1,13.27,4.3566229515709,-1.66893005371094E-02
1,13.28,4.35995625145733,-2.14576721191406E-02
1,13.29,4.36328955134377,-2.14576721191406E-02
1,13.3,4.3666228512302,-2.50339508056641E-02
1,13.31,4.36995615111664,-2.68220901489258E-02
1,13.32,4.37328945100307,-2.26497650146484E-02
1,13.33,4.37662275088951,-2.62260437011719E-02
1,13.34,4.37995605077595,-2.50339508056641E-02
1,13.35,4.38328935066238,-0.025629997253418
1,13.36,4.38662265054882,-2.68220901489258E-02
1,13.37,4.38995595043525,-2.32458114624023E-02
1,13.38,4.39328925032169,-2.14576721191406E-02
1,13.39,4.39662255020812,-0.019073486328125
1,13.4,4.39995585009456,-1.43051147460938E-02
1,13.41,4.40328914998099,-1.49011611938477E-02
1,13.42,4.40662244986743,-1.43051147460938E-02
1,13.43,4.40995574975386,-0.012516975402832
1,13.44,4.4132890496403,-1.19209289550781E-02
1,13.45,4.41662234952673,-0.012516975402832
1,13.46,4.41995564941317,-1.49011611938477E-02
1,13.47,4.4232889492996,-1.66893005371094E-02
1,13.48,4.42662224918604,-1.49011611938477E-02
1,13.49,4.42995554907247,-1.78813934326172E-02
1,13.5,4.43328884895891,-2.02655792236328E-02
1,13.51,4.43662214884534,-2.20537185668945E-02
1,13.52,4.43995544873178,-0.025629997253418
1,13.53,4.44328874861822,-2.68220901489258E-02
1,13.54,4.44662204850465,-2.68220901489258E-02
1,13.55,4.44995534839109,-2.86102294921875E-02
1,13.56,4.45328864827752,-2.74181365966797E-02
1,13.57,4.45662194816396,-2.68220901489258E-02
1,13.58,4.45995524805039,-0.025629997253418
1,13.59,4.46328854793683,-2.68220901489258E-02
1,13.6,4.46662184782326,-0.025629997253418
1,13.61,4.4699551477097,-2.44379043579102E-02
1,13.62,4.47328844759613,-0.025629997253418
1,13.63,4.47662174748257,-2.02655792236328E-02
1,13.64,4.479955047369,-2.20537185668945E-02
1,13.65,4.48328834725544,-2.26497650146484E-02
1,13.66,4.48662164714187,-1.78813934326172E-02
1,13.67,4.48995494702831,-1.96695327758789E-02
1,13.68,4.49328824691474,-1.72853469848633E-02
1,13.69,4.49662154680118,-1.96695327758789E-02
1,13.7,4.49995484668762,-2.14576721191406E-02
1,13.71,4.50328814657405,-2.32458114624023E-02
1,13.72,4.50662144646049,-2.26497650146484E-02
1,13.73,4.50995474634692,-2.50339508056641E-02
1,13.74,4.51328804623336,-2.68220901489258E-02
1,13.75,4.51662134611979,-2.50339508056641E-02
1,13.76,4.51995464600623,-2.44379043579102E-02
1,13.77,4.52328794589266,-0.025629997253418
1,13.78,4.5266212457791,-2.44379043579102E-02
1,13.79,4.52995454566553,-2.50339508056641E-02
1,13.8,4.53328784555197,-2.14576721191406E-02
1,13.81,4.5366211454384,-1.84774398803711E-02
1,13.82,4.53995444532484,-2.26497650146484E-02
1,13.83,4.54328774521127,-0.019073486328125
1,13.84,4.54662104509771,-1.96695327758789E-02
1,13.85,4.54995434498414,-2.26497650146484E-02
1,13.86,4.55328764487058,-1.60932540893555E-02
1,13.87,4.55662094475701,-1.72853469848633E-02
1,13.88,4.55995424464345,-1.60932540893555E-02
1,13.89,4.56328754452989,-1.07288360595703E-02
1,13.9,4.56662084441632,-0.012516975402832
1,13.91,4.56995414430276,-1.13248825073242E-02
1,13.92,4.57328744418919,-8.94069671630859E-03
1,13.93,4.57662074407563,-7.15255737304688E-03
1,13.94,4.57995404396206,-6.55651092529297E-03
1,13.95,4.5832873438485,-8.34465026855469E-03
1,13.96,4.58662064373493,-4.17232513427734E-03
1,13.97,4.58995394362137,-3.57627868652344E-03
1,13.98,4.5932872435078,-7.15255737304688E-03
1,13.99,4.59662054339424,-7.15255737304688E-03
1,14,4.59995384328067,-8.34465026855469E-03
1,14.01,4.60328714316711,-1.07288360595703E-02
1,14.02,4.60662044305354,-8.94069671630859E-03
1,14.03,4.60995374293998,-1.31130218505859E-02
1,14.04,4.61328704282641,-1.60932540893555E-02
1,14.05,4.61662034271285,-1.49011611938477E-02
1,14.06,4.61995364259928,-1.13248825073242E-02
1,14.07,4.62328694248572,-8.94069671630859E-03
1,14.08,4.62662024237216,-7.74860382080078E-03
1,14.09,4.62995354225859,-8.94069671630859E-03
1,14.1,4.63328684214503,-7.74860382080078E-03
1,14.11,4.63662014203146,-5.96046447753906E-03
1,14.12,4.6399534419179,-8.94069671630859E-03
1,14.13,4.64328674180433,-7.74860382080078E-03
1,14.14,4.64662004169077,-1.07288360595703E-02
1,14.15,4.6499533415772,-1.01327896118164E-02
1,14.16,4.65328664146364,-1.43051147460938E-02
1,14.17,4.65661994135007,-1.43051147460938E-02
1,14.18,4.65995324123651,-0.012516975402832
1,14.19,4.66328654112294,-1.43051147460938E-02
1,14.2,4.66661984100938,-1.96695327758789E-02
1,14.21,4.66995314089581,-2.02655792236328E-02
1,14.22,4.67328644078225,-2.02655792236328E-02
1,14.23,4.67661974066868,-1.66893005371094E-02
1,14.24,4.67995304055512,-1.72853469848633E-02
1,14.25,4.68328634044155,-1.49011611938477E-02
1,14.26,4.68661964032799,-1.54972076416016E-02
1,14.27,4.68995294021443,-1.72853469848633E-02
1,14.28,4.69328624010086,-1.54972076416016E-02
1,14.29,4.6966195399873,-1.19209289550781E-02
1,14.3,4.69995283987373,-1.07288360595703E-02
1,14.31,4.70328613976017,-7.74860382080078E-03
1,14.32,4.7066194396466,-1.01327896118164E-02
1,14.33,4.70995273953304,-8.94069671630859E-03
1,14.34,4.71328603941947,-8.34465026855469E-03
1,14.35,4.71661933930591,-8.94069671630859E-03
1,14.36,4.71995263919234,-7.74860382080078E-03
1,14.37,4.72328593907878,-6.55651092529297E-03
1,14.38,4.72661923896521,-7.74860382080078E-03
1,14.39,4.72995253885165,-7.74860382080078E-03
1,14.4,4.73328583873808,-5.96046447753906E-03
1,14.41,4.73661913862452,-7.74860382080078E-03
1,14.42,4.73995243851095,-7.15255737304688E-03
1,14.43,4.74328573839739,-8.94069671630859E-03
1,14.44,4.74661903828383,-1.01327896118164E-02
1,14.45,4.74995233817026,-1.01327896118164E-02
1,14.46,4.7532856380567,-1.01327896118164E-02
1,14.47,4.75661893794313,-5.36441802978516E-03
1,14.48,4.75995223782957,-4.76837158203125E-03
1,14.49,4.763285537716,-2.38418579101563E-03
1,14.5,4.76661883760244,-2.38418579101563E-03
1,14.51,4.76995213748887,0
1,14.52,4.77328543737531,-1.19209289550781E-03
1,14.53,4.77661873726174,4.17232513427734E-03
1,14.54,4.77995203714818,2.98023223876953E-03
1,14.55,4.78328533703461,2.38418579101563E-03
1,14.56,4.78661863692105,-1.19209289550781E-03
1,14.57,4.78995193680748,-1.19209289550781E-03
1,14.58,4.79328523669392,2.38418579101563E-03
1,14.59,4.79661853658035,1.19209289550781E-03
1,14.6,4.79995183646679,2.38418579101563E-03
1,14.61,4.80328513635322,1.19209289550781E-03
1,14.62,4.80661843623966,2.98023223876953E-03
1,14.63,4.8099517361261,3.57627868652344E-03
1,14.64,4.81328503601253,7.15255737304688E-03
1,14.65,4.81661833589897,8.34465026855469E-03
1,14.66,4.8199516357854,7.15255737304688E-03
1,14.67,4.82328493567184,9.5367431640625E-03
1,14.68,4.82661823555827,4.17232513427734E-03
1,14.69,4.82995153544471,2.98023223876953E-03
1,14.7,4.83328483533114,4.17232513427734E-03
1,14.71,4.83661813521758,4.17232513427734E-03
1,14.72,4.83995143510401,1.19209289550781E-03
1,14.73,4.84328473499045,-1.19209289550781E-03
1,14.74,4.84661803487688,-3.57627868652344E-03
1,14.75,4.84995133476332,-5.36441802978516E-03
1,14.76,4.85328463464975,-4.76837158203125E-03
1,14.77,4.85661793453619,0
1,14.78,4.85995123442262,0
1,14.79,4.86328453430906,1.78813934326172E-03
1,14.8,4.86661783419549,5.96046447753906E-03
1,14.81,4.86995113408193,3.57627868652344E-03
1,14.82,4.87328443396837,2.38418579101563E-03
1,14.83,4.8766177338548,1.78813934326172E-03
1,14.84,4.87995103374124,1.78813934326172E-03
1,14.85,4.88328433362767,5.96046447753906E-04
1,14.86,4.88661763351411,1.19209289550781E-03
1,14.87,4.88995093340054,0
1,14.88,4.89328423328698,5.96046447753906E-04
1,14.89,4.89661753317341,-1.78813934326172E-03
1,14.9,4.89995083305985,-1.78813934326172E-03
1,14.91,4.90328413294628,-2.38418579101563E-03
1,14.92,4.90661743283272,-7.74860382080078E-03
1,14.93,4.90995073271915,-4.76837158203125E-03
1,14.94,4.91328403260559,-4.76837158203125E-03
1,14.95,4.91661733249202,-4.76837158203125E-03
1,14.96,4.91995063237846,-3.57627868652344E-03
1,14.97,4.92328393226489,-2.38418579101563E-03
1,14.98,4.92661723215133,-4.17232513427734E-03
1,14.99,4.92995053203776,-2.38418579101563E-03
1,15,4.9332838319242,-8.34465026855469E-03
1,15.01,4.93661713181064,-9.5367431640625E-03
1,15.02,4.93995043169707,-8.94069671630859E-03
1,15.03,4.94328373158351,-7.74860382080078E-03
1,15.04,4.94661703146994,-1.07288360595703E-02
1,15.05,4.94995033135638,-1.01327896118164E-02
1,15.06,4.95328363124281,-7.74860382080078E-03
1,15.07,4.95661693112925,-7.74860382080078E-03
1,15.08,4.95995023101568,-4.76837158203125E-03
1,15.09,4.96328353090212,-2.98023223876953E-03
1,15.1,4.96661683078855,-7.15255737304688E-03
1,15.11,4.96995013067499,-5.36441802978516E-03
1,15.12,4.97328343056142,-4.17232513427734E-03
1,15.13,4.97661673044786,-2.38418579101563E-03
1,15.14,4.97995003033429,0
1,15.15,4.98328333022073,2.38418579101563E-03
1,15.16,4.98661663010716,2.98023223876953E-03
1,15.17,4.9899499299936,5.36441802978516E-03
1,15.18,4.99328322988004,8.34465026855469E-03
1,15.19,4.99661652976647,4.17232513427734E-03
1,15.2,4.99994982965291,9.5367431640625E-03
1,15.21,5.00328312953934,8.94069671630859E-03
1,15.22,5.00661642942578,7.15255737304688E-03
1,15.23,5.00994972931221,4.76837158203125E-03
1,15.24,5.01328302919865,8.34465026855469E-03
1,15.25,5.01661632908508,5.96046447753906E-03
1,15.26,5.01994962897152,7.74860382080078E-03
1,15.27,5.02328292885795,8.94069671630859E-03
1,15.28,5.02661622874439,5.36441802978516E-03
1,15.29,5.02994952863082,4.17232513427734E-03
1,15.3,5.03328282851726,2.98023223876953E-03
1,15.31,5.03661612840369,3.57627868652344E-03
1,15.32,5.03994942829013,3.57627868652344E-03
1,15.33,5.04328272817656,2.98023223876953E-03
1,15.34,5.046616028063,0
1,15.35,5.04994932794943,-4.76837158203125E-03
1,15.36,5.05328262783587,-2.38418579101563E-03
1,15.37,5.05661592772231,-5.96046447753906E-03
1,15.38,5.05994922760874,-6.55651092529297E-03
1,15.39,5.06328252749518,-7.74860382080078E-03
1,15.4,5.06661582738161,-9.5367431640625E-03
1,15.41,5.06994912726805,-1.07288360595703E-02
1,15.42,5.07328242715448,-7.15255737304688E-03
1,15.43,5.07661572704092,-7.74860382080078E-03
1,15.44,5.08328232681379,-7.15255737304688E-03
1,15.45,5.08661562670022,-8.94069671630859E-03
1,15.47,5.08994892658666,-1.07288360595703E-02
1,15.48,5.09328222647309,-1.07288360595703E-02
1,15.49,5.09661552635953,-1.01327896118164E-02
1,15.5,5.09994882624596,-1.07288360595703E-02
1,15.51,5.10661542601883,-1.07288360595703E-02
1,15.53,5.10994872590527,-1.54972076416016E-02
1,15.54,5.11661532567814,-1.84774398803711E-02
1,15.55,5.11994862556458,-1.37090682983398E-02
1,15.57,5.12328192545101,-2.02655792236328E-02
1,15.58,5.12994852522388,-0.019073486328125
1,15.59,5.13328182511032,-0.019073486328125
1,15.6,5.13661512499675,-2.14576721191406E-02
1,15.61,5.13994842488319,-1.84774398803711E-02
1,15.62,5.14328172476962,-1.78813934326172E-02
1,15.63,5.14661502465606,-2.08616256713867E-02
1,15.64,5.14994832454249,-2.32458114624023E-02
1,15.65,5.15328162442893,-2.08616256713867E-02
1,15.66,5.15661492431536,-0.019073486328125
1,15.67,5.1599482242018,-2.08616256713867E-02
1,15.68,5.16328152408823,-1.78813934326172E-02
1,15.69,5.16661482397467,-0.019073486328125
1,15.7,5.1699481238611,-2.14576721191406E-02
1,15.71,5.17328142374754,-1.78813934326172E-02
1,15.72,5.17661472363397,-1.37090682983398E-02
1,15.73,5.17994802352041,-1.37090682983398E-02
1,15.74,5.18328132340685,-1.31130218505859E-02
1,15.75,5.18661462329328,-1.49011611938477E-02
1,15.76,5.18994792317972,-1.66893005371094E-02
1,15.77,5.19328122306615,-1.54972076416016E-02
1,15.78,5.19661452295259,-1.49011611938477E-02
1,15.79,5.19994782283902,-1.49011611938477E-02
1,15.8,5.20328112272546,-1.13248825073242E-02
1,15.81,5.20661442261189,-1.49011611938477E-02
1,15.82,5.20994772249833,-1.84774398803711E-02
1,15.83,5.21328102238476,-1.72853469848633E-02
1,15.84,5.2166143222712,-1.49011611938477E-02
1,15.85,5.21994762215763,-1.66893005371094E-02
1,15.86,5.22328092204407,-1.31130218505859E-02
1,15.87,5.2266142219305,-8.94069671630859E-03
1,15.88,5.22994752181694,-1.01327896118164E-02
1,15.89,5.23328082170337,-1.01327896118164E-02
1,15.9,5.23661412158981,-8.94069671630859E-03
1,15.91,5.23994742147625,-7.15255737304688E-03
1,15.92,5.24328072136268,-7.15255737304688E-03
1,15.93,5.24661402124912,-7.15255737304688E-03
1,15.94,5.24994732113555,-7.74860382080078E-03
1,15.95,5.25328062102199,-8.94069671630859E-03
1,15.96,5.25661392090842,-7.15255737304688E-03
1,15.97,5.25994722079486,-7.15255737304688E-03
1,15.98,5.26328052068129,-8.94069671630859E-03
1,15.99,5.26661382056773,-1.13248825073242E-02
1,16,5.26994712045416,-1.01327896118164E-02
1,16.01,5.2732804203406,-1.37090682983398E-02
1,16.02,5.27661372022703,-1.07288360595703E-02
1,16.03,5.27994702011347,-9.5367431640625E-03
1,16.04,5.2832803199999,-1.19209289550781E-02
1,16.05,5.28661361988634,-1.13248825073242E-02
1,16.06,5.28994691977277,-1.01327896118164E-02
1,16.07,5.29328021965921,-1.07288360595703E-02
1,16.08,5.29661351954564,-8.34465026855469E-03
1,16.09,5.29994681943208,-7.15255737304688E-03
1,16.1,5.30328011931852,-5.96046447753906E-03
1,16.11,5.30661341920495,-6.55651092529297E-03
1,16.12,5.30994671909139,-9.5367431640625E-03
1,16.13,5.31328001897782,-1.01327896118164E-02
1,16.14,5.31661331886426,-1.07288360595703E-02
1,16.15,5.31994661875069,-9.5367431640625E-03
1,16.16,5.32327991863713,-7.74860382080078E-03
1,16.17,5.32661321852356,-9.5367431640625E-03
1,16.18,5.32994651841,-1.31130218505859E-02
1,16.19,5.33327981829643,-1.49011611938477E-02
1,16.2,5.33661311818287,-1.66893005371094E-02
1,16.21,5.3399464180693,-1.78813934326172E-02
1,16.22,5.34327971795574,-2.26497650146484E-02
1,16.23,5.34661301784217,-2.14576721191406E-02
1,16.24,5.34994631772861,-2.20537185668945E-02
1,16.25,5.35327961761504,-2.26497650146484E-02
1,16.26,5.35661291750148,-2.02655792236328E-02
1,16.27,5.35994621738791,-2.14576721191406E-02
1,16.28,5.36327951727435,-1.13248825073242E-02
1,16.29,5.36661281716079,-1.01327896118164E-02
1,16.3,5.36994611704722,-8.94069671630859E-03
1,16.31,5.37327941693366,-4.17232513427734E-03
1,16.32,5.37661271682009,-6.55651092529297E-03
1,16.33,5.37994601670653,-9.5367431640625E-03
1,16.34,5.38327931659296,-8.94069671630859E-03
1,16.35,5.3866126164794,-1.19209289550781E-02
1,16.36,5.38994591636583,-1.01327896118164E-02
1,16.37,5.39327921625227,-1.19209289550781E-02
1,16.38,5.3966125161387,-1.13248825073242E-02
1,16.39,5.39994581602514,-1.31130218505859E-02
1,16.4,5.40327911591157,-1.60932540893555E-02
1,16.41,5.40661241579801,-2.02655792236328E-02
1,16.42,5.40994571568444,-2.38418579101563E-02
1,16.43,5.41327901557088,-1.84774398803711E-02
1,16.44,5.41661231545731,-1.60932540893555E-02
1,16.45,5.41994561534375,-0.019073486328125
1,16.46,5.42327891523018,-0.012516975402832
1,16.47,5.42661221511662,-1.07288360595703E-02
1,16.48,5.42994551500306,-1.31130218505859E-02
1,16.49,5.43327881488949,-1.31130218505859E-02
1,16.5,5.43661211477593,-1.37090682983398E-02
1,16.51,5.43994541466236,-1.13248825073242E-02
1,16.52,5.4432787145488,-1.07288360595703E-02
1,16.53,5.44661201443523,-0.012516975402832
1,16.54,5.44994531432167,-8.34465026855469E-03
1,16.55,5.4532786142081,-8.34465026855469E-03
1,16.56,5.45661191409454,-1.01327896118164E-02
1,16.57,5.45994521398097,-6.55651092529297E-03
1,16.58,5.46327851386741,-5.96046447753906E-03
1,16.59,5.46661181375384,-8.34465026855469E-03
1,16.6,5.46994511364028,-1.07288360595703E-02
1,16.61,5.47327841352671,-8.94069671630859E-03
1,16.62,5.47661171341315,-5.96046447753906E-03
1,16.63,5.47994501329958,-5.96046447753906E-03
1,16.64,5.48327831318602,-4.76837158203125E-03
1,16.65,5.48661161307246,-5.96046447753906E-03
1,16.66,5.48994491295889,-4.76837158203125E-03
1,16.67,5.49327821284533,-5.96046447753906E-04
1,16.68,5.49661151273176,5.96046447753906E-04
1,16.69,5.4999448126182,-1.19209289550781E-03
1,16.7,5.50327811250463,1.19209289550781E-03
1,16.71,5.50661141239107,-5.96046447753906E-04
1,16.72,5.5099447122775,0
1,16.73,5.51327801216394,0
1,16.74,5.51661131205037,0
1,16.75,5.51994461193681,0
1,16.76,5.52327791182324,0
1,16.77,5.52661121170968,5.96046447753906E-04
1,16.78,5.52994451159611,0
1,16.79,5.53327781148255,-2.38418579101563E-03
1,16.8,5.53661111136898,-2.38418579101563E-03
1,16.81,5.53994441125542,0
1,16.82,5.54327771114185,-5.96046447753906E-04
1,16.83,5.54661101102829,-1.78813934326172E-03
1,16.84,5.54994431091473,0
1,16.85,5.55327761080116,0
1,16.86,5.5566109106876,1.19209289550781E-03
1,16.87,5.55994421057403,0
1,16.88,5.56327751046047,0
1,16.89,5.5666108103469,2.98023223876953E-03
1,16.9,5.56994411023334,2.38418579101563E-03
1,16.91,5.57327741011977,1.78813934326172E-03
1,16.92,5.57661071000621,1.19209289550781E-03
1,16.93,5.57994400989264,4.17232513427734E-03
1,16.94,5.58327730977908,-4.17232513427734E-03
1,16.95,5.58661060966551,-5.36441802978516E-03
1,16.96,5.58994390955195,-4.76837158203125E-03
1,16.97,5.59327720943838,-8.94069671630859E-03
1,16.98,5.59661050932482,-8.34465026855469E-03
1,16.99,5.59994380921125,-8.94069671630859E-03
1,17,5.60327710909769,-8.34465026855469E-03
1,17.01,5.60661040898412,-1.01327896118164E-02
1,17.02,5.60994370887056,-8.34465026855469E-03
1,17.03,5.613277008757,-5.36441802978516E-03
1,17.04,5.61661030864343,-5.36441802978516E-03
1,17.05,5.61994360852987,-4.17232513427734E-03
1,17.06,5.6232769084163,-4.17232513427734E-03
1,17.07,5.62661020830274,-3.57627868652344E-03
1,17.08,5.62994350818917,-3.57627868652344E-03
1,17.09,5.63327680807561,-1.78813934326172E-03
1,17.1,5.63661010796204,-5.36441802978516E-03
1,17.11,5.63994340784848,-5.36441802978516E-03
1,17.12,5.64327670773491,-4.76837158203125E-03
1,17.13,5.64661000762135,-6.55651092529297E-03
1,17.14,5.64994330750778,-8.94069671630859E-03
1,17.15,5.65327660739422,-7.15255737304688E-03
1,17.16,5.65660990728065,-6.55651092529297E-03
1,17.17,5.65994320716709,-2.98023223876953E-03
1,17.18,5.66327650705352,-4.17232513427734E-03
1,17.19,5.66660980693996,-4.17232513427734E-03
1,17.2,5.66994310682639,-5.96046447753906E-03
1,17.21,5.67327640671283,-8.94069671630859E-03
1,17.22,5.67660970659927,-4.17232513427734E-03
1,17.23,5.6799430064857,-4.17232513427734E-03
1,17.24,5.68327630637214,-2.38418579101563E-03
1,17.25,5.68660960625857,5.96046447753906E-04
1,17.26,5.68994290614501,-2.38418579101563E-03
1,17.27,5.69327620603144,5.96046447753906E-04
1,17.28,5.69660950591788,1.78813934326172E-03
1,17.29,5.69994280580431,3.57627868652344E-03
1,17.3,5.70327610569075,5.96046447753906E-03
1,17.31,5.70660940557718,5.36441802978516E-03
1,17.32,5.70994270546362,7.74860382080078E-03
1,17.33,5.71327600535005,1.01327896118164E-02
1,17.34,5.71660930523649,1.37090682983398E-02
1,17.35,5.71994260512292,1.84774398803711E-02
1,17.36,5.72327590500936,2.50339508056641E-02
1,17.37,5.72660920489579,2.92062759399414E-02
1,17.38,5.72994250478223,3.69548797607422E-02
1,17.39,5.73327580466867,4.70876693725586E-02
1,17.4,5.7366091045551,5.18560409545898E-02
1,17.41,5.73994240444154,6.61611557006836E-02
1,17.42,5.74327570432797,7.33137130737305E-02
1,17.43,5.74660900421441,8.10623168945313E-02
1,17.44,5.74994230410084,8.64267349243164E-02
1,17.45,5.75327560398728,9.71555709838867E-02
1,17.46,5.75660890387371,0.101923942565918
1,17.47,5.75994220376015,0.112056732177734
1,17.48,5.76327550364658,0.122785568237305
1,17.49,5.76660880353302,0.132918357849121
1,17.5,5.76994210341945,0.140070915222168
1,17.51,5.77327540330589,0.148415565490723
1,17.52,5.77660870319232,0.160336494445801
1,17.53,5.77994200307876,0.174045562744141
1,17.54,5.78327530296519,0.181198120117188
1,17.55,5.78660860285163,0.193119049072266
1,17.56,5.78994190273806,0.20146369934082
1,17.57,5.7932752026245,0.213980674743652
1,17.58,5.79660850251094,0.221133232116699
1,17.59,5.79994180239737,0.231266021728516
1,17.6,5.80327510228381,0.237226486206055
1,17.61,5.80660840217024,0.244975090026855
1,17.62,5.80994170205668,0.252723693847656
1,17.63,5.81327500194311,0.264644622802734
1,17.64,5.81660830182955,0.271797180175781
1,17.65,5.81994160171598,0.285506248474121
1,17.66,5.82327490160242,0.296831130981445
1,17.67,5.82660820148885,0.30815601348877
1,17.68,5.82994150137529,0.320076942443848
1,17.69,5.83327480126172,0.328421592712402
1,17.7,5.83660810114816,0.34034252166748
1,17.71,5.83994140103459,0.350475311279297
1,17.72,5.84327470092103,0.357627868652344
1,17.73,5.84660800080746,0.364780426025391
1,17.74,5.8499413006939,0.37848949432373
1,17.75,5.85327460058033,0.386238098144531
1,17.76,5.85660790046677,0.398755073547363
1,17.77,5.85994120035321,0.407099723815918
1,17.78,5.86327450023964,0.414252281188965
1,17.79,5.86660780012608,0.422000885009766
1,17.8,5.86994110001251,0.434517860412598
1,17.81,5.87327439989895,0.441670417785645
1,17.82,5.87660769978538,0.452995300292969
1,17.83,5.87994099967182,0.461935997009277
1,17.84,5.88327429955825,0.469684600830078
1,17.85,5.88660759944469,0.479817390441895
1,17.86,5.88994089933112,0.49293041229248
1,17.87,5.89327419921756,0.501275062561035
1,17.88,5.89660749910399,0.512003898620605
1,17.89,5.89994079899043,0.524520874023438
1,17.9,5.90327409887686,0.531673431396484
1,17.91,5.9066073987633,0.542402267456055
1,17.92,5.90994069864973,0.553727149963379
1,17.93,5.91327399853617,0.563263893127441
1,17.94,5.9166072984226,0.573396682739258
1,17.95,5.91994059830904,0.584721565246582
1,17.96,5.92327389819548,0.597238540649414
1,17.97,5.92660719808191,0.605583190917969
1,17.98,5.92994049796835,0.618100166320801
1,17.99,5.93327379785478,0.630617141723633
1,18,5.93660709774122,0.640153884887695
1,18.01,5.93994039762765,0.654458999633789
1,18.02,5.94327369751409,0.663995742797852
1,18.03,5.94660699740052,0.67591667175293
1,18.04,5.94994029728696,0.6866455078125
1,18.05,5.95327359717339,0.699758529663086
1,18.06,5.95660689705983,0.709295272827148
1,18.07,5.95994019694626,0.723004341125488
1,18.08,5.9632734968327,0.731348991394043
1,18.09,5.96660679671913,0.742673873901367
1,18.1,5.96994009660557,0.75221061706543
1,18.11,5.973273396492,0.762939453125
1,18.12,5.97660669637844,0.770092010498047
1,18.13,5.97993999626487,0.781416893005371
1,18.14,5.98327329615131,0.78737735748291
1,18.15,5.98660659603775,0.796318054199219
1,18.16,5.98993989592418,0.801682472229004
1,18.17,5.99327319581062,0.811219215393066
1,18.18,5.99660649569705,0.818967819213867
1,18.19,5.99993979558349,0.827908515930176
1,18.2,6.00327309546992,0.84221363067627
1,18.21,6.00660639535636,0.84996223449707
1,18.22,6.00993969524279,0.859498977661133
1,18.23,6.01327299512923,0.873208045959473
1,18.24,6.01660629501566,0.886321067810059
1,18.25,6.0199395949021,0.897645950317383
1,18.26,6.02327289478853,0.909566879272461
1,18.27,6.02660619467497,0.923275947570801
1,18.28,6.0299394945614,0.932812690734863
1,18.29,6.03327279444784,0.942349433898926
1,18.3,6.03660609433427,0.951886177062988
1,18.31,6.03993939422071,0.962615013122559
1,18.32,6.04327269410715,0.973939895629883
1,18.33,6.04660599399358,0.982880592346191
1,18.34,6.04993929388002,0.993609428405762
1,18.35,6.05327259376645,1.0073184967041
1,18.36,6.05660589365289,1.01745128631592
1,18.37,6.05993919353932,1.0305643081665
1,18.38,6.06327249342576,1.04188919067383
1,18.39,6.06660579331219,1.05202198028564
1,18.4,6.06993909319863,1.05917453765869
1,18.41,6.07327239308506,1.06751918792725
1,18.42,6.0766056929715,1.07884407043457
1,18.43,6.07993899285793,1.08718872070313
1,18.44,6.08327229274437,1.09672546386719
1,18.45,6.0866055926308,1.10745429992676
1,18.46,6.08993889251724,1.11699104309082
1,18.47,6.09327219240367,1.12354755401611
1,18.48,6.09660549229011,1.13010406494141
1,18.49,6.09993879217654,1.1444091796875
1,18.5,6.10327209206298,1.15454196929932
1,18.51,6.10660539194942,1.16646289825439
1,18.52,6.10993869183585,1.17778778076172
1,18.53,6.11327199172229,1.18732452392578
1,18.54,6.11660529160872,1.19984149932861
1,18.55,6.11993859149516,1.21116638183594
1,18.56,6.12327189138159,1.22427940368652
1,18.57,6.12660519126803,1.23262405395508
1,18.58,6.12993849115446,1.24633312225342
1,18.59,6.1332717910409,1.25765800476074
1,18.6,6.13660509092733,1.26540660858154
1,18.61,6.13993839081377,1.27792358398438
1,18.62,6.1432716907002,1.28567218780518
1,18.63,6.14660499058664,1.29342079162598
1,18.64,6.14993829047307,1.29878520965576
1,18.65,6.15327159035951,1.30891799926758
1,18.66,6.15660489024594,1.32143497467041
1,18.67,6.15993819013238,1.33752822875977
1,18.68,6.16327149001881,1.34825706481934
1,18.69,6.16660478990525,1.36375427246094
1,18.7,6.16993808979169,1.37567520141602
1,18.71,6.17327138967812,1.38938426971436
1,18.72,6.17660468956456,1.40249729156494
1,18.73,6.17993798945099,1.41322612762451
1,18.74,6.18327128933743,1.42574310302734
1,18.75,6.18660458922386,1.43706798553467
1,18.76,6.1899378891103,1.45018100738525
1,18.77,6.19327118899673,1.46567821502686
1,18.78,6.19660448888317,1.47700309753418
1,18.79,6.1999377887696,1.4948844909668
1,18.8,6.20327108865604,1.50859355926514
1,18.81,6.20660438854247,1.51932239532471
1,18.82,6.20993768842891,1.53064727783203
1,18.83,6.21327098831534,1.54495239257813
1,18.84,6.21660428820178,1.55627727508545
1,18.85,6.21993758808821,1.57058238983154
1,18.86,6.22327088797465,1.58250331878662
1,18.87,6.22660418786108,1.59621238708496
1,18.88,6.22993748774752,1.60813331604004
1,18.89,6.23327078763396,1.6176700592041
1,18.9,6.23660408752039,1.63078308105469
1,18.91,6.23993738740683,1.64330005645752
1,18.92,6.24327068729326,1.65104866027832
1,18.93,6.2466039871797,1.66118144989014
1,18.94,6.24993728706613,1.66952610015869
1,18.95,6.25327058695257,1.68144702911377
1,18.96,6.256603886839,1.69873237609863
1,18.97,6.25993718672544,1.70886516571045
1,18.98,6.26327048661187,1.72138214111328
1,18.99,6.26660378649831,1.73211097717285
1,19,6.26993708638474,1.74283981323242
1,19.01,6.27327038627118,1.75714492797852
1,19.02,6.27660368615761,1.76429748535156
1,19.03,6.27993698604405,1.77741050720215
1,19.04,6.28327028593048,1.79052352905273
1,19.05,6.28660358581692,1.8000602722168
1,19.06,6.28993688570336,1.81674957275391
1,19.07,6.29327018558979,1.83045864105225
1,19.08,6.29660348547623,1.84416770935059
1,19.09,6.29993678536266,1.8608570098877
1,19.1,6.3032700852491,1.87337398529053
1,19.11,6.30660338513553,1.88589096069336
1,19.12,6.30993668502197,1.89423561096191
1,19.13,6.3132699849084,1.90854072570801
1,19.14,6.31660328479484,1.9228458404541
1,19.15,6.31993658468127,1.9371509552002
1,19.16,6.32326988456771,1.94847583770752
1,19.17,6.32660318445414,1.95801258087158
1,19.18,6.32993648434058,1.97291374206543
1,19.19,6.33326978422701,1.98066234588623
1,19.2,6.33660308411345,1.99258327484131
1,19.21,6.33993638399989,2.00152397155762
1,19.22,6.34326968388632,2.01046466827393
1,19.23,6.34660298377275,2.02298164367676
1,19.24,6.34993628365919,2.03251838684082
1,19.25,6.35326958354563,2.04324722290039
1,19.26,6.35660288343206,2.05457210540771
1,19.27,6.3599361833185,2.06351280212402
1,19.28,6.36326948320493,2.07424163818359
1,19.29,6.36660278309137,2.08675861358643
1,19.3,6.3699360829778,2.09689140319824
1,19.31,6.37326938286424,2.10821628570557
1,19.32,6.37660268275067,2.11775302886963
1,19.33,6.37993598263711,2.12788581848145
1,19.34,6.38326928252354,2.13682651519775
1,19.35,6.38660258240998,2.14874744415283
1,19.36,6.38993588229641,2.15709209442139
1,19.37,6.39326918218285,2.1660327911377
1,19.38,6.39660248206928,2.18212604522705
1,19.39,6.39993578195572,2.18749046325684
1,19.4,6.40326908184215,2.20119953155518
1,19.41,6.40660238172859,2.21312046051025
1,19.42,6.40993568161502,2.22682952880859
1,19.43,6.41326898150146,2.23994255065918
1,19.44,6.4166022813879,2.25067138671875
1,19.45,6.41993558127433,2.26080417633057
1,19.46,6.42326888116077,2.27451324462891
1,19.47,6.4266021810472,2.28762626647949
1,19.48,6.42993548093364,2.29537487030029
1,19.49,6.43326878082007,2.30848789215088
1,19.5,6.43660208070651,2.31802463531494
1,19.51,6.43993538059294,2.32875347137451
1,19.52,6.44326868047938,2.34305858612061
1,19.53,6.44660198036581,2.35199928283691
1,19.54,6.44993528025225,2.36332416534424
1,19.55,6.45326858013868,2.37762928009033
1,19.56,6.45660188002512,2.38418579101563
1,19.57,6.45993517991155,2.3961067199707
1,19.58,6.46326847979799,2.40802764892578
1,19.59,6.46660177968442,2.41875648498535
1,19.6,6.46993507957086,2.43067741394043
1,19.61,6.47326837945729,2.44081020355225
1,19.62,6.47660167934373,2.45273113250732
1,19.63,6.47993497923017,2.46644020080566
1,19.64,6.4832682791166,2.47418880462646
1,19.65,6.48660157900304,2.48491764068604
1,19.66,6.48993487888947,2.49743461608887
1,19.67,6.49326817877591,2.50697135925293
1,19.68,6.49660147866234,2.52008438110352
1,19.69,6.49993477854878,2.53140926361084
1,19.7,6.50326807843521,2.54034996032715
1,19.71,6.50660137832165,2.55107879638672
1,19.72,6.50993467820808,2.55823135375977
1,19.73,6.51326797809452,2.56538391113281
1,19.74,6.51660127798095,2.57968902587891
1,19.75,6.51993457786739,2.58803367614746
1,19.76,6.52326787775382,2.59816646575928
1,19.77,6.52660117764026,2.60889530181885
1,19.78,6.52993447752669,2.61902809143066
1,19.79,6.53326777741313,2.62975692749023
1,19.8,6.53660107729957,2.64108180999756
1,19.81,6.539934377186,2.65657901763916
1,19.82,6.54326767707244,2.66551971435547
1,19.83,6.54660097695887,2.67863273620605
1,19.84,6.54993427684531,2.68757343292236
1,19.85,6.55326757673174,2.7012825012207
1,19.86,6.55660087661818,2.71141529083252
1,19.87,6.55993417650461,2.72512435913086
1,19.88,6.56326747639105,2.73704528808594
1,19.89,6.56660077627748,2.74777412414551
1,19.9,6.56993407616392,2.75731086730957
1,19.91,6.57326737605035,2.76684761047363
1,19.92,6.57660067593679,2.77936458587646
1,19.93,6.57993397582322,2.79068946838379
1,19.94,6.58326727570966,2.7996301651001
1,19.95,6.5866005755961,2.80976295471191
1,19.96,6.58993387548253,2.81989574432373
1,19.97,6.59326717536896,2.82824039459229
1,19.98,6.5966004752554,2.84016132354736
1,19.99,6.59993377514184,2.8526782989502
1,20,6.60326707502827,2.86579132080078
1,20.01,6.60660037491471,2.87711620330811
1,20.02,6.60993367480114,2.88903713226318
1,20.03,6.61326697468758,2.90393829345703
1,20.04,6.61660027457401,2.91824340820313
1,20.05,6.61993357446045,2.9301643371582
1,20.06,6.62326687434688,2.94327735900879
1,20.07,6.62660017423332,2.95519828796387
1,20.08,6.62993347411975,2.96890735626221
1,20.09,6.63326677400619,2.98142433166504
1,20.1,6.63660007389262,2.99692153930664
1,20.11,6.63993337377906,3.00705432891846
1,20.12,6.64326667366549,3.01957130432129
1,20.13,6.64659997355193,3.03030014038086
1,20.14,6.64993327343836,3.0440092086792
1,20.15,6.6532665733248,3.05652618408203
1,20.16,6.65659987321123,3.07142734527588
1,20.17,6.65993317309767,3.08215618133545
1,20.18,6.66326647298411,3.09526920318604
1,20.19,6.66659977287054,3.10659408569336
1,20.2,6.66993307275698,3.11911106109619
1,20.21,6.67326637264341,3.13162803649902
1,20.22,6.67659967252985,3.14474105834961
1,20.23,6.67993297241628,3.15666198730469
1,20.24,6.68326627230272,3.16381454467773
1,20.25,6.68659957218915,3.17692756652832
1,20.26,6.68993287207559,3.18467617034912
1,20.27,6.69326617196202,3.19778919219971
1,20.28,6.69659947184846,3.21090221405029
1,20.29,6.69993277173489,3.22282314300537
1,20.3,6.70326607162133,3.23474407196045
1,20.31,6.70659937150776,3.24606895446777
1,20.32,6.7099326713942,3.25560569763184
1,20.33,6.71326597128063,3.26693058013916
1,20.34,6.71659927116707,3.28123569488525
1,20.35,6.7199325710535,3.29434871673584
1,20.36,6.72326587093994,3.30865383148193
1,20.37,6.72659917082638,3.32355499267578
1,20.38,6.72993247071281,3.3336877822876
1,20.39,6.73326577059925,3.35097312927246
1,20.4,6.73659907048568,3.36825847625732
1,20.41,6.73993237037212,3.38435173034668
1,20.42,6.74326567025855,3.39627265930176
1,20.43,6.74659897014499,3.41296195983887
1,20.44,6.74993227003142,3.4254789352417
1,20.45,6.75326556991786,3.43799591064453
1,20.46,6.75659886980429,3.45230102539063
1,20.47,6.75993216969073,3.46779823303223
1,20.48,6.76326546957716,3.4785270690918
1,20.49,6.7665987694636,3.48567962646484
1,20.5,6.76993206935003,3.49700450897217
1,20.51,6.77326536923647,3.51071357727051
1,20.52,6.7765986691229,3.51786613464355
1,20.53,6.77993196900934,3.53455543518066
1,20.54,6.78326526889578,3.54111194610596
1,20.55,6.78659856878221,3.5560131072998
1,20.56,6.78993186866865,3.56733798980713
1,20.57,6.79326516855508,3.57985496520996
1,20.58,6.79659846844152,3.59296798706055
1,20.59,6.79993176832795,3.60727310180664
1,20.6,6.80326506821439,3.61323356628418
1,20.61,6.80659836810082,3.62515449523926
1,20.62,6.80993166798726,3.63767147064209
1,20.63,6.81326496787369,3.64542007446289
1,20.64,6.81659826776013,3.66091728210449
1,20.65,6.81993156764656,3.66926193237305
1,20.66,6.823264867533,3.67999076843262
1,20.67,6.82659816741943,3.69012355804443
1,20.68,6.82993146730587,3.69846820831299
1,20.69,6.83326476719231,3.71217727661133
1,20.7,6.83659806707874,3.72052192687988
1,20.71,6.83993136696517,3.72827053070068
1,20.72,6.84326466685161,3.74019145965576
1,20.73,6.84659796673805,3.75092029571533
1,20.74,6.84993126662448,3.76224517822266
1,20.75,6.85326456651092,3.77535820007324
1,20.76,6.85659786639735,3.78668308258057
1,20.77,6.85993116628379,3.79621982574463
1,20.78,6.86326446617022,3.80635261535645
1,20.79,6.86659776605666,3.81886959075928
1,20.8,6.86993106594309,3.82602214813232
1,20.81,6.87326436582953,3.84628772735596
1,20.82,6.87659766571596,3.85820865631104
1,20.83,6.88326426548883,3.87132167816162
1,20.84,6.88659756537527,3.88383865356445
1,20.86,6.8899308652617,3.90768051147461
1,20.87,6.89326416514814,3.9219856262207
1,20.88,6.89659746503457,3.93390655517578
1,20.89,6.89993076492101,3.94701957702637
1,20.9,6.90326406480744,3.95655632019043
1,20.91,6.90659736469388,3.96907329559326
1,20.92,6.90993066458032,3.97801399230957
1,20.93,6.91659726435319,3.98755073547363
1,20.95,6.91993056423962,4.00841236114502
1,20.96,6.92326386412606,4.01914119720459
1,20.97,6.92659716401249,4.03225421905518
1,20.98,6.92993046389893,4.0435791015625
1,20.99,6.93326376378536,4.0590763092041
1,21,6.9365970636718,4.06861305236816
1,21.01,6.93993036355823,4.07993793487549
1,21.02,6.9465969633311,4.08947467803955
1,21.04,6.94993026321754,4.11510467529297
1,21.05,6.95326356310397,4.12583351135254
1,21.06,6.95659686299041,4.13358211517334
1,21.07,6.96326346276328,4.14788722991943
1,21.08,6.96659676264971,4.15921211242676
1,21.1,6.96993006253615,4.17828559875488
1,21.11,6.97326336242259,4.18603420257568
1,21.12,6.97992996219546,4.19199466705322
1,21.13,6.98326326208189,4.20093536376953
1,21.14,6.98659656196833,4.21047210693359
1,21.16,6.98992986185476,4.22775745391846
1,21.17,6.99659646162763,4.23908233642578
1,21.18,6.99992976151407,4.2492151260376
1,21.19,7.0032630614005,4.26232814788818
1,21.2,7.00659636128694,4.27126884460449
1,21.22,7.00992966117337,4.28915023803711
1,21.23,7.01659626094624,4.3022632598877
1,21.24,7.01992956083268,4.311203956604
1,21.26,7.02659616060555,4.32729721069336
1,21.27,7.02992946049199,4.33981418609619
1,21.28,7.03326276037842,4.35292720794678
1,21.29,7.03659606026486,4.3642520904541
1,21.3,7.03992936015129,4.37438488006592
1,21.31,7.04326266003773,4.38272953033447
1,21.32,7.04659595992416,4.38928604125977
1,21.33,7.0499292598106,4.39882278442383
1,21.34,7.05326255969703,4.40657138824463
1,21.35,7.05659585958347,4.41968441009521
1,21.36,7.0599291594699,4.4327974319458
1,21.37,7.06326245935634,4.44352626800537
1,21.38,7.06659575924277,4.45306301116943
1,21.39,7.06992905912921,4.4625997543335
1,21.4,7.07326235901564,4.47332859039307
1,21.41,7.07659565890208,4.48644161224365
1,21.42,7.07992895878852,4.49538230895996
1,21.43,7.08326225867495,4.50730323791504
1,21.44,7.08659555856138,4.51862812042236
1,21.45,7.08992885844782,4.52578067779541
1,21.46,7.09326215833426,4.53591346740723
1,21.47,7.09659545822069,4.54306602478027
1,21.48,7.09992875810713,4.55379486083984
1,21.49,7.10326205799356,4.56452369689941
1,21.5,7.10659535788,4.57227230072021
1,21.51,7.10992865776643,4.58180904388428
1,21.52,7.11326195765287,4.59551811218262
1,21.53,7.1165952575393,4.60684299468994
1,21.54,7.11992855742574,4.61935997009277
1,21.55,7.12326185731217,4.63485717773438
1,21.56,7.12659515719861,4.64320182800293
1,21.57,7.12992845708504,4.65452671051025
1,21.58,7.13326175697148,4.66048717498779
1,21.59,7.13659505685791,4.67181205749512
1,21.6,7.13992835674435,4.68134880065918
1,21.61,7.14326165663078,4.68850135803223
1,21.62,7.14659495651722,4.69565391540527
1,21.63,7.14992825640365,4.70519065856934
1,21.64,7.15326155629009,4.71115112304688
1,21.65,7.15659485617653,4.72128391265869
1,21.66,7.15992815606296,4.73201274871826
1,21.67,7.1632614559494,4.73856925964355
1,21.68,7.16659475583583,4.74929809570313
1,21.69,7.16992805572227,4.75823879241943
1,21.7,7.1732613556087,4.76956367492676
1,21.71,7.17659465549514,4.78088855743408
1,21.72,7.17992795538157,4.78923320770264
1,21.73,7.18326125526801,4.80115413665771
1,21.74,7.18659455515444,4.81367111206055
1,21.75,7.18992785504088,4.82857227325439
1,21.76,7.19326115492731,4.83453273773193
1,21.77,7.19659445481375,4.84943389892578
1,21.78,7.19992775470018,4.86135482788086
1,21.79,7.20326105458662,4.87148761749268
1,21.8,7.20659435447305,4.88221645355225
1,21.81,7.20992765435949,4.88877296447754
1,21.82,7.21326095424593,4.8983097076416
1,21.83,7.21659425413236,4.90307807922363
1,21.84,7.2199275540188,4.91499900817871
1,21.85,7.22326085390523,4.92215156555176
1,21.86,7.22659415379167,4.93168830871582
1,21.87,7.2299274536781,4.93943691253662
1,21.88,7.23326075356454,4.94778156280518
1,21.89,7.23659405345097,4.95672225952148
1,21.9,7.23992735333741,4.96864318847656
1,21.91,7.24326065322384,4.97281551361084
1,21.92,7.24659395311028,4.97758388519287
1,21.93,7.24992725299671,4.98712062835693
1,21.94,7.25326055288315,4.99188899993896
1,21.95,7.25659385276958,4.99904155731201
1,21.96,7.25992715265602,5.00798225402832
1,21.97,7.26326045254245,5.01394271850586
1,21.98,7.26659375242889,5.02169132232666
1,21.99,7.26992705231532,5.02824783325195
1,22,7.27326035220176,5.03480434417725
1,22.01,7.2765936520882,5.04255294799805
1,22.02,7.27992695197463,5.04910945892334
1,22.03,7.28326025186107,5.05685806274414
1,22.04,7.2865935517475,5.0652027130127
1,22.05,7.28992685163394,5.07473945617676
1,22.06,7.29326015152037,5.08606433868408
1,22.07,7.29659345140681,5.09679317474365
1,22.08,7.29992675129324,5.10990619659424
1,22.09,7.30326005117968,5.12421131134033
1,22.1,7.30659335106611,5.13553619384766
1,22.11,7.30992665095255,5.14626502990723
1,22.12,7.31325995083898,5.16116619110107
1,22.13,7.31659325072542,5.17487525939941
1,22.14,7.31992655061185,5.18918037414551
1,22.15,7.32325985049829,5.20110130310059
1,22.16,7.32659315038473,5.21063804626465
1,22.17,7.32992645027116,5.21957874298096
1,22.18,7.33325975015759,5.22971153259277
1,22.19,7.33659305004403,5.2344799041748
1,22.2,7.33992634993047,5.24461269378662
1,22.21,7.3432596498169,5.25414943695068
1,22.22,7.34659294970334,5.26070594787598
1,22.23,7.34992624958977,5.26726245880127
1,22.24,7.35325954947621,5.27560710906982
1,22.25,7.35659284936264,5.28812408447266
1,22.26,7.35992614924908,5.29587268829346
1,22.27,7.36325944913551,5.30362129211426
1,22.28,7.36659274902195,5.31494617462158
1,22.29,7.36992604890838,5.32627105712891
1,22.3,7.37325934879482,5.33580780029297
1,22.31,7.37659264868125,5.34653663635254
1,22.32,7.37992594856769,5.35488128662109
1,22.33,7.38325924845412,5.36322593688965
1,22.34,7.38659254834056,5.37335872650146
1,22.35,7.389925848227,5.38051128387451
1,22.36,7.39325914811343,5.38647174835205
1,22.37,7.39659244799986,5.39720058441162
1,22.38,7.3999257478863,5.40494918823242
1,22.39,7.40325904777274,5.41508197784424
1,22.4,7.40659234765917,5.42283058166504
1,22.41,7.40992564754561,5.43057918548584
1,22.42,7.41325894743204,5.44130802154541
1,22.43,7.41659224731848,5.45203685760498
1,22.44,7.41992554720491,5.4633617401123
1,22.45,7.42325884709135,5.47170639038086
1,22.46,7.42659214697778,5.47826290130615
1,22.47,7.42992544686422,5.48779964447021
1,22.48,7.43325874675065,5.49495220184326
1,22.49,7.43659204663709,5.50329685211182
1,22.5,7.43992534652352,5.50925731658936
1,22.51,7.44325864640996,5.51700592041016
1,22.52,7.44659194629639,5.5241584777832
1,22.53,7.44992524618283,5.53011894226074
1,22.54,7.45325854606926,5.53607940673828
1,22.55,7.4565918459557,5.54382801055908
1,22.56,7.45992514584214,5.5539608001709
1,22.57,7.46325844572857,5.55992126464844
1,22.58,7.46659174561501,5.56766986846924
1,22.59,7.46992504550144,5.57661056518555
1,22.6,7.47325834538788,5.58733940124512
1,22.61,7.47659164527431,5.59687614440918
1,22.62,7.47992494516075,5.60402870178223
1,22.63,7.48325824504718,5.61535358428955
1,22.64,7.48659154493362,5.62429428100586
1,22.65,7.48992484482005,5.63263893127441
1,22.66,7.49325814470649,5.64217567443848
1,22.67,7.49659144459292,5.65767288208008
1,22.68,7.49992474447936,5.66840171813965
1,22.69,7.50325804436579,5.68032264709473
1,22.7,7.50659134425223,5.69343566894531
1,22.71,7.50992464413866,5.70416450500488
1,22.72,7.5132579440251,5.71668148040771
1,22.73,7.51659124391153,5.72383403778076
1,22.74,7.51992454379797,5.73396682739258
1,22.75,7.52325784368441,5.74231147766113
1,22.76,7.52659114357084,5.7452917098999
1,22.77,7.52992444345728,5.75542449951172
1,22.78,7.53325774334371,5.76674938201904
1,22.79,7.53659104323015,5.77688217163086
1,22.8,7.53992434311658,5.78761100769043
1,22.81,7.54325764300302,5.79297542572021
1,22.82,7.54659094288945,5.80132007598877
1,22.83,7.54992424277589,5.80728054046631
1,22.84,7.55325754266232,5.81860542297363
1,22.85,7.55659084254876,5.82695007324219
1,22.86,7.55992414243519,5.83410263061523
1,22.87,7.56325744232163,5.84185123443604
1,22.88,7.56659074220806,5.85198402404785
1,22.89,7.5699240420945,5.86152076721191
1,22.9,7.57325734198094,5.87642192840576
1,22.91,7.57659064186737,5.88655471801758
1,22.92,7.5799239417538,5.9044361114502
1,22.93,7.58325724164024,5.9133768081665
1,22.94,7.58659054152668,5.92231750488281
1,22.95,7.58992384141311,5.93781471252441
1,22.96,7.59325714129955,5.95152378082275
1,22.97,7.59659044118598,5.9664249420166
1,22.98,7.59992374107242,5.97536563873291
1,22.99,7.60325704095885,5.98609447479248
1,23,7.60659034084529,5.99265098571777
1,23.01,7.60992364073172,6.00516796112061
1,23.02,7.61325694061816,6.01470470428467
1,23.03,7.61659024050459,6.02364540100098
1,23.04,7.61992354039103,6.02960586547852
1,23.05,7.62325684027746,6.03973865509033
1,23.06,7.6265901401639,6.0427188873291
1,23.07,7.62992344005033,6.0504674911499
1,23.08,7.63325673993677,6.05463981628418
1,23.09,7.63659003982321,6.06179237365723
1,23.1,7.63992333970964,6.06656074523926
1,23.11,7.64325663959607,6.07550144195557
1,23.12,7.64658993948251,6.08742237091064
1,23.13,7.64992323936895,6.09695911407471
1,23.14,7.65325653925538,6.10709190368652
1,23.15,7.65658983914182,6.11603260040283
1,23.16,7.65992313902825,6.12616539001465
1,23.17,7.66325643891469,6.13808631896973
1,23.18,7.66658973880112,6.14762306213379
1,23.19,7.66992303868756,6.15894794464111
1,23.2,7.67325633857399,6.16610050201416
1,23.21,7.67658963846043,6.17682933807373
1,23.22,7.67992293834686,6.18517398834229
1,23.23,7.6832562382333,6.19411468505859
1,23.24,7.68658953811973,6.20007514953613
1,23.25,7.68992283800617,6.20663166046143
1,23.26,7.6932561378926,6.21497631072998
1,23.27,7.69658943777904,6.22153282165527
1,23.28,7.69992273766547,6.23166561126709
1,23.29,7.70325603755191,6.24179840087891
1,23.3,7.70658933743835,6.25014305114746
1,23.31,7.70992263732478,6.25967979431152
1,23.32,7.71325593721122,6.26802444458008
1,23.33,7.71658923709765,6.28352165222168
1,23.34,7.71992253698409,6.29186630249023
1,23.35,7.72325583687052,6.29961490631104
1,23.36,7.72658913675696,6.31392002105713
1,23.37,7.72992243664339,6.3246488571167
1,23.38,7.73325573652983,6.33955001831055
1,23.39,7.73658903641626,6.34908676147461
1,23.4,7.7399223363027,6.35921955108643
1,23.41,7.74325563618913,6.36696815490723
1,23.42,7.74658893607557,6.37829303741455
1,23.43,7.749922235962,6.39081001281738
1,23.44,7.75325553584844,6.39736652374268
1,23.45,7.75658883573487,6.40630722045898
1,23.46,7.75992213562131,6.4164400100708
1,23.47,7.76325543550774,6.42597675323486
1,23.48,7.76658873539418,6.43908977508545
1,23.49,7.76992203528062,6.45101070404053
1,23.5,7.77325533516705,6.45756721496582
1,23.51,7.77658863505349,6.46710395812988
1,23.52,7.77992193493992,6.48140907287598
1,23.53,7.78325523482636,6.48915767669678
1,23.54,7.78658853471279,6.49869441986084
1,23.55,7.78992183459923,6.50465488433838
1,23.56,7.79325513448566,6.51955604553223
1,23.57,7.7965884343721,6.53266906738281
1,23.58,7.79992173425853,6.54458999633789
1,23.59,7.80325503414497,6.55472278594971
1,23.6,7.8065883340314,6.56366348266602
1,23.61,7.80992163391784,6.57618045806885
1,23.62,7.81325493380427,6.58690929412842
1,23.63,7.81658823369071,6.59763813018799
1,23.64,7.81992153357715,6.61253929138184
1,23.65,7.82325483346358,6.61849975585938
1,23.66,7.82658813335002,6.62505626678467
1,23.67,7.82992143323645,6.63518905639648
1,23.68,7.83325473312289,6.64174556732178
1,23.69,7.83658803300932,6.65247440338135
1,23.7,7.83992133289576,6.65783882141113
1,23.71,7.84325463278219,6.66439533233643
1,23.72,7.84658793266863,6.67154788970947
1,23.73,7.84992123255506,6.68644905090332
1,23.74,7.8532545324415,6.69479370117188
1,23.75,7.85658783232793,6.70492649078369
1,23.76,7.85992113221437,6.71803951263428
1,23.77,7.8632544321008,6.7293643951416
1,23.78,7.86658773198724,6.73413276672363
1,23.79,7.86992103187367,6.74545764923096
1,23.8,7.87325433176011,6.75439834594727
1,23.81,7.87658763164654,6.7669153213501
1,23.82,7.87992093153298,6.78002834320068
1,23.83,7.88325423141941,6.78539276123047
1,23.84,7.88658753130585,6.79552555084229
1,23.85,7.88992083119228,6.80267810821533
1,23.86,7.89325413107872,6.80863857269287
1,23.87,7.89658743096516,6.81698322296143
1,23.88,7.89992073085159,6.82413578033447
1,23.89,7.90325403073803,6.83248043060303
1,23.9,7.90658733062446,6.83784484863281
1,23.91,7.9099206305109,6.8432092666626
1,23.92,7.91325393039733,6.85155391693115
1,23.93,7.91658723028377,6.86168670654297
1,23.94,7.9199205301702,6.86824321746826
1,23.95,7.92325383005664,6.87599182128906
1,23.96,7.92658712994307,6.88433647155762
1,23.97,7.92992042982951,6.89506530761719
1,23.98,7.93325372971594,6.90340995788574
1,23.99,7.93658702960238,6.91711902618408
1,24,7.93992032948881,6.92903995513916
1,24.01,7.94325362937525,6.93976879119873
1,24.02,7.94658692926169,6.95109367370605
1,24.03,7.94992022914812,6.96182250976563
1,24.04,7.95325352903456,6.9725513458252
1,24.05,7.95658682892099,6.98089599609375
1,24.06,7.95992012880743,6.99102878570557
1,24.07,7.96325342869386,6.99996948242188
1,24.08,7.9665867285803,7.00771808624268
1,24.09,7.96992002846673,7.01546669006348
1,24.1,7.97325332835317,7.02142715454102
1,24.11,7.9765866282396,7.03275203704834
1,24.12,7.97991992812604,7.04348087310791
1,24.13,7.98325322801247,7.05242156982422
1,24.14,7.98658652789891,7.05718994140625
1,24.15,7.98991982778534,7.06851482391357
1,24.16,7.99325312767178,7.07447528839111
1,24.17,7.99658642755821,7.08878040313721
1,24.18,7.99991972744465,7.10010528564453
1,24.19,8.00325302733108,7.11381435394287
1,24.2,8.00658632721752,7.12454319000244
1,24.21,8.00991962710395,7.13169574737549
1,24.22,8.01325292699039,7.14242458343506
1,24.23,8.01658622687683,7.15196132659912
1,24.24,8.01991952676326,7.16209411621094
1,24.25,8.0232528266497,7.16924667358398
1,24.26,8.02658612653613,7.17818737030029
1,24.27,8.02991942642257,7.1871280670166
1,24.28,8.033252726309,7.19666481018066
1,24.29,8.03658602619544,7.20322132110596
1,24.3,8.03991932608187,7.21752643585205
1,24.31,8.04325262596831,7.22527503967285
1,24.32,8.04658592585474,7.22944736480713
1,24.33,8.04991922574118,7.2401762008667
1,24.34,8.05325252562761,7.24732875823975
1,24.35,8.05658582551405,7.25924968719482
1,24.36,8.05991912540048,7.26699829101563
1,24.37,8.06325242528692,7.27832317352295
1,24.38,8.06658572517335,7.2866678237915
1,24.39,8.06991902505979,7.29382038116455
1,24.4,8.07325232494623,7.30633735656738
1,24.41,8.07658562483266,7.31825828552246
1,24.42,8.0799189247191,7.32898712158203
1,24.43,8.08325222460553,7.33733177185059
1,24.44,8.08658552449197,7.34925270080566
1,24.45,8.0899188243784,7.35640525817871
1,24.46,8.09325212426484,7.36773014068604
1,24.47,8.09658542415127,7.37667083740234
1,24.48,8.09991872403771,7.3850154876709
1,24.49,8.10325202392414,7.39634037017822
1,24.5,8.10658532381058,7.39991664886475
1,24.51,8.10991862369701,7.41064548492432
1,24.52,8.11325192358345,7.41958618164063
1,24.53,8.11658522346988,7.42793083190918
1,24.54,8.11991852335632,7.44044780731201
1,24.55,8.12325182324276,7.44998455047607
1,24.56,8.12658512312919,7.46011734008789
1,24.57,8.12991842301562,7.47025012969971
1,24.58,8.13325172290206,7.48395919799805
1,24.59,8.13658502278849,7.49468803405762
1,24.6,8.13991832267493,7.50839710235596
1,24.61,8.14325162256137,7.51614570617676
1,24.62,8.1465849224478,7.52508640289307
1,24.63,8.14991822233424,7.53402709960938
1,24.64,8.15325152222067,7.54892826080322
1,24.65,8.15658482210711,7.55608081817627
1,24.66,8.15991812199354,7.55846500396729
1,24.67,8.16325142187998,7.56800174713135
1,24.68,8.16658472176641,7.57336616516113
1,24.69,8.16991802165285,7.58230686187744
1,24.7,8.17325132153928,7.58826732635498
1,24.71,8.17658462142572,7.5984001159668
1,24.72,8.17991792131215,7.6061487197876
1,24.73,8.18325122119859,7.60853290557861
1,24.74,8.18658452108502,7.61926174163818
1,24.75,8.18991782097146,7.62522220611572
1,24.76,8.19325112085789,7.63475894927979
1,24.77,8.19658442074433,7.6448917388916
1,24.78,8.19991772063077,7.65621662139893
1,24.79,8.2032510205172,7.66456127166748
1,24.8,8.20658432040364,7.67290592193604
1,24.81,8.20991762029007,7.68125057220459
1,24.82,8.21325092017651,7.6901912689209
1,24.83,8.21658422006294,7.70151615142822
1,24.84,8.21991751994938,7.71403312683105
1,24.85,8.22325081983581,7.72237777709961
1,24.86,8.22658411972225,7.73131847381592
1,24.87,8.22991741960868,7.7444314956665
1,24.88,8.23325071949512,7.75456428527832
1,24.89,8.23658401938155,7.76588916778564
1,24.9,8.23991731926799,7.77542591094971
1,24.91,8.24325061915443,7.78555870056152
1,24.92,8.24658391904086,7.79509544372559
1,24.93,8.24991721892729,7.80284404754639
1,24.94,8.25325051881373,7.8129768371582
1,24.95,8.25658381870016,7.82549381256104
1,24.96,8.2599171185866,7.84099102020264
1,24.97,8.26325041847304,7.84814357757568
1,24.98,8.26658371835947,7.86006450653076
1,24.99,8.26991701824591,7.87556171417236
1,25,8.27325031813234,7.88450241088867
1,25.01,8.27658361801878,7.89880752563477
1,25.02,8.27991691790521,7.91430473327637
1,25.03,8.28325021779165,7.9268217086792
1,25.04,8.28658351767808,7.93933868408203
1,25.05,8.28991681756452,7.94947147369385
1,25.06,8.29325011745095,7.96377658843994
1,25.07,8.29658341733739,7.97450542449951
1,25.08,8.29991671722382,7.98702239990234
1,25.09,8.30325001711026,7.99834728240967
1,25.1,8.30658331699669,8.0108642578125
1,25.11,8.30991661688313,8.02159309387207
1,25.12,8.31324991676956,8.03351402282715
1,25.13,8.316583216656,8.04245471954346
1,25.14,8.31991651654244,8.05139541625977
1,25.15,8.32324981642887,8.06272029876709
1,25.16,8.32658311631531,8.07702541351318
1,25.17,8.32991641620174,8.08894634246826
1,25.18,8.33324971608818,8.10205936431885
1,25.19,8.33658301597461,8.11219215393066
1,25.2,8.33991631586105,8.12411308288574
1,25.21,8.34324961574748,8.13484191894531
1,25.22,8.34658291563392,8.14437866210938
1,25.23,8.34991621552035,8.15629959106445
1,25.24,8.35324951540679,8.16881656646729
1,25.25,8.35658281529322,8.18133354187012
1,25.26,8.35991611517966,8.19265842437744
1,25.27,8.36324941506609,8.2021951675415
1,25.28,8.36658271495253,8.21530818939209
1,25.29,8.36991601483897,8.22246074676514
1,25.3,8.3732493147254,8.23676586151123
1,25.31,8.37658261461183,8.24451446533203
1,25.32,8.37991591449827,8.25464725494385
1,25.33,8.3832492143847,8.26179981231689
1,25.34,8.38658251427114,8.27014446258545
1,25.35,8.38991581415758,8.28146934509277
1,25.36,8.39324911404401,8.28981399536133
1,25.37,8.39658241393045,8.29756259918213
1,25.38,8.39991571381688,8.29935073852539
1,25.39,8.40324901370332,8.30769538879395
1,25.4,8.40658231358975,8.31365585327148
1,25.41,8.40991561347619,8.32080841064453
1,25.42,8.41324891336262,8.32676887512207
1,25.43,8.41658221324906,8.33570957183838
1,25.44,8.41991551313549,8.3458423614502
1,25.45,8.42324881302193,8.35299491882324
1,25.46,8.42658211290836,8.36372375488281
1,25.47,8.4299154127948,8.37266445159912
1,25.48,8.43324871268123,8.38577747344971
1,25.49,8.43658201256767,8.39591026306152
1,25.5,8.4399153124541,8.41021537780762
1,25.51,8.44324861234054,8.42511653900146
1,25.52,8.44658191222698,8.43644142150879
1,25.53,8.44991521211341,8.44717025756836
1,25.54,8.45324851199985,8.45909118652344
1,25.55,8.45658181188628,8.47101211547852
1,25.56,8.45991511177272,8.48531723022461
1,25.57,8.46324841165915,8.49366188049316
1,25.58,8.46658171154559,8.506178855896
1,25.59,8.46991501143202,8.5151195526123
1,25.6,8.47324831131846,8.52465629577637
1,25.61,8.47658161120489,8.53180885314941
1,25.62,8.47991491109133,8.54253768920898
1,25.63,8.48324821097776,8.54849815368652
1,25.64,8.4865815108642,8.55445861816406
1,25.65,8.48991481075064,8.56637954711914
1,25.66,8.49324811063707,8.57353210449219
1,25.67,8.4965814105235,8.58068466186523
1,25.68,8.49991471040994,8.59081745147705
1,25.69,8.50324801029637,8.59737396240234
1,25.7,8.50658131018281,8.60512256622314
1,25.71,8.50991461006925,8.61763954162598
1,25.72,8.51324790995568,8.62479209899902
1,25.73,8.51658120984212,8.63313674926758
1,25.74,8.51991450972855,8.63730907440186
1,25.75,8.52324780961499,8.64684581756592
1,25.76,8.52658110950142,8.6522102355957
1,25.77,8.52991440938786,8.658766746521
1,25.78,8.53324770927429,8.66234302520752
1,25.79,8.53658100916073,8.66949558258057
1,25.8,8.53991430904716,8.67903232574463
1,25.81,8.5432476089336,8.68558883666992
1,25.82,8.54658090882003,8.69452953338623
1,25.83,8.54991420870647,8.69810581207275
1,25.84,8.5532475085929,8.70347023010254
1,25.85,8.55658080847934,8.71121883392334
1,25.86,8.55991410836577,8.71360301971436
1,25.87,8.56324740825221,8.72194766998291
1,25.88,8.56658070813865,8.72671604156494
1,25.89,8.56991400802508,8.73386859893799
1,25.9,8.57324730791152,8.74102115631104
1,25.91,8.57658060779795,8.75174999237061
1,25.92,8.57991390768439,8.76128673553467
1,25.93,8.58324720757082,8.76903533935547
1,25.94,8.58658050745726,8.77618789672852
1,25.95,8.58991380734369,8.77976417541504
1,25.96,8.59324710723013,8.79168510437012
1,25.97,8.59658040711656,8.80062580108643
1,25.98,8.599913707003,8.80837440490723
1,25.99,8.60324700688943,8.81731510162354
1,26,8.60658030677587,8.82923603057861
1,26.01,8.6099136066623,8.83758068084717
1,26.02,8.61324690654874,8.84950160980225
1,26.03,8.61658020643518,8.86201858520508
1,26.04,8.61991350632161,8.87453556060791
1,26.05,8.62324680620804,8.8876485824585
1,26.06,8.62658010609448,8.90076160430908
1,26.07,8.62991340598091,8.91268253326416
1,26.08,8.63324670586735,8.92758369445801
1,26.09,8.63658000575379,8.94129276275635
1,26.1,8.63991330564022,8.95142555236816
1,26.11,8.64324660552666,8.963942527771
1,26.12,8.64657990541309,8.97228717803955
1,26.13,8.64991320529953,8.98241996765137
1,26.14,8.65324650518596,8.99314880371094
1,26.15,8.6565798050724,9.00506973266602
1,26.16,8.65991310495883,9.01520252227783
1,26.17,8.66324640484527,9.02712345123291
1,26.18,8.6665797047317,9.03606414794922
1,26.19,8.66991300461814,9.0479850769043
1,26.2,8.67324630450457,9.06109809875488
1,26.21,8.67657960439101,9.07063484191895
1,26.22,8.67991290427744,9.0867280960083
1,26.23,8.68324620416388,9.10043716430664
1,26.24,8.68657950405031,9.11414623260498
1,26.25,8.68991280393675,9.12845134735107
1,26.26,8.69324610382319,9.14275646209717
1,26.27,8.69657940370962,9.15884971618652
1,26.28,8.69991270359606,9.17196273803711
1,26.29,8.70324600348249,9.18388366699219
1,26.3,8.70657930336893,9.19461250305176
1,26.31,8.70991260325536,9.20355319976807
1,26.32,8.71657920302823,9.21666622161865
1,26.34,8.71991250291467,9.23395156860352
1,26.35,8.7232458028011,9.24587249755859
1,26.36,8.72657910268754,9.25838947296143
1,26.37,8.72991240257397,9.27150249481201
1,26.38,8.73324570246041,9.28103923797607
1,26.39,8.73657900234685,9.29296016693115
1,26.4,8.73991230223328,9.30130481719971
1,26.41,8.74657890200615,9.31084156036377
1,26.43,8.74991220189258,9.32991504669189
1,26.44,8.75324550177902,9.34064388275146
1,26.45,8.75657880166546,9.35256481170654
1,26.46,8.76324540143833,9.36150550842285
1,26.47,8.76657870132476,9.37104225158691
1,26.49,8.7699120012112,9.38773155212402
1,26.5,8.77657860098407,9.40024852752686
1,26.51,8.7799119008705,9.4074010848999
1,26.52,8.78324520075694,9.41932201385498
1,26.53,8.78657850064337,9.43183898925781
1,26.55,8.78991180052981,9.44852828979492
1,26.56,8.79657840030268,9.45866107940674
1,26.57,8.79991170018911,9.4681978225708
1,26.58,8.80324500007555,9.47952270507813
1,26.59,8.80657829996198,9.49084758758545
1,26.6,8.80991159984842,9.4980001449585
1,26.61,8.81324489973486,9.50813293457031
1,26.62,8.81657819962129,9.52243804931641
1,26.63,8.81991149950773,9.53197479248047
1,26.65,8.8265780992806,9.55104827880859
1,26.66,8.82991139916703,9.55939292907715
1,26.67,8.83324469905347,9.56892967224121
1,26.68,8.8365779989399,9.58085060119629
1,26.69,8.83991129882634,9.5897912979126
1,26.7,8.84324459871277,9.60111618041992
1,26.71,8.84657789859921,9.60946083068848
1,26.72,8.84991119848564,9.6207857131958
1,26.73,8.85324449837208,9.63151454925537
1,26.74,8.85657779825851,9.64522361755371
1,26.75,8.85991109814495,9.65297222137451
1,26.76,8.86324439803139,9.6660852432251
1,26.77,8.86657769791782,9.67323780059814
1,26.78,8.86991099780425,9.68635082244873
1,26.79,8.87324429769069,9.69588756561279
1,26.8,8.87657759757712,9.70661640167236
1,26.81,8.87991089746356,9.71734523773193
1,26.82,8.88324419735,9.73045825958252
1,26.83,8.88657749723643,9.73820686340332
1,26.84,8.88991079712287,9.74774360656738
1,26.85,8.8932440970093,9.75906848907471
1,26.86,8.89657739689574,9.77039337158203
1,26.87,8.89991069678217,9.77933406829834
1,26.88,8.90324399666861,9.79125499725342
1,26.89,8.90657729655504,9.80019569396973
1,26.9,8.90991059644148,9.81450080871582
1,26.91,8.91324389632791,9.82463359832764
1,26.92,8.91657719621435,9.83476638793945
1,26.93,8.91991049610078,9.84907150268555
1,26.94,8.92324379598722,9.86099243164063
1,26.95,8.92657709587365,9.87052917480469
1,26.96,8.92991039576009,9.88125801086426
1,26.97,8.93324369564652,9.88900661468506
1,26.98,8.93657699553296,9.89913940429688
1,26.99,8.9399102954194,9.90569591522217
1,27,8.94324359530583,9.91702079772949
1,27.01,8.94657689519227,9.92357730865479
1,27.02,8.9499101950787,9.93251800537109
1,27.03,8.95324349496514,9.94026660919189
1,27.04,8.95657679485157,9.95099544525146
1,27.05,8.95991009473801,9.9635124206543
1,27.06,8.96324339462444,9.97483730316162
1,27.07,8.96657669451088,9.98795032501221
1,27.08,8.96990999439731,9.99689102172852
1,27.09,8.97324329428375,10.0088119506836
1,27.1,8.97657659417018,10.0183486938477
1,27.11,8.97990989405662,10.0308656692505
1,27.12,8.98324319394306,10.0457668304443
1,27.13,8.98657649382949,10.0511312484741
1,27.14,8.98990979371592,10.0642442703247
1,27.15,8.99324309360236,10.0743770599365
1,27.16,8.99657639348879,10.0827217102051
1,27.17,8.99990969337523,10.0958347320557
1,27.18,9.00324299326167,10.1059675216675
1,27.19,9.0065762931481,10.1155042648315
1,27.2,9.00990959303454,10.1256370544434
1,27.21,9.01324289292097,10.1381540298462
1,27.22,9.01657619280741,10.148286819458
1,27.23,9.01990949269384,10.1625919342041
1,27.24,9.02324279258028,10.1768970489502
1,27.25,9.02657609246671,10.189414024353
1,27.26,9.02990939235315,10.2043151855469
1,27.27,9.03324269223958,10.2156400680542
1,27.28,9.03657599212602,10.228157043457
1,27.29,9.03990929201245,10.2424621582031
1,27.3,9.04324259189889,10.2537870407104
1,27.31,9.04657589178532,10.262131690979
1,27.32,9.04990919167176,10.2716684341431
1,27.33,9.05324249155819,10.2818012237549
1,27.34,9.05657579144463,10.2925300598145
1,27.35,9.05990909133107,10.2996826171875
1,27.36,9.0632423912175,10.3110074996948
1,27.37,9.06657569110394,10.3175640106201
1,27.38,9.06990899099037,10.3265047073364
1,27.39,9.07324229087681,10.3354454040527
1,27.4,9.07657559076324,10.3414058685303
1,27.41,9.07990889064968,10.3521347045898
1,27.42,9.08324219053611,10.3598833084106
1,27.43,9.08657549042255,10.3682279586792
1,27.44,9.08990879030898,10.3777647018433
1,27.45,9.09324209019542,10.3849172592163
1,27.46,9.09657539008185,10.3974342346191
1,27.47,9.09990868996829,10.407567024231
1,27.48,9.10324198985472,10.417103767395
1,27.49,9.10657528974116,10.4266405105591
1,27.5,9.1099085896276,10.4385614395142
1,27.51,9.11324188951403,10.4475021362305
1,27.52,9.11657518940046,10.4552507400513
1,27.53,9.1199084892869,10.4671716690063
1,27.54,9.12324178917333,10.4761123657227
1,27.55,9.12657508905977,10.4832649230957
1,27.56,9.12990838894621,10.489821434021
1,27.57,9.13324168883264,10.4975700378418
1,27.58,9.13657498871908,10.5023384094238
1,27.59,9.13990828860551,10.5136632919312
1,27.6,9.14324158849195,10.5249881744385
1,27.61,9.14657488837838,10.5369091033936
1,27.62,9.14990818826482,10.5494260787964
1,27.63,9.15324148815125,10.5631351470947
1,27.64,9.15657478803769,10.5738639831543
1,27.65,9.15990808792412,10.5899572372437
1,27.66,9.16324138781056,10.603666305542
1,27.67,9.16657468769699,10.6179714202881
1,27.68,9.16990798758343,10.6340646743774
1,27.69,9.17324128746986,10.6441974639893
1,27.7,9.1765745873563,10.6579065322876
1,27.71,9.17990788724273,10.6734037399292
1,27.72,9.18324118712917,10.6853246688843
1,27.73,9.18657448701561,10.7008218765259
1,27.74,9.18990778690204,10.7091665267944
1,27.75,9.19324108678848,10.722279548645
1,27.76,9.19657438667491,10.7365846633911
1,27.77,9.19990768656135,10.7496976852417
1,27.78,9.20324098644778,10.7616186141968
1,27.79,9.20657428633422,10.7741355895996
1,27.8,9.20990758622065,10.7890367507935
1,27.81,9.21324088610709,10.802149772644
1,27.82,9.21657418599352,10.8158588409424
1,27.83,9.21990748587996,10.8343362808228
1,27.84,9.22324078576639,10.8492374420166
1,27.85,9.22657408565283,10.8605623245239
1,27.86,9.22990738553927,10.872483253479
1,27.87,9.2332406854257,10.8844041824341
1,27.88,9.23657398531213,10.8981132507324
1,27.89,9.23990728519857,10.9118223190308
1,27.9,9.243240585085,10.9231472015381
1,27.91,9.24657388497144,10.9332799911499
1,27.92,9.24990718485788,10.947585105896
1,27.93,9.25324048474431,10.954737663269
1,27.94,9.25657378463075,10.9678506851196
1,27.95,9.25990708451718,10.9750032424927
1,27.96,9.26324038440362,10.9833478927612
1,27.97,9.26657368429005,10.9928846359253
1,27.98,9.26990698417649,11.0048055648804
1,27.99,9.27324028406292,11.0137462615967
1,28,9.27657358394936,11.0256671905518
1,28.01,9.27990688383579,11.0352039337158
1,28.02,9.28324018372223,11.0495090484619
1,28.03,9.28657348360866,11.0578536987305
1,28.04,9.2899067834951,11.0656023025513
1,28.05,9.29324008338153,11.0787153244019
1,28.06,9.29657338326797,11.0924243927002
1,28.07,9.2999066831544,11.1055374145508
1,28.08,9.30323998304084,11.1180543899536
1,28.09,9.30657328292728,11.1287832260132
1,28.1,9.30990658281371,11.141300201416
1,28.11,9.31323988270015,11.1544132232666
1,28.12,9.31657318258658,11.1681222915649
1,28.13,9.31990648247302,11.1806392669678
1,28.14,9.32323978235945,11.1979246139526
1,28.15,9.32657308224589,11.2104415893555
1,28.16,9.32990638213232,11.2223625183105
1,28.17,9.33323968201876,11.2384557723999
1,28.18,9.33657298190519,11.2473964691162
1,28.19,9.33990628179163,11.2593173980713
1,28.2,9.34323958167806,11.2658739089966
1,28.21,9.3465728815645,11.2766027450562
1,28.22,9.34990618145093,11.2855434417725
1,28.23,9.35323948133737,11.3040208816528
1,28.24,9.35657278122381,11.3147497177124
1,28.25,9.35990608111024,11.332631111145
1,28.26,9.36323938099667,11.3445520401001
1,28.27,9.36657268088311,11.3582611083984
1,28.28,9.36990598076954,11.3672018051147
1,28.29,9.37323928065598,11.3767385482788
1,28.3,9.37657258054242,11.3904476165771
1,28.31,9.37990588042885,11.4023685455322
1,28.32,9.38323918031529,11.4148855209351
1,28.33,9.38657248020172,11.4220380783081
1,28.34,9.38990578008816,11.4327669143677
1,28.35,9.39323907997459,11.444091796875
1,28.36,9.39657237986103,11.4530324935913
1,28.37,9.39990567974746,11.4649534225464
1,28.38,9.4032389796339,11.4727020263672
1,28.39,9.40657227952033,11.48521900177
1,28.4,9.40990557940677,11.4947557449341
1,28.41,9.4132388792932,11.5066766738892
1,28.42,9.41657217917964,11.51442527771
1,28.43,9.41990547906607,11.5221738815308
1,28.44,9.42323877895251,11.5311145782471
1,28.45,9.42657207883894,11.5376710891724
1,28.46,9.42990537872538,11.5424394607544
1,28.47,9.43323867861182,11.553168296814
1,28.48,9.43657197849825,11.5615129470825
1,28.49,9.43990527838469,11.5740299224854
1,28.5,9.44323857827112,11.5805864334106
1,28.51,9.44657187815756,11.5865468978882
1,28.52,9.44990517804399,11.591911315918
1,28.53,9.45323847793043,11.5948915481567
1,28.54,9.45657177781686,11.6044282913208
1,28.55,9.4599050777033,11.6109848022461
1,28.56,9.46323837758973,11.6187334060669
1,28.57,9.46657167747617,11.6193294525146
1,28.58,9.4699049773626,11.6258859634399
1,28.59,9.47323827724904,11.6264820098877
1,28.6,9.47657157713548,11.633038520813
1,28.61,9.47990487702191,11.6324424743652
1,28.62,9.48323817690834,11.6425752639771
1,28.63,9.48657147679478,11.6467475891113
1,28.64,9.48990477668121,11.6527080535889
1,28.65,9.49323807656765,11.6598606109619
1,28.66,9.49657137645409,11.669397354126
1,28.67,9.49990467634052,11.6771459579468
1,28.68,9.50323797622696,11.6866827011108
1,28.69,9.50657127611339,11.6944313049316
1,28.7,9.50990457599983,11.7093324661255
1,28.71,9.51323787588626,11.7230415344238
1,28.72,9.5165711757727,11.7373466491699
1,28.73,9.51990447565913,11.751651763916
1,28.74,9.52323777554557,11.7689371109009
1,28.75,9.526571075432,11.7796659469604
1,28.76,9.52990437531844,11.7993354797363
1,28.77,9.53323767520487,11.8130445480347
1,28.78,9.53657097509131,11.826753616333
1,28.79,9.53990427497774,11.8416547775269
1,28.8,9.54323757486418,11.8565559387207
1,28.81,9.54657087475061,11.8714570999146
1,28.82,9.54990417463705,11.8821859359741
1,28.83,9.55323747452349,11.8923187255859
1,28.84,9.55657077440992,11.904239654541
1,28.85,9.55990407429636,11.9167566299438
1,28.86,9.56323737418279,11.9268894195557
1,28.87,9.56657067406923,11.9364261627197
1,28.88,9.56990397395566,11.9489431381226
1,28.89,9.5732372738421,11.9584798812866
1,28.9,9.57657057372853,11.9698047637939
1,28.91,9.57990387361497,11.9805335998535
1,28.92,9.5832371735014,11.9930505752563
1,28.93,9.58657047338784,12.0043754577637
1,28.94,9.58990377327427,12.01331615448
1,28.95,9.59323707316071,12.0288133621216
1,28.96,9.59657037304714,12.0449066162109
1,28.97,9.59990367293358,12.059211730957
1,28.98,9.60323697282002,12.0711326599121
1,28.99,9.60657027270645,12.0842456817627
1,29,9.60990357259288,12.0997428894043
1,29.01,9.61323687247932,12.1128559112549
1,29.02,9.61657017236575,12.1289491653442
1,29.03,9.61990347225219,12.1444463729858
1,29.04,9.62323677213863,12.1617317199707
1,29.05,9.62657007202506,12.1718645095825
1,29.06,9.6299033719115,12.1849775314331
1,29.07,9.63323667179793,12.1968984603882
1,29.08,9.63656997168437,12.211799621582
1,29.09,9.6399032715708,12.2225284576416
1,29.1,9.64323657145724,12.2362375259399
1,29.11,9.64656987134367,12.2469663619995
1,29.12,9.64990317123011,12.2624635696411
1,29.13,9.65323647111654,12.2803449630737
1,29.14,9.65656977100298,12.2940540313721
1,29.15,9.65990307088941,12.3041868209839
1,29.16,9.66323637077585,12.3178958892822
1,29.17,9.66656967066228,12.3274326324463
1,29.18,9.66990297054872,12.3393535614014
1,29.19,9.67323627043515,12.3530626296997
1,29.2,9.67656957032159,12.3625993728638
1,29.21,9.67990287020803,12.3751163482666
1,29.22,9.68323617009446,12.3876333236694
1,29.23,9.6865694699809,12.3995542526245
1,29.24,9.68990276986733,12.4090909957886
1,29.25,9.69323606975377,12.4204158782959
1,29.26,9.6965693696402,12.4317407608032
1,29.27,9.69990266952664,12.4448537826538
1,29.28,9.70323596941307,12.4591588973999
1,29.29,9.70656926929951,12.4704837799072
1,29.3,9.70990256918594,12.4841928482056
1,29.31,9.71323586907238,12.4961137771606
1,29.32,9.71656916895881,12.5110149383545
1,29.33,9.71990246884525,12.5199556350708
1,29.34,9.72323576873169,12.5342607498169
1,29.35,9.72656906861812,12.5479698181152
1,29.36,9.72990236850456,12.5610828399658
1,29.37,9.73323566839099,12.5712156295776
1,29.38,9.73656896827742,12.587308883667
1,29.39,9.73990226816386,12.6010179519653
1,29.4,9.7432355680503,12.6159191131592
1,29.41,9.74656886793673,12.6278400421143
1,29.42,9.74990216782317,12.6367807388306
1,29.43,9.7532354677096,12.6492977142334
1,29.44,9.75656876759604,12.6606225967407
1,29.45,9.75990206748247,12.669563293457
1,29.46,9.76323536736891,12.6761198043823
1,29.47,9.76656866725534,12.6844644546509
1,29.48,9.76990196714178,12.6934051513672
1,29.49,9.77323526702821,12.698769569397
1,29.5,9.77656856691465,12.7112865447998
1,29.51,9.77990186680108,12.7166509628296
1,29.52,9.78323516668752,12.7243995666504
1,29.53,9.78656846657395,12.7339363098145
1,29.54,9.78990176646039,12.7416849136353
1,29.55,9.79323506634682,12.7488374710083
1,29.56,9.79656836623326,12.7595663070679
1,29.57,9.7999016661197,12.7655267715454
1,29.58,9.80323496600613,12.7780437469482
1,29.59,9.80656826589257,12.7869844436646
1,29.6,9.809901565779,12.8000974655151
1,29.61,9.81323486566544,12.8120183944702
1,29.62,9.81656816555187,12.8281116485596
1,29.63,9.81990146543831,12.8406286239624
1,29.64,9.82323476532474,12.8549337387085
1,29.65,9.82656806521118,12.8668546676636
1,29.66,9.82990136509761,12.8799676895142
1,29.67,9.83323466498405,12.8906965255737
1,29.68,9.83656796487048,12.9044055938721
1,29.69,9.83990126475692,12.9216909408569
1,29.7,9.84323456464335,12.9354000091553
1,29.71,9.84656786452979,12.9508972167969
1,29.72,9.84990116441623,12.967586517334
1,29.73,9.85323446430266,12.9848718643188
1,29.74,9.85656776418909,12.9991769790649
1,29.75,9.85990106407553,13.0146741867065
1,29.76,9.86323436396196,13.0301713943481
1,29.77,9.8665676638484,13.0409002304077
1,29.78,9.86990096373484,13.0540132522583
1,29.79,9.87323426362127,13.0653381347656
1,29.8,9.87656756350771,13.0832195281982
1,29.81,9.87990086339414,13.0969285964966
1,29.82,9.88323416328058,13.1130218505859
1,29.83,9.88656746316701,13.1255388259888
1,29.84,9.88990076305345,13.1356716156006
1,29.85,9.89323406293988,13.1458044052124
1,29.86,9.89656736282632,13.1571292877197
1,29.87,9.89990066271275,13.1672620773315
1,29.88,9.90323396259919,13.1732225418091
1,29.89,9.90656726248562,13.1821632385254
1,29.9,9.90990056237206,13.1887197494507
1,29.91,9.91323386225849,13.197660446167
1,29.92,9.91656716214493,13.2036209106445
1,29.93,9.91990046203136,13.2149457931519
1,29.94,9.9232337619178,13.2220983505249
1,29.95,9.92656706180424,13.2304430007935
1,29.96,9.92990036169067,13.238787651062
1,29.97,9.93323366157711,13.2495164871216
1,29.98,9.93656696146354,13.2542848587036
1,29.99,9.93990026134998,13.2638216018677
1,30,9.94323356123641,13.2691860198975
1,30.01,9.94656686112285,13.2733583450317
1,30.02,9.94990016100928,13.2811069488525
1,30.03,9.95323346089572,13.2840871810913
1,30.04,9.95656676078215,13.2942199707031
1,30.05,9.95990006066859,13.3037567138672
1,30.06,9.96323336055502,13.3121013641357
1,30.07,9.96656666044146,13.3240222930908
1,30.08,9.9698999603279,13.3329629898071
1,30.09,9.97323326021433,13.34547996521
1,30.1,9.97656656010077,13.3603811264038
1,30.11,9.9798998599872,13.3728981018066
1,30.12,9.98323315987363,13.384222984314
1,30.13,9.98656645976007,13.3943557739258
1,30.14,9.98989975964651,13.4044885635376
1,30.15,9.99323305953294,13.4152173995972
1,30.16,9.99656635941938,13.4289264678955
1,30.17,9.99989965930581,13.434886932373
1,30.18,10.0032329591922,13.4426355361938
1,30.19,10.0065662590787,13.4521722793579
1,30.2,10.0098995589651,13.4557485580444
1,30.21,10.0132328588516,13.4658813476563
1,30.22,10.016566158738,13.4724378585815
1,30.23,10.0198994586244,13.4831666946411
1,30.24,10.0232327585109,13.4927034378052
1,30.25,10.0265660583973,13.4998559951782
1,30.26,10.0298993582837,13.5082006454468
1,30.27,10.0332326581702,13.5231018066406
1,30.28,10.0365659580566,13.5374069213867
1,30.29,10.039899257943,13.5529041290283
1,30.3,10.0432325578295,13.5618448257446
1,30.31,10.0465658577159,13.5737657546997
1,30.32,10.0498991576023,13.5880708694458
1,30.33,10.0532324574888,13.6053562164307
1,30.34,10.0565657573752,13.6172771453857
1,30.35,10.0598990572616,13.6327743530273
1,30.36,10.0632323571481,13.6464834213257
1,30.37,10.0665656570345,13.6607885360718
1,30.38,10.069898956921,13.6739015579224
1,30.39,10.0732322568074,13.6864185333252
1,30.4,10.0765655566938,13.698935508728
1,30.41,10.0798988565803,13.7114524841309
1,30.42,10.0832321564667,13.7221813201904
1,30.43,10.0865654563531,13.7341022491455
1,30.44,10.0898987562396,13.7430429458618
1,30.45,10.093232056126,13.7525796890259
1,30.46,10.0965653560124,13.7603282928467
1,30.47,10.0998986558989,13.7734413146973
1,30.48,10.1032319557853,13.7799978256226
1,30.49,10.1065652556717,13.7901306152344
1,30.5,10.1098985555582,13.8002634048462
1,30.51,10.1132318554446,13.8074159622192
1,30.52,10.116565155331,13.81516456604
1,30.53,10.1198984552175,13.8306617736816
1,30.54,10.1232317551039,13.8425827026367
1,30.55,10.1265650549904,13.8545036315918
1,30.56,10.1298983548768,13.8646364212036
1,30.57,10.1332316547632,13.8795375823975
1,30.58,10.1365649546497,13.890266418457
1,30.59,10.1398982545361,13.9027833938599
1,30.6,10.1432315544225,13.9123201370239
1,30.61,10.146564854309,13.929009437561
1,30.62,10.1498981541954,13.9373540878296
1,30.63,10.1532314540818,13.9492750167847
1,30.64,10.1565647539683,13.9671564102173
1,30.65,10.1598980538547,13.9826536178589
1,30.66,10.1632313537411,13.994574546814
1,30.67,10.1665646536276,14.0142440795898
1,30.68,10.169897953514,14.0273571014404
1,30.69,10.1732312534004,14.0434503555298
1,30.7,10.1765645532869,14.0655040740967
1,30.71,10.1798978531733,14.0798091888428
1,30.72,10.1832311530598,14.0923261642456
1,30.73,10.1865644529462,14.1102075576782
1,30.74,10.1898977528326,14.1209363937378
1,30.75,10.1932310527191,14.1388177871704
1,30.76,10.1965643526055,14.1555070877075
1,30.77,10.1998976524919,14.1698122024536
1,30.78,10.2032309523784,14.1781568527222
1,30.79,10.2065642522648,14.1888856887817
1,30.8,10.2098975521512,14.1942501068115
1,30.81,10.2132308520377,14.2049789428711
1,30.82,10.2165641519241,14.2192840576172
1,30.83,10.2198974518105,14.222264289856
1,30.84,10.223230751697,14.2258405685425
1,30.85,10.2265640515834,14.2323970794678
1,30.86,10.2298973514698,14.2377614974976
1,30.87,10.2332306513563,14.2437219619751
1,30.88,10.2365639512427,14.2538547515869
1,30.89,10.2398972511292,14.2586231231689
1,30.9,10.2432305510156,14.268159866333
1,30.91,10.246563850902,14.2759084701538
1,30.92,10.2498971507885,14.2884254455566
1,30.93,10.2532304506749,14.2943859100342
1,30.94,10.2565637505613,14.3051147460938
1,30.95,10.2598970504478,14.3164396286011
1,30.96,10.2632303503342,14.3325328826904
1,30.97,10.2665636502206,14.3444538116455
1,30.98,10.2698969501071,14.3563747406006
1,30.99,10.2732302499935,14.3754482269287
1,31,10.2765635498799,14.3903493881226
1,31.01,10.2798968497664,14.4100189208984
1,31.02,10.2832301496528,14.42551612854
1,31.03,10.2865634495392,14.4422054290771
1,31.04,10.2898967494257,14.4541263580322
1,31.05,10.2932300493121,14.4708156585693
1,31.06,10.2965633491986,14.4803524017334
1,31.07,10.299896649085,14.493465423584
1,31.08,10.3032299489714,14.5053863525391
1,31.09,10.3065632488579,14.5143270492554
1,31.1,10.3098965487443,14.5280361175537
1,31.11,10.3132298486307,14.5387649536133
1,31.12,10.3165631485172,14.5500898361206
1,31.13,10.3198964484036,14.5584344863892
1,31.14,10.32322974829,14.5643949508667
1,31.15,10.3265630481765,14.5721435546875
1,31.16,10.3298963480629,14.5840644836426
1,31.17,10.3332296479493,14.5882368087769
1,31.18,10.3365629478358,14.6025419235229
1,31.19,10.3398962477222,14.614462852478
1,31.2,10.3432295476086,14.6228075027466
1,31.21,10.3465628474951,14.6371126174927
1,31.22,10.3498961473815,14.6472454071045
1,31.23,10.3532294472679,14.6549940109253
1,31.24,10.3565627471544,14.6704912185669
1,31.25,10.3598960470408,14.6794319152832
1,31.26,10.3632293469273,14.6913528442383
1,31.27,10.3665626468137,14.6961212158203
1,31.28,10.3698959467001,14.7068500518799
1,31.29,10.3732292465866,14.7277116775513
1,31.3,10.376562546473,14.7414207458496
1,31.31,10.3798958463594,14.7557258605957
1,31.32,10.3832291462459,14.7664546966553
1,31.33,10.3865624461323,14.7759914398193
1,31.34,10.3898957460187,14.7926807403564
1,31.35,10.3932290459052,14.8022174835205
1,31.36,10.3965623457916,14.8200988769531
1,31.37,10.399895645678,14.8355960845947
1,31.38,10.4032289455645,14.8499011993408
1,31.39,10.4065622454509,14.8594379425049
1,31.4,10.4098955453373,14.8701667785645
1,31.41,10.4132288452238,14.878511428833
1,31.42,10.4165621451102,14.8928165435791
1,31.43,10.4198954449967,14.9011611938477
1,31.44,10.4232287448831,14.9071216583252
1,31.45,10.4265620447695,14.9190425872803
1,31.46,10.429895344656,14.9261951446533
1,31.47,10.4332286445424,14.9357318878174
1,31.48,10.4365619444288,14.9416923522949
1,31.49,10.4398952443153,14.9524211883545
1,31.5,10.4432285442017,14.9679183959961
1,31.51,10.4465618440881,14.9822235107422
1,31.52,10.4498951439746,14.9905681610107
1,31.53,10.453228443861,15.0108337402344
1,31.54,10.4565617437474,15.023946762085
1,31.55,10.4598950436339,15.03586769104
1,31.56,10.4632283435203,15.0561332702637
1,31.57,10.4665616434067,15.0704383850098
1,31.58,10.4698949432932,15.0859355926514
1,31.59,10.4732282431796,15.101432800293
1,31.6,10.4765615430661,15.1157379150391
1,31.61,10.4798948429525,15.1205062866211
1,31.62,10.4832281428389,15.1336193084717
1,31.63,10.4865614427254,15.1431560516357
1,31.64,10.4898947426118,15.1598453521729
1,31.65,10.4932280424982,15.1729583740234
1,31.66,10.4965613423847,15.1848793029785
1,31.67,10.4998946422711,15.1979923248291
1,31.68,10.5032279421575,15.2063369750977
1,31.69,10.506561242044,15.2146816253662
1,31.7,10.5098945419304,15.2230262756348
1,31.71,10.5165611417033,15.2373313903809
1,31.73,10.5198944415897,15.2599811553955
1,31.74,10.5232277414761,15.2730941772461
1,31.75,10.5265610413626,15.2850151062012
1,31.76,10.529894341249,15.2957439422607
1,31.77,10.5332276411355,15.3100490570068
1,31.78,10.5365609410219,15.3303146362305
1,31.79,10.5398942409083,15.34104347229
1,31.8,10.5465608406812,15.3505802154541
1,31.82,10.5498941405676,15.3791904449463
1,31.83,10.5532274404541,15.3982639312744
1,31.84,10.5565607403405,15.416145324707
1,31.85,10.5632273401134,15.4376029968262
1,31.86,10.5665606399998,15.4519081115723
1,31.88,10.5698939398862,15.488862991333
1,31.89,10.5732272397727,15.5043601989746
1,31.9,10.5798938395455,15.5222415924072
1,31.91,10.583227139432,15.5341625213623
1,31.92,10.5865604393184,15.5496597290039
1,31.94,10.5898937392049,15.5746936798096
1,31.95,10.5965603389777,15.5901908874512
1,31.96,10.5998936388642,15.6068801879883
1,31.97,10.6032269387506,15.6176090240479
1,31.98,10.606560238637,15.634298324585
1,32,10.6132268384099,15.6641006469727
1,32.01,10.6165601382963,15.6795978546143
1,32.02,10.6198934381828,15.6950950622559
1,32.03,10.6232267380692,15.709400177002
1,32.04,10.6265600379556,15.7225131988525
1,32.05,10.6298933378421,15.7380104064941
1,32.06,10.6332266377285,15.7511234283447
1,32.07,10.6365599376149,15.7713890075684
1,32.08,10.6398932375014,15.7856941223145
1,32.09,10.6432265373878,15.7999992370605
1,32.1,10.6465598372743,15.8095359802246
1,32.11,10.6498931371607,15.8226490020752
1,32.12,10.6532264370471,15.8333778381348
1,32.13,10.6565597369336,15.8441066741943
1,32.14,10.65989303682,15.8631801605225
1,32.15,10.6632263367064,15.8774852752686
1,32.16,10.6665596365929,15.8834457397461
1,32.17,10.6698929364793,15.8977508544922
1,32.18,10.6732262363657,15.9120559692383
1,32.19,10.6765595362522,15.9251689910889
1,32.2,10.6798928361386,15.9382820129395
1,32.21,10.683226136025,15.9525871276855
1,32.22,10.6865594359115,15.9668922424316
1,32.23,10.6898927357979,15.9776210784912
1,32.24,10.6932260356843,15.9835815429688
1,32.25,10.6965593355708,15.9978866577148
1,32.26,10.6998926354572,16.0181522369385
1,32.27,10.7032259353437,16.0312652587891
1,32.28,10.7065592352301,16.0479545593262
1,32.29,10.7098925351165,16.0598754882813
1,32.3,10.713225835003,16.0789489746094
1,32.31,10.7165591348894,16.0932540893555
1,32.32,10.7198924347758,16.103982925415
1,32.33,10.7232257346623,16.1242485046387
1,32.34,10.7265590345487,16.1325931549072
1,32.35,10.7298923344351,16.1528587341309
1,32.36,10.7332256343216,16.167163848877
1,32.37,10.736558934208,16.181468963623
1,32.38,10.7398922340944,16.2017345428467
1,32.39,10.7432255339809,16.2184238433838
1,32.4,10.7465588338673,16.2398815155029
1,32.41,10.7498921337537,16.249418258667
1,32.42,10.7532254336402,16.2696838378906
1,32.43,10.7565587335266,16.2851810455322
1,32.44,10.7598920334131,16.3030624389648
1,32.45,10.7632253332995,16.322135925293
1,32.46,10.7665586331859,16.3388252258301
1,32.47,10.7698919330724,16.3543224334717
1,32.48,10.7732252329588,16.3745880126953
1,32.49,10.7765585328452,16.3960456848145
1,32.5,10.7798918327317,16.4139270782471
1,32.51,10.7832251326181,16.4330005645752
1,32.52,10.7865584325045,16.4520740509033
1,32.53,10.789891732391,16.4639949798584
1,32.54,10.7932250322774,16.4783000946045
1,32.55,10.7965583321638,16.4926052093506
1,32.56,10.7998916320503,16.5092945098877
1,32.57,10.8032249319367,16.5235996246338
1,32.58,10.8065582318231,16.5319442749023
1,32.59,10.8098915317096,16.5414810180664
1,32.6,10.813224831596,16.552209854126
1,32.61,10.8165581314825,16.559362411499
1,32.62,10.8198914313689,16.5712833404541
1,32.63,10.8232247312553,16.5808200836182
1,32.64,10.8265580311418,16.5903568267822
1,32.65,10.8298913310282,16.5998935699463
1,32.66,10.8332246309146,16.6082382202148
1,32.67,10.8365579308011,16.6165828704834
1,32.68,10.8398912306875,16.6261196136475
1,32.69,10.8432245305739,16.6356563568115
1,32.7,10.8465578304604,16.634464263916
1,32.71,10.8498911303468,16.6499614715576
1,32.72,10.8532244302332,16.6547298431396
1,32.73,10.8565577301197,16.6618824005127
1,32.74,10.8598910300061,16.6618824005127
1,32.75,10.8632243298925,16.6785717010498
1,32.76,10.866557629779,16.6857242584229
1,32.77,10.8698909296654,16.6928768157959
1,32.78,10.8732242295519,16.7059898376465
1,32.79,10.8765575294383,16.709566116333
1,32.8,10.8798908293247,16.7167186737061
1,32.81,10.8832241292112,16.7310237884521
1,32.82,10.8865574290976,16.7393684387207
1,32.83,10.889890728984,16.7465209960938
1,32.84,10.8932240288705,16.7572498321533
1,32.85,10.8965573287569,16.7667865753174
1,32.86,10.8998906286433,16.777515411377
1,32.87,10.9032239285298,16.791820526123
1,32.88,10.9065572284162,16.8049335479736
1,32.89,10.9098905283026,16.8120861053467
1,32.9,10.9132238281891,16.8263912200928
1,32.91,10.9165571280755,16.8347358703613
1,32.92,10.9198904279619,16.8466567993164
1,32.93,10.9232237278484,16.8561935424805
1,32.94,10.9265570277348,16.86692237854
1,32.95,10.9298903276213,16.8740749359131
1,32.96,10.9332236275077,16.8871879577637
1,32.97,10.9365569273941,16.8991088867188
1,32.98,10.9398902272806,16.9146060943604
1,32.99,10.943223527167,16.9265270233154
1,33,10.9465568270534,16.9432163238525
1,33.01,10.9498901269399,16.9527530670166
1,33.02,10.9532234268263,16.9682502746582
1,33.03,10.9565567267127,16.9837474822998
1,33.04,10.9598900265992,16.9956684112549
1,33.05,10.9632233264856,17.017126083374
1,33.06,10.966556626372,17.0278549194336
1,33.07,10.9698899262585,17.0326232910156
1,33.08,10.9732232261449,17.0516967773438
1,33.09,10.9765565260313,17.0731544494629
1,33.1,10.9798898259178,17.085075378418
1,33.11,10.9832231258042,17.0934200286865
1,33.12,10.9865564256907,17.1053409576416
1,33.13,10.9898897255771,17.1244144439697
1,33.14,10.9932230254635,17.1339511871338
1,33.15,10.99655632535,17.1399116516113
1,33.16,10.9998896252364,17.1589851379395
1,33.17,11.0032229251228,17.1685218811035
1,33.18,11.0065562250093,17.1816349029541
1,33.19,11.0098895248957,17.1864032745361
1,33.2,11.0132228247821,17.2030925750732
1,33.21,11.0165561246686,17.2138214111328
1,33.22,11.019889424555,17.2281265258789
1,33.23,11.0232227244414,17.237663269043
1,33.24,11.0265560243279,17.2483921051025
1,33.25,11.0298893242143,17.2615051269531
1,33.26,11.0332226241007,17.2734260559082
1,33.27,11.0365559239872,17.2913074493408
1,33.28,11.0398892238736,17.3056125640869
1,33.29,11.0432225237601,17.322301864624
1,33.3,11.0465558236465,17.3377990722656
1,33.31,11.0498891235329,17.3604488372803
1,33.32,11.0532224234194,17.3723697662354
1,33.33,11.0565557233058,17.3938274383545
1,33.34,11.0598890231922,17.4140930175781
1,33.35,11.0632223230787,17.4307823181152
1,33.36,11.0665556229651,17.4474716186523
1,33.37,11.0698889228515,17.4665451049805
1,33.38,11.073222222738,17.4796581268311
1,33.39,11.0765555226244,17.4987316131592
1,33.4,11.0798888225108,17.5154209136963
1,33.41,11.0832221223973,17.5297260284424
1,33.42,11.0865554222837,17.540454864502
1,33.43,11.0898887221701,17.5607204437256
1,33.44,11.0932220220566,17.5774097442627
1,33.45,11.096555321943,17.5976753234863
1,33.46,11.0998886218295,17.6167488098145
1,33.47,11.1032219217159,17.629861831665
1,33.48,11.1065552216023,17.6429748535156
1,33.49,11.1098885214888,17.6596641540527
1,33.5,11.1132218213752,17.6787376403809
1,33.51,11.1165551212616,17.6942348480225
1,33.52,11.1198884211481,17.704963684082
1,33.53,11.1232217210345,17.7216529846191
1,33.54,11.1265550209209,17.7323818206787
1,33.55,11.1298883208074,17.7478790283203
1,33.56,11.1332216206938,17.7645683288574
1,33.57,11.1365549205802,17.7717208862305
1,33.58,11.1398882204667,17.78244972229
1,33.59,11.1432215203531,17.7919864654541
1,33.6,11.1465548202395,17.8015232086182
1,33.61,11.149888120126,17.8086757659912
1,33.62,11.1532214200124,17.8194046020508
1,33.63,11.1565547198988,17.8372859954834
1,33.64,11.1598880197853,17.845630645752
1,33.65,11.1632213196717,17.859935760498
1,33.66,11.1665546195582,17.8682804107666
1,33.67,11.1698879194446,17.8837776184082
1,33.68,11.173221219331,17.8945064544678
1,33.69,11.1765545192175,17.9135799407959
1,33.7,11.1798878191039,17.9290771484375
1,33.71,11.1832211189903,17.9457664489746
1,33.72,11.1865544188768,17.9624557495117
1,33.73,11.1898877187632,17.9815292358398
1,33.74,11.1932210186496,17.9994106292725
1,33.75,11.1965543185361,18.0149078369141
1,33.76,11.1998876184225,18.0327892303467
1,33.77,11.2032209183089,18.0518627166748
1,33.78,11.2065542181954,18.0649757385254
1,33.79,11.2098875180818,18.082857131958
1,33.8,11.2132208179682,18.0923938751221
1,33.81,11.2165541178547,18.1126594543457
1,33.82,11.2198874177411,18.1305408477783
1,33.83,11.2232207176276,18.1460380554199
1,33.84,11.226554017514,18.165111541748
1,33.85,11.2298873174004,18.1698799133301
1,33.86,11.2332206172869,18.1865692138672
1,33.87,11.2365539171733,18.1961059570313
1,33.88,11.2398872170597,18.2056427001953
1,33.89,11.2432205169462,18.2175636291504
1,33.9,11.2465538168326,18.2235240936279
1,33.91,11.249887116719,18.233060836792
1,33.92,11.2532204166055,18.2473659515381
1,33.93,11.2565537164919,18.2592868804932
1,33.94,11.2598870163783,18.2700157165527
1,33.95,11.2632203162648,18.2783603668213
1,33.96,11.2665536161512,18.2938575744629
1,33.97,11.2698869160377,18.3093547821045
1,33.98,11.2732202159241,18.3200836181641
1,33.99,11.2765535158105,18.3320045471191
1,34,11.279886815697,18.3498859405518
1,34.01,11.2832201155834,18.3653831481934
1,34.02,11.2865534154698,18.3761119842529
1,34.03,11.2898867153563,18.3951854705811
1,34.04,11.2932200152427,18.4106826782227
1,34.05,11.2965533151291,18.4261798858643
1,34.06,11.2998866150156,18.4357166290283
1,34.07,11.303219914902,18.4476375579834
1,34.08,11.3065532147884,18.4643268585205
1,34.09,11.3098865146749,18.4714794158936
1,34.1,11.3132198145613,18.4893608093262
1,34.11,11.3165531144477,18.5048580169678
1,34.12,11.3198864143342,18.5179710388184
1,34.13,11.3232197142206,18.5310840606689
1,34.14,11.326553014107,18.5370445251465
1,34.15,11.3298863139935,18.5441970825195
1,34.16,11.3332196138799,18.5608863830566
1,34.17,11.3365529137664,18.5739994049072
1,34.18,11.3398862136528,18.5859203338623
1,34.19,11.3432195135392,18.6038017272949
1,34.2,11.3465528134257,18.6145305633545
1,34.21,11.3498861133121,18.6252593994141
1,34.22,11.3532194131985,18.6431407928467
1,34.23,11.356552713085,18.6467170715332
1,34.24,11.3598860129714,18.6669826507568
1,34.25,11.3632193128578,18.6789035797119
1,34.26,11.3665526127443,18.6920166015625
1,34.27,11.3698859126307,18.7015533447266
1,34.28,11.3732192125171,18.7063217163086
1,34.29,11.3765525124036,18.7230110168457
1,34.3,11.37988581229,18.7325477600098
1,34.31,11.3832191121764,18.7587738037109
1,34.32,11.3865524120629,18.7623500823975
1,34.33,11.3898857119493,18.775463104248
1,34.34,11.3932190118358,18.7909603118896
1,34.35,11.3965523117222,18.8040733337402
1,34.36,11.3998856116086,18.8207626342773
1,34.37,11.4032189114951,18.8326835632324
1,34.38,11.4065522113815,18.845796585083
1,34.39,11.4098855112679,18.8624858856201
1,34.4,11.4132188111544,18.8732147216797
1,34.41,11.4165521110408,18.8791751861572
1,34.42,11.4198854109272,18.8922882080078
1,34.43,11.4232187108137,18.9054012298584
1,34.44,11.4265520107001,18.9113616943359
1,34.45,11.4298853105865,18.9208984375
1,34.46,11.433218610473,18.928050994873
1,34.47,11.4365519103594,18.9387798309326
1,34.48,11.4398852102458,18.9495086669922
1,34.49,11.4432185101323,18.9542770385742
1,34.5,11.4465518100187,18.9626216888428
1,34.51,11.4498851099052,18.9697742462158
1,34.52,11.4532184097916,18.9781188964844
1,34.53,11.456551709678,18.9948081970215
1,34.54,11.4598850095645,19.0103054046631
1,34.55,11.4632183094509,19.0222263336182
1,34.56,11.4665516093373,19.0389156341553
1,34.57,11.4698849092238,19.0591812133789
1,34.58,11.4732182091102,19.0722942352295
1,34.59,11.4765515089966,19.0913677215576
1,34.6,11.4798848088831,19.1116333007813
1,34.61,11.4832181087695,19.1307067871094
1,34.62,11.4865514086559,19.148588180542
1,34.63,11.4898847085424,19.1676616668701
1,34.64,11.4932180084288,19.1879272460938
1,34.65,11.4965513083152,19.2046165466309
1,34.66,11.4998846082017,19.2248821258545
1,34.67,11.5032179080881,19.2427635192871
1,34.68,11.5065512079746,19.2594528198242
1,34.69,11.509884507861,19.2773342132568
1,34.7,11.5132178077474,19.2975997924805
1,34.71,11.5165511076339,19.3130970001221
1,34.72,11.5198844075203,19.3297863006592
1,34.73,11.5232177074067,19.3440914154053
1,34.74,11.5265510072932,19.3631649017334
1,34.75,11.5298843071796,19.3727016448975
1,34.76,11.533217607066,19.3929672241211
1,34.77,11.5365509069525,19.4072723388672
1,34.78,11.5398842068389,19.4215774536133
1,34.79,11.5432175067253,19.4334983825684
1,34.8,11.5465508066118,19.4442272186279
1,34.81,11.5498841064982,19.458532333374
1,34.82,11.5532174063846,19.4740295410156
1,34.83,11.5565507062711,19.4871425628662
1,34.84,11.5598840061575,19.5014476776123
1,34.85,11.563217306044,19.5157527923584
1,34.86,11.5665506059304,19.526481628418
1,34.87,11.5698839058168,19.5431709289551
1,34.88,11.5732172057033,19.5586681365967
1,34.89,11.5765505055897,19.5741653442383
1,34.9,11.5798838054761,19.5872783660889
1,34.91,11.5832171053626,19.5980072021484
1,34.92,11.586550405249,19.611120223999
1,34.93,11.5898837051354,19.6254253387451
1,34.94,11.5932170050219,19.6337699890137
1,34.95,11.5965503049083,19.6516513824463
1,34.96,11.5998836047947,19.6611881256104
1,34.97,11.6032169046812,19.679069519043
1,34.98,11.6065502045676,19.686222076416
1,34.99,11.609883504454,19.6993350982666
1,35,11.6132168043405,19.7112560272217
1,35.01,11.6165501042269,19.7196006774902
1,35.02,11.6198834041134,19.7339057922363
1,35.03,11.6232167039998,19.7458267211914
1,35.04,11.6265500038862,19.766092300415
1,35.05,11.6298833037727,19.7756290435791
1,35.06,11.6332166036591,19.7899341583252
1,35.07,11.6365499035455,19.8066234588623
1,35.08,11.639883203432,19.8173522949219
1,35.09,11.6432165033184,19.831657409668
1,35.1,11.6465498032048,19.8483467102051
1,35.11,11.6498831030913,19.8626518249512
1,35.12,11.6532164029777,19.8769569396973
1,35.13,11.6565497028641,19.9007987976074
1,35.14,11.6598830027506,19.9127197265625
1,35.15,11.663216302637,19.9246406555176
1,35.16,11.6665496025234,19.9353694915771
1,35.17,11.6698829024099,19.9472904205322
1,35.18,11.6732162022963,19.9592113494873
1,35.19,11.6765495021828,19.981861114502
1,35.2,11.6798828020692,19.9878215789795
1,35.21,11.6832161019556,20.0009346008301
1,35.22,11.6865494018421,20.0200080871582
1,35.23,11.6898827017285,20.0355052947998
1,35.24,11.6932160016149,20.0474262237549
1,35.25,11.6965493015014,20.0605392456055
1,35.26,11.6998826013878,20.0724601745605
1,35.27,11.7032159012742,20.0867652893066
1,35.28,11.7065492011607,20.0986862182617
1,35.29,11.7098825010471,20.1177597045898
1,35.3,11.7132158009335,20.1284885406494
1,35.31,11.71654910082,20.1416015625
1,35.32,11.7198824007064,20.1606750488281
1,35.33,11.7232157005928,20.1737880706787
1,35.34,11.7265490004793,20.1869010925293
1,35.35,11.7298823003657,20.1928615570068
1,35.36,11.7332156002522,20.211935043335
1,35.37,11.7365489001386,20.22385597229
1,35.38,11.739882200025,20.2345848083496
1,35.39,11.7432154999115,20.2441215515137
1,35.4,11.7465487997979,20.2500820159912
1,35.41,11.7498820996843,20.2608108520508
1,35.42,11.7532153995708,20.2715396881104
1,35.43,11.7565486994572,20.2846527099609
1,35.44,11.7598819993436,20.2977657318115
1,35.45,11.7632152992301,20.3120708465576
1,35.46,11.7665485991165,20.3239917755127
1,35.47,11.7698818990029,20.3382968902588
1,35.48,11.7732151988894,20.3478336334229
1,35.49,11.7765484987758,20.3633308410645
1,35.5,11.7798817986622,20.3859806060791
1,35.51,11.7832150985487,20.4014778137207
1,35.52,11.7865483984351,20.4145908355713
1,35.53,11.7898816983216,20.4312801361084
1,35.54,11.793214998208,20.451545715332
1,35.55,11.7965482980944,20.4682350158691
1,35.56,11.7998815979809,20.4861164093018
1,35.57,11.8032148978673,20.4956531524658
1,35.58,11.8065481977537,20.5147266387939
1,35.59,11.8098814976402,20.5302238464355
1,35.6,11.8132147975266,20.5481052398682
1,35.61,11.816548097413,20.5552577972412
1,35.62,11.8198813972995,20.5743312835693
1,35.63,11.8232146971859,20.592212677002
1,35.64,11.8265479970723,20.604133605957
1,35.65,11.8298812969588,20.6172466278076
1,35.66,11.8332145968452,20.6315517425537
1,35.67,11.8365478967316,20.6398963928223
1,35.68,11.8398811966181,20.6542015075684
1,35.69,11.8432144965045,20.6708908081055
1,35.7,11.846547796391,20.6863880157471
1,35.71,11.8498810962774,20.7006931304932
1,35.72,11.8532143961638,20.7114219665527
1,35.73,11.8565476960503,20.7316875457764
1,35.74,11.8598809959367,20.7424163818359
1,35.75,11.8632142958231,20.7638740539551
1,35.76,11.8665475957096,20.7781791687012
1,35.77,11.869880895596,20.7889080047607
1,35.78,11.8732141954824,20.8127498626709
1,35.79,11.8765474953689,20.831823348999
1,35.8,11.8798807952553,20.8532810211182
1,35.81,11.8832140951417,20.8687782287598
1,35.82,11.8865473950282,20.8818912506104
1,35.83,11.8898806949146,20.8985805511475
1,35.84,11.893213994801,20.9128856658936
1,35.85,11.8965472946875,20.9295749664307
1,35.86,11.8998805945739,20.9403038024902
1,35.87,11.9032138944604,20.9486484527588
1,35.88,11.9065471943468,20.9534168243408
1,35.89,11.9098804942332,20.9665298461914
1,35.9,11.9132137941197,20.982027053833
1,35.91,11.9165470940061,20.9903717041016
1,35.92,11.9198803938925,20.9963321685791
1,35.93,11.923213693779,21.0094451904297
1,35.94,11.9265469936654,21.0201740264893
1,35.95,11.9298802935518,21.0273265838623
1,35.96,11.9332135934383,21.0380554199219
1,35.97,11.9365468933247,21.0559368133545
1,35.98,11.9398801932111,21.0690498352051
1,35.99,11.9432134930976,21.0762023925781
1,36,11.946546792984,21.0893154144287
1,36.01,11.9498800928704,21.1060047149658
1,36.02,11.9532133927569,21.1191177368164
1,36.03,11.9565466926433,21.136999130249
1,36.04,11.9598799925297,21.1513042449951
1,36.05,11.9632132924162,21.1715698242188
1,36.06,11.9665465923026,21.1822986602783
1,36.07,11.9698798921891,21.2037563323975
1,36.08,11.9732131920755,21.2204456329346
1,36.09,11.9765464919619,21.2407112121582
1,36.1,11.9798797918484,21.2526321411133
1,36.11,11.9832130917348,21.2728977203369
1,36.12,11.9865463916212,21.289587020874
1,36.13,11.9898796915077,21.3062763214111
1,36.14,11.9932129913941,21.3158130645752
1,36.15,11.9965462912805,21.3289260864258
1,36.16,11.999879591167,21.3479995727539
1,36.17,12.0032128910534,21.3587284088135
1,36.18,12.0065461909398,21.3730335235596
1,36.19,12.0098794908263,21.3789939880371
1,36.2,12.0132127907127,21.3921070098877
1,36.21,12.0165460905991,21.4099884033203
1,36.22,12.0198793904856,21.4242935180664
1,36.23,12.023212690372,21.4302539825439
1,36.24,12.0265459902585,21.4493274688721
1,36.25,12.0298792901449,21.4648246765137
1,36.26,12.0332125900313,21.4779376983643
1,36.27,12.0365458899178,21.4922428131104
1,36.28,12.0398791898042,21.5041637420654
1,36.29,12.0432124896906,21.5244293212891
1,36.3,12.0465457895771,21.5399265289307
1,36.31,12.0498790894635,21.5554237365723
1,36.32,12.0532123893499,21.5709209442139
1,36.33,12.0565456892364,21.589994430542
1,36.34,12.0598789891228,21.6042995452881
1,36.35,12.0632122890092,21.6197967529297
1,36.36,12.0665455888957,21.6341018676758
1,36.37,12.0698788887821,21.6472148895264
1,36.38,12.0732121886685,21.660327911377
1,36.39,12.076545488555,21.6794013977051
1,36.4,12.0798787884414,21.6901302337646
1,36.41,12.0832120883279,21.7032432556152
1,36.42,12.0865453882143,21.7044353485107
1,36.43,12.0898786881007,21.7175483703613
1,36.44,12.0932119879872,21.7294692993164
1,36.45,12.0965452878736,21.742582321167
1,36.46,12.09987858776,21.7592716217041
1,36.47,12.1032118876465,21.7819213867188
1,36.48,12.1065451875329,21.7878818511963
1,36.49,12.1098784874193,21.8009948730469
1,36.5,12.1132117873058,21.8188762664795
1,36.51,12.1165450871922,21.8451023101807
1,36.52,12.1198783870786,21.8594074249268
1,36.53,12.1232116869651,21.8737125396729
1,36.54,12.1265449868515,21.8939781188965
1,36.55,12.1298782867379,21.9070911407471
1,36.56,12.1332115866244,21.9285488128662
1,36.57,12.1365448865108,21.9428539276123
1,36.58,12.1398781863973,21.9595432281494
1,36.59,12.1432114862837,21.977424621582
1,36.6,12.1465447861701,21.9833850860596
1,36.61,12.1498780860566,22.0048427581787
1,36.62,12.153211385943,22.0179557800293
1,36.63,12.1565446858294,22.0298767089844
1,36.64,12.1598779857159,22.047758102417
1,36.65,12.1632112856023,22.0596790313721
1,36.66,12.1665445854887,22.0727920532227
1,36.67,12.1698778853752,22.0823287963867
1,36.68,12.1732111852616,22.0990180969238
1,36.69,12.176544485148,22.1109390258789
1,36.7,12.1832110849209,22.1216678619385
1,36.71,12.1865443848073,22.1371650695801
1,36.73,12.1898776846938,22.1610069274902
1,36.74,12.1932109845802,22.1753120422363
1,36.75,12.1965442844667,22.1896171569824
1,36.76,12.1998775843531,22.2039222717285
1,36.77,12.206544184126,22.2170352935791
1,36.79,12.2098774840124,22.2492218017578
1,36.8,12.2165440837853,22.2647190093994
1,36.81,12.2198773836717,22.2873687744141
1,36.83,12.2232106835581,22.3195552825928
1,36.84,12.2265439834446,22.3433971405029
1,36.85,12.2332105832174,22.3541259765625
1,36.86,12.2365438831039,22.3731994628906
1,36.87,12.2398771829903,22.3910808563232
1,36.88,12.2432104828767,22.4065780639648
1,36.89,12.2465437827632,22.4220752716064
1,36.9,12.2498770826496,22.4316120147705
1,36.91,12.2532103825361,22.4471092224121
1,36.92,12.2565436824225,22.4661827087402
1,36.93,12.2598769823089,22.4769115447998
1,36.94,12.2632102821954,22.4912166595459
1,36.95,12.2665435820818,22.5067138671875
1,36.96,12.2698768819682,22.5162506103516
1,36.97,12.2732101818547,22.5341320037842
1,36.98,12.2765434817411,22.5496292114258
1,36.99,12.2798767816275,22.5651264190674
1,37,12.283210081514,22.5794315338135
1,37.01,12.2865433814004,22.5925445556641
1,37.02,12.2898766812868,22.6116180419922
1,37.03,12.2932099811733,22.6271152496338
1,37.04,12.2965432810597,22.6438045501709
1,37.05,12.2998765809461,22.6640701293945
1,37.06,12.3032098808326,22.6759910583496
1,37.07,12.306543180719,22.6962566375732
1,37.08,12.3098764806055,22.7153301239014
1,37.09,12.3132097804919,22.733211517334
1,37.1,12.3165430803783,22.7534770965576
1,37.11,12.3198763802648,22.7665901184082
1,37.12,12.3232096801512,22.7880477905273
1,37.13,12.3265429800376,22.8011608123779
1,37.14,12.3298762799241,22.810697555542
1,37.15,12.3332095798105,22.8285789489746
1,37.16,12.3365428796969,22.8416919708252
1,37.17,12.3398761795834,22.8583812713623
1,37.18,12.3432094794698,22.8762626647949
1,37.19,12.3465427793562,22.890567779541
1,37.2,12.3498760792427,22.9096412658691
1,37.21,12.3532093791291,22.9179859161377
1,37.22,12.3565426790155,22.9299068450928
1,37.23,12.359875978902,22.9465961456299
1,37.24,12.3632092787884,22.9561328887939
1,37.25,12.3665425786749,22.9668617248535
1,37.26,12.3698758785613,22.9752063751221
1,37.27,12.3732091784477,22.9883193969727
1,37.28,12.3765424783342,22.9942798614502
1,37.29,12.3798757782206,23.0062007904053
1,37.3,12.383209078107,23.0145454406738
1,37.31,12.3865423779935,23.0264663696289
1,37.32,12.3898756778799,23.033618927002
1,37.33,12.3932089777663,23.043155670166
1,37.34,12.3965422776528,23.0562686920166
1,37.35,12.3998755775392,23.0717658996582
1,37.36,12.4032088774256,23.0801105499268
1,37.37,12.4065421773121,23.0944156646729
1,37.38,12.4098754771985,23.1099128723145
1,37.39,12.4132087770849,23.1266021728516
1,37.4,12.4165420769714,23.1444835662842
1,37.41,12.4198753768578,23.1623649597168
1,37.42,12.4232086767443,23.1826305389404
1,37.43,12.4265419766307,23.2076644897461
1,37.44,12.4298752765171,23.2279300689697
1,37.45,12.4332085764036,23.2422351837158
1,37.46,12.43654187629,23.2648849487305
1,37.47,12.4398751761764,23.2768058776855
1,37.48,12.4432084760629,23.2994556427002
1,37.49,12.4465417759493,23.3197212219238
1,37.5,12.4498750758357,23.3304500579834
1,37.51,12.4532083757222,23.3542919158936
1,37.52,12.4565416756086,23.3757495880127
1,37.53,12.459874975495,23.3912467956543
1,37.54,12.4632082753815,23.4138965606689
1,37.55,12.4665415752679,23.4246253967285
1,37.56,12.4698748751543,23.4413146972656
1,37.57,12.4732081750408,23.4603881835938
1,37.58,12.4765414749272,23.4794616699219
1,37.59,12.4798747748137,23.4997272491455
1,37.6,12.4832080747001,23.5128402709961
1,37.61,12.4865413745865,23.5331058502197
1,37.62,12.489874674473,23.5474109649658
1,37.63,12.4932079743594,23.571252822876
1,37.64,12.4965412742458,23.5867500305176
1,37.65,12.4998745741323,23.6046314239502
1,37.66,12.5032078740187,23.6213207244873
1,37.67,12.5065411739051,23.6356258392334
1,37.68,12.5098744737916,23.6570835113525
1,37.69,12.513207773678,23.6749649047852
1,37.7,12.5165410735644,23.6976146697998
1,37.71,12.5198743734509,23.7119197845459
1,37.72,12.5232076733373,23.730993270874
1,37.73,12.5265409732237,23.7512588500977
1,37.74,12.5298742731102,23.7655639648438
1,37.75,12.5332075729966,23.7798690795898
1,37.76,12.5365408728831,23.7977504730225
1,37.77,12.5398741727695,23.8168239593506
1,37.78,12.5432074726559,23.8323211669922
1,37.79,12.5465407725424,23.8490104675293
1,37.8,12.5498740724288,23.8668918609619
1,37.81,12.5532073723152,23.8752365112305
1,37.82,12.5565406722017,23.8847732543945
1,37.83,12.5598739720881,23.9014625549316
1,37.84,12.5632072719745,23.9145755767822
1,37.85,12.566540571861,23.9276885986328
1,37.86,12.5698738717474,23.9336490631104
1,37.87,12.5732071716338,23.9467620849609
1,37.88,12.5765404715203,23.963451385498
1,37.89,12.5798737714067,23.9765644073486
1,37.9,12.5832070712931,23.9825248718262
1,37.91,12.5865403711796,24.0004062652588
1,37.92,12.589873671066,24.0170955657959
1,37.93,12.5932069709525,24.0349769592285
1,37.94,12.5965402708389,24.0576267242432
1,37.95,12.5998735707253,24.0743160247803
1,37.96,12.6032068706118,24.0969657897949
1,37.97,12.6065401704982,24.1124629974365
1,37.98,12.6098734703846,24.1315364837646
1,37.99,12.6132067702711,24.1494178771973
1,38,12.6165400701575,24.1768360137939
1,38.01,12.6198733700439,24.1971015930176
1,38.02,12.6232066699304,24.2125988006592
1,38.03,12.6265399698168,24.2316722869873
1,38.04,12.6298732697032,24.2459774017334
1,38.05,12.6332065695897,24.266242980957
1,38.06,12.6365398694761,24.2829322814941
1,38.07,12.6398731693625,24.3043899536133
1,38.08,12.643206469249,24.3234634399414
1,38.09,12.6465397691354,24.3401527404785
1,38.1,12.6498730690219,24.3580341339111
1,38.11,12.6532063689083,24.3723392486572
1,38.12,12.6565396687947,24.3890285491943
1,38.13,12.6598729686812,24.4033336639404
1,38.14,12.6632062685676,24.418830871582
1,38.15,12.666539568454,24.4307518005371
1,38.16,12.6698728683405,24.4474411010742
1,38.17,12.6732061682269,24.4700908660889
1,38.18,12.6765394681133,24.4879722595215
1,38.19,12.6798727679998,24.5141983032227
1,38.2,12.6832060678862,24.5285034179688
1,38.21,12.6865393677726,24.5392322540283
1,38.22,12.6898726676591,24.561882019043
1,38.23,12.6932059675455,24.5857238769531
1,38.24,12.6965392674319,24.5952606201172
1,38.25,12.6998725673184,24.6155261993408
1,38.26,12.7032058672048,24.6298313140869
1,38.27,12.7065391670913,24.6429443359375
1,38.28,12.7098724669777,24.6584415435791
1,38.29,12.7132057668641,24.6715545654297
1,38.3,12.7165390667506,24.6870517730713
1,38.31,12.719872366637,24.7013568878174
1,38.32,12.7232056665234,24.7180461883545
1,38.33,12.7265389664099,24.7275829315186
1,38.34,12.7298722662963,24.7406959533691
1,38.35,12.7332055661827,24.7526168823242
1,38.36,12.7365388660692,24.7681140899658
1,38.37,12.7398721659556,24.7824192047119
1,38.38,12.743205465842,24.8038768768311
1,38.39,12.7465387657285,24.8181819915771
1,38.4,12.7498720656149,24.8360633850098
1,38.41,12.7532053655013,24.8515605926514
1,38.42,12.7565386653878,24.8706340789795
1,38.43,12.7598719652742,24.8825550079346
1,38.44,12.7632052651607,24.9052047729492
1,38.45,12.7665385650471,24.9171257019043
1,38.46,12.7698718649335,24.9314308166504
1,38.47,12.77320516482,24.9397754669189
1,38.48,12.7765384647064,24.9552726745605
1,38.49,12.7798717645928,24.9707698822021
1,38.5,12.7832050644793,24.9814987182617
1,38.51,12.7865383643657,24.9981880187988
1,38.52,12.7898716642521,25.0136852264404
1,38.53,12.7932049641386,25.0256061553955
1,38.54,12.796538264025,25.0375270843506
1,38.55,12.7998715639114,25.0566005706787
1,38.56,12.8032048637979,25.0756740570068
1,38.57,12.8065381636843,25.0887870788574
1,38.58,12.8098714635707,25.1090526580811
1,38.59,12.8132047634572,25.1221656799316
1,38.6,12.8165380633436,25.1412391662598
1,38.61,12.81987136323,25.1567363739014
1,38.62,12.8232046631165,25.174617767334
1,38.63,12.8265379630029,25.1901149749756
1,38.64,12.8298712628894,25.2115726470947
1,38.65,12.8332045627758,25.2318382263184
1,38.66,12.8365378626622,25.2509117126465
1,38.67,12.8398711625487,25.2687931060791
1,38.68,12.8432044624351,25.2890586853027
1,38.69,12.8465377623215,25.3081321716309
1,38.7,12.849871062208,25.3212451934814
1,38.71,12.8532043620944,25.3403186798096
1,38.72,12.8565376619808,25.3522396087646
1,38.73,12.8598709618673,25.3665447235107
1,38.74,12.8632042617537,25.3820419311523
1,38.75,12.8665375616401,25.4011154174805
1,38.76,12.8698708615266,25.4166126251221
1,38.77,12.873204161413,25.4333019256592
1,38.78,12.8765374612995,25.4523754119873
1,38.79,12.8798707611859,25.4666805267334
1,38.8,12.8832040610723,25.4857540130615
1,38.81,12.8865373609588,25.5012512207031
1,38.82,12.8898706608452,25.5203247070313
1,38.83,12.8932039607316,25.5334377288818
1,38.84,12.8965372606181,25.5513191223145
1,38.85,12.8998705605045,25.5692005157471
1,38.86,12.9032038603909,25.5870819091797
1,38.87,12.9065371602774,25.6013870239258
1,38.88,12.9098704601638,25.6228446960449
1,38.89,12.9132037600502,25.6443023681641
1,38.9,12.9165370599367,25.6574153900146
1,38.91,12.9198703598231,25.6764888763428
1,38.92,12.9232036597095,25.6979465484619
1,38.93,12.926536959596,25.714635848999
1,38.94,12.9298702594824,25.7301330566406
1,38.95,12.9332035593688,25.7480144500732
1,38.96,12.9365368592553,25.7587432861328
1,38.97,12.9398701591417,25.7730484008789
1,38.98,12.9432034590282,25.7909297943115
1,38.99,12.9465367589146,25.8004665374756
1,39,12.949870058801,25.8100032806396
1,39.01,12.9532033586875,25.8278846740723
1,39.02,12.9565366585739,25.8409976959229
1,39.03,12.9598699584603,25.8541107177734
1,39.04,12.9632032583468,25.8684158325195
1,39.05,12.9665365582332,25.8839130401611
1,39.06,12.9698698581196,25.8946418762207
1,39.07,12.9732031580061,25.9089469909668
1,39.08,12.9765364578925,25.9220600128174
1,39.09,12.9798697577789,25.935173034668
1,39.1,12.9832030576654,25.9578227996826
1,39.11,12.9865363575518,25.9625911712646
1,39.12,12.9898696574382,25.9888172149658
1,39.13,12.9932029573247,26.0031223297119
1,39.14,12.9965362572111,26.019811630249
1,39.15,12.9998695570976,26.0400772094727
1,39.16,13.003202856984,26.0591506958008
1,39.17,13.0065361568704,26.0770320892334
1,39.18,13.0098694567569,26.0984897613525
1,39.19,13.0132027566433,26.1104106903076
1,39.2,13.0165360565297,26.1294841766357
1,39.21,13.0198693564162,26.1437892913818
1,39.22,13.0232026563026,26.1497497558594
1,39.23,13.026535956189,26.167631149292
1,39.24,13.0298692560755,26.174783706665
1,39.25,13.0332025559619,26.1938571929932
1,39.26,13.0365358558483,26.2081623077393
1,39.27,13.0398691557348,26.2188911437988
1,39.28,13.0432024556212,26.2331962585449
1,39.29,13.0465357555076,26.252269744873
1,39.3,13.0498690553941,26.2641906738281
1,39.31,13.0532023552805,26.2784957885742
1,39.32,13.056535655167,26.2916088104248
1,39.33,13.0598689550534,26.3071060180664
1,39.34,13.0632022549398,26.322603225708
1,39.35,13.0665355548263,26.3369083404541
1,39.36,13.0698688547127,26.3535976409912
1,39.37,13.0732021545991,26.3714790344238
1,39.38,13.0765354544856,26.3893604278564
1,39.39,13.079868754372,26.4096260070801
1,39.4,13.0832020542584,26.4239311218262
1,39.41,13.0865353541449,26.4465808868408
1,39.42,13.0898686540313,26.4620780944824
1,39.43,13.0932019539177,26.4835357666016
1,39.44,13.0965352538042,26.5061855316162
1,39.45,13.0998685536906,26.5300273895264
1,39.46,13.103201853577,26.5514850616455
1,39.47,13.1065351534635,26.5729427337646
1,39.48,13.1098684533499,26.5955924987793
1,39.49,13.1132017532364,26.6158580780029
1,39.5,13.1165350531228,26.6432762145996
1,39.51,13.1198683530092,26.6599655151367
1,39.52,13.1232016528957,26.6897678375244
1,39.53,13.1265349527821,26.7088413238525
1,39.54,13.1298682526685,26.7374515533447
1,39.55,13.133201552555,26.7541408538818
1,39.56,13.1365348524414,26.775598526001
1,39.57,13.1398681523278,26.7982482910156
1,39.58,13.1432014522143,26.8161296844482
1,39.59,13.1465347521007,26.8411636352539
1,39.6,13.1498680519871,26.8614292144775
1,39.61,13.1532013518736,26.8864631652832
1,39.62,13.15653465176,26.9019603729248
1,39.63,13.1598679516464,26.925802230835
1,39.64,13.1632012515329,26.9496440887451
1,39.65,13.1665345514193,26.9663333892822
1,39.66,13.1698678513058,26.9865989685059
1,39.67,13.1732011511922,27.008056640625
1,39.68,13.1765344510786,27.0235538482666
1,39.69,13.1798677509651,27.0533561706543
1,39.7,13.1832010508515,27.0700454711914
1,39.71,13.1865343507379,27.0891189575195
1,39.72,13.1898676506244,27.1070003509521
1,39.73,13.1932009505108,27.1272659301758
1,39.74,13.1965342503972,27.1439552307129
1,39.75,13.1998675502837,27.163028717041
1,39.76,13.2032008501701,27.1785259246826
1,39.77,13.2065341500565,27.1940231323242
1,39.78,13.209867449943,27.2107124328613
1,39.79,13.2132007498294,27.2250175476074
1,39.8,13.2165340497158,27.2464752197266
1,39.81,13.2198673496023,27.2607803344727
1,39.82,13.2232006494887,27.2810459136963
1,39.83,13.2265339493752,27.2905826568604
1,39.84,13.2298672492616,27.3036956787109
1,39.85,13.233200549148,27.318000793457
1,39.86,13.2365338490345,27.3334980010986
1,39.87,13.2398671489209,27.3501873016357
1,39.88,13.2432004488073,27.3668766021729
1,39.89,13.2465337486938,27.3871421813965
1,39.9,13.2498670485802,27.4062156677246
1,39.91,13.2532003484666,27.4169445037842
1,39.92,13.2565336483531,27.4384021759033
1,39.93,13.2598669482395,27.4562835693359
1,39.94,13.2632002481259,27.4765491485596
1,39.95,13.2665335480124,27.4908542633057
1,39.96,13.2698668478988,27.5051593780518
1,39.97,13.2732001477852,27.5290012359619
1,39.98,13.2765334476717,27.5504589080811
1,39.99,13.2798667475581,27.5683403015137
1,40,13.2832000474446,27.5802612304688
1,40.01,13.286533347331,27.5981426239014
1,40.02,13.2898666472174,27.618408203125
1,40.03,13.2931999471039,27.6350975036621
1,40.04,13.2965332469903,27.6494026184082
1,40.05,13.2998665468767,27.6648998260498
1,40.06,13.3031998467632,27.6732444763184
1,40.07,13.3065331466496,27.6899337768555
1,40.08,13.309866446536,27.6994705200195
1,40.09,13.3131997464225,27.7125835418701
1,40.1,13.3165330463089,27.7209281921387
1,40.11,13.3198663461953,27.7364253997803
1,40.12,13.3231996460818,27.7411937713623
1,40.13,13.3265329459682,27.7543067932129
1,40.14,13.3298662458546,27.7650356292725
1,40.15,13.3331995457411,27.7900695800781
1,40.16,13.3365328456275,27.8055667877197
1,40.17,13.339866145514,27.8294086456299
1,40.18,13.3431994454004,27.848482131958
1,40.19,13.3465327452868,27.8651714324951
1,40.2,13.3498660451733,27.8878211975098
1,40.21,13.3531993450597,27.9045104980469
1,40.22,13.3565326449461,27.928352355957
1,40.23,13.3598659448326,27.9486179351807
1,40.24,13.363199244719,27.9712677001953
1,40.25,13.3665325446054,27.9915332794189
1,40.26,13.3698658444919,28.0070304870605
1,40.27,13.3731991443783,28.0320644378662
1,40.28,13.3765324442647,28.0451774597168
1,40.29,13.3798657441512,28.0678272247314
1,40.3,13.3831990440376,28.083324432373
1,40.31,13.386532343924,28.1000137329102
1,40.32,13.3898656438105,28.1119346618652
1,40.33,13.3931989436969,28.1298160552979
1,40.34,13.3965322435834,28.1417369842529
1,40.35,13.3998655434698,28.1596183776855
1,40.36,13.4031988433562,28.1691551208496
1,40.37,13.4065321432427,28.1858444213867
1,40.38,13.4098654431291,28.2013416290283
1,40.39,13.4131987430155,28.2144546508789
1,40.4,13.416532042902,28.2299518585205
1,40.41,13.4198653427884,28.2502174377441
1,40.42,13.4231986426748,28.2669067382813
1,40.43,13.4265319425613,28.2812118530273
1,40.44,13.4298652424477,28.29909324646
1,40.45,13.4331985423341,28.3217430114746
1,40.46,13.4365318422206,28.3420085906982
1,40.47,13.439865142107,28.3658504486084
1,40.48,13.4431984419934,28.388500213623
1,40.49,13.4465317418799,28.4123420715332
1,40.5,13.4498650417663,28.4337997436523
1,40.51,13.4531983416528,28.461217880249
1,40.52,13.4565316415392,28.4838676452637
1,40.53,13.4598649414256,28.5017490386963
1,40.54,13.4631982413121,28.5243988037109
1,40.55,13.4665315411985,28.5434722900391
1,40.56,13.4698648410849,28.5482406616211
1,40.57,13.4731981409714,28.5637378692627
1,40.58,13.4765314408578,28.5780429840088
1,40.59,13.4798647407442,28.5899639129639
1,40.6,13.4831980406307,28.6054611206055
1,40.61,13.4865313405171,28.616189956665
1,40.62,13.4898646404035,28.6245346069336
1,40.63,13.49319794029,28.6400318145752
1,40.64,13.4965312401764,28.6483764648438
1,40.65,13.4998645400628,28.6626815795898
1,40.66,13.5031978399493,28.6805629730225
1,40.67,13.5065311398357,28.6972522735596
1,40.68,13.5098644397222,28.7163257598877
1,40.69,13.5131977396086,28.7342071533203
1,40.7,13.516531039495,28.7580490112305
1,40.71,13.5198643393815,28.7735462188721
1,40.72,13.5231976392679,28.7950038909912
1,40.73,13.5265309391543,28.8164615631104
1,40.74,13.5298642390408,28.8426876068115
1,40.75,13.5331975389272,28.8701057434082
1,40.76,13.5365308388136,28.8903713226318
1,40.77,13.5398641387001,28.9154052734375
1,40.78,13.5431974385865,28.9356708526611
1,40.79,13.5465307384729,28.9559364318848
1,40.8,13.5498640383594,28.9762020111084
1,40.81,13.5531973382458,28.9952754974365
1,40.82,13.5565306381322,29.0143489837646
1,40.83,13.5598639380187,29.0298461914063
1,40.84,13.5631972379051,29.0441513061523
1,40.85,13.5665305377916,29.0524959564209
1,40.86,13.569863837678,29.066801071167
1,40.87,13.5731971375644,29.0822982788086
1,40.88,13.5765304374509,29.0846824645996
1,40.89,13.5798637373373,29.0977954864502
1,40.9,13.5831970372237,29.1109085083008
1,40.91,13.5865303371102,29.1121006011963
1,40.92,13.5898636369966,29.1216373443604
1,40.93,13.593196936883,29.1275978088379
1,40.94,13.5965302367695,29.1383266448975
1,40.95,13.5998635366559,29.1478633880615
1,40.96,13.6031968365423,29.1550159454346
1,40.97,13.6065301364288,29.1657447814941
1,40.98,13.6098634363152,29.1764736175537
1,40.99,13.6131967362016,29.1800498962402
1,41,13.6165300360881,29.1943550109863
1,41.01,13.6198633359745,29.2074680328369
1,41.02,13.6231966358609,29.221773147583
1,41.03,13.6265299357474,29.2336940765381
1,41.04,13.6298632356338,29.2515754699707
1,41.05,13.6331965355203,29.2634963989258
1,41.06,13.6365298354067,29.2825698852539
1,41.07,13.6398631352931,29.299259185791
1,41.08,13.6431964351796,29.3123722076416
1,41.09,13.646529735066,29.3314456939697
1,41.1,13.6498630349524,29.3540954589844
1,41.11,13.6531963348389,29.3731689453125
1,41.12,13.6565296347253,29.3934345245361
1,41.13,13.6598629346117,29.4077396392822
1,41.14,13.6631962344982,29.4244289398193
1,41.15,13.6665295343846,29.444694519043
1,41.16,13.669862834271,29.4661521911621
1,41.17,13.6731961341575,29.4876098632813
1,41.18,13.6765294340439,29.5114517211914
1,41.19,13.6798627339303,29.5305252075195
1,41.2,13.6831960338168,29.5615196228027
1,41.21,13.6865293337032,29.5758247375488
1,41.22,13.6898626335897,29.60205078125
1,41.23,13.6931959334761,29.6139717102051
1,41.24,13.6965292333625,29.6282768249512
1,41.25,13.699862533249,29.6497344970703
1,41.26,13.7031958331354,29.6616554260254
1,41.27,13.7065291330218,29.6854972839355
1,41.28,13.7098624329083,29.7045707702637
1,41.29,13.7131957327947,29.7164916992188
1,41.3,13.7165290326811,29.7355651855469
1,41.31,13.7198623325676,29.761791229248
1,41.32,13.723195632454,29.7832489013672
1,41.33,13.7265289323404,29.7904014587402
1,41.34,13.7298622322269,29.8023223876953
1,41.35,13.7331955321133,29.8309326171875
1,41.36,13.7365288319998,29.8500061035156
1,41.37,13.7398621318862,29.8810005187988
1,41.38,13.7431954317726,29.909610748291
1,41.39,13.7465287316591,29.9358367919922
1,41.4,13.7498620315455,29.9620628356934
1,41.41,13.7531953314319,29.9811363220215
1,41.42,13.7565286313184,30.0025939941406
1,41.43,13.7598619312048,30.0240516662598
1,41.44,13.7631952310912,30.0455093383789
1,41.45,13.7665285309777,30.0717353820801
1,41.46,13.7698618308641,30.0955772399902
1,41.47,13.7731951307505,30.1027297973633
1,41.48,13.776528430637,30.1313400268555
1,41.49,13.7798617305234,30.1408767700195
1,41.5,13.7831950304098,30.1647186279297
1,41.51,13.7865283302963,30.1790237426758
1,41.52,13.7898616301827,30.205249786377
1,41.53,13.7931949300691,30.214786529541
1,41.54,13.7965282299556,30.2338600158691
1,41.55,13.799861529842,30.2624702453613
1,41.56,13.8031948297285,30.2743911743164
1,41.57,13.8065281296149,30.3125381469727
1,41.58,13.8098614295013,30.3196907043457
1,41.59,13.8131947293878,30.3411483764648
1,41.6,13.8165280292742,30.367374420166
1,41.61,13.8198613291606,30.3959846496582
1,41.62,13.8231946290471,30.4245948791504
1,41.63,13.8265279289335,30.4412841796875
1,41.64,13.8298612288199,30.4627418518066
1,41.65,13.8331945287064,30.4770469665527
1,41.66,13.8365278285928,30.4937362670898
1,41.67,13.8398611284792,30.510425567627
1,41.68,13.8431944283657,30.5294990539551
1,41.69,13.8465277282521,30.5366516113281
1,41.7,13.8498610281385,30.5509567260742
1,41.71,13.853194328025,30.5652618408203
1,41.72,13.8565276279114,30.5891036987305
1,41.73,13.8598609277979,30.6081771850586
1,41.74,13.8631942276843,30.6105613708496
1,41.75,13.8665275275707,30.6415557861328
1,41.76,13.8698608274572,30.6534767150879
1,41.77,13.8731941273436,30.665397644043
1,41.78,13.87652742723,30.6844711303711
1,41.79,13.8798607271165,30.7011604309082
1,41.8,13.8831940270029,30.7130813598633
1,41.81,13.8865273268893,30.7321548461914
1,41.82,13.8898606267758,30.7583808898926
1,41.83,13.8931939266622,30.7798385620117
1,41.84,13.8965272265486,30.7965278625488
1,41.85,13.8998605264351,30.817985534668
1,41.86,13.9031938263215,30.8346748352051
1,41.87,13.9065271262079,30.8609008789063
1,41.88,13.9098604260944,30.8799743652344
1,41.89,13.9131937259808,30.9085845947266
1,41.9,13.9165270258673,30.9157371520996
1,41.91,13.9198603257537,30.9395790100098
1,41.92,13.9231936256401,30.972957611084
1,41.93,13.9265269255266,30.977725982666
1,41.94,13.929860225413,30.9920310974121
1,41.95,13.9331935252994,31.0087203979492
1,41.96,13.9365268251859,31.0254096984863
1,41.97,13.9398601250723,31.0373306274414
1,41.98,13.9431934249587,31.0587882995605
1,41.99,13.9465267248452,31.0754776000977
1,42,13.9498600247316,31.0850143432617
1,42.01,13.953193324618,31.0993194580078
1,42.02,13.9565266245045,31.1183929443359
1,42.03,13.9598599243909,31.130313873291
1,42.04,13.9631932242773,31.1446189880371
1,42.05,13.9665265241638,31.1613082885742
1,42.06,13.9698598240502,31.1589241027832
1,42.07,13.9731931239367,31.1756134033203
1,42.08,13.9765264238231,31.1899185180664
1,42.09,13.9798597237095,31.2042236328125
1,42.1,13.983193023596,31.2113761901855
1,42.11,13.9865263234824,31.2137603759766
1,42.12,13.9898596233688,31.2185287475586
1,42.13,13.9931929232553,31.2232971191406
1,42.14,13.9965262231417,31.2328338623047
1,42.15,13.9998595230281,31.2471389770508
1,42.16,14.0031928229146,31.2519073486328
1,42.17,14.006526122801,31.2638282775879
1,42.18,14.0098594226874,31.280517578125
1,42.19,14.0131927225739,31.2900543212891
1,42.2,14.0165260224603,31.3162803649902
1,42.21,14.0198593223467,31.3329696655273
1,42.22,14.0231926222332,31.3401222229004
1,42.23,14.0265259221196,31.3639640808105
1,42.24,14.0298592220061,31.3663482666016
1,42.25,14.0331925218925,31.3878059387207
1,42.26,14.0365258217789,31.4092636108398
1,42.27,14.0398591216654,31.428337097168
1,42.28,14.0431924215518,31.4426422119141
1,42.29,14.0465257214382,31.4593315124512
1,42.3,14.0498590213247,31.4879417419434
1,42.31,14.0531923212111,31.5022468566895
1,42.32,14.0565256210975,31.5237045288086
1,42.33,14.059858920984,31.5403938293457
1,42.34,14.0665255207568,31.5594673156738
1,42.36,14.0698588206433,31.6119194030762
1,42.37,14.0731921205297,31.6309928894043
1,42.38,14.0765254204161,31.6452980041504
1,42.39,14.083192020189,31.6596031188965
1,42.4,14.0865253200755,31.6810607910156
1,42.42,14.0898586199619,31.7072868347168
1,42.43,14.0931919198483,31.7215919494629
1,42.44,14.0965252197348,31.735897064209
1,42.45,14.0998585196212,31.7621231079102
1,42.46,14.1065251193941,31.7788124084473
1,42.48,14.1098584192805,31.8026542663574
1,42.49,14.1165250190534,31.8217277526855
1,42.5,14.1198583189398,31.8455696105957
1,42.52,14.1231916188262,31.8694114685059
1,42.53,14.1265249187127,31.898021697998
1,42.54,14.1298582185991,31.9123268127441
1,42.55,14.136524818372,31.9290161132813
1,42.56,14.1398581182584,31.9433212280273
1,42.57,14.1431914181449,31.9719314575195
1,42.58,14.1465247180313,31.9933891296387
1,42.59,14.1498580179177,32.0124626159668
1,42.6,14.1531913178042,32.0339202880859
1,42.62,14.1565246176906,32.0792198181152
1,42.63,14.1631912174635,32.0959091186523
1,42.64,14.1665245173499,32.1197509765625
1,42.65,14.1698578172363,32.1412086486816
1,42.66,14.1731911171228,32.1555137634277
1,42.67,14.1765244170092,32.1769714355469
1,42.68,14.1798577168956,32.193660736084
1,42.69,14.1831910167821,32.2103500366211
1,42.7,14.1865243166685,32.2294235229492
1,42.72,14.1898576165549,32.2604179382324
1,42.73,14.1965242163278,32.2842597961426
1,42.74,14.1998575162143,32.3081016540527
1,42.75,14.2031908161007,32.3319435119629
1,42.76,14.2065241159871,32.353401184082
1,42.77,14.2098574158736,32.3843955993652
1,42.78,14.21319071576,32.4058532714844
1,42.79,14.2165240156464,32.4225425720215
1,42.8,14.2198573155329,32.4463844299316
1,42.81,14.2231906154193,32.4535369873047
1,42.82,14.2265239153057,32.4749946594238
1,42.83,14.2298572151922,32.501220703125
1,42.84,14.2331905150786,32.5298309326172
1,42.85,14.236523814965,32.5679779052734
1,42.86,14.2398571148515,32.5775146484375
1,42.87,14.2431904147379,32.6037406921387
1,42.88,14.2465237146243,32.6371192932129
1,42.89,14.2498570145108,32.649040222168
1,42.9,14.2531903143972,32.6848030090332
1,42.91,14.2565236142837,32.7014923095703
1,42.92,14.2598569141701,32.7277183532715
1,42.93,14.2631902140565,32.7515602111816
1,42.94,14.266523513943,32.7825546264648
1,42.95,14.2698568138294,32.808780670166
1,42.96,14.2731901137158,32.8350067138672
1,42.97,14.2765234136023,32.8660011291504
1,42.98,14.2798567134887,32.8803062438965
1,42.99,14.2831900133751,32.9136848449707
1,43,14.2865233132616,32.9470634460449
1,43.01,14.289856613148,32.9685211181641
1,43.02,14.2931899130344,32.9995155334473
1,43.03,14.2965232129209,33.0328941345215
1,43.04,14.2998565128073,33.0567359924316
1,43.05,14.3031898126937,33.0805778503418
1,43.06,14.3065231125802,33.111572265625
1,43.07,14.3098564124666,33.1354141235352
1,43.08,14.3131897123531,33.1592559814453
1,43.09,14.3165230122395,33.1735610961914
1,43.1,14.3198563121259,33.1974029541016
1,43.11,14.3231896120124,33.2140922546387
1,43.12,14.3265229118988,33.2355499267578
1,43.13,14.3298562117852,33.2474708557129
1,43.14,14.3331895116717,33.268928527832
1,43.15,14.3365228115581,33.2880020141602
1,43.16,14.3398561114445,33.2999229431152
1,43.17,14.343189411331,33.3023071289063
1,43.18,14.3465227112174,33.3189964294434
1,43.19,14.3498560111038,33.3213806152344
1,43.2,14.3531893109903,33.3380699157715
1,43.21,14.3565226108767,33.3595275878906
1,43.22,14.3598559107631,33.3690643310547
1,43.23,14.3631892106496,33.3786010742188
1,43.24,14.366522510536,33.3929061889648
1,43.25,14.3698558104225,33.414363861084
1,43.26,14.3731891103089,33.4429740905762
1,43.27,14.3765224101953,33.4620475769043
1,43.28,14.3798557100818,33.4811210632324
1,43.29,14.3831890099682,33.5144996643066
1,43.3,14.3865223098546,33.5359573364258
1,43.31,14.3898556097411,33.5550308227539
1,43.32,14.3931889096275,33.576488494873
1,43.33,14.3965222095139,33.5907936096191
1,43.34,14.3998555094004,33.6217880249023
1,43.35,14.4031888092868,33.6289405822754
1,43.36,14.4065221091732,33.6551666259766
1,43.37,14.4098554090597,33.6670875549316
1,43.38,14.4131887089461,33.6742401123047
1,43.39,14.4165220088325,33.6909294128418
1,43.4,14.419855308719,33.714771270752
1,43.41,14.4231886086054,33.7314605712891
1,43.42,14.4265219084918,33.7338447570801
1,43.43,14.4298552083783,33.7457656860352
1,43.44,14.4331885082647,33.7600708007813
1,43.45,14.4365218081512,33.7743759155273
1,43.46,14.4398551080376,33.7886810302734
1,43.47,14.443188407924,33.8101387023926
1,43.48,14.4465217078105,33.8172912597656
1,43.49,14.4498550076969,33.8411331176758
1,43.5,14.4531883075833,33.8602066040039
1,43.51,14.4565216074698,33.881664276123
1,43.52,14.4598549073562,33.9031219482422
1,43.53,14.4631882072426,33.9221954345703
1,43.54,14.4665215071291,33.9412689208984
1,43.55,14.4698548070155,33.9651107788086
1,43.56,14.4731881069019,33.9865684509277
1,43.57,14.4765214067884,34.0104103088379
1,43.58,14.4798547066748,34.031867980957
1,43.59,14.4831880065613,34.0461730957031
1,43.6,14.4865213064477,34.0700149536133
1,43.61,14.4898546063341,34.0867042541504
1,43.62,14.4931879062206,34.1081619262695
1,43.63,14.496521206107,34.1272354125977
1,43.64,14.4998545059934,34.1463088989258
1,43.65,14.5031878058799,34.1677665710449
1,43.66,14.5065211057663,34.182071685791
1,43.67,14.5098544056527,34.2059135437012
1,43.68,14.5131877055392,34.2130661010742
1,43.69,14.5165210054256,34.2321395874023
1,43.7,14.519854305312,34.2583656311035
1,43.71,14.5231876051985,34.2702865600586
1,43.72,14.5265209050849,34.2822074890137
1,43.73,14.5298542049713,34.3132019042969
1,43.74,14.5331875048578,34.3108177185059
1,43.75,14.5365208047442,34.334659576416
1,43.76,14.5398541046306,34.3751907348633
1,43.77,14.5431874045171,34.3942642211914
1,43.78,14.5465207044035,34.4133377075195
1,43.79,14.54985400429,34.4324111938477
1,43.8,14.5531873041764,34.4419479370117
1,43.81,14.5565206040628,34.477710723877
1,43.82,14.5598539039493,34.5015525817871
1,43.83,14.5631872038357,34.5301628112793
1,43.84,14.5665205037221,34.5540046691895
1,43.85,14.5698538036086,34.5730781555176
1,43.86,14.573187103495,34.6112251281738
1,43.87,14.5765204033814,34.6231460571289
1,43.88,14.5798537032679,34.6517562866211
1,43.89,14.5831870031543,34.6708297729492
1,43.9,14.5865203030407,34.6803665161133
1,43.91,14.5898536029272,34.7065925598145
1,43.92,14.5931869028136,34.7208976745605
1,43.93,14.5965202027,34.7423553466797
1,43.94,14.5998535025865,34.7566604614258
1,43.95,14.6031868024729,34.785270690918
1,43.96,14.6065201023594,34.7900390625
1,43.97,14.6098534022458,34.8019599914551
1,43.98,14.6131867021322,34.8258018493652
1,43.99,14.6165200020187,34.8329544067383
1,44,14.6198533019051,34.8472595214844
1,44.01,14.6231866017915,34.8806381225586
1,44.02,14.626519901678,34.8949432373047
1,44.03,14.6298532015644,34.9187850952148
1,44.04,14.6331865014508,34.9283218383789
1,44.05,14.6365198013373,34.942626953125
1,44.06,14.6398531012237,34.9593162536621
1,44.07,14.6431864011101,34.9783897399902
1,44.08,14.6465197009966,34.9926948547363
1,44.09,14.649853000883,35.0284576416016
1,44.1,14.6531863007695,35.0379943847656
1,44.11,14.6565196006559,35.0666046142578
1,44.12,14.6598529005423,35.0761413574219
1,44.13,14.6631862004288,35.1047515869141
1,44.14,14.6665195003152,35.1166725158691
1,44.15,14.6698528002016,35.1238250732422
1,44.16,14.6731861000881,35.1428985595703
1,44.17,14.6765193999745,35.1476669311523
1,44.18,14.6798526998609,35.1786613464355
1,44.19,14.6831859997474,35.1786613464355
1,44.2,14.6865192996338,35.2048873901367
1,44.21,14.6898525995202,35.2144241333008
1,44.22,14.6931858994067,35.2382659912109
1,44.23,14.6965191992931,35.2573394775391
1,44.24,14.6998524991795,35.2811813354492
1,44.25,14.703185799066,35.3002548217773
1,44.26,14.7065190989524,35.3169441223145
1,44.27,14.7098523988388,35.3360176086426
1,44.28,14.7131856987253,35.3550910949707
1,44.29,14.7165189986117,35.3693962097168
1,44.3,14.7198522984982,35.398006439209
1,44.31,14.7231855983846,35.4123115539551
1,44.32,14.726518898271,35.4337692260742
1,44.33,14.7298521981575,35.4552268981934
1,44.34,14.7331854980439,35.4790687561035
1,44.35,14.7365187979303,35.5005264282227
1,44.36,14.7398520978168,35.5148315429688
1,44.37,14.7431853977032,35.5410575866699
1,44.38,14.7465186975896,35.557746887207
1,44.39,14.7498519974761,35.5768203735352
1,44.4,14.7531852973625,35.5958938598633
1,44.41,14.7565185972489,35.6054306030273
1,44.42,14.7598518971354,35.6268882751465
1,44.43,14.7631851970218,35.6459617614746
1,44.44,14.7665184969082,35.6626510620117
1,44.45,14.7698517967947,35.6769561767578
1,44.46,14.7731850966811,35.698413848877
1,44.47,14.7765183965676,35.703182220459
1,44.48,14.779851696454,35.7222557067871
1,44.49,14.7831849963404,35.7365608215332
1,44.5,14.7865182962269,35.7460975646973
1,44.51,14.7898515961133,35.7675552368164
1,44.52,14.7931848959997,35.7699394226074
1,44.53,14.7965181958862,35.7890129089355
1,44.54,14.7998514957726,35.7961654663086
1,44.55,14.803184795659,35.7913970947266
1,44.56,14.8065180955455,35.8033180236816
1,44.57,14.8098513954319,35.8128547668457
1,44.58,14.8131846953183,35.8247756958008
1,44.59,14.8165179952048,35.8319282531738
1,44.6,14.8198512950912,35.8438491821289
1,44.61,14.8231845949776,35.8462333679199
1,44.62,14.8265178948641,35.853385925293
1,44.63,14.8298511947505,35.8843803405762
1,44.64,14.833184494637,35.8891487121582
1,44.65,14.8365177945234,35.8963012695313
1,44.66,14.8398510944098,35.9272956848145
1,44.67,14.8431843942963,35.9416007995605
1,44.68,14.8465176941827,35.9678268432617
1,44.69,14.8498509940691,35.9940528869629
1,44.7,14.8531842939556,36.015510559082
1,44.71,14.856517593842,36.0488891601563
1,44.72,14.8598508937284,36.0727310180664
1,44.73,14.8631841936149,36.1013412475586
1,44.74,14.8665174935013,36.1275672912598
1,44.75,14.8698507933877,36.1537933349609
1,44.76,14.8731840932742,36.168098449707
1,44.77,14.8765173931606,36.1943244934082
1,44.78,14.879850693047,36.2277030944824
1,44.79,14.8831839929335,36.2420082092285
1,44.8,14.8865172928199,36.2420082092285
1,44.81,14.8898505927064,36.2801551818848
1,44.82,14.8931838925928,36.2968444824219
1,44.83,14.8965171924792,36.313533782959
1,44.84,14.8998504923657,36.3373756408691
1,44.85,14.9031837922521,36.3492965698242
1,44.86,14.9065170921385,36.3826751708984
1,44.87,14.909850392025,36.3945960998535
1,44.88,14.9131836919114,36.4232063293457
1,44.89,14.9165169917978,36.4351272583008
1,44.9,14.9198502916843,36.4518165588379
1,44.91,14.9231835915707,36.461353302002
1,44.92,14.9265168914571,36.4804267883301
1,44.93,14.9298501913436,36.4971160888672
1,44.94,14.93318349123,36.5161895751953
1,44.95,14.9365167911164,36.5376472473145
1,44.96,14.9398500910029,36.5519523620605
1,44.97,14.9431833908893,36.5757942199707
1,44.98,14.9465166907758,36.5948677062988
1,44.99,14.9498499906622,36.628246307373
1,45,14.9531832905486,36.6473197937012
1,45.01,14.9565165904351,36.6663932800293
1,45.02,14.9598498903215,36.6806983947754
1,45.03,14.9631831902079,36.7093086242676
1,45.04,14.9665164900944,36.7474555969238
1,45.05,14.9698497899808,36.7593765258789
1,45.06,14.9731830898672,36.7832183837891
1,45.07,14.9765163897537,36.8189811706543
1,45.08,14.9798496896401,36.8285179138184
1,45.09,14.9831829895265,36.8428230285645
1,45.1,14.986516289413,36.8785858154297
1,45.11,14.9898495892994,36.9048118591309
1,45.12,14.9931828891858,36.9024276733398
1,45.13,14.9965161890723,36.923885345459
1,45.14,14.9998494889587,36.9477272033691
1,45.15,15.0031827888452,36.9596481323242
1,45.16,15.0065160887316,36.9763374328613
1,45.17,15.009849388618,36.9906425476074
1,45.18,15.0131826885045,37.0121002197266
1,45.19,15.0165159883909,37.0407104492188
1,45.2,15.0198492882773,37.0597839355469
1,45.21,15.0231825881638,37.078857421875
1,45.22,15.0265158880502,37.1074676513672
1,45.23,15.0298491879366,37.1170043945313
1,45.24,15.0331824878231,37.1456146240234
1,45.25,15.0365157877095,37.1837615966797
1,45.26,15.0398490875959,37.2123718261719
1,45.27,15.0431823874824,37.238597869873
1,45.28,15.0465156873688,37.2576713562012
1,45.29,15.0498489872552,37.2934341430664
1,45.3,15.0531822871417,37.3125076293945
1,45.31,15.0565155870281,37.3482704162598
1,45.32,15.0598488869146,37.381649017334
1,45.33,15.063182186801,37.391185760498
1,45.34,15.0665154866874,37.4221801757813
1,45.35,15.0698487865739,37.4341011047363
1,45.36,15.0731820864603,37.4746322631836
1,45.37,15.0765153863467,37.4913215637207
1,45.38,15.0798486862332,37.5080108642578
1,45.39,15.0831819861196,37.53662109375
1,45.4,15.086515286006,37.5485420227051
1,45.41,15.0898485858925,37.5699996948242
1,45.42,15.0931818857789,37.5819206237793
1,45.43,15.0965151856653,37.6057624816895
1,45.44,15.0998484855518,37.6367568969727
1,45.45,15.1031817854382,37.6510620117188
1,45.46,15.1065150853246,37.6749038696289
1,45.47,15.1098483852111,37.7011299133301
1,45.48,15.1131816850975,37.7273559570313
1,45.49,15.116514984984,37.7631187438965
1,45.5,15.1198482848704,37.7845764160156
1,45.51,15.1231815847568,37.8155708312988
1,45.52,15.1265148846433,37.839412689209
1,45.53,15.1298481845297,37.8727912902832
1,45.54,15.1331814844161,37.8966331481934
1,45.55,15.1365147843026,37.9371643066406
1,45.56,15.139848084189,37.9729270935059
1,45.57,15.1431813840754,38.0039215087891
1,45.58,15.1465146839619,38.0253791809082
1,45.59,15.1498479838483,38.0730628967285
1,45.6,15.1531812837347,38.0802154541016
1,45.61,15.1565145836212,38.1183624267578
1,45.62,15.1598478835076,38.149356842041
1,45.63,15.163181183394,38.1731986999512
1,45.64,15.1665144832805,38.2041931152344
1,45.65,15.1698477831669,38.2184982299805
1,45.66,15.1731810830534,38.2423400878906
1,45.67,15.1765143829398,38.2614135742188
1,45.68,15.1798476828262,38.2757186889648
1,45.69,15.1831809827127,38.299560546875
1,45.7,15.1865142825991,38.3162498474121
1,45.71,15.1898475824855,38.3353233337402
1,45.72,15.193180882372,38.3472442626953
1,45.73,15.1965141822584,38.3615493774414
1,45.74,15.1998474821448,38.3853912353516
1,45.75,15.2031807820313,38.3996963500977
1,45.76,15.2065140819177,38.4092330932617
1,45.77,15.2098473818041,38.4259223937988
1,45.78,15.2131806816906,38.4402275085449
1,45.79,15.216513981577,38.456916809082
1,45.8,15.2198472814634,38.4712219238281
1,45.81,15.2231805813499,38.4831428527832
1,45.82,15.2265138812363,38.4807586669922
1,45.83,15.2298471811228,38.5141372680664
1,45.84,15.2331804810092,38.5379791259766
1,45.85,15.2365137808956,38.5379791259766
1,45.86,15.2398470807821,38.5546684265137
1,45.87,15.2431803806685,38.5665893554688
1,45.88,15.2465136805549,38.5713577270508
1,45.89,15.2498469804414,38.5880470275879
1,45.9,15.2531802803278,38.604736328125
1,45.91,15.2565135802142,38.6214256286621
1,45.92,15.2598468801007,38.6428833007813
1,45.93,15.2631801799871,38.6381149291992
1,45.94,15.2665134798735,38.6548042297363
1,45.95,15.26984677976,38.6714935302734
1,45.96,15.2731800796464,38.6786460876465
1,45.97,15.2765133795328,38.6953353881836
1,45.98,15.2798466794193,38.7167930603027
1,45.99,15.2831799793057,38.7287139892578
1,46,15.2865132791921,38.7382507324219
1,46.01,15.2898465790786,38.7358665466309
1,46.02,15.293179878965,38.754940032959
1,46.03,15.2965131788515,38.7763977050781
1,46.04,15.2998464787379,38.8002395629883
1,46.05,15.3031797786243,38.8073921203613
1,46.06,15.3065130785108,38.8407707214355
1,46.07,15.3098463783972,38.8479232788086
1,46.08,15.3131796782836,38.8717651367188
1,46.09,15.3165129781701,38.8932228088379
1,46.1,15.3198462780565,38.8979911804199
1,46.11,15.3231795779429,38.9194488525391
1,46.12,15.3265128778294,38.9432907104492
1,46.13,15.3298461777158,38.9504432678223
1,46.14,15.3331794776022,38.9623641967773
1,46.15,15.3365127774887,38.9885902404785
1,46.16,15.3398460773751,39.0005111694336
1,46.17,15.3431793772616,39.0219688415527
1,46.18,15.346512677148,39.0410423278809
1,46.19,15.3498459770344,39.0505790710449
1,46.2,15.3531792769209,39.0791893005371
1,46.21,15.3565125768073,39.1030311584473
1,46.22,15.3598458766937,39.1340255737305
1,46.23,15.3631791765802,39.1507148742676
1,46.24,15.3665124764666,39.1697883605957
1,46.25,15.369845776353,39.2007827758789
1,46.26,15.3731790762395,39.222240447998
1,46.27,15.3765123761259,39.2484664916992
1,46.28,15.3798456760123,39.2723083496094
1,46.29,15.3831789758988,39.2985343933105
1,46.3,15.3865122757852,39.3128395080566
1,46.31,15.3898455756716,39.3295288085938
1,46.32,15.3931788755581,39.3366813659668
1,46.33,15.3965121754445,39.3390655517578
1,46.34,15.3998454753309,39.3533706665039
1,46.35,15.4031787752174,39.3772125244141
1,46.36,15.4065120751038,39.3939018249512
1,46.37,15.4098453749903,39.4034385681152
1,46.38,15.4131786748767,39.4248962402344
1,46.39,15.4165119747631,39.4392013549805
1,46.4,15.4198452746496,39.4558906555176
1,46.41,15.423178574536,39.4701957702637
1,46.42,15.4265118744224,39.4964218139648
1,46.43,15.4298451743089,39.522647857666
1,46.44,15.4331784741953,39.5393371582031
1,46.45,15.4365117740817,39.5560264587402
1,46.46,15.4398450739682,39.5846366882324
1,46.47,15.4431783738546,39.5894050598145
1,46.48,15.446511673741,39.6180152893066
1,46.49,15.4498449736275,39.6394729614258
1,46.5,15.4531782735139,39.6490097045898
1,46.51,15.4565115734003,39.6728515625
1,46.52,15.4598448732868,39.6823883056641
1,46.53,15.4631781731732,39.7109985351563
1,46.54,15.4665114730597,39.7300720214844
1,46.55,15.4698447729461,39.7396087646484
1,46.56,15.4731780728325,39.7753715515137
1,46.57,15.476511372719,39.7992134094238
1,46.58,15.4798446726054,39.827823638916
1,46.59,15.4831779724918,39.8588180541992
1,46.6,15.4865112723783,39.8898124694824
1,46.61,15.4898445722647,39.9231910705566
1,46.62,15.4931778721511,39.9518013000488
1,46.63,15.4965111720376,39.982795715332
1,46.64,15.499844471924,40.0018692016602
1,46.65,15.5031777718104,40.0257110595703
1,46.66,15.5065110716969,40.0304794311523
1,46.67,15.5098443715833,40.0590896606445
1,46.68,15.5131776714697,40.0805473327637
1,46.69,15.5165109713562,40.1067733764648
1,46.7,15.5198442712426,40.1091575622559
1,46.71,15.5231775711291,40.1210784912109
1,46.72,15.5265108710155,40.132999420166
1,46.73,15.5298441709019,40.1616096496582
1,46.74,15.5331774707884,40.1759147644043
1,46.75,15.5365107706748,40.1997566223145
1,46.76,15.5398440705612,40.2235984802246
1,46.77,15.5431773704477,40.2450561523438
1,46.78,15.5465106703341,40.2712821960449
1,46.79,15.5498439702205,40.2998924255371
1,46.8,15.553177270107,40.3094291687012
1,46.81,15.5565105699934,40.3308868408203
1,46.82,15.5598438698798,40.3523445129395
1,46.83,15.5631771697663,40.3738021850586
1,46.84,15.5665104696527,40.3904914855957
1,46.85,15.5698437695391,40.4119491577148
1,46.86,15.5731770694256,40.435791015625
1,46.87,15.576510369312,40.4596328735352
1,46.88,15.5798436691985,40.4739379882813
1,46.89,15.5831769690849,40.4906272888184
1,46.9,15.5865102689713,40.5097007751465
1,46.91,15.5898435688578,40.5335426330566
1,46.92,15.5931768687442,40.5550003051758
1,46.93,15.5965101686306,40.5788421630859
1,46.94,15.5998434685171,40.6098365783691
1,46.95,15.6031767684035,40.6265258789063
1,46.96,15.6065100682899,40.6527519226074
1,46.97,15.6098433681764,40.6742095947266
1,46.98,15.6131766680628,40.7004356384277
1,46.99,15.6165099679492,40.7123565673828
1,47,15.6198432678357,40.7242774963379
1,47.01,15.6231765677221,40.7576560974121
1,47.02,15.6265098676085,40.7862663269043
1,47.03,15.629843167495,40.8053398132324
1,47.04,15.6331764673814,40.8363342285156
1,47.05,15.6365097672679,40.8554077148438
1,47.06,15.6398430671543,40.891170501709
1,47.07,15.6431763670407,40.9150123596191
1,47.08,15.6465096669272,40.9364700317383
1,47.09,15.6498429668136,40.9626960754395
1,47.1,15.6531762667,40.9841537475586
1,47.11,15.6565095665865,41.0127639770508
1,47.12,15.6598428664729,41.0270690917969
1,47.13,15.6631761663593,41.050910949707
1,47.14,15.6665094662458,41.0890579223633
1,47.15,15.6698427661322,41.0938262939453
1,47.16,15.6731760660186,41.1176681518555
1,47.17,15.6765093659051,41.1391258239746
1,47.18,15.6798426657915,41.1653518676758
1,47.19,15.6831759656779,41.1868095397949
1,47.2,15.6865092655644,41.19873046875
1,47.21,15.6898425654508,41.2225723266602
1,47.22,15.6931758653373,41.2511825561523
1,47.23,15.6965091652237,41.2750244140625
1,47.24,15.6998424651101,41.3012504577637
1,47.25,15.7031757649966,41.3203239440918
1,47.26,15.706509064883,41.346549987793
1,47.27,15.7098423647694,41.3680076599121
1,47.28,15.7131756646559,41.3775444030762
1,47.29,15.7165089645423,41.4085388183594
1,47.3,15.7198422644287,41.4228439331055
1,47.31,15.7231755643152,41.4466857910156
1,47.32,15.7265088642016,41.4729118347168
1,47.33,15.729842164088,41.4919853210449
1,47.34,15.7331754639745,41.508674621582
1,47.35,15.7365087638609,41.5301322937012
1,47.36,15.7398420637473,41.5539741516113
1,47.37,15.7431753636338,41.5730476379395
1,47.38,15.7465086635202,41.5992736816406
1,47.39,15.7498419634067,41.6231155395508
1,47.4,15.7531752632931,41.651725769043
1,47.41,15.7565085631795,41.6684150695801
1,47.42,15.759841863066,41.6922569274902
1,47.43,15.7631751629524,41.7089462280273
1,47.44,15.7665084628388,41.7351722717285
1,47.45,15.7698417627253,41.7590141296387
1,47.46,15.7731750626117,41.7852401733398
1,47.47,15.7765083624981,41.806697845459
1,47.48,15.7798416623846,41.8305397033691
1,47.49,15.783174962271,41.8543815612793
1,47.5,15.7865082621574,41.8782234191895
1,47.51,15.7898415620439,41.9020652770996
1,47.52,15.7931748619303,41.9235229492188
1,47.53,15.7965081618167,41.9402122497559
1,47.54,15.7998414617032,41.964054107666
1,47.55,15.8031747615896,41.9831275939941
1,47.56,15.8065080614761,41.9950485229492
1,47.57,15.8098413613625,42.0212745666504
1,47.58,15.8131746612489,42.0355796813965
1,47.59,15.8165079611354,42.0522689819336
1,47.6,15.8198412610218,42.0737266540527
1,47.61,15.8231745609082,42.0975685119629
1,47.62,15.8265078607947,42.1142578125
1,47.63,15.8298411606811,42.1428680419922
1,47.64,15.8331744605675,42.1619415283203
1,47.65,15.836507760454,42.1857833862305
1,47.66,15.8398410603404,42.2000885009766
1,47.67,15.8431743602268,42.2263145446777
1,47.68,15.8465076601133,42.2334671020508
1,47.69,15.8498409599997,42.2549247741699
1,47.7,15.8531742598861,42.264461517334
1,47.71,15.8565075597726,42.2763824462891
1,47.72,15.8631741595454,42.2930717468262
1,47.73,15.8665074594319,42.3049926757813
1,47.75,15.8698407593183,42.3240661621094
1,47.76,15.8765073590912,42.3359870910645
1,47.77,15.8798406589776,42.3598289489746
1,47.78,15.8831739588641,42.3622131347656
1,47.79,15.8865072587505,42.3884391784668
1,47.81,15.8898405586369,42.4075126647949
1,47.82,15.8965071584098,42.4408912658691
1,47.83,15.8998404582962,42.4599647521973
1,47.84,15.9031737581827,42.4885749816895
1,47.85,15.9065070580691,42.5028800964355
1,47.87,15.913173657842,42.5601005554199
1,47.88,15.9165069577284,42.5910949707031
1,47.89,15.9198402576149,42.6125526428223
1,47.91,15.9265068573877,42.6769256591797
1,47.92,15.9298401572742,42.7079200744629
1,47.93,15.9331734571606,42.726993560791
1,47.94,15.936506757047,42.7532196044922
1,47.95,15.9398400569335,42.7794456481934
1,47.96,15.9431733568199,42.8056716918945
1,47.97,15.9465066567063,42.8366661071777
1,47.98,15.9498399565928,42.8676605224609
1,47.99,15.9531732564792,42.881965637207
1,48,15.9565065563656,42.8915023803711
1,48.01,15.9598398562521,42.9201126098633
1,48.02,15.9631731561385,42.9391860961914
1,48.03,15.9665064560249,42.9582595825195
1,48.04,15.9698397559114,42.9844856262207
1,48.05,15.9731730557978,43.0011749267578
1,48.06,15.9765063556843,43.025016784668
1,48.07,15.9798396555707,43.036937713623
1,48.08,15.9831729554571,43.0703163146973
1,48.09,15.9865062553436,43.0989265441895
1,48.1,15.98983955523,43.1132316589355
1,48.11,15.9931728551164,43.1299209594727
1,48.12,15.9965061550029,43.1632995605469
1,48.13,15.9998394548893,43.189525604248
1,48.14,16.0031727547757,43.2038307189941
1,48.15,16.0065060546622,43.2372093200684
1,48.16,16.0098393545486,43.2562828063965
1,48.17,16.013172654435,43.2753562927246
1,48.18,16.0165059543215,43.3135032653809
1,48.19,16.0198392542079,43.332576751709
1,48.2,16.0231725540943,43.3635711669922
1,48.21,16.0265058539808,43.3826446533203
1,48.22,16.0298391538672,43.3969497680664
1,48.23,16.0331724537537,43.4136390686035
1,48.24,16.0365057536401,43.4327125549316
1,48.25,16.0398390535265,43.4708595275879
1,48.26,16.043172353413,43.487548828125
1,48.27,16.0465056532994,43.5185432434082
1,48.28,16.0498389531858,43.5304641723633
1,48.29,16.0531722530723,43.5352325439453
1,48.3,16.0565055529587,43.5543060302734
1,48.31,16.0598388528451,43.5686111450195
1,48.32,16.0631721527316,43.5900688171387
1,48.33,16.066505452618,43.6162948608398
1,48.34,16.0698387525044,43.6210632324219
1,48.35,16.0731720523909,43.6615943908691
1,48.36,16.0765053522773,43.6735153198242
1,48.37,16.0798386521637,43.6949729919434
1,48.38,16.0831719520502,43.7211990356445
1,48.39,16.0865052519366,43.7402725219727
1,48.4,16.0898385518231,43.7545776367188
1,48.41,16.0931718517095,43.7760353088379
1,48.42,16.0965051515959,43.8022613525391
1,48.43,16.0998384514824,43.8308715820313
1,48.44,16.1031717513688,43.8451766967773
1,48.45,16.1065050512552,43.8785552978516
1,48.46,16.1098383511417,43.9119338989258
1,48.47,16.1131716510281,43.9167022705078
1,48.48,16.1165049509145,43.9572334289551
1,48.49,16.119838250801,43.9715385437012
1,48.5,16.1231715506874,43.9929962158203
1,48.51,16.1265048505738,44.0192222595215
1,48.52,16.1298381504603,44.0526008605957
1,48.53,16.1331714503467,44.0740585327148
1,48.54,16.1365047502331,44.0883636474609
1,48.55,16.1398380501196,44.1169738769531
1,48.56,16.143171350006,44.1408157348633
1,48.57,16.1465046498925,44.1551208496094
1,48.58,16.1498379497789,44.1789627075195
1,48.59,16.1531712496653,44.2171096801758
1,48.6,16.1565045495518,44.2361831665039
1,48.61,16.1598378494382,44.2624092102051
1,48.62,16.1631711493246,44.2814826965332
1,48.63,16.1665044492111,44.3053245544434
1,48.64,16.1698377490975,44.3387031555176
1,48.65,16.1731710489839,44.3625450134277
1,48.66,16.1765043488704,44.3935394287109
1,48.67,16.1798376487568,44.4245338439941
1,48.68,16.1831709486432,44.4579124450684
1,48.69,16.1865042485297,44.4960594177246
1,48.7,16.1898375484161,44.5151329040527
1,48.71,16.1931708483025,44.5461273193359
1,48.72,16.196504148189,44.5652008056641
1,48.73,16.1998374480754,44.5938110351563
1,48.74,16.2031707479618,44.6152687072754
1,48.75,16.2065040478483,44.6343421936035
1,48.76,16.2098373477347,44.6653366088867
1,48.77,16.2131706476212,44.6891784667969
1,48.78,16.2165039475076,44.7225570678711
1,48.79,16.219837247394,44.7440147399902
1,48.8,16.2231705472805,44.7559356689453
1,48.81,16.2265038471669,44.7869300842285
1,48.82,16.2298371470533,44.8131561279297
1,48.83,16.2331704469398,44.8274612426758
1,48.84,16.2365037468262,44.8465347290039
1,48.85,16.2398370467126,44.8703765869141
1,48.86,16.2431703465991,44.8918342590332
1,48.87,16.2465036464855,44.9228286743164
1,48.88,16.2498369463719,44.9395179748535
1,48.89,16.2531702462584,44.9585914611816
1,48.9,16.2565035461448,44.9895858764648
1,48.91,16.2598368460312,44.9967384338379
1,48.92,16.2631701459177,45.020580291748
1,48.93,16.2665034458041,45.0444221496582
1,48.94,16.2698367456906,45.0587272644043
1,48.95,16.273170045577,45.0825691223145
1,48.96,16.2765033454634,45.0873374938965
1,48.97,16.2798366453499,45.1040267944336
1,48.98,16.2831699452363,45.1254844665527
1,48.99,16.2865032451227,45.1374053955078
1,49,16.2898365450092,45.1564788818359
1,49.01,16.2931698448956,45.168399810791
1,49.02,16.296503144782,45.1874732971191
1,49.03,16.2998364446685,45.2136993408203
1,49.04,16.3031697445549,45.2232360839844
1,49.05,16.3065030444413,45.2542304992676
1,49.06,16.3098363443278,45.2733039855957
1,49.07,16.3131696442142,45.2804565429688
1,49.08,16.3165029441006,45.3019142150879
1,49.09,16.3198362439871,45.325756072998
1,49.1,16.3231695438735,45.3376770019531
1,49.11,16.32650284376,45.3567504882813
1,49.12,16.3298361436464,45.3782081604004
1,49.13,16.3331694435328,45.4115867614746
1,49.14,16.3365027434193,45.4330444335938
1,49.15,16.3398360433057,45.4592704772949
1,49.16,16.3431693431921,45.478343963623
1,49.17,16.3465026430786,45.5045700073242
1,49.18,16.349835942965,45.5236434936523
1,49.19,16.3531692428514,45.5427169799805
1,49.2,16.3565025427379,45.5713272094727
1,49.21,16.3598358426243,45.5927848815918
1,49.22,16.3631691425107,45.6070899963379
1,49.23,16.3665024423972,45.6333160400391
1,49.24,16.3698357422836,45.6476211547852
1,49.25,16.37316904217,45.6714630126953
1,49.26,16.3765023420565,45.6929206848145
1,49.27,16.3798356419429,45.7215309143066
1,49.28,16.3831689418294,45.7358360290527
1,49.29,16.3865022417158,45.7620620727539
1,49.3,16.3898355416022,45.7763671875
1,49.31,16.3931688414887,45.8049774169922
1,49.32,16.3965021413751,45.8145141601563
1,49.33,16.3998354412615,45.8550453186035
1,49.34,16.403168741148,45.8550453186035
1,49.35,16.4065020410344,45.8836555480957
1,49.36,16.4098353409208,45.9051132202148
1,49.37,16.4131686408073,45.9146499633789
1,49.38,16.4165019406937,45.9432601928711
1,49.39,16.4198352405801,45.9623336791992
1,49.4,16.4231685404666,45.9766387939453
1,49.41,16.426501840353,46.0004806518555
1,49.42,16.4298351402394,46.0171699523926
1,49.43,16.4331684401259,46.0457801818848
1,49.44,16.4365017400123,46.0624694824219
1,49.45,16.4398350398988,46.0910797119141
1,49.46,16.4431683397852,46.1268424987793
1,49.47,16.4465016396716,46.1459159851074
1,49.48,16.4498349395581,46.1697578430176
1,49.49,16.4531682394445,46.2007522583008
1,49.5,16.4565015393309,46.2198257446289
1,49.51,16.4598348392174,46.2579727172852
1,49.52,16.4631681391038,46.2794303894043
1,49.53,16.4665014389902,46.3032722473145
1,49.54,16.4698347388767,46.3366508483887
1,49.55,16.4731680387631,46.3533401489258
1,49.56,16.4765013386495,46.391487121582
1,49.57,16.479834638536,46.4034080505371
1,49.58,16.4831679384224,46.4439392089844
1,49.59,16.4865012383089,46.4725494384766
1,49.6,16.4898345381953,46.4963912963867
1,49.61,16.4931678380817,46.5202331542969
1,49.62,16.4965011379682,46.546459197998
1,49.63,16.4998344378546,46.5631484985352
1,49.64,16.503167737741,46.5893745422363
1,49.65,16.5065010376275,46.6012954711914
1,49.66,16.5098343375139,46.6108322143555
1,49.67,16.5131676374003,46.6394424438477
1,49.68,16.5165009372868,46.6680526733398
1,49.69,16.5198342371732,46.6799736022949
1,49.7,16.5231675370596,46.7038154602051
1,49.71,16.5265008369461,46.7276573181152
1,49.72,16.5298341368325,46.7586517333984
1,49.73,16.5331674367189,46.7824935913086
1,49.74,16.5365007366054,46.8134880065918
1,49.75,16.5398340364918,46.8301773071289
1,49.76,16.5431673363782,46.8707084655762
1,49.77,16.5465006362647,46.8897819519043
1,49.78,16.5498339361511,46.9112396240234
1,49.79,16.5531672360376,46.9374656677246
1,49.8,16.556500535924,46.9446182250977
1,49.81,16.5598338358104,46.9708442687988
1,49.82,16.5631671356969,47.004222869873
1,49.83,16.5665004355833,47.0185279846191
1,49.84,16.5698337354697,47.0423698425293
1,49.85,16.5731670353562,47.0805168151855
1,49.86,16.5765003352426,47.0995903015137
1,49.87,16.579833635129,47.1186637878418
1,49.88,16.5831669350155,47.1401214599609
1,49.89,16.5865002349019,47.1711158752441
1,49.9,16.5898335347883,47.1878051757813
1,49.91,16.5931668346748,47.2092628479004
1,49.92,16.5965001345612,47.2354888916016
1,49.93,16.5998334344476,47.2593307495117
1,49.94,16.6031667343341,47.2927093505859
1,49.95,16.6065000342205,47.3141670227051
1,49.96,16.609833334107,47.3260879516602
1,49.97,16.6131666339934,47.3642349243164
1,49.98,16.6164999338798,47.3737716674805
1,49.99,16.6198332337663,47.4047660827637
1,50,16.6231665336527,47.4190711975098
1,50.01,16.6264998335391,47.447681427002
1,50.02,16.6298331334256,47.4691390991211
1,50.03,16.633166433312,47.4882125854492
1,50.04,16.6364997331984,47.5120544433594
1,50.05,16.6398330330849,47.5335121154785
1,50.06,16.6431663329713,47.5549697875977
1,50.07,16.6464996328577,47.5883483886719
1,50.08,16.6498329327442,47.602653503418
1,50.09,16.6531662326306,47.6193428039551
1,50.1,16.656499532517,47.6455688476563
1,50.11,16.6598328324035,47.6574897766113
1,50.12,16.6631661322899,47.6837158203125
1,50.13,16.6664994321764,47.7194786071777
1,50.14,16.6698327320628,47.7194786071777
1,50.15,16.6731660319492,47.752857208252
1,50.16,16.6764993318357,47.7743148803711
1,50.17,16.6798326317221,47.7838516235352
1,50.18,16.6831659316085,47.8076934814453
1,50.19,16.686499231495,47.8339195251465
1,50.2,16.6898325313814,47.8410720825195
1,50.21,16.6931658312678,47.8577613830566
1,50.22,16.6964991311543,47.8720664978027
1,50.23,16.6998324310407,47.8887557983398
1,50.24,16.7031657309271,47.905445098877
1,50.25,16.7064990308136,47.9292869567871
1,50.26,16.7098323307,47.9483604431152
1,50.27,16.7131656305864,47.9674339294434
1,50.28,16.7164989304729,47.9865074157715
1,50.29,16.7198322303593,47.9960441589355
1,50.3,16.7231655302458,48.0127334594727
1,50.31,16.7264988301322,48.0365753173828
1,50.32,16.7298321300186,48.0532646179199
1,50.33,16.7331654299051,48.0771064758301
1,50.34,16.7364987297915,48.0890274047852
1,50.35,16.7398320296779,48.1224060058594
1,50.36,16.7431653295644,48.1390953063965
1,50.37,16.7464986294508,48.1605529785156
1,50.38,16.7498319293372,48.1843948364258
1,50.39,16.7531652292237,48.2177734375
1,50.4,16.7564985291101,48.2416152954102
1,50.41,16.7598318289965,48.2583045959473
1,50.42,16.763165128883,48.2869148254395
1,50.43,16.7664984287694,48.3155250549316
1,50.44,16.7698317286558,48.3298301696777
1,50.45,16.7731650285423,48.363208770752
1,50.46,16.7764983284287,48.3894348144531
1,50.47,16.7798316283152,48.4156608581543
1,50.48,16.7831649282016,48.4418869018555
1,50.49,16.786498228088,48.4824180603027
1,50.5,16.7898315279745,48.4919548034668
1,50.51,16.7931648278609,48.527717590332
1,50.52,16.7964981277473,48.5563278198242
1,50.53,16.7998314276338,48.5730171203613
1,50.54,16.8031647275202,48.5944747924805
1,50.55,16.8064980274066,48.6183166503906
1,50.56,16.8098313272931,48.6373901367188
1,50.57,16.8131646271795,48.6588478088379
1,50.58,16.8164979270659,48.6850738525391
1,50.59,16.8198312269524,48.7065315246582
1,50.6,16.8231645268388,48.7112998962402
1,50.61,16.8264978267252,48.7399101257324
1,50.62,16.8298311266117,48.7661361694336
1,50.63,16.8331644264981,48.7923622131348
1,50.64,16.8364977263846,48.8138198852539
1,50.65,16.839831026271,48.832893371582
1,50.66,16.8431643261574,48.8567352294922
1,50.67,16.8464976260439,48.8758087158203
1,50.68,16.8498309259303,48.8901138305664
1,50.69,16.8531642258167,48.9139556884766
1,50.7,16.8564975257032,48.9425659179688
1,50.71,16.8598308255896,48.9640235900879
1,50.72,16.863164125476,48.985481262207
1,50.73,16.8664974253625,49.0164756774902
1,50.74,16.8698307252489,49.0427017211914
1,50.75,16.8731640251353,49.0665435791016
1,50.76,16.8764973250218,49.0903854370117
1,50.77,16.8798306249082,49.1142272949219
1,50.78,16.8831639247946,49.1428375244141
1,50.79,16.8864972246811,49.1642951965332
1,50.8,16.8898305245675,49.1952896118164
1,50.81,16.893163824454,49.2286682128906
1,50.82,16.8964971243404,49.2525100708008
1,50.83,16.8998304242268,49.281120300293
1,50.84,16.9031637241133,49.3025779724121
1,50.85,16.9064970239997,49.3168830871582
1,50.86,16.9098303238861,49.3526458740234
1,50.87,16.9131636237726,49.3836402893066
1,50.88,16.916496923659,49.4146347045898
1,50.89,16.9198302235454,49.433708190918
1,50.9,16.9231635234319,49.4551658630371
1,50.91,16.9264968233183,49.4575500488281
1,50.92,16.9298301232047,49.4933128356934
1,50.93,16.9331634230912,49.5219230651855
1,50.94,16.9364967229776,49.5338439941406
1,50.95,16.939830022864,49.5600700378418
1,50.96,16.9431633227505,49.586296081543
1,50.97,16.9464966226369,49.6125221252441
1,50.98,16.9498299225234,49.6315956115723
1,50.99,16.9531632224098,49.6649742126465
1,51,16.9564965222962,49.6816635131836
1,51.01,16.9598298221827,49.7078895568848
1,51.02,16.9631631220691,49.7341156005859
1,51.03,16.9664964219555,49.7531890869141
1,51.04,16.969829721842,49.7698783874512
1,51.05,16.9731630217284,49.7913360595703
1,51.06,16.9764963216148,49.8199462890625
1,51.07,16.9798296215013,49.8509407043457
1,51.08,16.9831629213877,49.8676300048828
1,51.09,16.9864962212741,49.889087677002
1,51.1,16.9898295211606,49.9176979064941
1,51.11,16.993162821047,49.9415397644043
1,51.12,16.9964961209334,49.9677658081055
1,51.13,16.9998294208199,49.9939918518066
1,51.14,17.0031627207063,50.0130653381348
1,51.15,17.0064960205927,50.0369071960449
1,51.16,17.0098293204792,50.053596496582
1,51.17,17.0131626203656,50.0774383544922
1,51.18,17.0164959202521,50.1155853271484
1,51.19,17.0198292201385,50.1394271850586
1,51.2,17.0231625200249,50.1608848571777
1,51.21,17.0264958199114,50.1918792724609
1,51.22,17.0298291197978,50.2157211303711
1,51.23,17.0331624196842,50.2395629882813
1,51.24,17.0364957195707,50.2705574035645
1,51.25,17.0398290194571,50.2991676330566
1,51.26,17.0431623193435,50.3301620483398
1,51.27,17.04649561923,50.349235534668
1,51.28,17.0498289191164,50.3683090209961
1,51.29,17.0531622190028,50.3993034362793
1,51.3,17.0564955188893,50.4350662231445
1,51.31,17.0598288187757,50.4612922668457
1,51.32,17.0631621186621,50.4851341247559
1,51.33,17.0664954185486,50.501823425293
1,51.34,17.069828718435,50.5328178405762
1,51.35,17.0731620183215,50.5590438842773
1,51.36,17.0764953182079,50.5733489990234
1,51.37,17.0798286180943,50.6019592285156
1,51.38,17.0831619179808,50.6162643432617
1,51.39,17.0864952178672,50.6448745727539
1,51.4,17.0898285177536,50.661563873291
1,51.41,17.0931618176401,50.6925582885742
1,51.42,17.0964951175265,50.7044792175293
1,51.43,17.0998284174129,50.7354736328125
1,51.44,17.1031617172994,50.7569313049316
1,51.45,17.1064950171858,50.7831573486328
1,51.46,17.1098283170722,50.804615020752
1,51.47,17.1131616169587,50.8332252502441
1,51.48,17.1164949168451,50.8546829223633
1,51.49,17.1198282167315,50.8761405944824
1,51.5,17.123161516618,50.9023666381836
1,51.51,17.1264948165044,50.9262084960938
1,51.52,17.1298281163909,50.9524345397949
1,51.53,17.1331614162773,50.9810447692871
1,51.54,17.1364947161637,51.0072708129883
1,51.55,17.1398280160502,51.0287284851074
1,51.56,17.1431613159366,51.0549545288086
1,51.57,17.146494615823,51.0764122009277
1,51.58,17.1498279157095,51.1002540588379
1,51.59,17.1531612155959,51.124095916748
1,51.6,17.1564945154823,51.1479377746582
1,51.61,17.1598278153688,51.1646270751953
1,51.62,17.1631611152552,51.1980056762695
1,51.63,17.1664944151416,51.2218475341797
1,51.64,17.1698277150281,51.2433052062988
1,51.65,17.1731610149145,51.267147064209
1,51.66,17.1764943148009,51.2838363647461
1,51.67,17.1798276146874,51.3029098510742
1,51.68,17.1831609145738,51.3267517089844
1,51.69,17.1864942144603,51.3434410095215
1,51.7,17.1898275143467,51.3648986816406
1,51.71,17.1931608142331,51.3982772827148
1,51.72,17.1964941141196,51.4101982116699
1,51.73,17.199827414006,51.4435768127441
1,51.74,17.2031607138924,51.4793395996094
1,51.75,17.2064940137789,51.5079498291016
1,51.76,17.2098273136653,51.5294075012207
1,51.77,17.2131606135517,51.5604019165039
1,51.78,17.2164939134382,51.577091217041
1,51.79,17.2198272133246,51.6057014465332
1,51.8,17.223160513211,51.6295433044434
1,51.81,17.2264938130975,51.6438484191895
1,51.82,17.2298271129839,51.6700744628906
1,51.83,17.2331604128704,51.7010688781738
1,51.84,17.2364937127568,51.7129898071289
1,51.85,17.2398270126432,51.720142364502
1,51.86,17.2431603125297,51.7559051513672
1,51.87,17.2464936124161,51.7678260803223
1,51.88,17.2498269123025,51.7916679382324
1,51.89,17.253160212189,51.8202781677246
1,51.9,17.2564935120754,51.8393516540527
1,51.91,17.2598268119618,51.8703460693359
1,51.92,17.2631601118483,51.8941879272461
1,51.93,17.2664934117347,51.9132614135742
1,51.94,17.2698267116211,51.9394874572754
1,51.95,17.2731600115076,51.9680976867676
1,51.96,17.276493311394,51.9871711730957
1,51.97,17.2798266112804,51.9967079162598
1,51.98,17.2831599111669,52.034854888916
1,51.99,17.2864932110533,52.0420074462891
1,52,17.2898265109397,52.0753860473633
1,52.01,17.2931598108262,52.1087646484375
1,52.02,17.2964931107126,52.1421432495117
1,52.03,17.2998264105991,52.1659851074219
1,52.04,17.3031597104855,52.1945953369141
1,52.05,17.3064930103719,52.2208213806152
1,52.06,17.3098263102584,52.2470474243164
1,52.07,17.3131596101448,52.2756576538086
1,52.08,17.3164929100312,52.3066520690918
1,52.09,17.3198262099177,52.332878112793
1,52.1,17.3231595098041,52.3591041564941
1,52.11,17.3264928096905,52.3853302001953
1,52.12,17.329826109577,52.4091720581055
1,52.13,17.3331594094634,52.4353981018066
1,52.14,17.3364927093498,52.4616241455078
1,52.15,17.3398260092363,52.4806976318359
1,52.16,17.3431593091227,52.5093078613281
1,52.17,17.3464926090091,52.5331497192383
1,52.18,17.3498259088956,52.5546073913574
1,52.19,17.353159208782,52.5593757629395
1,52.2,17.3564925086685,52.5975227355957
1,52.21,17.3598258085549,52.6165962219238
1,52.22,17.3631591084413,52.642822265625
1,52.23,17.3664924083278,52.6642799377441
1,52.24,17.3698257082142,52.6762008666992
1,52.25,17.3731590081006,52.7095794677734
1,52.26,17.3764923079871,52.7215003967285
1,52.27,17.3798256078735,52.7572631835938
1,52.28,17.3831589077599,52.7667999267578
1,52.29,17.3864922076464,52.797794342041
1,52.3,17.3898255075328,52.8264045715332
1,52.31,17.3931588074192,52.8430938720703
1,52.32,17.3964921073057,52.8717041015625
1,52.33,17.3998254071921,52.8955459594727
1,52.34,17.4031587070785,52.9074668884277
1,52.35,17.406492006965,52.9384613037109
1,52.36,17.4098253068514,52.9766082763672
1,52.37,17.4131586067379,52.9885292053223
1,52.38,17.4164919066243,53.0219078063965
1,52.39,17.4198252065107,53.0481338500977
1,52.4,17.4231585063972,53.0838966369629
1,52.41,17.4264918062836,53.098201751709
1,52.42,17.42982510617,53.1387329101563
1,52.43,17.4331584060565,53.1554222106934
1,52.44,17.4364917059429,53.1911849975586
1,52.45,17.4398250058293,53.2126426696777
1,52.46,17.4431583057158,53.2341003417969
1,52.47,17.4464916056022,53.253173828125
1,52.48,17.4498249054886,53.2865524291992
1,52.49,17.4531582053751,53.3080101013184
1,52.5,17.4564915052615,53.3437728881836
1,52.51,17.4598248051479,53.3628463745117
1,52.52,17.4631581050344,53.3819198608398
1,52.53,17.4664914049208,53.4152984619141
1,52.54,17.4698247048073,53.4296035766602
1,52.55,17.4731580046937,53.4629821777344
1,52.56,17.4764913045801,53.4844398498535
1,52.57,17.4798246044666,53.5082817077637
1,52.58,17.483157904353,53.5297393798828
1,52.59,17.4864912042394,53.558349609375
1,52.6,17.4898245041259,53.5845756530762
1,52.61,17.4931578040123,53.6108016967773
1,52.62,17.4964911038987,53.6298751831055
1,52.63,17.4998244037852,53.6584854125977
1,52.64,17.5031577036716,53.6799430847168
1,52.65,17.506491003558,53.708553314209
1,52.66,17.5098243034445,53.7300109863281
1,52.67,17.5131576033309,53.7514686584473
1,52.68,17.5164909032173,53.7872314453125
1,52.69,17.5198242031038,53.8039207458496
1,52.7,17.5231575029902,53.8206100463867
1,52.71,17.5264908028767,53.858757019043
1,52.72,17.5298241027631,53.870677947998
1,52.73,17.5331574026495,53.9040565490723
1,52.74,17.536490702536,53.9183616638184
1,52.75,17.5398240024224,53.9422035217285
1,52.76,17.5431573023088,53.9731979370117
1,52.77,17.5464906021953,53.9851188659668
1,52.78,17.5498239020817,54.013729095459
1,52.79,17.5531572019681,54.0375709533691
1,52.8,17.5564905018546,54.0328025817871
1,52.81,17.559823801741,54.0614128112793
1,52.82,17.5631571016274,54.0828704833984
1,52.83,17.5664904015139,54.0995597839355
1,52.84,17.5698237014003,54.1114807128906
1,52.85,17.5731570012867,54.1234016418457
1,52.86,17.5764903011732,54.1400909423828
1,52.87,17.5798236010596,54.1472434997559
1,52.88,17.5831569009461,54.163932800293
1,52.89,17.5864902008325,54.1782379150391
1,52.9,17.5898235007189,54.1949272155762
1,52.91,17.5931568006054,54.2068481445313
1,52.92,17.5964901004918,54.2259216308594
1,52.93,17.5998234003782,54.2402267456055
1,52.94,17.6031567002647,54.2759895324707
1,52.95,17.6064900001511,54.3022155761719
1,52.96,17.6098233000375,54.326057434082
1,52.97,17.613156599924,54.3618202209473
1,52.98,17.6164898998104,54.3856620788574
1,52.99,17.6198231996968,54.4190406799316
1,53,17.6231564995833,54.4500350952148
1,53.01,17.6264897994697,54.4905662536621
1,53.02,17.6298230993561,54.5239448547363
1,53.03,17.6331563992426,54.5430183410645
1,53.04,17.636489699129,54.5859336853027
1,53.05,17.6398229990155,54.6169281005859
1,53.06,17.6431562989019,54.6383857727051
1,53.07,17.6464895987883,54.6717643737793
1,53.08,17.6498228986748,54.6932220458984
1,53.09,17.6531561985612,54.7242164611816
1,53.1,17.6564894984476,54.7480583190918
1,53.11,17.6631560982205,54.771900177002
1,53.12,17.6664893981069,54.8100471496582
1,53.14,17.6698226979934,54.8601150512695
1,53.15,17.6731559978798,54.8791885375977
1,53.16,17.6764892977662,54.9077987670898
1,53.17,17.6831558975391,54.936408996582
1,53.18,17.6864891974255,54.9674034118652
1,53.2,17.689822497312,55.0222396850586
1,53.21,17.6964890970849,55.0317764282227
1,53.22,17.6998223969713,55.0603866577148
1,53.23,17.7031556968577,55.1009178161621
1,53.24,17.7064889967442,55.1056861877441
1,53.26,17.713155596517,55.1676750183105
1,53.27,17.7164888964035,55.1962852478027
1,53.28,17.7198221962899,55.2153587341309
1,53.3,17.7264887960628,55.2916526794434
1,53.31,17.7298220959492,55.3131103515625
1,53.32,17.7331553958356,55.3464889526367
1,53.33,17.7364886957221,55.3750991821289
1,53.34,17.7398219956085,55.4084777832031
1,53.35,17.7431552954949,55.4442405700684
1,53.36,17.7464885953814,55.4680824279785
1,53.37,17.7498218952678,55.4943084716797
1,53.38,17.7531551951543,55.5205345153809
1,53.39,17.7564884950407,55.544376373291
1,53.4,17.7598217949271,55.5658340454102
1,53.41,17.7631550948136,55.5968284606934
1,53.42,17.7664883947,55.6278228759766
1,53.43,17.7698216945864,55.6564331054688
1,53.44,17.7731549944729,55.6731224060059
1,53.45,17.7764882943593,55.6802749633789
1,53.46,17.7798215942457,55.7088851928711
1,53.47,17.7831548941322,55.7303428649902
1,53.48,17.7864881940186,55.7446479797363
1,53.49,17.789821493905,55.7613372802734
1,53.5,17.7931547937915,55.7899475097656
1,53.51,17.7964880936779,55.8137893676758
1,53.52,17.7998213935643,55.849552154541
1,53.53,17.8031546934508,55.8686256408691
1,53.54,17.8064879933372,55.8853149414063
1,53.55,17.8098212932236,55.9210777282715
1,53.56,17.8131545931101,55.9353828430176
1,53.57,17.8164878929965,55.9735298156738
1,53.58,17.819821192883,55.9902191162109
1,53.59,17.8231544927694,56.0092926025391
1,53.6,17.8264877926558,56.0426712036133
1,53.61,17.8298210925423,56.0569763183594
1,53.62,17.8331543924287,56.0879707336426
1,53.63,17.8364876923151,56.1094284057617
1,53.64,17.8398209922016,56.1404228210449
1,53.65,17.843154292088,56.1690330505371
1,53.66,17.8464875919744,56.1928749084473
1,53.67,17.8498208918609,56.2191009521484
1,53.68,17.8531541917473,56.2477111816406
1,53.69,17.8564874916337,56.2930107116699
1,53.7,17.8598207915202,56.3144683837891
1,53.71,17.8631540914066,56.3502311706543
1,53.72,17.866487391293,56.3812255859375
1,53.73,17.8698206911795,56.4074516296387
1,53.74,17.8731539910659,56.4455986022949
1,53.75,17.8764872909524,56.4765930175781
1,53.76,17.8798205908388,56.5195083618164
1,53.77,17.8831538907252,56.5505027770996
1,53.78,17.8864871906117,56.5862655639648
1,53.79,17.8898204904981,56.614875793457
1,53.8,17.8931537903845,56.6434860229492
1,53.81,17.896487090271,56.6816329956055
1,53.82,17.8998203901574,56.7078590393066
1,53.83,17.9031536900438,56.7460060119629
1,53.84,17.9064869899303,56.7722320556641
1,53.85,17.9098202898167,56.8103790283203
1,53.86,17.9131535897031,56.8366050720215
1,53.87,17.9164868895896,56.8819046020508
1,53.88,17.919820189476,56.908130645752
1,53.89,17.9231534893625,56.9343566894531
1,53.9,17.9264867892489,56.9677352905273
1,53.91,17.9298200891353,56.9915771484375
1,53.92,17.9331533890218,57.0225715637207
1,53.93,17.9364866889082,57.0511817932129
1,53.94,17.9398199887946,57.0797920227051
1,53.95,17.9431532886811,57.0940971374512
1,53.96,17.9464865885675,57.1274757385254
1,53.97,17.9498198884539,57.1465492248535
1,53.98,17.9531531883404,57.1703910827637
1,53.99,17.9564864882268,57.1846961975098
1,54,17.9598197881132,57.1918487548828
1,54.01,17.9631530879997,57.218074798584
1,54.02,17.9664863878861,57.220458984375
1,54.03,17.9698196877725,57.2395324707031
1,54.04,17.973152987659,57.2490692138672
1,54.05,17.9764862875454,57.2872161865234
1,54.06,17.9798195874318,57.2896003723145
1,54.07,17.9831528873183,57.3086738586426
1,54.08,17.9864861872047,57.3396682739258
1,54.09,17.9898194870912,57.3492050170898
1,54.1,17.9931527869776,57.368278503418
1,54.11,17.996486086864,57.3897361755371
1,54.12,17.9998193867505,57.4111938476563
1,54.13,18.0031526866369,57.4302673339844
1,54.14,18.0064859865233,57.4588775634766
1,54.15,18.0098192864098,57.4851036071777
1,54.16,18.0131525862962,57.4970245361328
1,54.17,18.0164858861826,57.520866394043
1,54.18,18.0198191860691,57.5423240661621
1,54.19,18.0231524859555,57.5613975524902
1,54.2,18.0264857858419,57.5733184814453
1,54.21,18.0298190857284,57.5923919677734
1,54.22,18.0331523856148,57.6043128967285
1,54.23,18.0364856855012,57.6329231262207
1,54.24,18.0398189853877,57.6519966125488
1,54.25,18.0431522852741,57.673454284668
1,54.26,18.0464855851606,57.685375213623
1,54.27,18.049818885047,57.7116012573242
1,54.28,18.0531521849334,57.7473640441895
1,54.29,18.0564854848199,57.7712059020996
1,54.3,18.0598187847063,57.7878952026367
1,54.31,18.0631520845927,57.8212738037109
1,54.32,18.0664853844792,57.8546524047852
1,54.33,18.0698186843656,57.8784942626953
1,54.34,18.073151984252,57.9142570495605
1,54.35,18.0764852841385,57.9428672790527
1,54.36,18.0798185840249,57.9643249511719
1,54.37,18.0831518839113,58.0096244812012
1,54.38,18.0864851837978,58.0406188964844
1,54.39,18.0898184836842,58.0668449401855
1,54.4,18.0931517835706,58.0954551696777
1,54.41,18.0964850834571,58.1216812133789
1,54.42,18.0998183833435,58.143138885498
1,54.43,18.10315168323,58.1765174865723
1,54.44,18.1064849831164,58.2051277160645
1,54.45,18.1098182830028,58.2098960876465
1,54.46,18.1131515828893,58.2337379455566
1,54.47,18.1164848827757,58.2528114318848
1,54.48,18.1198181826621,58.2766532897949
1,54.49,18.1231514825486,58.3004951477051
1,54.5,18.126484782435,58.3195686340332
1,54.51,18.1298180823214,58.3434104919434
1,54.52,18.1331513822079,58.3720207214355
1,54.53,18.1364846820943,58.4006309509277
1,54.54,18.1398179819807,58.4292411804199
1,54.55,18.1431512818672,58.4650039672852
1,54.56,18.1464845817536,58.4840774536133
1,54.57,18.14981788164,58.5269927978516
1,54.58,18.1531511815265,58.5460662841797
1,54.59,18.1564844814129,58.5770606994629
1,54.6,18.1598177812994,58.600902557373
1,54.61,18.1631510811858,58.6485862731934
1,54.62,18.1664843810722,58.6724281311035
1,54.63,18.1698176809587,58.7058067321777
1,54.64,18.1731509808451,58.741569519043
1,54.65,18.1764842807315,58.7677955627441
1,54.66,18.179817580618,58.8011741638184
1,54.67,18.1831508805044,58.8226318359375
1,54.68,18.1864841803908,58.8560104370117
1,54.69,18.1898174802773,58.8703155517578
1,54.7,18.1931507801637,58.9156150817871
1,54.71,18.1964840800501,58.9323043823242
1,54.72,18.1998173799366,58.9680671691895
1,54.73,18.203150679823,58.9919090270996
1,54.74,18.2064839797094,59.0133666992188
1,54.75,18.2098172795959,59.0181350708008
1,54.76,18.2131505794823,59.056282043457
1,54.77,18.2164838793688,59.0610504150391
1,54.78,18.2198171792552,59.0944290161133
1,54.79,18.2231504791416,59.0991973876953
1,54.8,18.2264837790281,59.1421127319336
1,54.81,18.2298170789145,59.1516494750977
1,54.82,18.2331503788009,59.1850280761719
1,54.83,18.2364836786874,59.208869934082
1,54.84,18.2398169785738,59.2184066772461
1,54.85,18.2431502784602,59.2279434204102
1,54.86,18.2464835783467,59.2613220214844
1,54.87,18.2498168782331,59.2660903930664
1,54.88,18.2531501781195,59.3233108520508
1,54.89,18.256483478006,59.3328475952148
1,54.9,18.2598167778924,59.356689453125
1,54.91,18.2631500777789,59.3852996826172
1,54.92,18.2664833776653,59.4234466552734
1,54.93,18.2698166775517,59.4377517700195
1,54.94,18.2731499774382,59.4520568847656
1,54.95,18.2764832773246,59.50927734375
1,54.96,18.279816577211,59.5188140869141
1,54.97,18.2831498770975,59.5283508300781
1,54.98,18.2864831769839,59.5617294311523
1,54.99,18.2898164768703,59.5521926879883
1,55,18.2931497767568,59.6094131469727
1,55.01,18.2964830766432,59.6141815185547
1,55.02,18.2998163765296,59.6475601196289
1,55.03,18.3031496764161,59.6809387207031
1,55.04,18.3064829763025,59.7000122070313
1,55.05,18.3098162761889,59.7095489501953
1,55.06,18.3131495760754,59.7190856933594
1,55.07,18.3164828759618,59.7572326660156
1,55.08,18.3198161758482,59.7906112670898
1,55.09,18.3231494757347,59.8049163818359
1,55.1,18.3264827756211,59.8621368408203
1,55.11,18.3298160755076,59.8526000976563
1,55.12,18.333149375394,59.8716735839844
1,55.13,18.3364826752804,59.9336624145508
1,55.14,18.3398159751669,59.9527359008789
1,55.15,18.3431492750533,59.9813461303711
1,55.16,18.3464825749397,60.0242614746094
1,55.17,18.3498158748262,60.0624084472656
1,55.18,18.3531491747126,60.0671768188477
1,55.19,18.356482474599,60.1053237915039
1,55.2,18.3598157744855,60.1387023925781
1,55.21,18.3631490743719,60.1816177368164
1,55.22,18.3664823742583,60.2197647094727
1,55.23,18.3698156741448,60.2436065673828
1,55.24,18.3731489740312,60.2626800537109
1,55.25,18.3764822739176,60.2817535400391
1,55.26,18.3798155738041,60.2912902832031
1,55.27,18.3831488736905,60.3199005126953
1,55.28,18.386482173577,60.3437423706055
1,55.29,18.3898154734634,60.3628158569336
1,55.3,18.3931487733498,60.3961944580078
1,55.31,18.3964820732363,60.3914260864258
1,55.32,18.3998153731227,60.4152679443359
1,55.33,18.4031486730091,60.4391098022461
1,55.34,18.4064819728956,60.4438781738281
1,55.35,18.409815272782,60.4724884033203
1,55.36,18.4131485726684,60.5010986328125
1,55.37,18.4164818725549,60.5201721191406
1,55.38,18.4198151724413,60.5297088623047
1,55.39,18.4231484723277,60.5487823486328
1,55.4,18.4264817722142,60.5487823486328
1,55.41,18.4298150721006,60.577392578125
1,55.42,18.433148371987,60.6060028076172
1,55.43,18.4364816718735,60.6298446655273
1,55.44,18.4398149717599,60.6536865234375
1,55.45,18.4431482716464,60.6536865234375
1,55.46,18.4464815715328,60.6918334960938
1,55.47,18.4498148714192,60.6966018676758
1,55.48,18.4531481713057,60.734748840332
1,55.49,18.4564814711921,60.7442855834961
1,55.5,18.4598147710785,60.7824325561523
1,55.51,18.463148070965,60.8062744140625
1,55.52,18.4664813708514,60.8348846435547
1,55.53,18.4698146707378,60.8634948730469
1,55.54,18.4731479706243,60.9207153320313
1,55.55,18.4764812705107,60.9254837036133
1,55.56,18.4798145703971,60.9636306762695
1,55.57,18.4831478702836,60.9779357910156
1,55.58,18.48648117017,60.9970092773438
1,55.59,18.4898144700564,61.039924621582
1,55.6,18.4931477699429,61.0589981079102
1,55.61,18.4964810698293,61.1019134521484
1,55.62,18.4998143697158,61.1209869384766
1,55.63,18.5031476696022,61.1400604248047
1,55.64,18.5064809694886,61.182975769043
1,55.65,18.5098142693751,61.2020492553711
1,55.66,18.5131475692615,61.2449645996094
1,55.67,18.5164808691479,61.2831115722656
1,55.68,18.5198141690344,61.2831115722656
1,55.69,18.5231474689208,61.3117218017578
1,55.7,18.5264807688072,61.34033203125
1,55.71,18.5298140686937,61.3975524902344
1,55.72,18.5331473685801,61.4213943481445
1,55.73,18.5364806684665,61.4309310913086
1,55.74,18.539813968353,61.4547729492188
1,55.75,18.5431472682394,61.4833831787109
1,55.76,18.5464805681258,61.5119934082031
1,55.77,18.5498138680123,61.5453720092773
1,55.78,18.5531471678987,61.5739822387695
1,55.79,18.5564804677852,61.6025924682617
1,55.8,18.5598137676716,61.6550445556641
1,55.81,18.563147067558,61.6598129272461
1,55.82,18.5664803674445,61.6979598999023
1,55.83,18.5698136673309,61.7122650146484
1,55.84,18.5731469672173,61.7504119873047
1,55.85,18.5764802671038,61.7599487304688
1,55.86,18.5798135669902,61.798095703125
1,55.87,18.5831468668766,61.8267059326172
1,55.88,18.5864801667631,61.8553161621094
1,55.89,18.5898134666495,61.8314743041992
1,55.9,18.5931467665359,61.8839263916016
1,55.91,18.5964800664224,61.9125366210938
1,55.92,18.5998133663088,61.9077682495117
1,55.93,18.6031466661952,61.9316101074219
1,55.94,18.6064799660817,61.9840621948242
1,55.95,18.6098132659681,61.9745254516602
1,55.96,18.6131465658546,62.0079040527344
1,55.97,18.616479865741,62.0651245117188
1,55.98,18.6198131656274,62.0698928833008
1,55.99,18.6231464655139,62.1223449707031
1,56,18.6264797654003,62.1318817138672
1,56.01,18.6298130652867,62.1843338012695
1,56.02,18.6331463651732,62.1986389160156
1,56.03,18.6364796650596,62.2367858886719
1,56.04,18.639812964946,62.260627746582
1,56.05,18.6431462648325,62.2987747192383
1,56.06,18.6464795647189,62.3273849487305
1,56.07,18.6498128646053,62.3512268066406
1,56.08,18.6531461644918,62.3798370361328
1,56.09,18.6564794643782,62.413215637207
1,56.1,18.6598127642646,62.4513626098633
1,56.11,18.6631460641511,62.4752044677734
1,56.12,18.6664793640375,62.5085830688477
1,56.13,18.669812663924,62.5133514404297
1,56.14,18.6731459638104,62.556266784668
1,56.15,18.6764792636968,62.5991821289063
1,56.16,18.6798125635833,62.5991821289063
1,56.17,18.6831458634697,62.6182556152344
1,56.18,18.6864791633561,62.6420974731445
1,56.19,18.6898124632426,62.6802444458008
1,56.2,18.693145763129,62.7231597900391
1,56.21,18.6964790630154,62.7660751342773
1,56.22,18.6998123629019,62.7851486206055
1,56.23,18.7031456627883,62.8137588500977
1,56.24,18.7064789626747,62.8566741943359
1,56.25,18.7098122625612,62.8852844238281
1,56.26,18.7131455624476,62.9281997680664
1,56.27,18.716478862334,62.9329681396484
1,56.28,18.7198121622205,62.9711151123047
1,56.29,18.7231454621069,63.0044937133789
1,56.3,18.7264787619933,63.023567199707
1,56.31,18.7298120618798,63.0617141723633
1,56.32,18.7331453617662,63.1093978881836
1,56.33,18.7364786616527,63.1332397460938
1,56.34,18.7398119615391,63.17138671875
1,56.35,18.7431452614255,63.2095336914063
1,56.36,18.746478561312,63.2572174072266
1,56.37,18.7498118611984,63.2858276367188
1,56.38,18.7531451610848,63.3096694946289
1,56.39,18.7564784609713,63.323974609375
1,56.4,18.7598117608577,63.3525848388672
1,56.41,18.7631450607441,63.4098052978516
1,56.42,18.7664783606306,63.4145736694336
1,56.43,18.769811660517,63.4574890136719
1,56.44,18.7731449604034,63.4670257568359
1,56.45,18.7764782602899,63.481330871582
1,56.46,18.7798115601763,63.5290145874023
1,56.47,18.7831448600627,63.5480880737305
1,56.48,18.7864781599492,63.5671615600586
1,56.49,18.7898114598356,63.6196136474609
1,56.5,18.7931447597221,63.624382019043
1,56.51,18.7964780596085,63.6434555053711
1,56.52,18.7998113594949,63.6529922485352
1,56.53,18.8031446593814,63.7054443359375
1,56.54,18.8064779592678,63.7388229370117
1,56.55,18.8098112591542,63.7435913085938
1,56.56,18.8131445590407,63.786506652832
1,56.57,18.8164778589271,63.8055801391602
1,56.58,18.8198111588135,63.8246536254883
1,56.59,18.8231444587,63.8723373413086
1,56.6,18.8264777585864,63.8866424560547
1,56.61,18.8298110584728,63.9057159423828
1,56.62,18.8331443583593,63.9247894287109
1,56.63,18.8364776582457,63.9724731445313
1,56.64,18.8398109581321,63.9533996582031
1,56.65,18.8431442580186,64.0010833740234
1,56.66,18.846477557905,64.0439987182617
1,56.67,18.8498108577915,64.0392303466797
1,56.68,18.8531441576779,64.091682434082
1,56.69,18.8564774575643,64.1012191772461
1,56.7,18.8598107574508,64.1155242919922
1,56.71,18.8631440573372,64.1393661499023
1,56.72,18.8664773572236,64.1727447509766
1,56.73,18.8698106571101,64.1727447509766
1,56.74,18.8731439569965,64.2108917236328
1,56.75,18.8764772568829,64.244270324707
1,56.76,18.8798105567694,64.2585754394531
1,56.77,18.8831438566558,64.2824172973633
1,56.78,18.8864771565422,64.2967224121094
1,56.79,18.8898104564287,64.3348693847656
1,56.8,18.8931437563151,64.3539428710938
1,56.81,18.8964770562015,64.3730163574219
1,56.82,18.899810356088,64.387321472168
1,56.83,18.9031436559744,64.4111633300781
1,56.84,18.9064769558609,64.4493103027344
1,56.85,18.9098102557473,64.4540786743164
1,56.86,18.9131435556337,64.4540786743164
1,56.87,18.9164768555202,64.4731521606445
1,56.88,18.9198101554066,64.5112991333008
1,56.89,18.923143455293,64.544677734375
1,56.9,18.9264767551795,64.5875930786133
1,56.91,18.9298100550659,64.6114349365234
1,56.92,18.9331433549523,64.6257400512695
1,56.93,18.9364766548388,64.6543502807617
1,56.94,18.9398099547252,64.6877288818359
1,56.95,18.9431432546116,64.7115707397461
1,56.96,18.9464765544981,64.7449493408203
1,56.97,18.9498098543845,64.7878646850586
1,56.98,18.953143154271,64.8117065429688
1,56.99,18.9564764541574,64.854621887207
1,57,18.9598097540438,64.8689270019531
1,57.01,18.9631430539303,64.8784637451172
1,57.02,18.9664763538167,64.9023056030273
1,57.03,18.9698096537031,64.9309158325195
1,57.04,18.9731429535896,64.9356842041016
1,57.05,18.976476253476,64.9404525756836
1,57.06,18.9798095533624,64.9690628051758
1,57.07,18.9831428532489,64.9785995483398
1,57.08,18.9864761531353,64.9929046630859
1,57.09,18.9898094530217,65.0167465209961
1,57.1,18.9931427529082,65.0358200073242
1,57.11,18.9964760527946,65.0691986083984
1,57.12,18.999809352681,65.0978088378906
1,57.13,19.0031426525675,65.1168823242188
1,57.14,19.0064759524539,65.159797668457
1,57.15,19.0098092523404,65.1931762695313
1,57.16,19.0131425522268,65.1979446411133
1,57.17,19.0164758521132,65.2456283569336
1,57.18,19.0198091519997,65.2694702148438
1,57.19,19.0231424518861,65.2742385864258
1,57.2,19.0264757517725,65.3219223022461
1,57.21,19.029809051659,65.3314590454102
1,57.22,19.0331423515454,65.3409957885742
1,57.23,19.0364756514318,65.3600692749023
1,57.24,19.0398089513183,65.4029846191406
1,57.25,19.0431422512047,65.4268264770508
1,57.26,19.0464755510911,65.4458999633789
1,57.27,19.0498088509776,65.4697418212891
1,57.28,19.053142150864,65.4792785644531
1,57.29,19.0564754507504,65.4697418212891
1,57.3,19.0598087506369,65.5221939086914
1,57.31,19.0631420505233,65.5412673950195
1,57.32,19.0664753504097,65.5317306518555
1,57.33,19.0698086502962,65.5460357666016
1,57.34,19.0731419501826,65.5508041381836
1,57.35,19.0764752500691,65.5794143676758
1,57.36,19.0798085499555,65.5889511108398
1,57.37,19.0831418498419,65.5889511108398
1,57.38,19.0864751497284,65.5889511108398
1,57.39,19.0898084496148,65.61279296875
1,57.4,19.0931417495012,65.6032562255859
1,57.41,19.0964750493877,65.617561340332
1,57.42,19.0998083492741,65.61279296875
1,57.43,19.1031416491605,65.5984878540039
1,57.44,19.106474949047,65.6032562255859
1,57.45,19.1098082489334,65.6366348266602
1,57.46,19.1131415488198,65.61279296875
1,57.47,19.1164748487063,65.617561340332
1,57.48,19.1198081485927,65.6366348266602
1,57.49,19.1231414484791,65.61279296875
1,57.5,19.1264747483656,65.61279296875
1,57.51,19.129808048252,65.6270980834961
1,57.52,19.1331413481385,65.617561340332
1,57.53,19.1364746480249,65.5937194824219
1,57.54,19.1398079479113,65.608024597168
1,57.55,19.1431412477978,65.608024597168
1,57.56,19.1464745476842,65.5937194824219
1,57.57,19.1498078475706,65.608024597168
1,57.58,19.1531411474571,65.5937194824219
1,57.59,19.1564744473435,65.5889511108398
1,57.6,19.1598077472299,65.5889511108398
1,57.61,19.1631410471164,65.5984878540039
1,57.62,19.1664743470028,65.6032562255859
1,57.63,19.1698076468892,65.5984878540039
1,57.64,19.1731409467757,65.6032562255859
1,57.65,19.1764742466621,65.617561340332
1,57.66,19.1798075465485,65.608024597168
1,57.67,19.183140846435,65.61279296875
1,57.68,19.1864741463214,65.6414031982422
1,57.69,19.1898074462079,65.6461715698242
1,57.7,19.1931407460943,65.6604766845703
1,57.71,19.1964740459807,65.6652450561523
1,57.72,19.1998073458672,65.6843185424805
1,57.73,19.2031406457536,65.7129287719727
1,57.74,19.20647394564,65.7176971435547
1,57.75,19.2098072455265,65.7272338867188
1,57.76,19.2131405454129,65.770149230957
1,57.77,19.2164738452993,65.765380859375
1,57.78,19.2198071451858,65.765380859375
1,57.79,19.2231404450722,65.7987594604492
1,57.8,19.2264737449586,65.8321380615234
1,57.81,19.2298070448451,65.8226013183594
1,57.82,19.2331403447315,65.8369064331055
1,57.83,19.2364736446179,65.8655166625977
1,57.84,19.2398069445044,65.8655166625977
1,57.85,19.2431402443908,65.8798217773438
1,57.86,19.2464735442773,65.9036636352539
1,57.87,19.2498068441637,65.9036636352539
1,57.88,19.2531401440501,65.9084320068359
1,57.89,19.2564734439366,65.9322738647461
1,57.9,19.259806743823,65.913200378418
1,57.91,19.2631400437094,65.9656524658203
1,57.92,19.2664733435959,65.9751892089844
1,57.93,19.2698066434823,65.9704208374023
1,57.94,19.2731399433687,65.9656524658203
1,57.95,19.2764732432552,65.9942626953125
1,57.96,19.2798065431416,65.9990310668945
1,57.97,19.283139843028,65.9990310668945
1,57.98,19.2864731429145,66.0324096679688
1,57.99,19.2898064428009,66.0467147827148
1,58,19.2931397426873,66.0371780395508
1,58.01,19.2964730425738,66.065788269043
1,58.02,19.2998063424602,66.1182403564453
1,58.03,19.3031396423467,66.1134719848633
1,58.04,19.3064729422331,66.1277770996094
1,58.05,19.3098062421195,66.1563873291016
1,58.06,19.313139542006,66.1849975585938
1,58.07,19.3164728418924,66.2040710449219
1,58.08,19.3198061417788,66.227912902832
1,58.09,19.3231394416653,66.2326812744141
1,58.1,19.3264727415517,66.2994384765625
1,58.11,19.3298060414381,66.3185119628906
1,58.12,19.3331393413246,66.3375854492188
1,58.13,19.336472641211,66.370964050293
1,58.14,19.3398059410974,66.4138793945313
1,58.15,19.3431392409839,66.4186477661133
1,58.16,19.3464725408703,66.4901733398438
1,58.17,19.3498058407567,66.4997100830078
1,58.18,19.3531391406432,66.533088684082
1,58.19,19.3564724405296,66.5283203125
1,58.2,19.3598057404161,66.5521621704102
1,58.21,19.3631390403025,66.5998458862305
1,58.22,19.3664723401889,66.5950775146484
1,58.23,19.3698056400754,66.6284561157227
1,58.24,19.3731389399618,66.6427612304688
1,58.25,19.3764722398482,66.676139831543
1,58.26,19.3798055397347,66.6952133178711
1,58.27,19.3831388396211,66.7333602905273
1,58.28,19.3864721395075,66.7428970336914
1,58.29,19.389805439394,66.7810440063477
1,58.3,19.3931387392804,66.7953491210938
1,58.31,19.3964720391668,66.838264465332
1,58.32,19.3998053390533,66.8430328369141
1,58.33,19.4031386389397,66.8859481811523
1,58.34,19.4064719388261,66.9002532958984
1,58.35,19.4098052387126,66.9097900390625
1,58.36,19.413138538599,66.9622421264648
1,58.37,19.4164718384855,67.0003890991211
1,58.38,19.4198051383719,67.0003890991211
1,58.39,19.4231384382583,67.0289993286133
1,58.4,19.4264717381448,67.0766830444336
1,58.41,19.4298050380312,67.1148300170898
1,58.42,19.4331383379176,67.133903503418
1,58.43,19.4364716378041,67.1911239624023
1,58.44,19.4398049376905,67.1958923339844
1,58.45,19.4431382375769,67.2245025634766
1,58.46,19.4464715374634,67.286491394043
1,58.47,19.4498048373498,67.286491394043
1,58.48,19.4531381372362,67.3198699951172
1,58.49,19.4564714371227,67.3723220825195
1,58.5,19.4598047370091,67.3818588256836
1,58.51,19.4631380368955,67.4295425415039
1,58.52,19.466471336782,67.4676895141602
1,58.53,19.4698046366684,67.4867630004883
1,58.54,19.4731379365548,67.5344467163086
1,58.55,19.4764712364413,67.5773620605469
1,58.56,19.4798045363277,67.6202774047852
1,58.57,19.4831378362142,67.6536560058594
1,58.58,19.4864711361006,67.6441192626953
1,58.59,19.489804435987,67.7108764648438
1,58.6,19.4931377358735,67.7156448364258
1,58.61,19.4964710357599,67.7347183227539
1,58.62,19.4998043356463,67.7776336669922
1,58.63,19.5031376355328,67.7871704101563
1,58.64,19.5064709354192,67.8348541259766
1,58.65,19.5098042353056,67.8730010986328
1,58.66,19.5131375351921,67.8825378417969
1,58.67,19.5164708350785,67.9159164428711
1,58.68,19.5198041349649,67.9397583007813
1,58.69,19.5231374348514,67.9540634155273
1,58.7,19.5264707347378,67.9969787597656
1,58.71,19.5298040346242,68.0160522460938
1,58.72,19.5331373345107,68.0446624755859
1,58.73,19.5364706343971,68.0875778198242
1,58.74,19.5398039342836,68.1018829345703
1,58.75,19.54313723417,68.1257247924805
1,58.76,19.5464705340564,68.1400299072266
1,58.77,19.5498038339429,68.1781768798828
1,58.78,19.5531371338293,68.206787109375
1,58.79,19.5564704337157,68.2353973388672
1,58.8,19.5631370334886,68.2687759399414
1,58.81,19.566470333375,68.3021545410156
1,58.83,19.5698036332615,68.3403015136719
1,58.84,19.5731369331479,68.354606628418
1,58.85,19.5764702330343,68.3975219726563
1,58.86,19.5831368328072,68.4261322021484
1,58.87,19.5864701326936,68.4309005737305
1,58.89,19.5898034325801,68.4928894042969
1,58.9,19.596470032353,68.5405731201172
1,58.91,19.5998033322394,68.5548782348633
1,58.93,19.6064699320123,68.6120986938477
1,58.95,19.6098032318987,68.6788558959961
1,58.96,19.6164698316716,68.7074661254883
1,58.97,19.619803131558,68.7503814697266
1,58.99,19.6231364314444,68.821907043457
1,59,19.6264697313309,68.8505172729492
1,59.01,19.6331363311037,68.9077377319336
1,59.02,19.6364696309902,68.9506530761719
1,59.03,19.6398029308766,68.9792633056641
1,59.04,19.643136230763,69.0221786499023
1,59.05,19.6464695306495,69.0507888793945
1,59.06,19.6498028305359,69.0746307373047
1,59.07,19.6531361304224,69.0793991088867
1,59.08,19.6564694303088,69.1413879394531
1,59.09,19.6598027301952,69.1795349121094
1,59.1,19.6631360300817,69.1890716552734
1,59.11,19.6664693299681,69.2224502563477
1,59.12,19.6698026298545,69.2605972290039
1,59.13,19.673135929741,69.27490234375
1,59.14,19.6764692296274,69.3035125732422
1,59.15,19.6798025295138,69.3464279174805
1,59.16,19.6831358294003,69.3750381469727
1,59.17,19.6864691292867,69.3607330322266
1,59.18,19.6898024291731,69.3941116333008
1,59.19,19.6931357290596,69.4084167480469
1,59.2,19.696469028946,69.4417953491211
1,59.21,19.6998023288325,69.4751739501953
1,59.22,19.7031356287189,69.4847106933594
1,59.23,19.7064689286053,69.5133209228516
1,59.24,19.7098022284918,69.5228576660156
1,59.25,19.7131355283782,69.5323944091797
1,59.26,19.7164688282646,69.5371627807617
1,59.27,19.7198021281511,69.575309753418
1,59.28,19.7231354280375,69.584846496582
1,59.29,19.7264687279239,69.5943832397461
1,59.3,19.7298020278104,69.6182250976563
1,59.31,19.7331353276968,69.6372985839844
1,59.32,19.7364686275832,69.6182250976563
1,59.33,19.7398019274697,69.6516036987305
1,59.34,19.7431352273561,69.6706771850586
1,59.35,19.7464685272425,69.7183609008789
1,59.36,19.749801827129,69.732666015625
1,59.37,19.7531351270154,69.7469711303711
1,59.38,19.7564684269018,69.7660446166992
1,59.39,19.7598017267883,69.8137283325195
1,59.4,19.7631350266747,69.8089599609375
1,59.41,19.7664683265612,69.8328018188477
1,59.42,19.7698016264476,69.8471069335938
1,59.43,19.773134926334,69.88525390625
1,59.44,19.7764682262205,69.9281692504883
1,59.45,19.7798015261069,69.9424743652344
1,59.46,19.7831348259933,69.9710845947266
1,59.47,19.7864681258798,70.0044631958008
1,59.48,19.7898014257662,70.0521469116211
1,59.49,19.7931347256526,70.0902938842773
1,59.5,19.7964680255391,70.0950622558594
1,59.51,19.7998013254255,70.1570510864258
1,59.52,19.8031346253119,70.1761245727539
1,59.53,19.8064679251984,70.2142715454102
1,59.54,19.8098012250848,70.2381134033203
1,59.55,19.8131345249712,70.2667236328125
1,59.56,19.8164678248577,70.3001022338867
1,59.57,19.8198011247441,70.3334808349609
1,59.58,19.8231344246306,70.3573226928711
1,59.59,19.826467724517,70.3668594360352
1,59.6,19.8298010244034,70.4002380371094
1,59.61,19.8331343242899,70.4383850097656
1,59.62,19.8364676241763,70.4669952392578
1,59.63,19.8398009240627,70.4622268676758
1,59.64,19.8431342239492,70.4860687255859
1,59.65,19.8464675238356,70.5051422119141
1,59.66,19.849800823722,70.5289840698242
1,59.67,19.8531341236085,70.5623626708984
1,59.68,19.8564674234949,70.5766677856445
1,59.69,19.8598007233813,70.5862045288086
1,59.7,19.8631340232678,70.6386566162109
1,59.71,19.8664673231542,70.6624984741211
1,59.72,19.8698006230406,70.7149505615234
1,59.73,19.8731339229271,70.7340240478516
1,59.74,19.8764672228135,70.7674026489258
1,59.75,19.8798005227,70.805549621582
1,59.76,19.8831338225864,70.8580017089844
1,59.77,19.8864671224728,70.9056854248047
1,59.78,19.8898004223593,70.9295272827148
1,59.79,19.8931337222457,70.9819793701172
1,59.8,19.8964670221321,71.0296630859375
1,59.81,19.8998003220186,71.0630416870117
1,59.82,19.903133621905,71.10595703125
1,59.83,19.9064669217914,71.1202621459961
1,59.84,19.9098002216779,71.1584091186523
1,59.85,19.9131335215643,71.1822509765625
1,59.86,19.9164668214507,71.2060928344727
1,59.87,19.9198001213372,71.2060928344727
1,59.88,19.9231334212236,71.2442398071289
1,59.89,19.92646672111,71.2490081787109
1,59.9,19.9298000209965,71.2776184082031
1,59.91,19.9331333208829,71.3062286376953
1,59.92,19.9364666207694,71.3253021240234
1,59.93,19.9397999206558,71.3491439819336
1,59.94,19.9431332205422,71.3777542114258
1,59.95,19.9464665204287,71.3968276977539
1,59.96,19.9497998203151,71.4445114135742
1,59.97,19.9531331202015,71.4588165283203
1,59.98,19.956466420088,71.4778900146484
1,59.99,19.9597997199744,71.5255737304688
1,60,19.9631330198608,71.5255737304688
1,60.01,19.9664663197473,71.5398788452148
1,60.02,19.9697996196337,71.5732574462891
1,60.03,19.9731329195201,71.5970993041992
1,60.04,19.9764662194066,71.6304779052734
1,60.05,19.979799519293,71.6495513916016
1,60.06,19.9831328191794,71.6733932495117
1,60.07,19.9864661190659,71.711540222168
1,60.08,19.9897994189523,71.7782974243164
1,60.09,19.9931327188388,71.8069076538086
1,60.1,19.9964660187252,71.8498229980469
1,60.11,19.9997993186116,71.873664855957
1,60.12,20.0031326184981,71.8975067138672
1,60.13,20.0064659183845,71.9261169433594
1,60.14,20.0097992182709,71.9594955444336
1,60.15,20.0131325181574,72.0071792602539
1,60.16,20.0164658180438,72.016716003418
1,60.17,20.0197991179302,72.0357894897461
1,60.18,20.0231324178167,72.0548629760742
1,60.19,20.0264657177031,72.0930099487305
1,60.2,20.0297990175895,72.1216201782227
1,60.21,20.033132317476,72.1454620361328
1,60.22,20.0364656173624,72.1645355224609
1,60.23,20.0397989172488,72.2026824951172
1,60.24,20.0431322171353,72.2074508666992
1,60.25,20.0464655170217,72.2122192382813
1,60.26,20.0497988169082,72.2455978393555
1,60.27,20.0531321167946,72.2694396972656
1,60.28,20.056465416681,72.2837448120117
1,60.29,20.0597987165675,72.3075866699219
1,60.3,20.0631320164539,72.3457336425781
1,60.31,20.0664653163403,72.3981857299805
1,60.32,20.0697986162268,72.4172592163086
1,60.33,20.0731319161132,72.4506378173828
1,60.34,20.0764652159996,72.484016418457
1,60.35,20.0797985158861,72.5269317626953
1,60.36,20.0831318157725,72.5412368774414
1,60.37,20.0864651156589,72.5889205932617
1,60.38,20.0897984155454,72.6079940795898
1,60.39,20.0931317154318,72.6604461669922
1,60.4,20.0964650153182,72.6938247680664
1,60.41,20.0997983152047,72.7367401123047
1,60.42,20.1031316150911,72.7558135986328
1,60.43,20.1064649149776,72.789192199707
1,60.44,20.109798214864,72.8130340576172
1,60.45,20.1131315147504,72.8225708007813
1,60.46,20.1164648146369,72.8607177734375
1,60.47,20.1197981145233,72.8750228881836
1,60.48,20.1231314144097,72.9131698608398
1,60.49,20.1264647142962,72.9274749755859
1,60.5,20.1297980141826,72.941780090332
1,60.51,20.133131314069,72.9608535766602
1,60.52,20.1364646139555,72.9703903198242
1,60.53,20.1397979138419,72.9990005493164
1,60.54,20.1431312137283,73.0180740356445
1,60.55,20.1464645136148,73.0228424072266
1,60.56,20.1497978135012,73.0466842651367
1,60.57,20.1531311133876,73.084831237793
1,60.58,20.1564644132741,73.0991363525391
1,60.59,20.1597977131605,73.1325149536133
1,60.6,20.163131013047,73.1468200683594
1,60.61,20.1664643129334,73.1945037841797
1,60.62,20.1697976128198,73.2183456420898
1,60.63,20.1731309127063,73.246955871582
1,60.64,20.1764642125927,73.2612609863281
1,60.65,20.1797975124791,73.3041763305664
1,60.66,20.1831308123656,73.3423233032227
1,60.67,20.186464112252,73.3661651611328
1,60.68,20.1897974121384,73.390007019043
1,60.69,20.1931307120249,73.4329223632813
1,60.7,20.1964640119113,73.4758377075195
1,60.71,20.1997973117977,73.5044479370117
1,60.72,20.2031306116842,73.5282897949219
1,60.73,20.2064639115706,73.5712051391602
1,60.74,20.209797211457,73.6045837402344
1,60.75,20.2131305113435,73.6141204833984
1,60.76,20.2164638112299,73.6522674560547
1,60.77,20.2197971111164,73.6904144287109
1,60.78,20.2231304110028,73.699951171875
1,60.79,20.2264637108892,73.7333297729492
1,60.8,20.2297970107757,73.7333297729492
1,60.81,20.2331303106621,73.7524032592773
1,60.82,20.2364636105485,73.7810134887695
1,60.83,20.239796910435,73.8143920898438
1,60.84,20.2431302103214,73.8096237182617
1,60.85,20.2464635102078,73.8096237182617
1,60.86,20.2497968100943,73.8430023193359
1,60.87,20.2531301099807,73.8716125488281
1,60.88,20.2564634098671,73.8811492919922
1,60.89,20.2597967097536,73.9145278930664
1,60.9,20.26313000964,73.9336013793945
1,60.91,20.2664633095264,73.9765167236328
1,60.92,20.2697966094129,73.9860534667969
1,60.93,20.2731299092993,74.0194320678711
1,60.94,20.2764632091857,74.0385055541992
1,60.95,20.2797965090722,74.0909576416016
1,60.96,20.2831298089586,74.1291046142578
1,60.97,20.2864631088451,74.162483215332
1,60.98,20.2897964087315,74.1958618164063
1,60.99,20.2931297086179,74.2340087890625
1,61,20.2964630085044,74.2673873901367
1,61.01,20.2997963083908,74.2912292480469
1,61.02,20.3031296082772,74.3389129638672
1,61.03,20.3064629081637,74.3722915649414
1,61.04,20.3097962080501,74.4104385375977
1,61.05,20.3131295079365,74.4390487670898
1,61.06,20.316462807823,74.4819641113281
1,61.07,20.3197961077094,74.5058059692383
1,61.08,20.3231294075958,74.5344161987305
1,61.09,20.3264627074823,74.5725631713867
1,61.1,20.3297960073687,74.6011734008789
1,61.11,20.3331293072551,74.620246887207
1,61.12,20.3364626071416,74.6488571166992
1,61.13,20.339795907028,74.6726989746094
1,61.14,20.3431292069145,74.7108459472656
1,61.15,20.3464625068009,74.7585296630859
1,61.16,20.3497958066873,74.7966766357422
1,61.17,20.3531291065738,74.8014450073242
1,61.18,20.3564624064602,74.8395919799805
1,61.19,20.3597957063466,74.8586654663086
1,61.2,20.3631290062331,74.8920440673828
1,61.21,20.3664623061195,74.9111175537109
1,61.22,20.3697956060059,74.915885925293
1,61.23,20.3731289058924,74.925422668457
1,61.24,20.3764622057788,74.9874114990234
1,61.25,20.3797955056652,75.0160217285156
1,61.26,20.3831288055517,75.0398635864258
1,61.27,20.3864621054381,75.068473815918
1,61.28,20.3897954053246,75.0827789306641
1,61.29,20.393128705211,75.1113891601563
1,61.3,20.3964620050974,75.1543045043945
1,61.31,20.3997953049839,75.1638412475586
1,61.32,20.4031286048703,75.1972198486328
1,61.33,20.4064619047567,75.230598449707
1,61.34,20.4097952046432,75.225830078125
1,61.35,20.4131285045296,75.2925872802734
1,61.36,20.416461804416,75.3307342529297
1,61.37,20.4197951043025,75.3450393676758
1,61.38,20.4231284041889,75.3879547119141
1,61.39,20.4264617040753,75.4070281982422
1,61.4,20.4297950039618,75.4308700561523
1,61.41,20.4331283038482,75.4594802856445
1,61.42,20.4364616037346,75.5119323730469
1,61.43,20.4397949036211,75.5548477172852
1,61.44,20.4431282035075,75.5691528320313
1,61.45,20.446461503394,75.5834579467773
1,61.46,20.4497948032804,75.6263732910156
1,61.47,20.4531281031668,75.6692886352539
1,61.48,20.4564614030533,75.68359375
1,61.49,20.4597947029397,75.7122039794922
1,61.5,20.4631280028261,75.7169723510742
1,61.51,20.4664613027126,75.7455825805664
1,61.52,20.469794602599,75.7932662963867
1,61.53,20.4731279024854,75.8171081542969
1,61.54,20.4764612023719,75.8457183837891
1,61.55,20.4797945022583,75.8504867553711
1,61.56,20.4831278021447,75.8934020996094
1,61.57,20.4864611020312,75.9220123291016
1,61.58,20.4897944019176,75.9363174438477
1,61.59,20.493127701804,75.9983062744141
1,61.6,20.4964610016905,76.0221481323242
1,61.61,20.4997943015769,76.0555267333984
1,61.62,20.5031276014633,76.0793685913086
1,61.63,20.5064609013498,76.1222839355469
1,61.64,20.5097942012362,76.146125793457
1,61.65,20.5131275011227,76.1795043945313
1,61.66,20.5164608010091,76.2176513671875
1,61.67,20.5197941008955,76.2462615966797
1,61.68,20.523127400782,76.2796401977539
1,61.69,20.5264607006684,76.298713684082
1,61.7,20.5297940005548,76.3320922851563
1,61.71,20.5331273004413,76.3559341430664
1,61.72,20.5364606003277,76.3750076293945
1,61.73,20.5397939002141,76.4179229736328
1,61.74,20.5431272001006,76.441764831543
1,61.75,20.546460499987,76.4703750610352
1,61.76,20.5497937998734,76.5085220336914
1,61.77,20.5531270997599,76.5466690063477
1,61.78,20.5564603996463,76.5466690063477
1,61.79,20.5597936995327,76.5705108642578
1,61.8,20.5631269994192,76.59912109375
1,61.81,20.5664602993056,76.6372680664063
1,61.82,20.5697935991921,76.6372680664063
1,61.83,20.5731268990785,76.6563415527344
1,61.84,20.5764601989649,76.6897201538086
1,61.85,20.5797934988514,76.7183303833008
1,61.86,20.5831267987378,76.7421722412109
1,61.87,20.5864600986242,76.7707824707031
1,61.88,20.5897933985107,76.7660140991211
1,61.89,20.5931266983971,76.8232345581055
1,61.9,20.5964599982835,76.8375396728516
1,61.91,20.59979329817,76.8709182739258
1,61.92,20.6031265980564,76.899528503418
1,61.93,20.6064598979428,76.9138336181641
1,61.94,20.6097931978293,76.9472122192383
1,61.95,20.6131264977157,76.9567489624023
1,61.96,20.6164597976021,76.9710540771484
1,61.97,20.6197930974886,77.0139694213867
1,61.98,20.623126397375,77.0282745361328
1,61.99,20.6264596972615,77.0425796508789
1,62,20.6297929971479,77.0711898803711
1,62.01,20.6331262970343,77.0854949951172
1,62.02,20.6364595969208,77.1093368530273
1,62.03,20.6397928968072,77.1284103393555
1,62.04,20.6431261966936,77.1474838256836
1,62.05,20.6464594965801,77.1713256835938
1,62.06,20.6497927964665,77.1808624267578
1,62.07,20.6531260963529,77.2237777709961
1,62.08,20.6564593962394,77.2380828857422
1,62.09,20.6597926961258,77.2523880004883
1,62.1,20.6631259960122,77.3000717163086
1,62.11,20.6664592958987,77.3096084594727
1,62.12,20.6697925957851,77.362060546875
1,62.13,20.6731258956715,77.366828918457
1,62.14,20.676459195558,77.3954391479492
1,62.15,20.6797924954444,77.4478912353516
1,62.16,20.6831257953309,77.4908065795898
1,62.17,20.6864590952173,77.5241851806641
1,62.18,20.6897923951037,77.5575637817383
1,62.19,20.6931256949902,77.5861740112305
1,62.2,20.6964589948766,77.5957107543945
1,62.21,20.699792294763,77.6195526123047
1,62.22,20.7031255946495,77.6386260986328
1,62.23,20.7064588945359,77.6529312133789
1,62.24,20.7097921944223,77.6529312133789
1,62.25,20.7131254943088,77.6863098144531
1,62.26,20.7164587941952,77.7006149291992
1,62.27,20.7197920940816,77.6958465576172
1,62.28,20.7231253939681,77.7244567871094
1,62.29,20.7264586938545,77.7435302734375
1,62.3,20.729791993741,77.7530670166016
1,62.31,20.7331252936274,77.7816772460938
1,62.32,20.7364585935138,77.7816772460938
1,62.33,20.7397918934003,77.7912139892578
1,62.34,20.7431251932867,77.7864456176758
1,62.35,20.7464584931731,77.8341293334961
1,62.36,20.7497917930596,77.8007507324219
1,62.37,20.753125092946,77.824592590332
1,62.38,20.7564583928324,77.8627395629883
1,62.39,20.7597916927189,77.8722763061523
1,62.4,20.7631249926053,77.8770446777344
1,62.41,20.7664582924917,77.8770446777344
1,62.42,20.7697915923782,77.8818130493164
1,62.43,20.7731248922646,77.8770446777344
1,62.44,20.776458192151,77.8436660766602
1,62.45,20.7797914920375,77.8436660766602
1,62.46,20.7831247919239,77.8484344482422
1,62.47,20.7864580918103,77.8102874755859
1,62.48,20.7897913916968,77.7864456176758
1,62.49,20.7931246915832,77.7578353881836
1,62.5,20.7964579914697,77.7530670166016
1,62.51,20.7997912913561,77.7196884155273
1,62.52,20.8031245912425,77.6910781860352
1,62.53,20.806457891129,77.662467956543
1,62.54,20.8097911910154,77.6195526123047
1,62.55,20.8131244909018,77.5957107543945
1,62.56,20.8164577907883,77.5766372680664
1,62.57,20.8197910906747,77.5289535522461
1,62.58,20.8231243905611,77.519416809082
1,62.59,20.8264576904476,77.4812698364258
1,62.6,20.829790990334,77.4717330932617
1,62.61,20.8331242902204,77.4574279785156
1,62.62,20.8364575901069,77.4288177490234
1,62.63,20.8397908899933,77.4049758911133
1,62.64,20.8431241898797,77.3859024047852
1,62.65,20.8464574897662,77.3715972900391
1,62.66,20.8497907896526,77.3477554321289
1,62.67,20.8531240895391,77.3429870605469
1,62.68,20.8564573894255,77.3382186889648
1,62.69,20.8597906893119,77.3048400878906
1,62.7,20.8631239891984,77.2714614868164
1,62.71,20.8664572890848,77.2619247436523
1,62.72,20.8697905889712,77.2571563720703
1,62.73,20.8731238888577,77.2714614868164
1,62.74,20.8764571887441,77.2285461425781
1,62.75,20.8797904886305,77.2285461425781
1,62.76,20.883123788517,77.2476196289063
1,62.77,20.8864570884034,77.2285461425781
1,62.78,20.8897903882898,77.20947265625
1,62.79,20.8931236881763,77.20947265625
1,62.8,20.8964569880627,77.204704284668
1,62.81,20.8997902879491,77.1856307983398
1,62.82,20.9031235878356,77.1808624267578
1,62.83,20.906456887722,77.1808624267578
1,62.84,20.9097901876085,77.1570205688477
1,62.85,20.9131234874949,77.1617889404297
1,62.86,20.9164567873813,77.1713256835938
1,62.87,20.9197900872678,77.1617889404297
1,62.88,20.9231233871542,77.1522521972656
1,62.89,20.9264566870406,77.1474838256836
1,62.9,20.9297899869271,77.1474838256836
1,62.91,20.9331232868135,77.1570205688477
1,62.92,20.9364565866999,77.1570205688477
1,62.93,20.9397898865864,77.1570205688477
1,62.94,20.9431231864728,77.1522521972656
1,62.95,20.9464564863592,77.1570205688477
1,62.96,20.9497897862457,77.1617889404297
1,62.97,20.9531230861321,77.1570205688477
1,62.98,20.9564563860185,77.1522521972656
1,62.99,20.959789685905,77.1713256835938
1,63,20.9631229857914,77.1808624267578
1,63.01,20.9664562856779,77.1760940551758
1,63.02,20.9697895855643,77.1713256835938
1,63.03,20.9731228854507,77.1808624267578
1,63.04,20.9764561853372,77.1856307983398
1,63.05,20.9797894852236,77.1903991699219
1,63.06,20.98312278511,77.1856307983398
1,63.07,20.9864560849965,77.1713256835938
1,63.08,20.9897893848829,77.1713256835938
1,63.09,20.9931226847693,77.1665573120117
1,63.1,20.9964559846558,77.1617889404297
1,63.11,20.9997892845422,77.1331787109375
1,63.12,21.0031225844286,77.1474838256836
1,63.13,21.0064558843151,77.1522521972656
1,63.14,21.0097891842015,77.1713256835938
1,63.15,21.0131224840879,77.1760940551758
1,63.16,21.0164557839744,77.1617889404297
1,63.17,21.0197890838608,77.1856307983398
1,63.18,21.0231223837473,77.1665573120117
1,63.19,21.0264556836337,77.1856307983398
1,63.2,21.0297889835201,77.1903991699219
1,63.21,21.0331222834066,77.1617889404297
1,63.22,21.036455583293,77.1856307983398
1,63.23,21.0397888831794,77.1760940551758
1,63.24,21.0431221830659,77.1760940551758
1,63.25,21.0464554829523,77.1760940551758
1,63.26,21.0497887828387,77.1808624267578
1,63.27,21.0531220827252,77.1808624267578
1,63.28,21.0564553826116,77.1808624267578
1,63.29,21.059788682498,77.1760940551758
1,63.3,21.0631219823845,77.1760940551758
1,63.31,21.0664552822709,77.1951675415039
1,63.32,21.0697885821573,77.1903991699219
1,63.33,21.0731218820438,77.1903991699219
1,63.34,21.0764551819302,77.1856307983398
1,63.35,21.0797884818166,77.1856307983398
1,63.36,21.0831217817031,77.1236419677734
1,63.37,21.0864550815895,77.1427154541016
1,63.38,21.089788381476,77.1236419677734
1,63.39,21.0931216813624,77.1236419677734
1,63.4,21.0964549812488,77.1284103393555
1,63.41,21.0997882811353,77.1141052246094
1,63.42,21.1031215810217,77.0902633666992
1,63.43,21.1064548809081,77.0711898803711
1,63.44,21.1097881807946,77.056884765625
1,63.45,21.113121480681,77.056884765625
1,63.46,21.1164547805674,77.052116394043
1,63.47,21.1197880804539,77.0425796508789
1,63.48,21.1231213803403,77.0330429077148
1,63.49,21.1264546802267,77.0330429077148
1,63.5,21.1297879801132,77.0235061645508
1,63.51,21.1331212799996,77.0187377929688
1,63.52,21.1364545798861,77.0473480224609
1,63.53,21.1397878797725,77.0473480224609
1,63.54,21.1431211796589,77.0378112792969
1,63.55,21.1464544795454,77.0473480224609
1,63.56,21.1497877794318,77.0235061645508
1,63.57,21.1531210793182,77.0378112792969
1,63.58,21.1564543792047,77.056884765625
1,63.59,21.1597876790911,77.0378112792969
1,63.6,21.1631209789775,77.0711898803711
1,63.61,21.166454278864,77.0807266235352
1,63.62,21.1697875787504,77.0664215087891
1,63.63,21.1731208786368,77.0854949951172
1,63.64,21.1764541785233,77.0759582519531
1,63.65,21.1797874784097,77.0854949951172
1,63.66,21.1831207782961,77.0711898803711
1,63.67,21.1864540781826,77.0902633666992
1,63.68,21.189787378069,77.0711898803711
1,63.69,21.1931206779554,77.061653137207
1,63.7,21.1964539778419,77.0711898803711
1,63.71,21.1997872777283,77.0759582519531
1,63.72,21.2031205776148,77.052116394043
1,63.73,21.2064538775012,77.0425796508789
1,63.74,21.2097871773876,77.0473480224609
1,63.75,21.2131204772741,77.0425796508789
1,63.76,21.2164537771605,77.0378112792969
1,63.77,21.2197870770469,77.0330429077148
1,63.78,21.2231203769334,77.056884765625
1,63.79,21.2264536768198,77.052116394043
1,63.8,21.2297869767062,77.0473480224609
1,63.81,21.2331202765927,77.0711898803711
1,63.82,21.2364535764791,77.0807266235352
1,63.83,21.2397868763655,77.0950317382813
1,63.84,21.243120176252,77.0998001098633
1,63.85,21.2464534761384,77.1284103393555
1,63.86,21.2497867760248,77.1427154541016
1,63.87,21.2531200759113,77.1474838256836
1,63.88,21.2564533757977,77.1713256835938
1,63.89,21.2597866756842,77.1760940551758
1,63.9,21.2631199755706,77.2190093994141
1,63.91,21.266453275457,77.2333145141602
1,63.92,21.2697865753435,77.2523880004883
1,63.93,21.2731198752299,77.2857666015625
1,63.94,21.2764531751163,77.3239135742188
1,63.95,21.2797864750028,77.3239135742188
1,63.96,21.2831197748892,77.3525238037109
1,63.97,21.2864530747756,77.3715972900391
1,63.98,21.2897863746621,77.4002075195313
1,63.99,21.2931196745485,77.4240493774414
1,64,21.2964529744349,77.4288177490234
1,64.01,21.2997862743214,77.4526596069336
1,64.02,21.3031195742078,77.4955749511719
1,64.03,21.3064528740942,77.5051116943359
1,64.04,21.3097861739807,77.5527954101563
1,64.05,21.3131194738671,77.5814056396484
1,64.06,21.3164527737536,77.5957107543945
1,64.07,21.31978607364,77.6243209838867
1,64.08,21.3231193735264,77.6481628417969
1,64.09,21.3264526734129,77.6576995849609
1,64.1,21.3297859732993,77.662467956543
1,64.11,21.3331192731857,77.6815414428711
1,64.12,21.3364525730722,77.7149200439453
1,64.13,21.3397858729586,77.7482986450195
1,64.14,21.343119172845,77.7530670166016
1,64.15,21.3464524727315,77.7626037597656
1,64.16,21.3497857726179,77.7912139892578
1,64.17,21.3531190725043,77.8102874755859
1,64.18,21.3564523723908,77.81982421875
1,64.19,21.3631189721636,77.8388977050781
1,64.2,21.3664522720501,77.8722763061523
1,64.22,21.3697855719365,77.9104232788086
1,64.23,21.373118871823,77.9438018798828
1,64.24,21.3764521717094,77.9485702514648
1,64.25,21.3831187714823,77.9819488525391
1,64.26,21.3864520713687,77.9962539672852
1,64.28,21.3897853712551,78.0391693115234
1,64.29,21.396451971028,78.0630111694336
1,64.3,21.3997852709144,78.0773162841797
1,64.31,21.4031185708009,78.0916213989258
1,64.32,21.4064518706873,78.1106948852539
1,64.34,21.4131184704602,78.1440734863281
1,64.35,21.4164517703466,78.1631469726563
1,64.36,21.419785070233,78.1631469726563
1,64.38,21.4231183701195,78.2108306884766
1,64.39,21.4297849698924,78.2346725463867
1,64.4,21.4331182697788,78.2346725463867
1,64.41,21.4364515696652,78.2632827758789
1,64.42,21.4397848695517,78.2966613769531
1,64.43,21.4431181694381,78.2966613769531
1,64.44,21.4464514693245,78.3300399780273
1,64.45,21.449784769211,78.3205032348633
1,64.46,21.4531180690974,78.3252716064453
1,64.47,21.4564513689838,78.3348083496094
1,64.48,21.4597846688703,78.3348083496094
1,64.49,21.4631179687567,78.3348083496094
1,64.5,21.4664512686431,78.3252716064453
1,64.51,21.4697845685296,78.3061981201172
1,64.52,21.473117868416,78.2871246337891
1,64.53,21.4764511683025,78.272819519043
1,64.54,21.4797844681889,78.2537460327148
1,64.55,21.4831177680753,78.2251358032227
1,64.56,21.4864510679618,78.1774520874023
1,64.57,21.4897843678482,78.1393051147461
1,64.58,21.4931176677346,78.0916213989258
1,64.59,21.4964509676211,78.0487060546875
1,64.6,21.4997842675075,77.977180480957
1,64.61,21.5031175673939,77.9056549072266
1,64.62,21.5064508672804,77.8532028198242
1,64.63,21.5097841671668,77.7673721313477
1,64.64,21.5131174670532,77.6767730712891
1,64.65,21.5164507669397,77.6195526123047
1,64.66,21.5197840668261,77.5432586669922
1,64.67,21.5231173667125,77.4765014648438
1,64.68,21.526450666599,77.4049758911133
1,64.69,21.5297839664854,77.3429870605469
1,64.7,21.5331172663718,77.2714614868164
1,64.71,21.5364505662583,77.2380828857422
1,64.72,21.5397838661447,77.1808624267578
1,64.73,21.5431171660312,77.1236419677734
1,64.74,21.5464504659176,77.0950317382813
1,64.75,21.549783765804,77.0282745361328
1,64.76,21.5531170656905,77.0187377929688
1,64.77,21.5564503655769,76.9567489624023
1,64.78,21.5597836654633,76.9376754760742
1,64.79,21.5631169653498,76.909065246582
1,64.8,21.5664502652362,76.8470764160156
1,64.81,21.5697835651226,76.8280029296875
1,64.82,21.5731168650091,76.8136978149414
1,64.83,21.5764501648955,76.7755508422852
1,64.84,21.5797834647819,76.7421722412109
1,64.85,21.5831167646684,76.7040252685547
1,64.86,21.5864500645548,76.6754150390625
1,64.87,21.5897833644412,76.6468048095703
1,64.88,21.5931166643277,76.6086578369141
1,64.89,21.5964499642141,76.5657424926758
1,64.9,21.5997832641006,76.5371322631836
1,64.91,21.603116563987,76.5180587768555
1,64.92,21.6064498638734,76.4989852905273
1,64.93,21.6097831637599,76.4942169189453
1,64.94,21.6131164636463,76.4703750610352
1,64.95,21.6164497635327,76.4703750610352
1,64.96,21.6197830634192,76.4608383178711
1,64.97,21.6231163633056,76.4799118041992
1,64.98,21.626449663192,76.451301574707
1,64.99,21.6297829630785,76.4322280883789
1,65,21.6331162629649,76.4369964599609
1,65.01,21.6364495628513,76.4369964599609
1,65.02,21.6397828627378,76.4274597167969
1,65.03,21.6431161626242,76.4226913452148
1,65.04,21.6464494625106,76.4131546020508
1,65.05,21.6497827623971,76.3940811157227
1,65.06,21.6531160622835,76.3750076293945
1,65.07,21.65644936217,76.3559341430664
1,65.08,21.6597826620564,76.3034820556641
1,65.09,21.6631159619428,76.2844085693359
1,65.1,21.6664492618293,76.2510299682617
1,65.11,21.6697825617157,76.2176513671875
1,65.12,21.6731158616021,76.1651992797852
1,65.13,21.6764491614886,76.146125793457
1,65.14,21.679782461375,76.141357421875
1,65.15,21.6831157612614,76.0936737060547
1,65.16,21.6864490611479,76.0936737060547
1,65.17,21.6897823610343,76.0746002197266
1,65.18,21.6931156609207,76.0793685913086
1,65.19,21.6964489608072,76.0698318481445
1,65.2,21.6997822606936,76.0602951049805
1,65.21,21.70311556058,76.0936737060547
1,65.22,21.7064488604665,76.0698318481445
1,65.23,21.7097821603529,76.1127471923828
1,65.24,21.7131154602394,76.1079788208008
1,65.25,21.7164487601258,76.1556625366211
1,65.26,21.7197820600122,76.1604309082031
1,65.27,21.7231153598987,76.1795043945313
1,65.28,21.7264486597851,76.2081146240234
1,65.29,21.7297819596715,76.2224197387695
1,65.3,21.733115259558,76.2510299682617
1,65.31,21.7364485594444,76.2701034545898
1,65.32,21.7397818593308,76.2844085693359
1,65.33,21.7431151592173,76.3273239135742
1,65.34,21.7464484591037,76.3273239135742
1,65.35,21.7497817589901,76.3463973999023
1,65.36,21.7531150588766,76.3511657714844
1,65.37,21.756448358763,76.3797760009766
1,65.38,21.7597816586494,76.3940811157227
1,65.39,21.7631149585359,76.441764831543
1,65.4,21.7664482584223,76.4703750610352
1,65.41,21.7697815583088,76.4751434326172
1,65.42,21.7731148581952,76.5180587768555
1,65.43,21.7764481580816,76.5419006347656
1,65.44,21.7797814579681,76.5562057495117
1,65.45,21.7831147578545,76.59912109375
1,65.46,21.7864480577409,76.6181945800781
1,65.47,21.7897813576274,76.6515731811523
1,65.48,21.7931146575138,76.6897201538086
1,65.49,21.7964479574002,76.6754150390625
1,65.5,21.7997812572867,76.7230987548828
1,65.51,21.8031145571731,76.7278671264648
1,65.52,21.8064478570595,76.751708984375
1,65.53,21.809781156946,76.7707824707031
1,65.54,21.8131144568324,76.8041610717773
1,65.55,21.8164477567188,76.8375396728516
1,65.56,21.8197810566053,76.8327713012695
1,65.57,21.8231143564917,76.8423080444336
1,65.58,21.8264476563782,76.8709182739258
1,65.59,21.8297809562646,76.8709182739258
1,65.6,21.833114256151,76.8709182739258
1,65.61,21.8364475560375,76.9186019897461
1,65.62,21.8397808559239,76.9233703613281
1,65.63,21.8431141558103,76.9615173339844
1,65.64,21.8464474556968,76.9662857055664
1,65.65,21.8497807555832,76.9901275634766
1,65.66,21.8531140554696,76.9948959350586
1,65.67,21.8564473553561,76.9948959350586
1,65.68,21.8597806552425,77.0330429077148
1,65.69,21.8631139551289,77.056884765625
1,65.7,21.8664472550154,77.0711898803711
1,65.71,21.8697805549018,77.0854949951172
1,65.72,21.8731138547882,77.1045684814453
1,65.73,21.8764471546747,77.1522521972656
1,65.74,21.8797804545611,77.1856307983398
1,65.75,21.8831137544476,77.204704284668
1,65.76,21.886447054334,77.2380828857422
1,65.77,21.8897803542204,77.2714614868164
1,65.78,21.8931136541069,77.3096084594727
1,65.79,21.8964469539933,77.3096084594727
1,65.8,21.8997802538797,77.3525238037109
1,65.81,21.9031135537662,77.3906707763672
1,65.82,21.9064468536526,77.4192810058594
1,65.83,21.909780153539,77.4383544921875
1,65.84,21.9131134534255,77.4621963500977
1,65.85,21.9164467533119,77.4478912353516
1,65.86,21.9197800531983,77.4955749511719
1,65.87,21.9231133530848,77.509880065918
1,65.88,21.9264466529712,77.4955749511719
1,65.89,21.9297799528576,77.5241851806641
1,65.9,21.9331132527441,77.5384902954102
1,65.91,21.9364465526305,77.5623321533203
1,65.92,21.9397798525169,77.5814056396484
1,65.93,21.9431131524034,77.5814056396484
1,65.94,21.9464464522898,77.5814056396484
1,65.95,21.9497797521763,77.6100158691406
1,65.96,21.9531130520627,77.6481628417969
1,65.97,21.9564463519491,77.6529312133789
1,65.98,21.9597796518356,77.667236328125
1,65.99,21.963112951722,77.6910781860352
1,66,21.9664462516084,77.7244567871094
1,66.01,21.9697795514949,77.7530670166016
1,66.02,21.9731128513813,77.7578353881836
1,66.03,21.9764461512677,77.7864456176758
1,66.04,21.9797794511542,77.81982421875
1,66.05,21.9831127510406,77.8388977050781
1,66.06,21.986446050927,77.8627395629883
1,66.07,21.9897793508135,77.8961181640625
1,66.08,21.9931126506999,77.8961181640625
1,66.09,21.9964459505863,77.9438018798828
1,66.1,21.9997792504728,77.9628753662109
1,66.11,22.0031125503592,77.9867172241211
1,66.12,22.0064458502457,77.9867172241211
1,66.13,22.0097791501321,78.0200958251953
1,66.14,22.0131124500185,78.0391693115234
1,66.15,22.016445749905,78.0487060546875
1,66.16,22.0197790497914,78.0582427978516
1,66.17,22.0231123496778,78.0868530273438
1,66.18,22.0264456495643,78.1011581420898
1,66.19,22.0297789494507,78.1154632568359
1,66.2,22.0331122493371,78.0916213989258
1,66.21,22.0364455492236,78.129768371582
1,66.22,22.03977884911,78.1440734863281
1,66.23,22.0431121489964,78.1440734863281
1,66.24,22.0464454488829,78.1726837158203
1,66.25,22.0497787487693,78.1822204589844
1,66.26,22.0531120486557,78.2108306884766
1,66.27,22.0564453485422,78.2060623168945
1,66.28,22.0597786484286,78.2346725463867
1,66.29,22.0631119483151,78.2489776611328
1,66.3,22.0664452482015,78.2489776611328
1,66.31,22.0697785480879,78.272819519043
1,66.32,22.0731118479744,78.3014297485352
1,66.33,22.0764451478608,78.3157348632813
1,66.34,22.0797784477472,78.3395767211914
1,66.35,22.0831117476337,78.3634185791016
1,66.36,22.0864450475201,78.3729553222656
1,66.37,22.0897783474065,78.3872604370117
1,66.38,22.093111647293,78.4015655517578
1,66.39,22.0964449471794,78.43017578125
1,66.4,22.0997782470658,78.4683227539063
1,66.41,22.1031115469523,78.4826278686523
1,66.42,22.1064448468387,78.5112380981445
1,66.43,22.1097781467251,78.5303115844727
1,66.44,22.1131114466116,78.5541534423828
1,66.45,22.116444746498,78.5732269287109
1,66.46,22.1197780463845,78.6018371582031
1,66.47,22.1231113462709,78.6352157592773
1,66.48,22.1264446461573,78.6256790161133
1,66.49,22.1297779460438,78.6781311035156
1,66.5,22.1331112459302,78.6685943603516
1,66.51,22.1364445458166,78.7067413330078
1,66.52,22.1397778457031,78.7210464477539
1,66.53,22.1431111455895,78.7591934204102
1,66.54,22.1464444454759,78.7496566772461
1,66.55,22.1497777453624,78.8021087646484
1,66.56,22.1531110452488,78.8354873657227
1,66.57,22.1564443451352,78.8545608520508
1,66.58,22.1597776450217,78.8545608520508
1,66.59,22.1631109449081,78.9022445678711
1,66.6,22.1664442447946,78.9260864257813
1,66.61,22.169777544681,78.9546966552734
1,66.62,22.1731108445674,78.9785385131836
1,66.63,22.1764441444539,79.0023803710938
1,66.64,22.1797774443403,79.0119171142578
1,66.65,22.1831107442267,79.0262222290039
1,66.66,22.1864440441132,79.0596008300781
1,66.67,22.1897773439996,79.0691375732422
1,66.68,22.193110643886,79.0977478027344
1,66.69,22.1964439437725,79.1215896606445
1,66.7,22.1997772436589,79.1406631469727
1,66.71,22.2031105435453,79.1501998901367
1,66.72,22.2064438434318,79.1549682617188
1,66.73,22.2097771433182,79.1835784912109
1,66.74,22.2131104432046,79.2074203491211
1,66.75,22.2164437430911,79.2074203491211
1,66.76,22.2197770429775,79.2217254638672
1,66.77,22.223110342864,79.2455673217773
1,66.78,22.2264436427504,79.2789459228516
1,66.79,22.2297769426368,79.2837142944336
1,66.8,22.2331102425233,79.3170928955078
1,66.81,22.2364435424097,79.345703125
1,66.82,22.2397768422961,79.3600082397461
1,66.83,22.2431101421826,79.3695449829102
1,66.84,22.246443442069,79.3933868408203
1,66.85,22.2497767419554,79.4124603271484
1,66.86,22.2531100418419,79.4315338134766
1,66.87,22.2564433417283,79.4458389282227
1,66.88,22.2597766416147,79.4696807861328
1,66.89,22.2631099415012,79.503059387207
1,66.9,22.2664432413876,79.498291015625
1,66.91,22.269776541274,79.5507431030273
1,66.92,22.2731098411605,79.5698165893555
1,66.93,22.2764431410469,79.5507431030273
1,66.94,22.2797764409333,79.5841217041016
1,66.95,22.2831097408198,79.6031951904297
1,66.96,22.2864430407062,79.6270370483398
1,66.97,22.2897763405927,79.6222686767578
1,66.98,22.2931096404791,79.655647277832
1,66.99,22.2964429403655,79.6985626220703
1,67,22.299776240252,79.7176361083984
1,67.01,22.3031095401384,79.7557830810547
1,67.02,22.3064428400248,79.7748565673828
1,67.03,22.3097761399113,79.7891616821289
1,67.04,22.3131094397977,79.803466796875
1,67.05,22.3164427396841,79.8225402832031
1,67.06,22.3197760395706,79.8559188842773
1,67.07,22.323109339457,79.8797607421875
1,67.08,22.3264426393434,79.8749923706055
1,67.09,22.3297759392299,79.8892974853516
1,67.1,22.3331092391163,79.9322128295898
1,67.11,22.3364425390027,79.951286315918
1,67.12,22.3397758388892,79.9846649169922
1,67.13,22.3431091387756,79.9989700317383
1,67.14,22.3464424386621,80.0371170043945
1,67.15,22.3497757385485,80.0418853759766
1,67.16,22.3531090384349,80.0514221191406
1,67.17,22.3564423383214,80.0800323486328
1,67.18,22.3597756382078,80.0895690917969
1,67.19,22.3631089380942,80.108642578125
1,67.2,22.3664422379807,80.1372528076172
1,67.21,22.3697755378671,80.1563262939453
1,67.22,22.3731088377535,80.1944732666016
1,67.23,22.37644213764,80.2135467529297
1,67.24,22.3797754375264,80.2326202392578
1,67.25,22.3831087374128,80.2469253540039
1,67.26,22.3864420372993,80.2850723266602
1,67.27,22.3897753371857,80.3136825561523
1,67.28,22.3931086370721,80.3279876708984
1,67.29,22.3964419369586,80.3470611572266
1,67.3,22.399775236845,80.3565979003906
1,67.31,22.4031085367315,80.3899765014648
1,67.32,22.4064418366179,80.3947448730469
1,67.33,22.4097751365043,80.3899765014648
1,67.34,22.4131084363908,80.3995132446289
1,67.35,22.4164417362772,80.3756713867188
1,67.36,22.4197750361636,80.3995132446289
1,67.37,22.4231083360501,80.4042816162109
1,67.38,22.4264416359365,80.3947448730469
1,67.39,22.4297749358229,80.3852081298828
1,67.4,22.4331082357094,80.4042816162109
1,67.41,22.4364415355958,80.4042816162109
1,67.42,22.4397748354822,80.3899765014648
1,67.43,22.4431081353687,80.3756713867188
1,67.44,22.4464414352551,80.3756713867188
1,67.45,22.4497747351415,80.3565979003906
1,67.46,22.453108035028,80.3518295288086
1,67.47,22.4564413349144,80.3470611572266
1,67.48,22.4597746348009,80.3279876708984
1,67.49,22.4631079346873,80.3136825561523
1,67.5,22.4664412345737,80.2898406982422
1,67.51,22.4697745344602,80.2755355834961
1,67.52,22.4731078343466,80.26123046875
1,67.53,22.476441134233,80.2183151245117
1,67.54,22.4797744341195,80.2040100097656
1,67.55,22.4831077340059,80.1801681518555
1,67.56,22.4864410338923,80.1706314086914
1,67.57,22.4897743337788,80.1324844360352
1,67.58,22.4931076336652,80.108642578125
1,67.59,22.4964409335516,80.0943374633789
1,67.6,22.4997742334381,80.0323486328125
1,67.61,22.5031075333245,79.9942016601563
1,67.62,22.5064408332109,79.9942016601563
1,67.63,22.5097741330974,79.9560546875
1,67.64,22.5131074329838,79.9417495727539
1,67.65,22.5164407328703,79.9274444580078
1,67.66,22.5197740327567,79.9036026000977
1,67.67,22.5231073326431,79.8940658569336
1,67.68,22.5264406325296,79.8702239990234
1,67.69,22.529773932416,79.8511505126953
1,67.7,22.5331072323024,79.7843933105469
1,67.71,22.5364405321889,79.7748565673828
1,67.72,22.5397738320753,79.7414779663086
1,67.73,22.5431071319617,79.7080993652344
1,67.74,22.5464404318482,79.7080993652344
1,67.75,22.5497737317346,79.6747207641602
1,67.76,22.553107031621,79.6651840209961
1,67.77,22.5564403315075,79.6270370483398
1,67.78,22.5597736313939,79.6318054199219
1,67.79,22.5631069312803,79.6175003051758
1,67.8,22.5664402311668,79.6079635620117
1,67.81,22.5697735310532,79.5888900756836
1,67.82,22.5731068309397,79.5936584472656
1,67.83,22.5764401308261,79.5841217041016
1,67.84,22.5797734307125,79.5936584472656
1,67.85,22.583106730599,79.5841217041016
1,67.86,22.5864400304854,79.5555114746094
1,67.87,22.5897733303718,79.5650482177734
1,67.88,22.5931066302583,79.5602798461914
1,67.89,22.5964399301447,79.5507431030273
1,67.9,22.5997732300311,79.5555114746094
1,67.91,22.6031065299176,79.5698165893555
1,67.92,22.606439829804,79.5507431030273
1,67.93,22.6097731296904,79.5555114746094
1,67.94,22.6131064295769,79.5698165893555
1,67.95,22.6164397294633,79.5364379882813
1,67.96,22.6197730293497,79.5602798461914
1,67.97,22.6231063292362,79.5459747314453
1,67.98,22.6264396291226,79.5555114746094
1,67.99,22.6297729290091,79.5555114746094
1,68,22.6331062288955,79.5555114746094
1,68.01,22.6364395287819,79.5698165893555
1,68.02,22.6397728286684,79.5698165893555
1,68.03,22.6431061285548,79.5745849609375
1,68.04,22.6464394284412,79.5745849609375
1,68.05,22.6497727283277,79.5936584472656
1,68.06,22.6531060282141,79.5984268188477
1,68.07,22.6564393281005,79.6127319335938
1,68.08,22.659772627987,79.6079635620117
1,68.09,22.6631059278734,79.6127319335938
1,68.1,22.6664392277598,79.6270370483398
1,68.11,22.6697725276463,79.646110534668
1,68.12,22.6731058275327,79.6604156494141
1,68.13,22.6764391274191,79.6794891357422
1,68.14,22.6797724273056,79.6747207641602
1,68.15,22.683105727192,79.6937942504883
1,68.16,22.6864390270785,79.7033309936523
1,68.17,22.6897723269649,79.7271728515625
1,68.18,22.6931056268513,79.7462463378906
1,68.19,22.6964389267378,79.7653198242188
1,68.2,22.6997722266242,79.7653198242188
1,68.21,22.7031055265106,79.798698425293
1,68.22,22.7064388263971,79.7939300537109
1,68.23,22.7097721262835,79.8130035400391
1,68.24,22.7131054261699,79.8177719116211
1,68.25,22.7164387260564,79.8320770263672
1,68.26,22.7197720259428,79.8368453979492
1,68.27,22.7231053258292,79.8368453979492
1,68.28,22.7264386257157,79.8368453979492
1,68.29,22.7297719256021,79.8606872558594
1,68.3,22.7331052254885,79.8463821411133
1,68.31,22.736438525375,79.8368453979492
1,68.32,22.7397718252614,79.8463821411133
1,68.33,22.7431051251478,79.8511505126953
1,68.34,22.7464384250343,79.8511505126953
1,68.35,22.7497717249207,79.8511505126953
1,68.36,22.7531050248072,79.8273086547852
1,68.37,22.7564383246936,79.8320770263672
1,68.38,22.75977162458,79.8368453979492
1,68.39,22.7631049244665,79.8130035400391
1,68.4,22.7664382243529,79.8225402832031
1,68.41,22.7697715242393,79.803466796875
1,68.42,22.7731048241258,79.8130035400391
1,68.43,22.7764381240122,79.803466796875
1,68.44,22.7797714238986,79.7748565673828
1,68.45,22.7831047237851,79.7843933105469
1,68.46,22.7864380236715,79.7748565673828
1,68.47,22.7897713235579,79.7891616821289
1,68.48,22.7931046234444,79.7653198242188
1,68.49,22.7964379233308,79.7557830810547
1,68.5,22.7997712232172,79.7605514526367
1,68.51,22.8031045231037,79.7557830810547
1,68.52,22.8064378229901,79.7510147094727
1,68.53,22.8097711228766,79.7557830810547
1,68.54,22.813104422763,79.7462463378906
1,68.55,22.8164377226494,79.7557830810547
1,68.56,22.8197710225359,79.7700881958008
1,68.57,22.8231043224223,79.7510147094727
1,68.58,22.8264376223087,79.7557830810547
1,68.59,22.8297709221952,79.7557830810547
1,68.6,22.8331042220816,79.7843933105469
1,68.61,22.836437521968,79.7748565673828
1,68.62,22.8397708218545,79.7796249389648
1,68.63,22.8431041217409,79.7796249389648
1,68.64,22.8464374216273,79.7939300537109
1,68.65,22.8497707215138,79.7891616821289
1,68.66,22.8531040214002,79.808235168457
1,68.67,22.8564373212867,79.808235168457
1,68.68,22.8597706211731,79.8177719116211
1,68.69,22.8631039210595,79.8416137695313
1,68.7,22.866437220946,79.8749923706055
1,68.71,22.8697705208324,79.8797607421875
1,68.72,22.8731038207188,79.8606872558594
1,68.73,22.8764371206053,79.8940658569336
1,68.74,22.8797704204917,79.9036026000977
1,68.75,22.8831037203781,79.8845291137695
1,68.76,22.8864370202646,79.9131393432617
1,68.77,22.889770320151,79.9417495727539
1,68.78,22.8931036200374,79.9560546875
1,68.79,22.8964369199239,79.9560546875
1,68.8,22.8997702198103,79.9942016601563
1,68.81,22.9031035196967,80.0085067749023
1,68.82,22.9064368195832,80.0180435180664
1,68.83,22.9097701194696,80.0275802612305
1,68.84,22.9131034193561,80.0466537475586
1,68.85,22.9164367192425,80.0609588623047
1,68.86,22.9197700191289,80.0752639770508
1,68.87,22.9231033190154,80.0991058349609
1,68.88,22.9264366189018,80.108642578125
1,68.89,22.9297699187882,80.1324844360352
1,68.9,22.9331032186747,80.1324844360352
1,68.91,22.9364365185611,80.1324844360352
1,68.92,22.9397698184475,80.1563262939453
1,68.93,22.943103118334,80.1658630371094
1,68.94,22.9464364182204,80.1658630371094
1,68.95,22.9497697181068,80.1515579223633
1,68.96,22.9531030179933,80.1849365234375
1,68.97,22.9564363178797,80.1897048950195
1,68.98,22.9597696177661,80.1753997802734
1,68.99,22.9631029176526,80.1897048950195
1,69,22.966436217539,80.1610946655273
1,69.01,22.9697695174254,80.1706314086914
1,69.02,22.9731028173119,80.2040100097656
1,69.03,22.9764361171983,80.1992416381836
1,69.04,22.9797694170848,80.1944732666016
1,69.05,22.9831027169712,80.2183151245117
1,69.06,22.9864360168576,80.2326202392578
1,69.07,22.9897693167441,80.2516937255859
1,69.08,22.9931026166305,80.2469253540039
1,69.09,22.9964359165169,80.2707672119141
1,69.1,22.9997692164034,80.2755355834961
1,69.11,23.0031025162898,80.2755355834961
1,69.12,23.0064358161762,80.2898406982422
1,69.13,23.0097691160627,80.3041458129883
1,69.14,23.0131024159491,80.3232192993164
1,69.15,23.0164357158355,80.3375244140625
1,69.16,23.019769015722,80.3518295288086
1,69.17,23.0231023156084,80.3327560424805
1,69.18,23.0264356154948,80.3375244140625
1,69.19,23.0297689153813,80.3709030151367
1,69.2,23.0331022152677,80.3518295288086
1,69.21,23.0364355151542,80.3804397583008
1,69.22,23.0397688150406,80.3947448730469
1,69.23,23.043102114927,80.3899765014648
1,69.24,23.0464354148135,80.4042816162109
1,69.25,23.0497687146999,80.413818359375
1,69.26,23.0531020145863,80.4328918457031
1,69.27,23.0564353144728,80.4471969604492
1,69.28,23.0631019142456,80.4662704467773
1,69.29,23.0664352141321,80.4710388183594
1,69.31,23.0697685140185,80.4996490478516
1,69.32,23.0731018139049,80.5139541625977
1,69.33,23.0764351137914,80.5330276489258
1,69.34,23.0831017135642,80.5473327636719
1,69.35,23.0864350134507,80.5425643920898
1,69.37,23.0897683133371,80.6045532226563
1,69.38,23.09643491311,80.6236267089844
1,69.39,23.0997682129964,80.6427001953125
1,69.4,23.1031015128829,80.6617736816406
1,69.41,23.1064348127693,80.6903839111328
1,69.43,23.1097681126557,80.7046890258789
1,69.44,23.1164347124286,80.7332992553711
1,69.45,23.119768012315,80.7428359985352
1,69.47,23.1264346120879,80.7619094848633
1,69.48,23.1297679119743,80.7952880859375
1,69.49,23.1331012118608,80.7905197143555
1,69.5,23.1364345117472,80.8048248291016
1,69.51,23.1397678116336,80.8143615722656
1,69.52,23.1431011115201,80.8143615722656
1,69.53,23.1464344114065,80.8334350585938
1,69.54,23.149767711293,80.8382034301758
1,69.55,23.1531010111794,80.8477401733398
1,69.56,23.1564343110658,80.8429718017578
1,69.57,23.1597676109523,80.8572769165039
1,69.58,23.1631009108387,80.8620452880859
1,69.59,23.1664342107251,80.8858871459961
1,69.6,23.1697675106116,80.8858871459961
1,69.61,23.173100810498,80.9001922607422
1,69.62,23.1764341103844,80.8954238891602
1,69.63,23.1797674102709,80.9192657470703
1,69.64,23.1831007101573,80.9431076049805
1,69.65,23.1864340100437,80.9526443481445
1,69.66,23.1897673099302,80.9764862060547
1,69.67,23.1931006098166,81.0050964355469
1,69.68,23.1964339097031,81.019401550293
1,69.69,23.1997672095895,81.028938293457
1,69.7,23.2031005094759,81.0480117797852
1,69.71,23.2064338093624,81.0813903808594
1,69.72,23.2097671092488,81.0766220092773
1,69.73,23.2131004091352,81.0956954956055
1,69.74,23.2164337090217,81.1100006103516
1,69.75,23.2197670089081,81.1290740966797
1,69.76,23.2231003087945,81.1290740966797
1,69.77,23.226433608681,81.0861587524414
1,69.78,23.2297669085674,81.1052322387695
1,69.79,23.2331002084538,81.1004638671875
1,69.8,23.2364335083403,81.1243057250977
1,69.81,23.2397668082267,81.1147689819336
1,69.82,23.2431001081131,81.0956954956055
1,69.83,23.2464334079996,81.0813903808594
1,69.84,23.249766707886,81.0575485229492
1,69.85,23.2531000077724,81.0432434082031
1,69.86,23.2564333076589,81.024169921875
1,69.87,23.2597666075453,80.9764862060547
1,69.88,23.2630999074318,80.9383392333984
1,69.89,23.2664332073182,80.8858871459961
1,69.9,23.2697665072046,80.8572769165039
1,69.91,23.2730998070911,80.8143615722656
1,69.92,23.2764331069775,80.7714462280273
1,69.93,23.2797664068639,80.6856155395508
1,69.94,23.2830997067504,80.6093215942383
1,69.95,23.2864330066368,80.5330276489258
1,69.96,23.2897663065232,80.4615020751953
1,69.97,23.2930996064097,80.3947448730469
1,69.98,23.2964329062961,80.3089141845703
1,69.99,23.2997662061825,80.2135467529297
1,70,23.303099506069,80.1229476928711
1,70.01,23.3064328059554,80.0085067749023
1,70.02,23.3097661058418,79.9036026000977
1,70.03,23.3130994057283,79.7891616821289
1,70.04,23.3164327056147,79.6651840209961
1,70.05,23.3197660055012,79.5459747314453
1,70.06,23.3230993053876,79.4458389282227
1,70.07,23.326432605274,79.2884826660156
1,70.08,23.3297659051605,79.197883605957
1,70.09,23.3330992050469,79.0500640869141
1,70.1,23.3364325049333,78.9165496826172
1,70.11,23.3397658048198,78.7878036499023
1,70.12,23.3430991047062,78.6352157592773
1,70.13,23.3464324045926,78.4778594970703
1,70.14,23.3497657044791,78.282356262207
1,70.15,23.3530990043655,78.1106948852539
1,70.16,23.3564323042519,77.8865814208984
1,70.17,23.3597656041384,77.6815414428711
1,70.18,23.3630989040248,77.4860382080078
1,70.19,23.3664322039112,77.2237777709961
1,70.2,23.3697655037977,76.9996643066406
1,70.21,23.3730988036841,76.7660140991211
1,70.22,23.3764321035706,76.5037536621094
1,70.23,23.379765403457,76.2462615966797
1,70.24,23.3830987033434,75.9553909301758
