ééå±âÒêî,éûä‘[sec],à⁄ìÆó [mm],â◊èd[N]
1,0.01,0,-1.43051147460938E-02
1,0.23,3.33329988643527E-03,-2.02655792236328E-02
1,0.24,6.66659977287054E-03,-1.72853469848633E-02
1,0.26,9.99989965930581E-03,-1.96695327758789E-02
1,0.27,1.33331995457411E-02,-2.32458114624023E-02
1,0.28,1.99997993186116E-02,-2.14576721191406E-02
1,0.3,2.33330992050469E-02,-2.50339508056641E-02
1,0.31,2.66663990914822E-02,-0.025629997253418
1,0.32,2.99996989779174E-02,-2.44379043579102E-02
1,0.33,3.33329988643527E-02,-2.32458114624023E-02
1,0.34,0.036666298750788,-0.025629997253418
1,0.35,3.99995986372232E-02,-2.80141830444336E-02
1,0.36,4.33328985236585E-02,-2.98023223876953E-02
1,0.37,4.66661984100938E-02,-2.62260437011719E-02
1,0.38,4.99994982965291E-02,-2.50339508056641E-02
1,0.39,5.33327981829643E-02,-1.84774398803711E-02
1,0.4,5.66660980693996E-02,-1.78813934326172E-02
1,0.41,5.99993979558349E-02,-1.54972076416016E-02
1,0.42,6.33326978422702E-02,-0.012516975402832
1,0.43,6.66659977287054E-02,-1.49011611938477E-02
1,0.44,6.99992976151407E-02,-1.31130218505859E-02
1,0.45,7.33325975015759E-02,-1.84774398803711E-02
1,0.46,7.66658973880112E-02,-2.20537185668945E-02
1,0.47,7.99991972744465E-02,-2.38418579101563E-02
1,0.48,8.33324971608818E-02,-2.62260437011719E-02
1,0.49,0.086665797047317,-3.63588333129883E-02
1,0.5,8.99990969337523E-02,-0.03814697265625
1,0.51,9.33323968201876E-02,-4.05311584472656E-02
1,0.52,9.66656967066228E-02,-4.29153442382813E-02
1,0.53,9.99989965930581E-02,-4.29153442382813E-02
1,0.54,0.103332296479493,-4.70876693725586E-02
1,0.55,0.106665596365929,-5.18560409545898E-02
1,0.56,0.109998896252364,-0.050663948059082
1,0.57,0.113332196138799,-4.70876693725586E-02
1,0.58,0.116665496025234,-4.58955764770508E-02
1,0.59,0.11999879591167,-4.41074371337891E-02
1,0.6,0.123332095798105,-4.35113906860352E-02
1,0.61,0.12666539568454,-4.76837158203125E-02
1,0.62,0.129998695570976,-4.35113906860352E-02
1,0.63,0.133331995457411,-4.23192977905273E-02
1,0.64,0.136665295343846,-4.35113906860352E-02
1,0.65,0.143331895116717,-3.99351119995117E-02
1,0.67,0.146665195003152,-4.17232513427734E-02
1,0.68,0.149998494889587,-3.93390655517578E-02
1,0.69,0.153331794776022,-3.87430191040039E-02
1,0.7,0.156665094662458,-3.75509262084961E-02
1,0.71,0.159998394548893,-3.63588333129883E-02
1,0.72,0.163331694435328,-3.21865081787109E-02
1,0.73,0.166664994321764,-0.031590461730957
1,0.74,0.173331594094634,-3.03983688354492E-02
1,0.76,0.176664893981069,-2.92062759399414E-02
1,0.77,0.179998193867505,-3.09944152832031E-02
1,0.78,0.18333149375394,-3.63588333129883E-02
1,0.79,0.186664793640375,-3.69548797607422E-02
1,0.8,0.193331393413246,-3.57627868652344E-02
1,0.82,0.196664693299681,-3.63588333129883E-02
1,0.83,0.203331293072552,-3.87430191040039E-02
1,0.84,0.206664592958987,-3.93390655517578E-02
1,0.85,0.209997892845422,-4.05311584472656E-02
1,0.87,0.213331192731857,-4.17232513427734E-02
1,0.88,0.219997792504728,-3.99351119995117E-02
1,0.89,0.223331092391163,-4.76837158203125E-02
1,0.91,0.229997692164034,-4.05311584472656E-02
1,0.92,0.233330992050469,-4.05311584472656E-02
1,0.93,0.236664291936904,-3.39746475219727E-02
1,0.94,0.239997591823339,-2.86102294921875E-02
1,0.95,0.243330891709775,-2.44379043579102E-02
1,0.97,0.24666419159621,-1.54972076416016E-02
1,0.98,0.253330791369081,-1.49011611938477E-02
1,0.99,0.256664091255516,-1.01327896118164E-02
1,1,0.259997391141951,-1.01327896118164E-02
1,1.01,0.263330691028386,-8.34465026855469E-03
1,1.02,0.266663990914822,-0.012516975402832
1,1.03,0.269997290801257,-1.13248825073242E-02
1,1.04,0.273330590687692,-1.31130218505859E-02
1,1.05,0.276663890574127,-1.49011611938477E-02
1,1.06,0.279997190460563,-0.012516975402832
1,1.07,0.283330490346998,-1.54972076416016E-02
1,1.08,0.286663790233433,-1.60932540893555E-02
1,1.09,0.289997090119869,-1.49011611938477E-02
1,1.1,0.293330390006304,-1.31130218505859E-02
1,1.11,0.296663689892739,-1.37090682983398E-02
1,1.12,0.299996989779174,-1.49011611938477E-02
1,1.13,0.30333028966561,-1.37090682983398E-02
1,1.14,0.306663589552045,-1.43051147460938E-02
1,1.15,0.30999688943848,-0.012516975402832
1,1.16,0.313330189324915,-9.5367431640625E-03
1,1.17,0.316663489211351,-7.15255737304688E-03
1,1.18,0.319996789097786,-5.36441802978516E-03
1,1.19,0.323330088984221,-7.74860382080078E-03
1,1.2,0.326663388870657,-4.76837158203125E-03
1,1.21,0.329996688757092,0
1,1.22,0.333329988643527,-5.96046447753906E-04
1,1.23,0.336663288529962,1.78813934326172E-03
1,1.24,0.339996588416398,5.36441802978516E-03
1,1.25,0.343329888302833,1.19209289550781E-03
1,1.26,0.346663188189268,1.19209289550781E-03
1,1.27,0.349996488075703,5.96046447753906E-04
1,1.28,0.353329787962139,-1.78813934326172E-03
1,1.29,0.356663087848574,-7.15255737304688E-03
1,1.3,0.359996387735009,-7.74860382080078E-03
1,1.31,0.363329687621445,-1.07288360595703E-02
1,1.32,0.36666298750788,-1.31130218505859E-02
1,1.33,0.369996287394315,-1.49011611938477E-02
1,1.34,0.37332958728075,-1.49011611938477E-02
1,1.35,0.376662887167186,-1.31130218505859E-02
1,1.36,0.379996187053621,-0.012516975402832
1,1.37,0.383329486940056,-0.012516975402832
1,1.38,0.386662786826491,-1.31130218505859E-02
1,1.39,0.389996086712927,-1.01327896118164E-02
1,1.4,0.393329386599362,-5.36441802978516E-03
1,1.41,0.396662686485797,-7.74860382080078E-03
1,1.42,0.399995986372232,-7.15255737304688E-03
1,1.43,0.403329286258668,-7.74860382080078E-03
1,1.44,0.406662586145103,-6.55651092529297E-03
1,1.45,0.409995886031538,-8.34465026855469E-03
1,1.46,0.413329185917974,-4.76837158203125E-03
1,1.47,0.416662485804409,-8.94069671630859E-03
1,1.48,0.419995785690844,-8.34465026855469E-03
1,1.49,0.423329085577279,-1.19209289550781E-02
1,1.5,0.426662385463715,-1.19209289550781E-02
1,1.51,0.42999568535015,-7.74860382080078E-03
1,1.52,0.433328985236585,-1.01327896118164E-02
1,1.53,0.43666228512302,-1.19209289550781E-02
1,1.54,0.439995585009456,-6.55651092529297E-03
1,1.55,0.443328884895891,-1.01327896118164E-02
1,1.56,0.446662184782326,-1.19209289550781E-02
1,1.57,0.449995484668762,-1.37090682983398E-02
1,1.58,0.453328784555197,-1.13248825073242E-02
1,1.59,0.456662084441632,-1.19209289550781E-02
1,1.6,0.459995384328067,-1.31130218505859E-02
1,1.61,0.463328684214503,-1.60932540893555E-02
1,1.62,0.466661984100938,-1.13248825073242E-02
1,1.63,0.469995283987373,-1.43051147460938E-02
1,1.64,0.473328583873808,-1.13248825073242E-02
1,1.65,0.476661883760244,-8.34465026855469E-03
1,1.66,0.479995183646679,-1.01327896118164E-02
1,1.67,0.483328483533114,-0.012516975402832
1,1.68,0.48666178341955,-1.01327896118164E-02
1,1.69,0.489995083305985,-1.07288360595703E-02
1,1.7,0.49332838319242,-1.49011611938477E-02
1,1.71,0.496661683078855,-1.54972076416016E-02
1,1.72,0.499994982965291,-2.08616256713867E-02
1,1.73,0.503328282851726,-2.62260437011719E-02
1,1.74,0.506661582738161,-2.92062759399414E-02
1,1.75,0.509994882624596,-3.03983688354492E-02
1,1.76,0.513328182511032,-0.031590461730957
1,1.77,0.516661482397467,-3.39746475219727E-02
1,1.78,0.519994782283902,-3.45706939697266E-02
1,1.79,0.523328082170337,-3.93390655517578E-02
1,1.8,0.526661382056773,-3.87430191040039E-02
1,1.81,0.529994681943208,-4.05311584472656E-02
1,1.82,0.533327981829643,-3.57627868652344E-02
1,1.83,0.536661281716079,-3.69548797607422E-02
1,1.84,0.539994581602514,-3.57627868652344E-02
1,1.85,0.543327881488949,-3.51667404174805E-02
1,1.86,0.546661181375384,-3.03983688354492E-02
1,1.87,0.54999448126182,-2.98023223876953E-02
1,1.88,0.553327781148255,-0.025629997253418
1,1.89,0.55666108103469,-2.50339508056641E-02
1,1.9,0.559994380921125,-2.38418579101563E-02
1,1.91,0.563327680807561,-2.74181365966797E-02
1,1.92,0.566660980693996,-2.50339508056641E-02
1,1.93,0.569994280580431,-2.44379043579102E-02
1,1.94,0.573327580466866,-2.26497650146484E-02
1,1.95,0.576660880353302,-2.26497650146484E-02
1,1.96,0.579994180239737,-2.26497650146484E-02
1,1.97,0.583327480126172,-2.26497650146484E-02
1,1.98,0.586660780012608,-2.50339508056641E-02
1,1.99,0.589994079899043,-2.68220901489258E-02
1,2,0.593327379785478,-0.025629997253418
1,2.01,0.596660679671913,-2.62260437011719E-02
1,2.02,0.599993979558349,-2.80141830444336E-02
1,2.03,0.603327279444784,-2.92062759399414E-02
1,2.04,0.606660579331219,-3.09944152832031E-02
1,2.05,0.609993879217654,-3.33786010742188E-02
1,2.06,0.61332717910409,-3.57627868652344E-02
1,2.07,0.616660478990525,-3.45706939697266E-02
1,2.08,0.61999377887696,-3.03983688354492E-02
1,2.09,0.623327078763396,-3.27825546264648E-02
1,2.1,0.626660378649831,-3.33786010742188E-02
1,2.11,0.629993678536266,-3.57627868652344E-02
1,2.12,0.633326978422701,-3.21865081787109E-02
1,2.13,0.636660278309137,-0.031590461730957
1,2.14,0.639993578195572,-2.80141830444336E-02
1,2.15,0.643326878082007,-2.74181365966797E-02
1,2.16,0.646660177968442,-2.62260437011719E-02
1,2.17,0.649993477854878,-2.62260437011719E-02
1,2.18,0.653326777741313,-2.44379043579102E-02
1,2.19,0.656660077627748,-2.50339508056641E-02
1,2.2,0.659993377514184,-2.26497650146484E-02
1,2.21,0.663326677400619,-0.019073486328125
1,2.22,0.666659977287054,-2.20537185668945E-02
1,2.23,0.669993277173489,-1.78813934326172E-02
1,2.24,0.673326577059925,-0.019073486328125
1,2.25,0.67665987694636,-0.012516975402832
1,2.26,0.679993176832795,-1.37090682983398E-02
1,2.27,0.68332647671923,-1.54972076416016E-02
1,2.28,0.686659776605666,-0.012516975402832
1,2.29,0.689993076492101,-8.94069671630859E-03
1,2.3,0.693326376378536,-8.94069671630859E-03
1,2.31,0.696659676264971,-1.01327896118164E-02
1,2.32,0.699992976151407,-9.5367431640625E-03
1,2.33,0.703326276037842,-0.012516975402832
1,2.34,0.706659575924277,-1.31130218505859E-02
1,2.35,0.709992875810713,-0.012516975402832
1,2.36,0.713326175697148,-1.49011611938477E-02
1,2.37,0.716659475583583,-1.60932540893555E-02
1,2.38,0.719992775470018,-0.012516975402832
1,2.39,0.723326075356454,-2.08616256713867E-02
1,2.4,0.726659375242889,-2.20537185668945E-02
1,2.41,0.729992675129324,-2.26497650146484E-02
1,2.42,0.733325975015759,-2.26497650146484E-02
1,2.43,0.736659274902195,-2.02655792236328E-02
1,2.44,0.73999257478863,-2.02655792236328E-02
1,2.45,0.743325874675065,-2.32458114624023E-02
1,2.46,0.746659174561501,-1.84774398803711E-02
1,2.47,0.749992474447936,-1.66893005371094E-02
1,2.48,0.753325774334371,-1.37090682983398E-02
1,2.49,0.756659074220806,-1.13248825073242E-02
1,2.5,0.759992374107242,-6.55651092529297E-03
1,2.51,0.763325673993677,-4.17232513427734E-03
1,2.52,0.766658973880112,-2.38418579101563E-03
1,2.53,0.769992273766547,-1.78813934326172E-03
1,2.54,0.773325573652983,0
1,2.55,0.776658873539418,1.19209289550781E-03
1,2.56,0.779992173425853,5.96046447753906E-04
1,2.57,0.783325473312289,1.19209289550781E-03
1,2.58,0.786658773198724,1.78813934326172E-03
1,2.59,0.789992073085159,0
1,2.6,0.793325372971594,1.19209289550781E-03
1,2.61,0.79665867285803,5.96046447753906E-04
1,2.62,0.799991972744465,4.17232513427734E-03
1,2.63,0.8033252726309,5.36441802978516E-03
1,2.64,0.806658572517335,4.17232513427734E-03
1,2.65,0.809991872403771,5.36441802978516E-03
1,2.66,0.813325172290206,7.74860382080078E-03
1,2.67,0.816658472176641,4.76837158203125E-03
1,2.68,0.819991772063077,5.36441802978516E-03
1,2.69,0.823325071949512,5.96046447753906E-03
1,2.7,0.826658371835947,0
1,2.71,0.829991671722382,5.36441802978516E-03
1,2.72,0.833324971608818,5.36441802978516E-03
1,2.73,0.836658271495253,9.5367431640625E-03
1,2.74,0.839991571381688,9.5367431640625E-03
1,2.75,0.843324871268123,9.5367431640625E-03
1,2.76,0.846658171154559,5.96046447753906E-03
1,2.77,0.849991471040994,7.15255737304688E-03
1,2.78,0.853324770927429,5.96046447753906E-03
1,2.79,0.856658070813864,5.36441802978516E-03
1,2.8,0.8599913707003,2.98023223876953E-03
1,2.81,0.863324670586735,-1.78813934326172E-03
1,2.82,0.86665797047317,-3.57627868652344E-03
1,2.83,0.869991270359606,-5.36441802978516E-03
1,2.84,0.873324570246041,-2.98023223876953E-03
1,2.85,0.876657870132476,-5.36441802978516E-03
1,2.86,0.879991170018911,-8.94069671630859E-03
1,2.87,0.883324469905347,-0.012516975402832
1,2.88,0.886657769791782,-1.37090682983398E-02
1,2.89,0.889991069678217,-1.13248825073242E-02
1,2.9,0.893324369564652,-1.01327896118164E-02
1,2.91,0.896657669451088,-1.13248825073242E-02
1,2.92,0.899990969337523,-1.07288360595703E-02
1,2.93,0.903324269223958,-1.13248825073242E-02
1,2.94,0.906657569110394,-1.19209289550781E-02
1,2.95,0.909990868996829,-1.13248825073242E-02
1,2.96,0.913324168883264,-1.07288360595703E-02
1,2.97,0.916657468769699,-8.94069671630859E-03
1,2.98,0.919990768656135,-1.49011611938477E-02
1,2.99,0.92332406854257,-1.54972076416016E-02
1,3,0.926657368429005,-1.49011611938477E-02
1,3.01,0.92999066831544,-1.54972076416016E-02
1,3.02,0.933323968201876,-1.31130218505859E-02
1,3.03,0.936657268088311,-1.07288360595703E-02
1,3.04,0.939990567974746,-1.31130218505859E-02
1,3.05,0.943323867861182,-1.19209289550781E-02
1,3.06,0.946657167747617,-0.012516975402832
1,3.07,0.949990467634052,-1.07288360595703E-02
1,3.08,0.953323767520487,-5.96046447753906E-03
1,3.09,0.956657067406923,-7.74860382080078E-03
1,3.1,0.959990367293358,-9.5367431640625E-03
1,3.11,0.963323667179793,-1.01327896118164E-02
1,3.12,0.966656967066228,-8.94069671630859E-03
1,3.13,0.969990266952664,-1.01327896118164E-02
1,3.14,0.973323566839099,-1.07288360595703E-02
1,3.15,0.976656866725534,-9.5367431640625E-03
1,3.16,0.979990166611969,-1.07288360595703E-02
1,3.17,0.983323466498405,-9.5367431640625E-03
1,3.18,0.98665676638484,-8.94069671630859E-03
1,3.19,0.989990066271275,-7.74860382080078E-03
1,3.2,0.993323366157711,-6.55651092529297E-03
1,3.21,0.996656666044146,-8.94069671630859E-03
1,3.22,0.999989965930581,-7.15255737304688E-03
1,3.23,1.00332326581702,-4.76837158203125E-03
1,3.24,1.00665656570345,-5.36441802978516E-03
1,3.25,1.00998986558989,-4.76837158203125E-03
1,3.26,1.01332316547632,-5.96046447753906E-04
1,3.27,1.01665646536276,-5.96046447753906E-04
1,3.28,1.01998976524919,1.19209289550781E-03
1,3.29,1.02332306513563,1.78813934326172E-03
1,3.3,1.02665636502206,-5.96046447753906E-04
1,3.31,1.0299896649085,-2.38418579101563E-03
1,3.32,1.03332296479493,0
1,3.33,1.03665626468137,-3.57627868652344E-03
1,3.34,1.0399895645678,-2.98023223876953E-03
1,3.35,1.04332286445424,-3.57627868652344E-03
1,3.36,1.04665616434067,-5.36441802978516E-03
1,3.37,1.04998946422711,-7.15255737304688E-03
1,3.38,1.05332276411355,-1.13248825073242E-02
1,3.39,1.05665606399998,-1.01327896118164E-02
1,3.4,1.05998936388642,-1.19209289550781E-02
1,3.41,1.06332266377285,-9.5367431640625E-03
1,3.42,1.06665596365929,-5.36441802978516E-03
1,3.43,1.06998926354572,-4.76837158203125E-03
1,3.44,1.07332256343216,-2.38418579101563E-03
1,3.45,1.07665586331859,-1.78813934326172E-03
1,3.46,1.07998916320503,5.96046447753906E-04
1,3.47,1.08332246309146,0
1,3.48,1.0866557629779,-2.98023223876953E-03
1,3.49,1.08998906286433,-3.57627868652344E-03
1,3.5,1.09332236275077,-2.38418579101563E-03
1,3.51,1.0966556626372,-1.78813934326172E-03
1,3.52,1.09998896252364,0
1,3.53,1.10332226241007,0
1,3.54,1.10665556229651,-4.76837158203125E-03
1,3.55,1.10998886218295,-5.96046447753906E-03
1,3.56,1.11332216206938,-3.57627868652344E-03
1,3.57,1.11665546195582,-2.98023223876953E-03
1,3.58,1.11998876184225,-4.76837158203125E-03
1,3.59,1.12332206172869,-4.76837158203125E-03
1,3.6,1.12665536161512,-8.34465026855469E-03
1,3.61,1.12998866150156,-9.5367431640625E-03
1,3.62,1.13332196138799,-6.55651092529297E-03
1,3.63,1.13665526127443,-1.01327896118164E-02
1,3.64,1.13998856116086,-1.19209289550781E-02
1,3.65,1.1433218610473,-0.012516975402832
1,3.66,1.14665516093373,-0.012516975402832
1,3.67,1.14998846082017,-1.37090682983398E-02
1,3.68,1.1533217607066,-1.13248825073242E-02
1,3.69,1.15665506059304,-1.13248825073242E-02
1,3.7,1.15998836047947,-1.19209289550781E-02
1,3.71,1.16332166036591,-1.37090682983398E-02
1,3.72,1.16665496025234,-1.37090682983398E-02
1,3.73,1.16998826013878,-1.37090682983398E-02
1,3.74,1.17332156002522,-1.01327896118164E-02
1,3.75,1.17665485991165,-1.01327896118164E-02
1,3.76,1.17998815979809,-7.15255737304688E-03
1,3.77,1.18332145968452,-1.31130218505859E-02
1,3.78,1.18665475957096,-1.19209289550781E-02
1,3.79,1.18998805945739,-1.37090682983398E-02
1,3.8,1.19332135934383,-1.07288360595703E-02
1,3.81,1.19665465923026,-9.5367431640625E-03
1,3.82,1.1999879591167,-1.13248825073242E-02
1,3.83,1.20332125900313,-1.19209289550781E-02
1,3.84,1.20665455888957,-1.19209289550781E-02
1,3.85,1.209987858776,-1.01327896118164E-02
1,3.86,1.21332115866244,-8.34465026855469E-03
1,3.87,1.21665445854887,-1.01327896118164E-02
1,3.88,1.21998775843531,-1.01327896118164E-02
1,3.89,1.22332105832174,-8.34465026855469E-03
1,3.9,1.22665435820818,-7.74860382080078E-03
1,3.91,1.22998765809461,-9.5367431640625E-03
1,3.92,1.23332095798105,-5.36441802978516E-03
1,3.93,1.23665425786749,-8.34465026855469E-03
1,3.94,1.23998755775392,-7.74860382080078E-03
1,3.95,1.24332085764036,-5.96046447753906E-03
1,3.96,1.24665415752679,-7.74860382080078E-03
1,3.97,1.24998745741323,-7.15255737304688E-03
1,3.98,1.25332075729966,-4.76837158203125E-03
1,3.99,1.2566540571861,-6.55651092529297E-03
1,4,1.25998735707253,-5.36441802978516E-03
1,4.01,1.26332065695897,-5.96046447753906E-03
1,4.02,1.2666539568454,-4.17232513427734E-03
1,4.03,1.26998725673184,-4.76837158203125E-03
1,4.04,1.27332055661827,-4.17232513427734E-03
1,4.05,1.27665385650471,-5.36441802978516E-03
1,4.06,1.27998715639114,-2.98023223876953E-03
1,4.07,1.28332045627758,-2.38418579101563E-03
1,4.08,1.28665375616401,-4.76837158203125E-03
1,4.09,1.28998705605045,-4.17232513427734E-03
1,4.1,1.29332035593688,-4.76837158203125E-03
1,4.11,1.29665365582332,-4.76837158203125E-03
1,4.12,1.29998695570976,-1.19209289550781E-03
1,4.13,1.30332025559619,-1.19209289550781E-03
1,4.14,1.30665355548263,-3.57627868652344E-03
1,4.15,1.30998685536906,-1.19209289550781E-03
1,4.16,1.3133201552555,-2.98023223876953E-03
1,4.17,1.31665345514193,1.19209289550781E-03
1,4.18,1.31998675502837,-5.96046447753906E-04
1,4.19,1.3233200549148,-2.98023223876953E-03
1,4.2,1.32665335480124,-3.57627868652344E-03
1,4.21,1.32998665468767,-2.98023223876953E-03
1,4.22,1.33331995457411,-6.55651092529297E-03
1,4.23,1.33665325446054,-7.15255737304688E-03
1,4.24,1.33998655434698,-8.94069671630859E-03
1,4.25,1.34331985423341,-1.07288360595703E-02
1,4.26,1.34665315411985,-1.13248825073242E-02
1,4.27,1.34998645400628,-1.13248825073242E-02
1,4.28,1.35331975389272,-1.19209289550781E-02
1,4.29,1.35665305377916,-1.13248825073242E-02
1,4.3,1.35998635366559,-1.07288360595703E-02
1,4.31,1.36331965355203,-0.012516975402832
1,4.32,1.36665295343846,-1.66893005371094E-02
1,4.33,1.3699862533249,-1.54972076416016E-02
1,4.34,1.37331955321133,-1.49011611938477E-02
1,4.35,1.37665285309777,-1.37090682983398E-02
1,4.36,1.3799861529842,-1.54972076416016E-02
1,4.37,1.38331945287064,-1.72853469848633E-02
1,4.38,1.38665275275707,-1.43051147460938E-02
1,4.39,1.38998605264351,-1.60932540893555E-02
1,4.4,1.39331935252994,-1.66893005371094E-02
1,4.41,1.39665265241638,-1.31130218505859E-02
1,4.42,1.39998595230281,-1.49011611938477E-02
1,4.43,1.40331925218925,-1.49011611938477E-02
1,4.44,1.40665255207568,-1.19209289550781E-02
1,4.45,1.40998585196212,-1.43051147460938E-02
1,4.46,1.41331915184855,-1.31130218505859E-02
1,4.47,1.41665245173499,-1.49011611938477E-02
1,4.48,1.41998575162143,-1.96695327758789E-02
1,4.49,1.42331905150786,-2.26497650146484E-02
1,4.5,1.4266523513943,-2.74181365966797E-02
1,4.51,1.42998565128073,-2.80141830444336E-02
1,4.52,1.43331895116717,-2.80141830444336E-02
1,4.53,1.4366522510536,-2.86102294921875E-02
1,4.54,1.43998555094004,-2.80141830444336E-02
1,4.55,1.44331885082647,-3.09944152832031E-02
1,4.56,1.44665215071291,-3.27825546264648E-02
1,4.57,1.44998545059934,-3.21865081787109E-02
1,4.58,1.45331875048578,-2.98023223876953E-02
1,4.59,1.45665205037221,-3.03983688354492E-02
1,4.6,1.45998535025865,-2.74181365966797E-02
1,4.61,1.46331865014508,-3.03983688354492E-02
1,4.62,1.46665195003152,-2.80141830444336E-02
1,4.63,1.46998524991795,-2.74181365966797E-02
1,4.64,1.47331854980439,-0.025629997253418
1,4.65,1.47665184969082,-2.86102294921875E-02
1,4.66,1.47998514957726,-2.92062759399414E-02
1,4.67,1.4833184494637,-2.86102294921875E-02
1,4.68,1.48665174935013,-2.98023223876953E-02
1,4.69,1.48998504923657,-2.86102294921875E-02
1,4.7,1.493318349123,-2.80141830444336E-02
1,4.71,1.49665164900944,-2.92062759399414E-02
1,4.72,1.49998494889587,-2.74181365966797E-02
1,4.73,1.50331824878231,-2.98023223876953E-02
1,4.74,1.50665154866874,-3.09944152832031E-02
1,4.75,1.50998484855518,-2.92062759399414E-02
1,4.76,1.51331814844161,-2.92062759399414E-02
1,4.77,1.51665144832805,-2.80141830444336E-02
1,4.78,1.51998474821448,-2.80141830444336E-02
1,4.79,1.52331804810092,-2.86102294921875E-02
1,4.8,1.52665134798735,-0.025629997253418
1,4.81,1.52998464787379,-2.80141830444336E-02
1,4.82,1.53331794776022,-0.025629997253418
1,4.83,1.53665124764666,-2.68220901489258E-02
1,4.84,1.53998454753309,-2.68220901489258E-02
1,4.85,1.54331784741953,-3.03983688354492E-02
1,4.86,1.54665114730597,-3.21865081787109E-02
1,4.87,1.5499844471924,-2.98023223876953E-02
1,4.88,1.55331774707884,-2.86102294921875E-02
1,4.89,1.55665104696527,-2.98023223876953E-02
1,4.9,1.55998434685171,-3.21865081787109E-02
1,4.91,1.56331764673814,-3.27825546264648E-02
1,4.92,1.56665094662458,-0.031590461730957
1,4.93,1.56998424651101,-3.03983688354492E-02
1,4.94,1.57331754639745,-2.86102294921875E-02
1,4.95,1.57665084628388,-2.80141830444336E-02
1,4.96,1.57998414617032,-2.98023223876953E-02
1,4.97,1.58331744605675,-3.03983688354492E-02
1,4.98,1.58665074594319,-2.98023223876953E-02
1,4.99,1.58998404582962,-2.86102294921875E-02
1,5,1.59331734571606,-2.80141830444336E-02
1,5.01,1.59665064560249,-3.03983688354492E-02
1,5.02,1.59998394548893,-2.86102294921875E-02
1,5.03,1.60331724537537,-3.09944152832031E-02
1,5.04,1.6066505452618,-3.21865081787109E-02
1,5.05,1.60998384514824,-3.09944152832031E-02
1,5.06,1.61331714503467,-3.03983688354492E-02
1,5.07,1.61665044492111,-3.03983688354492E-02
1,5.08,1.61998374480754,-2.86102294921875E-02
1,5.09,1.62331704469398,-3.21865081787109E-02
1,5.1,1.62665034458041,-3.03983688354492E-02
1,5.11,1.62998364446685,-2.68220901489258E-02
1,5.12,1.63331694435328,-2.50339508056641E-02
1,5.13,1.63665024423972,-2.32458114624023E-02
1,5.14,1.63998354412615,-2.44379043579102E-02
1,5.15,1.64331684401259,-2.14576721191406E-02
1,5.16,1.64665014389902,-2.02655792236328E-02
1,5.17,1.64998344378546,-2.02655792236328E-02
1,5.18,1.65331674367189,-1.66893005371094E-02
1,5.19,1.65665004355833,-2.26497650146484E-02
1,5.2,1.65998334344476,-2.50339508056641E-02
1,5.21,1.6633166433312,-2.44379043579102E-02
1,5.22,1.66664994321764,-2.44379043579102E-02
1,5.23,1.66998324310407,-2.26497650146484E-02
1,5.24,1.67331654299051,-2.14576721191406E-02
1,5.25,1.67664984287694,-2.26497650146484E-02
1,5.26,1.67998314276338,-2.32458114624023E-02
1,5.27,1.68331644264981,-2.38418579101563E-02
1,5.28,1.68664974253625,-2.32458114624023E-02
1,5.29,1.68998304242268,-2.38418579101563E-02
1,5.3,1.69331634230912,-0.025629997253418
1,5.31,1.69664964219555,-2.74181365966797E-02
1,5.32,1.69998294208199,-3.03983688354492E-02
1,5.33,1.70331624196842,-3.51667404174805E-02
1,5.34,1.70664954185486,-3.69548797607422E-02
1,5.35,1.70998284174129,-3.51667404174805E-02
1,5.36,1.71331614162773,-3.51667404174805E-02
1,5.37,1.71664944151416,-3.51667404174805E-02
1,5.38,1.7199827414006,-3.57627868652344E-02
1,5.39,1.72331604128703,-3.63588333129883E-02
1,5.4,1.72664934117347,-3.75509262084961E-02
1,5.41,1.72998264105991,-0.03814697265625
1,5.42,1.73331594094634,-3.33786010742188E-02
1,5.43,1.73664924083278,-3.09944152832031E-02
1,5.44,1.73998254071921,-2.74181365966797E-02
1,5.45,1.74331584060565,-2.98023223876953E-02
1,5.46,1.74664914049208,-2.74181365966797E-02
1,5.47,1.74998244037852,-2.38418579101563E-02
1,5.48,1.75331574026495,-2.02655792236328E-02
1,5.49,1.75664904015139,-1.66893005371094E-02
1,5.5,1.75998234003782,-1.72853469848633E-02
1,5.51,1.76331563992426,-1.37090682983398E-02
1,5.52,1.76664893981069,-1.37090682983398E-02
1,5.53,1.76998223969713,-1.01327896118164E-02
1,5.54,1.77331553958356,-8.34465026855469E-03
1,5.55,1.77664883947,-8.34465026855469E-03
1,5.56,1.77998213935643,-7.15255737304688E-03
1,5.57,1.78331543924287,-7.74860382080078E-03
1,5.58,1.7866487391293,-1.07288360595703E-02
1,5.59,1.78998203901574,-1.13248825073242E-02
1,5.6,1.79331533890218,-8.34465026855469E-03
1,5.61,1.79664863878861,-0.012516975402832
1,5.62,1.79998193867505,-0.012516975402832
1,5.63,1.80331523856148,-1.54972076416016E-02
1,5.64,1.80664853844792,-0.019073486328125
1,5.65,1.80998183833435,-2.14576721191406E-02
1,5.66,1.81331513822079,-2.20537185668945E-02
1,5.67,1.81664843810722,-2.26497650146484E-02
1,5.68,1.82331503788009,-2.14576721191406E-02
1,5.7,1.82664833776653,-2.32458114624023E-02
1,5.71,1.82998163765296,-2.02655792236328E-02
1,5.72,1.8333149375394,-1.84774398803711E-02
1,5.73,1.83998153731227,-1.54972076416016E-02
1,5.74,1.8433148371987,-1.66893005371094E-02
1,5.76,1.84664813708514,-1.43051147460938E-02
1,5.77,1.85331473685801,-0.012516975402832
1,5.79,1.85664803674445,-8.34465026855469E-03
1,5.8,1.86331463651732,-1.19209289550781E-02
1,5.82,1.86664793640375,-1.49011611938477E-02
1,5.83,1.87331453617662,-1.66893005371094E-02
1,5.84,1.87664783606306,-1.37090682983398E-02
1,5.86,1.87998113594949,-1.60932540893555E-02
1,5.87,1.88664773572236,-1.60932540893555E-02
1,5.88,1.8899810356088,-1.60932540893555E-02
1,5.89,1.89331433549523,-0.019073486328125
1,5.9,1.89664763538167,-1.43051147460938E-02
1,5.91,1.8999809352681,-1.72853469848633E-02
1,5.92,1.90331423515454,-2.02655792236328E-02
1,5.93,1.90664753504097,-2.44379043579102E-02
1,5.94,1.90998083492741,-0.025629997253418
1,5.96,1.91664743470028,-2.98023223876953E-02
1,5.97,1.91998073458672,-2.92062759399414E-02
1,5.98,1.92331403447315,-2.98023223876953E-02
1,5.99,1.92664733435959,-3.63588333129883E-02
1,6,1.92998063424602,-3.57627868652344E-02
1,6.01,1.93331393413246,-0.031590461730957
1,6.02,1.93664723401889,-2.62260437011719E-02
1,6.03,1.93998053390533,-2.74181365966797E-02
1,6.04,1.94331383379176,-2.80141830444336E-02
1,6.06,1.9466471336782,-2.14576721191406E-02
1,6.07,1.95331373345107,-1.84774398803711E-02
1,6.08,1.9566470333375,-1.84774398803711E-02
1,6.09,1.95998033322394,-1.43051147460938E-02
1,6.1,1.96331363311037,-1.43051147460938E-02
1,6.11,1.96664693299681,-1.66893005371094E-02
1,6.12,1.96998023288324,-1.66893005371094E-02
1,6.13,1.97331353276968,-1.78813934326172E-02
1,6.14,1.97664683265612,-1.49011611938477E-02
1,6.15,1.97998013254255,-2.20537185668945E-02
1,6.16,1.98331343242899,-2.02655792236328E-02
1,6.17,1.98664673231542,-2.32458114624023E-02
1,6.18,1.98998003220186,-0.025629997253418
1,6.19,1.99331333208829,-2.62260437011719E-02
1,6.2,1.99664663197473,-2.68220901489258E-02
1,6.21,1.99997993186116,-3.09944152832031E-02
1,6.22,2.0033132317476,-2.68220901489258E-02
1,6.23,2.00664653163403,-2.80141830444336E-02
1,6.24,2.00997983152047,-2.98023223876953E-02
1,6.25,2.0133131314069,-2.92062759399414E-02
1,6.26,2.01664643129334,-2.68220901489258E-02
1,6.27,2.01997973117977,-2.14576721191406E-02
1,6.28,2.02331303106621,-2.14576721191406E-02
1,6.29,2.02664633095264,-2.08616256713867E-02
1,6.3,2.02997963083908,-2.80141830444336E-02
1,6.31,2.03331293072552,-2.44379043579102E-02
1,6.32,2.03664623061195,-1.96695327758789E-02
1,6.33,2.03997953049839,-2.08616256713867E-02
1,6.34,2.04331283038482,-1.78813934326172E-02
1,6.35,2.04664613027126,-1.96695327758789E-02
1,6.36,2.04997943015769,-2.14576721191406E-02
1,6.37,2.05331273004413,-2.20537185668945E-02
1,6.38,2.05664602993056,-0.019073486328125
1,6.39,2.059979329817,-1.78813934326172E-02
1,6.4,2.06331262970343,-1.96695327758789E-02
1,6.41,2.06664592958987,-1.96695327758789E-02
1,6.42,2.0699792294763,-2.50339508056641E-02
1,6.43,2.07331252936274,-2.32458114624023E-02
1,6.44,2.07664582924917,-2.14576721191406E-02
1,6.45,2.07997912913561,-2.44379043579102E-02
1,6.46,2.08331242902204,-2.20537185668945E-02
1,6.47,2.08664572890848,-2.32458114624023E-02
1,6.48,2.08997902879491,-1.96695327758789E-02
1,6.49,2.09331232868135,-1.78813934326172E-02
1,6.5,2.09664562856779,-2.02655792236328E-02
1,6.51,2.09997892845422,-1.54972076416016E-02
1,6.52,2.10331222834066,-1.60932540893555E-02
1,6.53,2.10664552822709,-1.60932540893555E-02
1,6.54,2.10997882811353,-0.012516975402832
1,6.55,2.11331212799996,-1.19209289550781E-02
1,6.56,2.1166454278864,-1.37090682983398E-02
1,6.57,2.11997872777283,-9.5367431640625E-03
1,6.58,2.12331202765927,-1.37090682983398E-02
1,6.59,2.1266453275457,-8.94069671630859E-03
1,6.6,2.12997862743214,-1.01327896118164E-02
1,6.61,2.13331192731857,-1.13248825073242E-02
1,6.62,2.13664522720501,-1.01327896118164E-02
1,6.63,2.13997852709144,-1.37090682983398E-02
1,6.64,2.14331182697788,-1.66893005371094E-02
1,6.65,2.14664512686431,-1.96695327758789E-02
1,6.66,2.14997842675075,-2.26497650146484E-02
1,6.67,2.15331172663718,-2.26497650146484E-02
1,6.68,2.15664502652362,-2.68220901489258E-02
1,6.69,2.15997832641006,-2.62260437011719E-02
1,6.7,2.16331162629649,-2.92062759399414E-02
1,6.71,2.16664492618293,-2.80141830444336E-02
1,6.72,2.16997822606936,-2.68220901489258E-02
1,6.73,2.1733115259558,-2.44379043579102E-02
1,6.74,2.17664482584223,-2.62260437011719E-02
1,6.75,2.17997812572867,-0.019073486328125
1,6.76,2.1833114256151,-1.54972076416016E-02
1,6.77,2.18664472550154,-1.37090682983398E-02
1,6.78,2.18997802538797,-1.43051147460938E-02
1,6.79,2.19331132527441,-8.34465026855469E-03
1,6.8,2.19664462516084,-5.36441802978516E-03
1,6.81,2.19997792504728,-1.78813934326172E-03
1,6.82,2.20331122493371,-6.55651092529297E-03
1,6.83,2.20664452482015,-1.19209289550781E-03
1,6.84,2.20997782470658,-2.38418579101563E-03
1,6.85,2.21331112459302,2.38418579101563E-03
1,6.86,2.21664442447945,4.17232513427734E-03
1,6.87,2.21997772436589,0
1,6.88,2.22331102425233,-7.74860382080078E-03
1,6.89,2.22664432413876,-5.36441802978516E-03
1,6.9,2.2299776240252,-4.17232513427734E-03
1,6.91,2.23331092391163,-6.55651092529297E-03
1,6.92,2.23664422379807,-5.96046447753906E-03
1,6.93,2.2399775236845,-7.74860382080078E-03
1,6.94,2.24331082357094,-1.13248825073242E-02
1,6.95,2.24664412345737,-1.13248825073242E-02
1,6.96,2.24997742334381,-1.01327896118164E-02
1,6.97,2.25331072323024,-1.01327896118164E-02
1,6.98,2.25664402311668,-1.01327896118164E-02
1,6.99,2.25997732300311,-7.74860382080078E-03
1,7,2.26331062288955,-1.13248825073242E-02
1,7.01,2.26664392277598,-8.94069671630859E-03
1,7.02,2.26997722266242,-1.07288360595703E-02
1,7.03,2.27331052254885,-8.34465026855469E-03
1,7.04,2.27664382243529,-8.34465026855469E-03
1,7.05,2.27997712232172,-8.94069671630859E-03
1,7.06,2.28331042220816,-1.07288360595703E-02
1,7.07,2.2866437220946,-1.01327896118164E-02
1,7.08,2.28997702198103,-1.13248825073242E-02
1,7.09,2.29331032186747,-1.37090682983398E-02
1,7.1,2.2966436217539,-1.66893005371094E-02
1,7.11,2.29997692164034,-1.96695327758789E-02
1,7.12,2.30331022152677,-2.02655792236328E-02
1,7.13,2.30664352141321,-2.08616256713867E-02
1,7.14,2.30997682129964,-2.08616256713867E-02
1,7.15,2.31331012118608,-1.72853469848633E-02
1,7.16,2.31664342107251,-1.43051147460938E-02
1,7.17,2.31997672095895,-1.43051147460938E-02
1,7.18,2.32331002084538,-1.66893005371094E-02
1,7.19,2.32664332073182,-1.60932540893555E-02
1,7.2,2.32997662061825,-1.31130218505859E-02
1,7.21,2.33330992050469,-1.37090682983398E-02
1,7.22,2.33664322039112,-1.19209289550781E-02
1,7.23,2.33997652027756,-1.01327896118164E-02
1,7.24,2.343309820164,-8.94069671630859E-03
1,7.25,2.34664312005043,-8.34465026855469E-03
1,7.26,2.34997641993687,-8.34465026855469E-03
1,7.27,2.3533097198233,-7.15255737304688E-03
1,7.28,2.35664301970974,-5.96046447753906E-03
1,7.29,2.35997631959617,-5.36441802978516E-03
1,7.3,2.36330961948261,-7.15255737304688E-03
1,7.31,2.36664291936904,-1.07288360595703E-02
1,7.32,2.36997621925548,-1.01327896118164E-02
1,7.33,2.37330951914191,-1.43051147460938E-02
1,7.34,2.37664281902835,-1.60932540893555E-02
1,7.35,2.37997611891478,-1.72853469848633E-02
1,7.36,2.38330941880122,-1.84774398803711E-02
1,7.37,2.38664271868765,-2.08616256713867E-02
1,7.38,2.38997601857409,-2.02655792236328E-02
1,7.39,2.39330931846052,-1.78813934326172E-02
1,7.4,2.39664261834696,-1.66893005371094E-02
1,7.41,2.39997591823339,-1.84774398803711E-02
1,7.42,2.40330921811983,-1.43051147460938E-02
1,7.43,2.40664251800627,-1.43051147460938E-02
1,7.44,2.4099758178927,-1.31130218505859E-02
1,7.45,2.41330911777914,-1.49011611938477E-02
1,7.46,2.41664241766557,-1.43051147460938E-02
1,7.47,2.41997571755201,-0.012516975402832
1,7.48,2.42330901743844,-1.07288360595703E-02
1,7.49,2.42664231732488,-1.13248825073242E-02
1,7.5,2.42997561721131,-1.37090682983398E-02
1,7.51,2.43330891709775,-1.66893005371094E-02
1,7.52,2.43664221698418,-1.54972076416016E-02
1,7.53,2.43997551687062,-1.49011611938477E-02
1,7.54,2.44330881675705,-1.54972076416016E-02
1,7.55,2.44664211664349,-2.02655792236328E-02
1,7.56,2.44997541652992,-1.72853469848633E-02
1,7.57,2.45330871641636,-1.84774398803711E-02
1,7.58,2.45664201630279,-1.66893005371094E-02
1,7.59,2.45997531618923,-2.02655792236328E-02
1,7.6,2.46330861607566,-2.02655792236328E-02
1,7.61,2.4666419159621,-2.14576721191406E-02
1,7.62,2.46997521584854,-2.20537185668945E-02
1,7.63,2.47330851573497,-2.20537185668945E-02
1,7.64,2.47664181562141,-1.72853469848633E-02
1,7.65,2.47997511550784,-2.20537185668945E-02
1,7.66,2.48330841539428,-2.44379043579102E-02
1,7.67,2.48664171528071,-2.26497650146484E-02
1,7.68,2.48997501516715,-2.44379043579102E-02
1,7.69,2.49330831505358,-2.20537185668945E-02
1,7.7,2.49664161494002,-2.62260437011719E-02
1,7.71,2.49997491482645,-2.02655792236328E-02
1,7.72,2.50330821471289,-2.44379043579102E-02
1,7.73,2.50664151459932,-2.26497650146484E-02
1,7.74,2.50997481448576,-1.72853469848633E-02
1,7.75,2.51330811437219,-0.019073486328125
1,7.76,2.51664141425863,-1.54972076416016E-02
1,7.77,2.51997471414506,-1.49011611938477E-02
1,7.78,2.5233080140315,-1.60932540893555E-02
1,7.79,2.52664131391793,-8.34465026855469E-03
1,7.8,2.52997461380437,-7.15255737304688E-03
1,7.81,2.53330791369081,-4.17232513427734E-03
1,7.82,2.53664121357724,5.96046447753906E-04
1,7.83,2.53997451346368,-1.19209289550781E-03
1,7.84,2.54330781335011,-5.96046447753906E-04
1,7.85,2.54664111323655,-5.96046447753906E-03
1,7.86,2.54997441312298,-1.19209289550781E-03
1,7.87,2.55330771300942,-1.19209289550781E-03
1,7.88,2.55664101289585,0
1,7.89,2.55997431278229,1.78813934326172E-03
1,7.9,2.56330761266872,-5.96046447753906E-04
1,7.91,2.56664091255516,0
1,7.92,2.56997421244159,-5.96046447753906E-04
1,7.93,2.57330751232803,-2.38418579101563E-03
1,7.94,2.57664081221446,-2.98023223876953E-03
1,7.95,2.5799741121009,-7.15255737304688E-03
1,7.96,2.58330741198733,-8.34465026855469E-03
1,7.97,2.58664071187377,-6.55651092529297E-03
1,7.98,2.58997401176021,-6.55651092529297E-03
1,7.99,2.59330731164664,-7.15255737304688E-03
1,8,2.59664061153308,-5.36441802978516E-03
1,8.01,2.59997391141951,-4.76837158203125E-03
1,8.02,2.60330721130595,-4.17232513427734E-03
1,8.03,2.60664051119238,5.96046447753906E-04
1,8.04,2.60997381107882,3.57627868652344E-03
1,8.05,2.61330711096525,5.36441802978516E-03
1,8.06,2.61664041085169,8.94069671630859E-03
1,8.07,2.61997371073812,1.19209289550781E-02
1,8.08,2.62330701062456,9.5367431640625E-03
1,8.09,2.62664031051099,8.34465026855469E-03
1,8.1,2.62997361039743,3.57627868652344E-03
1,8.11,2.63330691028386,4.17232513427734E-03
1,8.12,2.6366402101703,3.57627868652344E-03
1,8.13,2.63997351005673,4.17232513427734E-03
1,8.14,2.64330680994317,3.57627868652344E-03
1,8.15,2.6466401098296,-1.78813934326172E-03
1,8.16,2.64997340971604,1.19209289550781E-03
1,8.17,2.65330670960248,0
1,8.18,2.65664000948891,5.96046447753906E-04
1,8.19,2.65997330937535,1.19209289550781E-03
1,8.2,2.66330660926178,0
1,8.21,2.66663990914822,0
1,8.22,2.66997320903465,2.98023223876953E-03
1,8.23,2.67330650892109,4.76837158203125E-03
1,8.24,2.67663980880752,4.17232513427734E-03
1,8.25,2.67997310869396,3.57627868652344E-03
1,8.26,2.68330640858039,0
1,8.27,2.68663970846683,-1.19209289550781E-03
1,8.28,2.68997300835326,-1.78813934326172E-03
1,8.29,2.6933063082397,-2.38418579101563E-03
1,8.3,2.69663960812613,-4.17232513427734E-03
1,8.31,2.69997290801257,-5.96046447753906E-03
1,8.32,2.703306207899,-6.55651092529297E-03
1,8.33,2.70663950778544,-1.01327896118164E-02
1,8.34,2.70997280767187,-1.54972076416016E-02
1,8.35,2.71330610755831,-1.49011611938477E-02
1,8.36,2.71663940744475,-1.54972076416016E-02
1,8.37,2.71997270733118,-0.019073486328125
1,8.38,2.72330600721762,-2.02655792236328E-02
1,8.39,2.72663930710405,-2.08616256713867E-02
1,8.4,2.72997260699049,-2.02655792236328E-02
1,8.41,2.73330590687692,-2.08616256713867E-02
1,8.42,2.73663920676336,-1.84774398803711E-02
1,8.43,2.73997250664979,-1.84774398803711E-02
1,8.44,2.74330580653623,-1.78813934326172E-02
1,8.45,2.74663910642266,-2.14576721191406E-02
1,8.46,2.7499724063091,-2.08616256713867E-02
1,8.47,2.75330570619553,-0.019073486328125
1,8.48,2.75663900608197,-1.49011611938477E-02
1,8.49,2.7599723059684,-1.31130218505859E-02
1,8.5,2.76330560585484,-8.94069671630859E-03
1,8.51,2.76663890574127,-1.13248825073242E-02
1,8.52,2.76997220562771,-0.012516975402832
1,8.53,2.77330550551414,-9.5367431640625E-03
1,8.54,2.77663880540058,-1.01327896118164E-02
1,8.55,2.77997210528702,-1.01327896118164E-02
1,8.56,2.78330540517345,-1.49011611938477E-02
1,8.57,2.78663870505989,-1.37090682983398E-02
1,8.58,2.78997200494632,-1.72853469848633E-02
1,8.59,2.79330530483276,-1.49011611938477E-02
1,8.6,2.79663860471919,-1.43051147460938E-02
1,8.61,2.79997190460563,-1.19209289550781E-02
1,8.62,2.80330520449206,-1.37090682983398E-02
1,8.63,2.8066385043785,-1.07288360595703E-02
1,8.64,2.80997180426493,-7.74860382080078E-03
1,8.65,2.81330510415137,-7.15255737304688E-03
1,8.66,2.8166384040378,-7.15255737304688E-03
1,8.67,2.81997170392424,-4.17232513427734E-03
1,8.68,2.82330500381067,-5.96046447753906E-03
1,8.69,2.82663830369711,-8.94069671630859E-03
1,8.7,2.82997160358354,-5.96046447753906E-03
1,8.71,2.83330490346998,-1.19209289550781E-03
1,8.72,2.83663820335642,-5.96046447753906E-04
1,8.73,2.83997150324285,1.19209289550781E-03
1,8.74,2.84330480312929,0
1,8.75,2.84663810301572,-5.36441802978516E-03
1,8.76,2.84997140290216,-3.57627868652344E-03
1,8.77,2.85330470278859,-6.55651092529297E-03
1,8.78,2.85663800267503,-7.74860382080078E-03
1,8.79,2.85997130256146,-9.5367431640625E-03
1,8.8,2.8633046024479,-1.19209289550781E-02
1,8.81,2.86663790233433,-1.54972076416016E-02
1,8.82,2.86997120222077,-1.13248825073242E-02
1,8.83,2.8733045021072,-7.15255737304688E-03
1,8.84,2.87663780199364,-9.5367431640625E-03
1,8.85,2.87997110188007,-7.15255737304688E-03
1,8.86,2.88330440176651,-1.01327896118164E-02
1,8.87,2.88663770165294,-0.012516975402832
1,8.88,2.88997100153938,-1.37090682983398E-02
1,8.89,2.89330430142581,-1.07288360595703E-02
1,8.9,2.89663760131225,-1.01327896118164E-02
1,8.91,2.89997090119869,-9.5367431640625E-03
1,8.92,2.90330420108512,-1.07288360595703E-02
1,8.93,2.90663750097156,-1.31130218505859E-02
1,8.94,2.90997080085799,-0.012516975402832
1,8.95,2.91330410074443,-1.31130218505859E-02
1,8.96,2.91663740063086,-9.5367431640625E-03
1,8.97,2.9199707005173,-7.74860382080078E-03
1,8.98,2.92330400040373,-1.13248825073242E-02
1,8.99,2.92663730029017,-0.012516975402832
1,9,2.9299706001766,-1.01327896118164E-02
1,9.01,2.93330390006304,-8.94069671630859E-03
1,9.02,2.93663719994947,-7.74860382080078E-03
1,9.03,2.93997049983591,-3.57627868652344E-03
1,9.04,2.94330379972234,-2.98023223876953E-03
1,9.05,2.94663709960878,-5.36441802978516E-03
1,9.06,2.94997039949521,-5.96046447753906E-03
1,9.07,2.95330369938165,-1.78813934326172E-03
1,9.08,2.95663699926808,-4.17232513427734E-03
1,9.09,2.95997029915452,-7.74860382080078E-03
1,9.1,2.96330359904096,-6.55651092529297E-03
1,9.11,2.96663689892739,-9.5367431640625E-03
1,9.12,2.96997019881383,-7.15255737304688E-03
1,9.13,2.97330349870026,-6.55651092529297E-03
1,9.14,2.9766367985867,-6.55651092529297E-03
1,9.15,2.97997009847313,-7.74860382080078E-03
1,9.16,2.98330339835957,-9.5367431640625E-03
1,9.17,2.986636698246,-1.37090682983398E-02
1,9.18,2.98996999813244,-1.01327896118164E-02
1,9.19,2.99330329801887,-1.01327896118164E-02
1,9.2,2.99663659790531,-1.19209289550781E-02
1,9.21,2.99996989779174,-1.49011611938477E-02
1,9.22,3.00330319767818,-1.54972076416016E-02
1,9.23,3.00663649756461,-2.02655792236328E-02
1,9.24,3.00996979745105,-2.02655792236328E-02
1,9.25,3.01330309733748,-1.78813934326172E-02
1,9.26,3.01663639722392,-1.54972076416016E-02
1,9.27,3.01996969711035,-0.019073486328125
1,9.28,3.02330299699679,-1.84774398803711E-02
1,9.29,3.02663629688323,-1.60932540893555E-02
1,9.3,3.02996959676966,-1.31130218505859E-02
1,9.31,3.0333028966561,-1.43051147460938E-02
1,9.32,3.03663619654253,-0.012516975402832
1,9.33,3.03996949642897,-1.13248825073242E-02
1,9.34,3.0433027963154,-1.31130218505859E-02
1,9.35,3.04663609620184,-1.19209289550781E-02
1,9.36,3.04996939608827,-1.31130218505859E-02
1,9.37,3.05330269597471,-1.07288360595703E-02
1,9.38,3.05663599586114,-1.19209289550781E-02
1,9.39,3.05996929574758,-8.34465026855469E-03
1,9.4,3.06330259563401,-8.34465026855469E-03
1,9.41,3.06663589552045,-8.94069671630859E-03
1,9.42,3.06996919540688,-9.5367431640625E-03
1,9.43,3.07330249529332,-1.43051147460938E-02
1,9.44,3.07663579517975,-1.60932540893555E-02
1,9.45,3.07996909506619,-1.96695327758789E-02
1,9.46,3.08330239495263,-2.02655792236328E-02
1,9.47,3.08663569483906,-0.025629997253418
1,9.48,3.0899689947255,-2.44379043579102E-02
1,9.49,3.09330229461193,-2.38418579101563E-02
1,9.5,3.09663559449837,-2.50339508056641E-02
1,9.51,3.0999688943848,-2.38418579101563E-02
1,9.52,3.10330219427124,-2.44379043579102E-02
1,9.53,3.10663549415767,-1.78813934326172E-02
1,9.54,3.10996879404411,-1.54972076416016E-02
1,9.55,3.11330209393054,-1.54972076416016E-02
1,9.56,3.11663539381698,-1.19209289550781E-02
1,9.57,3.11996869370341,-0.012516975402832
1,9.58,3.12330199358985,-1.54972076416016E-02
1,9.59,3.12663529347628,-0.012516975402832
1,9.6,3.12996859336272,-1.19209289550781E-02
1,9.61,3.13330189324915,-1.01327896118164E-02
1,9.62,3.13663519313559,-1.37090682983398E-02
1,9.63,3.13996849302202,-1.19209289550781E-02
1,9.64,3.14330179290846,-1.37090682983398E-02
1,9.65,3.1466350927949,-1.19209289550781E-02
1,9.66,3.14996839268133,-1.13248825073242E-02
1,9.67,3.15330169256777,-1.72853469848633E-02
1,9.68,3.1566349924542,-1.37090682983398E-02
1,9.69,3.15996829234064,-1.54972076416016E-02
1,9.7,3.16330159222707,-1.66893005371094E-02
1,9.71,3.16663489211351,-1.66893005371094E-02
1,9.72,3.16996819199994,-1.78813934326172E-02
1,9.73,3.17330149188638,-1.43051147460938E-02
1,9.74,3.17663479177281,-1.84774398803711E-02
1,9.75,3.17996809165925,-2.08616256713867E-02
1,9.76,3.18330139154568,-2.32458114624023E-02
1,9.77,3.18663469143212,-2.44379043579102E-02
1,9.78,3.18996799131855,-2.68220901489258E-02
1,9.79,3.19330129120499,-3.03983688354492E-02
1,9.8,3.19663459109142,-3.03983688354492E-02
1,9.81,3.19996789097786,-3.27825546264648E-02
1,9.82,3.20330119086429,-3.21865081787109E-02
1,9.83,3.20663449075073,-3.57627868652344E-02
1,9.84,3.20996779063717,-3.45706939697266E-02
1,9.85,3.2133010905236,-3.63588333129883E-02
1,9.86,3.21663439041004,-3.39746475219727E-02
1,9.87,3.21996769029647,-3.75509262084961E-02
1,9.88,3.22330099018291,-3.45706939697266E-02
1,9.89,3.22663429006934,-3.57627868652344E-02
1,9.9,3.22996758995578,-0.031590461730957
1,9.91,3.23330088984221,-3.21865081787109E-02
1,9.92,3.23663418972865,-3.39746475219727E-02
1,9.93,3.23996748961508,-3.21865081787109E-02
1,9.94,3.24330078950152,-3.69548797607422E-02
1,9.95,3.24663408938795,-3.69548797607422E-02
1,9.96,3.24996738927439,-3.27825546264648E-02
1,9.97,3.25330068916082,-3.27825546264648E-02
1,9.98,3.25663398904726,-2.92062759399414E-02
1,9.99,3.25996728893369,-2.50339508056641E-02
1,10,3.26330058882013,-2.86102294921875E-02
1,10.01,3.26663388870656,-0.025629997253418
1,10.02,3.269967188593,-2.50339508056641E-02
1,10.03,3.27330048847944,-2.32458114624023E-02
1,10.04,3.27663378836587,-2.26497650146484E-02
1,10.05,3.27996708825231,-1.96695327758789E-02
1,10.06,3.28330038813874,-2.86102294921875E-02
1,10.07,3.28663368802518,-3.03983688354492E-02
1,10.08,3.28996698791161,-2.50339508056641E-02
1,10.09,3.29330028779805,-2.62260437011719E-02
1,10.1,3.29663358768448,-2.26497650146484E-02
1,10.11,3.29996688757092,-2.26497650146484E-02
1,10.12,3.30330018745735,-2.68220901489258E-02
1,10.13,3.30663348734379,-2.62260437011719E-02
1,10.14,3.30996678723022,-2.74181365966797E-02
1,10.15,3.31330008711666,-2.38418579101563E-02
1,10.16,3.31663338700309,-2.50339508056641E-02
1,10.17,3.31996668688953,-2.32458114624023E-02
1,10.18,3.32329998677596,-2.38418579101563E-02
1,10.19,3.3266332866624,-2.26497650146484E-02
1,10.2,3.32996658654884,-2.38418579101563E-02
1,10.21,3.33329988643527,-2.38418579101563E-02
1,10.22,3.33663318632171,-2.74181365966797E-02
1,10.23,3.33996648620814,-3.03983688354492E-02
1,10.24,3.34329978609458,-3.33786010742188E-02
1,10.25,3.34663308598101,-3.21865081787109E-02
1,10.26,3.34996638586745,-3.63588333129883E-02
1,10.27,3.35329968575388,-3.69548797607422E-02
1,10.28,3.35663298564032,-3.45706939697266E-02
1,10.29,3.35996628552675,-3.69548797607422E-02
1,10.3,3.36329958541319,-3.75509262084961E-02
1,10.31,3.36663288529962,-3.99351119995117E-02
1,10.32,3.36996618518606,-3.69548797607422E-02
1,10.33,3.37329948507249,-3.69548797607422E-02
1,10.34,3.37663278495893,-3.21865081787109E-02
1,10.35,3.37996608484536,-3.33786010742188E-02
1,10.36,3.3832993847318,-3.51667404174805E-02
1,10.37,3.38663268461823,-3.27825546264648E-02
1,10.38,3.38996598450467,-3.51667404174805E-02
1,10.39,3.39329928439111,-3.45706939697266E-02
1,10.4,3.39663258427754,-2.98023223876953E-02
1,10.41,3.39996588416398,-3.21865081787109E-02
1,10.42,3.40329918405041,-3.33786010742188E-02
1,10.43,3.40663248393685,-3.09944152832031E-02
1,10.44,3.40996578382328,-3.09944152832031E-02
1,10.45,3.41329908370972,-2.74181365966797E-02
1,10.46,3.41663238359615,-0.025629997253418
1,10.47,3.41996568348259,-2.50339508056641E-02
1,10.48,3.42329898336902,-2.68220901489258E-02
1,10.49,3.42663228325546,-2.92062759399414E-02
1,10.5,3.42996558314189,-2.98023223876953E-02
1,10.51,3.43329888302833,-2.68220901489258E-02
1,10.52,3.43663218291476,-2.62260437011719E-02
1,10.53,3.4399654828012,-2.50339508056641E-02
1,10.54,3.44329878268763,-0.031590461730957
1,10.55,3.44663208257407,-3.09944152832031E-02
1,10.56,3.4499653824605,-0.031590461730957
1,10.57,3.45329868234694,-0.031590461730957
1,10.58,3.45663198223338,-3.33786010742188E-02
1,10.59,3.45996528211981,-0.031590461730957
1,10.6,3.46329858200625,-2.92062759399414E-02
1,10.61,3.46663188189268,-0.031590461730957
1,10.62,3.46996518177912,-2.50339508056641E-02
1,10.63,3.47329848166555,-2.68220901489258E-02
1,10.64,3.47663178155199,-2.62260437011719E-02
1,10.65,3.47996508143842,-2.86102294921875E-02
1,10.66,3.48329838132486,-2.80141830444336E-02
1,10.67,3.48663168121129,-2.74181365966797E-02
1,10.68,3.48996498109773,-2.32458114624023E-02
1,10.69,3.49329828098416,-2.20537185668945E-02
1,10.7,3.4966315808706,-1.96695327758789E-02
1,10.71,3.49996488075703,-1.72853469848633E-02
1,10.72,3.50329818064347,-1.96695327758789E-02
1,10.73,3.5066314805299,-1.96695327758789E-02
1,10.74,3.50996478041634,-2.26497650146484E-02
1,10.75,3.51329808030277,-2.20537185668945E-02
1,10.76,3.51663138018921,-1.72853469848633E-02
1,10.77,3.51996468007565,-1.84774398803711E-02
1,10.78,3.52329797996208,-2.26497650146484E-02
1,10.79,3.52663127984852,-2.32458114624023E-02
1,10.8,3.52996457973495,-2.74181365966797E-02
1,10.81,3.53329787962139,-0.025629997253418
1,10.82,3.53663117950782,-2.98023223876953E-02
1,10.83,3.53996447939426,-2.80141830444336E-02
1,10.84,3.54329777928069,-3.27825546264648E-02
1,10.85,3.54663107916713,-3.69548797607422E-02
1,10.86,3.54996437905356,-3.75509262084961E-02
1,10.87,3.55329767894,-3.75509262084961E-02
1,10.88,3.55663097882643,-4.17232513427734E-02
1,10.89,3.55996427871287,-3.69548797607422E-02
1,10.9,3.5632975785993,-3.33786010742188E-02
1,10.91,3.56663087848574,-3.87430191040039E-02
1,10.92,3.56996417837217,-3.57627868652344E-02
1,10.93,3.57329747825861,-3.63588333129883E-02
1,10.94,3.57663077814505,-3.33786010742188E-02
1,10.95,3.57996407803148,-0.031590461730957
1,10.96,3.58329737791792,-0.031590461730957
1,10.97,3.58663067780435,-3.39746475219727E-02
1,10.98,3.58996397769079,-3.27825546264648E-02
1,10.99,3.59329727757722,-3.21865081787109E-02
1,11,3.59663057746366,-2.86102294921875E-02
1,11.01,3.59996387735009,-2.92062759399414E-02
1,11.02,3.60329717723653,-3.39746475219727E-02
1,11.03,3.60663047712296,-3.27825546264648E-02
1,11.04,3.6099637770094,-3.33786010742188E-02
1,11.05,3.61329707689583,-3.39746475219727E-02
1,11.06,3.61663037678227,-3.33786010742188E-02
1,11.07,3.6199636766687,-3.63588333129883E-02
1,11.08,3.62329697655514,-4.17232513427734E-02
1,11.09,3.62663027644157,-4.41074371337891E-02
1,11.1,3.62996357632801,-4.58955764770508E-02
1,11.11,3.63329687621445,-0.044703483581543
1,11.12,3.63663017610088,-4.35113906860352E-02
1,11.13,3.63996347598732,-4.29153442382813E-02
1,11.14,3.64329677587375,-4.29153442382813E-02
1,11.15,3.64663007576019,-3.99351119995117E-02
1,11.16,3.64996337564662,-4.11272048950195E-02
1,11.17,3.65329667553306,-4.11272048950195E-02
1,11.18,3.65662997541949,-4.11272048950195E-02
1,11.19,3.65996327530593,-0.044703483581543
1,11.2,3.66329657519236,-4.41074371337891E-02
1,11.21,3.6666298750788,-4.58955764770508E-02
1,11.22,3.66996317496523,-4.58955764770508E-02
1,11.23,3.67329647485167,-4.52995300292969E-02
1,11.24,3.6766297747381,-4.88758087158203E-02
1,11.25,3.67996307462454,-4.58955764770508E-02
1,11.26,3.68329637451097,-4.70876693725586E-02
1,11.27,3.68662967439741,-4.52995300292969E-02
1,11.28,3.68996297428384,-4.52995300292969E-02
1,11.29,3.69329627417028,-0.044703483581543
1,11.3,3.69662957405671,-4.23192977905273E-02
1,11.31,3.69996287394315,-4.29153442382813E-02
1,11.32,3.70329617382959,-4.23192977905273E-02
1,11.33,3.70662947371602,-4.41074371337891E-02
1,11.34,3.70996277360246,-4.23192977905273E-02
1,11.35,3.71329607348889,-0.044703483581543
1,11.36,3.71662937337533,-3.99351119995117E-02
1,11.37,3.71996267326176,-3.99351119995117E-02
1,11.38,3.7232959731482,-4.29153442382813E-02
1,11.39,3.72662927303463,-3.93390655517578E-02
1,11.4,3.72996257292107,-3.87430191040039E-02
1,11.41,3.7332958728075,-3.87430191040039E-02
1,11.42,3.73662917269394,-3.69548797607422E-02
1,11.43,3.73996247258037,-3.93390655517578E-02
1,11.44,3.74329577246681,-4.05311584472656E-02
1,11.45,3.74662907235324,-3.51667404174805E-02
1,11.46,3.74996237223968,-3.69548797607422E-02
1,11.47,3.75329567212611,-0.031590461730957
1,11.48,3.75662897201255,-3.09944152832031E-02
1,11.49,3.75996227189898,-3.33786010742188E-02
1,11.5,3.76329557178542,-3.57627868652344E-02
1,11.51,3.76662887167186,-3.63588333129883E-02
1,11.52,3.76996217155829,-3.87430191040039E-02
1,11.53,3.77329547144473,-4.23192977905273E-02
1,11.54,3.77662877133116,-4.17232513427734E-02
1,11.55,3.7799620712176,-4.23192977905273E-02
1,11.56,3.78329537110403,-4.41074371337891E-02
1,11.57,3.78662867099047,-4.41074371337891E-02
1,11.58,3.7899619708769,-4.58955764770508E-02
1,11.59,3.79329527076334,-4.82797622680664E-02
1,11.6,3.79662857064977,-4.35113906860352E-02
1,11.61,3.79996187053621,-4.70876693725586E-02
1,11.62,3.80329517042264,-4.41074371337891E-02
1,11.63,3.80662847030908,-4.52995300292969E-02
1,11.64,3.80996177019551,-4.23192977905273E-02
1,11.65,3.81329507008195,-4.35113906860352E-02
1,11.66,3.81662836996838,-3.93390655517578E-02
1,11.67,3.81996166985482,-4.05311584472656E-02
1,11.68,3.82329496974126,-4.11272048950195E-02
1,11.69,3.82662826962769,-4.41074371337891E-02
1,11.7,3.82996156951413,-4.11272048950195E-02
1,11.71,3.83329486940056,-3.93390655517578E-02
1,11.72,3.836628169287,-3.75509262084961E-02
1,11.73,3.83996146917343,-0.03814697265625
1,11.74,3.84329476905987,-4.64916229248047E-02
1,11.75,3.8466280689463,-4.29153442382813E-02
1,11.76,3.84996136883274,-4.52995300292969E-02
1,11.77,3.85329466871917,-4.41074371337891E-02
1,11.78,3.85662796860561,-3.93390655517578E-02
1,11.79,3.85996126849204,-4.23192977905273E-02
1,11.8,3.86329456837848,-4.17232513427734E-02
1,11.81,3.86662786826491,-4.17232513427734E-02
1,11.82,3.86996116815135,-3.99351119995117E-02
1,11.83,3.87329446803778,-3.87430191040039E-02
1,11.84,3.87662776792422,-4.17232513427734E-02
1,11.85,3.87996106781066,-4.29153442382813E-02
1,11.86,3.88329436769709,-0.044703483581543
1,11.87,3.88662766758353,-4.35113906860352E-02
1,11.88,3.88996096746996,-4.05311584472656E-02
1,11.89,3.8932942673564,-3.57627868652344E-02
1,11.9,3.89662756724283,-3.33786010742188E-02
1,11.91,3.89996086712927,-3.51667404174805E-02
1,11.92,3.9032941670157,-3.69548797607422E-02
1,11.93,3.90662746690214,-3.75509262084961E-02
1,11.94,3.90996076678857,-4.11272048950195E-02
1,11.95,3.91329406667501,-4.23192977905273E-02
1,11.96,3.91996066644788,-4.11272048950195E-02
1,11.97,3.92329396633431,-4.29153442382813E-02
1,11.99,3.92662726622075,-4.23192977905273E-02
1,12,3.92996056610718,-3.87430191040039E-02
1,12.01,3.93329386599362,-4.11272048950195E-02
1,12.02,3.93996046576649,-3.45706939697266E-02
1,12.03,3.94329376565293,-3.45706939697266E-02
1,12.05,3.94662706553936,-3.69548797607422E-02
1,12.06,3.95329366531223,-0.031590461730957
1,12.07,3.95662696519867,-3.09944152832031E-02
1,12.08,3.9599602650851,-0.031590461730957
1,12.09,3.96329356497154,-3.39746475219727E-02
1,12.11,3.96662686485797,-3.27825546264648E-02
1,12.12,3.97329346463084,-3.51667404174805E-02
1,12.13,3.97662676451728,-3.75509262084961E-02
1,12.15,3.98329336429015,-3.51667404174805E-02
1,12.16,3.98662666417658,-3.69548797607422E-02
1,12.17,3.98995996406302,-3.69548797607422E-02
1,12.18,3.99329326394945,-3.33786010742188E-02
1,12.19,3.99662656383589,-3.33786010742188E-02
1,12.2,3.99995986372232,-2.98023223876953E-02
1,12.21,4.00329316360876,-2.92062759399414E-02
1,12.22,4.0066264634952,-2.68220901489258E-02
1,12.23,4.00995976338163,-2.74181365966797E-02
1,12.24,4.01329306326807,-0.025629997253418
1,12.25,4.0166263631545,-2.62260437011719E-02
1,12.26,4.01995966304094,-2.38418579101563E-02
1,12.27,4.02329296292737,-2.92062759399414E-02
1,12.28,4.02662626281381,-2.86102294921875E-02
1,12.29,4.02995956270024,-2.74181365966797E-02
1,12.3,4.03329286258668,-2.68220901489258E-02
1,12.31,4.03662616247311,-2.62260437011719E-02
1,12.32,4.03995946235955,-2.92062759399414E-02
1,12.33,4.04329276224598,-2.62260437011719E-02
1,12.34,4.04662606213242,-2.62260437011719E-02
1,12.35,4.04995936201885,-2.62260437011719E-02
1,12.36,4.05329266190529,-2.74181365966797E-02
1,12.37,4.05662596179172,-2.74181365966797E-02
1,12.38,4.05995926167816,-2.38418579101563E-02
1,12.39,4.06329256156459,-2.50339508056641E-02
1,12.4,4.06662586145103,-2.38418579101563E-02
1,12.41,4.06995916133747,-1.84774398803711E-02
1,12.42,4.0732924612239,-1.72853469848633E-02
1,12.43,4.07662576111034,-1.07288360595703E-02
1,12.44,4.07995906099677,-9.5367431640625E-03
1,12.45,4.08329236088321,-1.31130218505859E-02
1,12.46,4.08662566076964,-1.37090682983398E-02
1,12.47,4.08995896065608,-1.07288360595703E-02
1,12.48,4.09329226054251,-6.55651092529297E-03
1,12.49,4.09662556042895,-8.94069671630859E-03
1,12.5,4.09995886031538,-7.15255737304688E-03
1,12.51,4.10329216020182,-9.5367431640625E-03
1,12.52,4.10662546008825,-1.19209289550781E-02
1,12.53,4.10995875997469,-8.94069671630859E-03
1,12.54,4.11329205986112,-1.13248825073242E-02
1,12.55,4.11662535974756,-1.19209289550781E-02
1,12.56,4.11995865963399,-1.31130218505859E-02
1,12.57,4.12329195952043,-0.019073486328125
1,12.58,4.12662525940686,-2.20537185668945E-02
1,12.59,4.1299585592933,-2.50339508056641E-02
1,12.6,4.13329185917974,-2.80141830444336E-02
1,12.61,4.13662515906617,-2.62260437011719E-02
1,12.62,4.13995845895261,-2.68220901489258E-02
1,12.63,4.14329175883904,-3.21865081787109E-02
1,12.64,4.14662505872548,-3.27825546264648E-02
1,12.65,4.14995835861191,-2.98023223876953E-02
1,12.66,4.15329165849835,-3.27825546264648E-02
1,12.67,4.15662495838478,-2.86102294921875E-02
1,12.68,4.15995825827122,-3.03983688354492E-02
1,12.69,4.16329155815765,-2.86102294921875E-02
1,12.7,4.16662485804409,-2.68220901489258E-02
1,12.71,4.16995815793052,-2.86102294921875E-02
1,12.72,4.17329145781696,-2.50339508056641E-02
1,12.73,4.17662475770339,-2.92062759399414E-02
1,12.74,4.17995805758983,-2.98023223876953E-02
1,12.75,4.18329135747626,-2.62260437011719E-02
1,12.76,4.1866246573627,-2.68220901489258E-02
1,12.77,4.18995795724913,-2.44379043579102E-02
1,12.78,4.19329125713557,-2.32458114624023E-02
1,12.79,4.19662455702201,-2.20537185668945E-02
1,12.8,4.19995785690844,-2.02655792236328E-02
1,12.81,4.20329115679488,-2.02655792236328E-02
1,12.82,4.20662445668131,-0.019073486328125
1,12.83,4.20995775656775,-2.20537185668945E-02
1,12.84,4.21329105645418,-2.20537185668945E-02
1,12.85,4.21662435634062,-2.44379043579102E-02
1,12.86,4.21995765622705,-2.26497650146484E-02
1,12.87,4.22329095611349,-2.62260437011719E-02
1,12.88,4.22662425599992,-2.92062759399414E-02
1,12.89,4.22995755588636,-2.80141830444336E-02
1,12.9,4.23329085577279,-2.62260437011719E-02
1,12.91,4.23662415565923,-2.68220901489258E-02
1,12.92,4.23995745554566,-2.44379043579102E-02
1,12.93,4.2432907554321,-2.50339508056641E-02
1,12.94,4.24662405531853,-2.32458114624023E-02
1,12.95,4.24995735520497,-0.025629997253418
1,12.96,4.25329065509141,-2.38418579101563E-02
1,12.97,4.25662395497784,-1.96695327758789E-02
1,12.98,4.25995725486428,-2.02655792236328E-02
1,12.99,4.26329055475071,-2.02655792236328E-02
1,13,4.26662385463715,-0.019073486328125
1,13.01,4.26995715452358,-2.08616256713867E-02
1,13.02,4.27329045441002,-1.78813934326172E-02
1,13.03,4.27662375429645,-1.54972076416016E-02
1,13.04,4.27995705418289,-1.84774398803711E-02
1,13.05,4.28329035406932,-1.96695327758789E-02
1,13.06,4.28662365395576,-1.96695327758789E-02
1,13.07,4.28995695384219,-1.96695327758789E-02
1,13.08,4.29329025372863,-1.78813934326172E-02
1,13.09,4.29662355361506,-2.08616256713867E-02
1,13.1,4.2999568535015,-2.08616256713867E-02
1,13.11,4.30329015338793,-2.08616256713867E-02
1,13.12,4.30662345327437,-0.025629997253418
1,13.13,4.3099567531608,-2.68220901489258E-02
1,13.14,4.31329005304724,-2.86102294921875E-02
1,13.15,4.31662335293368,-0.025629997253418
1,13.16,4.31995665282011,-2.68220901489258E-02
1,13.17,4.32328995270655,-2.92062759399414E-02
1,13.18,4.32662325259298,-2.80141830444336E-02
1,13.19,4.32995655247942,-2.86102294921875E-02
1,13.2,4.33328985236585,-2.62260437011719E-02
1,13.21,4.33662315225229,-0.025629997253418
1,13.22,4.33995645213872,-2.14576721191406E-02
1,13.23,4.34328975202516,-2.50339508056641E-02
1,13.24,4.34662305191159,-2.20537185668945E-02
1,13.25,4.34995635179803,-2.68220901489258E-02
1,13.26,4.35328965168446,-2.50339508056641E-02
1,13.27,4.3566229515709,-2.38418579101563E-02
1,13.28,4.35995625145733,-2.86102294921875E-02
1,13.29,4.36328955134377,-2.98023223876953E-02
1,13.3,4.3666228512302,-2.98023223876953E-02
1,13.31,4.36995615111664,-3.09944152832031E-02
1,13.32,4.37328945100307,-2.98023223876953E-02
1,13.33,4.37662275088951,-2.74181365966797E-02
1,13.34,4.37995605077595,-2.92062759399414E-02
1,13.35,4.38328935066238,-2.62260437011719E-02
1,13.36,4.38662265054882,-2.80141830444336E-02
1,13.37,4.38995595043525,-2.92062759399414E-02
1,13.38,4.39328925032169,-3.09944152832031E-02
1,13.39,4.39662255020812,-3.09944152832031E-02
1,13.4,4.39995585009456,-0.031590461730957
1,13.41,4.40328914998099,-0.031590461730957
1,13.42,4.40662244986743,-3.39746475219727E-02
1,13.43,4.40995574975386,-3.21865081787109E-02
1,13.44,4.4132890496403,-3.09944152832031E-02
1,13.45,4.41662234952673,-2.68220901489258E-02
1,13.46,4.41995564941317,-2.50339508056641E-02
1,13.47,4.4232889492996,-2.44379043579102E-02
1,13.48,4.42662224918604,-2.44379043579102E-02
1,13.49,4.42995554907247,-2.74181365966797E-02
1,13.5,4.43328884895891,-0.025629997253418
1,13.51,4.43662214884534,-2.20537185668945E-02
1,13.52,4.43995544873178,-2.08616256713867E-02
1,13.53,4.44328874861822,-2.02655792236328E-02
1,13.54,4.44662204850465,-2.08616256713867E-02
1,13.55,4.44995534839109,-2.14576721191406E-02
1,13.56,4.45328864827752,-1.54972076416016E-02
1,13.57,4.45662194816396,-1.37090682983398E-02
1,13.58,4.45995524805039,-1.07288360595703E-02
1,13.59,4.46328854793683,-1.13248825073242E-02
1,13.6,4.46662184782326,-1.43051147460938E-02
1,13.61,4.4699551477097,-1.43051147460938E-02
1,13.62,4.47328844759613,-0.019073486328125
1,13.63,4.47662174748257,-1.72853469848633E-02
1,13.64,4.479955047369,-2.26497650146484E-02
1,13.65,4.48328834725544,-2.50339508056641E-02
1,13.66,4.48662164714187,-2.62260437011719E-02
1,13.67,4.48995494702831,-2.44379043579102E-02
1,13.68,4.49328824691474,-2.74181365966797E-02
1,13.69,4.49662154680118,-2.74181365966797E-02
1,13.7,4.49995484668762,-2.50339508056641E-02
1,13.71,4.50328814657405,-2.92062759399414E-02
1,13.72,4.50662144646049,-2.68220901489258E-02
1,13.73,4.50995474634692,-2.68220901489258E-02
1,13.74,4.51328804623336,-2.32458114624023E-02
1,13.75,4.51662134611979,-2.26497650146484E-02
1,13.76,4.51995464600623,-2.14576721191406E-02
1,13.77,4.52328794589266,-2.68220901489258E-02
1,13.78,4.5266212457791,-2.62260437011719E-02
1,13.79,4.52995454566553,-2.92062759399414E-02
1,13.8,4.53328784555197,-2.86102294921875E-02
1,13.81,4.5366211454384,-2.80141830444336E-02
1,13.82,4.53995444532484,-3.21865081787109E-02
1,13.83,4.54328774521127,-3.33786010742188E-02
1,13.84,4.54662104509771,-3.51667404174805E-02
1,13.85,4.54995434498414,-0.03814697265625
1,13.86,4.55328764487058,-3.87430191040039E-02
1,13.87,4.55662094475701,-3.45706939697266E-02
1,13.88,4.55995424464345,-3.63588333129883E-02
1,13.89,4.56328754452989,-3.51667404174805E-02
1,13.9,4.56662084441632,-3.57627868652344E-02
1,13.91,4.56995414430276,-3.39746475219727E-02
1,13.92,4.57328744418919,-3.45706939697266E-02
1,13.93,4.57662074407563,-3.27825546264648E-02
1,13.94,4.57995404396206,-2.92062759399414E-02
1,13.95,4.5832873438485,-3.21865081787109E-02
1,13.96,4.58662064373493,-3.21865081787109E-02
1,13.97,4.58995394362137,-3.21865081787109E-02
1,13.98,4.5932872435078,-3.33786010742188E-02
1,13.99,4.59662054339424,-2.92062759399414E-02
1,14,4.59995384328067,-2.92062759399414E-02
1,14.01,4.60328714316711,-3.03983688354492E-02
1,14.02,4.60662044305354,-2.86102294921875E-02
1,14.03,4.60995374293998,-3.03983688354492E-02
1,14.04,4.61328704282641,-2.92062759399414E-02
1,14.05,4.61662034271285,-2.92062759399414E-02
1,14.06,4.61995364259928,-2.68220901489258E-02
1,14.07,4.62328694248572,-0.025629997253418
1,14.08,4.62662024237216,-2.50339508056641E-02
1,14.09,4.62995354225859,-2.68220901489258E-02
1,14.1,4.63328684214503,-2.50339508056641E-02
1,14.11,4.63662014203146,-2.20537185668945E-02
1,14.12,4.6399534419179,-2.14576721191406E-02
1,14.13,4.64328674180433,-1.96695327758789E-02
1,14.14,4.64662004169077,-1.78813934326172E-02
1,14.15,4.6499533415772,-1.96695327758789E-02
1,14.16,4.65328664146364,-1.54972076416016E-02
1,14.17,4.65661994135007,-1.72853469848633E-02
1,14.18,4.65995324123651,-1.43051147460938E-02
1,14.19,4.66328654112294,-1.19209289550781E-02
1,14.2,4.66661984100938,-8.34465026855469E-03
1,14.21,4.66995314089581,-9.5367431640625E-03
1,14.22,4.67328644078225,-7.74860382080078E-03
1,14.23,4.67661974066868,-8.34465026855469E-03
1,14.24,4.67995304055512,-1.01327896118164E-02
1,14.25,4.68328634044155,-1.13248825073242E-02
1,14.26,4.68661964032799,-1.49011611938477E-02
1,14.27,4.68995294021443,-1.78813934326172E-02
1,14.28,4.69328624010086,-1.84774398803711E-02
1,14.29,4.6966195399873,-1.84774398803711E-02
1,14.3,4.69995283987373,-1.66893005371094E-02
1,14.31,4.70328613976017,-1.54972076416016E-02
1,14.32,4.7066194396466,-1.43051147460938E-02
1,14.33,4.70995273953304,-1.31130218505859E-02
1,14.34,4.71328603941947,-9.5367431640625E-03
1,14.35,4.71661933930591,-1.01327896118164E-02
1,14.36,4.71995263919234,-1.07288360595703E-02
1,14.37,4.72328593907878,-1.13248825073242E-02
1,14.38,4.72661923896521,-9.5367431640625E-03
1,14.39,4.72995253885165,-8.34465026855469E-03
1,14.4,4.73328583873808,-9.5367431640625E-03
1,14.41,4.73661913862452,-7.74860382080078E-03
1,14.42,4.73995243851095,-8.94069671630859E-03
1,14.43,4.74328573839739,-1.13248825073242E-02
1,14.44,4.74661903828383,-0.012516975402832
1,14.45,4.74995233817026,-1.13248825073242E-02
1,14.46,4.7532856380567,-1.31130218505859E-02
1,14.47,4.75661893794313,-1.54972076416016E-02
1,14.48,4.75995223782957,-1.78813934326172E-02
1,14.49,4.763285537716,-1.96695327758789E-02
1,14.5,4.76661883760244,-2.08616256713867E-02
1,14.51,4.76995213748887,-2.44379043579102E-02
1,14.52,4.77328543737531,-1.96695327758789E-02
1,14.53,4.77661873726174,-1.72853469848633E-02
1,14.54,4.77995203714818,-1.66893005371094E-02
1,14.55,4.78328533703461,-1.72853469848633E-02
1,14.56,4.78661863692105,-1.72853469848633E-02
1,14.57,4.78995193680748,-1.66893005371094E-02
1,14.58,4.79328523669392,-1.66893005371094E-02
1,14.59,4.79661853658035,-1.49011611938477E-02
1,14.6,4.79995183646679,-1.66893005371094E-02
1,14.61,4.80328513635322,-0.012516975402832
1,14.62,4.80661843623966,-1.96695327758789E-02
1,14.63,4.8099517361261,-1.96695327758789E-02
1,14.64,4.81328503601253,-2.08616256713867E-02
1,14.65,4.81661833589897,-2.14576721191406E-02
1,14.66,4.8199516357854,-2.44379043579102E-02
1,14.67,4.82328493567184,-0.025629997253418
1,14.68,4.82661823555827,-3.27825546264648E-02
1,14.69,4.82995153544471,-3.27825546264648E-02
1,14.7,4.83328483533114,-3.09944152832031E-02
1,14.71,4.83661813521758,-3.51667404174805E-02
1,14.72,4.83995143510401,-3.51667404174805E-02
1,14.73,4.84328473499045,-3.69548797607422E-02
1,14.74,4.84661803487688,-3.87430191040039E-02
1,14.75,4.84995133476332,-3.51667404174805E-02
1,14.76,4.85328463464975,-3.63588333129883E-02
1,14.77,4.85661793453619,-3.69548797607422E-02
1,14.78,4.85995123442262,-3.39746475219727E-02
1,14.79,4.86328453430906,-3.57627868652344E-02
1,14.8,4.86661783419549,-3.51667404174805E-02
1,14.81,4.86995113408193,-3.27825546264648E-02
1,14.82,4.87328443396837,-2.92062759399414E-02
1,14.83,4.8766177338548,-2.92062759399414E-02
1,14.84,4.87995103374124,-2.44379043579102E-02
1,14.85,4.88328433362767,-2.50339508056641E-02
1,14.86,4.88661763351411,-2.74181365966797E-02
1,14.87,4.88995093340054,-0.025629997253418
1,14.88,4.89328423328698,-2.20537185668945E-02
1,14.89,4.89661753317341,-1.96695327758789E-02
1,14.9,4.89995083305985,-1.84774398803711E-02
1,14.91,4.90328413294628,-1.72853469848633E-02
1,14.92,4.90661743283272,-0.019073486328125
1,14.93,4.90995073271915,-1.37090682983398E-02
1,14.94,4.91328403260559,-1.13248825073242E-02
1,14.95,4.91661733249202,-1.13248825073242E-02
1,14.96,4.91995063237846,-1.07288360595703E-02
1,14.97,4.92328393226489,-1.37090682983398E-02
1,14.98,4.92661723215133,-1.19209289550781E-02
1,14.99,4.92995053203776,-0.012516975402832
1,15,4.9332838319242,-1.13248825073242E-02
1,15.01,4.93661713181064,-1.01327896118164E-02
1,15.02,4.93995043169707,-0.012516975402832
1,15.03,4.94328373158351,-1.13248825073242E-02
1,15.04,4.94661703146994,-1.19209289550781E-02
1,15.05,4.94995033135638,-1.19209289550781E-02
1,15.06,4.95328363124281,-0.012516975402832
1,15.07,4.95661693112925,-1.19209289550781E-02
1,15.08,4.95995023101568,-8.34465026855469E-03
1,15.09,4.96328353090212,-8.34465026855469E-03
1,15.1,4.96661683078855,-1.43051147460938E-02
1,15.11,4.96995013067499,-1.43051147460938E-02
1,15.12,4.97328343056142,-1.54972076416016E-02
1,15.13,4.97661673044786,-1.84774398803711E-02
1,15.14,4.97995003033429,-2.08616256713867E-02
1,15.15,4.98328333022073,-2.38418579101563E-02
1,15.16,4.98661663010716,-2.74181365966797E-02
1,15.17,4.9899499299936,-2.92062759399414E-02
1,15.18,4.99328322988004,-2.86102294921875E-02
1,15.19,4.99661652976647,-3.03983688354492E-02
1,15.2,4.99994982965291,-3.03983688354492E-02
1,15.21,5.00328312953934,-3.33786010742188E-02
1,15.22,5.00661642942578,-2.98023223876953E-02
1,15.23,5.00994972931221,-2.92062759399414E-02
1,15.24,5.01328302919865,-2.74181365966797E-02
1,15.25,5.01661632908508,-2.62260437011719E-02
1,15.26,5.01994962897152,-2.32458114624023E-02
1,15.27,5.02328292885795,-0.025629997253418
1,15.28,5.02661622874439,-2.38418579101563E-02
1,15.29,5.02994952863082,-2.50339508056641E-02
1,15.3,5.03328282851726,-2.62260437011719E-02
1,15.31,5.03661612840369,-2.32458114624023E-02
1,15.32,5.03994942829013,-2.74181365966797E-02
1,15.33,5.04328272817656,-2.68220901489258E-02
1,15.34,5.046616028063,-2.92062759399414E-02
1,15.35,5.04994932794943,-3.33786010742188E-02
1,15.36,5.05328262783587,-3.09944152832031E-02
1,15.37,5.05661592772231,-2.80141830444336E-02
1,15.38,5.05994922760874,-2.80141830444336E-02
1,15.39,5.06328252749518,-2.68220901489258E-02
1,15.4,5.06661582738161,-3.03983688354492E-02
1,15.41,5.06994912726805,-2.86102294921875E-02
1,15.42,5.07328242715448,-2.26497650146484E-02
1,15.43,5.07661572704092,-2.20537185668945E-02
1,15.44,5.07994902692735,-2.14576721191406E-02
1,15.45,5.08328232681379,-0.019073486328125
1,15.46,5.08661562670022,-1.60932540893555E-02
1,15.47,5.08994892658666,-1.60932540893555E-02
1,15.48,5.09328222647309,-1.72853469848633E-02
1,15.49,5.09661552635953,-1.66893005371094E-02
1,15.5,5.09994882624596,-2.02655792236328E-02
1,15.51,5.1032821261324,-2.32458114624023E-02
1,15.52,5.10661542601883,-2.62260437011719E-02
1,15.53,5.10994872590527,-2.62260437011719E-02
1,15.54,5.1132820257917,-2.68220901489258E-02
1,15.55,5.11661532567814,-2.98023223876953E-02
1,15.56,5.11994862556458,-2.86102294921875E-02
1,15.57,5.12328192545101,-0.031590461730957
1,15.58,5.12661522533745,-0.031590461730957
1,15.59,5.12994852522388,-3.03983688354492E-02
1,15.6,5.13328182511032,-2.68220901489258E-02
1,15.61,5.13661512499675,-2.44379043579102E-02
1,15.62,5.13994842488319,-2.50339508056641E-02
1,15.63,5.14328172476962,-2.68220901489258E-02
1,15.64,5.14661502465606,-2.74181365966797E-02
1,15.65,5.14994832454249,-2.74181365966797E-02
1,15.66,5.15328162442893,-2.80141830444336E-02
1,15.67,5.15661492431536,-2.68220901489258E-02
1,15.68,5.1599482242018,-2.92062759399414E-02
1,15.69,5.16328152408823,-0.031590461730957
1,15.7,5.16661482397467,-2.80141830444336E-02
1,15.71,5.1699481238611,-2.86102294921875E-02
1,15.72,5.17328142374754,-2.74181365966797E-02
1,15.73,5.17661472363397,-2.20537185668945E-02
1,15.74,5.17994802352041,-2.50339508056641E-02
1,15.75,5.18328132340685,-2.50339508056641E-02
1,15.76,5.18661462329328,-2.44379043579102E-02
1,15.77,5.18994792317972,-2.26497650146484E-02
1,15.78,5.19328122306615,-2.32458114624023E-02
1,15.79,5.19661452295259,-1.96695327758789E-02
1,15.8,5.19994782283902,-2.20537185668945E-02
1,15.81,5.20328112272546,-2.38418579101563E-02
1,15.82,5.20661442261189,-2.38418579101563E-02
1,15.83,5.20994772249833,-2.32458114624023E-02
1,15.84,5.21328102238476,-2.68220901489258E-02
1,15.85,5.2166143222712,-2.44379043579102E-02
1,15.86,5.21994762215763,-2.38418579101563E-02
1,15.87,5.22328092204407,-2.50339508056641E-02
1,15.88,5.2266142219305,-0.025629997253418
1,15.89,5.22994752181694,-2.74181365966797E-02
1,15.9,5.23328082170337,-2.80141830444336E-02
1,15.91,5.23661412158981,-2.98023223876953E-02
1,15.92,5.23994742147625,-3.09944152832031E-02
1,15.93,5.24328072136268,-0.031590461730957
1,15.94,5.24661402124912,-3.33786010742188E-02
1,15.95,5.24994732113555,-0.03814697265625
1,15.96,5.25328062102199,-3.57627868652344E-02
1,15.97,5.25661392090842,-3.57627868652344E-02
1,15.98,5.25994722079486,-0.03814697265625
1,15.99,5.26328052068129,-3.69548797607422E-02
1,16,5.26661382056773,-3.75509262084961E-02
1,16.01,5.26994712045416,-3.33786010742188E-02
1,16.02,5.2732804203406,-3.39746475219727E-02
1,16.03,5.27661372022703,-2.98023223876953E-02
1,16.04,5.27994702011347,-0.031590461730957
1,16.05,5.2832803199999,-3.45706939697266E-02
1,16.06,5.28661361988634,-3.33786010742188E-02
1,16.07,5.28994691977277,-3.45706939697266E-02
1,16.08,5.29328021965921,-0.031590461730957
1,16.09,5.29661351954564,-3.03983688354492E-02
1,16.1,5.29994681943208,-3.63588333129883E-02
1,16.11,5.30328011931852,-3.63588333129883E-02
1,16.12,5.30661341920495,-3.75509262084961E-02
1,16.13,5.30994671909139,-3.51667404174805E-02
1,16.14,5.31328001897782,-3.27825546264648E-02
1,16.15,5.31661331886426,-3.33786010742188E-02
1,16.16,5.31994661875069,-3.09944152832031E-02
1,16.17,5.32327991863713,-3.09944152832031E-02
1,16.18,5.32661321852356,-2.68220901489258E-02
1,16.19,5.32994651841,-2.50339508056641E-02
1,16.2,5.33327981829643,-2.44379043579102E-02
1,16.21,5.33661311818287,-2.26497650146484E-02
1,16.22,5.3399464180693,-1.96695327758789E-02
1,16.23,5.34327971795574,-2.26497650146484E-02
1,16.24,5.34661301784217,-2.20537185668945E-02
1,16.25,5.34994631772861,-2.32458114624023E-02
1,16.26,5.35327961761504,-2.02655792236328E-02
1,16.27,5.35661291750148,-2.44379043579102E-02
1,16.28,5.35994621738791,-2.62260437011719E-02
1,16.29,5.36327951727435,-2.86102294921875E-02
1,16.3,5.36661281716079,-2.92062759399414E-02
1,16.31,5.36994611704722,-3.27825546264648E-02
1,16.32,5.37327941693366,-3.03983688354492E-02
1,16.33,5.37661271682009,-3.09944152832031E-02
1,16.34,5.37994601670653,-2.92062759399414E-02
1,16.35,5.38327931659296,-3.03983688354492E-02
1,16.36,5.3866126164794,-2.86102294921875E-02
1,16.37,5.38994591636583,-3.03983688354492E-02
1,16.38,5.39327921625227,-2.80141830444336E-02
1,16.39,5.3966125161387,-2.74181365966797E-02
1,16.4,5.39994581602514,-2.68220901489258E-02
1,16.41,5.40327911591157,-2.62260437011719E-02
1,16.42,5.40661241579801,-2.68220901489258E-02
1,16.43,5.40994571568444,-2.74181365966797E-02
1,16.44,5.41327901557088,-2.98023223876953E-02
1,16.45,5.41661231545731,-2.92062759399414E-02
1,16.46,5.41994561534375,-2.80141830444336E-02
1,16.47,5.42327891523018,-2.86102294921875E-02
1,16.48,5.42661221511662,-2.86102294921875E-02
1,16.49,5.42994551500306,-0.031590461730957
1,16.5,5.43327881488949,-3.09944152832031E-02
1,16.51,5.43661211477593,-2.92062759399414E-02
1,16.52,5.43994541466236,-2.92062759399414E-02
1,16.53,5.4432787145488,-3.21865081787109E-02
1,16.54,5.44661201443523,-3.27825546264648E-02
1,16.55,5.44994531432167,-3.09944152832031E-02
1,16.56,5.4532786142081,-2.80141830444336E-02
1,16.57,5.45661191409454,-2.38418579101563E-02
1,16.58,5.45994521398097,-2.08616256713867E-02
1,16.59,5.46327851386741,-2.08616256713867E-02
1,16.6,5.46661181375384,-2.02655792236328E-02
1,16.61,5.46994511364028,-0.019073486328125
1,16.62,5.47327841352671,-1.78813934326172E-02
1,16.63,5.47661171341315,-0.019073486328125
1,16.64,5.47994501329958,-0.019073486328125
1,16.65,5.48327831318602,-1.84774398803711E-02
1,16.66,5.48661161307246,-1.13248825073242E-02
1,16.67,5.48994491295889,-1.19209289550781E-02
1,16.68,5.49327821284533,-8.34465026855469E-03
1,16.69,5.49661151273176,-7.74860382080078E-03
1,16.7,5.4999448126182,-6.55651092529297E-03
1,16.71,5.50327811250463,-8.34465026855469E-03
1,16.72,5.50661141239107,-1.07288360595703E-02
1,16.73,5.5099447122775,-1.07288360595703E-02
1,16.74,5.51327801216394,-1.37090682983398E-02
1,16.75,5.51661131205037,-1.78813934326172E-02
1,16.76,5.51994461193681,-2.20537185668945E-02
1,16.77,5.52327791182324,-2.68220901489258E-02
1,16.78,5.52661121170968,-2.74181365966797E-02
1,16.79,5.52994451159611,-2.74181365966797E-02
1,16.8,5.53327781148255,-2.74181365966797E-02
1,16.81,5.53661111136898,-0.025629997253418
1,16.82,5.53994441125542,-2.20537185668945E-02
1,16.83,5.54327771114185,-0.025629997253418
1,16.84,5.54661101102829,-2.50339508056641E-02
1,16.85,5.54994431091473,-0.019073486328125
1,16.86,5.55327761080116,-2.14576721191406E-02
1,16.87,5.5566109106876,-1.60932540893555E-02
1,16.88,5.55994421057403,-1.49011611938477E-02
1,16.89,5.56327751046047,-1.66893005371094E-02
1,16.9,5.5666108103469,-1.72853469848633E-02
1,16.91,5.56994411023334,-2.02655792236328E-02
1,16.92,5.57327741011977,-0.019073486328125
1,16.93,5.57661071000621,-1.84774398803711E-02
1,16.94,5.57994400989264,-1.96695327758789E-02
1,16.95,5.58327730977908,-0.019073486328125
1,16.96,5.58661060966551,-2.08616256713867E-02
1,16.97,5.58994390955195,-2.02655792236328E-02
1,16.98,5.59327720943838,-1.96695327758789E-02
1,16.99,5.59661050932482,-1.96695327758789E-02
1,17,5.59994380921125,-0.019073486328125
1,17.01,5.60327710909769,-2.08616256713867E-02
1,17.02,5.60661040898412,-2.26497650146484E-02
1,17.03,5.60994370887056,-2.32458114624023E-02
1,17.04,5.613277008757,-2.14576721191406E-02
1,17.05,5.61661030864343,-2.14576721191406E-02
1,17.06,5.61994360852987,-2.26497650146484E-02
1,17.07,5.6232769084163,-2.38418579101563E-02
1,17.08,5.62661020830274,-2.14576721191406E-02
1,17.09,5.62994350818917,-2.32458114624023E-02
1,17.1,5.63327680807561,-2.02655792236328E-02
1,17.11,5.63661010796204,-1.60932540893555E-02
1,17.12,5.63994340784848,-1.72853469848633E-02
1,17.13,5.64327670773491,-1.54972076416016E-02
1,17.14,5.64661000762135,-1.54972076416016E-02
1,17.15,5.64994330750778,-1.31130218505859E-02
1,17.16,5.65327660739422,-9.5367431640625E-03
1,17.17,5.65660990728065,-8.94069671630859E-03
1,17.18,5.65994320716709,-1.31130218505859E-02
1,17.19,5.66327650705352,-1.31130218505859E-02
1,17.2,5.66660980693996,-1.43051147460938E-02
1,17.21,5.66994310682639,-1.07288360595703E-02
1,17.22,5.67327640671283,-1.43051147460938E-02
1,17.23,5.67660970659927,-1.60932540893555E-02
1,17.24,5.6799430064857,-2.02655792236328E-02
1,17.25,5.68327630637214,-1.72853469848633E-02
1,17.26,5.68660960625857,-2.38418579101563E-02
1,17.27,5.68994290614501,-2.44379043579102E-02
1,17.28,5.69327620603144,-2.08616256713867E-02
1,17.29,5.69660950591788,-1.78813934326172E-02
1,17.3,5.69994280580431,-1.96695327758789E-02
1,17.31,5.70327610569075,-1.96695327758789E-02
1,17.32,5.70660940557718,-1.84774398803711E-02
1,17.33,5.70994270546362,-1.54972076416016E-02
1,17.34,5.71327600535005,-1.13248825073242E-02
1,17.35,5.71660930523649,-1.01327896118164E-02
1,17.36,5.71994260512292,-9.5367431640625E-03
1,17.37,5.72327590500936,-1.07288360595703E-02
1,17.38,5.72660920489579,-7.15255737304688E-03
1,17.39,5.72994250478223,-8.94069671630859E-03
1,17.4,5.73327580466867,-1.01327896118164E-02
1,17.41,5.7366091045551,-1.19209289550781E-02
1,17.42,5.73994240444154,-1.43051147460938E-02
1,17.43,5.74327570432797,-1.72853469848633E-02
1,17.44,5.74660900421441,-2.08616256713867E-02
1,17.45,5.74994230410084,-0.019073486328125
1,17.46,5.75327560398728,-2.02655792236328E-02
1,17.47,5.75660890387371,-2.20537185668945E-02
1,17.48,5.75994220376015,-2.32458114624023E-02
1,17.49,5.76327550364658,-2.02655792236328E-02
1,17.5,5.76660880353302,-1.84774398803711E-02
1,17.51,5.76994210341945,-2.02655792236328E-02
1,17.52,5.77327540330589,-1.96695327758789E-02
1,17.53,5.77660870319232,-1.72853469848633E-02
1,17.54,5.77994200307876,-2.02655792236328E-02
1,17.55,5.78327530296519,-2.44379043579102E-02
1,17.56,5.78660860285163,-2.50339508056641E-02
1,17.57,5.78994190273806,-2.68220901489258E-02
1,17.58,5.7932752026245,-2.80141830444336E-02
1,17.59,5.79660850251094,-2.68220901489258E-02
1,17.6,5.79994180239737,-2.86102294921875E-02
1,17.61,5.80327510228381,-2.80141830444336E-02
1,17.62,5.80660840217024,-2.80141830444336E-02
1,17.63,5.80994170205668,-2.80141830444336E-02
1,17.64,5.81327500194311,-2.44379043579102E-02
1,17.65,5.81660830182955,-2.44379043579102E-02
1,17.66,5.81994160171598,-0.025629997253418
1,17.67,5.82327490160242,-2.62260437011719E-02
1,17.68,5.82660820148885,-2.74181365966797E-02
1,17.69,5.82994150137529,-2.80141830444336E-02
1,17.7,5.83327480126172,-2.50339508056641E-02
1,17.71,5.83660810114816,-2.26497650146484E-02
1,17.72,5.83994140103459,-2.26497650146484E-02
1,17.73,5.84327470092103,-0.025629997253418
1,17.74,5.84660800080746,-2.50339508056641E-02
1,17.75,5.8499413006939,-2.20537185668945E-02
1,17.76,5.85327460058033,-2.44379043579102E-02
1,17.77,5.85660790046677,-2.38418579101563E-02
1,17.78,5.85994120035321,-2.38418579101563E-02
1,17.79,5.86327450023964,-2.44379043579102E-02
1,17.8,5.86660780012608,-2.20537185668945E-02
1,17.81,5.86994110001251,-2.20537185668945E-02
1,17.82,5.87327439989895,-2.20537185668945E-02
1,17.83,5.87660769978538,-2.08616256713867E-02
1,17.84,5.87994099967182,-2.14576721191406E-02
1,17.85,5.88327429955825,-2.02655792236328E-02
1,17.86,5.88660759944469,-0.019073486328125
1,17.87,5.88994089933112,-2.08616256713867E-02
1,17.88,5.89327419921756,-2.02655792236328E-02
1,17.89,5.89660749910399,-2.32458114624023E-02
1,17.9,5.89994079899043,-2.38418579101563E-02
1,17.91,5.90327409887686,-0.025629997253418
1,17.92,5.9066073987633,-2.50339508056641E-02
1,17.93,5.90994069864973,-2.14576721191406E-02
1,17.94,5.91327399853617,-2.38418579101563E-02
1,17.95,5.9166072984226,-2.26497650146484E-02
1,17.96,5.92327389819548,-2.32458114624023E-02
1,17.98,5.92660719808191,-2.80141830444336E-02
1,17.99,5.92994049796835,-2.74181365966797E-02
1,18,5.93327379785478,-2.74181365966797E-02
1,18.01,5.93994039762765,-2.74181365966797E-02
1,18.02,5.94327369751409,-3.09944152832031E-02
1,18.04,5.94660699740052,-3.33786010742188E-02
1,18.05,5.95327359717339,-3.03983688354492E-02
1,18.06,5.95660689705983,-0.031590461730957
1,18.08,5.9632734968327,-3.03983688354492E-02
1,18.1,5.96660679671913,-0.031590461730957
1,18.11,5.973273396492,-3.09944152832031E-02
1,18.12,5.97660669637844,-0.025629997253418
1,18.14,5.97993999626487,-2.50339508056641E-02
1,18.15,5.98327329615131,-2.68220901489258E-02
1,18.16,5.98993989592418,-2.80141830444336E-02
1,18.17,5.99327319581062,-2.68220901489258E-02
1,18.18,5.99660649569705,-2.62260437011719E-02
1,18.19,5.99993979558349,-2.68220901489258E-02
1,18.2,6.00327309546992,-2.92062759399414E-02
1,18.21,6.00660639535636,-2.74181365966797E-02
1,18.22,6.00993969524279,-0.031590461730957
1,18.23,6.01327299512923,-2.92062759399414E-02
1,18.24,6.01660629501566,-2.92062759399414E-02
1,18.25,6.0199395949021,-3.09944152832031E-02
1,18.26,6.02327289478853,-3.03983688354492E-02
1,18.27,6.02660619467497,-3.39746475219727E-02
1,18.28,6.0299394945614,-3.09944152832031E-02
1,18.29,6.03327279444784,-3.33786010742188E-02
1,18.3,6.03660609433427,-0.031590461730957
1,18.31,6.03993939422071,-2.98023223876953E-02
1,18.32,6.04327269410715,-0.031590461730957
1,18.33,6.04660599399358,-0.031590461730957
1,18.34,6.04993929388002,-3.09944152832031E-02
1,18.35,6.05327259376645,-3.03983688354492E-02
1,18.36,6.05660589365289,-3.09944152832031E-02
1,18.37,6.05993919353932,-2.86102294921875E-02
1,18.38,6.06327249342576,-0.025629997253418
1,18.39,6.06660579331219,-2.50339508056641E-02
1,18.4,6.06993909319863,-2.32458114624023E-02
1,18.41,6.07327239308506,-2.26497650146484E-02
1,18.42,6.0766056929715,-1.96695327758789E-02
1,18.43,6.07993899285793,-1.72853469848633E-02
1,18.44,6.08327229274437,-1.96695327758789E-02
1,18.45,6.0866055926308,-2.38418579101563E-02
1,18.46,6.08993889251724,-2.26497650146484E-02
1,18.47,6.09327219240367,-2.20537185668945E-02
1,18.48,6.09660549229011,-2.14576721191406E-02
1,18.49,6.09993879217654,-2.38418579101563E-02
1,18.5,6.10327209206298,-2.38418579101563E-02
1,18.51,6.10660539194942,-2.80141830444336E-02
1,18.52,6.10993869183585,-2.44379043579102E-02
1,18.53,6.11327199172229,-2.32458114624023E-02
1,18.54,6.11660529160872,-2.38418579101563E-02
1,18.55,6.11993859149516,-2.02655792236328E-02
1,18.56,6.12327189138159,-2.50339508056641E-02
1,18.57,6.12660519126803,-2.86102294921875E-02
1,18.58,6.12993849115446,-2.98023223876953E-02
1,18.59,6.1332717910409,-2.68220901489258E-02
1,18.6,6.13660509092733,-0.025629997253418
1,18.61,6.13993839081377,-0.025629997253418
1,18.62,6.1432716907002,-2.44379043579102E-02
1,18.63,6.14660499058664,-2.44379043579102E-02
1,18.64,6.14993829047307,-2.38418579101563E-02
1,18.65,6.15327159035951,-2.32458114624023E-02
1,18.66,6.15660489024594,-1.84774398803711E-02
1,18.67,6.15993819013238,-1.84774398803711E-02
1,18.68,6.16327149001881,-1.49011611938477E-02
1,18.69,6.16660478990525,-1.78813934326172E-02
1,18.7,6.16993808979169,-1.72853469848633E-02
1,18.71,6.17327138967812,-2.08616256713867E-02
1,18.72,6.17660468956456,-2.32458114624023E-02
1,18.73,6.17993798945099,-2.20537185668945E-02
1,18.74,6.18327128933743,-2.44379043579102E-02
1,18.75,6.18660458922386,-2.38418579101563E-02
1,18.76,6.1899378891103,-2.14576721191406E-02
1,18.77,6.19327118899673,-2.20537185668945E-02
1,18.78,6.19660448888317,-1.72853469848633E-02
1,18.79,6.1999377887696,-1.37090682983398E-02
1,18.8,6.20327108865604,-0.012516975402832
1,18.81,6.20660438854247,-2.02655792236328E-02
1,18.82,6.20993768842891,-1.66893005371094E-02
1,18.83,6.21327098831534,-1.78813934326172E-02
1,18.84,6.21660428820178,-1.49011611938477E-02
1,18.85,6.21993758808821,-1.43051147460938E-02
1,18.86,6.22327088797465,-1.84774398803711E-02
1,18.87,6.22660418786108,-1.66893005371094E-02
1,18.88,6.22993748774752,-1.78813934326172E-02
1,18.89,6.23327078763396,-1.78813934326172E-02
1,18.9,6.23660408752039,-0.019073486328125
1,18.91,6.23993738740683,-1.96695327758789E-02
1,18.92,6.24327068729326,-1.84774398803711E-02
1,18.93,6.2466039871797,-1.66893005371094E-02
1,18.94,6.24993728706613,-2.14576721191406E-02
1,18.95,6.25327058695257,-2.08616256713867E-02
1,18.96,6.256603886839,-2.26497650146484E-02
1,18.97,6.25993718672544,-2.38418579101563E-02
1,18.98,6.26327048661187,-1.96695327758789E-02
1,18.99,6.26660378649831,-1.84774398803711E-02
1,19,6.26993708638474,-2.02655792236328E-02
1,19.01,6.27327038627118,-1.72853469848633E-02
1,19.02,6.27660368615761,-1.49011611938477E-02
1,19.03,6.27993698604405,-1.54972076416016E-02
1,19.04,6.28327028593048,-1.60932540893555E-02
1,19.05,6.28660358581692,-2.02655792236328E-02
1,19.06,6.28993688570336,-0.019073486328125
1,19.07,6.29327018558979,-2.08616256713867E-02
1,19.08,6.29660348547623,-1.78813934326172E-02
1,19.09,6.29993678536266,-1.78813934326172E-02
1,19.1,6.3032700852491,-1.49011611938477E-02
1,19.11,6.30660338513553,-1.31130218505859E-02
1,19.12,6.30993668502197,-1.49011611938477E-02
1,19.13,6.3132699849084,-1.84774398803711E-02
1,19.14,6.31660328479484,-1.78813934326172E-02
1,19.15,6.31993658468127,-1.66893005371094E-02
1,19.16,6.32326988456771,-1.72853469848633E-02
1,19.17,6.32660318445414,-2.20537185668945E-02
1,19.18,6.32993648434058,-1.78813934326172E-02
1,19.19,6.33326978422701,-1.84774398803711E-02
1,19.2,6.33660308411345,-1.60932540893555E-02
1,19.21,6.33993638399989,-1.78813934326172E-02
1,19.22,6.34326968388632,-1.72853469848633E-02
1,19.23,6.34660298377275,-1.84774398803711E-02
1,19.24,6.34993628365919,-1.72853469848633E-02
1,19.25,6.35326958354563,-1.43051147460938E-02
1,19.26,6.35660288343206,-1.72853469848633E-02
1,19.27,6.3599361833185,-1.66893005371094E-02
1,19.28,6.36326948320493,-1.84774398803711E-02
1,19.29,6.36660278309137,-1.72853469848633E-02
1,19.3,6.3699360829778,-1.84774398803711E-02
1,19.31,6.37326938286424,-1.78813934326172E-02
1,19.32,6.37660268275067,-1.66893005371094E-02
1,19.33,6.37993598263711,-1.07288360595703E-02
1,19.34,6.38326928252354,-1.49011611938477E-02
1,19.35,6.38660258240998,-0.012516975402832
1,19.36,6.38993588229641,-1.13248825073242E-02
1,19.37,6.39326918218285,-8.94069671630859E-03
1,19.38,6.39660248206928,-8.94069671630859E-03
1,19.39,6.39993578195572,-9.5367431640625E-03
1,19.4,6.40326908184215,-1.13248825073242E-02
1,19.41,6.40660238172859,-8.94069671630859E-03
1,19.42,6.40993568161502,-1.07288360595703E-02
1,19.43,6.41326898150146,-1.13248825073242E-02
1,19.44,6.4166022813879,-1.19209289550781E-02
1,19.45,6.41993558127433,-1.43051147460938E-02
1,19.46,6.42326888116077,-1.78813934326172E-02
1,19.47,6.4266021810472,-1.96695327758789E-02
1,19.48,6.42993548093364,-1.84774398803711E-02
1,19.49,6.43326878082007,-1.84774398803711E-02
1,19.5,6.43660208070651,-1.37090682983398E-02
1,19.51,6.43993538059294,-1.49011611938477E-02
1,19.52,6.44326868047938,-1.96695327758789E-02
1,19.53,6.44660198036581,-1.78813934326172E-02
1,19.54,6.44993528025225,-2.26497650146484E-02
1,19.55,6.45326858013868,-2.32458114624023E-02
1,19.56,6.45660188002512,-2.20537185668945E-02
1,19.57,6.45993517991155,-1.78813934326172E-02
1,19.58,6.46326847979799,-1.84774398803711E-02
1,19.59,6.46660177968442,-1.84774398803711E-02
1,19.6,6.46993507957086,-1.72853469848633E-02
1,19.61,6.47326837945729,-1.66893005371094E-02
1,19.62,6.47660167934373,-1.66893005371094E-02
1,19.63,6.47993497923017,-1.66893005371094E-02
1,19.64,6.4832682791166,-1.84774398803711E-02
1,19.65,6.48660157900304,-1.72853469848633E-02
1,19.66,6.48993487888947,-2.02655792236328E-02
1,19.67,6.49326817877591,-1.78813934326172E-02
1,19.68,6.49660147866234,-1.96695327758789E-02
1,19.69,6.49993477854878,-0.019073486328125
1,19.7,6.50326807843521,-2.08616256713867E-02
1,19.71,6.50660137832165,-2.38418579101563E-02
1,19.72,6.50993467820808,-2.32458114624023E-02
1,19.73,6.51326797809452,-2.26497650146484E-02
1,19.74,6.51660127798095,-2.02655792236328E-02
1,19.75,6.51993457786739,-0.019073486328125
1,19.76,6.52326787775382,-1.84774398803711E-02
1,19.77,6.52660117764026,-2.02655792236328E-02
1,19.78,6.52993447752669,-1.96695327758789E-02
1,19.79,6.53326777741313,-1.78813934326172E-02
1,19.8,6.53660107729957,-1.96695327758789E-02
1,19.81,6.539934377186,-1.78813934326172E-02
1,19.82,6.54326767707244,-2.14576721191406E-02
1,19.83,6.54660097695887,-1.84774398803711E-02
1,19.84,6.54993427684531,-1.66893005371094E-02
1,19.85,6.55326757673174,-0.019073486328125
1,19.86,6.55660087661818,-1.19209289550781E-02
1,19.87,6.55993417650461,-0.012516975402832
1,19.88,6.56326747639105,-1.43051147460938E-02
1,19.89,6.56660077627748,-1.19209289550781E-02
1,19.9,6.56993407616392,-1.66893005371094E-02
1,19.91,6.57326737605035,-1.84774398803711E-02
1,19.92,6.57660067593679,-1.60932540893555E-02
1,19.93,6.57993397582322,-2.14576721191406E-02
1,19.94,6.58326727570966,-2.44379043579102E-02
1,19.95,6.5866005755961,-2.74181365966797E-02
1,19.96,6.58993387548253,-2.62260437011719E-02
1,19.97,6.59326717536896,-2.74181365966797E-02
1,19.98,6.5966004752554,-2.92062759399414E-02
1,19.99,6.59993377514184,-2.74181365966797E-02
1,20,6.60326707502827,-2.80141830444336E-02
1,20.01,6.60660037491471,-2.68220901489258E-02
1,20.02,6.60993367480114,-2.32458114624023E-02
1,20.03,6.61326697468758,-2.74181365966797E-02
1,20.04,6.61660027457401,-2.32458114624023E-02
1,20.05,6.61993357446045,-2.02655792236328E-02
1,20.06,6.62326687434688,-2.08616256713867E-02
1,20.07,6.62660017423332,-2.26497650146484E-02
1,20.08,6.62993347411975,-2.08616256713867E-02
1,20.09,6.63326677400619,-1.72853469848633E-02
1,20.1,6.63660007389262,-1.31130218505859E-02
1,20.11,6.63993337377906,-0.012516975402832
1,20.12,6.64326667366549,-7.74860382080078E-03
1,20.13,6.64659997355193,-5.96046447753906E-03
1,20.14,6.64993327343836,-7.15255737304688E-03
1,20.15,6.6532665733248,-2.98023223876953E-03
1,20.16,6.65659987321123,-1.78813934326172E-03
1,20.17,6.65993317309767,0
1,20.18,6.66326647298411,1.19209289550781E-03
1,20.19,6.66659977287054,0
1,20.2,6.66993307275698,4.17232513427734E-03
1,20.21,6.67326637264341,5.96046447753906E-03
1,20.22,6.67659967252985,7.15255737304688E-03
1,20.23,6.67993297241628,7.74860382080078E-03
1,20.24,6.68326627230272,5.96046447753906E-03
1,20.25,6.68659957218915,4.17232513427734E-03
1,20.26,6.68993287207559,4.76837158203125E-03
1,20.27,6.69326617196202,4.17232513427734E-03
1,20.28,6.69659947184846,4.17232513427734E-03
1,20.29,6.69993277173489,2.98023223876953E-03
1,20.3,6.70326607162133,-1.78813934326172E-03
1,20.31,6.70659937150776,-5.96046447753906E-03
1,20.32,6.7099326713942,-4.17232513427734E-03
1,20.33,6.71326597128063,-5.36441802978516E-03
1,20.34,6.71659927116707,-3.57627868652344E-03
1,20.35,6.7199325710535,-7.15255737304688E-03
1,20.36,6.72326587093994,-8.34465026855469E-03
1,20.37,6.72659917082638,-8.34465026855469E-03
1,20.38,6.72993247071281,-5.96046447753906E-03
1,20.39,6.73326577059925,-7.15255737304688E-03
1,20.4,6.73659907048568,-5.36441802978516E-03
1,20.41,6.73993237037212,-4.76837158203125E-03
1,20.42,6.74326567025855,-3.57627868652344E-03
1,20.43,6.74659897014499,-5.96046447753906E-03
1,20.44,6.74993227003142,-5.96046447753906E-03
1,20.45,6.75326556991786,-7.74860382080078E-03
1,20.46,6.75659886980429,-8.94069671630859E-03
1,20.47,6.75993216969073,-6.55651092529297E-03
1,20.48,6.76326546957716,-7.74860382080078E-03
1,20.49,6.7665987694636,-1.43051147460938E-02
1,20.5,6.76993206935003,-1.60932540893555E-02
1,20.51,6.77326536923647,-1.84774398803711E-02
1,20.52,6.7765986691229,-1.78813934326172E-02
1,20.53,6.77993196900934,-2.20537185668945E-02
1,20.54,6.78326526889578,-2.38418579101563E-02
1,20.55,6.78659856878221,-1.84774398803711E-02
1,20.56,6.78993186866865,-1.78813934326172E-02
1,20.57,6.79326516855508,-0.019073486328125
1,20.58,6.79659846844152,-1.60932540893555E-02
1,20.59,6.79993176832795,-1.54972076416016E-02
1,20.6,6.80326506821439,-1.78813934326172E-02
1,20.61,6.80659836810082,-1.96695327758789E-02
1,20.62,6.80993166798726,-0.019073486328125
1,20.63,6.81326496787369,-2.14576721191406E-02
1,20.64,6.81659826776013,-2.02655792236328E-02
1,20.65,6.81993156764656,-2.26497650146484E-02
1,20.66,6.823264867533,-2.02655792236328E-02
1,20.67,6.82659816741943,-2.20537185668945E-02
1,20.68,6.82993146730587,-2.02655792236328E-02
1,20.69,6.83326476719231,-1.96695327758789E-02
1,20.7,6.83659806707874,-1.78813934326172E-02
1,20.71,6.83993136696517,-1.49011611938477E-02
1,20.72,6.84326466685161,-1.19209289550781E-02
1,20.73,6.84659796673805,-1.13248825073242E-02
1,20.74,6.84993126662448,-1.07288360595703E-02
1,20.75,6.85326456651092,-7.15255737304688E-03
1,20.76,6.85659786639735,-9.5367431640625E-03
1,20.77,6.85993116628379,-1.01327896118164E-02
1,20.78,6.86326446617022,-9.5367431640625E-03
1,20.79,6.86659776605666,-1.01327896118164E-02
1,20.8,6.86993106594309,-1.19209289550781E-02
1,20.81,6.87326436582953,-8.94069671630859E-03
1,20.82,6.87659766571596,-9.5367431640625E-03
1,20.83,6.8799309656024,-1.19209289550781E-02
1,20.84,6.88326426548883,-1.54972076416016E-02
1,20.85,6.88659756537527,-1.60932540893555E-02
1,20.86,6.8899308652617,-2.14576721191406E-02
1,20.87,6.89326416514814,-1.60932540893555E-02
1,20.88,6.89659746503457,-2.08616256713867E-02
1,20.89,6.89993076492101,-2.38418579101563E-02
1,20.9,6.90326406480744,-2.20537185668945E-02
1,20.91,6.90659736469388,-2.32458114624023E-02
1,20.92,6.90993066458032,-2.38418579101563E-02
1,20.93,6.91326396446675,-2.38418579101563E-02
1,20.94,6.91659726435319,-2.38418579101563E-02
1,20.95,6.91993056423962,-2.50339508056641E-02
1,20.96,6.92326386412606,-0.025629997253418
1,20.97,6.92659716401249,-2.20537185668945E-02
1,20.98,6.92993046389893,-2.32458114624023E-02
1,20.99,6.93326376378536,-2.26497650146484E-02
1,21,6.9365970636718,-2.08616256713867E-02
1,21.01,6.93993036355823,-2.08616256713867E-02
1,21.02,6.94326366344467,-0.019073486328125
1,21.03,6.9465969633311,-1.78813934326172E-02
1,21.04,6.94993026321754,-2.02655792236328E-02
1,21.05,6.95326356310397,-2.02655792236328E-02
1,21.06,6.95659686299041,-2.14576721191406E-02
1,21.07,6.95993016287684,-1.84774398803711E-02
1,21.08,6.96326346276328,-2.08616256713867E-02
1,21.09,6.96659676264971,-2.26497650146484E-02
1,21.1,6.96993006253615,-1.96695327758789E-02
1,21.11,6.97326336242259,-2.20537185668945E-02
1,21.12,6.97659666230902,-1.54972076416016E-02
1,21.13,6.97992996219546,-1.54972076416016E-02
1,21.14,6.98326326208189,-1.19209289550781E-02
1,21.15,6.98659656196833,-1.19209289550781E-02
1,21.16,6.98992986185476,-9.5367431640625E-03
1,21.17,6.9932631617412,-8.34465026855469E-03
1,21.18,6.99659646162763,-7.74860382080078E-03
1,21.19,6.99992976151407,-9.5367431640625E-03
1,21.2,7.0032630614005,-1.01327896118164E-02
1,21.21,7.00659636128694,-9.5367431640625E-03
1,21.22,7.00992966117337,-8.94069671630859E-03
1,21.23,7.01326296105981,-1.19209289550781E-02
1,21.24,7.01659626094624,-9.5367431640625E-03
1,21.25,7.01992956083268,-1.43051147460938E-02
1,21.26,7.02326286071911,-0.012516975402832
1,21.27,7.02659616060555,-1.43051147460938E-02
1,21.28,7.02992946049199,-0.012516975402832
1,21.29,7.03326276037842,-1.49011611938477E-02
1,21.3,7.03659606026486,-0.019073486328125
1,21.31,7.03992936015129,-0.019073486328125
1,21.32,7.04326266003773,-2.08616256713867E-02
1,21.33,7.04659595992416,-2.32458114624023E-02
1,21.34,7.0499292598106,-2.26497650146484E-02
1,21.35,7.05326255969703,-2.44379043579102E-02
1,21.36,7.05659585958347,-2.44379043579102E-02
1,21.37,7.0599291594699,-2.08616256713867E-02
1,21.38,7.06326245935634,-2.38418579101563E-02
1,21.39,7.06659575924277,-2.20537185668945E-02
1,21.4,7.06992905912921,-2.32458114624023E-02
1,21.41,7.07326235901564,-1.78813934326172E-02
1,21.42,7.07659565890208,-1.78813934326172E-02
1,21.43,7.07992895878852,-1.96695327758789E-02
1,21.44,7.08326225867495,-1.72853469848633E-02
1,21.45,7.08659555856138,-1.31130218505859E-02
1,21.46,7.08992885844782,-9.5367431640625E-03
1,21.47,7.09326215833426,-9.5367431640625E-03
1,21.48,7.09659545822069,-9.5367431640625E-03
1,21.49,7.09992875810713,-8.94069671630859E-03
1,21.5,7.10326205799356,-6.55651092529297E-03
1,21.51,7.10659535788,-5.36441802978516E-03
1,21.52,7.10992865776643,-7.15255737304688E-03
1,21.53,7.11326195765287,-9.5367431640625E-03
1,21.54,7.1165952575393,-1.13248825073242E-02
1,21.55,7.11992855742574,-1.43051147460938E-02
1,21.56,7.12326185731217,-1.78813934326172E-02
1,21.57,7.12659515719861,-1.66893005371094E-02
1,21.58,7.12992845708504,-1.43051147460938E-02
1,21.59,7.13326175697148,-1.66893005371094E-02
1,21.6,7.13659505685791,-1.66893005371094E-02
1,21.61,7.13992835674435,-1.78813934326172E-02
1,21.62,7.14326165663078,-2.02655792236328E-02
1,21.63,7.14659495651722,-2.08616256713867E-02
1,21.64,7.14992825640365,-0.019073486328125
1,21.65,7.15326155629009,-2.32458114624023E-02
1,21.66,7.15659485617653,-2.74181365966797E-02
1,21.67,7.15992815606296,-2.74181365966797E-02
1,21.68,7.1632614559494,-2.92062759399414E-02
1,21.69,7.16659475583583,-2.74181365966797E-02
1,21.7,7.16992805572227,-2.74181365966797E-02
1,21.71,7.1732613556087,-2.98023223876953E-02
1,21.72,7.17659465549514,-2.08616256713867E-02
1,21.73,7.17992795538157,-0.019073486328125
1,21.74,7.18326125526801,-2.14576721191406E-02
1,21.75,7.18659455515444,-2.14576721191406E-02
1,21.76,7.18992785504088,-2.62260437011719E-02
1,21.77,7.19326115492731,-0.025629997253418
1,21.78,7.19659445481375,-2.26497650146484E-02
1,21.79,7.19992775470018,-2.50339508056641E-02
1,21.8,7.20326105458662,-2.38418579101563E-02
1,21.81,7.20659435447305,-2.32458114624023E-02
1,21.82,7.20992765435949,-2.20537185668945E-02
1,21.83,7.21326095424593,-2.26497650146484E-02
1,21.84,7.21659425413236,-2.02655792236328E-02
1,21.85,7.2199275540188,-2.32458114624023E-02
1,21.86,7.22326085390523,-2.62260437011719E-02
1,21.87,7.22659415379167,-0.025629997253418
1,21.88,7.2299274536781,-2.44379043579102E-02
1,21.89,7.23326075356454,-0.025629997253418
1,21.9,7.23659405345097,-2.68220901489258E-02
1,21.91,7.23992735333741,-2.26497650146484E-02
1,21.92,7.24326065322384,-2.08616256713867E-02
1,21.93,7.24659395311028,-2.20537185668945E-02
1,21.94,7.24992725299671,-2.14576721191406E-02
1,21.95,7.25326055288315,-1.84774398803711E-02
1,21.96,7.25659385276958,-1.72853469848633E-02
1,21.97,7.25992715265602,-1.54972076416016E-02
1,21.98,7.26326045254245,-1.31130218505859E-02
1,21.99,7.26659375242889,-1.37090682983398E-02
1,22,7.26992705231532,-1.37090682983398E-02
1,22.01,7.27326035220176,-1.13248825073242E-02
1,22.02,7.2765936520882,-7.15255737304688E-03
1,22.03,7.27992695197463,-5.36441802978516E-03
1,22.04,7.28326025186107,-2.98023223876953E-03
1,22.05,7.2865935517475,-7.15255737304688E-03
1,22.06,7.28992685163394,-9.5367431640625E-03
1,22.07,7.29326015152037,-7.74860382080078E-03
1,22.08,7.29659345140681,-6.55651092529297E-03
1,22.09,7.29992675129324,-7.15255737304688E-03
1,22.1,7.30326005117968,-7.15255737304688E-03
1,22.11,7.30659335106611,-9.5367431640625E-03
1,22.12,7.30992665095255,-6.55651092529297E-03
1,22.13,7.31325995083898,-7.74860382080078E-03
1,22.14,7.31659325072542,-5.96046447753906E-03
1,22.15,7.31992655061185,-8.94069671630859E-03
1,22.16,7.32325985049829,-1.13248825073242E-02
1,22.17,7.32659315038473,-8.34465026855469E-03
1,22.18,7.32992645027116,-1.31130218505859E-02
1,22.19,7.33325975015759,-1.37090682983398E-02
1,22.2,7.33659305004403,-0.012516975402832
1,22.21,7.33992634993047,-0.012516975402832
1,22.22,7.3432596498169,-1.43051147460938E-02
1,22.23,7.34659294970334,-1.72853469848633E-02
1,22.24,7.34992624958977,-1.54972076416016E-02
1,22.25,7.35325954947621,-1.84774398803711E-02
1,22.26,7.35659284936264,-2.08616256713867E-02
1,22.27,7.35992614924908,-1.31130218505859E-02
1,22.28,7.36325944913551,-1.66893005371094E-02
1,22.29,7.36659274902195,-0.019073486328125
1,22.3,7.36992604890838,-1.96695327758789E-02
1,22.31,7.37325934879482,-2.20537185668945E-02
1,22.32,7.37659264868125,-1.96695327758789E-02
1,22.33,7.37992594856769,-2.20537185668945E-02
1,22.34,7.38325924845412,-2.38418579101563E-02
1,22.35,7.38659254834056,-2.32458114624023E-02
1,22.36,7.389925848227,-2.08616256713867E-02
1,22.37,7.39325914811343,-1.78813934326172E-02
1,22.38,7.39659244799986,-1.66893005371094E-02
1,22.39,7.3999257478863,-1.43051147460938E-02
1,22.4,7.40325904777274,-1.60932540893555E-02
1,22.41,7.40659234765917,-1.66893005371094E-02
1,22.42,7.40992564754561,-1.19209289550781E-02
1,22.43,7.41325894743204,-5.96046447753906E-03
1,22.44,7.41659224731848,-3.57627868652344E-03
1,22.45,7.41992554720491,-2.98023223876953E-03
1,22.46,7.42325884709135,-4.17232513427734E-03
1,22.47,7.42659214697778,-5.96046447753906E-03
1,22.48,7.42992544686422,-4.76837158203125E-03
1,22.49,7.43325874675065,-7.15255737304688E-03
1,22.5,7.43659204663709,-8.94069671630859E-03
1,22.51,7.43992534652352,-1.01327896118164E-02
1,22.52,7.44325864640996,-1.13248825073242E-02
1,22.53,7.44659194629639,-1.19209289550781E-02
1,22.54,7.44992524618283,-1.54972076416016E-02
1,22.55,7.45325854606926,-1.66893005371094E-02
1,22.56,7.4565918459557,-1.49011611938477E-02
1,22.57,7.45992514584214,-1.43051147460938E-02
1,22.58,7.46325844572857,-1.37090682983398E-02
1,22.59,7.46659174561501,-0.012516975402832
1,22.6,7.46992504550144,-8.34465026855469E-03
1,22.61,7.47325834538788,-5.36441802978516E-03
1,22.62,7.47659164527431,-2.98023223876953E-03
1,22.63,7.47992494516075,-6.55651092529297E-03
1,22.64,7.48325824504718,-8.94069671630859E-03
1,22.65,7.48659154493362,-6.55651092529297E-03
1,22.66,7.48992484482005,-7.15255737304688E-03
1,22.67,7.49325814470649,-8.34465026855469E-03
1,22.68,7.49659144459292,-9.5367431640625E-03
1,22.69,7.49992474447936,-1.13248825073242E-02
1,22.7,7.50325804436579,-1.43051147460938E-02
1,22.71,7.50659134425223,-1.19209289550781E-02
1,22.72,7.50992464413866,-0.012516975402832
1,22.73,7.5132579440251,-1.31130218505859E-02
1,22.74,7.51659124391153,-1.43051147460938E-02
1,22.75,7.51992454379797,-1.37090682983398E-02
1,22.76,7.52325784368441,-1.72853469848633E-02
1,22.77,7.52659114357084,-1.84774398803711E-02
1,22.78,7.52992444345728,-1.66893005371094E-02
1,22.79,7.53325774334371,-1.66893005371094E-02
1,22.8,7.53659104323015,-1.84774398803711E-02
1,22.81,7.53992434311658,-1.49011611938477E-02
1,22.82,7.54325764300302,-1.49011611938477E-02
1,22.83,7.54659094288945,-1.13248825073242E-02
1,22.84,7.54992424277589,-1.43051147460938E-02
1,22.85,7.55325754266232,-1.37090682983398E-02
1,22.86,7.55659084254876,-1.07288360595703E-02
1,22.87,7.55992414243519,-1.07288360595703E-02
1,22.88,7.56325744232163,-1.13248825073242E-02
1,22.89,7.56659074220806,-1.19209289550781E-02
1,22.9,7.5699240420945,-8.34465026855469E-03
1,22.91,7.57325734198094,-8.34465026855469E-03
1,22.92,7.57659064186737,-5.96046447753906E-03
1,22.93,7.5799239417538,-7.15255737304688E-03
1,22.94,7.58325724164024,-6.55651092529297E-03
1,22.95,7.58659054152668,-2.38418579101563E-03
1,22.96,7.58992384141311,-4.17232513427734E-03
1,22.97,7.59325714129955,-4.17232513427734E-03
1,22.98,7.59659044118598,0
1,22.99,7.59992374107242,5.96046447753906E-04
1,23,7.60325704095885,-1.78813934326172E-03
1,23.01,7.60659034084529,-2.98023223876953E-03
1,23.02,7.60992364073172,-6.55651092529297E-03
1,23.03,7.61325694061816,-4.17232513427734E-03
1,23.04,7.61659024050459,-1.78813934326172E-03
1,23.05,7.61992354039103,-2.98023223876953E-03
1,23.06,7.62325684027746,-4.17232513427734E-03
1,23.07,7.6265901401639,5.96046447753906E-04
1,23.08,7.62992344005033,2.38418579101563E-03
1,23.09,7.63325673993677,4.17232513427734E-03
1,23.1,7.63659003982321,4.76837158203125E-03
1,23.11,7.63992333970964,7.74860382080078E-03
1,23.12,7.64325663959607,9.5367431640625E-03
1,23.13,7.64658993948251,1.13248825073242E-02
1,23.14,7.64992323936895,0.012516975402832
1,23.15,7.65325653925538,0.019073486328125
1,23.16,7.65658983914182,1.96695327758789E-02
1,23.17,7.65992313902825,1.60932540893555E-02
1,23.18,7.66325643891469,1.54972076416016E-02
1,23.19,7.66658973880112,1.66893005371094E-02
1,23.2,7.66992303868756,1.31130218505859E-02
1,23.21,7.67325633857399,1.43051147460938E-02
1,23.22,7.67658963846043,1.19209289550781E-02
1,23.23,7.67992293834686,0.012516975402832
1,23.24,7.6832562382333,1.07288360595703E-02
1,23.25,7.68658953811973,7.15255737304688E-03
1,23.26,7.68992283800617,3.57627868652344E-03
1,23.27,7.6932561378926,2.38418579101563E-03
1,23.28,7.69658943777904,1.78813934326172E-03
1,23.29,7.69992273766547,1.19209289550781E-03
1,23.3,7.70325603755191,3.57627868652344E-03
1,23.31,7.70658933743835,6.55651092529297E-03
1,23.32,7.70992263732478,7.15255737304688E-03
1,23.33,7.71325593721122,6.55651092529297E-03
1,23.34,7.71658923709765,5.96046447753906E-03
1,23.35,7.71992253698409,6.55651092529297E-03
1,23.36,7.72325583687052,5.36441802978516E-03
1,23.37,7.72658913675696,4.76837158203125E-03
1,23.38,7.72992243664339,3.57627868652344E-03
1,23.39,7.73325573652983,5.96046447753906E-04
1,23.4,7.73658903641626,0
1,23.41,7.7399223363027,-5.96046447753906E-04
1,23.42,7.74325563618913,-3.57627868652344E-03
1,23.43,7.74658893607557,-8.94069671630859E-03
1,23.44,7.749922235962,-7.74860382080078E-03
1,23.45,7.75325553584844,-9.5367431640625E-03
1,23.46,7.75658883573487,-7.74860382080078E-03
1,23.47,7.75992213562131,-9.5367431640625E-03
1,23.48,7.76325543550774,-8.94069671630859E-03
1,23.49,7.76658873539418,-1.07288360595703E-02
1,23.5,7.76992203528062,-1.07288360595703E-02
1,23.51,7.77325533516705,-1.07288360595703E-02
1,23.52,7.77658863505349,-5.96046447753906E-03
1,23.53,7.77992193493992,-4.17232513427734E-03
1,23.54,7.78325523482636,-4.17232513427734E-03
1,23.55,7.78658853471279,-4.76837158203125E-03
1,23.56,7.78992183459923,1.19209289550781E-03
1,23.57,7.79325513448566,2.38418579101563E-03
1,23.58,7.7965884343721,4.76837158203125E-03
1,23.59,7.79992173425853,3.57627868652344E-03
1,23.6,7.80325503414497,5.36441802978516E-03
1,23.61,7.8065883340314,8.34465026855469E-03
1,23.62,7.80992163391784,8.94069671630859E-03
1,23.63,7.81325493380427,1.07288360595703E-02
1,23.64,7.81658823369071,8.94069671630859E-03
1,23.65,7.81992153357715,8.94069671630859E-03
1,23.66,7.82325483346358,8.94069671630859E-03
1,23.67,7.82658813335002,4.76837158203125E-03
1,23.68,7.82992143323645,2.98023223876953E-03
1,23.69,7.83325473312289,1.19209289550781E-03
1,23.7,7.83658803300932,1.78813934326172E-03
1,23.71,7.83992133289576,0
1,23.72,7.84325463278219,-1.78813934326172E-03
1,23.73,7.84658793266863,-1.78813934326172E-03
1,23.74,7.84992123255506,-1.78813934326172E-03
1,23.75,7.8532545324415,-1.19209289550781E-03
1,23.76,7.85658783232793,-2.38418579101563E-03
1,23.77,7.85992113221437,-2.98023223876953E-03
1,23.78,7.8632544321008,-5.96046447753906E-03
1,23.79,7.86658773198724,-5.36441802978516E-03
1,23.8,7.86992103187367,-3.57627868652344E-03
1,23.81,7.87325433176011,-5.36441802978516E-03
1,23.82,7.87658763164654,-2.98023223876953E-03
1,23.83,7.87992093153298,-5.36441802978516E-03
1,23.84,7.88325423141941,0
1,23.85,7.88658753130585,-2.98023223876953E-03
1,23.86,7.88992083119228,-1.19209289550781E-03
1,23.87,7.89325413107872,2.38418579101563E-03
1,23.88,7.89658743096516,0
1,23.89,7.89992073085159,-4.17232513427734E-03
1,23.9,7.90325403073803,-5.36441802978516E-03
1,23.91,7.90658733062446,-1.19209289550781E-02
1,23.92,7.9099206305109,-1.19209289550781E-02
1,23.93,7.91325393039733,-1.07288360595703E-02
1,23.94,7.91658723028377,-1.07288360595703E-02
1,23.95,7.9199205301702,-1.43051147460938E-02
1,23.96,7.92325383005664,-0.012516975402832
1,23.97,7.92658712994307,-2.20537185668945E-02
1,23.98,7.92992042982951,-1.66893005371094E-02
1,23.99,7.93325372971594,-1.43051147460938E-02
1,24,7.93658702960238,-1.66893005371094E-02
1,24.01,7.94325362937525,-1.07288360595703E-02
1,24.03,7.94658692926169,-1.43051147460938E-02
1,24.04,7.94992022914812,-1.49011611938477E-02
1,24.05,7.95325352903456,-1.13248825073242E-02
1,24.06,7.95658682892099,-1.07288360595703E-02
1,24.07,7.95992012880743,-9.5367431640625E-03
1,24.08,7.96325342869386,-1.07288360595703E-02
1,24.09,7.9665867285803,-1.19209289550781E-02
1,24.1,7.97325332835317,-1.13248825073242E-02
1,24.12,7.9765866282396,-2.98023223876953E-03
1,24.13,7.97991992812604,-2.38418579101563E-03
1,24.14,7.98325322801247,-2.98023223876953E-03
1,24.15,7.98658652789891,-1.19209289550781E-03
1,24.16,7.98991982778534,2.98023223876953E-03
1,24.17,7.99325312767178,5.96046447753906E-04
1,24.18,7.99658642755821,0
1,24.19,8.00325302733108,2.98023223876953E-03
1,24.21,8.00658632721752,5.96046447753906E-04
1,24.22,8.00991962710395,5.96046447753906E-04
1,24.23,8.01325292699039,-5.96046447753906E-04
1,24.24,8.01991952676326,4.76837158203125E-03
1,24.25,8.0232528266497,2.38418579101563E-03
1,24.27,8.02658612653613,3.57627868652344E-03
1,24.28,8.02991942642257,5.36441802978516E-03
1,24.29,8.03658602619544,-2.98023223876953E-03
1,24.3,8.03991932608187,-2.38418579101563E-03
1,24.31,8.04325262596831,-5.96046447753906E-04
1,24.33,8.04658592585474,-3.57627868652344E-03
1,24.34,8.05325252562761,-4.17232513427734E-03
1,24.35,8.05658582551405,-5.36441802978516E-03
1,24.36,8.05991912540048,-8.94069671630859E-03
1,24.37,8.06325242528692,-1.01327896118164E-02
1,24.38,8.06658572517335,-7.15255737304688E-03
1,24.39,8.06991902505979,-9.5367431640625E-03
1,24.4,8.07325232494623,-5.36441802978516E-03
1,24.41,8.07658562483266,-7.15255737304688E-03
1,24.42,8.0799189247191,-4.76837158203125E-03
1,24.43,8.08325222460553,-1.07288360595703E-02
1,24.44,8.08658552449197,-1.19209289550781E-02
1,24.45,8.0899188243784,-1.60932540893555E-02
1,24.46,8.09325212426484,-1.96695327758789E-02
1,24.47,8.09658542415127,-1.84774398803711E-02
1,24.48,8.09991872403771,-1.96695327758789E-02
1,24.49,8.10325202392414,-1.43051147460938E-02
1,24.5,8.10658532381058,-1.72853469848633E-02
1,24.51,8.10991862369701,-1.72853469848633E-02
1,24.52,8.11325192358345,-1.60932540893555E-02
1,24.53,8.11658522346988,-1.37090682983398E-02
1,24.54,8.11991852335632,-1.31130218505859E-02
1,24.55,8.12325182324276,-1.07288360595703E-02
1,24.56,8.12658512312919,-1.07288360595703E-02
1,24.57,8.12991842301562,-1.49011611938477E-02
1,24.58,8.13325172290206,-0.012516975402832
1,24.59,8.13658502278849,-1.13248825073242E-02
1,24.6,8.13991832267493,-7.15255737304688E-03
1,24.61,8.14325162256137,-5.96046447753906E-03
1,24.62,8.1465849224478,-6.55651092529297E-03
1,24.63,8.14991822233424,-4.76837158203125E-03
1,24.64,8.15325152222067,-5.36441802978516E-03
1,24.65,8.15658482210711,-7.15255737304688E-03
1,24.66,8.15991812199354,-5.96046447753906E-03
1,24.67,8.16325142187998,-1.01327896118164E-02
1,24.68,8.16658472176641,-9.5367431640625E-03
1,24.69,8.16991802165285,-1.31130218505859E-02
1,24.7,8.17325132153928,-1.72853469848633E-02
1,24.71,8.17658462142572,-1.84774398803711E-02
1,24.72,8.17991792131215,-2.08616256713867E-02
1,24.73,8.18325122119859,-2.26497650146484E-02
1,24.74,8.18658452108502,-2.20537185668945E-02
1,24.75,8.18991782097146,-2.14576721191406E-02
1,24.76,8.19325112085789,-2.14576721191406E-02
1,24.77,8.19658442074433,-2.20537185668945E-02
1,24.78,8.19991772063077,-2.50339508056641E-02
1,24.79,8.2032510205172,-2.80141830444336E-02
1,24.8,8.20658432040364,-2.32458114624023E-02
1,24.81,8.20991762029007,-2.26497650146484E-02
1,24.82,8.21325092017651,-2.08616256713867E-02
1,24.83,8.21658422006294,-1.84774398803711E-02
1,24.84,8.21991751994938,-2.08616256713867E-02
1,24.85,8.22325081983581,-2.20537185668945E-02
1,24.86,8.22658411972225,-0.019073486328125
1,24.87,8.22991741960868,-1.96695327758789E-02
1,24.88,8.23325071949512,-0.019073486328125
1,24.89,8.23658401938155,-0.019073486328125
1,24.9,8.23991731926799,-2.14576721191406E-02
1,24.91,8.24325061915443,-2.20537185668945E-02
1,24.92,8.24658391904086,-2.32458114624023E-02
1,24.93,8.24991721892729,-2.08616256713867E-02
1,24.94,8.25325051881373,-2.20537185668945E-02
1,24.95,8.25658381870016,-2.14576721191406E-02
1,24.96,8.2599171185866,-2.14576721191406E-02
1,24.97,8.26325041847304,-2.02655792236328E-02
1,24.98,8.26658371835947,-0.019073486328125
1,24.99,8.26991701824591,-1.84774398803711E-02
1,25,8.27325031813234,-1.66893005371094E-02
1,25.01,8.27658361801878,-1.13248825073242E-02
1,25.02,8.27991691790521,-8.94069671630859E-03
1,25.03,8.28325021779165,-7.15255737304688E-03
1,25.04,8.28658351767808,-8.94069671630859E-03
1,25.05,8.28991681756452,-5.36441802978516E-03
1,25.06,8.29325011745095,-6.55651092529297E-03
1,25.07,8.29658341733739,-4.76837158203125E-03
1,25.08,8.29991671722382,-2.98023223876953E-03
1,25.09,8.30325001711026,-2.98023223876953E-03
1,25.1,8.30658331699669,-7.15255737304688E-03
1,25.11,8.30991661688313,-8.94069671630859E-03
1,25.12,8.31324991676956,-5.36441802978516E-03
1,25.13,8.316583216656,-8.34465026855469E-03
1,25.14,8.31991651654244,-0.012516975402832
1,25.15,8.32324981642887,-1.19209289550781E-02
1,25.16,8.32658311631531,-1.66893005371094E-02
1,25.17,8.32991641620174,-1.49011611938477E-02
1,25.18,8.33324971608818,-1.72853469848633E-02
1,25.19,8.33658301597461,-1.54972076416016E-02
1,25.2,8.33991631586105,-1.72853469848633E-02
1,25.21,8.34324961574748,-1.43051147460938E-02
1,25.22,8.34658291563392,-1.54972076416016E-02
1,25.23,8.34991621552035,-2.02655792236328E-02
1,25.24,8.35324951540679,-1.54972076416016E-02
1,25.25,8.35658281529322,-1.78813934326172E-02
1,25.26,8.35991611517966,-1.72853469848633E-02
1,25.27,8.36324941506609,-1.78813934326172E-02
1,25.28,8.36658271495253,-2.02655792236328E-02
1,25.29,8.36991601483897,-1.72853469848633E-02
1,25.3,8.3732493147254,-1.84774398803711E-02
1,25.31,8.37658261461183,-1.54972076416016E-02
1,25.32,8.37991591449827,-1.60932540893555E-02
1,25.33,8.3832492143847,-1.43051147460938E-02
1,25.34,8.38658251427114,-1.37090682983398E-02
1,25.35,8.38991581415758,-0.012516975402832
1,25.36,8.39324911404401,-1.13248825073242E-02
1,25.37,8.39658241393045,-1.31130218505859E-02
1,25.38,8.39991571381688,-1.01327896118164E-02
1,25.39,8.40324901370332,-1.19209289550781E-02
1,25.4,8.40658231358975,-8.34465026855469E-03
1,25.41,8.40991561347619,-8.94069671630859E-03
1,25.42,8.41324891336262,-1.07288360595703E-02
1,25.43,8.41658221324906,-1.07288360595703E-02
1,25.44,8.41991551313549,-0.012516975402832
1,25.45,8.42324881302193,-0.019073486328125
1,25.46,8.42658211290836,-2.26497650146484E-02
1,25.47,8.4299154127948,-2.86102294921875E-02
1,25.48,8.43324871268123,-2.98023223876953E-02
1,25.49,8.43658201256767,-3.03983688354492E-02
1,25.5,8.4399153124541,-3.27825546264648E-02
1,25.51,8.44324861234054,-3.93390655517578E-02
1,25.52,8.44658191222698,-0.03814697265625
1,25.53,8.44991521211341,-0.03814697265625
1,25.54,8.45324851199985,-3.57627868652344E-02
1,25.55,8.45658181188628,-3.63588333129883E-02
1,25.56,8.45991511177272,-3.27825546264648E-02
1,25.57,8.46324841165915,-2.86102294921875E-02
1,25.58,8.46658171154559,-2.68220901489258E-02
1,25.59,8.46991501143202,-0.025629997253418
1,25.6,8.47324831131846,-2.26497650146484E-02
1,25.61,8.47658161120489,-2.38418579101563E-02
1,25.62,8.47991491109133,-1.84774398803711E-02
1,25.63,8.48324821097776,-0.019073486328125
1,25.64,8.4865815108642,-0.019073486328125
1,25.65,8.48991481075064,-1.37090682983398E-02
1,25.66,8.49324811063707,-1.19209289550781E-02
1,25.67,8.4965814105235,-1.49011611938477E-02
1,25.68,8.49991471040994,-1.43051147460938E-02
1,25.69,8.50324801029637,-1.19209289550781E-02
1,25.7,8.50658131018281,-9.5367431640625E-03
1,25.71,8.50991461006925,-6.55651092529297E-03
1,25.72,8.51324790995568,-2.98023223876953E-03
1,25.73,8.51658120984212,-1.19209289550781E-03
1,25.74,8.51991450972855,5.96046447753906E-04
1,25.75,8.52324780961499,-1.19209289550781E-03
1,25.76,8.52658110950142,-2.98023223876953E-03
1,25.77,8.52991440938786,-2.98023223876953E-03
1,25.78,8.53324770927429,-2.98023223876953E-03
1,25.79,8.53658100916073,-7.15255737304688E-03
1,25.8,8.53991430904716,-8.34465026855469E-03
1,25.81,8.5432476089336,-1.19209289550781E-02
1,25.82,8.54658090882003,-1.13248825073242E-02
1,25.83,8.54991420870647,-8.94069671630859E-03
1,25.84,8.5532475085929,-9.5367431640625E-03
1,25.85,8.55658080847934,-1.01327896118164E-02
1,25.86,8.55991410836577,-1.19209289550781E-02
1,25.87,8.56324740825221,-1.13248825073242E-02
1,25.88,8.56658070813865,-1.43051147460938E-02
1,25.89,8.56991400802508,-0.012516975402832
1,25.9,8.57324730791152,-1.31130218505859E-02
1,25.91,8.57658060779795,-1.31130218505859E-02
1,25.92,8.57991390768439,-1.19209289550781E-02
1,25.93,8.58324720757082,-0.012516975402832
1,25.94,8.58658050745726,-1.13248825073242E-02
1,25.95,8.58991380734369,-1.31130218505859E-02
1,25.96,8.59324710723013,-1.49011611938477E-02
1,25.97,8.59658040711656,-1.60932540893555E-02
1,25.98,8.599913707003,-1.60932540893555E-02
1,25.99,8.60324700688943,-1.72853469848633E-02
1,26,8.60658030677587,-1.96695327758789E-02
1,26.01,8.6099136066623,-0.019073486328125
1,26.02,8.61324690654874,-1.60932540893555E-02
1,26.03,8.61658020643518,-1.60932540893555E-02
1,26.04,8.61991350632161,-2.14576721191406E-02
1,26.05,8.62324680620804,-2.20537185668945E-02
1,26.06,8.62658010609448,-2.38418579101563E-02
1,26.07,8.62991340598091,-2.20537185668945E-02
1,26.08,8.63324670586735,-2.14576721191406E-02
1,26.09,8.63658000575379,-2.26497650146484E-02
1,26.1,8.63991330564022,-1.84774398803711E-02
1,26.11,8.64324660552666,-1.72853469848633E-02
1,26.12,8.64657990541309,-1.49011611938477E-02
1,26.13,8.64991320529953,-1.72853469848633E-02
1,26.14,8.65324650518596,-1.07288360595703E-02
1,26.15,8.6565798050724,-7.74860382080078E-03
1,26.16,8.65991310495883,-7.15255737304688E-03
1,26.17,8.66324640484527,-7.74860382080078E-03
1,26.18,8.6665797047317,-6.55651092529297E-03
1,26.19,8.66991300461814,-5.36441802978516E-03
1,26.2,8.67324630450457,-4.76837158203125E-03
1,26.21,8.67657960439101,-5.96046447753906E-03
1,26.22,8.67991290427744,-8.94069671630859E-03
1,26.23,8.68324620416388,-1.01327896118164E-02
1,26.24,8.68657950405031,-1.01327896118164E-02
1,26.25,8.68991280393675,-1.19209289550781E-02
1,26.26,8.69324610382319,-1.49011611938477E-02
1,26.27,8.69657940370962,-1.54972076416016E-02
1,26.28,8.69991270359606,-1.60932540893555E-02
1,26.29,8.70324600348249,-2.02655792236328E-02
1,26.3,8.70657930336893,-2.08616256713867E-02
1,26.31,8.70991260325536,-2.26497650146484E-02
1,26.32,8.7132459031418,-2.20537185668945E-02
1,26.33,8.71657920302823,-2.26497650146484E-02
1,26.34,8.71991250291467,-2.44379043579102E-02
1,26.35,8.7232458028011,-2.38418579101563E-02
1,26.36,8.72657910268754,-1.96695327758789E-02
1,26.37,8.72991240257397,-1.54972076416016E-02
1,26.38,8.73324570246041,-1.19209289550781E-02
1,26.39,8.73657900234685,-8.34465026855469E-03
1,26.4,8.73991230223328,-8.94069671630859E-03
1,26.41,8.74324560211971,-5.96046447753906E-03
1,26.42,8.74657890200615,-5.36441802978516E-03
1,26.43,8.74991220189258,-1.78813934326172E-03
1,26.44,8.75324550177902,0
1,26.45,8.75657880166546,0
1,26.46,8.75991210155189,5.96046447753906E-04
1,26.47,8.76324540143833,1.78813934326172E-03
1,26.48,8.76657870132476,2.98023223876953E-03
1,26.49,8.7699120012112,-1.78813934326172E-03
1,26.5,8.77324530109763,-5.96046447753906E-04
1,26.51,8.77657860098407,5.96046447753906E-04
1,26.52,8.7799119008705,0
1,26.53,8.78324520075694,-4.17232513427734E-03
1,26.54,8.78657850064337,-5.96046447753906E-04
1,26.55,8.78991180052981,0
1,26.56,8.79324510041624,2.38418579101563E-03
1,26.57,8.79657840030268,1.78813934326172E-03
1,26.58,8.79991170018911,1.19209289550781E-03
1,26.59,8.80324500007555,0
1,26.6,8.80657829996198,0
1,26.61,8.80991159984842,-1.78813934326172E-03
1,26.62,8.81324489973486,-1.78813934326172E-03
1,26.63,8.81657819962129,-4.17232513427734E-03
1,26.64,8.81991149950773,-5.96046447753906E-03
1,26.65,8.82324479939416,-6.55651092529297E-03
1,26.66,8.8265780992806,-8.34465026855469E-03
1,26.67,8.82991139916703,-8.94069671630859E-03
1,26.68,8.83324469905347,-1.13248825073242E-02
1,26.69,8.8365779989399,-1.31130218505859E-02
1,26.7,8.83991129882634,-0.012516975402832
1,26.71,8.84324459871277,-1.49011611938477E-02
1,26.72,8.84657789859921,-2.02655792236328E-02
1,26.73,8.84991119848564,-2.08616256713867E-02
1,26.74,8.85324449837208,-2.02655792236328E-02
1,26.75,8.85657779825851,-1.72853469848633E-02
1,26.76,8.85991109814495,-1.72853469848633E-02
1,26.77,8.86324439803139,-1.54972076416016E-02
1,26.78,8.86657769791782,-1.07288360595703E-02
1,26.79,8.86991099780425,-6.55651092529297E-03
1,26.8,8.87324429769069,-2.38418579101563E-03
1,26.81,8.87657759757712,5.96046447753906E-04
1,26.82,8.87991089746356,5.96046447753906E-04
1,26.83,8.88324419735,-5.96046447753906E-04
1,26.84,8.88657749723643,-1.78813934326172E-03
1,26.85,8.88991079712287,-7.15255737304688E-03
1,26.86,8.8932440970093,-6.55651092529297E-03
1,26.87,8.89657739689574,-8.34465026855469E-03
1,26.88,8.89991069678217,-8.94069671630859E-03
1,26.89,8.90324399666861,-8.94069671630859E-03
1,26.9,8.90657729655504,-1.19209289550781E-02
1,26.91,8.90991059644148,-1.13248825073242E-02
1,26.92,8.91324389632791,-8.94069671630859E-03
1,26.93,8.91657719621435,-1.37090682983398E-02
1,26.94,8.91991049610078,-1.49011611938477E-02
1,26.95,8.92324379598722,-1.60932540893555E-02
1,26.96,8.92657709587365,-1.60932540893555E-02
1,26.97,8.92991039576009,-1.31130218505859E-02
1,26.98,8.93324369564652,-1.43051147460938E-02
1,26.99,8.93657699553296,-1.43051147460938E-02
1,27,8.9399102954194,-1.49011611938477E-02
1,27.01,8.94324359530583,-1.72853469848633E-02
1,27.02,8.94657689519227,-1.72853469848633E-02
1,27.03,8.9499101950787,-1.72853469848633E-02
1,27.04,8.95324349496514,-1.72853469848633E-02
1,27.05,8.95657679485157,-1.43051147460938E-02
1,27.06,8.95991009473801,-1.60932540893555E-02
1,27.07,8.96324339462444,-1.84774398803711E-02
1,27.08,8.96657669451088,-1.72853469848633E-02
1,27.09,8.96990999439731,-2.08616256713867E-02
1,27.1,8.97324329428375,-2.08616256713867E-02
1,27.11,8.97657659417018,-1.84774398803711E-02
1,27.12,8.97990989405662,-1.49011611938477E-02
1,27.13,8.98324319394306,-1.72853469848633E-02
1,27.14,8.98657649382949,-1.49011611938477E-02
1,27.15,8.98990979371592,-1.37090682983398E-02
1,27.16,8.99324309360236,-1.60932540893555E-02
1,27.17,8.99657639348879,-1.60932540893555E-02
1,27.18,8.99990969337523,-1.37090682983398E-02
1,27.19,9.00324299326167,-1.72853469848633E-02
1,27.2,9.0065762931481,-1.72853469848633E-02
1,27.21,9.00990959303454,-1.96695327758789E-02
1,27.22,9.01324289292097,-1.54972076416016E-02
1,27.23,9.01657619280741,-1.43051147460938E-02
1,27.24,9.01990949269384,-1.07288360595703E-02
1,27.25,9.02324279258028,-1.66893005371094E-02
1,27.26,9.02657609246671,-1.72853469848633E-02
1,27.27,9.02990939235315,-1.78813934326172E-02
1,27.28,9.03324269223958,-1.84774398803711E-02
1,27.29,9.03657599212602,-2.02655792236328E-02
1,27.3,9.03990929201245,-1.84774398803711E-02
1,27.31,9.04324259189889,-0.025629997253418
1,27.32,9.04657589178532,-2.80141830444336E-02
1,27.33,9.04990919167176,-2.62260437011719E-02
1,27.34,9.05324249155819,-2.50339508056641E-02
1,27.35,9.05657579144463,-2.44379043579102E-02
1,27.36,9.05990909133107,-2.14576721191406E-02
1,27.37,9.0632423912175,-2.32458114624023E-02
1,27.38,9.06657569110394,-0.019073486328125
1,27.39,9.06990899099037,-1.72853469848633E-02
1,27.4,9.07324229087681,-1.31130218505859E-02
1,27.41,9.07657559076324,-1.01327896118164E-02
1,27.42,9.07990889064968,-1.31130218505859E-02
1,27.43,9.08324219053611,-1.31130218505859E-02
1,27.44,9.08657549042255,-1.66893005371094E-02
1,27.45,9.08990879030898,-1.60932540893555E-02
1,27.46,9.09324209019542,-1.84774398803711E-02
1,27.47,9.09657539008185,-2.20537185668945E-02
1,27.48,9.09990868996829,-2.62260437011719E-02
1,27.49,9.10324198985472,-3.03983688354492E-02
1,27.5,9.10657528974116,-2.80141830444336E-02
1,27.51,9.1099085896276,-2.80141830444336E-02
1,27.52,9.11324188951403,-2.98023223876953E-02
1,27.53,9.11657518940046,-2.92062759399414E-02
1,27.54,9.1199084892869,-2.62260437011719E-02
1,27.55,9.12324178917333,-2.44379043579102E-02
1,27.56,9.12657508905977,-0.025629997253418
1,27.57,9.12990838894621,-0.025629997253418
1,27.58,9.13324168883264,-2.68220901489258E-02
1,27.59,9.13657498871908,-0.025629997253418
1,27.6,9.13990828860551,-2.62260437011719E-02
1,27.61,9.14324158849195,-2.08616256713867E-02
1,27.62,9.14657488837838,-2.44379043579102E-02
1,27.63,9.14990818826482,-2.20537185668945E-02
1,27.64,9.15324148815125,-1.84774398803711E-02
1,27.65,9.15657478803769,-0.019073486328125
1,27.66,9.15990808792412,-1.66893005371094E-02
1,27.67,9.16324138781056,-0.019073486328125
1,27.68,9.16657468769699,-1.84774398803711E-02
1,27.69,9.16990798758343,-1.49011611938477E-02
1,27.7,9.17324128746986,-1.66893005371094E-02
1,27.71,9.1765745873563,-1.96695327758789E-02
1,27.72,9.17990788724273,-2.20537185668945E-02
1,27.73,9.18324118712917,-2.26497650146484E-02
1,27.74,9.18657448701561,-2.26497650146484E-02
1,27.75,9.18990778690204,-2.08616256713867E-02
1,27.76,9.19324108678848,-2.32458114624023E-02
1,27.77,9.19657438667491,-2.26497650146484E-02
1,27.78,9.19990768656135,-0.025629997253418
1,27.79,9.20324098644778,-0.025629997253418
1,27.8,9.20657428633422,-2.92062759399414E-02
1,27.81,9.20990758622065,-3.03983688354492E-02
1,27.82,9.21324088610709,-3.21865081787109E-02
1,27.83,9.21657418599352,-3.03983688354492E-02
1,27.84,9.21990748587996,-3.09944152832031E-02
1,27.85,9.22324078576639,-3.45706939697266E-02
1,27.86,9.22657408565283,-3.99351119995117E-02
1,27.87,9.22990738553927,-3.69548797607422E-02
1,27.88,9.2332406854257,-0.031590461730957
1,27.89,9.23657398531213,-2.92062759399414E-02
1,27.9,9.23990728519857,-2.86102294921875E-02
1,27.91,9.243240585085,-2.74181365966797E-02
1,27.92,9.24657388497144,-2.26497650146484E-02
1,27.93,9.24990718485788,-2.02655792236328E-02
1,27.94,9.25324048474431,-2.32458114624023E-02
1,27.95,9.25657378463075,-1.96695327758789E-02
1,27.96,9.25990708451718,-1.66893005371094E-02
1,27.97,9.26324038440362,-1.60932540893555E-02
1,27.98,9.26657368429005,-1.78813934326172E-02
1,27.99,9.26990698417649,-1.43051147460938E-02
1,28,9.27324028406292,-0.012516975402832
1,28.01,9.27657358394936,-1.13248825073242E-02
1,28.02,9.27990688383579,-1.43051147460938E-02
1,28.03,9.28324018372223,-1.01327896118164E-02
1,28.04,9.28657348360866,-1.31130218505859E-02
1,28.05,9.2899067834951,-1.31130218505859E-02
1,28.06,9.29324008338153,-1.72853469848633E-02
1,28.07,9.29657338326797,-2.02655792236328E-02
1,28.08,9.2999066831544,-2.20537185668945E-02
1,28.09,9.30323998304084,-2.20537185668945E-02
1,28.1,9.30657328292728,-2.20537185668945E-02
1,28.11,9.30990658281371,-2.68220901489258E-02
1,28.12,9.31323988270015,-0.025629997253418
1,28.13,9.31657318258658,-2.86102294921875E-02
1,28.14,9.31990648247302,-2.74181365966797E-02
1,28.15,9.32323978235945,-2.86102294921875E-02
1,28.16,9.32657308224589,-3.27825546264648E-02
1,28.17,9.32990638213232,-0.031590461730957
1,28.18,9.33323968201876,-2.86102294921875E-02
1,28.19,9.33657298190519,-3.09944152832031E-02
1,28.2,9.33990628179163,-2.98023223876953E-02
1,28.21,9.34323958167806,-3.03983688354492E-02
1,28.22,9.3465728815645,-3.03983688354492E-02
1,28.23,9.34990618145093,-3.03983688354492E-02
1,28.24,9.35323948133737,-2.62260437011719E-02
1,28.25,9.35657278122381,-2.50339508056641E-02
1,28.26,9.35990608111024,-2.44379043579102E-02
1,28.27,9.36323938099667,-2.44379043579102E-02
1,28.28,9.36657268088311,-2.74181365966797E-02
1,28.29,9.36990598076954,-2.38418579101563E-02
1,28.3,9.37323928065598,-2.20537185668945E-02
1,28.31,9.37657258054242,-2.02655792236328E-02
1,28.32,9.37990588042885,-2.20537185668945E-02
1,28.33,9.38323918031529,-2.32458114624023E-02
1,28.34,9.38657248020172,-2.38418579101563E-02
1,28.35,9.38990578008816,-2.44379043579102E-02
1,28.36,9.39323907997459,-2.50339508056641E-02
1,28.37,9.39657237986103,-3.03983688354492E-02
1,28.38,9.39990567974746,-0.031590461730957
1,28.39,9.4032389796339,-3.51667404174805E-02
1,28.4,9.40657227952033,-3.57627868652344E-02
1,28.41,9.40990557940677,-3.75509262084961E-02
1,28.42,9.4132388792932,-3.57627868652344E-02
1,28.43,9.41657217917964,-0.03814697265625
1,28.44,9.41990547906607,-0.03814697265625
1,28.45,9.42323877895251,-3.93390655517578E-02
1,28.46,9.42657207883894,-4.05311584472656E-02
1,28.47,9.42990537872538,-3.87430191040039E-02
1,28.48,9.43323867861182,-0.03814697265625
1,28.49,9.43657197849825,-3.75509262084961E-02
1,28.5,9.43990527838469,-3.69548797607422E-02
1,28.51,9.44323857827112,-4.11272048950195E-02
1,28.52,9.44657187815756,-4.52995300292969E-02
1,28.53,9.44990517804399,-4.64916229248047E-02
1,28.54,9.45323847793043,-4.76837158203125E-02
1,28.55,9.45657177781686,-4.58955764770508E-02
1,28.56,9.4599050777033,-4.70876693725586E-02
1,28.57,9.46323837758973,-4.70876693725586E-02
1,28.58,9.46657167747617,-0.044703483581543
1,28.59,9.4699049773626,-4.35113906860352E-02
1,28.6,9.47323827724904,-4.17232513427734E-02
1,28.61,9.47657157713548,-3.99351119995117E-02
1,28.62,9.47990487702191,-4.35113906860352E-02
1,28.63,9.48323817690834,-3.99351119995117E-02
1,28.64,9.48657147679478,-3.75509262084961E-02
1,28.65,9.48990477668121,-3.51667404174805E-02
1,28.66,9.49323807656765,-3.63588333129883E-02
1,28.67,9.49657137645409,-3.51667404174805E-02
1,28.68,9.49990467634052,-3.87430191040039E-02
1,28.69,9.50323797622696,-0.03814697265625
1,28.7,9.50657127611339,-3.63588333129883E-02
1,28.71,9.50990457599983,-3.63588333129883E-02
1,28.72,9.51323787588626,-3.69548797607422E-02
1,28.73,9.5165711757727,-3.63588333129883E-02
1,28.74,9.51990447565913,-3.63588333129883E-02
1,28.75,9.52323777554557,-3.39746475219727E-02
1,28.76,9.526571075432,-3.27825546264648E-02
1,28.77,9.52990437531844,-3.21865081787109E-02
1,28.78,9.53323767520487,-3.21865081787109E-02
1,28.79,9.53657097509131,-3.57627868652344E-02
1,28.8,9.53990427497774,-3.63588333129883E-02
1,28.81,9.54323757486418,-3.33786010742188E-02
1,28.82,9.54657087475061,-3.75509262084961E-02
1,28.83,9.54990417463705,-3.51667404174805E-02
1,28.84,9.55323747452349,-3.87430191040039E-02
1,28.85,9.55657077440992,-3.57627868652344E-02
1,28.86,9.55990407429636,-3.39746475219727E-02
1,28.87,9.56323737418279,-3.09944152832031E-02
1,28.88,9.56657067406923,-3.03983688354492E-02
1,28.89,9.56990397395566,-2.92062759399414E-02
1,28.9,9.5732372738421,-2.98023223876953E-02
1,28.91,9.57657057372853,-2.44379043579102E-02
1,28.92,9.57990387361497,-2.08616256713867E-02
1,28.93,9.5832371735014,-2.32458114624023E-02
1,28.94,9.58657047338784,-2.20537185668945E-02
1,28.95,9.58990377327427,-0.019073486328125
1,28.96,9.59323707316071,-0.019073486328125
1,28.97,9.59657037304714,-1.49011611938477E-02
1,28.98,9.59990367293358,-1.43051147460938E-02
1,28.99,9.60323697282002,-1.07288360595703E-02
1,29,9.60657027270645,-1.37090682983398E-02
1,29.01,9.60990357259288,-1.84774398803711E-02
1,29.02,9.61323687247932,-1.72853469848633E-02
1,29.03,9.61657017236575,-0.019073486328125
1,29.04,9.61990347225219,-1.96695327758789E-02
1,29.05,9.62323677213863,-2.32458114624023E-02
1,29.06,9.62657007202506,-2.68220901489258E-02
1,29.07,9.6299033719115,-2.50339508056641E-02
1,29.08,9.63323667179793,-2.20537185668945E-02
1,29.09,9.63656997168437,-2.32458114624023E-02
1,29.1,9.6399032715708,-2.86102294921875E-02
1,29.11,9.64323657145724,-2.92062759399414E-02
1,29.12,9.64656987134367,-2.98023223876953E-02
1,29.13,9.64990317123011,-3.03983688354492E-02
1,29.14,9.65323647111654,-3.03983688354492E-02
1,29.15,9.65656977100298,-2.98023223876953E-02
1,29.16,9.65990307088941,-2.92062759399414E-02
1,29.17,9.66323637077585,-3.33786010742188E-02
1,29.18,9.66656967066228,-3.03983688354492E-02
1,29.19,9.66990297054872,-2.86102294921875E-02
1,29.2,9.67323627043515,-2.08616256713867E-02
1,29.21,9.67656957032159,-2.20537185668945E-02
1,29.22,9.67990287020803,-2.14576721191406E-02
1,29.23,9.68323617009446,-2.02655792236328E-02
1,29.24,9.6865694699809,-2.02655792236328E-02
1,29.25,9.68990276986733,-1.84774398803711E-02
1,29.26,9.69323606975377,-1.37090682983398E-02
1,29.27,9.6965693696402,-1.43051147460938E-02
1,29.28,9.69990266952664,-1.43051147460938E-02
1,29.29,9.70323596941307,-1.72853469848633E-02
1,29.3,9.70656926929951,-1.72853469848633E-02
1,29.31,9.70990256918594,-1.37090682983398E-02
1,29.32,9.71323586907238,-1.66893005371094E-02
1,29.33,9.71656916895881,-1.84774398803711E-02
1,29.34,9.71990246884525,-1.78813934326172E-02
1,29.35,9.72323576873169,-2.20537185668945E-02
1,29.36,9.72656906861812,-1.96695327758789E-02
1,29.37,9.72990236850456,-2.14576721191406E-02
1,29.38,9.73323566839099,-2.08616256713867E-02
1,29.39,9.73656896827742,-2.20537185668945E-02
1,29.4,9.73990226816386,-2.26497650146484E-02
1,29.41,9.7432355680503,-2.26497650146484E-02
1,29.42,9.74656886793673,-2.62260437011719E-02
1,29.43,9.74990216782317,-2.50339508056641E-02
1,29.44,9.7532354677096,-2.44379043579102E-02
1,29.45,9.75656876759604,-2.14576721191406E-02
1,29.46,9.75990206748247,-1.84774398803711E-02
1,29.47,9.76323536736891,-1.72853469848633E-02
1,29.48,9.76656866725534,-1.72853469848633E-02
1,29.49,9.76990196714178,-1.66893005371094E-02
1,29.5,9.77323526702821,-1.54972076416016E-02
1,29.51,9.77656856691465,-1.72853469848633E-02
1,29.52,9.77990186680108,-1.72853469848633E-02
1,29.53,9.78323516668752,-1.84774398803711E-02
1,29.54,9.78656846657395,-1.78813934326172E-02
1,29.55,9.78990176646039,-1.78813934326172E-02
1,29.56,9.79323506634682,-1.66893005371094E-02
1,29.57,9.79656836623326,-1.31130218505859E-02
1,29.58,9.7999016661197,-1.01327896118164E-02
1,29.59,9.80323496600613,-9.5367431640625E-03
1,29.6,9.80656826589257,-1.13248825073242E-02
1,29.61,9.809901565779,-7.15255737304688E-03
1,29.62,9.81323486566544,-6.55651092529297E-03
1,29.63,9.81656816555187,-8.34465026855469E-03
1,29.64,9.81990146543831,-4.76837158203125E-03
1,29.65,9.82323476532474,-8.94069671630859E-03
1,29.66,9.82656806521118,-7.74860382080078E-03
1,29.67,9.82990136509761,-1.13248825073242E-02
1,29.68,9.83323466498405,-1.07288360595703E-02
1,29.69,9.83656796487048,-1.49011611938477E-02
1,29.7,9.84323456464335,-1.72853469848633E-02
1,29.72,9.84656786452979,-2.02655792236328E-02
1,29.73,9.84990116441623,-2.20537185668945E-02
1,29.74,9.85323446430266,-2.08616256713867E-02
1,29.75,9.85656776418909,-0.025629997253418
1,29.76,9.85990106407553,-2.26497650146484E-02
1,29.77,9.86323436396196,-2.32458114624023E-02
1,29.78,9.8665676638484,-1.72853469848633E-02
1,29.79,9.87323426362127,-1.72853469848633E-02
1,29.81,9.87656756350771,-1.43051147460938E-02
1,29.82,9.87990086339414,-1.19209289550781E-02
1,29.83,9.88323416328058,-1.43051147460938E-02
1,29.84,9.88656746316701,-1.13248825073242E-02
1,29.85,9.89323406293988,-8.34465026855469E-03
1,29.86,9.89656736282632,-7.74860382080078E-03
1,29.87,9.89990066271275,-9.5367431640625E-03
1,29.88,9.90323396259919,-8.94069671630859E-03
1,29.89,9.90656726248562,-7.74860382080078E-03
1,29.9,9.90990056237206,-1.01327896118164E-02
1,29.92,9.91323386225849,-8.94069671630859E-03
1,29.93,9.91990046203136,-1.07288360595703E-02
1,29.94,9.9232337619178,-8.94069671630859E-03
1,29.95,9.92656706180424,-4.76837158203125E-03
1,29.96,9.92990036169067,-6.55651092529297E-03
1,29.97,9.93323366157711,-7.15255737304688E-03
1,29.98,9.93656696146354,-7.74860382080078E-03
1,29.99,9.93990026134998,-4.76837158203125E-03
1,30,9.94323356123641,-2.98023223876953E-03
1,30.02,9.94656686112285,-7.74860382080078E-03
1,30.03,9.95323346089572,-7.15255737304688E-03
1,30.04,9.95656676078215,-7.15255737304688E-03
1,30.05,9.95990006066859,-8.94069671630859E-03
1,30.06,9.96323336055502,-9.5367431640625E-03
1,30.07,9.96656666044146,-1.07288360595703E-02
1,30.08,9.9698999603279,-1.13248825073242E-02
1,30.09,9.97323326021433,-0.012516975402832
1,30.1,9.97656656010077,-1.31130218505859E-02
1,30.11,9.9798998599872,-1.60932540893555E-02
1,30.12,9.98323315987363,-1.78813934326172E-02
1,30.13,9.98656645976007,-0.019073486328125
1,30.14,9.98989975964651,-1.37090682983398E-02
1,30.15,9.99323305953294,-1.01327896118164E-02
1,30.16,9.99656635941938,-7.15255737304688E-03
1,30.17,9.99989965930581,-1.07288360595703E-02
1,30.18,10.0032329591922,-0.012516975402832
1,30.19,10.0065662590787,-8.94069671630859E-03
1,30.2,10.0098995589651,-8.94069671630859E-03
1,30.21,10.0132328588516,-5.36441802978516E-03
1,30.22,10.016566158738,-3.57627868652344E-03
1,30.23,10.0198994586244,-3.57627868652344E-03
1,30.24,10.0232327585109,-4.76837158203125E-03
1,30.25,10.0265660583973,-2.38418579101563E-03
1,30.26,10.0298993582837,-3.57627868652344E-03
1,30.27,10.0332326581702,0
1,30.28,10.0365659580566,-2.38418579101563E-03
1,30.29,10.039899257943,-5.36441802978516E-03
1,30.3,10.0432325578295,-5.36441802978516E-03
1,30.31,10.0465658577159,-8.34465026855469E-03
1,30.32,10.0498991576023,-0.012516975402832
1,30.33,10.0532324574888,-1.43051147460938E-02
1,30.34,10.0565657573752,-0.012516975402832
1,30.35,10.0598990572616,-1.31130218505859E-02
1,30.36,10.0632323571481,-1.49011611938477E-02
1,30.37,10.0665656570345,-1.60932540893555E-02
1,30.38,10.069898956921,-1.78813934326172E-02
1,30.39,10.0732322568074,-1.49011611938477E-02
1,30.4,10.0765655566938,-1.54972076416016E-02
1,30.41,10.0798988565803,-0.012516975402832
1,30.42,10.0832321564667,-1.07288360595703E-02
1,30.43,10.0865654563531,-1.19209289550781E-02
1,30.44,10.0898987562396,-1.07288360595703E-02
1,30.45,10.093232056126,-1.07288360595703E-02
1,30.46,10.0965653560124,-9.5367431640625E-03
1,30.47,10.0998986558989,-8.94069671630859E-03
1,30.48,10.1032319557853,-4.76837158203125E-03
1,30.49,10.1065652556717,-4.17232513427734E-03
1,30.5,10.1098985555582,0
1,30.51,10.1132318554446,-5.96046447753906E-04
1,30.52,10.116565155331,-2.38418579101563E-03
1,30.53,10.1198984552175,-1.78813934326172E-03
1,30.54,10.1232317551039,-4.76837158203125E-03
1,30.55,10.1265650549904,-6.55651092529297E-03
1,30.56,10.1298983548768,-5.36441802978516E-03
1,30.57,10.1332316547632,-7.74860382080078E-03
1,30.58,10.1365649546497,-3.57627868652344E-03
1,30.59,10.1398982545361,-5.96046447753906E-03
1,30.6,10.1432315544225,-7.15255737304688E-03
1,30.61,10.146564854309,-4.76837158203125E-03
1,30.62,10.1498981541954,-7.15255737304688E-03
1,30.63,10.1532314540818,-5.36441802978516E-03
1,30.64,10.1565647539683,-1.19209289550781E-03
1,30.65,10.1598980538547,-5.96046447753906E-03
1,30.66,10.1632313537411,-3.57627868652344E-03
1,30.67,10.1665646536276,-5.96046447753906E-03
1,30.68,10.169897953514,-4.76837158203125E-03
1,30.69,10.1732312534004,-4.17232513427734E-03
1,30.7,10.1765645532869,-1.78813934326172E-03
1,30.71,10.1798978531733,-4.76837158203125E-03
1,30.72,10.1832311530598,-7.15255737304688E-03
1,30.73,10.1865644529462,-7.74860382080078E-03
1,30.74,10.1898977528326,-7.74860382080078E-03
1,30.75,10.1932310527191,-5.36441802978516E-03
1,30.76,10.1965643526055,-7.74860382080078E-03
1,30.77,10.1998976524919,-7.74860382080078E-03
1,30.78,10.2032309523784,-8.94069671630859E-03
1,30.79,10.2065642522648,-1.37090682983398E-02
1,30.8,10.2098975521512,-0.012516975402832
1,30.81,10.2132308520377,-1.43051147460938E-02
1,30.82,10.2165641519241,-1.37090682983398E-02
1,30.83,10.2198974518105,-1.13248825073242E-02
1,30.84,10.223230751697,-1.43051147460938E-02
1,30.85,10.2265640515834,-1.60932540893555E-02
1,30.86,10.2298973514698,-1.54972076416016E-02
1,30.87,10.2332306513563,-1.49011611938477E-02
1,30.88,10.2365639512427,-0.019073486328125
1,30.89,10.2398972511292,-1.37090682983398E-02
1,30.9,10.2432305510156,-1.37090682983398E-02
1,30.91,10.246563850902,-1.13248825073242E-02
1,30.92,10.2498971507885,-9.5367431640625E-03
1,30.93,10.2532304506749,-8.34465026855469E-03
1,30.94,10.2565637505613,-1.01327896118164E-02
1,30.95,10.2598970504478,-8.34465026855469E-03
1,30.96,10.2632303503342,-8.94069671630859E-03
1,30.97,10.2665636502206,-8.34465026855469E-03
1,30.98,10.2698969501071,-1.01327896118164E-02
1,30.99,10.2732302499935,-8.94069671630859E-03
1,31,10.2765635498799,-8.34465026855469E-03
1,31.01,10.2798968497664,-1.13248825073242E-02
1,31.02,10.2832301496528,-1.13248825073242E-02
1,31.03,10.2865634495392,-0.012516975402832
1,31.04,10.2898967494257,-1.54972076416016E-02
1,31.05,10.2932300493121,-1.49011611938477E-02
1,31.06,10.2965633491986,-1.66893005371094E-02
1,31.07,10.299896649085,-1.49011611938477E-02
1,31.08,10.3032299489714,-1.72853469848633E-02
1,31.09,10.3065632488579,-2.02655792236328E-02
1,31.1,10.3098965487443,-2.14576721191406E-02
1,31.11,10.3132298486307,-0.019073486328125
1,31.12,10.3165631485172,-1.60932540893555E-02
1,31.13,10.3198964484036,-1.96695327758789E-02
1,31.14,10.32322974829,-1.72853469848633E-02
1,31.15,10.3265630481765,-1.78813934326172E-02
1,31.16,10.3298963480629,-1.84774398803711E-02
1,31.17,10.3332296479493,-1.31130218505859E-02
1,31.18,10.3365629478358,-0.012516975402832
1,31.19,10.3398962477222,-8.34465026855469E-03
1,31.2,10.3432295476086,-8.94069671630859E-03
1,31.21,10.3465628474951,-1.13248825073242E-02
1,31.22,10.3498961473815,-8.94069671630859E-03
1,31.23,10.3532294472679,-8.34465026855469E-03
1,31.24,10.3565627471544,-1.01327896118164E-02
1,31.25,10.3598960470408,-1.01327896118164E-02
1,31.26,10.3632293469273,-4.76837158203125E-03
1,31.27,10.3665626468137,-6.55651092529297E-03
1,31.28,10.3698959467001,-5.96046447753906E-03
1,31.29,10.3732292465866,-8.34465026855469E-03
1,31.3,10.376562546473,-4.76837158203125E-03
1,31.31,10.3798958463594,-4.17232513427734E-03
1,31.32,10.3832291462459,-3.57627868652344E-03
1,31.33,10.3865624461323,-5.96046447753906E-03
1,31.34,10.3898957460187,-7.74860382080078E-03
1,31.35,10.3932290459052,-7.15255737304688E-03
1,31.36,10.3965623457916,-7.15255737304688E-03
1,31.37,10.399895645678,-6.55651092529297E-03
1,31.38,10.4032289455645,-7.74860382080078E-03
1,31.39,10.4065622454509,-7.15255737304688E-03
1,31.4,10.4098955453373,-5.96046447753906E-03
1,31.41,10.4132288452238,-8.34465026855469E-03
1,31.42,10.4165621451102,-2.98023223876953E-03
1,31.43,10.4198954449967,0
1,31.44,10.4232287448831,4.76837158203125E-03
1,31.45,10.4265620447695,4.76837158203125E-03
1,31.46,10.429895344656,3.57627868652344E-03
1,31.47,10.4332286445424,8.34465026855469E-03
1,31.48,10.4365619444288,1.01327896118164E-02
1,31.49,10.4398952443153,1.66893005371094E-02
1,31.5,10.4432285442017,2.62260437011719E-02
1,31.51,10.4465618440881,2.92062759399414E-02
1,31.52,10.4498951439746,3.57627868652344E-02
1,31.53,10.453228443861,4.23192977905273E-02
1,31.54,10.4565617437474,4.82797622680664E-02
1,31.55,10.4598950436339,5.24520874023438E-02
1,31.56,10.4632283435203,6.02006912231445E-02
1,31.57,10.4665616434067,6.49690628051758E-02
1,31.58,10.4698949432932,7.21216201782227E-02
1,31.59,10.4732282431796,8.04662704467773E-02
1,31.6,10.4765615430661,0.088810920715332
1,31.61,10.4798948429525,9.83476638793945E-02
1,31.62,10.4832281428389,0.109672546386719
1,31.63,10.4865614427254,0.116229057312012
1,31.64,10.4898947426118,0.126957893371582
1,31.65,10.4932280424982,0.137090682983398
1,31.66,10.4965613423847,0.145435333251953
1,31.67,10.4998946422711,0.14960765838623
1,31.68,10.5032279421575,0.15556812286377
1,31.69,10.506561242044,0.160932540893555
1,31.7,10.5098945419304,0.168085098266602
1,31.71,10.5132278418168,0.175237655639648
1,31.72,10.5165611417033,0.186562538146973
1,31.73,10.5198944415897,0.196099281311035
1,31.74,10.5232277414761,0.203847885131836
1,31.75,10.5265610413626,0.212192535400391
1,31.76,10.529894341249,0.219941139221191
1,31.77,10.5332276411355,0.230073928833008
1,31.78,10.5365609410219,0.240206718444824
1,31.79,10.5398942409083,0.247955322265625
1,31.8,10.5432275407948,0.255703926086426
1,31.81,10.5465608406812,0.263452529907227
1,31.82,10.5498941405676,0.270605087280273
1,31.83,10.5532274404541,0.279545783996582
1,31.84,10.5565607403405,0.289678573608398
1,31.85,10.5598940402269,0.296235084533691
1,31.86,10.5632273401134,0.306963920593262
1,31.87,10.5665606399998,0.313520431518555
1,31.88,10.5698939398862,0.322461128234863
1,31.89,10.5732272397727,0.333786010742188
1,31.9,10.5765605396591,0.343918800354004
1,31.91,10.5798938395455,0.352263450622559
1,31.92,10.583227139432,0.360608100891113
1,31.93,10.5865604393184,0.372529029846191
1,31.94,10.5898937392049,0.383257865905762
1,31.95,10.5932270390913,0.39219856262207
1,31.96,10.5965603389777,0.402331352233887
1,31.97,10.5998936388642,0.410079956054688
1,31.98,10.6032269387506,0.420212745666504
1,31.99,10.606560238637,0.426173210144043
1,32,10.6098935385235,0.434517860412598
1,32.01,10.6132268384099,0.444650650024414
1,32.02,10.6165601382963,0.455379486083984
1,32.03,10.6198934381828,0.463724136352539
1,32.04,10.6232267380692,0.472664833068848
1,32.05,10.6265600379556,0.48220157623291
1,32.06,10.6298933378421,0.488758087158203
1,32.07,10.6332266377285,0.49591064453125
1,32.08,10.6365599376149,0.503659248352051
1,32.09,10.6398932375014,0.511407852172852
1,32.1,10.6432265373878,0.517964363098145
1,32.11,10.6465598372743,0.527501106262207
1,32.12,10.6498931371607,0.5340576171875
1,32.13,10.6532264370471,0.539422035217285
1,32.14,10.6565597369336,0.548362731933594
1,32.15,10.65989303682,0.556111335754395
1,32.16,10.6632263367064,0.565052032470703
1,32.17,10.6665596365929,0.571012496948242
1,32.18,10.6698929364793,0.580549240112305
1,32.19,10.6732262363657,0.589489936828613
1,32.2,10.6765595362522,0.595450401306152
1,32.21,10.6798928361386,0.603795051574707
1,32.22,10.683226136025,0.609159469604492
1,32.23,10.6865594359115,0.617504119873047
1,32.24,10.6898927357979,0.625252723693848
1,32.25,10.6932260356843,0.638961791992188
1,32.26,10.6965593355708,0.646114349365234
1,32.27,10.6998926354572,0.653862953186035
1,32.28,10.7032259353437,0.663995742797852
1,32.29,10.7065592352301,0.675320625305176
1,32.3,10.7098925351165,0.687241554260254
1,32.31,10.713225835003,0.697970390319824
1,32.32,10.7165591348894,0.709295272827148
1,32.33,10.7198924347758,0.716447830200195
1,32.34,10.7232257346623,0.723600387573242
1,32.35,10.7265590345487,0.727176666259766
1,32.36,10.7298923344351,0.73850154876709
1,32.37,10.7332256343216,0.749826431274414
1,32.38,10.736558934208,0.75995922088623
1,32.39,10.7398922340944,0.768303871154785
1,32.4,10.7432255339809,0.772476196289063
1,32.41,10.7465588338673,0.783801078796387
1,32.42,10.7498921337537,0.791549682617188
1,32.43,10.7532254336402,0.801682472229004
1,32.44,10.7565587335266,0.808835029602051
1,32.45,10.7598920334131,0.820159912109375
1,32.46,10.7632253332995,0.822544097900391
1,32.47,10.7665586331859,0.831484794616699
1,32.48,10.7698919330724,0.841617584228516
1,32.49,10.7732252329588,0.850558280944824
1,32.5,10.7765585328452,0.860691070556641
1,32.51,10.7798918327317,0.867843627929688
1,32.52,10.7832251326181,0.876188278198242
1,32.53,10.7865584325045,0.882744789123535
1,32.54,10.789891732391,0.890493392944336
1,32.55,10.7932250322774,0.900030136108398
1,32.56,10.7965583321638,0.907778739929199
1,32.57,10.7998916320503,0.916719436645508
1,32.58,10.8032249319367,0.923275947570801
1,32.59,10.8065582318231,0.928640365600586
1,32.6,10.8098915317096,0.932812690734863
1,32.61,10.813224831596,0.945329666137695
1,32.62,10.8165581314825,0.956058502197266
1,32.63,10.8198914313689,0.965595245361328
1,32.64,10.8232247312553,0.973939895629883
1,32.65,10.8265580311418,0.982880592346191
1,32.66,10.8298913310282,0.990033149719238
1,32.67,10.8332246309146,1.00672245025635
1,32.68,10.8365579308011,1.0150671005249
1,32.69,10.8398912306875,1.0216236114502
1,32.7,10.8432245305739,1.03473663330078
1,32.71,10.8465578304604,1.04129314422607
1,32.72,10.8498911303468,1.05023384094238
1,32.73,10.8532244302332,1.05679035186768
1,32.74,10.8565577301197,1.06930732727051
1,32.75,10.8598910300061,1.07526779174805
1,32.76,10.8632243298925,1.08182430267334
1,32.77,10.866557629779,1.0913610458374
1,32.78,10.8698909296654,1.0991096496582
1,32.79,10.8732242295519,1.11043453216553
1,32.8,10.8765575294383,1.11758708953857
1,32.81,10.8798908293247,1.12295150756836
1,32.82,10.8832241292112,1.12950801849365
1,32.83,10.8865574290976,1.13606452941895
1,32.84,10.889890728984,1.14083290100098
1,32.85,10.8932240288705,1.14858150482178
1,32.86,10.8965573287569,1.15871429443359
1,32.87,10.8998906286433,1.16705894470215
1,32.88,10.9032239285298,1.17361545562744
1,32.89,10.9065572284162,1.18434429168701
1,32.9,10.9098905283026,1.19209289550781
1,32.91,10.9132238281891,1.20639801025391
1,32.92,10.9165571280755,1.21593475341797
1,32.93,10.9198904279619,1.22308731079102
1,32.94,10.9232237278484,1.23322010040283
1,32.95,10.9265570277348,1.23918056488037
1,32.96,10.9298903276213,1.24752521514893
1,32.97,10.9332236275077,1.25527381896973
1,32.98,10.9365569273941,1.26421451568604
1,32.99,10.9398902272806,1.27017498016357
1,33,10.943223527167,1.27792358398438
1,33.01,10.9465568270534,1.27911567687988
1,33.02,10.9498901269399,1.28746032714844
1,33.03,10.9532234268263,1.29520893096924
1,33.04,10.9565567267127,1.29818916320801
1,33.05,10.9598900265992,1.30116939544678
1,33.06,10.9632233264856,1.30712985992432
1,33.07,10.966556626372,1.31487846374512
1,33.08,10.9698899262585,1.32262706756592
1,33.09,10.9732232261449,1.33216381072998
1,33.1,10.9765565260313,1.3422966003418
1,33.11,10.9798898259178,1.35302543640137
1,33.12,10.9832231258042,1.36196613311768
1,33.13,10.9865564256907,1.36852264404297
1,33.14,10.9898897255771,1.37865543365479
1,33.15,10.9932230254635,1.38640403747559
1,33.16,10.99655632535,1.39713287353516
1,33.17,10.9998896252364,1.40607357025146
1,33.18,11.0032229251228,1.41322612762451
1,33.19,11.0065562250093,1.41918659210205
1,33.2,11.0098895248957,1.43051147460938
1,33.21,11.0132228247821,1.43885612487793
1,33.22,11.0165561246686,1.44898891448975
1,33.23,11.019889424555,1.45912170410156
1,33.24,11.0232227244414,1.46746635437012
1,33.25,11.0265560243279,1.47402286529541
1,33.26,11.0298893242143,1.48355960845947
1,33.27,11.0332226241007,1.49130821228027
1,33.28,11.0365559239872,1.49905681610107
1,33.29,11.0398892238736,1.50561332702637
1,33.3,11.0432225237601,1.51634216308594
1,33.31,11.0465558236465,1.52587890625
1,33.32,11.0498891235329,1.53779983520508
1,33.33,11.0532224234194,1.54256820678711
1,33.34,11.0565557233058,1.55210494995117
1,33.35,11.0598890231922,1.56164169311523
1,33.36,11.0632223230787,1.56879425048828
1,33.37,11.0665556229651,1.57773494720459
1,33.38,11.0698889228515,1.58548355102539
1,33.39,11.073222222738,1.59621238708496
1,33.4,11.0765555226244,1.60336494445801
1,33.41,11.0798888225108,1.61051750183105
1,33.42,11.0832221223973,1.61647796630859
1,33.43,11.0865554222837,1.62422657012939
1,33.44,11.0898887221701,1.63376331329346
1,33.45,11.0932220220566,1.64270401000977
1,33.46,11.096555321943,1.64985656738281
1,33.47,11.0998886218295,1.65760517120361
1,33.48,11.1032219217159,1.66654586791992
1,33.49,11.1065552216023,1.67667865753174
1,33.5,11.1098885214888,1.68502330780029
1,33.51,11.1132218213752,1.69754028320313
1,33.52,11.1165551212616,1.70528888702393
1,33.53,11.1198884211481,1.71661376953125
1,33.54,11.1232217210345,1.72615051269531
1,33.55,11.1265550209209,1.73389911651611
1,33.56,11.1298883208074,1.74403190612793
1,33.57,11.1332216206938,1.75297260284424
1,33.58,11.1365549205802,1.75952911376953
1,33.59,11.1398882204667,1.77085399627686
1,33.6,11.1432215203531,1.77621841430664
1,33.61,11.1465548202395,1.78396701812744
1,33.62,11.149888120126,1.79588794708252
1,33.63,11.1532214200124,1.80304050445557
1,33.64,11.1565547198988,1.81496143341064
1,33.65,11.1598880197853,1.81615352630615
1,33.66,11.1632213196717,1.82509422302246
1,33.67,11.1665546195582,1.83165073394775
1,33.68,11.1698879194446,1.8388032913208
1,33.69,11.173221219331,1.84893608093262
1,33.7,11.1765545192175,1.85906887054443
1,33.71,11.1798878191039,1.86741352081299
1,33.72,11.1832211189903,1.87337398529053
1,33.73,11.1865544188768,1.87933444976807
1,33.74,11.1898877187632,1.88529491424561
1,33.75,11.1932210186496,1.89363956451416
1,33.76,11.1965543185361,1.90496444702148
1,33.77,11.1998876184225,1.91211700439453
1,33.78,11.2032209183089,1.92105770111084
1,33.79,11.2065542181954,1.92940235137939
1,33.8,11.2098875180818,1.93893909454346
1,33.81,11.2132208179682,1.94311141967773
1,33.82,11.2165541178547,1.95324420928955
1,33.83,11.2198874177411,1.95801258087158
1,33.84,11.2232207176276,1.96695327758789
1,33.85,11.226554017514,1.97291374206543
1,33.86,11.2298873174004,1.98066234588623
1,33.87,11.2332206172869,1.98602676391602
1,33.88,11.2365539171733,1.99556350708008
1,33.89,11.2398872170597,2.00152397155762
1,33.9,11.2432205169462,2.00510025024414
1,33.91,11.2465538168326,2.01880931854248
1,33.92,11.249887116719,2.02596187591553
1,33.93,11.2532204166055,2.03788280487061
1,33.94,11.2565537164919,2.04801559448242
1,33.95,11.2598870163783,2.05755233764648
1,33.96,11.2632203162648,2.0676851272583
1,33.97,11.2665536161512,2.07662582397461
1,33.98,11.2698869160377,2.0831823348999
1,33.99,11.2732202159241,2.09391117095947
1,34,11.2765535158105,2.10702419281006
1,34.01,11.279886815697,2.11894512176514
1,34.02,11.2832201155834,2.12430953979492
1,34.03,11.2865534154698,2.13503837585449
1,34.04,11.2898867153563,2.14219093322754
1,34.05,11.2932200152427,2.15411186218262
1,34.06,11.2965533151291,2.16305255889893
1,34.07,11.2998866150156,2.16960906982422
1,34.08,11.303219914902,2.18033790588379
1,34.09,11.3065532147884,2.19047069549561
1,34.1,11.3098865146749,2.20119953155518
1,34.11,11.3132198145613,2.20835208892822
1,34.12,11.3165531144477,2.21610069274902
1,34.13,11.3198864143342,2.22504138946533
1,34.14,11.3232197142206,2.23338603973389
1,34.15,11.326553014107,2.23636627197266
1,34.16,11.3298863139935,2.2423267364502
1,34.17,11.3332196138799,2.25186347961426
1,34.18,11.3365529137664,2.2578239440918
1,34.19,11.3398862136528,2.26736068725586
1,34.2,11.3432195135392,2.26914882659912
1,34.21,11.3465528134257,2.27689743041992
1,34.22,11.3498861133121,2.28643417358398
1,34.23,11.3532194131985,2.29299068450928
1,34.24,11.356552713085,2.30312347412109
1,34.25,11.3598860129714,2.31444835662842
1,34.26,11.3632193128578,2.32219696044922
1,34.27,11.3665526127443,2.32815742492676
1,34.28,11.3698859126307,2.33590602874756
1,34.29,11.3732192125171,2.34663486480713
1,34.3,11.3765525124036,2.35438346862793
1,34.31,11.37988581229,2.36392021179199
1,34.32,11.3832191121764,2.37047672271729
1,34.33,11.3865524120629,2.38120555877686
1,34.34,11.3898857119493,2.38955020904541
1,34.35,11.3932190118358,2.39789485931396
1,34.36,11.3965523117222,2.40623950958252
1,34.37,11.3998856116086,2.41339206695557
1,34.38,11.4032189114951,2.41994857788086
1,34.39,11.4065522113815,2.42769718170166
1,34.4,11.4098855112679,2.43544578552246
1,34.41,11.4132188111544,2.44677066802979
1,34.42,11.4165521110408,2.45392322540283
1,34.43,11.4198854109272,2.4646520614624
1,34.44,11.4232187108137,2.47597694396973
1,34.45,11.4265520107001,2.48312950134277
1,34.46,11.4298853105865,2.49087810516357
1,34.47,11.433218610473,2.50279903411865
1,34.48,11.4365519103594,2.51293182373047
1,34.49,11.4398852102458,2.51889228820801
1,34.5,11.4432185101323,2.53260135650635
1,34.51,11.4465518100187,2.54213809967041
1,34.52,11.4498851099052,2.5486946105957
1,34.53,11.4532184097916,2.555251121521
1,34.54,11.456551709678,2.56478786468506
1,34.55,11.4598850095645,2.57432460784912
1,34.56,11.4632183094509,2.5784969329834
1,34.57,11.4665516093373,2.58445739746094
1,34.58,11.4698849092238,2.59220600128174
1,34.59,11.4732182091102,2.59876251220703
1,34.6,11.4765515089966,2.60710716247559
1,34.61,11.4798848088831,2.61425971984863
1,34.62,11.4832181087695,2.61902809143066
1,34.63,11.4865514086559,2.62320041656494
1,34.64,11.4898847085424,2.632737159729
1,34.65,11.4932180084288,2.63988971710205
1,34.66,11.4965513083152,2.65002250671387
1,34.67,11.4998846082017,2.65955924987793
1,34.68,11.5032179080881,2.66551971435547
1,34.69,11.5065512079746,2.67505645751953
1,34.7,11.509884507861,2.68697738647461
1,34.71,11.5132178077474,2.7012825012207
1,34.72,11.5165511076339,2.70962715148926
1,34.73,11.5198844075203,2.71797180175781
1,34.74,11.5232177074067,2.73048877716064
1,34.75,11.5265510072932,2.74121761322021
1,34.76,11.5298843071796,2.74956226348877
1,34.77,11.533217607066,2.75850296020508
1,34.78,11.5365509069525,2.76803970336914
1,34.79,11.5398842068389,2.77817249298096
1,34.8,11.5432175067253,2.78890132904053
1,34.81,11.5465508066118,2.79605388641357
1,34.82,11.5498841064982,2.80261039733887
1,34.83,11.5532174063846,2.8151273727417
1,34.84,11.5565507062711,2.82168388366699
1,34.85,11.5598840061575,2.82943248748779
1,34.86,11.563217306044,2.83479690551758
1,34.87,11.5665506059304,2.84671783447266
1,34.88,11.5698839058168,2.85565853118896
1,34.89,11.5732172057033,2.86519527435303
1,34.9,11.5765505055897,2.86996364593506
1,34.91,11.5798838054761,2.87890434265137
1,34.92,11.5832171053626,2.88665294647217
1,34.93,11.586550405249,2.89559364318848
1,34.94,11.5898837051354,2.90870666503906
1,34.95,11.5932170050219,2.91407108306885
1,34.96,11.5965503049083,2.92301177978516
1,34.97,11.5998836047947,2.93076038360596
1,34.98,11.6032169046812,2.94089317321777
1,34.99,11.6065502045676,2.94923782348633
1,35,11.609883504454,2.95758247375488
1,35.01,11.6132168043405,2.9677152633667
1,35.02,11.6165501042269,2.97725200653076
1,35.03,11.6198834041134,2.98678874969482
1,35.04,11.6232167039998,2.99513339996338
1,35.05,11.6265500038862,3.00168991088867
1,35.06,11.6298833037727,3.01063060760498
1,35.07,11.6332166036591,3.01539897918701
1,35.08,11.6365499035455,3.02255153656006
1,35.09,11.639883203432,3.02731990814209
1,35.1,11.6432165033184,3.03268432617188
1,35.11,11.6465498032048,3.03685665130615
1,35.12,11.6498831030913,3.04758548736572
1,35.13,11.6532164029777,3.05354595184326
1,35.14,11.6565497028641,3.06487083435059
1,35.15,11.6598830027506,3.07261943817139
1,35.16,11.663216302637,3.08096408843994
1,35.17,11.6665496025234,3.08871269226074
1,35.18,11.6698829024099,3.0970573425293
1,35.19,11.6732162022963,3.11315059661865
1,35.2,11.6765495021828,3.12268733978271
1,35.21,11.6798828020692,3.13341617584229
1,35.22,11.6832161019556,3.14474105834961
1,35.23,11.6865494018421,3.15606594085693
1,35.24,11.6898827017285,3.16441059112549
1,35.25,11.6932160016149,3.17573547363281
1,35.26,11.6965493015014,3.17990779876709
1,35.27,11.7032159012742,3.18944454193115
1,35.29,11.7065492011607,3.20374965667725
1,35.3,11.7098825010471,3.21328639984131
1,35.31,11.7132158009335,3.22043895721436
1,35.32,11.7198824007064,3.22520732879639
1,35.33,11.7232157005928,3.2341480255127
1,35.35,11.7265490004793,3.24845314025879
1,35.36,11.7298823003657,3.25858592987061
1,35.37,11.7332156002522,3.26633453369141
1,35.38,11.739882200025,3.27527523040771
1,35.39,11.7432154999115,3.28302383422852
1,35.41,11.7465487997979,3.30030918121338
1,35.42,11.7532153995708,3.30686569213867
1,35.43,11.7565486994572,3.31580638885498
1,35.45,11.7632152992301,3.33249568939209
1,35.47,11.7665485991165,3.34322452545166
1,35.48,11.7732151988894,3.35812568664551
1,35.49,11.7765484987758,3.36647033691406
1,35.51,11.7798817986622,3.38256359100342
1,35.52,11.7832150985487,3.39150428771973
1,35.53,11.7865483984351,3.4022331237793
1,35.54,11.793214998208,3.40878963470459
1,35.55,11.7965482980944,3.42011451721191
1,35.56,11.7998815979809,3.42726707458496
1,35.57,11.8032148978673,3.43859195709229
1,35.58,11.8065481977537,3.44991683959961
1,35.59,11.8098814976402,3.45945358276367
1,35.61,11.8132147975266,3.48091125488281
1,35.62,11.8198813972995,3.48865985870361
1,35.63,11.8232146971859,3.50117683410645
1,35.64,11.8265479970723,3.51488590240479
1,35.65,11.8298812969588,3.52382659912109
1,35.66,11.8332145968452,3.53574752807617
1,35.67,11.8365478967316,3.54886054992676
1,35.68,11.8398811966181,3.55422496795654
1,35.69,11.8432144965045,3.5625696182251
1,35.71,11.846547796391,3.57866287231445
1,35.72,11.8532143961638,3.58760356903076
1,35.73,11.8565476960503,3.59058380126953
1,35.74,11.8598809959367,3.59952449798584
1,35.75,11.8632142958231,3.60667705535889
1,35.76,11.8665475957096,3.61382961273193
1,35.77,11.869880895596,3.6245584487915
1,35.78,11.8732141954824,3.6311149597168
1,35.79,11.8765474953689,3.63588333129883
1,35.8,11.8798807952553,3.64363193511963
1,35.81,11.8832140951417,3.64422798156738
1,35.82,11.8865473950282,3.64959239959717
1,35.83,11.8898806949146,3.65614891052246
1,35.84,11.893213994801,3.66091728210449
1,35.85,11.8965472946875,3.66747379302979
1,35.86,11.8998805945739,3.67283821105957
1,35.87,11.9032138944604,3.67820262908936
1,35.88,11.9065471943468,3.6853551864624
1,35.89,11.9098804942332,3.69131565093994
1,35.9,11.9132137941197,3.700852394104
1,35.91,11.9165470940061,3.71098518371582
1,35.92,11.9198803938925,3.72409820556641
1,35.93,11.923213693779,3.73184680938721
1,35.94,11.9265469936654,3.74019145965576
1,35.95,11.9298802935518,3.74555587768555
1,35.96,11.9332135934383,3.75270843505859
1,35.97,11.9365468933247,3.75986099243164
1,35.98,11.9398801932111,3.76522541046143
1,35.99,11.9432134930976,3.77237796783447
1,36,11.946546792984,3.78191471099854
1,36.01,11.9498800928704,3.78906726837158
1,36.02,11.9532133927569,3.80039215087891
1,36.03,11.9565466926433,3.8069486618042
1,36.04,11.9598799925297,3.81648540496826
1,36.05,11.9632132924162,3.82304191589355
1,36.06,11.9665465923026,3.83317470550537
1,36.07,11.9698798921891,3.84211540222168
1,36.08,11.9732131920755,3.84747982025146
1,36.09,11.9765464919619,3.85463237762451
1,36.1,11.9798797918484,3.86178493499756
1,36.11,11.9832130917348,3.86714935302734
1,36.12,11.9865463916212,3.87132167816162
1,36.13,11.9898796915077,3.87847423553467
1,36.14,11.9932129913941,3.88801097869873
1,36.15,11.9965462912805,3.89933586120605
1,36.16,11.999879591167,3.91066074371338
1,36.17,12.0032128910534,3.91721725463867
1,36.18,12.0065461909398,3.92496585845947
1,36.19,12.0098794908263,3.93390655517578
1,36.2,12.0132127907127,3.94701957702637
1,36.21,12.0165460905991,3.95715236663818
1,36.22,12.0198793904856,3.96668910980225
1,36.23,12.023212690372,3.97145748138428
1,36.24,12.0265459902585,3.97920608520508
1,36.25,12.0298792901449,3.98337841033936
1,36.26,12.0332125900313,3.99768352508545
1,36.27,12.0365458899178,4.00543212890625
1,36.28,12.0398791898042,4.01735305786133
1,36.29,12.0432124896906,4.02271747589111
1,36.3,12.0465457895771,4.03285026550293
1,36.31,12.0498790894635,4.04119491577148
1,36.32,12.0532123893499,4.04953956604004
1,36.33,12.0565456892364,4.05669212341309
1,36.34,12.0598789891228,4.06742095947266
1,36.35,12.0632122890092,4.07278537750244
1,36.36,12.0665455888957,4.07814979553223
1,36.37,12.0698788887821,4.08351421356201
1,36.38,12.0732121886685,4.09305095672607
1,36.39,12.076545488555,4.09781932830811
1,36.4,12.0798787884414,4.10377979278564
1,36.41,12.0832120883279,4.10974025726318
1,36.42,12.0865453882143,4.11391258239746
1,36.43,12.0898786881007,4.12285327911377
1,36.44,12.0932119879872,4.12881374359131
1,36.45,12.0965452878736,4.14013862609863
1,36.46,12.09987858776,4.14669513702393
1,36.47,12.1032118876465,4.15563583374023
1,36.48,12.1065451875329,4.16576862335205
1,36.49,12.1098784874193,4.17530536651611
1,36.5,12.1132117873058,4.18543815612793
1,36.51,12.1165450871922,4.19795513153076
1,36.52,12.1198783870786,4.20689582824707
1,36.53,12.1232116869651,4.21702861785889
1,36.54,12.1265449868515,4.2271614074707
1,36.55,12.1298782867379,4.23610210418701
1,36.56,12.1332115866244,4.24563884735107
1,36.57,12.1365448865108,4.2569637298584
1,36.58,12.1398781863973,4.26530838012695
1,36.59,12.1432114862837,4.26769256591797
1,36.6,12.1465447861701,4.27365303039551
1,36.61,12.1498780860566,4.27901744842529
1,36.62,12.153211385943,4.28557395935059
1,36.63,12.1565446858294,4.29272651672363
1,36.64,12.1598779857159,4.29689884185791
1,36.65,12.1632112856023,4.30464744567871
1,36.66,12.1665445854887,4.31060791015625
1,36.67,12.1698778853752,4.31954860687256
1,36.68,12.1732111852616,4.32431697845459
1,36.69,12.176544485148,4.32908535003662
1,36.7,12.1798777850345,4.33743000030518
1,36.71,12.1832110849209,4.34458255767822
1,36.72,12.1865443848073,4.35173511505127
1,36.73,12.1898776846938,4.3565034866333
1,36.74,12.1932109845802,4.36782836914063
1,36.75,12.1965442844667,4.37259674072266
1,36.76,12.1998775843531,4.38094139099121
1,36.77,12.2032108842395,4.38392162322998
1,36.78,12.206544184126,4.39286231994629
1,36.79,12.2098774840124,4.39584255218506
1,36.8,12.2132107838988,4.40239906311035
1,36.81,12.2165440837853,4.40895557403564
1,36.82,12.2198773836717,4.41908836364746
1,36.83,12.2232106835581,4.42385673522949
1,36.84,12.2265439834446,4.4327974319458
1,36.85,12.229877283331,4.44352626800537
1,36.86,12.2332105832174,4.4560432434082
1,36.87,12.2365438831039,4.46438789367676
1,36.88,12.2398771829903,4.47392463684082
1,36.89,12.2432104828767,4.48107719421387
1,36.9,12.2465437827632,4.4858455657959
1,36.91,12.2498770826496,4.4935941696167
1,36.92,12.2532103825361,4.5013427734375
1,36.93,12.2565436824225,4.51326370239258
1,36.94,12.2598769823089,4.51862812042236
1,36.95,12.2632102821954,4.52637672424316
1,36.96,12.2665435820818,4.53293323516846
1,36.97,12.2698768819682,4.54246997833252
1,36.98,12.2732101818547,4.55141067504883
1,36.99,12.2765434817411,4.55856323242188
1,37,12.2798767816275,4.57108020782471
1,37.01,12.283210081514,4.57763671875
1,37.02,12.2865433814004,4.58419322967529
1,37.03,12.2898766812868,4.59074974060059
1,37.04,12.2932099811733,4.59909439086914
1,37.05,12.2965432810597,4.61101531982422
1,37.06,12.2998765809461,4.61816787719727
1,37.07,12.3032098808326,4.62353229522705
1,37.08,12.306543180719,4.62651252746582
1,37.09,12.3098764806055,4.63247299194336
1,37.1,12.3132097804919,4.64141368865967
1,37.11,12.3165430803783,4.64975833892822
1,37.12,12.3198763802648,4.66048717498779
1,37.13,12.3232096801512,4.66823577880859
1,37.14,12.3265429800376,4.67479228973389
1,37.15,12.3298762799241,4.68313694000244
1,37.16,12.3332095798105,4.68909740447998
1,37.17,12.3365428796969,4.69624996185303
1,37.18,12.3398761795834,4.70757484436035
1,37.19,12.3432094794698,4.71591949462891
1,37.2,12.3465427793562,4.72307205200195
1,37.21,12.3498760792427,4.73201274871826
1,37.22,12.3532093791291,4.74095344543457
1,37.23,12.3565426790155,4.74929809570313
1,37.24,12.359875978902,4.7600269317627
1,37.25,12.3632092787884,4.76241111755371
1,37.26,12.3665425786749,4.77731227874756
1,37.27,12.3698758785613,4.78625297546387
1,37.28,12.3732091784477,4.79459762573242
1,37.29,12.3765424783342,4.80532646179199
1,37.3,12.3798757782206,4.81069087982178
1,37.31,12.383209078107,4.81963157653809
1,37.32,12.3865423779935,4.82857227325439
1,37.33,12.3898756778799,4.83870506286621
1,37.34,12.3932089777663,4.84704971313477
1,37.35,12.3965422776528,4.85599040985107
1,37.36,12.3998755775392,4.86671924591064
1,37.37,12.4032088774256,4.87625598907471
1,37.38,12.4065421773121,4.88102436065674
1,37.39,12.4098754771985,4.88996505737305
1,37.4,12.4132087770849,4.90128993988037
1,37.41,12.4165420769714,4.91023063659668
1,37.42,12.4198753768578,4.91678714752197
1,37.43,12.4232086767443,4.921555519104
1,37.44,12.4265419766307,4.9293041229248
1,37.45,12.4298752765171,4.93526458740234
1,37.46,12.4332085764036,4.94182109832764
1,37.47,12.43654187629,4.95076179504395
1,37.48,12.4398751761764,4.95851039886475
1,37.49,12.4432084760629,4.96745109558105
1,37.5,12.4465417759493,4.97758388519287
1,37.51,12.4498750758357,4.98652458190918
1,37.52,12.4532083757222,4.99486923217773
1,37.53,12.4565416756086,5.00500202178955
1,37.54,12.459874975495,5.01632690429688
1,37.55,12.4632082753815,5.02467155456543
1,37.56,12.4665415752679,5.03361225128174
1,37.57,12.4698748751543,5.03957271575928
1,37.58,12.4732081750408,5.05030155181885
1,37.59,12.4765414749272,5.05566596984863
1,37.6,12.4798747748137,5.06222248077393
1,37.61,12.4832080747001,5.07116317749023
1,37.62,12.4865413745865,5.07533550262451
1,37.63,12.489874674473,5.08368015289307
1,37.64,12.4932079743594,5.09083271026611
1,37.65,12.4965412742458,5.09858131408691
1,37.66,12.4998745741323,5.10692596435547
1,37.67,12.5032078740187,5.11527061462402
1,37.68,12.5065411739051,5.12182712554932
1,37.69,12.5098744737916,5.12957572937012
1,37.7,12.513207773678,5.13672828674316
1,37.71,12.5165410735644,5.14388084411621
1,37.72,12.5198743734509,5.15103340148926
1,37.73,12.5232076733373,5.16355037689209
1,37.74,12.5265409732237,5.17368316650391
1,37.75,12.5298742731102,5.18381595611572
1,37.76,12.5332075729966,5.19216060638428
1,37.77,12.5365408728831,5.20467758178711
1,37.78,12.5398741727695,5.21302223205566
1,37.79,12.5432074726559,5.22136688232422
1,37.8,12.5465407725424,5.23030757904053
1,37.81,12.5498740724288,5.23626804351807
1,37.82,12.5532073723152,5.24342060089111
1,37.83,12.5565406722017,5.25116920471191
1,37.84,12.5598739720881,5.25772571563721
1,37.85,12.5632072719745,5.26010990142822
1,37.86,12.566540571861,5.26547431945801
1,37.87,12.5698738717474,5.27679920196533
1,37.88,12.5732071716338,5.27679920196533
1,37.89,12.5765404715203,5.28573989868164
1,37.9,12.5798737714067,5.2952766418457
1,37.91,12.5832070712931,5.29825687408447
1,37.92,12.5865403711796,5.3030252456665
1,37.93,12.589873671066,5.31315803527832
1,37.94,12.5932069709525,5.32627105712891
1,37.95,12.5965402708389,5.33461570739746
1,37.96,12.5998735707253,5.34355640411377
1,37.97,12.6032068706118,5.35309314727783
1,37.98,12.6065401704982,5.35666942596436
1,37.99,12.6098734703846,5.3638219833374
1,38,12.6132067702711,5.37216663360596
1,38.01,12.6165400701575,5.38349151611328
1,38.02,12.6198733700439,5.39124011993408
1,38.03,12.6232066699304,5.39720058441162
1,38.04,12.6265399698168,5.4091215133667
1,38.05,12.6298732697032,5.41865825653076
1,38.06,12.6332065695897,5.42581081390381
1,38.07,12.6365398694761,5.43653964996338
1,38.08,12.6398731693625,5.44190406799316
1,38.09,12.643206469249,5.44905662536621
1,38.1,12.6465397691354,5.45501708984375
1,38.11,12.6498730690219,5.45918941497803
1,38.12,12.6532063689083,5.46813011169434
1,38.13,12.6565396687947,5.47707080841064
1,38.14,12.6598729686812,5.48362731933594
1,38.15,12.6632062685676,5.48839569091797
1,38.16,12.666539568454,5.49495220184326
1,38.17,12.6698728683405,5.50389289855957
1,38.18,12.6732061682269,5.51283359527588
1,38.19,12.6765394681133,5.52117824554443
1,38.2,12.6798727679998,5.52475452423096
1,38.21,12.6832060678862,5.53309917449951
1,38.22,12.6865393677726,5.53786754608154
1,38.23,12.6898726676591,5.54680824279785
1,38.24,12.6932059675455,5.55574893951416
1,38.25,12.6965392674319,5.56290149688721
1,38.26,12.6998725673184,5.57243824005127
1,38.27,12.7032058672048,5.57661056518555
1,38.28,12.7065391670913,5.5849552154541
1,38.29,12.7098724669777,5.58972358703613
1,38.3,12.7132057668641,5.59747219085693
1,38.31,12.7165390667506,5.60760498046875
1,38.32,12.719872366637,5.61892986297607
1,38.33,12.7232056665234,5.62667846679688
1,38.34,12.7265389664099,5.63561916351318
1,38.35,12.7298722662963,5.64515590667725
1,38.36,12.7332055661827,5.65588474273682
1,38.37,12.7365388660692,5.66422939300537
1,38.38,12.7398721659556,5.6767463684082
1,38.39,12.743205465842,5.68628311157227
1,38.4,12.7465387657285,5.69283962249756
1,38.41,12.7498720656149,5.70178031921387
1,38.42,12.7532053655013,5.71191310882568
1,38.43,12.7565386653878,5.72144985198975
1,38.44,12.7598719652742,5.73039054870605
1,38.45,12.7632052651607,5.7375431060791
1,38.46,12.7665385650471,5.74350357055664
1,38.47,12.7698718649335,5.7518482208252
1,38.48,12.77320516482,5.76317310333252
1,38.49,12.7765384647064,5.76794147491455
1,38.5,12.7798717645928,5.77926635742188
1,38.51,12.7832050644793,5.78403472900391
1,38.52,12.7865383643657,5.79237937927246
1,38.53,12.7898716642521,5.80430030822754
1,38.54,12.7932049641386,5.81324100494385
1,38.55,12.796538264025,5.8293342590332
1,38.56,12.7998715639114,5.837082862854
1,38.57,12.8032048637979,5.84661960601807
1,38.58,12.8065381636843,5.85615634918213
1,38.59,12.8098714635707,5.86748123168945
1,38.6,12.8132047634572,5.87761402130127
1,38.61,12.8165380633436,5.8901309967041
1,38.62,12.81987136323,5.90026378631592
1,38.63,12.8232046631165,5.90503215789795
1,38.64,12.8265379630029,5.90980052947998
1,38.65,12.8298712628894,5.91933727264404
1,38.66,12.8332045627758,5.9276819229126
1,38.67,12.8365378626622,5.93721866607666
1,38.68,12.8398711625487,5.94258308410645
1,38.69,12.8432044624351,5.94675540924072
1,38.7,12.8465377623215,5.95390796661377
1,38.71,12.849871062208,5.96165657043457
1,38.72,12.8532043620944,5.96821308135986
1,38.73,12.8565376619808,5.9741735458374
1,38.74,12.8598709618673,5.97774982452393
1,38.75,12.8632042617537,5.98132610321045
1,38.76,12.8665375616401,5.98728656768799
1,38.77,12.8698708615266,5.99384307861328
1,38.78,12.873204161413,6.00278377532959
1,38.79,12.8765374612995,6.01291656494141
1,38.8,12.8798707611859,6.02006912231445
1,38.81,12.8832040610723,6.02662563323975
1,38.82,12.8865373609588,6.03377819061279
1,38.83,12.8898706608452,6.04152679443359
1,38.84,12.8932039607316,6.04867935180664
1,38.85,12.8965372606181,6.0582160949707
1,38.86,12.8998705605045,6.064772605896
1,38.87,12.9032038603909,6.07192516326904
1,38.88,12.9065371602774,6.07848167419434
1,38.89,12.9098704601638,6.08563423156738
1,38.9,12.9132037600502,6.09040260314941
1,38.91,12.9165370599367,6.10113143920898
1,38.92,12.9198703598231,6.10589981079102
1,38.93,12.9232036597095,6.11245632171631
1,38.94,12.926536959596,6.12020492553711
1,38.95,12.9298702594824,6.12556934356689
1,38.96,12.9332035593688,6.13510608673096
1,38.97,12.9365368592553,6.142258644104
1,38.98,12.9398701591417,6.15417957305908
1,38.99,12.9432034590282,6.16371631622314
1,39,12.9465367589146,6.17027282714844
1,39.01,12.949870058801,6.17623329162598
1,39.02,12.9532033586875,6.18517398834229
1,39.03,12.9565366585739,6.19173049926758
1,39.04,12.9598699584603,6.19471073150635
1,39.05,12.9632032583468,6.20603561401367
1,39.06,12.9665365582332,6.21259212493896
1,39.07,12.9698698581196,6.22332096099854
1,39.08,12.9732031580061,6.23166561126709
1,39.09,12.9765364578925,6.23822212219238
1,39.1,12.9798697577789,6.24775886535645
1,39.11,12.9832030576654,6.25491142272949
1,39.12,12.9865363575518,6.26683235168457
1,39.13,12.9898696574382,6.27577304840088
1,39.14,12.9932029573247,6.2870979309082
1,39.15,12.9965362572111,6.29842281341553
1,39.16,12.9998695570976,6.31034374237061
1,39.17,13.003202856984,6.31988048553467
1,39.18,13.0065361568704,6.32941722869873
1,39.19,13.0098694567569,6.33955001831055
1,39.2,13.0132027566433,6.35087490081787
1,39.21,13.0165360565297,6.36160373687744
1,39.22,13.0198693564162,6.37233257293701
1,39.23,13.0232026563026,6.37948513031006
1,39.24,13.026535956189,6.38365745544434
1,39.25,13.0298692560755,6.39140605926514
1,39.26,13.0332025559619,6.39557838439941
1,39.27,13.0365358558483,6.40213489532471
1,39.28,13.0398691557348,6.41047954559326
1,39.29,13.0432024556212,6.41524791717529
1,39.3,13.0465357555076,6.42120838165283
1,39.31,13.0498690553941,6.4241886138916
1,39.32,13.0532023552805,6.43730163574219
1,39.33,13.056535655167,6.43908977508545
1,39.34,13.0598689550534,6.44803047180176
1,39.35,13.0632022549398,6.45637512207031
1,39.36,13.0665355548263,6.45995140075684
1,39.37,13.0698688547127,6.46770000457764
1,39.38,13.0732021545991,6.47306442260742
1,39.39,13.0765354544856,6.48260116577148
1,39.4,13.079868754372,6.48736953735352
1,39.41,13.0832020542584,6.49750232696533
1,39.42,13.0865353541449,6.50465488433838
1,39.43,13.0898686540313,6.5147876739502
1,39.44,13.0932019539177,6.5237283706665
1,39.45,13.0965352538042,6.53088092803955
1,39.46,13.0998685536906,6.53922557830811
1,39.47,13.103201853577,6.54816627502441
1,39.48,13.1065351534635,6.5535306930542
1,39.49,13.1098684533499,6.56425952911377
1,39.5,13.1132017532364,6.56723976135254
1,39.51,13.1165350531228,6.57737255096436
1,39.52,13.1198683530092,6.58512115478516
1,39.53,13.1232016528957,6.58929347991943
1,39.54,13.1265349527821,6.59584999084473
1,39.55,13.1298682526685,6.60538673400879
1,39.56,13.133201552555,6.61551952362061
1,39.57,13.1365348524414,6.62744045257568
1,39.58,13.1398681523278,6.63697719573975
1,39.59,13.1432014522143,6.6453218460083
1,39.6,13.1465347521007,6.65128231048584
1,39.61,13.1498680519871,6.66201114654541
1,39.62,13.1532013518736,6.66558742523193
1,39.63,13.15653465176,6.67691230773926
1,39.64,13.1598679516464,6.6840648651123
1,39.65,13.1632012515329,6.68823719024658
1,39.66,13.1665345514193,6.69658184051514
1,39.67,13.1698678513058,6.70373439788818
1,39.68,13.1732011511922,6.71029090881348
1,39.69,13.1765344510786,6.71684741973877
1,39.7,13.1798677509651,6.72638416290283
1,39.71,13.1832010508515,6.73353672027588
1,39.72,13.1865343507379,6.74009323120117
1,39.73,13.1898676506244,6.74784183502197
1,39.74,13.1932009505108,6.75678253173828
1,39.75,13.1965342503972,6.76751136779785
1,39.76,13.1998675502837,6.77704811096191
1,39.77,13.2032008501701,6.7824125289917
1,39.78,13.2065341500565,6.78956508636475
1,39.79,13.209867449943,6.80148601531982
1,39.8,13.2132007498294,6.80863857269287
1,39.81,13.2165340497158,6.82055950164795
1,39.82,13.2198673496023,6.827712059021
1,39.83,13.2232006494887,6.83486461639404
1,39.84,13.2265339493752,6.84618949890137
1,39.85,13.2298672492616,6.85393810272217
1,39.86,13.233200549148,6.86287879943848
1,39.87,13.2365338490345,6.86764717102051
1,39.88,13.2398671489209,6.87539577484131
1,39.89,13.2432004488073,6.87897205352783
1,39.9,13.2465337486938,6.88612461090088
1,39.91,13.2498670485802,6.89566135406494
1,39.92,13.2532003484666,6.90639019012451
1,39.93,13.2565336483531,6.9129467010498
1,39.94,13.2598669482395,6.92307949066162
1,39.95,13.2632002481259,6.92903995513916
1,39.96,13.2665335480124,6.93798065185547
1,39.97,13.2698668478988,6.94632530212402
1,39.98,13.2732001477852,6.95645809173584
1,39.99,13.2765334476717,6.96241855621338
1,40,13.2798667475581,6.97195529937744
1,40.01,13.2832000474446,6.98089599609375
1,40.02,13.286533347331,6.9880485534668
1,40.03,13.2898666472174,7.00175762176514
1,40.04,13.2931999471039,7.00950622558594
1,40.05,13.2965332469903,7.02202320098877
1,40.06,13.2998665468767,7.0345401763916
1,40.07,13.3031998467632,7.04050064086914
1,40.08,13.3065331466496,7.05420970916748
1,40.09,13.309866446536,7.06613063812256
1,40.1,13.3131997464225,7.07745552062988
1,40.11,13.3165330463089,7.09116458892822
1,40.12,13.3198663461953,7.10368156433105
1,40.13,13.3231996460818,7.11441040039063
1,40.14,13.3265329459682,7.12275505065918
1,40.15,13.3298662458546,7.13586807250977
1,40.16,13.3331995457411,7.14540481567383
1,40.17,13.3365328456275,7.15851783752441
1,40.18,13.339866145514,7.16626644134521
1,40.19,13.3431994454004,7.17639923095703
1,40.2,13.3465327452868,7.1871280670166
1,40.21,13.3498660451733,7.1948766708374
1,40.22,13.3531993450597,7.20381736755371
1,40.23,13.3565326449461,7.21454620361328
1,40.24,13.3598659448326,7.22408294677734
1,40.25,13.363199244719,7.23481178283691
1,40.26,13.3665325446054,7.24315643310547
1,40.27,13.3698658444919,7.25388526916504
1,40.28,13.3731991443783,7.26759433746338
1,40.29,13.3765324442647,7.27474689483643
1,40.3,13.3798657441512,7.28309154510498
1,40.31,13.3831990440376,7.28905200958252
1,40.32,13.386532343924,7.29620456695557
1,40.33,13.3898656438105,7.3087215423584
1,40.34,13.3931989436969,7.3164701461792
1,40.35,13.3965322435834,7.32898712158203
1,40.36,13.3998655434698,7.33613967895508
1,40.37,13.4031988433562,7.34388828277588
1,40.38,13.4065321432427,7.34925270080566
1,40.39,13.4098654431291,7.35342502593994
1,40.4,13.4131987430155,7.36057758331299
1,40.41,13.416532042902,7.37130641937256
1,40.42,13.4198653427884,7.37369060516357
1,40.43,13.4231986426748,7.38680362701416
1,40.44,13.4265319425613,7.39157199859619
1,40.45,13.4298652424477,7.39991664886475
1,40.46,13.4331985423341,7.40885734558105
1,40.47,13.4365318422206,7.42018222808838
1,40.48,13.439865142107,7.42435455322266
1,40.49,13.4431984419934,7.43269920349121
1,40.5,13.4465317418799,7.43567943572998
1,40.51,13.4498650417663,7.4470043182373
1,40.52,13.4531983416528,7.45594501495361
1,40.53,13.4565316415392,7.4613094329834
1,40.54,13.4598649414256,7.47442245483398
1,40.55,13.4631982413121,7.47859477996826
1,40.56,13.4665315411985,7.48872756958008
1,40.57,13.4698648410849,7.49409198760986
1,40.58,13.4731981409714,7.50601291656494
1,40.59,13.4765314408578,7.51852989196777
1,40.6,13.4798647407442,7.52449035644531
1,40.61,13.4831980406307,7.53343105316162
1,40.62,13.4865313405171,7.53700733184814
1,40.63,13.4898646404035,7.54833221435547
1,40.64,13.49319794029,7.55727291107178
1,40.65,13.4965312401764,7.56680965423584
1,40.66,13.4998645400628,7.5763463973999
1,40.67,13.5031978399493,7.58588314056396
1,40.68,13.5065311398357,7.59243965148926
1,40.69,13.5098644397222,7.60078430175781
1,40.7,13.5131977396086,7.60912895202637
1,40.71,13.516531039495,7.61747360229492
1,40.72,13.5198643393815,7.6216459274292
1,40.73,13.5231976392679,7.62820243835449
1,40.74,13.5265309391543,7.63475894927979
1,40.75,13.5298642390408,7.6448917388916
1,40.76,13.5331975389272,7.65025615692139
1,40.77,13.5365308388136,7.65681266784668
1,40.78,13.5398641387001,7.66634941101074
1,40.79,13.5431974385865,7.6758861541748
1,40.8,13.5465307384729,7.68184661865234
1,40.81,13.5498640383594,7.69138336181641
1,40.82,13.5531973382458,7.70211219787598
1,40.83,13.5565306381322,7.70866870880127
1,40.84,13.5598639380187,7.71701335906982
1,40.85,13.5631972379051,7.72178173065186
1,40.86,13.5665305377916,7.73072242736816
1,40.87,13.569863837678,7.73429870605469
1,40.88,13.5731971375644,7.74145126342773
1,40.89,13.5765304374509,7.743239402771
1,40.9,13.5798637373373,7.74621963500977
1,40.91,13.5831970372237,7.74860382080078
1,40.92,13.5865303371102,7.75396823883057
1,40.93,13.5898636369966,7.75635242462158
1,40.94,13.593196936883,7.76052474975586
1,40.95,13.5965302367695,7.76708126068115
1,40.96,13.5998635366559,7.77184963226318
1,40.97,13.6031968365423,7.77184963226318
1,40.98,13.6065301364288,7.78079032897949
1,40.99,13.6098634363152,7.78853893280029
1,41,13.6131967362016,7.79211521148682
1,41.01,13.6165300360881,7.80045986175537
1,41.02,13.6198633359745,7.80999660491943
1,41.03,13.6231966358609,7.81834125518799
1,41.04,13.6265299357474,7.8284740447998
1,41.05,13.6298632356338,7.84218311309814
1,41.06,13.6331965355203,7.8505277633667
1,41.07,13.6398631352931,7.86244869232178
1,41.08,13.6431964351796,7.87138938903809
1,41.1,13.646529735066,7.895827293396
1,41.11,13.6498630349524,7.90238380432129
1,41.12,13.6531963348389,7.91430473327637
1,41.13,13.6565296347253,7.92205333709717
1,41.14,13.6598629346117,7.93099403381348
1,41.15,13.6631962344982,7.93874263763428
1,41.16,13.6665295343846,7.94649124145508
1,41.17,13.6731961341575,7.95602798461914
1,41.18,13.6765294340439,7.96735286712646
1,41.2,13.6798627339303,7.98463821411133
1,41.21,13.6831960338168,7.99238681793213
1,41.22,13.6865293337032,8.00192356109619
1,41.23,13.6931959334761,8.01563262939453
1,41.25,13.699862533249,8.03470611572266
1,41.26,13.7031958331354,8.0496072769165
1,41.27,13.7065291330218,8.06212425231934
1,41.28,13.7098624329083,8.07344913482666
1,41.3,13.7131957327947,8.10086727142334
1,41.31,13.7198623325676,8.11159610748291
1,41.32,13.723195632454,8.125901222229
1,41.34,13.7265289323404,8.14914703369141
1,41.35,13.7331955321133,8.16226005554199
1,41.36,13.7365288319998,8.17179679870605
1,41.37,13.7398621318862,8.1789493560791
1,41.38,13.7431954317726,8.1866979598999
1,41.4,13.7465287316591,8.20636749267578
1,41.41,13.7531953314319,8.21530818939209
1,41.42,13.7565286313184,8.22305679321289
1,41.43,13.7598619312048,8.23378562927246
1,41.44,13.7631952310912,8.24093818664551
1,41.46,13.7698618308641,8.25703144073486
1,41.47,13.7731951307505,8.26478004455566
1,41.48,13.776528430637,8.27312469482422
1,41.5,13.7831950304098,8.29398632049561
1,41.51,13.7865283302963,8.29875469207764
1,41.52,13.7898616301827,8.30769538879395
1,41.53,13.7931949300691,8.31961631774902
1,41.54,13.7965282299556,8.3315372467041
1,41.55,13.799861529842,8.33988189697266
1,41.56,13.8031948297285,8.34643840789795
1,41.57,13.8065281296149,8.35418701171875
1,41.58,13.8098614295013,8.36431980133057
1,41.59,13.8131947293878,8.37922096252441
1,41.6,13.8165280292742,8.39293003082275
1,41.61,13.8198613291606,8.40187072753906
1,41.62,13.8231946290471,8.41319561004639
1,41.63,13.8265279289335,8.42094421386719
1,41.64,13.8298612288199,8.43226909637451
1,41.65,13.8331945287064,8.4388256072998
1,41.66,13.8365278285928,8.45134258270264
1,41.67,13.8398611284792,8.46028327941895
1,41.68,13.8431944283657,8.46743583679199
1,41.7,13.8498610281385,8.48293304443359
1,41.71,13.853194328025,8.48889350891113
1,41.72,13.8565276279114,8.49545001983643
1,41.73,13.8598609277979,8.50319862365723
1,41.74,13.8631942276843,8.51452350616455
1,41.75,13.8665275275707,8.52227210998535
1,41.76,13.8698608274572,8.53538513183594
1,41.77,13.8731941273436,8.54313373565674
1,41.78,13.87652742723,8.55505466461182
1,41.79,13.8798607271165,8.56161117553711
1,41.8,13.8831940270029,8.5747241973877
1,41.81,13.8865273268893,8.583664894104
1,41.82,13.8898606267758,8.5914134979248
1,41.83,13.8931939266622,8.60035419464111
1,41.84,13.8965272265486,8.60929489135742
1,41.85,13.8998605264351,8.61763954162598
1,41.86,13.9031938263215,8.62658023834229
1,41.87,13.9065271262079,8.63194465637207
1,41.88,13.9098604260944,8.64326953887939
1,41.89,13.9131937259808,8.65042209625244
1,41.9,13.9165270258673,8.66353511810303
1,41.91,13.9198603257537,8.6742639541626
1,41.92,13.9231936256401,8.68499279022217
1,41.93,13.9265269255266,8.69452953338623
1,41.94,13.929860225413,8.70466232299805
1,41.95,13.9331935252994,8.71598720550537
1,41.96,13.9365268251859,8.72373580932617
1,41.97,13.9398601250723,8.73386859893799
1,41.98,13.9431934249587,8.74042510986328
1,41.99,13.9465267248452,8.75174999237061
1,42,13.9498600247316,8.76009464263916
1,42.01,13.953193324618,8.76724720001221
1,42.02,13.9565266245045,8.77261161804199
1,42.03,13.9598599243909,8.77857208251953
1,42.04,13.9631932242773,8.78334045410156
1,42.05,13.9665265241638,8.79287719726563
1,42.06,13.9698598240502,8.80062580108643
1,42.07,13.9731931239367,8.80777835845947
1,42.08,13.9765264238231,8.81373882293701
1,42.09,13.9798597237095,8.81969928741455
1,42.1,13.983193023596,8.83162021636963
1,42.11,13.9865263234824,8.83400440216064
1,42.12,13.9898596233688,8.83996486663818
1,42.13,13.9931929232553,8.84771347045898
1,42.14,13.9965262231417,8.85546207427979
1,42.15,13.9998595230281,8.86261463165283
1,42.16,14.0031928229146,8.86738300323486
1,42.17,14.006526122801,8.8733434677124
1,42.18,14.0098594226874,8.88228416442871
1,42.19,14.0131927225739,8.89122486114502
1,42.2,14.0165260224603,8.90135765075684
1,42.21,14.0198593223467,8.91268253326416
1,42.22,14.0231926222332,8.92341136932373
1,42.23,14.0265259221196,8.93115997314453
1,42.24,14.0298592220061,8.94427299499512
1,42.25,14.0331925218925,8.95321369171143
1,42.26,14.0365258217789,8.96871089935303
1,42.27,14.0398591216654,8.98182392120361
1,42.28,14.0431924215518,8.99016857147217
1,42.29,14.0465257214382,8.99612903594971
1,42.3,14.0498590213247,9.00924205780029
1,42.31,14.0531923212111,9.01579856872559
1,42.32,14.0565256210975,9.02533531188965
1,42.33,14.059858920984,9.03189182281494
1,42.34,14.0631922208704,9.04262065887451
1,42.35,14.0665255207568,9.05036926269531
1,42.36,14.0698588206433,9.05871391296387
1,42.37,14.0731921205297,9.06884670257568
1,42.38,14.0765254204161,9.07480716705322
1,42.39,14.0798587203026,9.08493995666504
1,42.4,14.083192020189,9.08970832824707
1,42.41,14.0865253200755,9.09268856048584
1,42.42,14.0898586199619,9.10043716430664
1,42.43,14.0931919198483,9.11116600036621
1,42.44,14.0965252197348,9.12189483642578
1,42.45,14.0998585196212,9.13083553314209
1,42.46,14.1031918195076,9.14216041564941
1,42.47,14.1065251193941,9.1475248336792
1,42.48,14.1098584192805,9.16182994842529
1,42.49,14.1131917191669,9.16361808776855
1,42.5,14.1165250190534,9.17434692382813
1,42.51,14.1198583189398,9.18388366699219
1,42.52,14.1231916188262,9.19461250305176
1,42.53,14.1265249187127,9.20355319976807
1,42.54,14.1298582185991,9.20891761779785
1,42.55,14.1331915184855,9.21785831451416
1,42.56,14.136524818372,9.22620296478271
1,42.57,14.1398581182584,9.23216342926025
1,42.58,14.1431914181449,9.23871994018555
1,42.59,14.1465247180313,9.24527645111084
1,42.6,14.1498580179177,9.25302505493164
1,42.61,14.1531913178042,9.26494598388672
1,42.62,14.1565246176906,9.27150249481201
1,42.63,14.159857917577,9.28103923797607
1,42.64,14.1631912174635,9.28997993469238
1,42.65,14.1665245173499,9.29951667785645
1,42.66,14.1698578172363,9.307861328125
1,42.67,14.1731911171228,9.3156099319458
1,42.68,14.1765244170092,9.32872295379639
1,42.69,14.1798577168956,9.33647155761719
1,42.7,14.1831910167821,9.34481620788574
1,42.71,14.1865243166685,9.35554504394531
1,42.72,14.1898576165549,9.37223434448242
1,42.73,14.1931909164414,9.38177108764648
1,42.74,14.1965242163278,9.39726829528809
1,42.75,14.1998575162143,9.41753387451172
1,42.76,14.2031908161007,9.43005084991455
1,42.77,14.2065241159871,9.44435596466064
1,42.78,14.2098574158736,9.45866107940674
1,42.79,14.21319071576,9.47415828704834
1,42.8,14.2165240156464,9.48905944824219
1,42.81,14.2198573155329,9.50098037719727
1,42.82,14.2231906154193,9.51588153839111
1,42.83,14.2265239153057,9.52839851379395
1,42.84,14.2298572151922,9.53555107116699
1,42.85,14.2331905150786,9.54985618591309
1,42.86,14.236523814965,9.5599889755249
1,42.87,14.2398571148515,9.57310199737549
1,42.88,14.2431904147379,9.58263874053955
1,42.89,14.2465237146243,9.59217548370361
1,42.9,14.2498570145108,9.59813594818115
1,42.91,14.2531903143972,9.60469245910645
1,42.92,14.2565236142837,9.61661338806152
1,42.93,14.2598569141701,9.62615013122559
1,42.94,14.2631902140565,9.63568687438965
1,42.95,14.266523513943,9.64641571044922
1,42.96,14.2698568138294,9.65118408203125
1,42.97,14.2731901137158,9.66072082519531
1,42.98,14.2765234136023,9.67144966125488
1,42.99,14.2798567134887,9.6815824508667
1,43,14.2831900133751,9.69052314758301
1,43.01,14.2865233132616,9.70005989074707
1,43.02,14.289856613148,9.71078872680664
1,43.03,14.2931899130344,9.72092151641846
1,43.04,14.2965232129209,9.73403453826904
1,43.05,14.2998565128073,9.74297523498535
1,43.06,14.3031898126937,9.75191593170166
1,43.07,14.3065231125802,9.76204872131348
1,43.08,14.3098564124666,9.77754592895508
1,43.09,14.3131897123531,9.78469848632813
1,43.1,14.3165230122395,9.79483127593994
1,43.11,14.3198563121259,9.8031759262085
1,43.12,14.3231896120124,9.81628894805908
1,43.13,14.3265229118988,9.82940196990967
1,43.14,14.3298562117852,9.83655452728271
1,43.15,14.3331895116717,9.85026359558105
1,43.16,14.3365228115581,9.85622406005859
1,43.17,14.3398561114445,9.86993312835693
1,43.18,14.343189411331,9.87410545349121
1,43.19,14.3465227112174,9.88304615020752
1,43.2,14.3498560111038,9.8949670791626
1,43.21,14.3531893109903,9.90331172943115
1,43.22,14.3565226108767,9.90986824035645
1,43.23,14.3598559107631,9.91880893707275
1,43.24,14.3631892106496,9.92536544799805
1,43.25,14.366522510536,9.93192195892334
1,43.26,14.3698558104225,9.94086265563965
1,43.27,14.3731891103089,9.94682312011719
1,43.28,14.3765224101953,9.95755195617676
1,43.29,14.3798557100818,9.96172428131104
1,43.3,14.3831890099682,9.96828079223633
1,43.31,14.3865223098546,9.97662544250488
1,43.32,14.3898556097411,9.98497009277344
1,43.33,14.3931889096275,9.99569892883301
1,43.34,14.3965222095139,10.0034475326538
1,43.35,14.3998555094004,10.0106000900269
1,43.36,14.4031888092868,10.0189447402954
1,43.37,14.4065221091732,10.027289390564
1,43.38,14.4098554090597,10.0332498550415
1,43.39,14.4131887089461,10.0481510162354
1,43.4,14.4165220088325,10.0600719451904
1,43.41,14.419855308719,10.0648403167725
1,43.42,14.4231886086054,10.0761651992798
1,43.43,14.4265219084918,10.0886821746826
1,43.44,14.4298552083783,10.1000070571899
1,43.45,14.4331885082647,10.1137161254883
1,43.46,14.4365218081512,10.1226568222046
1,43.47,14.4398551080376,10.1333856582642
1,43.48,14.443188407924,10.141134262085
1,43.49,14.4465217078105,10.1560354232788
1,43.5,14.4498550076969,10.1643800735474
1,43.51,14.4531883075833,10.1757049560547
1,43.52,14.4565216074698,10.1864337921143
1,43.53,14.4598549073562,10.1959705352783
1,43.54,14.4631882072426,10.2007389068604
1,43.55,14.4665215071291,10.2084875106812
1,43.56,14.4698548070155,10.2174282073975
1,43.57,14.4731881069019,10.2299451828003
1,43.58,14.4765214067884,10.2347135543823
1,43.59,14.4798547066748,10.2424621582031
1,43.6,14.4831880065613,10.2478265762329
1,43.61,14.4865213064477,10.2555751800537
1,43.62,14.4898546063341,10.2633237838745
1,43.63,14.4931879062206,10.2698802947998
1,43.64,14.496521206107,10.2788209915161
1,43.65,14.4998545059934,10.2841854095459
1,43.66,14.5031878058799,10.2901458740234
1,43.67,14.5065211057663,10.296106338501
1,43.68,14.5098544056527,10.3014707565308
1,43.69,14.5131877055392,10.3092193603516
1,43.7,14.5165210054256,10.3181600570679
1,43.71,14.519854305312,10.3271007537842
1,43.72,14.5231876051985,10.3282928466797
1,43.73,14.5265209050849,10.337233543396
1,43.74,14.5298542049713,10.3455781936646
1,43.75,14.5331875048578,10.3539228439331
1,43.76,14.5365208047442,10.3598833084106
1,43.77,14.5398541046306,10.371208190918
1,43.78,14.5431874045171,10.3795528411865
1,43.79,14.5465207044035,10.3884935379028
1,43.8,14.54985400429,10.3950500488281
1,43.81,14.5531873041764,10.4045867919922
1,43.82,14.5565206040628,10.414719581604
1,43.83,14.5598539039493,10.4248523712158
1,43.84,14.5631872038357,10.4337930679321
1,43.85,14.5665205037221,10.4421377182007
1,43.86,14.5698538036086,10.4516744613647
1,43.87,14.573187103495,10.4683637619019
1,43.88,14.5765204033814,10.4779005050659
1,43.89,14.5798537032679,10.4880332946777
1,43.9,14.5831870031543,10.4933977127075
1,43.91,14.5865203030407,10.5035305023193
1,43.92,14.5898536029272,10.5094909667969
1,43.93,14.5931869028136,10.5184316635132
1,43.94,14.5965202027,10.5232000350952
1,43.95,14.5998535025865,10.5363130569458
1,43.96,14.6031868024729,10.5422735214233
1,43.97,14.6065201023594,10.5547904968262
1,43.98,14.6098534022458,10.562539100647
1,43.99,14.6131867021322,10.5738639831543
1,44,14.6165200020187,10.5839967727661
1,44.01,14.6198533019051,10.5929374694824
1,44.02,14.6231866017915,10.6024742126465
1,44.03,14.626519901678,10.6167793273926
1,44.04,14.6298532015644,10.6275081634521
1,44.05,14.6331865014508,10.6412172317505
1,44.06,14.6365198013373,10.6513500213623
1,44.07,14.6398531012237,10.6668472290039
1,44.08,14.6431864011101,10.6823444366455
1,44.09,14.6465197009966,10.6900930404663
1,44.1,14.649853000883,10.7020139694214
1,44.11,14.6531863007695,10.7169151306152
1,44.12,14.6565196006559,10.7306241989136
1,44.13,14.6598529005423,10.7395648956299
1,44.14,14.6631862004288,10.7520818710327
1,44.15,14.6665195003152,10.7598304748535
1,44.16,14.6698528002016,10.7711553573608
1,44.17,14.6731861000881,10.7800960540771
1,44.18,14.6765193999745,10.7908248901367
1,44.19,14.6798526998609,10.8009576797485
1,44.2,14.6831859997474,10.8093023300171
1,44.21,14.6865192996338,10.8152627944946
1,44.22,14.6898525995202,10.8277797698975
1,44.23,14.6931858994067,10.8397006988525
1,44.24,14.6965191992931,10.8510255813599
1,44.25,14.6998524991795,10.8587741851807
1,44.26,14.703185799066,10.8706951141357
1,44.27,14.7065190989524,10.8808279037476
1,44.28,14.7098523988388,10.8927488327026
1,44.29,14.7131856987253,10.9046697616577
1,44.3,14.7165189986117,10.915994644165
1,44.31,14.7198522984982,10.9279155731201
1,44.32,14.7231855983846,10.9362602233887
1,44.33,14.726518898271,10.949969291687
1,44.34,14.7298521981575,10.9606981277466
1,44.35,14.7331854980439,10.9744071960449
1,44.36,14.7365187979303,10.9881162643433
1,44.37,14.7398520978168,11.0000371932983
1,44.38,14.7431853977032,11.0083818435669
1,44.39,14.7465186975896,11.0220909118652
1,44.4,14.7498519974761,11.0304355621338
1,44.41,14.7531852973625,11.0459327697754
1,44.42,14.7565185972489,11.0554695129395
1,44.43,14.7598518971354,11.0620260238647
1,44.44,14.7631851970218,11.0697746276855
1,44.45,14.7665184969082,11.0793113708496
1,44.46,14.7698517967947,11.0900402069092
1,44.47,14.7731850966811,11.0989809036255
1,44.48,14.7765183965676,11.1126899719238
1,44.49,14.779851696454,11.1204385757446
1,44.5,14.7831849963404,11.1281871795654
1,44.51,14.7865182962269,11.1401081085205
1,44.52,14.7898515961133,11.1502408981323
1,44.53,14.7931848959997,11.1639499664307
1,44.54,14.7965181958862,11.1722946166992
1,44.55,14.7998514957726,11.1806392669678
1,44.56,14.803184795659,11.1907720565796
1,44.57,14.8065180955455,11.2003087997437
1,44.58,14.8098513954319,11.2098455429077
1,44.59,14.8131846953183,11.2217664718628
1,44.6,14.8165179952048,11.2348794937134
1,44.61,14.8198512950912,11.2414360046387
1,44.62,14.8231845949776,11.2509727478027
1,44.63,14.8265178948641,11.2628936767578
1,44.64,14.8298511947505,11.2706422805786
1,44.65,14.833184494637,11.2819671630859
1,44.66,14.8365177945234,11.2909078598022
1,44.67,14.8398510944098,11.2968683242798
1,44.68,14.8431843942963,11.3040208816528
1,44.69,14.8465176941827,11.3153457641602
1,44.7,14.8498509940691,11.3272666931152
1,44.71,14.8531842939556,11.3409757614136
1,44.72,14.856517593842,11.3540887832642
1,44.73,14.8598508937284,11.3677978515625
1,44.74,14.8631841936149,11.3773345947266
1,44.75,14.8665174935013,11.3880634307861
1,44.76,14.8698507933877,11.3981962203979
1,44.77,14.8731840932742,11.4119052886963
1,44.78,14.8765173931606,11.4274024963379
1,44.79,14.879850693047,11.4428997039795
1,44.8,14.8831839929335,11.4566087722778
1,44.81,14.8865172928199,11.4679336547852
1,44.82,14.8898505927064,11.4762783050537
1,44.83,14.8931838925928,11.4887952804565
1,44.84,14.8965171924792,11.4989280700684
1,44.85,14.8998504923657,11.5066766738892
1,44.86,14.9031837922521,11.5197896957397
1,44.87,14.9065170921385,11.5287303924561
1,44.88,14.909850392025,11.5346908569336
1,44.89,14.9131836919114,11.5483999252319
1,44.9,14.9165169917978,11.557936668396
1,44.91,14.9198502916843,11.5692615509033
1,44.92,14.9231835915707,11.5787982940674
1,44.93,14.9265168914571,11.5925073623657
1,44.94,14.9298501913436,11.6008520126343
1,44.95,14.93318349123,11.6133689880371
1,44.96,14.9365167911164,11.6217136383057
1,44.97,14.9398500910029,11.6312503814697
1,44.98,14.9431833908893,11.6366147994995
1,44.99,14.9465166907758,11.6443634033203
1,45,14.9498499906622,11.6527080535889
1,45.01,14.9531832905486,11.6556882858276
1,45.02,14.9565165904351,11.669397354126
1,45.03,14.9598498903215,11.676549911499
1,45.04,14.9631831902079,11.6860866546631
1,45.05,14.9665164900944,11.6890668869019
1,45.06,14.9698497899808,11.6926431655884
1,45.07,14.9731830898672,11.7027759552002
1,45.08,14.9765163897537,11.7111206054688
1,45.09,14.9798496896401,11.7194652557373
1,45.1,14.9831829895265,11.7254257202148
1,45.11,14.986516289413,11.7361545562744
1,45.12,14.9898495892994,11.7397308349609
1,45.13,14.9931828891858,11.7439031600952
1,45.14,14.9965161890723,11.7522478103638
1,45.15,14.9998494889587,11.7605924606323
1,45.16,15.0031827888452,11.7701292037964
1,45.17,15.0065160887316,11.7802619934082
1,45.18,15.009849388618,11.792778968811
1,45.19,15.0131826885045,11.8035078048706
1,45.2,15.0165159883909,11.8172168731689
1,45.21,15.0198492882773,11.8285417556763
1,45.22,15.0231825881638,11.8404626846313
1,45.23,15.0265158880502,11.8494033813477
1,45.24,15.0298491879366,11.860728263855
1,45.25,15.0331824878231,11.867880821228
1,45.26,15.0365157877095,11.8803977966309
1,45.27,15.0398490875959,11.8851661682129
1,45.28,15.0431823874824,11.8911266326904
1,45.29,15.0465156873688,11.894702911377
1,45.3,15.0498489872552,11.9012594223022
1,45.31,15.0531822871417,11.906623840332
1,45.32,15.0565155870281,11.9155645370483
1,45.33,15.0598488869146,11.9221210479736
1,45.34,15.063182186801,11.9352340698242
1,45.35,15.0665154866874,11.942982673645
1,45.36,15.0698487865739,11.9519233703613
1,45.37,15.0731820864603,11.9674205780029
1,45.38,15.0765153863467,11.9799375534058
1,45.39,15.0798486862332,11.9924545288086
1,45.4,15.0831819861196,12.0049715042114
1,45.41,15.086515286006,12.0174884796143
1,45.42,15.0898485858925,12.0329856872559
1,45.43,15.0931818857789,12.0514631271362
1,45.44,15.0965151856653,12.0621919631958
1,45.45,15.0998484855518,12.0788812637329
1,45.46,15.1031817854382,12.0890140533447
1,45.47,15.1065150853246,12.1021270751953
1,45.48,15.1098483852111,12.1152400970459
1,45.49,15.1131816850975,12.1313333511353
1,45.5,15.116514984984,12.1432542800903
1,45.51,15.1198482848704,12.1575593948364
1,45.52,15.1231815847568,12.1676921844482
1,45.53,15.1265148846433,12.1766328811646
1,45.54,15.1298481845297,12.1909379959106
1,45.55,15.1331814844161,12.202262878418
1,45.56,15.1365147843026,12.2135877609253
1,45.57,15.139848084189,12.2243165969849
1,45.58,15.1431813840754,12.2404098510742
1,45.59,15.1465146839619,12.2487545013428
1,45.6,15.1498479838483,12.2606754302979
1,45.61,15.1531812837347,12.2785568237305
1,45.62,15.1565145836212,12.2958421707153
1,45.63,15.1598478835076,12.3083591461182
1,45.64,15.163181183394,12.31849193573
1,45.65,15.1665144832805,12.3333930969238
1,45.66,15.1698477831669,12.3512744903564
1,45.67,15.1731810830534,12.3649835586548
1,45.68,15.1765143829398,12.3792886734009
1,45.69,15.1798476828262,12.3888254165649
1,45.7,15.1831809827127,12.4001502990723
1,45.71,15.1865142825991,12.4162435531616
1,45.72,15.1898475824855,12.4293565750122
1,45.73,15.193180882372,12.4412775039673
1,45.74,15.1965141822584,12.4514102935791
1,45.75,15.1998474821448,12.4621391296387
1,45.76,15.2031807820313,12.4722719192505
1,45.77,15.2065140819177,12.480616569519
1,45.78,15.2098473818041,12.4931335449219
1,45.79,15.2131806816906,12.5014781951904
1,45.8,15.216513981577,12.5116109848022
1,45.81,15.2198472814634,12.5241279602051
1,45.82,15.2231805813499,12.5324726104736
1,45.83,15.2265138812363,12.5414133071899
1,45.84,15.2298471811228,12.550950050354
1,45.85,15.2331804810092,12.5604867935181
1,45.86,15.2365137808956,12.5688314437866
1,45.87,15.2398470807821,12.5771760940552
1,45.88,15.2431803806685,12.5867128372192
1,45.89,15.2465136805549,12.5926733016968
1,45.9,15.2498469804414,12.6028060913086
1,45.91,15.2531802803278,12.6087665557861
1,45.92,15.2565135802142,12.6200914382935
1,45.93,15.2598468801007,12.6272439956665
1,45.94,15.2631801799871,12.6355886459351
1,45.95,15.2665134798735,12.6439332962036
1,45.96,15.26984677976,12.6552581787109
1,45.97,15.2731800796464,12.6636028289795
1,45.98,15.2765133795328,12.6755237579346
1,45.99,15.2798466794193,12.6832723617554
1,46,15.2831799793057,12.6922130584717
1,46.01,15.2865132791921,12.7023458480835
1,46.02,15.2898465790786,12.7166509628296
1,46.03,15.293179878965,12.7309560775757
1,46.04,15.2965131788515,12.7410888671875
1,46.05,15.2998464787379,12.7518177032471
1,46.06,15.3031797786243,12.7619504928589
1,46.07,15.3065130785108,12.7744674682617
1,46.08,15.3098463783972,12.7851963043213
1,46.09,15.3131796782836,12.7971172332764
1,46.1,15.3165129781701,12.8090381622314
1,46.11,15.3198462780565,12.8179788589478
1,46.12,15.3231795779429,12.824535369873
1,46.13,15.3265128778294,12.8370523452759
1,46.14,15.3298461777158,12.8424167633057
1,46.15,15.3331794776022,12.8555297851563
1,46.16,15.3365127774887,12.8662586212158
1,46.17,15.3398460773751,12.8728151321411
1,46.18,15.3431793772616,12.8793716430664
1,46.19,15.346512677148,12.8912925720215
1,46.2,15.3498459770344,12.9014253616333
1,46.21,15.3531792769209,12.9127502441406
1,46.22,15.3565125768073,12.926459312439
1,46.23,15.3598458766937,12.9371881484985
1,46.24,15.3631791765802,12.9497051239014
1,46.25,15.3665124764666,12.9646062850952
1,46.26,15.369845776353,12.9753351211548
1,46.27,15.3731790762395,12.9866600036621
1,46.28,15.3765123761259,12.9991769790649
1,46.29,15.3798456760123,13.0128860473633
1,46.3,15.3831789758988,13.0236148834229
1,46.31,15.3865122757852,13.0373239517212
1,46.32,15.3898455756716,13.0492448806763
1,46.33,15.3931788755581,13.0611658096313
1,46.34,15.3965121754445,13.0742788314819
1,46.35,15.3998454753309,13.0873918533325
1,46.36,15.4031787752174,13.0951404571533
1,46.37,15.4065120751038,13.1094455718994
1,46.38,15.4098453749903,13.1231546401978
1,46.39,15.4131786748767,13.1380558013916
1,46.4,15.4165119747631,13.1464004516602
1,46.41,15.4198452746496,13.1583213806152
1,46.42,15.423178574536,13.1678581237793
1,46.43,15.4265118744224,13.1726264953613
1,46.44,15.4298451743089,13.1827592849731
1,46.45,15.4331784741953,13.195276260376
1,46.46,15.4365117740817,13.2030248641968
1,46.47,15.4398450739682,13.2089853286743
1,46.48,15.4431783738546,13.2167339324951
1,46.49,15.446511673741,13.2250785827637
1,46.5,15.4498449736275,13.2358074188232
1,46.51,15.4531782735139,13.2447481155396
1,46.52,15.4565115734003,13.2530927658081
1,46.53,15.4598448732868,13.2608413696289
1,46.54,15.4631781731732,13.267993927002
1,46.55,15.4665114730597,13.2793188095093
1,46.56,15.4698447729461,13.2924318313599
1,46.57,15.4731780728325,13.3043527603149
1,46.58,15.476511372719,13.31627368927
1,46.59,15.4798446726054,13.3287906646729
1,46.6,15.4831779724918,13.3377313613892
1,46.61,15.4865112723783,13.3448839187622
1,46.62,15.4898445722647,13.3532285690308
1,46.63,15.4931778721511,13.3615732192993
1,46.64,15.4965111720376,13.3728981018066
1,46.65,15.499844471924,13.3800506591797
1,46.66,15.5031777718104,13.3895874023438
1,46.67,15.5065110716969,13.3979320526123
1,46.68,15.5098443715833,13.4116411209106
1,46.69,15.5131776714697,13.4247541427612
1,46.7,15.5165109713562,13.434886932373
1,46.71,15.5231775711291,13.4450197219849
1,46.73,15.5265108710155,13.464093208313
1,46.74,15.5298441709019,13.4801864624023
1,46.75,15.5331774707884,13.4885311126709
1,46.76,15.5398440705612,13.4998559951782
1,46.77,15.5431773704477,13.5135650634766
1,46.79,15.5465106703341,13.536810874939
1,46.8,15.553177270107,13.5499238967896
1,46.81,15.5565105699934,13.5642290115356
1,46.82,15.5598438698798,13.573169708252
1,46.83,15.5631771697663,13.587474822998
1,46.85,15.5665104696527,13.611912727356
1,46.86,15.5731770694256,13.6286020278931
1,46.87,15.576510369312,13.6464834213257
1,46.89,15.5798436691985,13.6762857437134
1,46.9,15.5831769690849,13.6911869049072
1,46.91,15.5898435688578,13.7019157409668
1,46.92,15.5931768687442,13.7174129486084
1,46.93,15.5965101686306,13.7341022491455
1,46.94,15.5998434685171,13.7466192245483
1,46.95,15.6031767684035,13.7567520141602
1,46.96,15.6065100682899,13.7650966644287
1,46.97,15.6098433681764,13.7788057327271
1,46.98,15.6131766680628,13.7937068939209
1,46.99,15.6165099679492,13.8062238693237
1,47,15.6198432678357,13.8205289840698
1,47.01,15.6231765677221,13.8294696807861
1,47.02,15.6265098676085,13.8449668884277
1,47.03,15.629843167495,13.8586759567261
1,47.04,15.6331764673814,13.8705968856812
1,47.05,15.6365097672679,13.8825178146362
1,47.06,15.6398430671543,13.8962268829346
1,47.07,15.6431763670407,13.8998031616211
1,47.08,15.6465096669272,13.9087438583374
1,47.09,15.6498429668136,13.9153003692627
1,47.1,15.6531762667,13.9236450195313
1,47.11,15.6565095665865,13.9373540878296
1,47.12,15.6598428664729,13.9409303665161
1,47.13,15.6631761663593,13.95583152771
1,47.14,15.6665094662458,13.9641761779785
1,47.15,15.6698427661322,13.9790773391724
1,47.16,15.6731760660186,13.9904022216797
1,47.17,15.6765093659051,14.0076875686646
1,47.18,15.6798426657915,14.0124559402466
1,47.19,15.6831759656779,14.0255689620972
1,47.2,15.6865092655644,14.0392780303955
1,47.21,15.6898425654508,14.0482187271118
1,47.22,15.6931758653373,14.0595436096191
1,47.23,15.6965091652237,14.0672922134399
1,47.24,15.6998424651101,14.079213142395
1,47.25,15.7031757649966,14.0881538391113
1,47.26,15.706509064883,14.0994787216187
1,47.27,15.7098423647694,14.1113996505737
1,47.28,15.7131756646559,14.1197443008423
1,47.29,15.7165089645423,14.1298770904541
1,47.3,15.7198422644287,14.1364336013794
1,47.31,15.7231755643152,14.1406059265137
1,47.32,15.7265088642016,14.151930809021
1,47.33,15.729842164088,14.1578912734985
1,47.34,15.7331754639745,14.1674280166626
1,47.35,15.7365087638609,14.1727924346924
1,47.36,15.7398420637473,14.1799449920654
1,47.37,15.7431753636338,14.1870975494385
1,47.38,15.7465086635202,14.1942501068115
1,47.39,15.7498419634067,14.2061710357666
1,47.4,15.7531752632931,14.2180919647217
1,47.41,15.7565085631795,14.227032661438
1,47.42,15.759841863066,14.2401456832886
1,47.43,15.7631751629524,14.2556428909302
1,47.44,15.7665084628388,14.2663717269897
1,47.45,15.7698417627253,14.2800807952881
1,47.46,15.7731750626117,14.2967700958252
1,47.47,15.7765083624981,14.311671257019
1,47.48,15.7798416623846,14.3283605575562
1,47.49,15.783174962271,14.3414735794067
1,47.5,15.7865082621574,14.3599510192871
1,47.51,15.7898415620439,14.3784284591675
1,47.52,15.7931748619303,14.3903493881226
1,47.53,15.7965081618167,14.4058465957642
1,47.54,15.7998414617032,14.420747756958
1,47.55,15.8031747615896,14.4398212432861
1,47.56,15.8065080614761,14.4541263580322
1,47.57,15.8098413613625,14.4708156585693
1,47.58,15.8131746612489,14.4898891448975
1,47.59,15.8165079611354,14.5083665847778
1,47.6,15.8198412610218,14.5244598388672
1,47.61,15.8231745609082,14.5363807678223
1,47.62,15.8265078607947,14.5548582077026
1,47.63,15.8298411606811,14.5673751831055
1,47.64,15.8331744605675,14.5816802978516
1,47.65,15.836507760454,14.5876407623291
1,47.66,15.8398410603404,14.6025419235229
1,47.67,15.8431743602268,14.6126747131348
1,47.68,15.8465076601133,14.6228075027466
1,47.69,15.8498409599997,14.6287679672241
1,47.7,15.8531742598861,14.6389007568359
1,47.71,15.8565075597726,14.6490335464478
1,47.72,15.859840859659,14.655590057373
1,47.73,15.8631741595454,14.6567821502686
1,47.74,15.8665074594319,14.6698951721191
1,47.75,15.8698407593183,14.6782398223877
1,47.76,15.8731740592048,14.6842002868652
1,47.77,15.8765073590912,14.6883726119995
1,47.78,15.8798406589776,14.6979093551636
1,47.79,15.8831739588641,14.6996974945068
1,47.8,15.8865072587505,14.6949291229248
1,47.81,15.8898405586369,14.7104263305664
1,47.82,15.8931738585234,14.7145986557007
1,47.83,15.8965071584098,14.7169828414917
1,47.84,15.8998404582962,14.728307723999
1,47.85,15.9031737581827,14.725923538208
1,47.86,15.9065070580691,14.7384405136108
1,47.87,15.9098403579555,14.7390365600586
1,47.88,15.913173657842,14.7485733032227
1,47.89,15.9165069577284,14.7569179534912
1,47.9,15.9198402576149,14.7640705108643
1,47.91,15.9231735575013,14.7724151611328
1,47.92,15.9265068573877,14.7700309753418
1,47.93,15.9298401572742,14.7819519042969
1,47.94,15.9331734571606,14.7855281829834
1,47.95,15.936506757047,14.8022174835205
1,47.96,15.9398400569335,14.8093700408936
1,47.97,15.9431733568199,14.8189067840576
1,47.98,15.9465066567063,14.8320198059082
1,47.99,15.9498399565928,14.8415565490723
1,48,15.9531732564792,14.8427486419678
1,48.01,15.9565065563656,14.8594379425049
1,48.02,15.9598398562521,14.8630142211914
1,48.03,15.9631731561385,14.8725509643555
1,48.04,15.9665064560249,14.8820877075195
1,48.05,15.9698397559114,14.8880481719971
1,48.06,15.9731730557978,14.8987770080566
1,48.07,15.9765063556843,14.9059295654297
1,48.08,15.9798396555707,14.9071216583252
1,48.09,15.9831729554571,14.9083137512207
1,48.1,15.9865062553436,14.9166584014893
1,48.11,15.98983955523,14.9321556091309
1,48.12,15.9931728551164,14.9428844451904
1,48.13,15.9965061550029,14.958381652832
1,48.14,15.9998394548893,14.9631500244141
1,48.15,16.0031727547757,14.9691104888916
1,48.16,16.0065060546622,14.9857997894287
1,48.17,16.0098393545486,15.0012969970703
1,48.18,16.013172654435,15.0144100189209
1,48.19,16.0165059543215,15.028715133667
1,48.2,16.0198392542079,15.0442123413086
1,48.21,16.0231725540943,15.0513648986816
1,48.22,16.0265058539808,15.0644779205322
1,48.23,16.0298391538672,15.0799751281738
1,48.24,16.0331724537537,15.0942802429199
1,48.25,16.0365057536401,15.106201171875
1,48.26,16.0398390535265,15.1169300079346
1,48.27,16.043172353413,15.1276588439941
1,48.28,16.0465056532994,15.1360034942627
1,48.29,16.0498389531858,15.1455402374268
1,48.3,16.0531722530723,15.1574611663818
1,48.31,16.0565055529587,15.1717662811279
1,48.32,16.0598388528451,15.1741504669189
1,48.33,16.0631721527316,15.183687210083
1,48.34,16.066505452618,15.2015686035156
1,48.35,16.0698387525044,15.2146816253662
1,48.36,16.0731720523909,15.2337551116943
1,48.37,16.0765053522773,15.2504444122314
1,48.38,16.0798386521637,15.2587890625
1,48.39,16.0831719520502,15.2778625488281
1,48.4,16.0865052519366,15.2957439422607
1,48.41,16.0898385518231,15.3136253356934
1,48.42,16.0931718517095,15.3279304504395
1,48.43,16.0965051515959,15.34104347229
1,48.44,16.0998384514824,15.3613090515137
1,48.45,16.1031717513688,15.3815746307373
1,48.46,16.1065050512552,15.3982639312744
1,48.47,16.1098383511417,15.4125690460205
1,48.48,16.1131716510281,15.4280662536621
1,48.49,16.1165049509145,15.4471397399902
1,48.5,16.119838250801,15.4662132263184
1,48.51,16.1231715506874,15.4781341552734
1,48.52,16.1265048505738,15.493631362915
1,48.53,16.1298381504603,15.5091285705566
1,48.54,16.1331714503467,15.5282020568848
1,48.55,16.1365047502331,15.5436992645264
1,48.56,16.1398380501196,15.5520439147949
1,48.57,16.143171350006,15.5723094940186
1,48.58,16.1465046498925,15.5854225158691
1,48.59,16.1498379497789,15.5961513519287
1,48.6,16.1531712496653,15.6104564666748
1,48.61,16.1565045495518,15.6199932098389
1,48.62,16.1598378494382,15.6295299530029
1,48.63,16.1631711493246,15.6474113464355
1,48.64,16.1665044492111,15.6581401824951
1,48.65,16.1698377490975,15.6748294830322
1,48.66,16.1731710489839,15.6867504119873
1,48.67,16.1765043488704,15.7046318054199
1,48.68,16.1798376487568,15.7153606414795
1,48.69,16.1831709486432,15.7284736633301
1,48.7,16.1865042485297,15.7296657562256
1,48.71,16.1898375484161,15.7403945922852
1,48.72,16.1931708483025,15.7535076141357
1,48.73,16.196504148189,15.7642364501953
1,48.74,16.1998374480754,15.7797336578369
1,48.75,16.2031707479618,15.78688621521
1,48.76,16.2065040478483,15.8011913299561
1,48.77,16.2098373477347,15.8095359802246
1,48.78,16.2131706476212,15.8190727233887
1,48.79,16.2165039475076,15.8309936523438
1,48.8,16.219837247394,15.8369541168213
1,48.81,16.2231705472805,15.8560276031494
1,48.82,16.2265038471669,15.8786773681641
1,48.83,16.2298371470533,15.8834457397461
1,48.84,16.2331704469398,15.8941745758057
1,48.85,16.2365037468262,15.9120559692383
1,48.86,16.2398370467126,15.9263610839844
1,48.87,16.2431703465991,15.9358978271484
1,48.88,16.2465036464855,15.95139503479
1,48.89,16.2498369463719,15.9692764282227
1,48.9,16.2531702462584,15.9764289855957
1,48.91,16.2565035461448,15.9895420074463
1,48.92,16.2598368460312,16.0038471221924
1,48.93,16.2631701459177,16.0133838653564
1,48.94,16.2665034458041,16.024112701416
1,48.95,16.2698367456906,16.0360336303711
1,48.96,16.273170045577,16.0443782806396
1,48.97,16.2765033454634,16.0551071166992
1,48.98,16.2798366453499,16.0622596740723
1,48.99,16.2831699452363,16.0694122314453
1,49,16.2865032451227,16.0706043243408
1,49.01,16.2898365450092,16.0861015319824
1,49.02,16.2931698448956,16.0872936248779
1,49.03,16.296503144782,16.0980224609375
1,49.04,16.2998364446685,16.1051750183105
1,49.05,16.3031697445549,16.1111354827881
1,49.06,16.3065030444413,16.1206722259521
1,49.07,16.3098363443278,16.1266326904297
1,49.08,16.3131696442142,16.1349773406982
1,49.09,16.3165029441006,16.1480903625488
1,49.1,16.3198362439871,16.1588191986084
1,49.11,16.3231695438735,16.1707401275635
1,49.12,16.32650284376,16.1826610565186
1,49.13,16.3298361436464,16.1921977996826
1,49.14,16.3331694435328,16.2065029144287
1,49.15,16.3365027434193,16.2208080291748
1,49.16,16.3398360433057,16.2363052368164
1,49.17,16.3431693431921,16.247034072876
1,49.18,16.3465026430786,16.2613391876221
1,49.19,16.349835942965,16.2744522094727
1,49.2,16.3531692428514,16.2863731384277
1,49.21,16.3565025427379,16.2994861602783
1,49.22,16.3598358426243,16.3030624389648
1,49.23,16.3631691425107,16.3114070892334
1,49.24,16.3665024423972,16.322135925293
1,49.25,16.3698357422836,16.3364410400391
1,49.26,16.37316904217,16.3388252258301
1,49.27,16.3765023420565,16.3483619689941
1,49.28,16.3798356419429,16.3614749908447
1,49.29,16.3831689418294,16.3674354553223
1,49.3,16.3865022417158,16.3817405700684
1,49.31,16.3898355416022,16.3888931274414
1,49.32,16.3931688414887,16.3984298706055
1,49.33,16.3965021413751,16.4103507995605
1,49.34,16.3998354412615,16.4234638214111
1,49.35,16.403168741148,16.4365768432617
1,49.36,16.4065020410344,16.4532661437988
1,49.37,16.4098353409208,16.472339630127
1,49.38,16.4131686408073,16.484260559082
1,49.39,16.4165019406937,16.4973735809326
1,49.4,16.4198352405801,16.5128707885742
1,49.41,16.4231685404666,16.5259838104248
1,49.42,16.426501840353,16.5450572967529
1,49.43,16.4298351402394,16.556978225708
1,49.44,16.4331684401259,16.5736675262451
1,49.45,16.4365017400123,16.5927410125732
1,49.46,16.4398350398988,16.6070461273193
1,49.47,16.4431683397852,16.6225433349609
1,49.48,16.4465016396716,16.634464263916
1,49.49,16.4498349395581,16.6475772857666
1,49.5,16.4531682394445,16.6583061218262
1,49.51,16.4565015393309,16.6761875152588
1,49.52,16.4598348392174,16.6881084442139
1,49.53,16.4631681391038,16.70241355896
1,49.54,16.4665014389902,16.7167186737061
1,49.55,16.4698347388767,16.7286396026611
1,49.56,16.4731680387631,16.7334079742432
1,49.57,16.4765013386495,16.7489051818848
1,49.58,16.479834638536,16.7620182037354
1,49.59,16.4831679384224,16.7655944824219
1,49.6,16.4865012383089,16.7739391326904
1,49.61,16.4898345381953,16.7739391326904
1,49.62,16.4931678380817,16.7834758758545
1,49.63,16.4965011379682,16.7930126190186
1,49.64,16.4998344378546,16.7965888977051
1,49.65,16.503167737741,16.8001651763916
1,49.66,16.5065010376275,16.8108940124512
1,49.67,16.5098343375139,16.8108940124512
1,49.68,16.5131676374003,16.8216228485107
1,49.69,16.5165009372868,16.8323516845703
1,49.7,16.5198342371732,16.8418884277344
1,49.71,16.5231675370596,16.855001449585
1,49.72,16.5265008369461,16.8740749359131
1,49.73,16.5298341368325,16.8776512145996
1,49.74,16.5331674367189,16.9014930725098
1,49.75,16.5365007366054,16.9181823730469
1,49.76,16.5398340364918,16.934871673584
1,49.77,16.5431673363782,16.9515609741211
1,49.78,16.5465006362647,16.9682502746582
1,49.79,16.5498339361511,16.9825553894043
1,49.8,16.5531672360376,17.0016288757324
1,49.81,16.556500535924,17.0159339904785
1,49.82,16.5598338358104,17.0302391052246
1,49.83,16.5631671356969,17.0505046844482
1,49.84,16.5665004355833,17.0636177062988
1,49.85,16.5698337354697,17.0743465423584
1,49.86,16.5731670353562,17.0910358428955
1,49.87,16.5765003352426,17.1029567718506
1,49.88,16.579833635129,17.1220302581787
1,49.89,16.5831669350155,17.1351432800293
1,49.9,16.5865002349019,17.1458721160889
1,49.91,16.5898335347883,17.1470642089844
1,49.92,16.5931668346748,17.1685218811035
1,49.93,16.5965001345612,17.1780586242676
1,49.94,16.5998334344476,17.1887874603271
1,49.95,16.6031667343341,17.1971321105957
1,49.96,16.6065000342205,17.2054767608643
1,49.97,16.609833334107,17.2078609466553
1,49.98,16.6131666339934,17.2233581542969
1,49.99,16.6164999338798,17.2340869903564
1,50,16.6198332337663,17.2483921051025
1,50.01,16.6231665336527,17.2626972198486
1,50.02,16.6264998335391,17.2662734985352
1,50.03,16.6298331334256,17.2853469848633
1,50.04,16.633166433312,17.2972679138184
1,50.05,16.6364997331984,17.3103809356689
1,50.06,16.6398330330849,17.322301864624
1,50.07,16.6431663329713,17.3377990722656
1,50.08,16.6464996328577,17.3461437225342
1,50.09,16.6498329327442,17.3604488372803
1,50.1,16.6531662326306,17.3771381378174
1,50.11,16.656499532517,17.3866748809814
1,50.12,16.6598328324035,17.399787902832
1,50.13,16.6631661322899,17.4152851104736
1,50.14,16.6664994321764,17.4283981323242
1,50.15,16.6698327320628,17.4391269683838
1,50.16,16.6731660319492,17.4546241760254
1,50.17,16.6764993318357,17.4665451049805
1,50.18,16.6798326317221,17.4736976623535
1,50.19,16.6831659316085,17.4844264984131
1,50.2,16.686499231495,17.4999237060547
1,50.21,16.6898325313814,17.5130367279053
1,50.22,16.6931658312678,17.5273418426514
1,50.23,16.6964991311543,17.540454864502
1,50.24,16.6998324310407,17.554759979248
1,50.25,16.7031657309271,17.5714492797852
1,50.26,16.7064990308136,17.5881385803223
1,50.27,16.7098323307,17.6024436950684
1,50.28,16.7131656305864,17.620325088501
1,50.29,16.7164989304729,17.6334381103516
1,50.3,16.7198322303593,17.6513195037842
1,50.31,16.7231655302458,17.6656246185303
1,50.32,16.7264988301322,17.6775455474854
1,50.33,16.7298321300186,17.693042755127
1,50.34,16.7331654299051,17.7133083343506
1,50.35,16.7364987297915,17.7299976348877
1,50.36,16.7398320296779,17.7454948425293
1,50.37,16.7431653295644,17.7621841430664
1,50.38,16.7464986294508,17.770528793335
1,50.39,16.7498319293372,17.7872180938721
1,50.4,16.7531652292237,17.8086757659912
1,50.41,16.7564985291101,17.8265571594238
1,50.42,16.7598318289965,17.8420543670654
1,50.43,16.763165128883,17.852783203125
1,50.44,16.7664984287694,17.8670883178711
1,50.45,16.7698317286558,17.8849697113037
1,50.46,16.7731650285423,17.9040431976318
1,50.47,16.7764983284287,17.92311668396
1,50.48,16.7798316283152,17.9433822631836
1,50.49,16.7831649282016,17.9588794708252
1,50.5,16.786498228088,17.9719924926758
1,50.51,16.7898315279745,17.9827213287354
1,50.52,16.7931648278609,17.9970264434814
1,50.53,16.7964981277473,18.010139465332
1,50.54,16.7998314276338,18.0268287658691
1,50.55,16.8031647275202,18.0292129516602
1,50.56,16.8064980274066,18.0423259735107
1,50.57,16.8098313272931,18.0494785308838
1,50.58,16.8131646271795,18.0613994598389
1,50.59,16.8164979270659,18.0745124816895
1,50.6,16.8198312269524,18.0816650390625
1,50.61,16.8231645268388,18.0888175964355
1,50.62,16.8264978267252,18.1043148040771
1,50.63,16.8298311266117,18.1150436401367
1,50.64,16.8331644264981,18.1269645690918
1,50.65,16.8364977263846,18.1448459625244
1,50.66,16.839831026271,18.155574798584
1,50.67,16.8431643261574,18.1710720062256
1,50.68,16.8464976260439,18.1865692138672
1,50.69,16.8498309259303,18.1996822357178
1,50.7,16.8531642258167,18.2151794433594
1,50.71,16.8564975257032,18.2235240936279
1,50.72,16.8598308255896,18.2414054870605
1,50.73,16.863164125476,18.2569026947021
1,50.74,16.8664974253625,18.2700157165527
1,50.75,16.8698307252489,18.2878971099854
1,50.76,16.8731640251353,18.2962417602539
1,50.77,16.8764973250218,18.315315246582
1,50.78,16.8798306249082,18.3284282684326
1,50.79,16.8831639247946,18.3427333831787
1,50.8,16.8864972246811,18.3558464050293
1,50.81,16.8898305245675,18.3641910552979
1,50.82,16.893163824454,18.3868408203125
1,50.83,16.8964971243404,18.39280128479
1,50.84,16.8998304242268,18.4023380279541
1,50.85,16.9031637241133,18.4202194213867
1,50.86,16.9064970239997,18.4321403503418
1,50.87,16.9098303238861,18.4464454650879
1,50.88,16.9131636237726,18.458366394043
1,50.89,16.916496923659,18.4714794158936
1,50.9,16.9198302235454,18.4834003448486
1,50.91,16.9231635234319,18.4941291809082
1,50.92,16.9264968233183,18.5084342956543
1,50.93,16.9298301232047,18.5203552246094
1,50.94,16.9331634230912,18.53346824646
1,50.95,16.9364967229776,18.5489654541016
1,50.96,16.939830022864,18.5656547546387
1,50.97,16.9431633227505,18.5799598693848
1,50.98,16.9464966226369,18.5966491699219
1,50.99,16.9498299225234,18.608570098877
1,51,16.9531632224098,18.6264514923096
1,51.01,16.9564965222962,18.6359882354736
1,51.02,16.9598298221827,18.6502933502197
1,51.03,16.9631631220691,18.6610221862793
1,51.04,16.9664964219555,18.6669826507568
1,51.05,16.969829721842,18.686056137085
1,51.06,16.9731630217284,18.690824508667
1,51.07,16.9764963216148,18.7015533447266
1,51.08,16.9798296215013,18.7075138092041
1,51.09,16.9831629213877,18.7242031097412
1,51.1,16.9864962212741,18.7349319458008
1,51.11,16.9898295211606,18.7468528747559
1,51.12,16.993162821047,18.761157989502
1,51.13,16.9964961209334,18.7802314758301
1,51.14,16.9998294208199,18.7969207763672
1,51.15,17.0031627207063,18.8136100769043
1,51.16,17.0064960205927,18.8267230987549
1,51.17,17.0098293204792,18.8517570495605
1,51.18,17.0131626203656,18.8720226287842
1,51.19,17.0164959202521,18.8922882080078
1,51.2,17.0198292201385,18.9006328582764
1,51.21,17.0231625200249,18.923282623291
1,51.22,17.0264958199114,18.9411640167236
1,51.23,17.0298291197978,18.9590454101563
1,51.24,17.0331624196842,18.9781188964844
1,51.25,17.0364957195707,18.991231918335
1,51.26,17.0398290194571,19.00315284729
1,51.27,17.0431623193435,19.0186500549316
1,51.28,17.04649561923,19.0281867980957
1,51.29,17.0498289191164,19.0365314483643
1,51.3,17.0531622190028,19.0520286560059
1,51.31,17.0564955188893,19.0699100494385
1,51.32,17.0598288187757,19.0842151641846
1,51.33,17.0631621186621,19.0973281860352
1,51.34,17.0664954185486,19.1104412078857
1,51.35,17.069828718435,19.1140174865723
1,51.36,17.0731620183215,19.1295146942139
1,51.37,17.0764953182079,19.14381980896
1,51.38,17.0798286180943,19.1569328308105
1,51.39,17.0831619179808,19.1724300384521
1,51.4,17.0864952178672,19.1915035247803
1,51.41,17.0898285177536,19.2022323608398
1,51.42,17.0931618176401,19.2153453826904
1,51.43,17.0964951175265,19.228458404541
1,51.44,17.0998284174129,19.2439556121826
1,51.45,17.1031617172994,19.2463397979736
1,51.46,17.1064950171858,19.2618370056152
1,51.47,17.1098283170722,19.2725658416748
1,51.48,17.1131616169587,19.2892551422119
1,51.49,17.1164949168451,19.2999839782715
1,51.5,17.1198282167315,19.3095207214355
1,51.51,17.123161516618,19.3202495574951
1,51.52,17.1264948165044,19.3369388580322
1,51.53,17.1298281163909,19.3560123443604
1,51.54,17.1331614162773,19.3655490875244
1,51.55,17.1364947161637,19.3727016448975
1,51.56,17.1398280160502,19.3941593170166
1,51.57,17.1431613159366,19.4096565246582
1,51.58,17.146494615823,19.4239616394043
1,51.59,17.1498279157095,19.4382667541504
1,51.6,17.1531612155959,19.4549560546875
1,51.61,17.1564945154823,19.4633007049561
1,51.62,17.1598278153688,19.4823741912842
1,51.63,17.1631611152552,19.4919109344482
1,51.64,17.1664944151416,19.4990634918213
1,51.65,17.1698277150281,19.5169448852539
1,51.66,17.1731610149145,19.5300579071045
1,51.67,17.1764943148009,19.5455551147461
1,51.68,17.1798276146874,19.5538997650146
1,51.69,17.1831609145738,19.5682048797607
1,51.7,17.1864942144603,19.5825099945068
1,51.71,17.1898275143467,19.5896625518799
1,51.72,17.1931608142331,19.608736038208
1,51.73,17.1964941141196,19.6254253387451
1,51.74,17.199827414006,19.6421146392822
1,51.75,17.2031607138924,19.6528434753418
1,51.76,17.2064940137789,19.6719169616699
1,51.77,17.2098273136653,19.683837890625
1,51.78,17.2131606135517,19.6957588195801
1,51.79,17.2164939134382,19.7124481201172
1,51.8,17.2198272133246,19.7231769561768
1,51.81,17.223160513211,19.7410583496094
1,51.82,17.2264938130975,19.7529792785645
1,51.83,17.2298271129839,19.761323928833
1,51.84,17.2331604128704,19.7803974151611
1,51.85,17.2364937127568,19.7899341583252
1,51.86,17.2398270126432,19.8078155517578
1,51.87,17.2431603125297,19.8149681091309
1,51.88,17.2464936124161,19.829273223877
1,51.89,17.2498269123025,19.8328495025635
1,51.9,17.253160212189,19.8459625244141
1,51.91,17.2564935120754,19.8614597320557
1,51.92,17.2598268119618,19.8745727539063
1,51.93,17.2631601118483,19.8841094970703
1,51.94,17.2664934117347,19.8996067047119
1,51.95,17.2698267116211,19.9103355407715
1,51.96,17.2731600115076,19.91868019104
1,51.97,17.276493311394,19.9329853057861
1,51.98,17.2798266112804,19.9437141418457
1,51.99,17.2831599111669,19.9580192565918
1,52,17.2864932110533,19.9687480926514
1,52.01,17.2898265109397,19.9770927429199
1,52.02,17.2931598108262,19.9925899505615
1,52.03,17.2964931107126,20.0033187866211
1,52.04,17.2998264105991,20.0116634368896
1,52.05,17.3031597104855,20.0271606445313
1,52.06,17.3064930103719,20.0426578521729
1,52.07,17.3098263102584,20.05934715271
1,52.08,17.3131596101448,20.0736522674561
1,52.09,17.3198262099177,20.0927257537842
1,52.1,17.3231595098041,20.0998783111572
1,52.12,17.3264928096905,20.1284885406494
1,52.13,17.329826109577,20.139217376709
1,52.14,17.3331594094634,20.1523303985596
1,52.15,17.3398260092363,20.1666355133057
1,52.16,17.3431593091227,20.1785564422607
1,52.18,17.3464926090091,20.2047824859619
1,52.19,17.353159208782,20.216703414917
1,52.2,17.3564925086685,20.2262401580811
1,52.21,17.3598258085549,20.2405452728271
1,52.22,17.3631591084413,20.2488899230957
1,52.24,17.3664924083278,20.2786922454834
1,52.25,17.3731590081006,20.294189453125
1,52.26,17.3764923079871,20.3073024749756
1,52.28,17.3831589077599,20.3335285186768
1,52.29,17.3864922076464,20.3430652618408
1,52.3,17.3898255075328,20.3573703765869
1,52.31,17.3931588074192,20.3657150268555
1,52.32,17.3964921073057,20.3835964202881
1,52.33,17.3998254071921,20.3990936279297
1,52.34,17.4031587070785,20.4086303710938
1,52.35,17.406492006965,20.4241275787354
1,52.36,17.4098253068514,20.4372406005859
1,52.37,17.4131586067379,20.4479694366455
1,52.38,17.4164919066243,20.4646587371826
1,52.39,17.4198252065107,20.4789638519287
1,52.4,17.4231585063972,20.4885005950928
1,52.41,17.4264918062836,20.4992294311523
1,52.42,17.42982510617,20.5123424530029
1,52.43,17.4331584060565,20.521879196167
1,52.44,17.4364917059429,20.5326080322266
1,52.45,17.4398250058293,20.5492973327637
1,52.46,17.4431583057158,20.5552577972412
1,52.47,17.4464916056022,20.5683708190918
1,52.48,17.4498249054886,20.5850601196289
1,52.49,17.4531582053751,20.594596862793
1,52.5,17.4564915052615,20.6136703491211
1,52.51,17.4598248051479,20.6232070922852
1,52.52,17.4631581050344,20.6387042999268
1,52.53,17.4664914049208,20.6482410430908
1,52.54,17.4698247048073,20.66969871521
1,52.55,17.4731580046937,20.6851959228516
1,52.56,17.4764913045801,20.6995010375977
1,52.57,17.4798246044666,20.7161903381348
1,52.58,17.483157904353,20.7316875457764
1,52.59,17.4864912042394,20.7412242889404
1,52.6,17.4898245041259,20.7531452178955
1,52.61,17.4931578040123,20.7662582397461
1,52.62,17.4964911038987,20.7793712615967
1,52.63,17.4998244037852,20.7889080047607
1,52.64,17.5031577036716,20.7984447479248
1,52.65,17.506491003558,20.8044052124023
1,52.66,17.5098243034445,20.8151340484619
1,52.67,17.5131576033309,20.8258628845215
1,52.68,17.5164909032173,20.8365917205811
1,52.69,17.5198242031038,20.8497047424316
1,52.7,17.5231575029902,20.8604335784912
1,52.71,17.5264908028767,20.8711624145508
1,52.72,17.5298241027631,20.8818912506104
1,52.73,17.5331574026495,20.9009647369385
1,52.74,17.536490702536,20.9140777587891
1,52.75,17.5398240024224,20.9236145019531
1,52.76,17.5431573023088,20.9343433380127
1,52.77,17.5464906021953,20.9486484527588
1,52.78,17.5498239020817,20.9653377532959
1,52.79,17.5531572019681,20.97487449646
1,52.8,17.5564905018546,20.9939479827881
1,52.81,17.559823801741,21.0082530975342
1,52.82,17.5631571016274,21.0154056549072
1,52.83,17.5664904015139,21.0249423980713
1,52.84,17.5698237014003,21.0392475128174
1,52.85,17.5731570012867,21.054744720459
1,52.86,17.5764903011732,21.0714340209961
1,52.87,17.5798236010596,21.0857391357422
1,52.88,17.5831569009461,21.0940837860107
1,52.89,17.5864902008325,21.1083889007568
1,52.9,17.5898235007189,21.127462387085
1,52.91,17.5931568006054,21.1429595947266
1,52.92,17.5964901004918,21.1560726165771
1,52.93,17.5998234003782,21.1691856384277
1,52.94,17.6031567002647,21.1787223815918
1,52.95,17.6064900001511,21.1966037750244
1,52.96,17.6098233000375,21.2132930755615
1,52.97,17.613156599924,21.2299823760986
1,52.98,17.6164898998104,21.2466716766357
1,52.99,17.6198231996968,21.2693214416504
1,53,17.6231564995833,21.282434463501
1,53.01,17.6264897994697,21.3086605072021
1,53.02,17.6298230993561,21.3277339935303
1,53.03,17.6331563992426,21.3491916656494
1,53.04,17.636489699129,21.3658809661865
1,53.05,17.6398229990155,21.3849544525146
1,53.06,17.6431562989019,21.4087963104248
1,53.07,17.6464895987883,21.432638168335
1,53.08,17.6498228986748,21.4517116546631
1,53.09,17.6531561985612,21.4779376983643
1,53.1,17.6564894984476,21.4993953704834
1,53.11,17.6598227983341,21.517276763916
1,53.12,17.6631560982205,21.5351581573486
1,53.13,17.6664893981069,21.5578079223633
1,53.14,17.6698226979934,21.5792655944824
1,53.15,17.6731559978798,21.5959548950195
1,53.16,17.6764892977662,21.6162204742432
1,53.17,17.6798225976527,21.6424465179443
1,53.18,17.6831558975391,21.6615200042725
1,53.19,17.6864891974255,21.6817855834961
1,53.2,17.689822497312,21.7044353485107
1,53.21,17.6931557971984,21.7175483703613
1,53.22,17.6964890970849,21.7413902282715
1,53.23,17.6998223969713,21.7592716217041
1,53.24,17.7031556968577,21.7735767364502
1,53.25,17.7064889967442,21.7902660369873
1,53.26,17.7098222966306,21.8069553375244
1,53.27,17.713155596517,21.822452545166
1,53.28,17.7164888964035,21.8379497528076
1,53.29,17.7198221962899,21.8546390533447
1,53.3,17.7231554961763,21.8617916107178
1,53.31,17.7264887960628,21.8796730041504
1,53.32,17.7298220959492,21.8939781188965
1,53.33,17.7331553958356,21.9070911407471
1,53.34,17.7364886957221,21.9237804412842
1,53.35,17.7398219956085,21.9392776489258
1,53.36,17.7431552954949,21.9547748565674
1,53.37,17.7464885953814,21.9583511352539
1,53.38,17.7498218952678,21.977424621582
1,53.39,17.7531551951543,21.9869613647461
1,53.4,17.7564884950407,22.0000743865967
1,53.41,17.7598217949271,22.0048427581787
1,53.42,17.7631550948136,22.0215320587158
1,53.43,17.7664883947,22.0251083374023
1,53.44,17.7698216945864,22.0298767089844
1,53.45,17.7731549944729,22.0394134521484
1,53.46,17.7764882943593,22.050142288208
1,53.47,17.7798215942457,22.0608711242676
1,53.48,17.7831548941322,22.0751762390137
1,53.49,17.7864881940186,22.0847129821777
1,53.5,17.789821493905,22.0978260040283
1,53.51,17.7931547937915,22.1085548400879
1,53.52,17.7964880936779,22.125244140625
1,53.53,17.7998213935643,22.1407413482666
1,53.54,17.8031546934508,22.1502780914307
1,53.55,17.8064879933372,22.1610069274902
1,53.56,17.8098212932236,22.1753120422363
1,53.57,17.8131545931101,22.1872329711914
1,53.58,17.8164878929965,22.207498550415
1,53.59,17.819821192883,22.2241878509521
1,53.6,17.8231544927694,22.2384929656982
1,53.61,17.8264877926558,22.2504138946533
1,53.62,17.8298210925423,22.2682952880859
1,53.63,17.8331543924287,22.2873687744141
1,53.64,17.8364876923151,22.3088264465332
1,53.65,17.8398209922016,22.3243236541748
1,53.66,17.843154292088,22.3398208618164
1,53.67,17.8464875919744,22.355318069458
1,53.68,17.8498208918609,22.3755836486816
1,53.69,17.8531541917473,22.3934650421143
1,53.7,17.8564874916337,22.4137306213379
1,53.71,17.8598207915202,22.428035736084
1,53.72,17.8631540914066,22.437572479248
1,53.73,17.866487391293,22.4637985229492
1,53.74,17.8698206911795,22.4697589874268
1,53.75,17.8731539910659,22.4852561950684
1,53.76,17.8764872909524,22.4912166595459
1,53.77,17.8798205908388,22.505521774292
1,53.78,17.8831538907252,22.5186347961426
1,53.79,17.8864871906117,22.5269794464111
1,53.8,17.8898204904981,22.5400924682617
1,53.81,17.8931537903845,22.5579738616943
1,53.82,17.896487090271,22.5663185119629
1,53.83,17.8998203901574,22.5830078125
1,53.84,17.9031536900438,22.6020812988281
1,53.85,17.9064869899303,22.6080417633057
1,53.86,17.9098202898167,22.6235389709473
1,53.87,17.9131535897031,22.6378440856934
1,53.88,17.9164868895896,22.6449966430664
1,53.89,17.919820189476,22.658109664917
1,53.9,17.9231534893625,22.6700305938721
1,53.91,17.9264867892489,22.6783752441406
1,53.92,17.9298200891353,22.6867198944092
1,53.93,17.9331533890218,22.6998329162598
1,53.94,17.9364866889082,22.7069854736328
1,53.95,17.9398199887946,22.7200984954834
1,53.96,17.9431532886811,22.7260589599609
1,53.97,17.9464865885675,22.740364074707
1,53.98,17.9498198884539,22.7522850036621
1,53.99,17.9531531883404,22.7653980255127
1,54,17.9564864882268,22.7749347686768
1,54.01,17.9598197881132,22.7808952331543
1,54.02,17.9631530879997,22.7963924407959
1,54.03,17.9664863878861,22.8071212768555
1,54.04,17.9698196877725,22.8273868560791
1,54.05,17.973152987659,22.8357315063477
1,54.06,17.9764862875454,22.8559970855713
1,54.07,17.9798195874318,22.8703022003174
1,54.08,17.9831528873183,22.8846073150635
1,54.09,17.9864861872047,22.9024887084961
1,54.1,17.9898194870912,22.9156017303467
1,54.11,17.9931527869776,22.9263305664063
1,54.12,17.996486086864,22.9442119598389
1,54.13,17.9998193867505,22.958517074585
1,54.14,18.0031526866369,22.9752063751221
1,54.15,18.0064859865233,22.9859352111816
1,54.16,18.0098192864098,23.0062007904053
1,54.17,18.0131525862962,23.0097770690918
1,54.18,18.0164858861826,23.0181217193604
1,54.19,18.0198191860691,23.0300426483154
1,54.2,18.0231524859555,23.045539855957
1,54.21,18.0264857858419,23.0574607849121
1,54.22,18.0298190857284,23.0729579925537
1,54.23,18.0331523856148,23.0824947357178
1,54.24,18.0364856855012,23.1003761291504
1,54.25,18.0398189853877,23.1051445007324
1,54.26,18.0431522852741,23.1194496154785
1,54.27,18.0464855851606,23.1349468231201
1,54.28,18.049818885047,23.1540203094482
1,54.29,18.0531521849334,23.1695175170898
1,54.3,18.0564854848199,23.1850147247314
1,54.31,18.0598187847063,23.200511932373
1,54.32,18.0631520845927,23.2255458831787
1,54.33,18.0664853844792,23.2470035552979
1,54.34,18.0698186843656,23.268461227417
1,54.35,18.073151984252,23.2923030853271
1,54.36,18.0764852841385,23.3089923858643
1,54.37,18.0798185840249,23.3352184295654
1,54.38,18.0831518839113,23.3566761016846
1,54.39,18.0864851837978,23.3781337738037
1,54.4,18.0898184836842,23.3948230743408
1,54.41,18.0931517835706,23.421049118042
1,54.42,18.0964850834571,23.4377384185791
1,54.43,18.0998183833435,23.4675407409668
1,54.44,18.10315168323,23.4794616699219
1,54.45,18.1064849831164,23.493766784668
1,54.46,18.1098182830028,23.5188007354736
1,54.47,18.1131515828893,23.5390663146973
1,54.48,18.1164848827757,23.5641002655029
1,54.49,18.1198181826621,23.5819816589355
1,54.5,18.1231514825486,23.5974788665771
1,54.51,18.126484782435,23.6189365386963
1,54.52,18.1298180823214,23.6415863037109
1,54.53,18.1331513822079,23.6570835113525
1,54.54,18.1364846820943,23.6737728118896
1,54.55,18.1398179819807,23.6928462982178
1,54.56,18.1431512818672,23.7178802490234
1,54.57,18.1464845817536,23.7405300140381
1,54.58,18.14981788164,23.7596035003662
1,54.59,18.1531511815265,23.7703323364258
1,54.6,18.1564844814129,23.7953662872314
1,54.61,18.1598177812994,23.8120555877686
1,54.62,18.1631510811858,23.8311290740967
1,54.63,18.1664843810722,23.8394737243652
1,54.64,18.1698176809587,23.8502025604248
1,54.65,18.1731509808451,23.8716602325439
1,54.66,18.1764842807315,23.8871574401855
1,54.67,18.179817580618,23.9026546478271
1,54.68,18.1831508805044,23.9145755767822
1,54.69,18.1864841803908,23.9253044128418
1,54.7,18.1898174802773,23.9372253417969
1,54.71,18.1931507801637,23.951530456543
1,54.72,18.1964840800501,23.963451385498
1,54.73,18.1998173799366,23.9694118499756
1,54.74,18.203150679823,23.9849090576172
1,54.75,18.2064839797094,23.9956378936768
1,54.76,18.2098172795959,24.0099430084229
1,54.77,18.2131505794823,24.0194797515869
1,54.78,18.2164838793688,24.038553237915
1,54.79,18.2198171792552,24.0516662597656
1,54.8,18.2231504791416,24.0623950958252
1,54.81,18.2264837790281,24.0910053253174
1,54.82,18.2298170789145,24.1053104400635
1,54.83,18.2331503788009,24.1184234619141
1,54.84,18.2364836786874,24.1422653198242
1,54.85,18.2398169785738,24.1565704345703
1,54.86,18.2431502784602,24.1780281066895
1,54.87,18.2464835783467,24.1982936859131
1,54.88,18.2498168782331,24.2125988006592
1,54.89,18.2531501781195,24.2269039154053
1,54.9,18.256483478006,24.2483615875244
1,54.91,18.2598167778924,24.2650508880615
1,54.92,18.2631500777789,24.2829322814941
1,54.93,18.2664833776653,24.2972373962402
1,54.94,18.2698166775517,24.3103504180908
1,54.95,18.2731499774382,24.3186950683594
1,54.96,18.2764832773246,24.3306159973145
1,54.97,18.279816577211,24.3449211120605
1,54.98,18.2831498770975,24.3544578552246
1,54.99,18.2864831769839,24.3675708770752
1,55,18.2898164768703,24.3842601776123
1,55.01,18.2931497767568,24.3937969207764
1,55.02,18.2964830766432,24.411678314209
1,55.03,18.2998163765296,24.4295597076416
1,55.04,18.3031496764161,24.4438648223877
1,55.05,18.3064829763025,24.4557857513428
1,55.06,18.3098162761889,24.4736671447754
1,55.07,18.3131495760754,24.489164352417
1,55.08,18.3164828759618,24.5094299316406
1,55.09,18.3198161758482,24.5177745819092
1,55.1,18.3231494757347,24.5404243469238
1,55.11,18.3264827756211,24.564266204834
1,55.12,18.3298160755076,24.5833396911621
1,55.13,18.333149375394,24.6071815490723
1,55.14,18.3364826752804,24.6250629425049
1,55.15,18.3398159751669,24.641752243042
1,55.16,18.3431492750533,24.6620178222656
1,55.17,18.3464825749397,24.6810913085938
1,55.18,18.3498158748262,24.7013568878174
1,55.19,18.3531491747126,24.7204303741455
1,55.2,18.356482474599,24.7359275817871
1,55.21,18.3598157744855,24.7502326965332
1,55.22,18.3631490743719,24.7585773468018
1,55.23,18.3664823742583,24.7704982757568
1,55.24,18.3698156741448,24.7836112976074
1,55.25,18.3731489740312,24.789571762085
1,55.26,18.3764822739176,24.8038768768311
1,55.27,18.3798155738041,24.8146057128906
1,55.28,18.3831488736905,24.8301029205322
1,55.29,18.386482173577,24.8420238494873
1,55.3,18.3898154734634,24.8527526855469
1,55.31,18.3931487733498,24.8575210571289
1,55.32,18.3964820732363,24.8599052429199
1,55.33,18.3998153731227,24.876594543457
1,55.34,18.4031486730091,24.878978729248
1,55.35,18.4064819728956,24.8944759368896
1,55.36,18.409815272782,24.9016284942627
1,55.37,18.4131485726684,24.9123573303223
1,55.38,18.4164818725549,24.9171257019043
1,55.39,18.4198151724413,24.9266624450684
1,55.4,18.4231484723277,24.94215965271
1,55.41,18.4264817722142,24.9600410461426
1,55.42,18.4298150721006,24.9731540679932
1,55.43,18.433148371987,24.9874591827393
1,55.44,18.4364816718735,25.0089168548584
1,55.45,18.4398149717599,25.0232219696045
1,55.46,18.4431482716464,25.0375270843506
1,55.47,18.4464815715328,25.0577926635742
1,55.48,18.4498148714192,25.0816345214844
1,55.49,18.4531481713057,25.1054763793945
1,55.5,18.4564814711921,25.1317024230957
1,55.51,18.4598147710785,25.1507759094238
1,55.52,18.463148070965,25.1758098602295
1,55.53,18.4664813708514,25.1960754394531
1,55.54,18.4698146707378,25.2199172973633
1,55.55,18.4731479706243,25.2461433410645
1,55.56,18.4764812705107,25.2664089202881
1,55.57,18.4798145703971,25.2819061279297
1,55.58,18.4831478702836,25.2938270568848
1,55.59,18.48648117017,25.3129005432129
1,55.6,18.4898144700564,25.3188610076904
1,55.61,18.4931477699429,25.334358215332
1,55.62,18.4964810698293,25.3474712371826
1,55.63,18.4998143697158,25.3605842590332
1,55.64,18.5031476696022,25.3748893737793
1,55.65,18.5064809694886,25.3748893737793
1,55.66,18.5098142693751,25.3915786743164
1,55.67,18.5131475692615,25.4011154174805
1,55.68,18.5164808691479,25.4178047180176
1,55.69,18.5198141690344,25.4249572753906
1,55.7,18.5231474689208,25.4404544830322
1,55.71,18.5264807688072,25.4487991333008
1,55.72,18.5298140686937,25.4690647125244
1,55.73,18.5331473685801,25.4857540130615
1,55.74,18.5364806684665,25.5036354064941
1,55.75,18.539813968353,25.5131721496582
1,55.76,18.5431472682394,25.5346298217773
1,55.77,18.5464805681258,25.5513191223145
1,55.78,18.5498138680123,25.5715847015381
1,55.79,18.5531471678987,25.5930423736572
1,55.8,18.5564804677852,25.6097316741943
1,55.81,18.5598137676716,25.634765625
1,55.82,18.563147067558,25.6514549255371
1,55.83,18.5664803674445,25.6729125976563
1,55.84,18.5698136673309,25.6860256195068
1,55.85,18.5731469672173,25.6991386413574
1,55.86,18.5764802671038,25.7158279418945
1,55.87,18.5798135669902,25.7301330566406
1,55.88,18.5831468668766,25.7456302642822
1,55.89,18.5864801667631,25.7599353790283
1,55.9,18.5898134666495,25.7694721221924
1,55.91,18.5931467665359,25.7885456085205
1,55.92,18.5964800664224,25.8028507232666
1,55.93,18.5998133663088,25.8135795593262
1,55.94,18.6031466661952,25.8243083953857
1,55.95,18.6064799660817,25.8421897888184
1,55.96,18.6098132659681,25.8505344390869
1,55.97,18.6131465658546,25.8636474609375
1,55.98,18.616479865741,25.8839130401611
1,55.99,18.6198131656274,25.8946418762207
1,56,18.6231464655139,25.9077548980713
1,56.01,18.6264797654003,25.9256362915039
1,56.02,18.6298130652867,25.9363651275635
1,56.03,18.6331463651732,25.9578227996826
1,56.04,18.6364796650596,25.9685516357422
1,56.05,18.639812964946,25.9912014007568
1,56.06,18.6431462648325,26.0031223297119
1,56.07,18.6464795647189,26.015043258667
1,56.08,18.6498128646053,26.0317325592041
1,56.09,18.6531461644918,26.0496139526367
1,56.1,18.6564794643782,26.0615348815918
1,56.11,18.6598127642646,26.0746479034424
1,56.12,18.6631460641511,26.0889530181885
1,56.13,18.6664793640375,26.1056423187256
1,56.14,18.669812663924,26.1247158050537
1,56.15,18.6731459638104,26.1461734771729
1,56.16,18.6764792636968,26.165246963501
1,56.17,18.6798125635833,26.1926651000977
1,56.18,18.6831458634697,26.2022018432617
1,56.19,18.6864791633561,26.2272357940674
1,56.2,18.6898124632426,26.2510776519775
1,56.21,18.693145763129,26.2713432312012
1,56.22,18.6964790630154,26.2928009033203
1,56.23,18.6998123629019,26.3106822967529
1,56.24,18.7031456627883,26.3321399688721
1,56.25,18.7064789626747,26.3535976409912
1,56.26,18.7098122625612,26.3679027557373
1,56.27,18.7131455624476,26.390552520752
1,56.28,18.716478862334,26.4108180999756
1,56.29,18.7198121622205,26.4286994934082
1,56.3,18.7231454621069,26.4406204223633
1,56.31,18.7264787619933,26.4561176300049
1,56.32,18.7298120618798,26.477575302124
1,56.33,18.7331453617662,26.4942646026611
1,56.34,18.7364786616527,26.5121459960938
1,56.35,18.7398119615391,26.5300273895264
1,56.36,18.7431452614255,26.5407562255859
1,56.37,18.746478561312,26.5622138977051
1,56.38,18.7498118611984,26.5848636627197
1,56.39,18.7531451610848,26.6003608703613
1,56.4,18.7564784609713,26.6265869140625
1,56.41,18.7598117608577,26.6396999359131
1,56.42,18.7631450607441,26.6540050506592
1,56.43,18.7664783606306,26.6683101654053
1,56.44,18.769811660517,26.6826152801514
1,56.45,18.7731449604034,26.7064571380615
1,56.46,18.7764782602899,26.7219543457031
1,56.47,18.7798115601763,26.7338752746582
1,56.48,18.7831448600627,26.7481803894043
1,56.49,18.7864781599492,26.7565250396729
1,56.5,18.7898114598356,26.7696380615234
1,56.51,18.7931447597221,26.7839431762695
1,56.52,18.7964780596085,26.7887115478516
1,56.53,18.7998113594949,26.8042087554932
1,56.54,18.8031446593814,26.8149375915527
1,56.55,18.8064779592678,26.8232822418213
1,56.56,18.8098112591542,26.8328189849854
1,56.57,18.8131445590407,26.8471240997314
1,56.58,18.8164778589271,26.85546875
1,56.59,18.8198111588135,26.862621307373
1,56.6,18.8231444587,26.8769264221191
1,56.61,18.8264777585864,26.8852710723877
1,56.62,18.8298110584728,26.8900394439697
1,56.63,18.8331443583593,26.9019603729248
1,56.64,18.8364776582457,26.9138813018799
1,56.65,18.8398109581321,26.9222259521484
1,56.66,18.8431442580186,26.9317626953125
1,56.67,18.846477557905,26.932954788208
1,56.68,18.8498108577915,26.9424915313721
1,56.69,18.8531441576779,26.9508361816406
1,56.7,18.8564774575643,26.9639492034912
1,56.71,18.8598107574508,26.9722938537598
1,56.72,18.8631440573372,26.9770622253418
1,56.73,18.8664773572236,26.9913673400879
1,56.74,18.8698106571101,26.9985198974609
1,56.75,18.8731439569965,27.0164012908936
1,56.76,18.8764772568829,27.0307064056396
1,56.77,18.8798105567694,27.0354747772217
1,56.78,18.8831438566558,27.0485877990723
1,56.79,18.8864771565422,27.0628929138184
1,56.8,18.8898104564287,27.0748138427734
1,56.81,18.8931437563151,27.090311050415
1,56.82,18.8964770562015,27.1010398864746
1,56.83,18.899810356088,27.1224975585938
1,56.84,18.9031436559744,27.1391868591309
1,56.85,18.9064769558609,27.1511077880859
1,56.86,18.9098102557473,27.1689891815186
1,56.87,18.9131435556337,27.1987915039063
1,56.88,18.9164768555202,27.2202491760254
1,56.89,18.9198101554066,27.24289894104
1,56.9,18.923143455293,27.2655487060547
1,56.91,18.9264767551795,27.2810459136963
1,56.92,18.9298100550659,27.3048877716064
1,56.93,18.9331433549523,27.3251533508301
1,56.94,18.9364766548388,27.3478031158447
1,56.95,18.9398099547252,27.3621082305908
1,56.96,18.9431432546116,27.3799896240234
1,56.97,18.9464765544981,27.3942947387695
1,56.98,18.9498098543845,27.4085998535156
1,56.99,18.953143154271,27.4217128753662
1,57,18.9564764541574,27.4395942687988
1,57.01,18.9598097540438,27.4527072906494
1,57.02,18.9631430539303,27.461051940918
1,57.03,18.9664763538167,27.472972869873
1,57.04,18.9698096537031,27.4908542633057
1,57.05,18.9731429535896,27.5027751922607
1,57.06,18.976476253476,27.5194644927979
1,57.07,18.9798095533624,27.5301933288574
1,57.08,18.9831428532489,27.5421142578125
1,57.09,18.9864761531353,27.5599956512451
1,57.1,18.9898094530217,27.5790691375732
1,57.11,18.9931427529082,27.6029109954834
1,57.12,18.9964760527946,27.6196002960205
1,57.13,18.999809352681,27.6422500610352
1,57.14,19.0031426525675,27.6553630828857
1,57.15,19.0064759524539,27.6839733123779
1,57.16,19.0098092523404,27.7066230773926
1,57.17,19.0131425522268,27.7292728424072
1,57.18,19.0164758521132,27.7507305145264
1,57.19,19.0198091519997,27.763843536377
1,57.2,19.0231424518861,27.7817249298096
1,57.21,19.0264757517725,27.8019905090332
1,57.22,19.029809051659,27.8222560882568
1,57.23,19.0331423515454,27.8401374816895
1,57.24,19.0364756514318,27.8627872467041
1,57.25,19.0398089513183,27.8770923614502
1,57.26,19.0431422512047,27.8997421264648
1,57.27,19.0464755510911,27.916431427002
1,57.28,19.0498088509776,27.9402732849121
1,57.29,19.053142150864,27.9593467712402
1,57.3,19.0564754507504,27.9843807220459
1,57.31,19.0598087506369,28.005838394165
1,57.32,19.0631420505233,28.0201435089111
1,57.33,19.0664753504097,28.0380249023438
1,57.34,19.0698086502962,28.0642509460449
1,57.35,19.0731419501826,28.0857086181641
1,57.36,19.0764752500691,28.1071662902832
1,57.37,19.0798085499555,28.1310081481934
1,57.38,19.0831418498419,28.151273727417
1,57.39,19.0864751497284,28.1751155853271
1,57.4,19.0898084496148,28.1918048858643
1,57.41,19.0931417495012,28.2180309295654
1,57.42,19.0964750493877,28.2466411590576
1,57.43,19.0998083492741,28.2669067382813
1,57.44,19.1031416491605,28.2907485961914
1,57.45,19.106474949047,28.3122062683105
1,57.46,19.1098082489334,28.3360481262207
1,57.47,19.1131415488198,28.3646583557129
1,57.48,19.1164748487063,28.38134765625
1,57.49,19.1198081485927,28.4063816070557
1,57.5,19.1231414484791,28.4278392791748
1,57.51,19.1264747483656,28.4504890441895
1,57.52,19.129808048252,28.4695625305176
1,57.53,19.1331413481385,28.4898281097412
1,57.54,19.1364746480249,28.5100936889648
1,57.55,19.1398079479113,28.5232067108154
1,57.56,19.1431412477978,28.541088104248
1,57.57,19.1464745476842,28.5613536834717
1,57.58,19.1498078475706,28.5792350769043
1,57.59,19.1531411474571,28.5959243774414
1,57.6,19.1564744473435,28.6149978637695
1,57.61,19.1598077472299,28.6316871643066
1,57.62,19.1631410471164,28.6483764648438
1,57.63,19.1664743470028,28.6650657653809
1,57.64,19.1698076468892,28.6757946014404
1,57.65,19.1731409467757,28.6829471588135
1,57.66,19.1764742466621,28.6948680877686
1,57.67,19.1798075465485,28.7044048309326
1,57.68,19.183140846435,28.7091732025146
1,57.69,19.1864741463214,28.7091732025146
1,57.7,19.1898074462079,28.7139415740967
1,57.71,19.1931407460943,28.7306308746338
1,57.72,19.1964740459807,28.7353992462158
1,57.73,19.1998073458672,28.7461280822754
1,57.74,19.2031406457536,28.7556648254395
1,57.75,19.20647394564,28.756856918335
1,57.76,19.2098072455265,28.764009475708
1,57.77,19.2131405454129,28.7771224975586
1,57.78,19.2198071451858,28.7914276123047
1,57.79,19.2231404450722,28.8045406341553
1,57.81,19.2264737449586,28.834342956543
1,57.82,19.2298070448451,28.8546085357666
1,57.83,19.2364736446179,28.8701057434082
1,57.84,19.2398069445044,28.8891792297363
1,57.85,19.2431402443908,28.9106369018555
1,57.87,19.2464735442773,28.9463996887207
1,57.88,19.2531401440501,28.9702415466309
1,57.89,19.2564734439366,28.986930847168
1,57.9,19.259806743823,29.0107727050781
1,57.91,19.2631400437094,29.0334224700928
1,57.92,19.2664733435959,29.0501117706299
1,57.93,19.2698066434823,29.066801071167
1,57.94,19.2731399433687,29.0846824645996
1,57.95,19.2764732432552,29.1001796722412
1,57.97,19.283139843028,29.1323661804199
1,57.98,19.2864731429145,29.139518737793
1,57.99,19.2898064428009,29.1502475738525
1,58,19.2931397426873,29.1740894317627
1,58.01,19.2964730425738,29.1895866394043
1,58.02,19.2998063424602,29.1991233825684
1,58.03,19.3031396423467,29.21462059021
1,58.04,19.3064729422331,29.2336940765381
1,58.05,19.3098062421195,29.2456150054932
1,58.06,19.313139542006,29.2634963989258
1,58.07,19.3164728418924,29.2778015136719
1,58.08,19.3198061417788,29.294490814209
1,58.09,19.3231394416653,29.3099880218506
1,58.1,19.3264727415517,29.3254852294922
1,58.11,19.3298060414381,29.3421745300293
1,58.12,19.3331393413246,29.3588638305664
1,58.13,19.336472641211,29.374361038208
1,58.14,19.3398059410974,29.4029712677002
1,58.15,19.3431392409839,29.4065475463867
1,58.16,19.3464725408703,29.4220447540283
1,58.17,19.3498058407567,29.4351577758789
1,58.18,19.3531391406432,29.4435024261475
1,58.19,19.3564724405296,29.447078704834
1,58.2,19.3598057404161,29.4637680053711
1,58.21,19.3631390403025,29.4756889343262
1,58.22,19.3664723401889,29.4947624206543
1,58.23,19.3698056400754,29.4947624206543
1,58.24,19.3731389399618,29.5090675354004
1,58.25,19.3764722398482,29.5281410217285
1,58.26,19.3798055397347,29.5495986938477
1,58.27,19.3831388396211,29.5662879943848
1,58.28,19.3864721395075,29.5758247375488
1,58.29,19.389805439394,29.5901298522949
1,58.3,19.3931387392804,29.6139717102051
1,58.31,19.3964720391668,29.6258926391602
1,58.32,19.3998053390533,29.6425819396973
1,58.33,19.4031386389397,29.6640396118164
1,58.34,19.4064719388261,29.6759605407715
1,58.35,19.4098052387126,29.6998023986816
1,58.36,19.413138538599,29.7236442565918
1,58.37,19.4164718384855,29.7451019287109
1,58.38,19.4198051383719,29.757022857666
1,58.39,19.4231384382583,29.7808647155762
1,58.4,19.4264717381448,29.7927856445313
1,58.41,19.4298050380312,29.8142433166504
1,58.42,19.4331383379176,29.8309326171875
1,58.43,19.4364716378041,29.8357009887695
1,58.44,19.4398049376905,29.8452377319336
1,58.45,19.4431382375769,29.8643112182617
1,58.46,19.4464715374634,29.8714637756348
1,58.47,19.4498048373498,29.8929214477539
1,58.48,19.4531381372362,29.911994934082
1,58.49,19.4564714371227,29.9215316772461
1,58.5,19.4598047370091,29.9334526062012
1,58.51,19.4631380368955,29.9382209777832
1,58.52,19.466471336782,29.9620628356934
1,58.53,19.4698046366684,29.9787521362305
1,58.54,19.4731379365548,30.0145149230957
1,58.55,19.4764712364413,30.0407409667969
1,58.56,19.4798045363277,30.059814453125
1,58.57,19.4831378362142,30.0931930541992
1,58.58,19.4864711361006,30.1241874694824
1,58.59,19.489804435987,30.1480293273926
1,58.6,19.4931377358735,30.1814079284668
1,58.61,19.4964710357599,30.205249786377
1,58.62,19.4998043356463,30.2410125732422
1,58.63,19.5031376355328,30.2720069885254
1,58.64,19.5064709354192,30.3006172180176
1,58.65,19.5098042353056,30.3053855895996
1,58.66,19.5131375351921,30.3411483764648
1,58.67,19.5164708350785,30.360221862793
1,58.68,19.5198041349649,30.3816795349121
1,58.69,19.5231374348514,30.4031372070313
1,58.7,19.5264707347378,30.4317474365234
1,58.71,19.5298040346242,30.4365158081055
1,58.72,19.5331373345107,30.4508209228516
1,58.73,19.5364706343971,30.4579734802246
1,58.74,19.5398039342836,30.4698944091797
1,58.75,19.54313723417,30.4794311523438
1,58.76,19.5464705340564,30.4937362670898
1,58.77,19.5498038339429,30.5080413818359
1,58.78,19.5531371338293,30.512809753418
1,58.79,19.5564704337157,30.519962310791
1,58.8,19.5598037336022,30.5414199829102
1,58.81,19.5631370334886,30.5676460266113
1,58.82,19.566470333375,30.5724143981934
1,58.83,19.5698036332615,30.5843353271484
1,58.84,19.5731369331479,30.6129455566406
1,58.85,19.5764702330343,30.6224822998047
1,58.86,19.5798035329208,30.6439399719238
1,58.87,19.5831368328072,30.6510925292969
1,58.88,19.5864701326936,30.6558609008789
1,58.89,19.5898034325801,30.677318572998
1,58.9,19.5931367324665,30.7011604309082
1,58.91,19.596470032353,30.7250022888184
1,58.92,19.5998033322394,30.7345390319824
1,58.93,19.6031366321258,30.7583808898926
1,58.94,19.6064699320123,30.7679176330566
1,58.95,19.6098032318987,30.7822227478027
1,58.96,19.6131365317851,30.8012962341309
1,58.97,19.6164698316716,30.815601348877
1,58.98,19.619803131558,30.829906463623
1,58.99,19.6231364314444,30.8537483215332
1,59,19.6264697313309,30.8537483215332
1,59.01,19.6298030312173,30.8728218078613
1,59.02,19.6331363311037,30.8871269226074
1,59.03,19.6364696309902,30.9085845947266
1,59.04,19.6398029308766,30.9062004089355
1,59.05,19.643136230763,30.9252738952637
1,59.06,19.6464695306495,30.9491157531738
1,59.07,19.6498028305359,30.9562683105469
1,59.08,19.6531361304224,30.9658050537109
1,59.09,19.6564694303088,30.980110168457
1,59.1,19.6598027301952,30.9872627258301
1,59.11,19.6631360300817,30.9967994689941
1,59.12,19.6664693299681,31.0182571411133
1,59.13,19.6698026298545,31.0301780700684
1,59.14,19.673135929741,31.0301780700684
1,59.15,19.6764692296274,31.0564041137695
1,59.16,19.6798025295138,31.0730934143066
1,59.17,19.6831358294003,31.0826301574707
1,59.18,19.6864691292867,31.0993194580078
1,59.19,19.6898024291731,31.123161315918
1,59.2,19.6931357290596,31.1493873596191
1,59.21,19.696469028946,31.1660766601563
1,59.22,19.6998023288325,31.1827659606934
1,59.23,19.7031356287189,31.2209129333496
1,59.24,19.7064689286053,31.2423706054688
1,59.25,19.7098022284918,31.2614440917969
1,59.26,19.7131355283782,31.2924385070801
1,59.27,19.7164688282646,31.3067436218262
1,59.28,19.7198021281511,31.3401222229004
1,59.29,19.7231354280375,31.3568115234375
1,59.3,19.7264687279239,31.3758850097656
1,59.31,19.7298020278104,31.4021110534668
1,59.32,19.7331353276968,31.435489654541
1,59.33,19.7364686275832,31.4497947692871
1,59.34,19.7398019274697,31.4664840698242
1,59.35,19.7431352273561,31.4807891845703
1,59.36,19.7464685272425,31.4903259277344
1,59.37,19.749801827129,31.5165519714355
1,59.38,19.7531351270154,31.5380096435547
1,59.39,19.7564684269018,31.5523147583008
1,59.4,19.7598017267883,31.5666198730469
1,59.41,19.7631350266747,31.5761566162109
1,59.42,19.7664683265612,31.5999984741211
1,59.43,19.7698016264476,31.6071510314941
1,59.44,19.773134926334,31.6047668457031
1,59.45,19.7764682262205,31.6286087036133
1,59.46,19.7798015261069,31.6357612609863
1,59.47,19.7831348259933,31.6500663757324
1,59.48,19.7864681258798,31.6619873046875
1,59.49,19.7898014257662,31.6715240478516
1,59.5,19.7931347256526,31.6882133483887
1,59.51,19.7964680255391,31.6905975341797
1,59.52,19.7998013254255,31.7192077636719
1,59.53,19.8031346253119,31.731128692627
1,59.54,19.8064679251984,31.73828125
1,59.55,19.8098012250848,31.7597389221191
1,59.56,19.8131345249712,31.7549705505371
1,59.57,19.8164678248577,31.7716598510742
1,59.58,19.8198011247441,31.7883491516113
1,59.59,19.8231344246306,31.8026542663574
1,59.6,19.826467724517,31.8098068237305
1,59.61,19.8298010244034,31.8193435668945
1,59.62,19.8331343242899,31.8384170532227
1,59.63,19.8364676241763,31.8479537963867
1,59.64,19.8398009240627,31.8598747253418
1,59.65,19.8431342239492,31.8741798400879
1,59.66,19.8464675238356,31.883716583252
1,59.67,19.849800823722,31.9051742553711
1,59.68,19.8531341236085,31.9242477416992
1,59.69,19.8564674234949,31.9361686706543
1,59.7,19.8598007233813,31.9623947143555
1,59.71,19.8631340232678,31.9743156433105
1,59.72,19.8664673231542,31.9838523864746
1,59.73,19.8698006230406,32.0005416870117
1,59.74,19.8731339229271,32.0172309875488
1,59.75,19.8764672228135,32.045841217041
1,59.76,19.8798005227,32.0577621459961
1,59.77,19.8831338225864,32.0816040039063
1,59.78,19.8864671224728,32.0911407470703
1,59.79,19.8898004223593,32.1006774902344
1,59.8,19.8931337222457,32.1221351623535
1,59.81,19.8964670221321,32.1507453918457
1,59.82,19.8998003220186,32.1435928344727
1,59.83,19.903133621905,32.1674346923828
1,59.84,19.9064669217914,32.1865081787109
1,59.85,19.9098002216779,32.2103500366211
1,59.86,19.9131335215643,32.2318077087402
1,59.87,19.9164668214507,32.2484970092773
1,59.88,19.9198001213372,32.2651863098145
1,59.89,19.9231334212236,32.2794914245605
1,59.9,19.92646672111,32.3081016540527
1,59.91,19.9298000209965,32.3295593261719
1,59.92,19.9331333208829,32.346248626709
1,59.93,19.9364666207694,32.3796272277832
1,59.94,19.9397999206558,32.3915481567383
1,59.95,19.9431332205422,32.4177742004395
1,59.96,19.9464665204287,32.4368476867676
1,59.97,19.9497998203151,32.4487686157227
1,59.98,19.9531331202015,32.4749946594238
1,59.99,19.956466420088,32.494068145752
1,60,19.9597997199744,32.5131416320801
1,60.01,19.9631330198608,32.505989074707
1,60.02,19.9664663197473,32.5250625610352
1,60.03,19.9697996196337,32.5417518615723
1,60.04,19.9731329195201,32.5655937194824
1,60.05,19.9764662194066,32.5822830200195
1,60.06,19.979799519293,32.6061248779297
1,60.07,19.9831328191794,32.6013565063477
1,60.08,19.9864661190659,32.6395034790039
1,60.09,19.9897994189523,32.65380859375
1,60.1,19.9931327188388,32.6871871948242
1,60.11,19.9964660187252,32.7038764953613
1,60.12,19.9997993186116,32.7229499816895
1,60.13,20.0031326184981,32.7587127685547
1,60.14,20.0064659183845,32.7849388122559
1,60.15,20.0097992182709,32.806396484375
1,60.16,20.0131325181574,32.8469276428223
1,60.17,20.0164658180438,32.8588485717773
1,60.18,20.0197991179302,32.8874588012695
1,60.19,20.0231324178167,32.9113006591797
1,60.2,20.0264657177031,32.9303741455078
1,60.21,20.0297990175895,32.958984375
1,60.22,20.033132317476,32.9828262329102
1,60.23,20.0364656173624,33.0066680908203
1,60.24,20.0397989172488,33.0352783203125
1,60.25,20.0431322171353,33.0543518066406
1,60.26,20.0464655170217,33.0662727355957
1,60.27,20.0497988169082,33.0972671508789
1,60.28,20.0531321167946,33.111572265625
1,60.29,20.056465416681,33.1354141235352
1,60.3,20.0597987165675,33.1568717956543
1,60.31,20.0631320164539,33.1664085388184
1,60.32,20.0664653163403,33.1902503967285
1,60.33,20.0697986162268,33.2164764404297
1,60.34,20.0731319161132,33.2260131835938
1,60.35,20.0764652159996,33.2498550415039
1,60.36,20.0797985158861,33.2736968994141
1,60.37,20.0831318157725,33.268928527832
1,60.38,20.0864651156589,33.271312713623
1,60.39,20.0897984155454,33.2927703857422
1,60.4,20.0931317154318,33.3070755004883
1,60.41,20.0964650153182,33.3285331726074
1,60.42,20.0997983152047,33.3380699157715
1,60.43,20.1031316150911,33.3452224731445
1,60.44,20.1064649149776,33.3619117736816
1,60.45,20.109798214864,33.3571434020996
1,60.46,20.1131315147504,33.3690643310547
1,60.47,20.1164648146369,33.3881378173828
1,60.48,20.1197981145233,33.411979675293
1,60.49,20.1231314144097,33.4358215332031
1,60.5,20.1264647142962,33.4429740905762
1,60.51,20.1297980141826,33.4668159484863
1,60.52,20.133131314069,33.4787368774414
1,60.53,20.1364646139555,33.4978103637695
1,60.54,20.1397979138419,33.5144996643066
1,60.55,20.1431312137283,33.5359573364258
1,60.56,20.1464645136148,33.5526466369629
1,60.57,20.1497978135012,33.576488494873
1,60.58,20.1531311133876,33.5907936096191
1,60.59,20.1564644132741,33.6050987243652
1,60.6,20.1597977131605,33.6146354675293
1,60.61,20.163131013047,33.6384773254395
1,60.62,20.1664643129334,33.6527824401855
1,60.63,20.1697976128198,33.6647033691406
1,60.64,20.1731309127063,33.6861610412598
1,60.65,20.1764642125927,33.6956977844238
1,60.66,20.1797975124791,33.717155456543
1,60.67,20.1831308123656,33.729076385498
1,60.68,20.186464112252,33.7481498718262
1,60.69,20.1897974121384,33.7505340576172
1,60.7,20.1931307120249,33.7719917297363
1,60.71,20.1964640119113,33.7982177734375
1,60.72,20.1997973117977,33.8196754455566
1,60.73,20.2031306116842,33.8315963745117
1,60.74,20.2064639115706,33.8506698608398
1,60.75,20.209797211457,33.8864326477051
1,60.76,20.2131305113435,33.8959693908691
1,60.77,20.2164638112299,33.9126586914063
1,60.78,20.2197971111164,33.9365005493164
1,60.79,20.2231304110028,33.9603424072266
1,60.8,20.2264637108892,33.9746475219727
1,60.81,20.2297970107757,33.9913368225098
1,60.82,20.2331303106621,33.9984893798828
1,60.83,20.2364636105485,34.0175628662109
1,60.84,20.239796910435,34.034252166748
1,60.85,20.2431302103214,34.031867980957
1,60.86,20.2464635102078,34.0461730957031
1,60.87,20.2497968100943,34.0461730957031
1,60.88,20.2531301099807,34.0676307678223
1,60.89,20.2564634098671,34.0700149536133
1,60.9,20.2597967097536,34.0700149536133
1,60.91,20.26313000964,34.0819358825684
1,60.92,20.2664633095264,34.0938568115234
1,60.93,20.2697966094129,34.1081619262695
1,60.94,20.2731299092993,34.1224670410156
1,60.95,20.2764632091857,34.1391563415527
1,60.96,20.2797965090722,34.1486930847168
1,60.97,20.2831298089586,34.1534614562988
1,60.98,20.2864631088451,34.1629981994629
1,60.99,20.2897964087315,34.182071685791
1,61,20.2931297086179,34.2035293579102
1,61.01,20.2964630085044,34.2202186584473
1,61.02,20.2997963083908,34.2106819152832
1,61.03,20.3031296082772,34.2345237731934
1,61.04,20.3064629081637,34.2535972595215
1,61.05,20.3097962080501,34.2583656311035
1,61.06,20.3131295079365,34.2798233032227
1,61.07,20.316462807823,34.2845916748047
1,61.08,20.3197961077094,34.2965126037598
1,61.09,20.3231294075958,34.3203544616699
1,61.1,20.3264627074823,34.334659576416
1,61.11,20.3297960073687,34.3465805053711
1,61.12,20.3331293072551,34.3513488769531
1,61.13,20.3364626071416,34.3751907348633
1,61.14,20.339795907028,34.3918800354004
1,61.15,20.3431292069145,34.3990325927734
1,61.16,20.3464625068009,34.4157218933105
1,61.17,20.3497958066873,34.4371795654297
1,61.18,20.3531291065738,34.4371795654297
1,61.19,20.3564624064602,34.4514846801758
1,61.2,20.3597957063466,34.4634056091309
1,61.21,20.3631290062331,34.4967842102051
1,61.22,20.3664623061195,34.4944000244141
1,61.23,20.3697956060059,34.5182418823242
1,61.24,20.3731289058924,34.5444679260254
1,61.25,20.3764622057788,34.5492362976074
1,61.26,20.3797955056652,34.5635414123535
1,61.27,20.3831288055517,34.5778465270996
1,61.28,20.3864621054381,34.5993041992188
1,61.29,20.3897954053246,34.6088409423828
1,61.3,20.393128705211,34.635066986084
1,61.31,20.3964620050974,34.637451171875
1,61.32,20.3997953049839,34.6541404724121
1,61.33,20.4031286048703,34.6755981445313
1,61.34,20.4064619047567,34.6946716308594
1,61.35,20.4097952046432,34.6994400024414
1,61.36,20.4131285045296,34.7185134887695
1,61.37,20.416461804416,34.7256660461426
1,61.38,20.4197951043025,34.7304344177246
1,61.39,20.4231284041889,34.7423553466797
1,61.4,20.4264617040753,34.7542762756348
1,61.41,20.4297950039618,34.7661972045898
1,61.42,20.4331283038482,34.7733497619629
1,61.43,20.4364616037346,34.787654876709
1,61.44,20.4397949036211,34.8043441772461
1,61.45,20.4431282035075,34.8258018493652
1,61.46,20.446461503394,34.8377227783203
1,61.47,20.4497948032804,34.8472595214844
1,61.48,20.4531281031668,34.8663330078125
1,61.49,20.4564614030533,34.8925590515137
1,61.5,20.4597947029397,34.9140167236328
1,61.51,20.4631280028261,34.949779510498
1,61.52,20.4664613027126,34.9664688110352
1,61.53,20.469794602599,34.9950790405273
1,61.54,20.4731279024854,35.0260734558105
1,61.55,20.4764612023719,35.0427627563477
1,61.56,20.4797945022583,35.0522994995117
1,61.57,20.4831278021447,35.0856781005859
1,61.58,20.4864611020312,35.092830657959
1,61.59,20.4897944019176,35.1190567016602
1,61.6,20.493127701804,35.1357460021973
1,61.61,20.4964610016905,35.1619720458984
1,61.62,20.4997943015769,35.1738929748535
1,61.63,20.5031276014633,35.1905822753906
1,61.64,20.5064609013498,35.2191925048828
1,61.65,20.5097942012362,35.247802734375
1,61.66,20.5131275011227,35.2716445922852
1,61.67,20.5164608010091,35.2787971496582
1,61.68,20.5197941008955,35.3002548217773
1,61.69,20.523127400782,35.3336334228516
1,61.7,20.5264607006684,35.3527069091797
1,61.71,20.5297940005548,35.3789329528809
1,61.72,20.5331273004413,35.393238067627
1,61.73,20.5364606003277,35.400390625
1,61.74,20.5397939002141,35.4290008544922
1,61.75,20.5431272001006,35.4480743408203
1,61.76,20.546460499987,35.4623794555664
1,61.77,20.5497937998734,35.4695320129395
1,61.78,20.5531270997599,35.4933738708496
1,61.79,20.5564603996463,35.4957580566406
1,61.8,20.5597936995327,35.4981422424316
1,61.81,20.5631269994192,35.5172157287598
1,61.82,20.5664602993056,35.5410575866699
1,61.83,20.5697935991921,35.5386734008789
1,61.84,20.5731268990785,35.5696678161621
1,61.85,20.5764601989649,35.5720520019531
1,61.86,20.5797934988514,35.5911254882813
1,61.87,20.5831267987378,35.6030464172363
1,61.88,20.5864600986242,35.6316566467285
1,61.89,20.5897933985107,35.6554985046387
1,61.9,20.5931266983971,35.6602668762207
1,61.91,20.5964599982835,35.6817245483398
1,61.92,20.59979329817,35.6960296630859
1,61.93,20.6031265980564,35.7222557067871
1,61.94,20.6064598979428,35.7413291931152
1,61.95,20.6097931978293,35.7556343078613
1,61.96,20.6131264977157,35.7794761657715
1,61.97,20.6164597976021,35.7842445373535
1,61.98,20.6197930974886,35.7985496520996
1,61.99,20.623126397375,35.8176231384277
1,62,20.6264596972615,35.8319282531738
1,62.01,20.6297929971479,35.8414649963379
1,62.02,20.6331262970343,35.855770111084
1,62.03,20.6364595969208,35.865306854248
1,62.04,20.6397928968072,35.8796119689941
1,62.05,20.6431261966936,35.8986854553223
1,62.06,20.6464594965801,35.9034538269043
1,62.07,20.6497927964665,35.9272956848145
1,62.08,20.6531260963529,35.9368324279785
1,62.09,20.6564593962394,35.9535217285156
1,62.1,20.6597926961258,35.9702110290527
1,62.11,20.6631259960122,35.9869003295898
1,62.12,20.6664592958987,35.9940528869629
1,62.13,20.6697925957851,36.0107421875
1,62.14,20.6731258956715,36.0345840454102
1,62.15,20.676459195558,36.0488891601563
1,62.16,20.6797924954444,36.0584259033203
1,62.17,20.6831257953309,36.0751152038574
1,62.18,20.6864590952173,36.0965728759766
1,62.19,20.6897923951037,36.1061096191406
1,62.2,20.6931256949902,36.1347198486328
1,62.21,20.6964589948766,36.1394882202148
1,62.22,20.699792294763,36.160945892334
1,62.23,20.7031255946495,36.1871719360352
1,62.24,20.7064588945359,36.2014770507813
1,62.25,20.7097921944223,36.2277030944824
1,62.26,20.7131254943088,36.2277030944824
1,62.27,20.7164587941952,36.2539291381836
1,62.28,20.7197920940816,36.2730026245117
1,62.29,20.7231253939681,36.2944602966309
1,62.3,20.7264586938545,36.2968444824219
1,62.31,20.729791993741,36.2992286682129
1,62.32,20.7331252936274,36.323070526123
1,62.33,20.7364585935138,36.3373756408691
1,62.34,20.7397918934003,36.3469123840332
1,62.35,20.7431251932867,36.3683700561523
1,62.36,20.7464584931731,36.3707542419434
1,62.37,20.7497917930596,36.3850593566895
1,62.38,20.753125092946,36.3945960998535
1,62.39,20.7564583928324,36.4184379577637
1,62.4,20.7597916927189,36.4446640014648
1,62.41,20.7631249926053,36.4542007446289
1,62.42,20.7664582924917,36.4851951599121
1,62.43,20.7697915923782,36.5018844604492
1,62.44,20.7731248922646,36.5257263183594
1,62.45,20.776458192151,36.5400314331055
1,62.46,20.7797914920375,36.5734100341797
1,62.47,20.7831247919239,36.5948677062988
1,62.48,20.7864580918103,36.5972518920898
1,62.49,20.7897913916968,36.623477935791
1,62.5,20.7931246915832,36.6544723510742
1,62.51,20.7964579914697,36.6663932800293
1,62.52,20.7997912913561,36.6854667663574
1,62.53,20.8031245912425,36.7140769958496
1,62.54,20.806457891129,36.7212295532227
1,62.55,20.8097911910154,36.7379188537598
1,62.56,20.8131244909018,36.7522239685059
1,62.57,20.8164577907883,36.766529083252
1,62.58,20.8197910906747,36.778450012207
1,62.59,20.8231243905611,36.7975234985352
1,62.6,20.8264576904476,36.8165969848633
1,62.61,20.829790990334,36.8380546569824
1,62.62,20.8331242902204,36.8475914001465
1,62.63,20.8364575901069,36.8714332580566
1,62.64,20.8397908899933,36.8928909301758
1,62.65,20.8431241898797,36.9000434875488
1,62.66,20.8464574897662,36.9095802307129
1,62.67,20.8497907896526,36.9381904602051
1,62.68,20.8531240895391,36.9381904602051
1,62.69,20.8564573894255,36.9572639465332
1,62.7,20.8597906893119,36.9811058044434
1,62.71,20.8631239891984,36.9811058044434
1,62.72,20.8664572890848,36.9977951049805
1,62.73,20.8697905889712,36.9977951049805
1,62.74,20.8731238888577,37.0025634765625
1,62.75,20.8764571887441,37.0121002197266
1,62.76,20.8797904886305,37.0240211486816
1,62.77,20.883123788517,37.0264053344727
1,62.78,20.8864570884034,37.0407104492188
1,62.79,20.8897903882898,37.0502471923828
1,62.8,20.8931236881763,37.0621681213379
1,62.81,20.8964569880627,37.076473236084
1,62.82,20.8997902879491,37.0955467224121
1,62.83,20.9031235878356,37.1050834655762
1,62.84,20.906456887722,37.1289253234863
1,62.85,20.9097901876085,37.1384620666504
1,62.86,20.9131234874949,37.1646881103516
1,62.87,20.9164567873813,37.1837615966797
1,62.88,20.9197900872678,37.1932983398438
1,62.89,20.9231233871542,37.2147560119629
1,62.9,20.9264566870406,37.226676940918
1,62.91,20.9297899869271,37.2433662414551
1,62.92,20.9331232868135,37.2552871704102
1,62.93,20.9364565866999,37.2815132141113
1,62.94,20.9397898865864,37.2886657714844
1,62.95,20.9431231864728,37.2982025146484
1,62.96,20.9464564863592,37.2934341430664
1,62.97,20.9497897862457,37.3029708862305
1,62.98,20.9531230861321,37.3220443725586
1,62.99,20.9564563860185,37.3268127441406
1,63,20.959789685905,37.3268127441406
1,63.01,20.9631229857914,37.3291969299316
1,63.02,20.9664562856779,37.3220443725586
1,63.03,20.9697895855643,37.3291969299316
1,63.04,20.9731228854507,37.3220443725586
1,63.05,20.9764561853372,37.3268127441406
1,63.06,20.9797894852236,37.3196601867676
1,63.07,20.98312278511,37.3125076293945
1,63.08,20.9864560849965,37.3077392578125
1,63.09,20.9897893848829,37.3053550720215
1,63.1,20.9931226847693,37.2934341430664
1,63.11,20.9964559846558,37.2815132141113
1,63.12,20.9997892845422,37.2815132141113
1,63.13,21.0031225844286,37.2862815856934
1,63.14,21.0064558843151,37.2767448425293
1,63.15,21.0097891842015,37.2767448425293
1,63.16,21.0131224840879,37.2648239135742
1,63.17,21.0164557839744,37.2600555419922
1,63.18,21.0197890838608,37.2600555419922
1,63.19,21.0231223837473,37.2648239135742
1,63.2,21.0264556836337,37.2648239135742
1,63.21,21.0297889835201,37.2719764709473
1,63.22,21.0331222834066,37.2600555419922
1,63.23,21.036455583293,37.2648239135742
1,63.24,21.0397888831794,37.2672080993652
1,63.25,21.0431221830659,37.2719764709473
1,63.26,21.0464554829523,37.2719764709473
1,63.27,21.0497887828387,37.2862815856934
1,63.28,21.0531220827252,37.2791290283203
1,63.29,21.0564553826116,37.2791290283203
1,63.3,21.059788682498,37.2862815856934
1,63.31,21.0631219823845,37.2862815856934
1,63.32,21.0664552822709,37.2886657714844
1,63.33,21.0697885821573,37.3029708862305
1,63.34,21.0731218820438,37.2958183288574
1,63.35,21.0764551819302,37.3029708862305
1,63.36,21.0797884818166,37.3101234436035
1,63.37,21.0831217817031,37.3196601867676
1,63.38,21.0864550815895,37.3315811157227
1,63.39,21.089788381476,37.3578071594238
1,63.4,21.0931216813624,37.3649597167969
1,63.41,21.0964549812488,37.3649597167969
1,63.42,21.0997882811353,37.391185760498
1,63.43,21.1031215810217,37.4031066894531
1,63.44,21.1064548809081,37.4269485473633
1,63.45,21.1097881807946,37.4364852905273
1,63.46,21.113121480681,37.4507904052734
1,63.47,21.1164547805674,37.4674797058105
1,63.48,21.1197880804539,37.4841690063477
1,63.49,21.1231213803403,37.5008583068848
1,63.5,21.1264546802267,37.5056266784668
1,63.51,21.1297879801132,37.5080108642578
1,63.52,21.1331212799996,37.5223159790039
1,63.53,21.1364545798861,37.5223159790039
1,63.54,21.1397878797725,37.539005279541
1,63.55,21.1431211796589,37.53662109375
1,63.56,21.1464544795454,37.5533103942871
1,63.57,21.1497877794318,37.5580787658691
1,63.58,21.1531210793182,37.5628471374512
1,63.59,21.1564543792047,37.5795364379883
1,63.6,21.1597876790911,37.5747680664063
1,63.61,21.1631209789775,37.5914573669434
1,63.62,21.166454278864,37.5890731811523
1,63.63,21.1697875787504,37.6009941101074
1,63.64,21.1731208786368,37.6009941101074
1,63.65,21.1764541785233,37.5914573669434
1,63.66,21.1797874784097,37.5962257385254
1,63.67,21.1831207782961,37.5962257385254
1,63.68,21.1864540781826,37.5938415527344
1,63.69,21.189787378069,37.6009941101074
1,63.7,21.1931206779554,37.6057624816895
1,63.71,21.1964539778419,37.6081466674805
1,63.72,21.1997872777283,37.5914573669434
1,63.73,21.2031205776148,37.6009941101074
1,63.74,21.2064538775012,37.6200675964355
1,63.75,21.2097871773876,37.6296043395996
1,63.76,21.2131204772741,37.6486778259277
1,63.77,21.2164537771605,37.6629829406738
1,63.78,21.2197870770469,37.684440612793
1,63.79,21.2231203769334,37.696361541748
1,63.8,21.2264536768198,37.696361541748
1,63.81,21.2297869767062,37.7273559570313
1,63.82,21.2331202765927,37.7440452575684
1,63.83,21.2364535764791,37.7559661865234
1,63.84,21.243120176252,37.7655029296875
1,63.86,21.2464534761384,37.7941131591797
1,63.87,21.2497867760248,37.8036499023438
1,63.88,21.2531200759113,37.8251075744629
1,63.89,21.2564533757977,37.846565246582
1,63.9,21.2597866756842,37.8537178039551
1,63.91,21.2631199755706,37.8632545471191
1,63.92,21.266453275457,37.8751754760742
1,63.93,21.2731198752299,37.8942489624023
1,63.95,21.2764531751163,37.9300117492676
1,63.96,21.2797864750028,37.9323959350586
1,63.97,21.2831197748892,37.9252433776855
1,63.98,21.2864530747756,37.9490852355957
1,63.99,21.2897863746621,37.9562377929688
1,64,21.2931196745485,37.9729270935059
1,64.01,21.2964529744349,37.987232208252
1,64.02,21.3031195742078,37.992000579834
1,64.04,21.3064528740942,38.0206108093262
1,64.05,21.3097861739807,38.0444526672363
1,64.06,21.3131194738671,38.0396842956543
1,64.07,21.31978607364,38.0516052246094
1,64.08,21.3231193735264,38.0539894104004
1,64.1,21.3264526734129,38.0825996398926
1,64.11,21.3331192731857,38.0992889404297
1,64.12,21.3364525730722,38.0992889404297
1,64.13,21.3397858729586,38.1088256835938
1,64.14,21.343119172845,38.1326675415039
1,64.16,21.3464524727315,38.149356842041
1,64.17,21.3531190725043,38.1565093994141
1,64.18,21.3564523723908,38.1684303283691
1,64.19,21.3597856722772,38.1684303283691
1,64.2,21.3631189721636,38.1779670715332
1,64.21,21.3664522720501,38.1875038146973
1,64.22,21.3697855719365,38.1851196289063
1,64.23,21.373118871823,38.2065773010254
1,64.24,21.3764521717094,38.2065773010254
1,64.25,21.3797854715958,38.2184982299805
1,64.26,21.3831187714823,38.2256507873535
1,64.27,21.3864520713687,38.2208824157715
1,64.28,21.3897853712551,38.2232666015625
1,64.29,21.3931186711416,38.2351875305176
1,64.3,21.396451971028,38.2518768310547
1,64.31,21.3997852709144,38.2399559020996
1,64.32,21.4031185708009,38.2661819458008
1,64.33,21.4064518706873,38.2828712463379
1,64.34,21.4097851705737,38.2900238037109
1,64.35,21.4131184704602,38.299560546875
1,64.36,21.4164517703466,38.3210182189941
1,64.37,21.419785070233,38.3234024047852
1,64.38,21.4231183701195,38.3424758911133
1,64.39,21.4264516700059,38.3615493774414
1,64.4,21.4297849698924,38.3687019348145
1,64.41,21.4331182697788,38.3830070495605
1,64.42,21.4364515696652,38.3996963500977
1,64.43,21.4397848695517,38.4187698364258
1,64.44,21.4431181694381,38.444995880127
1,64.45,21.4464514693245,38.4426116943359
1,64.46,21.449784769211,38.4426116943359
1,64.47,21.4531180690974,38.4688377380371
1,64.48,21.4564513689838,38.4855270385742
1,64.49,21.4597846688703,38.5093688964844
1,64.5,21.4631179687567,38.5117530822754
1,64.51,21.4664512686431,38.5117530822754
1,64.52,21.4697845685296,38.5236740112305
1,64.53,21.473117868416,38.5570526123047
1,64.54,21.4764511683025,38.5665893554688
1,64.55,21.4797844681889,38.5737419128418
1,64.56,21.4831177680753,38.5928153991699
1,64.57,21.4864510679618,38.5928153991699
1,64.58,21.4897843678482,38.5904312133789
1,64.59,21.4931176677346,38.604736328125
1,64.6,21.4964509676211,38.6261940002441
1,64.61,21.4997842675075,38.6404991149902
1,64.62,21.5031175673939,38.6476516723633
1,64.63,21.5064508672804,38.6667251586914
1,64.64,21.5097841671668,38.6834144592285
1,64.65,21.5131174670532,38.7096405029297
1,64.66,21.5164507669397,38.7239456176758
1,64.67,21.5197840668261,38.7263298034668
1,64.68,21.5231173667125,38.759708404541
1,64.69,21.526450666599,38.7716293334961
1,64.7,21.5297839664854,38.7978553771973
1,64.71,21.5331172663718,38.8216972351074
1,64.72,21.5364505662583,38.8264656066895
1,64.73,21.5397838661447,38.8455390930176
1,64.74,21.5431171660312,38.8598442077637
1,64.75,21.5464504659176,38.8669967651367
1,64.76,21.549783765804,38.8860702514648
1,64.77,21.5531170656905,38.8956069946289
1,64.78,21.5564503655769,38.905143737793
1,64.79,21.5597836654633,38.914680480957
1,64.8,21.5631169653498,38.9242172241211
1,64.81,21.5664502652362,38.9337539672852
1,64.82,21.5697835651226,38.9409065246582
1,64.83,21.5731168650091,38.9480590820313
1,64.84,21.5764501648955,38.9623641967773
1,64.85,21.5797834647819,38.9719009399414
1,64.86,21.5831167646684,38.9790534973145
1,64.87,21.5864500645548,38.9981269836426
1,64.88,21.5897833644412,39.0195846557617
1,64.89,21.5931166643277,39.0243530273438
1,64.9,21.5964499642141,39.0219688415527
1,64.91,21.5997832641006,39.057731628418
1,64.92,21.603116563987,39.0625
1,64.93,21.6064498638734,39.0863418579102
1,64.94,21.6097831637599,39.0934944152832
1,64.95,21.6131164636463,39.1054153442383
1,64.96,21.6164497635327,39.1149520874023
1,64.97,21.6197830634192,39.1340255737305
1,64.98,21.6231163633056,39.1411781311035
1,64.99,21.626449663192,39.1578674316406
1,65,21.6297829630785,39.1650199890137
1,65.01,21.6331162629649,39.1840934753418
1,65.02,21.6364495628513,39.1936302185059
1,65.03,21.6397828627378,39.212703704834
1,65.04,21.6431161626242,39.222240447998
1,65.05,21.6464494625106,39.2460823059082
1,65.06,21.6497827623971,39.2580032348633
1,65.07,21.6531160622835,39.2651557922363
1,65.08,21.65644936217,39.2842292785645
1,65.09,21.6597826620564,39.2985343933105
1,65.1,21.6631159619428,39.3104553222656
1,65.11,21.6664492618293,39.3342971801758
1,65.12,21.6697825617157,39.3438339233398
1,65.13,21.6731158616021,39.36767578125
1,65.14,21.6764491614886,39.374828338623
1,65.15,21.679782461375,39.3939018249512
1,65.16,21.6831157612614,39.4225120544434
1,65.17,21.6864490611479,39.4439697265625
1,65.18,21.6897823610343,39.4606590270996
1,65.19,21.6931156609207,39.4773483276367
1,65.2,21.6964489608072,39.4916534423828
1,65.21,21.6997822606936,39.5035743713379
1,65.22,21.70311556058,39.5298004150391
1,65.23,21.7064488604665,39.5417213439941
1,65.24,21.7097821603529,39.5584106445313
1,65.25,21.7131154602394,39.5727157592773
1,65.26,21.7164487601258,39.5846366882324
1,65.27,21.7197820600122,39.5846366882324
1,65.28,21.7231153598987,39.6084785461426
1,65.29,21.7264486597851,39.6275520324707
1,65.3,21.7297819596715,39.6323204040527
1,65.31,21.733115259558,39.6490097045898
1,65.32,21.7364485594444,39.6537780761719
1,65.33,21.7397818593308,39.668083190918
1,65.34,21.7431151592173,39.668083190918
1,65.35,21.7464484591037,39.6895408630371
1,65.36,21.7497817589901,39.7014617919922
1,65.37,21.7531150588766,39.7109985351563
1,65.38,21.756448358763,39.7157669067383
1,65.39,21.7597816586494,39.7467613220215
1,65.4,21.7631149585359,39.7396087646484
1,65.41,21.7664482584223,39.7610664367676
1,65.42,21.7697815583088,39.7920608520508
1,65.43,21.7731148581952,39.8015975952148
1,65.44,21.7764481580816,39.820671081543
1,65.45,21.7797814579681,39.8421287536621
1,65.46,21.7831147578545,39.8635864257813
1,65.47,21.7864480577409,39.8874282836914
1,65.48,21.7897813576274,39.8921966552734
1,65.49,21.7931146575138,39.9160385131836
1,65.5,21.7964479574002,39.9184226989746
1,65.51,21.7997812572867,39.9374961853027
1,65.52,21.8031145571731,39.9589538574219
1,65.53,21.8064478570595,39.970874786377
1,65.54,21.809781156946,39.9637222290039
1,65.55,21.8131144568324,39.980411529541
1,65.56,21.8164477567188,39.9875640869141
1,65.57,21.8197810566053,39.9923324584961
1,65.58,21.8231143564917,40.0066375732422
1,65.59,21.8264476563782,40.0233268737793
1,65.6,21.8297809562646,40.0209426879883
1,65.61,21.833114256151,40.0257110595703
1,65.62,21.8364475560375,40.0543212890625
1,65.63,21.8397808559239,40.0543212890625
1,65.64,21.8431141558103,40.0710105895996
1,65.65,21.8464474556968,40.0900840759277
1,65.66,21.8497807555832,40.1091575622559
1,65.67,21.8531140554696,40.1067733764648
1,65.68,21.8564473553561,40.128231048584
1,65.69,21.8597806552425,40.1496887207031
1,65.7,21.8631139551289,40.1663780212402
1,65.71,21.8664472550154,40.1878356933594
1,65.72,21.8697805549018,40.1926040649414
1,65.73,21.8731138547882,40.2021408081055
1,65.74,21.8764471546747,40.2259826660156
1,65.75,21.8797804545611,40.2402877807617
1,65.76,21.8831137544476,40.2450561523438
1,65.77,21.886447054334,40.2545928955078
1,65.78,21.8897803542204,40.2641296386719
1,65.79,21.8931136541069,40.2736663818359
1,65.8,21.8964469539933,40.276050567627
1,65.81,21.8997802538797,40.287971496582
1,65.82,21.9031135537662,40.3094291687012
1,65.83,21.9064468536526,40.3022766113281
1,65.84,21.909780153539,40.3213500976563
1,65.85,21.9131134534255,40.3332710266113
1,65.86,21.9164467533119,40.3594970703125
1,65.87,21.9197800531983,40.3571128845215
1,65.88,21.9231133530848,40.3666496276855
1,65.89,21.9264466529712,40.3928756713867
1,65.9,21.9297799528576,40.4047966003418
1,65.91,21.9331132527441,40.431022644043
1,65.92,21.9364465526305,40.433406829834
1,65.93,21.9397798525169,40.4453277587891
1,65.94,21.9431131524034,40.4691696166992
1,65.95,21.9464464522898,40.4715538024902
1,65.96,21.9497797521763,40.4906272888184
1,65.97,21.9531130520627,40.5120849609375
1,65.98,21.9564463519491,40.5097007751465
1,65.99,21.9597796518356,40.5263900756836
1,66,21.963112951722,40.5311584472656
1,66.01,21.9664462516084,40.5597686767578
1,66.02,21.9697795514949,40.5573844909668
1,66.03,21.9731128513813,40.5669212341309
1,66.04,21.9764461512677,40.581226348877
1,66.05,21.9797794511542,40.58837890625
1,66.06,21.9831127510406,40.58837890625
1,66.07,21.986446050927,40.6002998352051
1,66.08,21.9897793508135,40.595531463623
1,66.09,21.9931126506999,40.593147277832
1,66.1,21.9964459505863,40.590763092041
1,66.11,21.9997792504728,40.6026840209961
1,66.12,22.0031125503592,40.5979156494141
1,66.13,22.0064458502457,40.595531463623
1,66.14,22.0097791501321,40.6050682067871
1,66.15,22.0131124500185,40.6098365783691
1,66.16,22.016445749905,40.6193733215332
1,66.17,22.0197790497914,40.6122207641602
1,66.18,22.0231123496778,40.6241416931152
1,66.19,22.0264456495643,40.6384468078613
1,66.2,22.0297789494507,40.6527519226074
1,66.21,22.0331122493371,40.6575202941895
1,66.22,22.0364455492236,40.6694412231445
1,66.23,22.03977884911,40.6932830810547
1,66.24,22.0431121489964,40.6885147094727
1,66.25,22.0464454488829,40.7147407531738
1,66.26,22.0497787487693,40.7290458679199
1,66.27,22.0531120486557,40.740966796875
1,66.28,22.0564453485422,40.748119354248
1,66.29,22.0597786484286,40.7600402832031
1,66.3,22.0631119483151,40.7791137695313
1,66.31,22.0664452482015,40.7695770263672
1,66.32,22.0697785480879,40.7767295837402
1,66.33,22.0731118479744,40.7814979553223
1,66.34,22.0764451478608,40.7958030700684
1,66.35,22.0797784477472,40.7910346984863
1,66.36,22.0831117476337,40.7767295837402
1,66.37,22.0864450475201,40.7814979553223
1,66.38,22.0897783474065,40.7934188842773
1,66.39,22.093111647293,40.7791137695313
1,66.4,22.0964449471794,40.7934188842773
1,66.41,22.0997782470658,40.7719612121582
1,66.42,22.1031115469523,40.7767295837402
1,66.43,22.1064448468387,40.7814979553223
1,66.44,22.1097781467251,40.7910346984863
1,66.45,22.1131114466116,40.7981872558594
1,66.46,22.116444746498,40.7934188842773
1,66.47,22.1197780463845,40.7910346984863
1,66.48,22.1231113462709,40.8029556274414
1,66.49,22.1264446461573,40.7981872558594
1,66.5,22.1297779460438,40.8077239990234
1,66.51,22.1331112459302,40.8101081848145
1,66.52,22.1364445458166,40.8005714416504
1,66.53,22.1397778457031,40.8005714416504
1,66.54,22.1431111455895,40.7958030700684
1,66.55,22.1464444454759,40.7910346984863
1,66.56,22.1497777453624,40.7814979553223
1,66.57,22.1531110452488,40.7671928405762
1,66.58,22.1564443451352,40.7576560974121
1,66.59,22.1597776450217,40.736198425293
1,66.6,22.1631109449081,40.7123565673828
1,66.61,22.1664442447946,40.6789779663086
1,66.62,22.169777544681,40.6599044799805
1,66.63,22.1731108445674,40.6336784362793
1,66.64,22.1764441444539,40.6050682067871
1,66.65,22.1797774443403,40.583610534668
1,66.66,22.1831107442267,40.5621528625488
1,66.67,22.1864440441132,40.5430793762207
1,66.68,22.1897773439996,40.5073165893555
1,66.69,22.193110643886,40.4906272888184
1,66.7,22.1964439437725,40.4596328735352
1,66.71,22.1997772436589,40.442943572998
1,66.72,22.2031105435453,40.4238700866699
1,66.73,22.2064438434318,40.4000282287598
1,66.74,22.2097771433182,40.3881072998047
1,66.75,22.2131104432046,40.3809547424316
1,66.76,22.2164437430911,40.3666496276855
1,66.77,22.2197770429775,40.3451919555664
1,66.78,22.223110342864,40.3547286987305
1,66.79,22.2264436427504,40.3428077697754
1,66.8,22.2297769426368,40.3475761413574
1,66.81,22.2331102425233,40.3451919555664
1,66.82,22.2364435424097,40.3428077697754
1,66.83,22.2397768422961,40.3499603271484
1,66.84,22.2431101421826,40.3428077697754
1,66.85,22.246443442069,40.3308868408203
1,66.86,22.2497767419554,40.3356552124023
1,66.87,22.2531100418419,40.3428077697754
1,66.88,22.2564433417283,40.3451919555664
1,66.89,22.2597766416147,40.3404235839844
1,66.9,22.2631099415012,40.3356552124023
1,66.91,22.2664432413876,40.3404235839844
1,66.92,22.269776541274,40.3237342834473
1,66.93,22.2731098411605,40.3189659118652
1,66.94,22.2764431410469,40.3141975402832
1,66.95,22.2797764409333,40.3094291687012
1,66.96,22.2831097408198,40.283203125
1,66.97,22.2864430407062,40.2688980102539
1,66.98,22.2897763405927,40.2450561523438
1,66.99,22.2931096404791,40.2164459228516
1,67,22.2964429403655,40.2045249938965
1,67.01,22.299776240252,40.1854515075684
1,67.02,22.3031095401384,40.1663780212402
1,67.03,22.3064428400248,40.137767791748
1,67.04,22.3097761399113,40.123462677002
1,67.05,22.3131094397977,40.1139259338379
1,67.06,22.3164427396841,40.1020050048828
1,67.07,22.3197760395706,40.0900840759277
1,67.08,22.323109339457,40.0829315185547
1,67.09,22.3264426393434,40.0781631469727
1,67.1,22.3297759392299,40.0662422180176
1,67.11,22.3331092391163,40.0495529174805
1,67.12,22.3364425390027,40.0662422180176
1,67.13,22.3397758388892,40.0519371032715
1,67.14,22.3431091387756,40.0543212890625
1,67.15,22.3464424386621,40.0471687316895
1,67.16,22.3497757385485,40.0352478027344
1,67.17,22.3531090384349,40.0304794311523
1,67.18,22.3564423383214,40.0352478027344
1,67.19,22.3597756382078,40.0257110595703
1,67.2,22.3631089380942,40.0280952453613
1,67.21,22.3664422379807,40.0185585021973
1,67.22,22.3697755378671,40.0328636169434
1,67.23,22.3731088377535,40.0304794311523
1,67.24,22.37644213764,40.0304794311523
1,67.25,22.3797754375264,40.0352478027344
1,67.26,22.3831087374128,40.0185585021973
1,67.27,22.3864420372993,40.0161743164063
1,67.28,22.3897753371857,40.0161743164063
1,67.29,22.3931086370721,40.0209426879883
1,67.3,22.3964419369586,40.0280952453613
1,67.31,22.399775236845,40.0304794311523
1,67.32,22.4031085367315,40.0304794311523
1,67.33,22.4064418366179,40.0257110595703
1,67.34,22.4097751365043,40.0185585021973
1,67.35,22.4131084363908,40.0352478027344
1,67.36,22.4164417362772,40.0257110595703
1,67.37,22.4197750361636,40.0280952453613
1,67.38,22.4231083360501,40.0376319885254
1,67.39,22.4264416359365,40.0328636169434
1,67.4,22.4297749358229,40.0376319885254
1,67.41,22.4331082357094,40.0471687316895
1,67.42,22.4364415355958,40.0257110595703
1,67.43,22.4397748354822,40.0328636169434
1,67.44,22.4431081353687,40.0257110595703
1,67.45,22.4464414352551,40.0257110595703
1,67.46,22.4497747351415,40.0233268737793
1,67.47,22.453108035028,40.0280952453613
1,67.48,22.4564413349144,40.0090217590332
1,67.49,22.4597746348009,40.0018692016602
1,67.5,22.4631079346873,40.0042533874512
1,67.51,22.4664412345737,39.9875640869141
1,67.52,22.4697745344602,39.9875640869141
1,67.53,22.4731078343466,39.973258972168
1,67.54,22.476441134233,39.970874786377
1,67.55,22.4797744341195,39.9589538574219
1,67.56,22.4831077340059,39.9398803710938
1,67.57,22.4864410338923,39.9374961853027
1,67.58,22.4897743337788,39.9398803710938
1,67.59,22.4931076336652,39.9279594421387
1,67.6,22.4964409335516,39.9327278137207
1,67.61,22.4997742334381,39.9160385131836
1,67.62,22.5031075333245,39.9160385131836
1,67.63,22.5064408332109,39.9136543273926
1,67.64,22.5097741330974,39.8945808410645
1,67.65,22.5131074329838,39.8921966552734
1,67.66,22.5164407328703,39.8969650268555
1,67.67,22.5197740327567,39.8969650268555
1,67.68,22.5231073326431,39.8945808410645
1,67.69,22.5264406325296,39.8969650268555
1,67.7,22.529773932416,39.8969650268555
1,67.71,22.5331072323024,39.8993492126465
1,67.72,22.5364405321889,39.8993492126465
1,67.73,22.5397738320753,39.9041175842285
1,67.74,22.5431071319617,39.9184226989746
1,67.75,22.5464404318482,39.9160385131836
1,67.76,22.5497737317346,39.9255752563477
1,67.77,22.553107031621,39.9422645568848
1,67.78,22.5564403315075,39.9422645568848
1,67.79,22.5597736313939,39.9541854858398
1,67.8,22.5631069312803,39.9637222290039
1,67.81,22.5664402311668,39.9565696716309
1,67.82,22.5697735310532,39.9565696716309
1,67.83,22.5731068309397,39.9637222290039
1,67.84,22.5764401308261,39.9589538574219
1,67.85,22.5797734307125,39.9589538574219
1,67.86,22.583106730599,39.9470329284668
1,67.87,22.5864400304854,39.9327278137207
1,67.88,22.5897733303718,39.9351119995117
1,67.89,22.5931066302583,39.9208068847656
1,67.9,22.5964399301447,39.9065017700195
1,67.91,22.5997732300311,39.9017333984375
1,67.92,22.6031065299176,39.8921966552734
1,67.93,22.606439829804,39.8755073547363
1,67.94,22.6097731296904,39.8445129394531
1,67.95,22.6131064295769,39.820671081543
1,67.96,22.6164397294633,39.8135185241699
1,67.97,22.6197730293497,39.8015975952148
1,67.98,22.6231063292362,39.7801399230957
1,67.99,22.6264396291226,39.7706031799316
1,68,22.6297729290091,39.7443771362305
1,68.01,22.6331062288955,39.7300720214844
1,68.02,22.6364395287819,39.7229194641113
1,68.03,22.6397728286684,39.7109985351563
1,68.04,22.6431061285548,39.7062301635742
1,68.05,22.6464394284412,39.680004119873
1,68.06,22.6497727283277,39.6823883056641
1,68.07,22.6531060282141,39.680004119873
1,68.08,22.6564393281005,39.677619934082
1,68.09,22.659772627987,39.6728515625
1,68.1,22.6631059278734,39.670467376709
1,68.11,22.6664392277598,39.670467376709
1,68.12,22.6697725276463,39.668083190918
1,68.13,22.6731058275327,39.670467376709
1,68.14,22.6764391274191,39.6633148193359
1,68.15,22.6797724273056,39.6513938903809
1,68.16,22.683105727192,39.6466255187988
1,68.17,22.6864390270785,39.6537780761719
1,68.18,22.6897723269649,39.6490097045898
1,68.19,22.6931056268513,39.6561622619629
1,68.2,22.6964389267378,39.6513938903809
1,68.21,22.6997722266242,39.6442413330078
1,68.22,22.7031055265106,39.6537780761719
1,68.23,22.7064388263971,39.6633148193359
1,68.24,22.7097721262835,39.6633148193359
1,68.25,22.7131054261699,39.6633148193359
1,68.26,22.7164387260564,39.680004119873
1,68.27,22.7197720259428,39.6966934204102
1,68.28,22.7231053258292,39.7205352783203
1,68.29,22.7264386257157,39.7300720214844
1,68.3,22.7297719256021,39.7467613220215
1,68.31,22.7331052254885,39.7825241088867
1,68.32,22.736438525375,39.8159027099609
1,68.33,22.7397718252614,39.8397445678711
1,68.34,22.7431051251478,39.8492813110352
1,68.35,22.7464384250343,39.8612022399902
1,68.36,22.7497717249207,39.8898124694824
1,68.37,22.7531050248072,39.9065017700195
1,68.38,22.7564383246936,39.9160385131836
1,68.39,22.75977162458,39.9327278137207
1,68.4,22.7631049244665,39.9446487426758
1,68.41,22.7664382243529,39.9565696716309
1,68.42,22.7697715242393,39.9684906005859
1,68.43,22.7731048241258,39.97802734375
1,68.44,22.7764381240122,39.9899482727051
1,68.45,22.7797714238986,39.9994850158691
1,68.46,22.7831047237851,40.0114059448242
1,68.47,22.7864380236715,40.0352478027344
1,68.48,22.7897713235579,40.0400161743164
1,68.49,22.7931046234444,40.0590896606445
1,68.5,22.7964379233308,40.0829315185547
1,68.51,22.7997712232172,40.1020050048828
1,68.52,22.8031045231037,40.128231048584
1,68.53,22.8064378229901,40.1449203491211
1,68.54,22.8097711228766,40.1473045349121
1,68.55,22.813104422763,40.1735305786133
1,68.56,22.8164377226494,40.1902198791504
1,68.57,22.8197710225359,40.2021408081055
1,68.58,22.8231043224223,40.2164459228516
1,68.59,22.8264376223087,40.2402877807617
1,68.6,22.8297709221952,40.2379035949707
1,68.61,22.8331042220816,40.2569770812988
1,68.62,22.836437521968,40.2736663818359
1,68.63,22.8397708218545,40.2641296386719
1,68.64,22.8431041217409,40.2736663818359
1,68.65,22.8464374216273,40.2712821960449
1,68.66,22.8497707215138,40.2665138244629
1,68.67,22.8531040214002,40.2736663818359
1,68.68,22.8564373212867,40.2545928955078
1,68.69,22.8597706211731,40.2450561523438
1,68.7,22.8631039210595,40.2355194091797
1,68.71,22.866437220946,40.2259826660156
1,68.72,22.8697705208324,40.2235984802246
1,68.73,22.8731038207188,40.2140617370605
1,68.74,22.8764371206053,40.2140617370605
1,68.75,22.8797704204917,40.2045249938965
1,68.76,22.8831037203781,40.2045249938965
1,68.77,22.8864370202646,40.2140617370605
1,68.78,22.889770320151,40.2259826660156
1,68.79,22.8931036200374,40.2331352233887
1,68.8,22.8964369199239,40.2355194091797
1,68.81,22.8997702198103,40.2474403381348
1,68.82,22.9031035196967,40.2665138244629
1,68.83,22.9064368195832,40.2736663818359
1,68.84,22.9097701194696,40.2927398681641
1,68.85,22.9131034193561,40.3141975402832
1,68.86,22.9164367192425,40.3237342834473
1,68.87,22.9197700191289,40.3451919555664
1,68.88,22.9231033190154,40.3571128845215
1,68.89,22.9264366189018,40.3594970703125
1,68.9,22.9297699187882,40.3761863708496
1,68.91,22.9331032186747,40.3952598571777
1,68.92,22.9364365185611,40.4143333435059
1,68.93,22.9397698184475,40.4262542724609
1,68.94,22.943103118334,40.435791015625
1,68.95,22.9464364182204,40.4500961303711
1,68.96,22.9497697181068,40.4715538024902
1,68.97,22.9531030179933,40.4858589172363
1,68.98,22.9564363178797,40.5025482177734
1,68.99,22.9597696177661,40.5216217041016
1,69,22.9631029176526,40.5454635620117
1,69.01,22.966436217539,40.5550003051758
1,69.02,22.9697695174254,40.5716896057129
1,69.03,22.9731028173119,40.6026840209961
1,69.04,22.9764361171983,40.6098365783691
1,69.05,22.9797694170848,40.6360626220703
1,69.06,22.9831027169712,40.6575202941895
1,69.07,22.9864360168576,40.6813621520996
1,69.08,22.9897693167441,40.7052040100098
1,69.09,22.9931026166305,40.7075881958008
1,69.1,22.9964359165169,40.743350982666
1,69.11,22.9997692164034,40.7552719116211
1,69.12,23.0031025162898,40.7719612121582
1,69.13,23.0064358161762,40.7862663269043
1,69.14,23.0097691160627,40.8029556274414
1,69.15,23.0131024159491,40.8148765563965
1,69.16,23.0164357158355,40.8291816711426
1,69.17,23.019769015722,40.8339500427246
1,69.18,23.0231023156084,40.8577919006348
1,69.19,23.0264356154948,40.8506393432617
1,69.2,23.0297689153813,40.8673286437988
1,69.21,23.0331022152677,40.8840179443359
1,69.22,23.0364355151542,40.886402130127
1,69.23,23.0397688150406,40.8935546875
1,69.24,23.043102114927,40.8935546875
1,69.25,23.0464354148135,40.900707244873
1,69.26,23.0497687146999,40.9030914306641
1,69.27,23.0531020145863,40.9173965454102
1,69.28,23.0564353144728,40.9173965454102
1,69.29,23.0597686143592,40.9245491027832
1,69.3,23.0631019142456,40.9293174743652
1,69.31,23.0664352141321,40.9436225891113
1,69.32,23.0697685140185,40.9507751464844
1,69.33,23.0731018139049,40.9603118896484
1,69.34,23.0764351137914,40.9793853759766
1,69.35,23.0797684136778,41.0056114196777
1,69.36,23.0831017135642,41.0103797912598
1,69.37,23.0864350134507,41.038990020752
1,69.38,23.0897683133371,41.050910949707
1,69.39,23.0931016132236,41.0747528076172
1,69.4,23.09643491311,41.0962104797363
1,69.41,23.0997682129964,41.1081314086914
1,69.42,23.1031015128829,41.1391258239746
1,69.43,23.1064348127693,41.1748886108398
1,69.44,23.1097681126557,41.196346282959
1,69.45,23.1131014125422,41.2130355834961
1,69.46,23.1164347124286,41.2344932556152
1,69.47,23.119768012315,41.2631034851074
1,69.48,23.1231013122015,41.2797927856445
1,69.49,23.1264346120879,41.3107872009277
1,69.5,23.1297679119743,41.3274765014648
1,69.51,23.1331012118608,41.353702545166
1,69.52,23.1364345117472,41.3680076599121
1,69.53,23.1397678116336,41.3870811462402
1,69.54,23.1431011115201,41.3942337036133
1,69.55,23.1464344114065,41.4013862609863
1,69.56,23.149767711293,41.4371490478516
1,69.57,23.1531010111794,41.4514541625977
1,69.58,23.1564343110658,41.4657592773438
1,69.59,23.1597676109523,41.4776802062988
1,69.6,23.1631009108387,41.499137878418
1,69.61,23.1664342107251,41.5229797363281
1,69.62,23.1697675106116,41.5349006652832
1,69.63,23.173100810498,41.5539741516113
1,69.64,23.1764341103844,41.5658950805664
1,69.65,23.1797674102709,41.5754318237305
1,69.66,23.1831007101573,41.5849685668945
1,69.67,23.1864340100437,41.6016578674316
1,69.68,23.1897673099302,41.6302680969238
1,69.69,23.1931006098166,41.6445732116699
1,69.7,23.1964339097031,41.6684150695801
1,69.71,23.1997672095895,41.6755676269531
1,69.72,23.2031005094759,41.7065620422363
1,69.73,23.2064338093624,41.7256355285645
1,69.74,23.2097671092488,41.7494773864746
1,69.75,23.2131004091352,41.7709350585938
1,69.76,23.2164337090217,41.7876243591309
1,69.77,23.2197670089081,41.801929473877
1,69.78,23.2231003087945,41.8281555175781
1,69.79,23.226433608681,41.8472290039063
1,69.8,23.2297669085674,41.8710708618164
1,69.81,23.2331002084538,41.9044494628906
1,69.82,23.2364335083403,41.9139862060547
1,69.83,23.2397668082267,41.9306755065918
1,69.84,23.2431001081131,41.959285736084
1,69.85,23.2464334079996,41.9735908508301
1,69.86,23.249766707886,41.9902801513672
1,69.87,23.2531000077724,42.0117378234863
1,69.88,23.2564333076589,42.0117378234863
1,69.89,23.2597666075453,42.0427322387695
1,69.9,23.2630999074318,42.0618057250977
1,69.91,23.2664332073182,42.0713424682617
1,69.92,23.2730998070911,42.0951843261719
1,69.94,23.2764331069775,42.1285629272461
1,69.95,23.2797664068639,42.1571731567383
1,69.96,23.2830997067504,42.1714782714844
1,69.97,23.2864330066368,42.1714782714844
1,69.98,23.2897663065232,42.2000885009766
1,69.99,23.2930996064097,42.2191619873047
1,70,23.2964329062961,42.2358512878418
1,70.01,23.303099506069,42.259693145752
1,70.03,23.3064328059554,42.2954559326172
1,70.04,23.3097661058418,42.3097610473633
1,70.05,23.3130994057283,42.3336029052734
1,70.06,23.3197660055012,42.3479080200195
1,70.07,23.3230993053876,42.3645973205566
1,70.09,23.326432605274,42.3979759216309
1,70.1,23.3330992050469,42.4098968505859
1,70.11,23.3364325049333,42.4337387084961
1,70.12,23.3397658048198,42.4361228942871
1,70.13,23.3430991047062,42.4623489379883
1,70.15,23.3464324045926,42.5004959106445
1,70.16,23.3530990043655,42.5243377685547
1,70.17,23.3564323042519,42.5410270690918
1,70.18,23.3597656041384,42.5624847412109
1,70.19,23.3630989040248,42.6006317138672
1,70.2,23.3664322039112,42.6149368286133
1,70.21,23.3697655037977,42.6506996154785
1,70.22,23.3730988036841,42.6793098449707
1,70.23,23.3764321035706,42.6983833312988
1,70.25,23.3830987033434,42.7699089050293
1,70.26,23.3864320032299,42.8032875061035
1,70.27,23.3897653031163,42.8271293640137
1,70.28,23.3930986030027,42.8485870361328
1,70.29,23.3964319028892,42.874813079834
1,70.3,23.3997652027756,42.9058074951172
1,70.31,23.403098502662,42.9272651672363
1,70.32,23.4064318025485,42.9487228393555
1,70.33,23.4097651024349,42.9892539978027
1,70.34,23.4130984023213,43.0035591125488
1,70.35,23.4164317022078,43.0178642272949
1,70.36,23.4197650020942,43.034553527832
1,70.37,23.4230983019806,43.0631637573242
1,70.38,23.4264316018671,43.0774688720703
1,70.39,23.4297649017535,43.1036949157715
1,70.4,23.43309820164,43.1156158447266
1,70.41,23.4364315015264,43.1346893310547
1,70.42,23.4397648014128,43.1418418884277
1,70.43,23.4430981012993,43.1680679321289
1,70.44,23.4464314011857,43.1537628173828
1,70.45,23.4497647010721,43.177604675293
1,70.46,23.4530980009586,43.177604675293
1,70.47,23.456431300845,43.1990623474121
1,70.48,23.4597646007314,43.2133674621582
1,70.49,23.4630979006179,43.2157516479492
1,70.5,23.4664312005043,43.2252883911133
1,70.51,23.4697645003907,43.2252883911133
1,70.52,23.4730978002772,43.2133674621582
1,70.53,23.4764311001636,43.2252883911133
1,70.54,23.47976440005,43.2395935058594
1,70.55,23.4830976999365,43.2467460632324
1,70.56,23.4864309998229,43.2395935058594
1,70.57,23.4897642997094,43.2372093200684
1,70.58,23.4930975995958,43.2538986206055
1,70.59,23.4964308994822,43.2586669921875
1,70.6,23.4997641993687,43.2682037353516
1,70.61,23.5030974992551,43.2682037353516
1,70.62,23.5064307991415,43.2801246643066
1,70.63,23.509764099028,43.2872772216797
1,70.64,23.5130973989144,43.2920455932617
1,70.65,23.5164306988008,43.2991981506348
1,70.66,23.5197639986873,43.2991981506348
1,70.67,23.5230972985737,43.3158874511719
1,70.68,23.5264305984601,43.3158874511719
1,70.69,23.5297638983466,43.3111190795898
1,70.7,23.533097198233,43.3254241943359
1,70.71,23.5364304981194,43.330192565918
1,70.72,23.5397637980059,43.342113494873
1,70.73,23.5430970978923,43.3516502380371
