ééå±âÒêî,éûä‘[sec],à⁄ìÆó [mm],â◊èd[N]
1,0.01,0,-5.96046447753906E-04
1,0.22,3.33329988643527E-03,-1.01327896118164E-02
1,0.24,6.66659977287054E-03,-1.19209289550781E-02
1,0.26,9.99989965930581E-03,-9.5367431640625E-03
1,0.27,1.66664994321764E-02,-1.13248825073242E-02
1,0.28,1.99997993186116E-02,-1.01327896118164E-02
1,0.3,2.33330992050469E-02,-1.19209289550781E-02
1,0.31,2.66663990914822E-02,-1.43051147460938E-02
1,0.32,2.99996989779174E-02,-1.37090682983398E-02
1,0.33,3.33329988643527E-02,-1.43051147460938E-02
1,0.34,0.036666298750788,-1.37090682983398E-02
1,0.35,3.99995986372232E-02,-1.01327896118164E-02
1,0.36,4.33328985236585E-02,-1.19209289550781E-02
1,0.37,4.66661984100938E-02,-1.37090682983398E-02
1,0.38,4.99994982965291E-02,-0.012516975402832
1,0.39,5.33327981829643E-02,-0.012516975402832
1,0.4,5.66660980693996E-02,-1.49011611938477E-02
1,0.41,5.99993979558349E-02,-1.19209289550781E-02
1,0.42,6.33326978422702E-02,-1.49011611938477E-02
1,0.43,6.66659977287054E-02,-1.37090682983398E-02
1,0.44,6.99992976151407E-02,-1.01327896118164E-02
1,0.45,7.33325975015759E-02,-1.37090682983398E-02
1,0.46,7.66658973880112E-02,-1.13248825073242E-02
1,0.47,7.99991972744465E-02,-0.012516975402832
1,0.48,8.33324971608818E-02,-9.5367431640625E-03
1,0.49,0.086665797047317,-9.5367431640625E-03
1,0.5,8.99990969337523E-02,-1.07288360595703E-02
1,0.51,9.33323968201876E-02,-0.012516975402832
1,0.52,9.66656967066228E-02,-1.13248825073242E-02
1,0.53,9.99989965930581E-02,-1.31130218505859E-02
1,0.54,0.103332296479493,-1.19209289550781E-02
1,0.55,0.106665596365929,-0.012516975402832
1,0.56,0.109998896252364,-9.5367431640625E-03
1,0.57,0.113332196138799,-1.01327896118164E-02
1,0.58,0.11999879591167,-1.54972076416016E-02
1,0.6,0.123332095798105,-0.012516975402832
1,0.61,0.12666539568454,-1.31130218505859E-02
1,0.62,0.129998695570976,-1.19209289550781E-02
1,0.63,0.136665295343846,-0.012516975402832
1,0.64,0.139998595230281,-0.012516975402832
1,0.66,0.143331895116717,-1.31130218505859E-02
1,0.67,0.149998494889587,-1.31130218505859E-02
1,0.69,0.153331794776022,-1.43051147460938E-02
1,0.7,0.159998394548893,-1.37090682983398E-02
1,0.72,0.163331694435328,-1.84774398803711E-02
1,0.73,0.169998294208199,-0.019073486328125
1,0.74,0.173331594094634,-1.84774398803711E-02
1,0.76,0.176664893981069,-2.26497650146484E-02
1,0.77,0.18333149375394,-2.44379043579102E-02
1,0.78,0.186664793640375,-2.68220901489258E-02
1,0.79,0.18999809352681,-2.80141830444336E-02
1,0.8,0.193331393413246,-2.74181365966797E-02
1,0.81,0.196664693299681,-2.50339508056641E-02
1,0.82,0.199997993186116,-2.68220901489258E-02
1,0.83,0.203331293072552,-3.09944152832031E-02
1,0.84,0.206664592958987,-2.92062759399414E-02
1,0.85,0.209997892845422,-2.92062759399414E-02
1,0.87,0.216664492618293,-2.38418579101563E-02
1,0.88,0.219997792504728,-2.20537185668945E-02
1,0.89,0.223331092391163,-1.66893005371094E-02
1,0.9,0.226664392277598,-0.019073486328125
1,0.91,0.229997692164034,-2.20537185668945E-02
1,0.92,0.233330992050469,-1.84774398803711E-02
1,0.93,0.236664291936904,-1.60932540893555E-02
1,0.94,0.239997591823339,-1.72853469848633E-02
1,0.95,0.243330891709775,-1.96695327758789E-02
1,0.96,0.24666419159621,-2.08616256713867E-02
1,0.97,0.249997491482645,-1.72853469848633E-02
1,0.98,0.253330791369081,-1.60932540893555E-02
1,0.99,0.256664091255516,-1.72853469848633E-02
1,1,0.259997391141951,-1.96695327758789E-02
1,1.01,0.263330691028386,-1.96695327758789E-02
1,1.02,0.266663990914822,-2.02655792236328E-02
1,1.03,0.269997290801257,-1.84774398803711E-02
1,1.04,0.273330590687692,-1.66893005371094E-02
1,1.05,0.276663890574127,-1.19209289550781E-02
1,1.06,0.279997190460563,-1.19209289550781E-02
1,1.07,0.283330490346998,-1.54972076416016E-02
1,1.08,0.286663790233433,-1.31130218505859E-02
1,1.09,0.289997090119869,-1.31130218505859E-02
1,1.1,0.293330390006304,-8.94069671630859E-03
1,1.11,0.296663689892739,-7.15255737304688E-03
1,1.12,0.299996989779174,-8.94069671630859E-03
1,1.13,0.30333028966561,-0.012516975402832
1,1.14,0.306663589552045,-1.66893005371094E-02
1,1.15,0.30999688943848,-1.13248825073242E-02
1,1.16,0.313330189324915,-1.84774398803711E-02
1,1.17,0.316663489211351,-2.02655792236328E-02
1,1.18,0.319996789097786,-2.02655792236328E-02
1,1.19,0.323330088984221,-2.50339508056641E-02
1,1.2,0.326663388870657,-2.32458114624023E-02
1,1.21,0.329996688757092,-2.14576721191406E-02
1,1.22,0.333329988643527,-1.96695327758789E-02
1,1.23,0.336663288529962,-2.02655792236328E-02
1,1.24,0.339996588416398,-1.66893005371094E-02
1,1.25,0.343329888302833,-1.66893005371094E-02
1,1.26,0.346663188189268,-1.19209289550781E-02
1,1.27,0.349996488075703,-1.07288360595703E-02
1,1.28,0.353329787962139,-7.15255737304688E-03
1,1.29,0.356663087848574,-4.76837158203125E-03
1,1.3,0.359996387735009,-7.15255737304688E-03
1,1.31,0.363329687621445,-8.34465026855469E-03
1,1.32,0.36666298750788,-5.96046447753906E-03
1,1.33,0.369996287394315,-7.15255737304688E-03
1,1.34,0.37332958728075,-4.17232513427734E-03
1,1.35,0.376662887167186,-7.15255737304688E-03
1,1.36,0.379996187053621,-6.55651092529297E-03
1,1.37,0.383329486940056,-5.36441802978516E-03
1,1.38,0.386662786826491,-9.5367431640625E-03
1,1.39,0.389996086712927,-8.94069671630859E-03
1,1.4,0.393329386599362,-9.5367431640625E-03
1,1.41,0.396662686485797,-1.01327896118164E-02
1,1.42,0.399995986372232,-1.19209289550781E-02
1,1.43,0.403329286258668,-1.01327896118164E-02
1,1.44,0.406662586145103,-0.012516975402832
1,1.45,0.409995886031538,-8.94069671630859E-03
1,1.46,0.413329185917974,-7.74860382080078E-03
1,1.47,0.416662485804409,-7.15255737304688E-03
1,1.48,0.419995785690844,-5.96046447753906E-03
1,1.49,0.423329085577279,-5.96046447753906E-03
1,1.5,0.426662385463715,-7.15255737304688E-03
1,1.51,0.42999568535015,-5.36441802978516E-03
1,1.52,0.433328985236585,-5.96046447753906E-04
1,1.53,0.43666228512302,-2.38418579101563E-03
1,1.54,0.439995585009456,-2.98023223876953E-03
1,1.55,0.443328884895891,-7.15255737304688E-03
1,1.56,0.446662184782326,-8.34465026855469E-03
1,1.57,0.449995484668762,-6.55651092529297E-03
1,1.58,0.453328784555197,-8.94069671630859E-03
1,1.59,0.456662084441632,-7.15255737304688E-03
1,1.6,0.459995384328067,-8.94069671630859E-03
1,1.61,0.463328684214503,-0.012516975402832
1,1.62,0.466661984100938,-1.31130218505859E-02
1,1.63,0.469995283987373,-1.49011611938477E-02
1,1.64,0.473328583873808,-1.96695327758789E-02
1,1.65,0.476661883760244,-1.84774398803711E-02
1,1.66,0.479995183646679,-2.14576721191406E-02
1,1.67,0.483328483533114,-2.44379043579102E-02
1,1.68,0.48666178341955,-0.025629997253418
1,1.69,0.489995083305985,-2.50339508056641E-02
1,1.7,0.49332838319242,-2.38418579101563E-02
1,1.71,0.496661683078855,-2.20537185668945E-02
1,1.72,0.499994982965291,-0.019073486328125
1,1.73,0.503328282851726,-1.84774398803711E-02
1,1.74,0.506661582738161,-1.49011611938477E-02
1,1.75,0.509994882624596,-1.19209289550781E-02
1,1.76,0.513328182511032,-8.34465026855469E-03
1,1.77,0.516661482397467,-7.15255737304688E-03
1,1.78,0.519994782283902,-3.57627868652344E-03
1,1.79,0.523328082170337,-3.57627868652344E-03
1,1.8,0.526661382056773,-5.96046447753906E-03
1,1.81,0.529994681943208,-4.17232513427734E-03
1,1.82,0.533327981829643,-5.36441802978516E-03
1,1.83,0.536661281716079,-1.19209289550781E-03
1,1.84,0.539994581602514,-1.78813934326172E-03
1,1.85,0.543327881488949,5.96046447753906E-04
1,1.86,0.546661181375384,5.96046447753906E-04
1,1.87,0.54999448126182,1.19209289550781E-03
1,1.88,0.553327781148255,2.98023223876953E-03
1,1.89,0.55666108103469,1.19209289550781E-03
1,1.9,0.559994380921125,1.78813934326172E-03
1,1.91,0.563327680807561,1.78813934326172E-03
1,1.92,0.566660980693996,1.19209289550781E-03
1,1.93,0.569994280580431,0
1,1.94,0.573327580466866,7.15255737304688E-03
1,1.95,0.576660880353302,8.94069671630859E-03
1,1.96,0.579994180239737,1.01327896118164E-02
1,1.97,0.583327480126172,3.57627868652344E-03
1,1.98,0.586660780012608,5.36441802978516E-03
1,1.99,0.589994079899043,3.57627868652344E-03
1,2,0.593327379785478,6.55651092529297E-03
1,2.01,0.596660679671913,4.17232513427734E-03
1,2.02,0.599993979558349,3.57627868652344E-03
1,2.03,0.603327279444784,-5.96046447753906E-04
1,2.04,0.606660579331219,-6.55651092529297E-03
1,2.05,0.609993879217654,-5.36441802978516E-03
1,2.06,0.61332717910409,-8.34465026855469E-03
1,2.07,0.616660478990525,-1.13248825073242E-02
1,2.08,0.61999377887696,-1.07288360595703E-02
1,2.09,0.623327078763396,-0.012516975402832
1,2.1,0.626660378649831,-1.60932540893555E-02
1,2.11,0.629993678536266,-1.78813934326172E-02
1,2.12,0.633326978422701,-1.37090682983398E-02
1,2.13,0.636660278309137,-1.43051147460938E-02
1,2.14,0.639993578195572,-1.72853469848633E-02
1,2.15,0.643326878082007,-2.08616256713867E-02
1,2.16,0.646660177968442,-2.32458114624023E-02
1,2.17,0.649993477854878,-2.32458114624023E-02
1,2.18,0.653326777741313,-2.02655792236328E-02
1,2.19,0.656660077627748,-1.37090682983398E-02
1,2.2,0.659993377514184,-1.66893005371094E-02
1,2.21,0.663326677400619,-1.49011611938477E-02
1,2.22,0.666659977287054,-1.19209289550781E-02
1,2.23,0.669993277173489,-1.01327896118164E-02
1,2.24,0.673326577059925,-7.74860382080078E-03
1,2.25,0.67665987694636,-7.74860382080078E-03
1,2.26,0.679993176832795,-8.94069671630859E-03
1,2.27,0.68332647671923,-6.55651092529297E-03
1,2.28,0.686659776605666,-8.94069671630859E-03
1,2.29,0.689993076492101,-2.38418579101563E-03
1,2.3,0.693326376378536,-3.57627868652344E-03
1,2.31,0.696659676264971,-3.57627868652344E-03
1,2.32,0.699992976151407,-2.38418579101563E-03
1,2.33,0.703326276037842,0
1,2.34,0.706659575924277,-5.96046447753906E-04
1,2.35,0.709992875810713,2.38418579101563E-03
1,2.36,0.713326175697148,7.74860382080078E-03
1,2.37,0.716659475583583,6.55651092529297E-03
1,2.38,0.719992775470018,1.78813934326172E-03
1,2.39,0.723326075356454,2.98023223876953E-03
1,2.4,0.726659375242889,-5.36441802978516E-03
1,2.41,0.729992675129324,0
1,2.42,0.733325975015759,1.19209289550781E-03
1,2.43,0.736659274902195,-1.78813934326172E-03
1,2.44,0.73999257478863,-2.38418579101563E-03
1,2.45,0.743325874675065,-1.78813934326172E-03
1,2.46,0.746659174561501,-2.38418579101563E-03
1,2.47,0.749992474447936,-5.36441802978516E-03
1,2.48,0.753325774334371,-4.76837158203125E-03
1,2.49,0.756659074220806,-4.17232513427734E-03
1,2.5,0.759992374107242,-5.96046447753906E-03
1,2.51,0.763325673993677,-7.74860382080078E-03
1,2.52,0.766658973880112,-7.15255737304688E-03
1,2.53,0.769992273766547,-4.76837158203125E-03
1,2.54,0.773325573652983,-5.36441802978516E-03
1,2.55,0.776658873539418,-4.76837158203125E-03
1,2.56,0.779992173425853,-8.34465026855469E-03
1,2.57,0.783325473312289,-8.34465026855469E-03
1,2.58,0.786658773198724,-5.96046447753906E-03
1,2.59,0.789992073085159,-6.55651092529297E-03
1,2.6,0.793325372971594,-5.96046447753906E-03
1,2.61,0.79665867285803,-4.76837158203125E-03
1,2.62,0.799991972744465,-8.34465026855469E-03
1,2.63,0.8033252726309,-0.012516975402832
1,2.64,0.806658572517335,-1.37090682983398E-02
1,2.65,0.809991872403771,-1.72853469848633E-02
1,2.66,0.813325172290206,-1.66893005371094E-02
1,2.67,0.816658472176641,-2.20537185668945E-02
1,2.68,0.819991772063077,-1.78813934326172E-02
1,2.69,0.823325071949512,-1.96695327758789E-02
1,2.7,0.826658371835947,-2.32458114624023E-02
1,2.71,0.829991671722382,-1.72853469848633E-02
1,2.72,0.833324971608818,-1.54972076416016E-02
1,2.73,0.836658271495253,-1.78813934326172E-02
1,2.74,0.839991571381688,-1.43051147460938E-02
1,2.75,0.843324871268123,-1.78813934326172E-02
1,2.76,0.846658171154559,-1.31130218505859E-02
1,2.77,0.849991471040994,-1.43051147460938E-02
1,2.78,0.853324770927429,-1.60932540893555E-02
1,2.79,0.856658070813864,-1.78813934326172E-02
1,2.8,0.8599913707003,-1.72853469848633E-02
1,2.81,0.863324670586735,-1.78813934326172E-02
1,2.82,0.86665797047317,-1.72853469848633E-02
1,2.83,0.869991270359606,-2.20537185668945E-02
1,2.84,0.873324570246041,-1.96695327758789E-02
1,2.85,0.876657870132476,-2.08616256713867E-02
1,2.86,0.879991170018911,-2.08616256713867E-02
1,2.87,0.883324469905347,-2.32458114624023E-02
1,2.88,0.886657769791782,-2.32458114624023E-02
1,2.89,0.889991069678217,-2.02655792236328E-02
1,2.9,0.893324369564652,-2.08616256713867E-02
1,2.91,0.896657669451088,-1.72853469848633E-02
1,2.92,0.899990969337523,-1.72853469848633E-02
1,2.93,0.903324269223958,-1.49011611938477E-02
1,2.94,0.906657569110394,-1.54972076416016E-02
1,2.95,0.909990868996829,-1.72853469848633E-02
1,2.96,0.913324168883264,-1.54972076416016E-02
1,2.97,0.916657468769699,-1.37090682983398E-02
1,2.98,0.919990768656135,-1.96695327758789E-02
1,2.99,0.92332406854257,-1.60932540893555E-02
1,3,0.926657368429005,-1.43051147460938E-02
1,3.01,0.92999066831544,-1.96695327758789E-02
1,3.02,0.933323968201876,-1.54972076416016E-02
1,3.03,0.936657268088311,-1.84774398803711E-02
1,3.04,0.939990567974746,-2.08616256713867E-02
1,3.05,0.943323867861182,-2.14576721191406E-02
1,3.06,0.946657167747617,-2.32458114624023E-02
1,3.07,0.949990467634052,-1.49011611938477E-02
1,3.08,0.953323767520487,-1.78813934326172E-02
1,3.09,0.956657067406923,-2.08616256713867E-02
1,3.1,0.959990367293358,-2.32458114624023E-02
1,3.11,0.963323667179793,-2.14576721191406E-02
1,3.12,0.966656967066228,-2.38418579101563E-02
1,3.13,0.969990266952664,-2.26497650146484E-02
1,3.14,0.973323566839099,-0.025629997253418
1,3.15,0.976656866725534,-2.74181365966797E-02
1,3.16,0.979990166611969,-2.62260437011719E-02
1,3.17,0.983323466498405,-2.98023223876953E-02
1,3.18,0.98665676638484,-3.09944152832031E-02
1,3.19,0.989990066271275,-3.21865081787109E-02
1,3.2,0.993323366157711,-2.98023223876953E-02
1,3.21,0.996656666044146,-0.031590461730957
1,3.22,0.999989965930581,-3.09944152832031E-02
1,3.23,1.00332326581702,-3.09944152832031E-02
1,3.24,1.00665656570345,-2.92062759399414E-02
1,3.25,1.00998986558989,-2.86102294921875E-02
1,3.26,1.01332316547632,-2.20537185668945E-02
1,3.27,1.01665646536276,-2.32458114624023E-02
1,3.28,1.01998976524919,-2.02655792236328E-02
1,3.29,1.02332306513563,-2.14576721191406E-02
1,3.3,1.02665636502206,-1.49011611938477E-02
1,3.31,1.0299896649085,-1.60932540893555E-02
1,3.32,1.03332296479493,-1.60932540893555E-02
1,3.33,1.03665626468137,-1.37090682983398E-02
1,3.34,1.0399895645678,-0.019073486328125
1,3.35,1.04332286445424,-1.84774398803711E-02
1,3.36,1.04665616434067,-1.84774398803711E-02
1,3.37,1.04998946422711,-2.08616256713867E-02
1,3.38,1.05332276411355,-1.78813934326172E-02
1,3.39,1.05665606399998,-0.019073486328125
1,3.4,1.05998936388642,-2.38418579101563E-02
1,3.41,1.06332266377285,-2.20537185668945E-02
1,3.42,1.06665596365929,-2.32458114624023E-02
1,3.43,1.06998926354572,-2.50339508056641E-02
1,3.44,1.07332256343216,-2.74181365966797E-02
1,3.45,1.07665586331859,-2.44379043579102E-02
1,3.46,1.07998916320503,-2.32458114624023E-02
1,3.47,1.08332246309146,-2.32458114624023E-02
1,3.48,1.0866557629779,-2.14576721191406E-02
1,3.49,1.08998906286433,-2.20537185668945E-02
1,3.5,1.09332236275077,-2.44379043579102E-02
1,3.51,1.0966556626372,-2.68220901489258E-02
1,3.52,1.09998896252364,-2.68220901489258E-02
1,3.53,1.10332226241007,-2.50339508056641E-02
1,3.54,1.10665556229651,-2.50339508056641E-02
1,3.55,1.10998886218295,-0.025629997253418
1,3.56,1.11332216206938,-2.32458114624023E-02
1,3.57,1.11665546195582,-2.50339508056641E-02
1,3.58,1.11998876184225,-2.74181365966797E-02
1,3.59,1.12332206172869,-2.86102294921875E-02
1,3.6,1.12665536161512,-2.68220901489258E-02
1,3.61,1.12998866150156,-2.50339508056641E-02
1,3.62,1.13332196138799,-2.38418579101563E-02
1,3.63,1.13665526127443,-2.20537185668945E-02
1,3.64,1.13998856116086,-1.66893005371094E-02
1,3.65,1.1433218610473,-1.78813934326172E-02
1,3.66,1.14665516093373,-1.49011611938477E-02
1,3.67,1.14998846082017,-6.55651092529297E-03
1,3.68,1.1533217607066,-7.15255737304688E-03
1,3.69,1.15665506059304,-5.36441802978516E-03
1,3.7,1.15998836047947,-6.55651092529297E-03
1,3.71,1.16332166036591,-3.57627868652344E-03
1,3.72,1.16665496025234,-1.01327896118164E-02
1,3.73,1.16998826013878,-8.34465026855469E-03
1,3.74,1.17332156002522,-6.55651092529297E-03
1,3.75,1.17665485991165,-7.15255737304688E-03
1,3.76,1.17998815979809,-7.74860382080078E-03
1,3.77,1.18332145968452,-8.34465026855469E-03
1,3.78,1.18665475957096,-6.55651092529297E-03
1,3.79,1.18998805945739,-7.15255737304688E-03
1,3.8,1.19332135934383,-8.94069671630859E-03
1,3.81,1.19665465923026,-4.76837158203125E-03
1,3.82,1.1999879591167,-9.5367431640625E-03
1,3.83,1.20332125900313,-4.17232513427734E-03
1,3.84,1.20665455888957,-1.19209289550781E-03
1,3.85,1.209987858776,5.36441802978516E-03
1,3.86,1.21332115866244,5.96046447753906E-03
1,3.87,1.21665445854887,5.96046447753906E-03
1,3.88,1.21998775843531,5.96046447753906E-03
1,3.89,1.22332105832174,0
1,3.9,1.22665435820818,-5.36441802978516E-03
1,3.91,1.22998765809461,-9.5367431640625E-03
1,3.92,1.23332095798105,-8.34465026855469E-03
1,3.93,1.23665425786749,-1.01327896118164E-02
1,3.94,1.23998755775392,-0.012516975402832
1,3.95,1.24332085764036,-1.01327896118164E-02
1,3.96,1.24665415752679,-1.19209289550781E-02
1,3.97,1.24998745741323,-0.012516975402832
1,3.98,1.25332075729966,-1.19209289550781E-02
1,3.99,1.2566540571861,-1.19209289550781E-02
1,4,1.25998735707253,-1.07288360595703E-02
1,4.01,1.26332065695897,-1.07288360595703E-02
1,4.02,1.2666539568454,-1.49011611938477E-02
1,4.03,1.26998725673184,-1.43051147460938E-02
1,4.04,1.27332055661827,-1.37090682983398E-02
1,4.05,1.27665385650471,-1.54972076416016E-02
1,4.06,1.27998715639114,-1.66893005371094E-02
1,4.07,1.28332045627758,-0.019073486328125
1,4.08,1.28665375616401,-1.78813934326172E-02
1,4.09,1.28998705605045,-1.96695327758789E-02
1,4.1,1.29332035593688,-0.019073486328125
1,4.11,1.29665365582332,-2.26497650146484E-02
1,4.12,1.29998695570976,-2.26497650146484E-02
1,4.13,1.30332025559619,-2.44379043579102E-02
1,4.14,1.30665355548263,-2.44379043579102E-02
1,4.15,1.30998685536906,-2.50339508056641E-02
1,4.16,1.3133201552555,-2.50339508056641E-02
1,4.17,1.31665345514193,-2.26497650146484E-02
1,4.18,1.31998675502837,-2.32458114624023E-02
1,4.19,1.3233200549148,-2.20537185668945E-02
1,4.2,1.32665335480124,-1.84774398803711E-02
1,4.21,1.32998665468767,-1.54972076416016E-02
1,4.22,1.33331995457411,-1.60932540893555E-02
1,4.23,1.33665325446054,-1.37090682983398E-02
1,4.24,1.33998655434698,-1.66893005371094E-02
1,4.25,1.34331985423341,-1.49011611938477E-02
1,4.26,1.34665315411985,-1.60932540893555E-02
1,4.27,1.34998645400628,-1.49011611938477E-02
1,4.28,1.35331975389272,-1.43051147460938E-02
1,4.29,1.35665305377916,-1.78813934326172E-02
1,4.3,1.35998635366559,-1.84774398803711E-02
1,4.31,1.36331965355203,-2.14576721191406E-02
1,4.32,1.36665295343846,-2.26497650146484E-02
1,4.33,1.3699862533249,-1.84774398803711E-02
1,4.34,1.37331955321133,-2.20537185668945E-02
1,4.35,1.37665285309777,-2.08616256713867E-02
1,4.36,1.3799861529842,-2.44379043579102E-02
1,4.37,1.38331945287064,-2.74181365966797E-02
1,4.38,1.38665275275707,-2.44379043579102E-02
1,4.39,1.38998605264351,-2.62260437011719E-02
1,4.4,1.39331935252994,-2.50339508056641E-02
1,4.41,1.39665265241638,-2.26497650146484E-02
1,4.42,1.39998595230281,-2.14576721191406E-02
1,4.43,1.40331925218925,-2.44379043579102E-02
1,4.44,1.40665255207568,-2.20537185668945E-02
1,4.45,1.40998585196212,-1.84774398803711E-02
1,4.46,1.41331915184855,-1.78813934326172E-02
1,4.47,1.41665245173499,-1.84774398803711E-02
1,4.48,1.41998575162143,-2.08616256713867E-02
1,4.49,1.42331905150786,-2.44379043579102E-02
1,4.5,1.4266523513943,-2.08616256713867E-02
1,4.51,1.42998565128073,-2.38418579101563E-02
1,4.52,1.43331895116717,-2.14576721191406E-02
1,4.53,1.4366522510536,-2.44379043579102E-02
1,4.54,1.43998555094004,-2.14576721191406E-02
1,4.55,1.44331885082647,-2.02655792236328E-02
1,4.56,1.44665215071291,-2.14576721191406E-02
1,4.57,1.44998545059934,-2.02655792236328E-02
1,4.58,1.45331875048578,-1.66893005371094E-02
1,4.59,1.45665205037221,-1.60932540893555E-02
1,4.6,1.45998535025865,-1.43051147460938E-02
1,4.61,1.46331865014508,-1.60932540893555E-02
1,4.62,1.46665195003152,-1.54972076416016E-02
1,4.63,1.46998524991795,-1.60932540893555E-02
1,4.64,1.47331854980439,-1.66893005371094E-02
1,4.65,1.47665184969082,-1.72853469848633E-02
1,4.66,1.47998514957726,-1.66893005371094E-02
1,4.67,1.4833184494637,-1.72853469848633E-02
1,4.68,1.48665174935013,-1.54972076416016E-02
1,4.69,1.48998504923657,-1.37090682983398E-02
1,4.7,1.493318349123,-1.37090682983398E-02
1,4.71,1.49665164900944,-8.34465026855469E-03
1,4.72,1.49998494889587,-1.01327896118164E-02
1,4.73,1.50331824878231,-0.012516975402832
1,4.74,1.50665154866874,-0.012516975402832
1,4.75,1.50998484855518,-1.13248825073242E-02
1,4.76,1.51331814844161,-8.34465026855469E-03
1,4.77,1.51665144832805,-5.96046447753906E-03
1,4.78,1.51998474821448,-7.15255737304688E-03
1,4.79,1.52331804810092,-6.55651092529297E-03
1,4.8,1.52665134798735,-1.01327896118164E-02
1,4.81,1.52998464787379,-1.07288360595703E-02
1,4.82,1.53331794776022,-8.94069671630859E-03
1,4.83,1.53665124764666,-6.55651092529297E-03
1,4.84,1.53998454753309,-7.74860382080078E-03
1,4.85,1.54331784741953,-8.94069671630859E-03
1,4.86,1.54665114730597,-5.36441802978516E-03
1,4.87,1.5499844471924,0
1,4.88,1.55331774707884,-1.19209289550781E-03
1,4.89,1.55665104696527,5.96046447753906E-04
1,4.9,1.55998434685171,0
1,4.91,1.56331764673814,0
1,4.92,1.56665094662458,1.78813934326172E-03
1,4.93,1.56998424651101,0
1,4.94,1.57331754639745,0
1,4.95,1.57665084628388,-2.38418579101563E-03
1,4.96,1.57998414617032,-2.98023223876953E-03
1,4.97,1.58331744605675,-2.38418579101563E-03
1,4.98,1.58665074594319,-5.36441802978516E-03
1,4.99,1.58998404582962,-4.76837158203125E-03
1,5,1.59331734571606,-5.36441802978516E-03
1,5.01,1.59665064560249,-5.96046447753906E-03
1,5.02,1.59998394548893,-1.01327896118164E-02
1,5.03,1.60331724537537,-8.34465026855469E-03
1,5.04,1.6066505452618,-1.07288360595703E-02
1,5.05,1.60998384514824,-7.74860382080078E-03
1,5.06,1.61331714503467,-8.94069671630859E-03
1,5.07,1.61665044492111,-8.34465026855469E-03
1,5.08,1.61998374480754,-1.13248825073242E-02
1,5.09,1.62331704469398,-1.43051147460938E-02
1,5.1,1.62665034458041,-0.012516975402832
1,5.11,1.62998364446685,-1.43051147460938E-02
1,5.12,1.63331694435328,-1.49011611938477E-02
1,5.13,1.63665024423972,-1.49011611938477E-02
1,5.14,1.63998354412615,-1.66893005371094E-02
1,5.15,1.64331684401259,-1.43051147460938E-02
1,5.16,1.64665014389902,-1.84774398803711E-02
1,5.17,1.64998344378546,-1.66893005371094E-02
1,5.18,1.65331674367189,-1.84774398803711E-02
1,5.19,1.65665004355833,-2.08616256713867E-02
1,5.2,1.65998334344476,-2.68220901489258E-02
1,5.21,1.6633166433312,-0.025629997253418
1,5.22,1.66664994321764,-2.86102294921875E-02
1,5.23,1.66998324310407,-2.68220901489258E-02
1,5.24,1.67331654299051,-2.38418579101563E-02
1,5.25,1.67664984287694,-2.62260437011719E-02
1,5.26,1.67998314276338,-2.44379043579102E-02
1,5.27,1.68331644264981,-0.025629997253418
1,5.28,1.68664974253625,-2.20537185668945E-02
1,5.29,1.68998304242268,-2.26497650146484E-02
1,5.3,1.69331634230912,-1.84774398803711E-02
1,5.31,1.69664964219555,-0.019073486328125
1,5.32,1.69998294208199,-2.32458114624023E-02
1,5.33,1.70331624196842,-2.14576721191406E-02
1,5.34,1.70664954185486,-0.019073486328125
1,5.35,1.70998284174129,-1.66893005371094E-02
1,5.36,1.71331614162773,-1.13248825073242E-02
1,5.37,1.71664944151416,-1.54972076416016E-02
1,5.38,1.7199827414006,-1.96695327758789E-02
1,5.39,1.72331604128703,-0.019073486328125
1,5.4,1.72664934117347,-1.78813934326172E-02
1,5.41,1.72998264105991,-1.84774398803711E-02
1,5.42,1.73331594094634,-1.72853469848633E-02
1,5.43,1.73664924083278,-1.72853469848633E-02
1,5.44,1.73998254071921,-1.60932540893555E-02
1,5.45,1.74331584060565,-1.43051147460938E-02
1,5.46,1.74664914049208,-1.60932540893555E-02
1,5.47,1.74998244037852,-1.31130218505859E-02
1,5.48,1.75331574026495,-1.49011611938477E-02
1,5.49,1.75664904015139,-1.84774398803711E-02
1,5.5,1.75998234003782,-1.72853469848633E-02
1,5.51,1.76331563992426,-1.96695327758789E-02
1,5.52,1.76664893981069,-1.60932540893555E-02
1,5.53,1.76998223969713,-1.37090682983398E-02
1,5.54,1.77331553958356,-1.43051147460938E-02
1,5.55,1.77664883947,-0.019073486328125
1,5.56,1.77998213935643,-2.02655792236328E-02
1,5.57,1.78331543924287,-2.14576721191406E-02
1,5.58,1.7866487391293,-2.20537185668945E-02
1,5.59,1.78998203901574,-2.20537185668945E-02
1,5.6,1.79331533890218,-2.08616256713867E-02
1,5.61,1.79664863878861,-1.96695327758789E-02
1,5.62,1.79998193867505,-2.26497650146484E-02
1,5.63,1.80331523856148,-2.32458114624023E-02
1,5.64,1.80664853844792,-2.32458114624023E-02
1,5.65,1.80998183833435,-0.019073486328125
1,5.66,1.81331513822079,-0.019073486328125
1,5.67,1.81664843810722,-1.72853469848633E-02
1,5.68,1.81998173799366,-1.54972076416016E-02
1,5.69,1.82331503788009,-1.96695327758789E-02
1,5.7,1.82664833776653,-1.78813934326172E-02
1,5.71,1.82998163765296,-1.49011611938477E-02
1,5.72,1.8333149375394,-0.012516975402832
1,5.73,1.83664823742583,-1.07288360595703E-02
1,5.74,1.83998153731227,-9.5367431640625E-03
1,5.75,1.8433148371987,-8.94069671630859E-03
1,5.76,1.84664813708514,-1.07288360595703E-02
1,5.77,1.84998143697158,-1.31130218505859E-02
1,5.78,1.85331473685801,-8.34465026855469E-03
1,5.79,1.85664803674445,-1.37090682983398E-02
1,5.8,1.85998133663088,-1.43051147460938E-02
1,5.81,1.86331463651732,-1.49011611938477E-02
1,5.82,1.86664793640375,-1.96695327758789E-02
1,5.83,1.86998123629019,-2.14576721191406E-02
1,5.84,1.87331453617662,-2.14576721191406E-02
1,5.85,1.87664783606306,-2.20537185668945E-02
1,5.86,1.87998113594949,-2.14576721191406E-02
1,5.87,1.88331443583593,-2.26497650146484E-02
1,5.88,1.88664773572236,-2.32458114624023E-02
1,5.89,1.8899810356088,-2.50339508056641E-02
1,5.9,1.89331433549523,-2.20537185668945E-02
1,5.91,1.89664763538167,-2.62260437011719E-02
1,5.92,1.8999809352681,-2.74181365966797E-02
1,5.93,1.90331423515454,-2.98023223876953E-02
1,5.94,1.90664753504097,-2.62260437011719E-02
1,5.95,1.90998083492741,-2.50339508056641E-02
1,5.96,1.91331413481385,-2.62260437011719E-02
1,5.97,1.91998073458672,-2.20537185668945E-02
1,5.99,1.92331403447315,-2.32458114624023E-02
1,6,1.92664733435959,-2.26497650146484E-02
1,6.01,1.92998063424602,-1.96695327758789E-02
1,6.02,1.93664723401889,-2.20537185668945E-02
1,6.03,1.93998053390533,-2.02655792236328E-02
1,6.05,1.94331383379176,-2.08616256713867E-02
1,6.06,1.94998043356463,-2.50339508056641E-02
1,6.07,1.95331373345107,-0.019073486328125
1,6.09,1.95998033322394,-1.72853469848633E-02
1,6.11,1.96331363311037,-2.20537185668945E-02
1,6.12,1.96998023288324,-1.84774398803711E-02
1,6.13,1.97331353276968,-0.019073486328125
1,6.15,1.97664683265612,-1.60932540893555E-02
1,6.16,1.98331343242899,-1.54972076416016E-02
1,6.17,1.98664673231542,-2.02655792236328E-02
1,6.18,1.98998003220186,-1.60932540893555E-02
1,6.19,1.99331333208829,-1.19209289550781E-02
1,6.2,1.99664663197473,-1.19209289550781E-02
1,6.21,1.99997993186116,-1.37090682983398E-02
1,6.22,2.0033132317476,-0.019073486328125
1,6.23,2.00664653163403,-1.54972076416016E-02
1,6.25,2.00997983152047,-1.84774398803711E-02
1,6.26,2.01664643129334,-1.49011611938477E-02
1,6.27,2.01997973117977,-1.60932540893555E-02
1,6.28,2.02331303106621,-0.019073486328125
1,6.29,2.02664633095264,-0.019073486328125
1,6.3,2.02997963083908,-2.02655792236328E-02
1,6.31,2.03331293072552,-1.96695327758789E-02
1,6.32,2.03664623061195,-2.08616256713867E-02
1,6.33,2.03997953049839,-2.08616256713867E-02
1,6.34,2.04331283038482,-2.62260437011719E-02
1,6.35,2.04664613027126,-2.38418579101563E-02
1,6.36,2.04997943015769,-2.14576721191406E-02
1,6.37,2.05331273004413,-1.96695327758789E-02
1,6.38,2.05664602993056,-2.20537185668945E-02
1,6.39,2.059979329817,-2.62260437011719E-02
1,6.4,2.06331262970343,-0.025629997253418
1,6.41,2.06664592958987,-2.86102294921875E-02
1,6.42,2.0699792294763,-2.74181365966797E-02
1,6.43,2.07331252936274,-2.68220901489258E-02
1,6.44,2.07664582924917,-2.68220901489258E-02
1,6.45,2.07997912913561,-2.98023223876953E-02
1,6.46,2.08331242902204,-2.68220901489258E-02
1,6.47,2.08664572890848,-2.62260437011719E-02
1,6.48,2.08997902879491,-2.26497650146484E-02
1,6.49,2.09331232868135,-2.14576721191406E-02
1,6.5,2.09664562856779,-2.38418579101563E-02
1,6.51,2.09997892845422,-2.32458114624023E-02
1,6.52,2.10331222834066,-2.32458114624023E-02
1,6.53,2.10664552822709,-2.38418579101563E-02
1,6.54,2.10997882811353,-0.025629997253418
1,6.55,2.11331212799996,-2.50339508056641E-02
1,6.56,2.1166454278864,-0.025629997253418
1,6.57,2.11997872777283,-2.02655792236328E-02
1,6.58,2.12331202765927,-2.50339508056641E-02
1,6.59,2.1266453275457,-2.32458114624023E-02
1,6.6,2.12997862743214,-2.02655792236328E-02
1,6.61,2.13331192731857,-1.84774398803711E-02
1,6.62,2.13664522720501,-2.14576721191406E-02
1,6.63,2.13997852709144,-2.44379043579102E-02
1,6.64,2.14331182697788,-2.44379043579102E-02
1,6.65,2.14664512686431,-0.025629997253418
1,6.66,2.14997842675075,-2.74181365966797E-02
1,6.67,2.15331172663718,-2.32458114624023E-02
1,6.68,2.15664502652362,-2.62260437011719E-02
1,6.69,2.15997832641006,-0.025629997253418
1,6.7,2.16331162629649,-3.03983688354492E-02
1,6.71,2.16664492618293,-2.86102294921875E-02
1,6.72,2.16997822606936,-2.62260437011719E-02
1,6.73,2.1733115259558,-2.62260437011719E-02
1,6.74,2.17664482584223,-2.74181365966797E-02
1,6.75,2.17997812572867,-2.68220901489258E-02
1,6.76,2.1833114256151,-2.62260437011719E-02
1,6.77,2.18664472550154,-2.98023223876953E-02
1,6.78,2.18997802538797,-0.025629997253418
1,6.79,2.19331132527441,-2.26497650146484E-02
1,6.8,2.19664462516084,-1.78813934326172E-02
1,6.81,2.19997792504728,-1.84774398803711E-02
1,6.82,2.20331122493371,-1.60932540893555E-02
1,6.83,2.20664452482015,-1.84774398803711E-02
1,6.84,2.20997782470658,-1.49011611938477E-02
1,6.85,2.21331112459302,-1.37090682983398E-02
1,6.86,2.21664442447945,-1.66893005371094E-02
1,6.87,2.21997772436589,-1.60932540893555E-02
1,6.88,2.22331102425233,-1.54972076416016E-02
1,6.89,2.22664432413876,-1.49011611938477E-02
1,6.9,2.2299776240252,-1.19209289550781E-02
1,6.91,2.23331092391163,-0.012516975402832
1,6.92,2.23664422379807,-9.5367431640625E-03
1,6.93,2.2399775236845,-1.13248825073242E-02
1,6.94,2.24331082357094,-1.19209289550781E-02
1,6.95,2.24664412345737,-1.07288360595703E-02
1,6.96,2.24997742334381,-1.07288360595703E-02
1,6.97,2.25331072323024,-6.55651092529297E-03
1,6.98,2.25664402311668,-8.94069671630859E-03
1,6.99,2.25997732300311,-5.36441802978516E-03
1,7,2.26331062288955,-7.15255737304688E-03
1,7.01,2.26664392277598,-5.96046447753906E-03
1,7.02,2.26997722266242,-2.98023223876953E-03
1,7.03,2.27331052254885,0
1,7.04,2.27664382243529,5.96046447753906E-04
1,7.05,2.27997712232172,4.17232513427734E-03
1,7.06,2.28331042220816,2.98023223876953E-03
1,7.07,2.2866437220946,-1.78813934326172E-03
1,7.08,2.28997702198103,-1.19209289550781E-03
1,7.09,2.29331032186747,-1.78813934326172E-03
1,7.1,2.2966436217539,-1.78813934326172E-03
1,7.11,2.29997692164034,-5.96046447753906E-03
1,7.12,2.30331022152677,-8.94069671630859E-03
1,7.13,2.30664352141321,-5.96046447753906E-03
1,7.14,2.30997682129964,-6.55651092529297E-03
1,7.15,2.31331012118608,-1.78813934326172E-03
1,7.16,2.31664342107251,-1.19209289550781E-03
1,7.17,2.31997672095895,-4.17232513427734E-03
1,7.18,2.32331002084538,-1.19209289550781E-03
1,7.19,2.32664332073182,0
1,7.2,2.32997662061825,-1.78813934326172E-03
1,7.21,2.33330992050469,-1.78813934326172E-03
1,7.22,2.33664322039112,0
1,7.23,2.33997652027756,-1.19209289550781E-03
1,7.24,2.343309820164,-2.38418579101563E-03
1,7.25,2.34664312005043,-4.76837158203125E-03
1,7.26,2.34997641993687,-2.38418579101563E-03
1,7.27,2.3533097198233,-2.38418579101563E-03
1,7.28,2.35664301970974,-7.74860382080078E-03
1,7.29,2.35997631959617,-4.76837158203125E-03
1,7.3,2.36330961948261,-8.94069671630859E-03
1,7.31,2.36664291936904,-6.55651092529297E-03
1,7.32,2.36997621925548,-7.15255737304688E-03
1,7.33,2.37330951914191,-1.78813934326172E-03
1,7.34,2.37664281902835,0
1,7.35,2.37997611891478,1.78813934326172E-03
1,7.36,2.38330941880122,2.38418579101563E-03
1,7.37,2.38664271868765,1.19209289550781E-03
1,7.38,2.38997601857409,4.17232513427734E-03
1,7.39,2.39330931846052,2.98023223876953E-03
1,7.4,2.39664261834696,6.55651092529297E-03
1,7.41,2.39997591823339,7.15255737304688E-03
1,7.42,2.40330921811983,2.38418579101563E-03
1,7.43,2.40664251800627,2.38418579101563E-03
1,7.44,2.4099758178927,5.96046447753906E-04
1,7.45,2.41330911777914,-5.96046447753906E-04
1,7.46,2.41664241766557,-7.15255737304688E-03
1,7.47,2.41997571755201,-7.15255737304688E-03
1,7.48,2.42330901743844,-6.55651092529297E-03
1,7.49,2.42664231732488,-8.34465026855469E-03
1,7.5,2.42997561721131,-8.94069671630859E-03
1,7.51,2.43330891709775,-2.98023223876953E-03
1,7.52,2.43664221698418,-4.17232513427734E-03
1,7.53,2.43997551687062,-5.96046447753906E-03
1,7.54,2.44330881675705,-5.36441802978516E-03
1,7.55,2.44664211664349,-8.34465026855469E-03
1,7.56,2.44997541652992,5.96046447753906E-04
1,7.57,2.45330871641636,5.96046447753906E-04
1,7.58,2.45664201630279,4.17232513427734E-03
1,7.59,2.45997531618923,2.98023223876953E-03
1,7.6,2.46330861607566,6.55651092529297E-03
1,7.61,2.4666419159621,6.55651092529297E-03
1,7.62,2.46997521584854,4.17232513427734E-03
1,7.63,2.47330851573497,1.19209289550781E-03
1,7.64,2.47664181562141,1.19209289550781E-03
1,7.65,2.47997511550784,-5.96046447753906E-04
1,7.66,2.48330841539428,-1.19209289550781E-03
1,7.67,2.48664171528071,-2.38418579101563E-03
1,7.68,2.48997501516715,-3.57627868652344E-03
1,7.69,2.49330831505358,-2.38418579101563E-03
1,7.7,2.49664161494002,-4.17232513427734E-03
1,7.71,2.49997491482645,-5.96046447753906E-03
1,7.72,2.50330821471289,-5.36441802978516E-03
1,7.73,2.50664151459932,-7.15255737304688E-03
1,7.74,2.50997481448576,-2.98023223876953E-03
1,7.75,2.51330811437219,-5.96046447753906E-03
1,7.76,2.51664141425863,-4.76837158203125E-03
1,7.77,2.51997471414506,-7.15255737304688E-03
1,7.78,2.5233080140315,-7.15255737304688E-03
1,7.79,2.52664131391793,-7.74860382080078E-03
1,7.8,2.52997461380437,-4.76837158203125E-03
1,7.81,2.53330791369081,-2.98023223876953E-03
1,7.82,2.53664121357724,-7.15255737304688E-03
1,7.83,2.53997451346368,-9.5367431640625E-03
1,7.84,2.54330781335011,-1.07288360595703E-02
1,7.85,2.54664111323655,-0.012516975402832
1,7.86,2.54997441312298,-1.19209289550781E-02
1,7.87,2.55330771300942,-1.66893005371094E-02
1,7.88,2.55664101289585,-1.66893005371094E-02
1,7.89,2.55997431278229,-1.96695327758789E-02
1,7.9,2.56330761266872,-2.20537185668945E-02
1,7.91,2.56664091255516,-1.72853469848633E-02
1,7.92,2.56997421244159,-1.96695327758789E-02
1,7.93,2.57330751232803,-1.84774398803711E-02
1,7.94,2.57664081221446,-0.019073486328125
1,7.95,2.5799741121009,-1.66893005371094E-02
1,7.96,2.58330741198733,-1.84774398803711E-02
1,7.97,2.58664071187377,-0.019073486328125
1,7.98,2.58997401176021,-1.43051147460938E-02
1,7.99,2.59330731164664,-1.13248825073242E-02
1,8,2.59664061153308,-8.34465026855469E-03
1,8.01,2.59997391141951,-1.07288360595703E-02
1,8.02,2.60330721130595,-1.01327896118164E-02
1,8.03,2.60664051119238,-1.01327896118164E-02
1,8.04,2.60997381107882,-7.15255737304688E-03
1,8.05,2.61330711096525,-8.94069671630859E-03
1,8.06,2.61664041085169,-8.94069671630859E-03
1,8.07,2.61997371073812,-0.012516975402832
1,8.08,2.62330701062456,-1.37090682983398E-02
1,8.09,2.62664031051099,-1.54972076416016E-02
1,8.1,2.62997361039743,-1.96695327758789E-02
1,8.11,2.63330691028386,-2.08616256713867E-02
1,8.12,2.6366402101703,-2.02655792236328E-02
1,8.13,2.63997351005673,-2.26497650146484E-02
1,8.14,2.64330680994317,-2.50339508056641E-02
1,8.15,2.6466401098296,-2.62260437011719E-02
1,8.16,2.64997340971604,-0.025629997253418
1,8.17,2.65330670960248,-2.92062759399414E-02
1,8.18,2.65664000948891,-3.09944152832031E-02
1,8.19,2.65997330937535,-3.03983688354492E-02
1,8.2,2.66330660926178,-2.98023223876953E-02
1,8.21,2.66663990914822,-3.09944152832031E-02
1,8.22,2.66997320903465,-2.98023223876953E-02
1,8.23,2.67330650892109,-2.86102294921875E-02
1,8.24,2.67663980880752,-2.50339508056641E-02
1,8.25,2.67997310869396,-2.86102294921875E-02
1,8.26,2.68330640858039,-2.62260437011719E-02
1,8.27,2.68663970846683,-0.025629997253418
1,8.28,2.68997300835326,-2.38418579101563E-02
1,8.29,2.6933063082397,-2.38418579101563E-02
1,8.3,2.69663960812613,-2.50339508056641E-02
1,8.31,2.69997290801257,-1.96695327758789E-02
1,8.32,2.703306207899,-2.14576721191406E-02
1,8.33,2.70663950778544,-2.14576721191406E-02
1,8.34,2.70997280767187,-2.38418579101563E-02
1,8.35,2.71330610755831,-2.02655792236328E-02
1,8.36,2.71663940744475,-2.44379043579102E-02
1,8.37,2.71997270733118,-1.84774398803711E-02
1,8.38,2.72330600721762,-0.019073486328125
1,8.39,2.72663930710405,-0.019073486328125
1,8.4,2.72997260699049,-2.08616256713867E-02
1,8.41,2.73330590687692,-2.02655792236328E-02
1,8.42,2.73663920676336,-2.02655792236328E-02
1,8.43,2.73997250664979,-2.26497650146484E-02
1,8.44,2.74330580653623,-2.32458114624023E-02
1,8.45,2.74663910642266,-2.20537185668945E-02
1,8.46,2.7499724063091,-2.38418579101563E-02
1,8.47,2.75330570619553,-2.68220901489258E-02
1,8.48,2.75663900608197,-2.62260437011719E-02
1,8.49,2.7599723059684,-2.80141830444336E-02
1,8.5,2.76330560585484,-2.68220901489258E-02
1,8.51,2.76663890574127,-2.68220901489258E-02
1,8.52,2.76997220562771,-2.74181365966797E-02
1,8.53,2.77330550551414,-2.80141830444336E-02
1,8.54,2.77663880540058,-2.68220901489258E-02
1,8.55,2.77997210528702,-2.98023223876953E-02
1,8.56,2.78330540517345,-3.03983688354492E-02
1,8.57,2.78663870505989,-3.09944152832031E-02
1,8.58,2.78997200494632,-2.86102294921875E-02
1,8.59,2.79330530483276,-2.74181365966797E-02
1,8.6,2.79663860471919,-2.38418579101563E-02
1,8.61,2.79997190460563,-2.50339508056641E-02
1,8.62,2.80330520449206,-2.62260437011719E-02
1,8.63,2.8066385043785,-2.44379043579102E-02
1,8.64,2.80997180426493,-2.14576721191406E-02
1,8.65,2.81330510415137,-2.32458114624023E-02
1,8.66,2.8166384040378,-2.62260437011719E-02
1,8.67,2.81997170392424,-2.92062759399414E-02
1,8.68,2.82330500381067,-3.27825546264648E-02
1,8.69,2.82663830369711,-3.21865081787109E-02
1,8.7,2.82997160358354,-3.39746475219727E-02
1,8.71,2.83330490346998,-2.80141830444336E-02
1,8.72,2.83663820335642,-2.98023223876953E-02
1,8.73,2.83997150324285,-2.92062759399414E-02
1,8.74,2.84330480312929,-2.86102294921875E-02
1,8.75,2.84663810301572,-2.80141830444336E-02
1,8.76,2.84997140290216,-2.50339508056641E-02
1,8.77,2.85330470278859,-2.74181365966797E-02
1,8.78,2.85663800267503,-2.86102294921875E-02
1,8.79,2.85997130256146,-2.32458114624023E-02
1,8.8,2.8633046024479,-2.26497650146484E-02
1,8.81,2.86663790233433,-2.08616256713867E-02
1,8.82,2.86997120222077,-1.96695327758789E-02
1,8.83,2.8733045021072,-1.96695327758789E-02
1,8.84,2.87663780199364,-2.32458114624023E-02
1,8.85,2.87997110188007,-2.20537185668945E-02
1,8.86,2.88330440176651,-2.38418579101563E-02
1,8.87,2.88663770165294,-2.26497650146484E-02
1,8.88,2.88997100153938,-1.84774398803711E-02
1,8.89,2.89330430142581,-1.49011611938477E-02
1,8.9,2.89663760131225,-1.43051147460938E-02
1,8.91,2.89997090119869,-1.54972076416016E-02
1,8.92,2.90330420108512,-1.43051147460938E-02
1,8.93,2.90663750097156,-1.49011611938477E-02
1,8.94,2.90997080085799,-1.66893005371094E-02
1,8.95,2.91330410074443,-1.37090682983398E-02
1,8.96,2.91663740063086,-1.78813934326172E-02
1,8.97,2.9199707005173,-2.14576721191406E-02
1,8.98,2.92330400040373,-2.14576721191406E-02
1,8.99,2.92663730029017,-2.26497650146484E-02
1,9,2.9299706001766,-2.20537185668945E-02
1,9.01,2.93330390006304,-2.32458114624023E-02
1,9.02,2.93663719994947,-2.50339508056641E-02
1,9.03,2.93997049983591,-2.44379043579102E-02
1,9.04,2.94330379972234,-2.80141830444336E-02
1,9.05,2.94663709960878,-2.80141830444336E-02
1,9.06,2.94997039949521,-2.68220901489258E-02
1,9.07,2.95330369938165,-2.74181365966797E-02
1,9.08,2.95663699926808,-2.98023223876953E-02
1,9.09,2.95997029915452,-2.86102294921875E-02
1,9.1,2.96330359904096,-2.80141830444336E-02
1,9.11,2.96663689892739,-2.80141830444336E-02
1,9.12,2.96997019881383,-2.38418579101563E-02
1,9.13,2.97330349870026,-2.14576721191406E-02
1,9.14,2.9766367985867,-2.26497650146484E-02
1,9.15,2.97997009847313,-2.14576721191406E-02
1,9.16,2.98330339835957,-0.019073486328125
1,9.17,2.986636698246,-2.02655792236328E-02
1,9.18,2.98996999813244,-1.78813934326172E-02
1,9.19,2.99330329801887,-1.54972076416016E-02
1,9.2,2.99663659790531,-1.66893005371094E-02
1,9.21,2.99996989779174,-2.02655792236328E-02
1,9.22,3.00330319767818,-1.66893005371094E-02
1,9.23,3.00663649756461,-2.02655792236328E-02
1,9.24,3.00996979745105,-2.08616256713867E-02
1,9.25,3.01330309733748,-2.02655792236328E-02
1,9.26,3.01663639722392,-2.32458114624023E-02
1,9.27,3.01996969711035,-2.02655792236328E-02
1,9.28,3.02330299699679,-2.74181365966797E-02
1,9.29,3.02663629688323,-2.86102294921875E-02
1,9.3,3.02996959676966,-0.025629997253418
1,9.31,3.0333028966561,-2.92062759399414E-02
1,9.32,3.03663619654253,-3.03983688354492E-02
1,9.33,3.03996949642897,-0.031590461730957
1,9.34,3.0433027963154,-3.57627868652344E-02
1,9.35,3.04663609620184,-3.51667404174805E-02
1,9.36,3.04996939608827,-0.031590461730957
1,9.37,3.05330269597471,-2.86102294921875E-02
1,9.38,3.05663599586114,-2.80141830444336E-02
1,9.39,3.05996929574758,-2.68220901489258E-02
1,9.4,3.06330259563401,-2.92062759399414E-02
1,9.41,3.06663589552045,-2.62260437011719E-02
1,9.42,3.06996919540688,-2.08616256713867E-02
1,9.43,3.07330249529332,-2.50339508056641E-02
1,9.44,3.07663579517975,-2.38418579101563E-02
1,9.45,3.07996909506619,-0.025629997253418
1,9.46,3.08330239495263,-2.44379043579102E-02
1,9.47,3.08663569483906,-2.08616256713867E-02
1,9.48,3.0899689947255,-2.20537185668945E-02
1,9.49,3.09330229461193,-0.019073486328125
1,9.5,3.09663559449837,-2.02655792236328E-02
1,9.51,3.0999688943848,-2.08616256713867E-02
1,9.52,3.10330219427124,-1.66893005371094E-02
1,9.53,3.10663549415767,-2.26497650146484E-02
1,9.54,3.10996879404411,-2.26497650146484E-02
1,9.55,3.11330209393054,-2.08616256713867E-02
1,9.56,3.11663539381698,-2.02655792236328E-02
1,9.57,3.11996869370341,-2.20537185668945E-02
1,9.58,3.12330199358985,-2.38418579101563E-02
1,9.59,3.12663529347628,-1.96695327758789E-02
1,9.6,3.12996859336272,-1.78813934326172E-02
1,9.61,3.13330189324915,-1.66893005371094E-02
1,9.62,3.13663519313559,-0.019073486328125
1,9.63,3.13996849302202,-1.96695327758789E-02
1,9.64,3.14330179290846,-2.08616256713867E-02
1,9.65,3.1466350927949,-1.78813934326172E-02
1,9.66,3.14996839268133,-1.78813934326172E-02
1,9.67,3.15330169256777,-2.50339508056641E-02
1,9.68,3.1566349924542,-2.44379043579102E-02
1,9.69,3.15996829234064,-2.38418579101563E-02
1,9.7,3.16330159222707,-0.025629997253418
1,9.71,3.16663489211351,-2.92062759399414E-02
1,9.72,3.16996819199994,-2.80141830444336E-02
1,9.73,3.17330149188638,-2.86102294921875E-02
1,9.74,3.17663479177281,-2.80141830444336E-02
1,9.75,3.17996809165925,-3.09944152832031E-02
1,9.76,3.18330139154568,-3.45706939697266E-02
1,9.77,3.18663469143212,-3.27825546264648E-02
1,9.78,3.18996799131855,-3.33786010742188E-02
1,9.79,3.19330129120499,-3.57627868652344E-02
1,9.8,3.19663459109142,-3.75509262084961E-02
1,9.81,3.19996789097786,-3.69548797607422E-02
1,9.82,3.20330119086429,-3.57627868652344E-02
1,9.83,3.20663449075073,-3.21865081787109E-02
1,9.84,3.20996779063717,-2.92062759399414E-02
1,9.85,3.2133010905236,-0.025629997253418
1,9.86,3.21663439041004,-0.025629997253418
1,9.87,3.21996769029647,-2.20537185668945E-02
1,9.88,3.22330099018291,-2.50339508056641E-02
1,9.89,3.22663429006934,-2.26497650146484E-02
1,9.9,3.22996758995578,-2.26497650146484E-02
1,9.91,3.23330088984221,-2.44379043579102E-02
1,9.92,3.23663418972865,-2.20537185668945E-02
1,9.93,3.23996748961508,-0.025629997253418
1,9.94,3.24330078950152,-2.62260437011719E-02
1,9.95,3.24663408938795,-2.50339508056641E-02
1,9.96,3.24996738927439,-2.62260437011719E-02
1,9.97,3.25330068916082,-0.025629997253418
1,9.98,3.25663398904726,-0.025629997253418
1,9.99,3.25996728893369,-2.68220901489258E-02
1,10,3.26330058882013,-3.27825546264648E-02
1,10.01,3.26663388870656,-3.33786010742188E-02
1,10.02,3.269967188593,-3.39746475219727E-02
1,10.03,3.27330048847944,-3.39746475219727E-02
1,10.04,3.27663378836587,-3.33786010742188E-02
1,10.05,3.27996708825231,-3.45706939697266E-02
1,10.06,3.28330038813874,-0.031590461730957
1,10.07,3.28663368802518,-3.45706939697266E-02
1,10.08,3.28996698791161,-3.21865081787109E-02
1,10.09,3.29330028779805,-2.92062759399414E-02
1,10.1,3.29663358768448,-0.031590461730957
1,10.11,3.29996688757092,-3.03983688354492E-02
1,10.12,3.30330018745735,-2.74181365966797E-02
1,10.13,3.30663348734379,-2.80141830444336E-02
1,10.14,3.30996678723022,-2.20537185668945E-02
1,10.15,3.31330008711666,-2.14576721191406E-02
1,10.16,3.31663338700309,-2.80141830444336E-02
1,10.17,3.31996668688953,-2.74181365966797E-02
1,10.18,3.32329998677596,-0.025629997253418
1,10.19,3.3266332866624,-2.92062759399414E-02
1,10.2,3.32996658654884,-2.62260437011719E-02
1,10.21,3.33329988643527,-3.21865081787109E-02
1,10.22,3.33663318632171,-2.92062759399414E-02
1,10.23,3.33996648620814,-3.03983688354492E-02
1,10.24,3.34329978609458,-2.86102294921875E-02
1,10.25,3.34663308598101,-2.38418579101563E-02
1,10.26,3.34996638586745,-2.38418579101563E-02
1,10.27,3.35329968575388,-2.26497650146484E-02
1,10.28,3.35663298564032,-2.02655792236328E-02
1,10.29,3.35996628552675,-2.26497650146484E-02
1,10.3,3.36329958541319,-0.019073486328125
1,10.31,3.36663288529962,-1.66893005371094E-02
1,10.32,3.36996618518606,-0.012516975402832
1,10.33,3.37329948507249,-1.31130218505859E-02
1,10.34,3.37663278495893,-1.49011611938477E-02
1,10.35,3.37996608484536,-1.78813934326172E-02
1,10.36,3.3832993847318,-1.78813934326172E-02
1,10.37,3.38663268461823,-1.66893005371094E-02
1,10.38,3.38996598450467,-1.84774398803711E-02
1,10.39,3.39329928439111,-1.96695327758789E-02
1,10.4,3.39663258427754,-2.20537185668945E-02
1,10.41,3.39996588416398,-2.14576721191406E-02
1,10.42,3.40329918405041,-2.50339508056641E-02
1,10.43,3.40663248393685,-2.50339508056641E-02
1,10.44,3.40996578382328,-2.26497650146484E-02
1,10.45,3.41329908370972,-2.44379043579102E-02
1,10.46,3.41663238359615,-2.44379043579102E-02
1,10.47,3.41996568348259,-2.44379043579102E-02
1,10.48,3.42329898336902,-2.44379043579102E-02
1,10.49,3.42663228325546,-2.32458114624023E-02
1,10.5,3.42996558314189,-2.50339508056641E-02
1,10.51,3.43329888302833,-2.44379043579102E-02
1,10.52,3.43663218291476,-2.80141830444336E-02
1,10.53,3.4399654828012,-2.74181365966797E-02
1,10.54,3.44329878268763,-3.03983688354492E-02
1,10.55,3.44663208257407,-2.86102294921875E-02
1,10.56,3.4499653824605,-2.62260437011719E-02
1,10.57,3.45329868234694,-2.98023223876953E-02
1,10.58,3.45663198223338,-2.74181365966797E-02
1,10.59,3.45996528211981,-2.74181365966797E-02
1,10.6,3.46329858200625,-2.80141830444336E-02
1,10.61,3.46663188189268,-2.80141830444336E-02
1,10.62,3.46996518177912,-2.92062759399414E-02
1,10.63,3.47329848166555,-2.74181365966797E-02
1,10.64,3.47663178155199,-2.74181365966797E-02
1,10.65,3.47996508143842,-2.86102294921875E-02
1,10.66,3.48329838132486,-2.86102294921875E-02
1,10.67,3.48663168121129,-2.62260437011719E-02
1,10.68,3.48996498109773,-2.44379043579102E-02
1,10.69,3.49329828098416,-2.50339508056641E-02
1,10.7,3.4966315808706,-2.44379043579102E-02
1,10.71,3.49996488075703,-2.74181365966797E-02
1,10.72,3.50329818064347,-2.92062759399414E-02
1,10.73,3.5066314805299,-0.031590461730957
1,10.74,3.50996478041634,-3.21865081787109E-02
1,10.75,3.51663138018921,-3.45706939697266E-02
1,10.76,3.51996468007565,-3.45706939697266E-02
1,10.78,3.52329797996208,-4.05311584472656E-02
1,10.79,3.52663127984852,-3.69548797607422E-02
1,10.8,3.52996457973495,-3.75509262084961E-02
1,10.81,3.53663117950782,-3.69548797607422E-02
1,10.82,3.53996447939426,-3.51667404174805E-02
1,10.84,3.54329777928069,-3.27825546264648E-02
1,10.85,3.54996437905356,-0.031590461730957
1,10.86,3.55329767894,-2.80141830444336E-02
1,10.87,3.55663097882643,-2.74181365966797E-02
1,10.88,3.55996427871287,-2.98023223876953E-02
1,10.89,3.5632975785993,-0.031590461730957
1,10.9,3.56663087848574,-2.86102294921875E-02
1,10.91,3.56996417837217,-2.74181365966797E-02
1,10.92,3.57329747825861,-2.50339508056641E-02
1,10.94,3.57996407803148,-2.02655792236328E-02
1,10.95,3.58329737791792,-1.72853469848633E-02
1,10.96,3.58663067780435,-1.66893005371094E-02
1,10.97,3.58996397769079,-1.49011611938477E-02
1,10.98,3.59329727757722,-1.54972076416016E-02
1,10.99,3.59663057746366,-1.49011611938477E-02
1,11,3.59996387735009,-1.37090682983398E-02
1,11.01,3.60329717723653,-1.13248825073242E-02
1,11.02,3.60663047712296,-1.19209289550781E-02
1,11.03,3.6099637770094,-8.94069671630859E-03
1,11.04,3.61329707689583,-1.13248825073242E-02
1,11.05,3.61663037678227,-6.55651092529297E-03
1,11.06,3.6199636766687,-4.17232513427734E-03
1,11.07,3.62329697655514,-7.15255737304688E-03
1,11.08,3.62663027644157,-1.07288360595703E-02
1,11.09,3.62996357632801,-8.34465026855469E-03
1,11.1,3.63329687621445,-7.15255737304688E-03
1,11.11,3.63663017610088,-8.34465026855469E-03
1,11.12,3.63996347598732,-8.34465026855469E-03
1,11.13,3.64329677587375,-1.01327896118164E-02
1,11.14,3.64663007576019,-5.96046447753906E-03
1,11.15,3.64996337564662,-6.55651092529297E-03
1,11.16,3.65329667553306,-8.34465026855469E-03
1,11.17,3.65662997541949,-7.15255737304688E-03
1,11.18,3.65996327530593,-1.07288360595703E-02
1,11.19,3.66329657519236,-0.012516975402832
1,11.2,3.6666298750788,-1.37090682983398E-02
1,11.21,3.66996317496523,-1.49011611938477E-02
1,11.22,3.67329647485167,-1.31130218505859E-02
1,11.23,3.6766297747381,-1.37090682983398E-02
1,11.24,3.67996307462454,-1.49011611938477E-02
1,11.25,3.68329637451097,-1.31130218505859E-02
1,11.26,3.68662967439741,-0.012516975402832
1,11.27,3.68996297428384,-0.012516975402832
1,11.28,3.69329627417028,-1.19209289550781E-02
1,11.29,3.69662957405671,-1.31130218505859E-02
1,11.3,3.69996287394315,-1.60932540893555E-02
1,11.31,3.70329617382959,-1.49011611938477E-02
1,11.32,3.70662947371602,-1.72853469848633E-02
1,11.33,3.70996277360246,-1.72853469848633E-02
1,11.34,3.71329607348889,-0.019073486328125
1,11.35,3.71662937337533,-2.32458114624023E-02
1,11.36,3.71996267326176,-2.38418579101563E-02
1,11.37,3.7232959731482,-2.20537185668945E-02
1,11.38,3.72662927303463,-2.32458114624023E-02
1,11.39,3.72996257292107,-2.32458114624023E-02
1,11.4,3.7332958728075,-2.62260437011719E-02
1,11.41,3.73662917269394,-0.025629997253418
1,11.42,3.73996247258037,-1.96695327758789E-02
1,11.43,3.74329577246681,-2.32458114624023E-02
1,11.44,3.74662907235324,-2.44379043579102E-02
1,11.45,3.74996237223968,-2.68220901489258E-02
1,11.46,3.75329567212611,-2.68220901489258E-02
1,11.47,3.75662897201255,-2.50339508056641E-02
1,11.48,3.75996227189898,-0.025629997253418
1,11.49,3.76329557178542,-0.025629997253418
1,11.5,3.76662887167186,-2.50339508056641E-02
1,11.51,3.76996217155829,-2.32458114624023E-02
1,11.52,3.77329547144473,-2.20537185668945E-02
1,11.53,3.77662877133116,-0.019073486328125
1,11.54,3.7799620712176,-1.60932540893555E-02
1,11.55,3.78329537110403,-0.019073486328125
1,11.56,3.78662867099047,-1.84774398803711E-02
1,11.57,3.7899619708769,-1.60932540893555E-02
1,11.58,3.79329527076334,-1.49011611938477E-02
1,11.59,3.79662857064977,-1.60932540893555E-02
1,11.6,3.79996187053621,-1.43051147460938E-02
1,11.61,3.80329517042264,-1.66893005371094E-02
1,11.62,3.80662847030908,-1.37090682983398E-02
1,11.63,3.80996177019551,-1.54972076416016E-02
1,11.64,3.81329507008195,-9.5367431640625E-03
1,11.65,3.81662836996838,-8.94069671630859E-03
1,11.66,3.81996166985482,-1.54972076416016E-02
1,11.67,3.82329496974126,-1.49011611938477E-02
1,11.68,3.82662826962769,-2.02655792236328E-02
1,11.69,3.82996156951413,-2.08616256713867E-02
1,11.7,3.83329486940056,-2.38418579101563E-02
1,11.71,3.836628169287,-2.68220901489258E-02
1,11.72,3.83996146917343,-2.98023223876953E-02
1,11.73,3.84329476905987,-2.80141830444336E-02
1,11.74,3.8466280689463,-2.86102294921875E-02
1,11.75,3.84996136883274,-2.68220901489258E-02
1,11.76,3.85329466871917,-2.68220901489258E-02
1,11.77,3.85662796860561,-2.38418579101563E-02
1,11.78,3.85996126849204,-2.62260437011719E-02
1,11.79,3.86329456837848,-2.62260437011719E-02
1,11.8,3.86662786826491,-2.86102294921875E-02
1,11.81,3.86996116815135,-2.62260437011719E-02
1,11.82,3.87329446803778,-2.68220901489258E-02
1,11.83,3.87662776792422,-2.68220901489258E-02
1,11.84,3.87996106781066,-0.025629997253418
1,11.85,3.88329436769709,-2.38418579101563E-02
1,11.86,3.88662766758353,-2.02655792236328E-02
1,11.87,3.88996096746996,-2.14576721191406E-02
1,11.88,3.8932942673564,-1.60932540893555E-02
1,11.89,3.89662756724283,-1.54972076416016E-02
1,11.9,3.89996086712927,-1.37090682983398E-02
1,11.91,3.9032941670157,-1.49011611938477E-02
1,11.92,3.90662746690214,-0.012516975402832
1,11.93,3.90996076678857,-1.37090682983398E-02
1,11.94,3.91329406667501,-0.012516975402832
1,11.95,3.91662736656144,-9.5367431640625E-03
1,11.96,3.91996066644788,-1.37090682983398E-02
1,11.97,3.92329396633431,-1.66893005371094E-02
1,11.98,3.92662726622075,-1.31130218505859E-02
1,11.99,3.92996056610718,-1.31130218505859E-02
1,12,3.93329386599362,-9.5367431640625E-03
1,12.01,3.93662716588005,-1.07288360595703E-02
1,12.02,3.93996046576649,-1.07288360595703E-02
1,12.03,3.94329376565293,-1.19209289550781E-02
1,12.04,3.94662706553936,-1.31130218505859E-02
1,12.05,3.9499603654258,-0.012516975402832
1,12.06,3.95329366531223,-0.012516975402832
1,12.07,3.95662696519867,-0.012516975402832
1,12.08,3.9599602650851,-1.49011611938477E-02
1,12.09,3.96329356497154,-1.78813934326172E-02
1,12.1,3.96662686485797,-2.02655792236328E-02
1,12.11,3.96996016474441,-2.02655792236328E-02
1,12.12,3.97329346463084,-0.019073486328125
1,12.13,3.97662676451728,-2.02655792236328E-02
1,12.14,3.97996006440371,-0.019073486328125
1,12.15,3.98329336429015,-2.26497650146484E-02
1,12.16,3.98662666417658,-1.84774398803711E-02
1,12.17,3.98995996406302,-1.60932540893555E-02
1,12.18,3.99329326394945,-1.19209289550781E-02
1,12.19,3.99662656383589,-1.60932540893555E-02
1,12.2,3.99995986372232,-1.49011611938477E-02
1,12.21,4.00329316360876,-0.012516975402832
1,12.22,4.0066264634952,-1.37090682983398E-02
1,12.23,4.00995976338163,-1.01327896118164E-02
1,12.24,4.01329306326807,-8.94069671630859E-03
1,12.25,4.0166263631545,-1.01327896118164E-02
1,12.26,4.01995966304094,-9.5367431640625E-03
1,12.27,4.02329296292737,-8.94069671630859E-03
1,12.28,4.02662626281381,-1.31130218505859E-02
1,12.29,4.02995956270024,-1.07288360595703E-02
1,12.3,4.03329286258668,-1.43051147460938E-02
1,12.31,4.03662616247311,-1.19209289550781E-02
1,12.32,4.03995946235955,-1.66893005371094E-02
1,12.33,4.04329276224598,-1.60932540893555E-02
1,12.34,4.04662606213242,-0.019073486328125
1,12.35,4.04995936201885,-0.019073486328125
1,12.36,4.05329266190529,-2.02655792236328E-02
1,12.37,4.05662596179172,-1.54972076416016E-02
1,12.38,4.05995926167816,-1.19209289550781E-02
1,12.39,4.06329256156459,-1.43051147460938E-02
1,12.4,4.06662586145103,-1.78813934326172E-02
1,12.41,4.06995916133747,-1.31130218505859E-02
1,12.42,4.0732924612239,-0.012516975402832
1,12.43,4.07662576111034,-1.43051147460938E-02
1,12.44,4.07995906099677,-2.02655792236328E-02
1,12.45,4.08329236088321,-1.66893005371094E-02
1,12.46,4.08662566076964,-2.20537185668945E-02
1,12.47,4.08995896065608,-2.14576721191406E-02
1,12.48,4.09329226054251,-2.32458114624023E-02
1,12.49,4.09662556042895,-2.44379043579102E-02
1,12.5,4.09995886031538,-2.32458114624023E-02
1,12.51,4.10329216020182,-2.32458114624023E-02
1,12.52,4.10662546008825,-2.44379043579102E-02
1,12.53,4.10995875997469,-2.20537185668945E-02
1,12.54,4.11329205986112,-2.38418579101563E-02
1,12.55,4.11662535974756,-2.02655792236328E-02
1,12.56,4.11995865963399,-2.02655792236328E-02
1,12.57,4.12329195952043,-1.84774398803711E-02
1,12.58,4.12662525940686,-1.60932540893555E-02
1,12.59,4.1299585592933,-1.07288360595703E-02
1,12.6,4.13329185917974,-1.31130218505859E-02
1,12.61,4.13662515906617,-1.13248825073242E-02
1,12.62,4.13995845895261,-1.07288360595703E-02
1,12.63,4.14329175883904,-1.01327896118164E-02
1,12.64,4.14662505872548,-1.13248825073242E-02
1,12.65,4.14995835861191,-0.012516975402832
1,12.66,4.15329165849835,-1.13248825073242E-02
1,12.67,4.15662495838478,-1.43051147460938E-02
1,12.68,4.15995825827122,-1.60932540893555E-02
1,12.69,4.16329155815765,-1.60932540893555E-02
1,12.7,4.16662485804409,-1.13248825073242E-02
1,12.71,4.16995815793052,-1.13248825073242E-02
1,12.72,4.17329145781696,-9.5367431640625E-03
1,12.73,4.17662475770339,-1.13248825073242E-02
1,12.74,4.17995805758983,-1.19209289550781E-02
1,12.75,4.18329135747626,-1.31130218505859E-02
1,12.76,4.1866246573627,-1.01327896118164E-02
1,12.77,4.18995795724913,-1.07288360595703E-02
1,12.78,4.19329125713557,-9.5367431640625E-03
1,12.79,4.19662455702201,-1.13248825073242E-02
1,12.8,4.19995785690844,-8.34465026855469E-03
1,12.81,4.20329115679488,-1.01327896118164E-02
1,12.82,4.20662445668131,-9.5367431640625E-03
1,12.83,4.20995775656775,-6.55651092529297E-03
1,12.84,4.21329105645418,-7.74860382080078E-03
1,12.85,4.21662435634062,-8.34465026855469E-03
1,12.86,4.21995765622705,-8.34465026855469E-03
1,12.87,4.22329095611349,-1.07288360595703E-02
1,12.88,4.22662425599992,-1.66893005371094E-02
1,12.89,4.22995755588636,-1.49011611938477E-02
1,12.9,4.23329085577279,-0.012516975402832
1,12.91,4.23662415565923,-1.66893005371094E-02
1,12.92,4.23995745554566,-1.78813934326172E-02
1,12.93,4.2432907554321,-1.96695327758789E-02
1,12.94,4.24662405531853,-2.02655792236328E-02
1,12.95,4.24995735520497,-1.78813934326172E-02
1,12.96,4.25329065509141,-2.02655792236328E-02
1,12.97,4.25662395497784,-2.08616256713867E-02
1,12.98,4.25995725486428,-2.38418579101563E-02
1,12.99,4.26329055475071,-2.14576721191406E-02
1,13,4.26662385463715,-0.019073486328125
1,13.01,4.26995715452358,-2.08616256713867E-02
1,13.02,4.27329045441002,-1.96695327758789E-02
1,13.03,4.27662375429645,-1.84774398803711E-02
1,13.04,4.27995705418289,-2.14576721191406E-02
1,13.05,4.28329035406932,-2.50339508056641E-02
1,13.06,4.28662365395576,-2.08616256713867E-02
1,13.07,4.28995695384219,-2.08616256713867E-02
1,13.08,4.29329025372863,-0.019073486328125
1,13.09,4.29662355361506,-1.96695327758789E-02
1,13.1,4.2999568535015,-2.26497650146484E-02
1,13.11,4.30329015338793,-2.02655792236328E-02
1,13.12,4.30662345327437,-1.96695327758789E-02
1,13.13,4.3099567531608,-1.78813934326172E-02
1,13.14,4.31329005304724,-1.84774398803711E-02
1,13.15,4.31662335293368,-2.32458114624023E-02
1,13.16,4.31995665282011,-0.019073486328125
1,13.17,4.32328995270655,-2.26497650146484E-02
1,13.18,4.32662325259298,-2.08616256713867E-02
1,13.19,4.32995655247942,-1.78813934326172E-02
1,13.2,4.33328985236585,-1.49011611938477E-02
1,13.21,4.33662315225229,-1.07288360595703E-02
1,13.22,4.33995645213872,-1.31130218505859E-02
1,13.23,4.34328975202516,-1.49011611938477E-02
1,13.24,4.34662305191159,-1.72853469848633E-02
1,13.25,4.34995635179803,-1.54972076416016E-02
1,13.26,4.35328965168446,-1.43051147460938E-02
1,13.27,4.3566229515709,-1.72853469848633E-02
1,13.28,4.35995625145733,-1.72853469848633E-02
1,13.29,4.36328955134377,-1.37090682983398E-02
1,13.3,4.3666228512302,-1.49011611938477E-02
1,13.31,4.36995615111664,-1.72853469848633E-02
1,13.32,4.37328945100307,-1.78813934326172E-02
1,13.33,4.37662275088951,-1.78813934326172E-02
1,13.34,4.37995605077595,-1.60932540893555E-02
1,13.35,4.38328935066238,-1.66893005371094E-02
1,13.36,4.38662265054882,-1.54972076416016E-02
1,13.37,4.38995595043525,-1.37090682983398E-02
1,13.38,4.39328925032169,-1.01327896118164E-02
1,13.39,4.39662255020812,-5.96046447753906E-03
1,13.4,4.39995585009456,-2.98023223876953E-03
1,13.41,4.40328914998099,1.19209289550781E-03
1,13.42,4.40662244986743,7.15255737304688E-03
1,13.43,4.40995574975386,0.012516975402832
1,13.44,4.4132890496403,1.66893005371094E-02
1,13.45,4.41662234952673,2.38418579101563E-02
1,13.46,4.41995564941317,3.03983688354492E-02
1,13.47,4.4232889492996,4.05311584472656E-02
1,13.48,4.42662224918604,4.94718551635742E-02
1,13.49,4.42995554907247,6.02006912231445E-02
1,13.5,4.43328884895891,7.03334808349609E-02
1,13.51,4.43662214884534,0.082850456237793
1,13.52,4.43995544873178,9.59634780883789E-02
1,13.53,4.44328874861822,0.110268592834473
1,13.54,4.44662204850465,0.123977661132813
1,13.55,4.44995534839109,0.136494636535645
1,13.56,4.45328864827752,0.14960765838623
1,13.57,4.45662194816396,0.163912773132324
1,13.58,4.45995524805039,0.17702579498291
1,13.59,4.46328854793683,0.193119049072266
1,13.6,4.46662184782326,0.208020210266113
1,13.61,4.4699551477097,0.225305557250977
1,13.62,4.47328844759613,0.241994857788086
1,13.63,4.47662174748257,0.258684158325195
1,13.64,4.479955047369,0.271797180175781
1,13.65,4.48328834725544,0.292062759399414
1,13.66,4.48662164714187,0.311732292175293
1,13.67,4.48995494702831,0.329017639160156
1,13.68,4.49328824691474,0.345110893249512
1,13.69,4.49662154680118,0.364184379577637
1,13.7,4.49995484668762,0.382661819458008
1,13.71,4.50328814657405,0.396370887756348
1,13.72,4.50662144646049,0.41663646697998
1,13.73,4.50995474634692,0.433921813964844
1,13.74,4.51328804623336,0.455379486083984
1,13.75,4.51662134611979,0.470280647277832
1,13.76,4.51995464600623,0.490546226501465
1,13.77,4.52328794589266,0.50663948059082
1,13.78,4.5266212457791,0.526905059814453
1,13.79,4.52995454566553,0.548958778381348
1,13.8,4.53328784555197,0.565648078918457
1,13.81,4.5366211454384,0.58591365814209
1,13.82,4.53995444532484,0.604987144470215
1,13.83,4.54328774521127,0.623464584350586
1,13.84,4.54662104509771,0.644326210021973
1,13.85,4.54995434498414,0.668168067932129
1,13.86,4.55328764487058,0.692009925842285
1,13.87,4.55662094475701,0.710487365722656
1,13.88,4.55995424464345,0.730156898498535
1,13.89,4.56328754452989,0.74923038482666
1,13.9,4.56662084441632,0.768899917602539
1,13.91,4.56995414430276,0.795125961303711
1,13.92,4.57328744418919,0.817775726318359
1,13.93,4.57662074407563,0.834465026855469
1,13.94,4.57995404396206,0.856518745422363
1,13.95,4.5832873438485,0.872611999511719
1,13.96,4.58662064373493,0.89108943939209
1,13.97,4.58995394362137,0.913143157958984
1,13.98,4.5932872435078,0.933408737182617
1,13.99,4.59662054339424,0.950098037719727
1,14,4.59995384328067,0.964999198913574
1,14.01,4.60328714316711,0.980496406555176
1,14.02,4.60662044305354,1.00553035736084
1,14.03,4.60995374293998,1.0216236114502
1,14.04,4.61328704282641,1.04248523712158
1,14.05,4.61662034271285,1.05798244476318
1,14.06,4.61995364259928,1.08122825622559
1,14.07,4.62328694248572,1.10387802124023
1,14.08,4.62662024237216,1.12295150756836
1,14.09,4.62995354225859,1.14500522613525
1,14.1,4.63328684214503,1.16646289825439
1,14.11,4.63662014203146,1.18494033813477
1,14.12,4.6399534419179,1.20460987091064
1,14.13,4.64328674180433,1.22368335723877
1,14.14,4.64662004169077,1.24275684356689
1,14.15,4.6499533415772,1.26302242279053
1,14.16,4.65328664146364,1.28388404846191
1,14.17,4.65661994135007,1.30414962768555
1,14.18,4.65995324123651,1.31666660308838
1,14.19,4.66328654112294,1.334547996521
1,14.2,4.66661984100938,1.35183334350586
1,14.21,4.66995314089581,1.3655424118042
1,14.22,4.67328644078225,1.38461589813232
1,14.23,4.67661974066868,1.40368938446045
1,14.24,4.67995304055512,1.42097473144531
1,14.25,4.68328634044155,1.43527984619141
1,14.26,4.68661964032799,1.45077705383301
1,14.27,4.68995294021443,1.46746635437012
1,14.28,4.69328624010086,1.48773193359375
1,14.29,4.6966195399873,1.50501728057861
1,14.3,4.69995283987373,1.52051448822021
1,14.31,4.70328613976017,1.53779983520508
1,14.32,4.7066194396466,1.55508518218994
1,14.33,4.70995273953304,1.57594680786133
1,14.34,4.71328603941947,1.59502029418945
1,14.35,4.71661933930591,1.60753726959229
1,14.36,4.71995263919234,1.62661075592041
1,14.37,4.72328593907878,1.64270401000977
1,14.38,4.72661923896521,1.65998935699463
1,14.39,4.72995253885165,1.67608261108398
1,14.4,4.73328583873808,1.69634819030762
1,14.41,4.73661913862452,1.71422958374023
1,14.42,4.73995243851095,1.73628330230713
1,14.43,4.74328573839739,1.75595283508301
1,14.44,4.74661903828383,1.77741050720215
1,14.45,4.74995233817026,1.79529190063477
1,14.46,4.7532856380567,1.81674957275391
1,14.47,4.75661893794313,1.83701515197754
1,14.48,4.75995223782957,1.85489654541016
1,14.49,4.763285537716,1.8763542175293
1,14.5,4.76661883760244,1.89721584320068
1,14.51,4.76995213748887,1.91569328308105
1,14.52,4.77328543737531,1.93595886230469
1,14.53,4.77661873726174,1.9526481628418
1,14.54,4.77995203714818,1.97291374206543
1,14.55,4.78328533703461,1.98841094970703
1,14.56,4.78661863692105,2.00867652893066
1,14.57,4.78995193680748,2.02655792236328
1,14.58,4.79328523669392,2.04622745513916
1,14.59,4.79661853658035,2.06112861633301
1,14.6,4.79995183646679,2.08020210266113
1,14.61,4.80328513635322,2.09629535675049
1,14.62,4.80661843623966,2.11358070373535
1,14.63,4.8099517361261,2.13444232940674
1,14.64,4.81328503601253,2.15709209442139
1,14.65,4.81661833589897,2.17854976654053
1,14.66,4.8199516357854,2.19285488128662
1,14.67,4.82328493567184,2.21610069274902
1,14.68,4.82661823555827,2.23338603973389
1,14.69,4.82995153544471,2.25067138671875
1,14.7,4.83328483533114,2.27093696594238
1,14.71,4.83661813521758,2.28762626647949
1,14.72,4.83995143510401,2.29954719543457
1,14.73,4.84328473499045,2.31504440307617
1,14.74,4.84661803487688,2.33173370361328
1,14.75,4.84995133476332,2.34842300415039
1,14.76,4.85328463464975,2.36093997955322
1,14.77,4.85661793453619,2.37405300140381
1,14.78,4.85995123442262,2.39312648773193
1,14.79,4.86328453430906,2.40802764892578
1,14.8,4.86661783419549,2.42471694946289
1,14.81,4.86995113408193,2.44319438934326
1,14.82,4.87328443396837,2.4646520614624
1,14.83,4.8766177338548,2.48253345489502
1,14.84,4.87995103374124,2.50518321990967
1,14.85,4.88328433362767,2.52485275268555
1,14.86,4.88661763351411,2.54452228546143
1,14.87,4.88995093340054,2.57015228271484
1,14.88,4.89328423328698,2.59220600128174
1,14.89,4.89661753317341,2.61008739471436
1,14.9,4.89995083305985,2.62856483459473
1,14.91,4.90328413294628,2.65181064605713
1,14.92,4.90661743283272,2.67267227172852
1,14.93,4.90995073271915,2.6935338973999
1,14.94,4.91328403260559,2.71379947662354
1,14.95,4.91661733249202,2.73227691650391
1,14.96,4.91995063237846,2.75373458862305
1,14.97,4.92328393226489,2.77519226074219
1,14.98,4.92661723215133,2.79605388641357
1,14.99,4.92995053203776,2.81572341918945
1,15,4.9332838319242,2.83122062683105
1,15.01,4.93661713181064,2.85148620605469
1,15.02,4.93995043169707,2.87055969238281
1,15.03,4.94328373158351,2.89022922515869
1,15.04,4.94661703146994,2.91407108306885
1,15.05,4.94995033135638,2.9301643371582
1,15.06,4.95328363124281,2.94923782348633
1,15.07,4.95661693112925,2.97129154205322
1,15.08,4.95995023101568,2.98976898193359
1,15.09,4.96328353090212,3.00884246826172
1,15.1,4.96661683078855,3.02612781524658
1,15.11,4.96995013067499,3.04460525512695
1,15.12,4.97328343056142,3.06248664855957
1,15.13,4.97661673044786,3.08036804199219
1,15.14,4.97995003033429,3.09884548187256
1,15.15,4.98328333022073,3.11851501464844
1,15.16,4.98661663010716,3.13401222229004
1,15.17,4.9899499299936,3.15368175506592
1,15.18,4.99328322988004,3.1745433807373
1,15.19,4.99661652976647,3.19302082061768
1,15.2,4.99994982965291,3.21447849273682
1,15.21,5.00328312953934,3.2353401184082
1,15.22,5.00661642942578,3.25441360473633
1,15.23,5.00994972931221,3.27467918395996
1,15.24,5.01328302919865,3.29673290252686
1,15.25,5.01661632908508,3.31461429595947
1,15.26,5.01994962897152,3.33428382873535
1,15.27,5.02328292885795,3.35097312927246
1,15.28,5.02661622874439,3.37660312652588
1,15.29,5.02994952863082,3.395676612854
1,15.3,5.03328282851726,3.41296195983887
1,15.31,5.03661612840369,3.43084335327148
1,15.32,5.03994942829013,3.45051288604736
1,15.33,5.04328272817656,3.47435474395752
1,15.34,5.046616028063,3.49760055541992
1,15.35,5.04994932794943,3.51905822753906
1,15.36,5.05328262783587,3.53872776031494
1,15.37,5.05661592772231,3.56197357177734
1,15.38,5.05994922760874,3.58402729034424
1,15.39,5.06328252749518,3.60310077667236
1,15.4,5.06661582738161,3.62217426300049
1,15.41,5.06994912726805,3.6466121673584
1,15.42,5.07328242715448,3.66806983947754
1,15.43,5.07661572704092,3.68475914001465
1,15.44,5.07994902692735,3.7074089050293
1,15.45,5.08328232681379,3.72171401977539
1,15.46,5.08661562670022,3.74317169189453
1,15.47,5.08994892658666,3.76880168914795
1,15.48,5.09328222647309,3.7848949432373
1,15.49,5.09661552635953,3.80277633666992
1,15.5,5.09994882624596,3.82065773010254
1,15.51,5.1032821261324,3.8444995880127
1,15.52,5.10661542601883,3.86476516723633
1,15.53,5.10994872590527,3.8832426071167
1,15.54,5.1132820257917,3.90708446502686
1,15.55,5.11661532567814,3.92436981201172
1,15.56,5.11994862556458,3.9440393447876
1,15.57,5.12328192545101,3.96311283111572
1,15.58,5.12661522533745,3.97980213165283
1,15.59,5.12994852522388,4.00125980377197
1,15.6,5.13661512499675,4.01616096496582
1,15.61,5.13994842488319,4.03404235839844
1,15.63,5.14328172476962,4.0668249130249
1,15.64,5.14994832454249,4.08709049224854
1,15.66,5.15328162442893,4.119873046875
1,15.67,5.1599482242018,4.13835048675537
1,15.69,5.16328152408823,4.17411327362061
1,15.7,5.1699481238611,4.18961048126221
1,15.72,5.17328142374754,4.22894954681396
1,15.73,5.17661472363397,4.24861907958984
1,15.74,5.17994802352041,4.26352024078369
1,15.75,5.18661462329328,4.28318977355957
1,15.76,5.18994792317972,4.30583953857422
1,15.77,5.19328122306615,4.32670116424561
1,15.78,5.19661452295259,4.34517860412598
1,15.79,5.19994782283902,4.36127185821533
1,15.8,5.20328112272546,4.37796115875244
1,15.81,5.20661442261189,4.39703464508057
1,15.83,5.20994772249833,4.43935394287109
1,15.84,5.2166143222712,4.4548511505127
1,15.85,5.21994762215763,4.47213649749756
1,15.86,5.22328092204407,4.48882579803467
1,15.87,5.2266142219305,4.50253486633301
1,15.88,5.22994752181694,4.52101230621338
1,15.89,5.23328082170337,4.5400857925415
1,15.9,5.23661412158981,4.55558300018311
1,15.91,5.23994742147625,4.5698881149292
1,15.92,5.24328072136268,4.58300113677979
1,15.93,5.24661402124912,4.60267066955566
1,15.94,5.24994732113555,4.616379737854
1,15.95,5.25328062102199,4.63545322418213
1,15.96,5.25661392090842,4.64975833892822
1,15.97,5.25994722079486,4.66346740722656
1,15.98,5.26328052068129,4.67896461486816
1,15.99,5.26661382056773,4.69505786895752
1,16,5.26994712045416,4.71591949462891
1,16.01,5.2732804203406,4.73380088806152
1,16.02,5.27661372022703,4.74870204925537
1,16.03,5.27994702011347,4.76956367492676
1,16.04,5.2832803199999,4.78982925415039
1,16.05,5.28661361988634,4.80532646179199
1,16.06,5.28994691977277,4.8220157623291
1,16.07,5.29328021965921,4.84049320220947
1,16.08,5.29661351954564,4.85837459564209
1,16.09,5.29994681943208,4.87565994262695
1,16.1,5.30328011931852,4.89115715026855
1,16.11,5.30661341920495,4.91023063659668
1,16.12,5.30994671909139,4.92691993713379
1,16.13,5.31328001897782,4.94301319122314
1,16.14,5.31661331886426,4.96208667755127
1,16.15,5.31994661875069,4.98175621032715
1,16.16,5.32327991863713,4.99844551086426
1,16.17,5.32661321852356,5.01632690429688
1,16.18,5.32994651841,5.03838062286377
1,16.19,5.33327981829643,5.05506992340088
1,16.2,5.33661311818287,5.07533550262451
1,16.21,5.3399464180693,5.09321689605713
1,16.22,5.34327971795574,5.10931015014648
1,16.23,5.34661301784217,5.12301921844482
1,16.24,5.34994631772861,5.14030456542969
1,16.25,5.35327961761504,5.15997409820557
1,16.26,5.35661291750148,5.17666339874268
1,16.27,5.35994621738791,5.19275665283203
1,16.28,5.36327951727435,5.20884990692139
1,16.29,5.36661281716079,5.22911548614502
1,16.3,5.36994611704722,5.24222850799561
1,16.31,5.37327941693366,5.25832176208496
1,16.32,5.37661271682009,5.27501106262207
1,16.33,5.37994601670653,5.29170036315918
1,16.34,5.38327931659296,5.30660152435303
1,16.35,5.3866126164794,5.32269477844238
1,16.36,5.38994591636583,5.33998012542725
1,16.37,5.39327921625227,5.3560733795166
1,16.38,5.3966125161387,5.37335872650146
1,16.39,5.39994581602514,5.39124011993408
1,16.4,5.40327911591157,5.40792942047119
1,16.41,5.40661241579801,5.42819499969482
1,16.42,5.40994571568444,5.44309616088867
1,16.43,5.41327901557088,5.46514987945557
1,16.44,5.41661231545731,5.4854154586792
1,16.45,5.41994561534375,5.49912452697754
1,16.46,5.42327891523018,5.51760196685791
1,16.47,5.42661221511662,5.53548336029053
1,16.48,5.42994551500306,5.55098056793213
1,16.49,5.43327881488949,5.56647777557373
1,16.5,5.43661211477593,5.58674335479736
1,16.51,5.43994541466236,5.60343265533447
1,16.52,5.4432787145488,5.61833381652832
1,16.53,5.44661201443523,5.63383102416992
1,16.54,5.44994531432167,5.64873218536377
1,16.55,5.4532786142081,5.66780567169189
1,16.56,5.45661191409454,5.68568706512451
1,16.57,5.45994521398097,5.70416450500488
1,16.58,5.46327851386741,5.71489334106445
1,16.59,5.46661181375384,5.73217868804932
1,16.6,5.46994511364028,5.74409961700439
1,16.61,5.47327841352671,5.76198101043701
1,16.62,5.47661171341315,5.77628612518311
1,16.63,5.47994501329958,5.79237937927246
1,16.64,5.48327831318602,5.80430030822754
1,16.65,5.48661161307246,5.8215856552124
1,16.66,5.48994491295889,5.837082862854
1,16.67,5.49327821284533,5.85436820983887
1,16.68,5.49661151273176,5.86867332458496
1,16.69,5.4999448126182,5.88417053222656
1,16.7,5.50327811250463,5.90026378631592
1,16.71,5.50661141239107,5.91874122619629
1,16.72,5.5099447122775,5.93960285186768
1,16.73,5.51327801216394,5.95390796661377
1,16.74,5.51661131205037,5.9741735458374
1,16.75,5.51994461193681,5.98907470703125
1,16.76,5.52327791182324,6.00814819335938
1,16.77,5.52661121170968,6.02483749389648
1,16.78,5.52994451159611,6.03854656219482
1,16.79,5.53327781148255,6.05404376983643
1,16.8,5.53661111136898,6.07430934906006
1,16.81,5.53994441125542,6.08682632446289
1,16.82,5.54327771114185,6.10053539276123
1,16.83,5.54661101102829,6.11722469329834
1,16.84,5.54994431091473,6.13093376159668
1,16.85,5.55327761080116,6.14523887634277
1,16.86,5.5566109106876,6.15835189819336
1,16.87,5.55994421057403,6.17384910583496
1,16.88,5.56327751046047,6.18696212768555
1,16.89,5.5666108103469,6.19888305664063
1,16.9,5.56994411023334,6.21497631072998
1,16.91,5.57327741011977,6.22928142547607
1,16.92,5.57661071000621,6.24358654022217
1,16.93,5.57994400989264,6.256103515625
1,16.94,5.58327730977908,6.26921653747559
1,16.95,5.58661060966551,6.2859058380127
1,16.96,5.58994390955195,6.30080699920654
1,16.97,5.59327720943838,6.31093978881836
1,16.98,5.59661050932482,6.32524490356445
1,16.99,5.59994380921125,6.34074211120605
1,17,5.60327710909769,6.35266304016113
1,17.01,5.60661040898412,6.3621997833252
1,17.02,5.60994370887056,6.37292861938477
1,17.03,5.613277008757,6.3854455947876
1,17.04,5.61661030864343,6.39796257019043
1,17.05,5.61994360852987,6.41047954559326
1,17.06,5.6232769084163,6.42061233520508
1,17.07,5.62661020830274,6.43253326416016
1,17.08,5.62994350818917,6.44207000732422
1,17.09,5.63327680807561,6.45697116851807
1,17.1,5.63661010796204,6.46770000457764
1,17.11,5.63994340784848,6.4772367477417
1,17.12,5.64327670773491,6.49154186248779
1,17.13,5.64661000762135,6.50644302368164
1,17.14,5.64994330750778,6.51955604553223
1,17.15,5.65327660739422,6.53386116027832
1,17.16,5.65660990728065,6.54995441436768
1,17.17,5.65994320716709,6.56485557556152
1,17.18,5.66327650705352,6.58035278320313
1,17.19,5.66660980693996,6.59525394439697
1,17.2,5.66994310682639,6.61253929138184
1,17.21,5.67327640671283,6.6298246383667
1,17.22,5.67660970659927,6.64591789245605
1,17.23,5.6799430064857,6.66201114654541
1,17.24,5.68327630637214,6.67929649353027
1,17.25,5.68660960625857,6.69658184051514
1,17.26,5.68994290614501,6.71625137329102
1,17.27,5.69327620603144,6.73234462738037
1,17.28,5.69660950591788,6.74962997436523
1,17.29,5.69994280580431,6.76274299621582
1,17.3,5.70327610569075,6.77883625030518
1,17.31,5.70660940557718,6.7901611328125
1,17.32,5.70994270546362,6.80863857269287
1,17.33,5.71327600535005,6.82651996612549
1,17.34,5.71660930523649,6.84559345245361
1,17.35,5.71994260512292,6.85811042785645
1,17.36,5.72327590500936,6.87479972839355
1,17.37,5.72660920489579,6.88493251800537
1,17.38,5.72994250478223,6.90102577209473
1,17.39,5.73327580466867,6.91711902618408
1,17.4,5.7366091045551,6.93321228027344
1,17.41,5.73994240444154,6.94692134857178
1,17.42,5.74327570432797,6.95943832397461
1,17.43,5.74660900421441,6.97314739227295
1,17.44,5.74994230410084,6.98983669281006
1,17.45,5.75327560398728,7.00592994689941
1,17.46,5.75660890387371,7.01844692230225
1,17.47,5.75994220376015,7.0345401763916
1,17.48,5.76327550364658,7.05242156982422
1,17.49,5.76660880353302,7.0643424987793
1,17.5,5.76994210341945,7.08460807800293
1,17.51,5.77327540330589,7.09950923919678
1,17.52,5.77660870319232,7.11560249328613
1,17.53,5.77994200307876,7.12811946868896
1,17.54,5.78327530296519,7.14123249053955
1,17.55,5.78660860285163,7.15017318725586
1,17.56,5.78994190273806,7.16865062713623
1,17.57,5.7932752026245,7.18474388122559
1,17.58,5.79660850251094,7.19904899597168
1,17.59,5.79994180239737,7.21395015716553
1,17.6,5.80327510228381,7.2324275970459
1,17.61,5.80660840217024,7.24852085113525
1,17.62,5.80994170205668,7.26640224456787
1,17.63,5.81327500194311,7.28070735931396
1,17.64,5.81660830182955,7.29799270629883
1,17.65,5.81994160171598,7.31587409973145
1,17.66,5.82327490160242,7.3319673538208
1,17.67,5.82660820148885,7.34865665435791
1,17.68,5.82994150137529,7.36534595489502
1,17.69,5.83327480126172,7.38084316253662
1,17.7,5.83660810114816,7.39336013793945
1,17.71,5.83994140103459,7.40885734558105
1,17.72,5.84327470092103,7.42495059967041
1,17.73,5.84660800080746,7.43865966796875
1,17.74,5.8499413006939,7.45415687561035
1,17.75,5.85327460058033,7.47025012969971
1,17.76,5.85660790046677,7.48753547668457
1,17.77,5.85994120035321,7.5000524520874
1,17.78,5.86327450023964,7.5143575668335
1,17.79,5.86660780012608,7.53104686737061
1,17.8,5.86994110001251,7.54654407501221
1,17.81,5.87327439989895,7.56263732910156
1,17.82,5.87660769978538,7.58230686187744
1,17.83,5.87994099967182,7.59541988372803
1,17.84,5.88327429955825,7.60853290557861
1,17.85,5.88660759944469,7.62462615966797
1,17.86,5.88994089933112,7.63654708862305
1,17.87,5.89327419921756,7.65025615692139
1,17.88,5.89660749910399,7.67171382904053
1,17.89,5.89994079899043,7.68363475799561
1,17.9,5.90327409887686,7.69853591918945
1,17.91,5.9066073987633,7.71164894104004
1,17.92,5.90994069864973,7.7289342880249
1,17.93,5.91327399853617,7.7444314956665
1,17.94,5.9166072984226,7.75992870330811
1,17.95,5.91994059830904,7.77244567871094
1,17.96,5.92327389819548,7.78555870056152
1,17.97,5.92660719808191,7.79986381530762
1,17.98,5.92994049796835,7.81357288360596
1,17.99,5.93327379785478,7.82608985900879
1,18,5.93660709774122,7.83920288085938
1,18.01,5.93994039762765,7.85171985626221
1,18.02,5.94327369751409,7.86006450653076
1,18.03,5.94660699740052,7.87436962127686
1,18.04,5.94994029728696,7.88569450378418
1,18.05,5.95327359717339,7.9035758972168
1,18.06,5.95660689705983,7.91668891906738
1,18.07,5.95994019694626,7.93099403381348
1,18.08,5.9632734968327,7.94768333435059
1,18.09,5.96660679671913,7.96258449554443
1,18.1,5.96994009660557,7.97927379608154
1,18.11,5.973273396492,7.99298286437988
1,18.12,5.97660669637844,8.01026821136475
1,18.13,5.97993999626487,8.02338123321533
1,18.14,5.98327329615131,8.03709030151367
1,18.15,5.98660659603775,8.04901123046875
1,18.16,5.98993989592418,8.06689262390137
1,18.17,5.99327319581062,8.08179378509521
1,18.18,5.99660649569705,8.09788703918457
1,18.19,5.99993979558349,8.11219215393066
1,18.2,6.00327309546992,8.12530517578125
1,18.21,6.00660639535636,8.13841819763184
1,18.22,6.00993969524279,8.15153121948242
1,18.23,6.01327299512923,8.16702842712402
1,18.24,6.01660629501566,8.18133354187012
1,18.25,6.0199395949021,8.19981098175049
1,18.26,6.02327289478853,8.21292400360107
1,18.27,6.02660619467497,8.23020935058594
1,18.28,6.0299394945614,8.2474946975708
1,18.29,6.03327279444784,8.2629919052124
1,18.3,6.03660609433427,8.27491283416748
1,18.31,6.03993939422071,8.29100608825684
1,18.32,6.04327269410715,8.30531120300293
1,18.33,6.04660599399358,8.31842422485352
1,18.34,6.04993929388002,8.33094120025635
1,18.35,6.05327259376645,8.34465026855469
1,18.36,6.05660589365289,8.36014747619629
1,18.37,6.05993919353932,8.37385654449463
1,18.38,6.06327249342576,8.38637351989746
1,18.39,6.06660579331219,8.40127468109131
1,18.4,6.06993909319863,8.41379165649414
1,18.41,6.07327239308506,8.43226909637451
1,18.42,6.0766056929715,8.44299793243408
1,18.43,6.07993899285793,8.45968723297119
1,18.44,6.08327229274437,8.46803188323975
1,18.45,6.0866055926308,8.48174095153809
1,18.46,6.08993889251724,8.49545001983643
1,18.47,6.09327219240367,8.51035118103027
1,18.48,6.09660549229011,8.52465629577637
1,18.49,6.09993879217654,8.53598117828369
1,18.5,6.10327209206298,8.54611396789551
1,18.51,6.10660539194942,8.5604190826416
1,18.52,6.10993869183585,8.5759162902832
1,18.53,6.11327199172229,8.58962535858154
1,18.54,6.11660529160872,8.60393047332764
1,18.55,6.11993859149516,8.6212158203125
1,18.56,6.12327189138159,8.63850116729736
1,18.57,6.12660519126803,8.65399837493896
1,18.58,6.12993849115446,8.67068767547607
1,18.59,6.1332717910409,8.68737697601318
1,18.6,6.13660509092733,8.7052583694458
1,18.61,6.13993839081377,8.72135162353516
1,18.62,6.1432716907002,8.736252784729
1,18.63,6.14660499058664,8.74757766723633
1,18.64,6.14993829047307,8.76188278198242
1,18.65,6.15327159035951,8.77678394317627
1,18.66,6.15660489024594,8.78632068634033
1,18.67,6.15993819013238,8.79764556884766
1,18.68,6.16327149001881,8.80599021911621
1,18.69,6.16660478990525,8.8202953338623
1,18.7,6.16993808979169,8.83519649505615
1,18.71,6.17327138967812,8.84771347045898
1,18.72,6.17660468956456,8.86082649230957
1,18.73,6.17993798945099,8.87274742126465
1,18.74,6.18327128933743,8.88288021087646
1,18.75,6.18660458922386,8.90374183654785
1,18.76,6.1899378891103,8.9186429977417
1,18.77,6.19327118899673,8.93533229827881
1,18.78,6.19660448888317,8.95082950592041
1,18.79,6.1999377887696,8.9651346206665
1,18.8,6.20327108865604,8.98301601409912
1,18.81,6.20660438854247,8.99553298950195
1,18.82,6.20993768842891,9.0104341506958
1,18.83,6.21327098831534,9.02354717254639
1,18.84,6.21660428820178,9.03964042663574
1,18.85,6.21993758808821,9.0557336807251
1,18.86,6.22327088797465,9.07063484191895
1,18.87,6.22660418786108,9.08374786376953
1,18.88,6.22993748774752,9.09686088562012
1,18.89,6.23327078763396,9.11355018615723
1,18.9,6.23660408752039,9.13083553314209
1,18.91,6.23993738740683,9.14335250854492
1,18.92,6.24327068729326,9.15765762329102
1,18.93,6.2466039871797,9.17732715606689
1,18.94,6.24993728706613,9.19044017791748
1,18.95,6.25327058695257,9.20891761779785
1,18.96,6.256603886839,9.22560691833496
1,18.97,6.25993718672544,9.24348831176758
1,18.98,6.26327048661187,9.26017761230469
1,18.99,6.26660378649831,9.28163528442383
1,19,6.26993708638474,9.30309295654297
1,19.01,6.27327038627118,9.32216644287109
1,19.02,6.27660368615761,9.34004783630371
1,19.03,6.27993698604405,9.35912132263184
1,19.04,6.28327028593048,9.37581062316895
1,19.05,6.28660358581692,9.39309597015381
1,19.06,6.28993688570336,9.41276550292969
1,19.07,6.29327018558979,9.43303108215332
1,19.08,6.29660348547623,9.44912433624268
1,19.09,6.29993678536266,9.46700572967529
1,19.1,6.3032700852491,9.48667526245117
1,19.11,6.30660338513553,9.50515270233154
1,19.12,6.30993668502197,9.52303409576416
1,19.13,6.3132699849084,9.53257083892822
1,19.14,6.31660328479484,9.5522403717041
1,19.15,6.31993658468127,9.56892967224121
1,19.16,6.32326988456771,9.58085060119629
1,19.17,6.32660318445414,9.59694385528564
1,19.18,6.32993648434058,9.60767269134521
1,19.19,6.33326978422701,9.62257385253906
1,19.2,6.33660308411345,9.63807106018066
1,19.21,6.33993638399989,9.65237617492676
1,19.22,6.34326968388632,9.66846942901611
1,19.23,6.34660298377275,9.68337059020996
1,19.24,6.34993628365919,9.70065593719482
1,19.25,6.35326958354563,9.71674919128418
1,19.26,6.35660288343206,9.73224639892578
1,19.27,6.3599361833185,9.75072383880615
1,19.28,6.36326948320493,9.76383686065674
1,19.29,6.36660278309137,9.78350639343262
1,19.3,6.3699360829778,9.79900360107422
1,19.31,6.37326938286424,9.81926918029785
1,19.32,6.37660268275067,9.83178615570068
1,19.33,6.37993598263711,9.8496675491333
1,19.34,6.38326928252354,9.86337661743164
1,19.35,6.38660258240998,9.88006591796875
1,19.36,6.38993588229641,9.8949670791626
1,19.37,6.39326918218285,9.90808010101318
1,19.38,6.39660248206928,9.92059707641602
1,19.39,6.39993578195572,9.93013381958008
1,19.4,6.40326908184215,9.9414587020874
1,19.41,6.40660238172859,9.95337963104248
1,19.42,6.40993568161502,9.96172428131104
1,19.43,6.41326898150146,9.97662544250488
1,19.44,6.4166022813879,9.98795032501221
1,19.45,6.41993558127433,9.99867916107178
1,19.46,6.42326888116077,10.0123882293701
1,19.47,6.4266021810472,10.0278854370117
1,19.48,6.42993548093364,10.0421905517578
1,19.49,6.43326878082007,10.0564956665039
1,19.5,6.43660208070651,10.0690126419067
1,19.51,6.43993538059294,10.0868940353394
1,19.52,6.44326868047938,10.1006031036377
1,19.53,6.44660198036581,10.1166963577271
1,19.54,6.44993528025225,10.1357698440552
1,19.55,6.45326858013868,10.1476907730103
1,19.56,6.45660188002512,10.1631879806519
1,19.57,6.45993517991155,10.1768970489502
1,19.58,6.46326847979799,10.1923942565918
1,19.59,6.46660177968442,10.2055072784424
1,19.6,6.46993507957086,10.2192163467407
1,19.61,6.47326837945729,10.2347135543823
1,19.62,6.47660167934373,10.2472305297852
1,19.63,6.47993497923017,10.2615356445313
1,19.64,6.4832682791166,10.2758407592773
1,19.65,6.48660157900304,10.2871656417847
1,19.66,6.48993487888947,10.3050470352173
1,19.67,6.49326817877591,10.3163719177246
1,19.68,6.49660147866234,10.3312730789185
1,19.69,6.49993477854878,10.342001914978
1,19.7,6.50326807843521,10.3569030761719
1,19.71,6.50660137832165,10.368824005127
1,19.72,6.50993467820808,10.3819370269775
1,19.73,6.51326797809452,10.3932619094849
1,19.74,6.51660127798095,10.4039907455444
1,19.75,6.51993457786739,10.4135274887085
1,19.76,6.52326787775382,10.4260444641113
1,19.77,6.52660117764026,10.4331970214844
1,19.78,6.52993447752669,10.4421377182007
1,19.79,6.53326777741313,10.4528665542603
1,19.8,6.53660107729957,10.4647874832153
1,19.81,6.539934377186,10.4731321334839
1,19.82,6.54326767707244,10.4814767837524
1,19.83,6.54660097695887,10.4904174804688
1,19.84,6.54993427684531,10.5029344558716
1,19.85,6.55326757673174,10.5178356170654
1,19.86,6.55660087661818,10.5279684066772
1,19.87,6.55993417650461,10.5363130569458
1,19.88,6.56326747639105,10.5488300323486
1,19.89,6.56660077627748,10.5583667755127
1,19.9,6.56993407616392,10.5762481689453
1,19.91,6.57326737605035,10.5875730514526
1,19.92,6.57660067593679,10.6018781661987
1,19.93,6.57993397582322,10.6143951416016
1,19.94,6.58326727570966,10.6298923492432
1,19.95,6.5866005755961,10.644793510437
1,19.96,6.58993387548253,10.6579065322876
1,19.97,6.59326717536896,10.6662511825562
1,19.98,6.5966004752554,10.6793642044067
1,19.99,6.59993377514184,10.6924772262573
1,20,6.60326707502827,10.7038021087646
1,20.01,6.60660037491471,10.7192993164063
1,20.02,6.60993367480114,10.7324123382568
1,20.03,6.61326697468758,10.7485055923462
1,20.04,6.61660027457401,10.7663869857788
1,20.05,6.61993357446045,10.7795000076294
1,20.06,6.62326687434688,10.7961893081665
1,20.07,6.62660017423332,10.8122825622559
1,20.08,6.62993347411975,10.826587677002
1,20.09,6.63326677400619,10.8402967453003
1,20.1,6.63660007389262,10.8569860458374
1,20.11,6.63993337377906,10.8730792999268
1,20.12,6.64326667366549,10.8885765075684
1,20.13,6.64659997355193,10.9058618545532
1,20.14,6.64993327343836,10.9207630157471
1,20.15,6.6532665733248,10.9374523162842
1,20.16,6.65659987321123,10.9541416168213
1,20.17,6.65993317309767,10.9702348709106
1,20.18,6.66326647298411,10.9875202178955
1,20.19,6.66659977287054,11.0083818435669
1,20.2,6.66993307275698,11.025071144104
1,20.21,6.67326637264341,11.0429525375366
1,20.22,6.67659967252985,11.061429977417
1,20.23,6.67993297241628,11.0822916030884
1,20.24,6.68326627230272,11.104941368103
1,20.25,6.68659957218915,11.1269950866699
1,20.26,6.68993287207559,11.1472606658936
1,20.27,6.69326617196202,11.1663341522217
1,20.28,6.69659947184846,11.1830234527588
1,20.29,6.69993277173489,11.2020969390869
1,20.3,6.70326607162133,11.2175941467285
1,20.31,6.70659937150776,11.2390518188477
1,20.32,6.7099326713942,11.2569332122803
1,20.33,6.71326597128063,11.2694501876831
1,20.34,6.71659927116707,11.2879276275635
1,20.35,6.7199325710535,11.3034248352051
1,20.36,6.72326587093994,11.3147497177124
1,20.37,6.72659917082638,11.332631111145
1,20.38,6.72993247071281,11.3433599472046
1,20.39,6.73326577059925,11.3630294799805
1,20.4,6.73659907048568,11.37375831604
1,20.41,6.73993237037212,11.3880634307861
1,20.42,6.74326567025855,11.4041566848755
1,20.43,6.74659897014499,11.4190578460693
1,20.44,6.74993227003142,11.4357471466064
1,20.45,6.75326556991786,11.4518404006958
1,20.46,6.75659886980429,11.4649534225464
1,20.47,6.75993216969073,11.4792585372925
1,20.48,6.76326546957716,11.4935636520386
1,20.49,6.7665987694636,11.5078687667847
1,20.5,6.76993206935003,11.526346206665
1,20.51,6.77326536923647,11.5412473678589
1,20.52,6.7765986691229,11.555552482605
1,20.53,6.77993196900934,11.5668773651123
1,20.54,6.78326526889578,11.5841627120972
1,20.55,6.78659856878221,11.5972757339478
1,20.56,6.78993186866865,11.6091966629028
1,20.57,6.79326516855508,11.6217136383057
1,20.58,6.79659846844152,11.6336345672607
1,20.59,6.79993176832795,11.6461515426636
1,20.6,6.80326506821439,11.6604566574097
1,20.61,6.80659836810082,11.6783380508423
1,20.62,6.80993166798726,11.6932392120361
1,20.63,6.81326496787369,11.705756187439
1,20.64,6.81659826776013,11.7194652557373
1,20.65,6.81993156764656,11.7355585098267
1,20.66,6.823264867533,11.751651763916
1,20.67,6.82659816741943,11.7653608322144
1,20.68,6.82993146730587,11.7844343185425
1,20.69,6.83326476719231,11.7993354797363
1,20.7,6.83659806707874,11.8148326873779
1,20.71,6.83993136696517,11.8273496627808
1,20.72,6.84326466685161,11.8380784988403
1,20.73,6.84659796673805,11.8517875671387
1,20.74,6.84993126662448,11.8619203567505
1,20.75,6.85326456651092,11.8756294250488
1,20.76,6.85659786639735,11.8899345397949
1,20.77,6.85993116628379,11.8988752365112
1,20.78,6.86326446617022,11.9102001190186
1,20.79,6.86659776605666,11.9256973266602
1,20.8,6.86993106594309,11.938214302063
1,20.81,6.87326436582953,11.9519233703613
1,20.82,6.87659766571596,11.9632482528687
1,20.83,6.8799309656024,11.974573135376
1,20.84,6.88326426548883,11.9882822036743
1,20.85,6.88659756537527,12.0031833648682
1,20.86,6.8899308652617,12.0198726654053
1,20.87,6.89326416514814,12.0347738265991
1,20.88,6.89659746503457,12.0502710342407
1,20.89,6.89993076492101,12.0657682418823
1,20.9,6.90326406480744,12.0848417282104
1,20.91,6.90659736469388,12.1057033538818
1,20.92,6.90993066458032,12.1217966079712
1,20.93,6.91326396446675,12.1361017227173
1,20.94,6.91659726435319,12.1545791625977
1,20.95,6.91993056423962,12.1712684631348
1,20.96,6.92326386412606,12.1915340423584
1,20.97,6.92659716401249,12.2064352035522
1,20.98,6.92993046389893,12.2237205505371
1,20.99,6.9365970636718,12.243390083313
1,21,6.93993036355823,12.2612714767456
1,21.02,6.94326366344467,12.2946500778198
1,21.03,6.94993026321754,12.3137235641479
1,21.05,6.95326356310397,12.3417377471924
1,21.06,6.95993016287684,12.3530626296997
1,21.08,6.96326346276328,12.3816728591919
1,21.09,6.96993006253615,12.3995542526245
1,21.1,6.97326336242259,12.4132633209229
1,21.12,6.97659666230902,12.439489364624
1,21.13,6.98326326208189,12.4555826187134
1,21.14,6.98659656196833,12.4657154083252
1,21.15,6.98992986185476,12.4794244766235
1,21.16,6.9932631617412,12.4925374984741
1,21.17,6.99659646162763,12.5062465667725
1,21.18,6.99992976151407,12.5181674957275
1,21.19,7.0032630614005,12.5318765640259
1,21.2,7.00659636128694,12.5414133071899
1,21.21,7.00992966117337,12.553334236145
1,21.22,7.01326296105981,12.5628709793091
1,21.23,7.01659626094624,12.5753879547119
1,21.24,7.01992956083268,12.587308883667
1,21.25,7.02326286071911,12.5980377197266
1,21.26,7.02659616060555,12.6129388809204
1,21.27,7.02992946049199,12.6290321350098
1,21.28,7.03326276037842,12.6445293426514
1,21.29,7.03659606026486,12.6564502716064
1,21.3,7.03992936015129,12.6707553863525
1,21.31,7.04326266003773,12.6826763153076
1,21.32,7.04659595992416,12.6928091049194
1,21.33,7.0499292598106,12.70592212677
1,21.34,7.05326255969703,12.7202272415161
1,21.35,7.05659585958347,12.73512840271
1,21.36,7.0599291594699,12.7476453781128
1,21.37,7.06326245935634,12.7583742141724
1,21.38,7.06659575924277,12.7732753753662
1,21.39,7.06992905912921,12.7875804901123
1,21.4,7.07326235901564,12.8006935119629
1,21.41,7.07659565890208,12.814998626709
1,21.42,7.07992895878852,12.8251314163208
1,21.43,7.08326225867495,12.8376483917236
1,21.44,7.08659555856138,12.851357460022
1,21.45,7.08992885844782,12.860894203186
1,21.46,7.09326215833426,12.8746032714844
1,21.47,7.09659545822069,12.8841400146484
1,21.48,7.09992875810713,12.8954648971558
1,21.49,7.10326205799356,12.9139423370361
1,21.5,7.10659535788,12.9246711730957
1,21.51,7.10992865776643,12.9413604736328
1,21.52,7.11326195765287,12.9574537277222
1,21.53,7.1165952575393,12.9765272140503
1,21.54,7.11992855742574,12.9920244216919
1,21.55,7.12326185731217,13.0099058151245
1,21.56,7.12659515719861,13.0265951156616
1,21.57,7.12992845708504,13.0456686019897
1,21.58,7.13326175697148,13.0683183670044
1,21.59,7.13659505685791,13.0867958068848
1,21.6,7.13992835674435,13.1052732467651
1,21.61,7.14326165663078,13.1237506866455
1,21.62,7.14659495651722,13.1410360336304
1,21.63,7.14992825640365,13.1630897521973
1,21.64,7.15326155629009,13.1833553314209
1,21.65,7.15659485617653,13.2018327713013
1,21.66,7.15992815606296,13.2197141647339
1,21.67,7.1632614559494,13.2381916046143
1,21.68,7.16659475583583,13.2584571838379
1,21.69,7.16992805572227,13.2763385772705
1,21.7,7.1732613556087,13.2924318313599
1,21.71,7.17659465549514,13.3079290390015
1,21.72,7.17992795538157,13.3222341537476
1,21.73,7.18326125526801,13.3401155471802
1,21.74,7.18659455515444,13.352632522583
1,21.75,7.18992785504088,13.3675336837769
1,21.76,7.19326115492731,13.3794546127319
1,21.77,7.19659445481375,13.3967399597168
1,21.78,7.19992775470018,13.4128332138062
1,21.79,7.20326105458662,13.4217739105225
1,21.8,7.20659435447305,13.4372711181641
1,21.81,7.20992765435949,13.4533643722534
1,21.82,7.21326095424593,13.4718418121338
1,21.83,7.21659425413236,13.4873390197754
1,21.84,7.2199275540188,13.5046243667603
1,21.85,7.22326085390523,13.5171413421631
1,21.86,7.22659415379167,13.5344266891479
1,21.87,7.2299274536781,13.5493278503418
1,21.88,7.23326075356454,13.5672092437744
1,21.89,7.23659405345097,13.5821104049683
1,21.9,7.23992735333741,13.5982036590576
1,21.91,7.24326065322384,13.6172771453857
1,21.92,7.24659395311028,13.6345624923706
1,21.93,7.24992725299671,13.6482715606689
1,21.94,7.25326055288315,13.6667490005493
1,21.95,7.25659385276958,13.6816501617432
1,21.96,7.25992715265602,13.701319694519
1,21.97,7.26326045254245,13.7150287628174
1,21.98,7.26659375242889,13.7323141098022
1,21.99,7.26992705231532,13.7519836425781
1,22,7.27326035220176,13.7722492218018
1,22.01,7.2765936520882,13.7883424758911
1,22.02,7.27992695197463,13.8062238693237
1,22.03,7.28326025186107,13.8217210769653
1,22.04,7.2865935517475,13.8372182846069
1,22.05,7.28992685163394,13.8545036315918
1,22.06,7.29326015152037,13.8682126998901
1,22.07,7.29659345140681,13.8866901397705
1,22.08,7.29992675129324,13.8998031616211
1,22.09,7.30326005117968,13.9105319976807
1,22.1,7.30659335106611,13.9230489730835
1,22.11,7.30992665095255,13.9355659484863
1,22.12,7.31325995083898,13.9462947845459
1,22.13,7.31659325072542,13.9576196670532
1,22.14,7.31992655061185,13.9689445495605
1,22.15,7.32325985049829,13.9760971069336
1,22.16,7.32659315038473,13.9933824539185
1,22.17,7.32992645027116,14.0053033828735
1,22.18,7.33325975015759,14.0213966369629
1,22.19,7.33659305004403,14.0410661697388
1,22.2,7.33992634993047,14.0535831451416
1,22.21,7.3432596498169,14.0690803527832
1,22.22,7.34659294970334,14.0887498855591
1,22.23,7.34992624958977,14.1042470932007
1,22.24,7.35325954947621,14.1185522079468
1,22.25,7.35659284936264,14.1376256942749
1,22.26,7.35992614924908,14.1531229019165
1,22.27,7.36325944913551,14.1686201095581
1,22.28,7.36659274902195,14.1829252243042
1,22.29,7.36992604890838,14.2019987106323
1,22.3,7.37325934879482,14.2174959182739
1,22.31,7.37659264868125,14.2335891723633
1,22.32,7.37992594856769,14.2478942871094
1,22.33,7.38325924845412,14.2586231231689
1,22.34,7.38659254834056,14.2693519592285
1,22.35,7.389925848227,14.2860412597656
1,22.36,7.39325914811343,14.302134513855
1,22.37,7.39659244799986,14.3158435821533
1,22.38,7.3999257478863,14.3301486968994
1,22.39,7.40325904777274,14.34326171875
1,22.4,7.40659234765917,14.3617391586304
1,22.41,7.40992564754561,14.3778324127197
1,22.42,7.41325894743204,14.3903493881226
1,22.43,7.41659224731848,14.4046545028687
1,22.44,7.41992554720491,14.4201517105103
1,22.45,7.42325884709135,14.4356489181519
1,22.46,7.42659214697778,14.4517421722412
1,22.47,7.42992544686422,14.4726037979126
1,22.48,7.43325874675065,14.4881010055542
1,22.49,7.43659204663709,14.5071744918823
1,22.5,7.43992534652352,14.5214796066284
1,22.51,7.44325864640996,14.5381689071655
1,22.52,7.44659194629639,14.5590305328369
1,22.53,7.44992524618283,14.5763158798218
1,22.54,7.45325854606926,14.5906209945679
1,22.55,7.4565918459557,14.6079063415527
1,22.56,7.45992514584214,14.6234035491943
1,22.57,7.46325844572857,14.6377086639404
1,22.58,7.46659174561501,14.653205871582
1,22.59,7.46992504550144,14.6663188934326
1,22.6,7.47325834538788,14.684796333313
1,22.61,7.47659164527431,14.691948890686
1,22.62,7.47992494516075,14.6996974945068
1,22.63,7.48325824504718,14.7134065628052
1,22.64,7.48659154493362,14.7163867950439
1,22.65,7.48992484482005,14.7277116775513
1,22.66,7.49325814470649,14.7378444671631
1,22.67,7.49659144459292,14.7438049316406
1,22.68,7.49992474447936,14.7557258605957
1,22.69,7.50325804436579,14.7712230682373
1,22.7,7.50659134425223,14.7807598114014
1,22.71,7.50992464413866,14.7891044616699
1,22.72,7.5132579440251,14.8117542266846
1,22.73,7.51659124391153,14.8248672485352
1,22.74,7.51992454379797,14.8355960845947
1,22.75,7.52325784368441,14.8534774780273
1,22.76,7.52659114357084,14.8630142211914
1,22.77,7.52992444345728,14.878511428833
1,22.78,7.53325774334371,14.8904323577881
1,22.79,7.53659104323015,14.9047374725342
1,22.8,7.53992434311658,14.9202346801758
1,22.81,7.54325764300302,14.9393081665039
1,22.82,7.54659094288945,14.948844909668
1,22.83,7.54992424277589,14.958381652832
1,22.84,7.55325754266232,14.9738788604736
1,22.85,7.55659084254876,14.9846076965332
1,22.86,7.55992414243519,14.9917602539063
1,22.87,7.56325744232163,15.0120258331299
1,22.88,7.56659074220806,15.026330947876
1,22.89,7.5699240420945,15.03586769104
1,22.9,7.57325734198094,15.0513648986816
1,22.91,7.57659064186737,15.0644779205322
1,22.92,7.5799239417538,15.0752067565918
1,22.93,7.58325724164024,15.0954723358154
1,22.94,7.58659054152668,15.1097774505615
1,22.95,7.58992384141311,15.1216983795166
1,22.96,7.59325714129955,15.1300430297852
1,22.97,7.59659044118598,15.1407718658447
1,22.98,7.59992374107242,15.1622295379639
1,22.99,7.60325704095885,15.1693820953369
1,23,7.60659034084529,15.183687210083
1,23.01,7.60992364073172,15.1968002319336
1,23.02,7.61325694061816,15.2075290679932
1,23.03,7.61659024050459,15.2254104614258
1,23.04,7.61992354039103,15.2373313903809
1,23.05,7.62325684027746,15.2432918548584
1,23.06,7.6265901401639,15.2599811553955
1,23.07,7.62992344005033,15.2730941772461
1,23.08,7.63325673993677,15.2862071990967
1,23.09,7.63659003982321,15.2969360351563
1,23.1,7.63992333970964,15.3052806854248
1,23.11,7.64325663959607,15.3112411499023
1,23.12,7.64658993948251,15.3279304504395
1,23.13,7.64992323936895,15.3374671936035
1,23.14,7.65325653925538,15.3493881225586
1,23.15,7.65658983914182,15.3553485870361
1,23.16,7.65992313902825,15.3696537017822
1,23.17,7.66325643891469,15.3779983520508
1,23.18,7.66658973880112,15.3863430023193
1,23.19,7.66992303868756,15.3958797454834
1,23.2,7.67325633857399,15.4125690460205
1,23.21,7.67658963846043,15.4232978820801
1,23.22,7.67992293834686,15.4352188110352
1,23.23,7.6832562382333,15.4435634613037
1,23.24,7.68658953811973,15.4590606689453
1,23.25,7.68992283800617,15.4697895050049
1,23.26,7.6932561378926,15.484094619751
1,23.27,7.69658943777904,15.4960155487061
1,23.28,7.69992273766547,15.5150890350342
1,23.29,7.70325603755191,15.5305862426758
1,23.3,7.70658933743835,15.5425071716309
1,23.31,7.70992263732478,15.5651569366455
1,23.32,7.71325593721122,15.5806541442871
1,23.33,7.71658923709765,15.5961513519287
1,23.34,7.71992253698409,15.6211853027344
1,23.35,7.72325583687052,15.6378746032715
1,23.36,7.72658913675696,15.6569480895996
1,23.37,7.72992243664339,15.6748294830322
1,23.38,7.73325573652983,15.7034397125244
1,23.39,7.73658903641626,15.7272815704346
1,23.4,7.7399223363027,15.7427787780762
1,23.41,7.74325563618913,15.7606601715088
1,23.42,7.74658893607557,15.7809257507324
1,23.43,7.749922235962,15.7976150512695
1,23.44,7.75325553584844,15.8202648162842
1,23.45,7.75658883573487,15.8321857452393
1,23.46,7.75992213562131,15.8488750457764
1,23.47,7.76325543550774,15.8631801605225
1,23.48,7.76658873539418,15.8834457397461
1,23.49,7.76992203528062,15.8965587615967
1,23.5,7.77325533516705,15.9096717834473
1,23.51,7.77658863505349,15.9215927124023
1,23.52,7.77992193493992,15.9382820129395
1,23.53,7.78325523482636,15.9561634063721
1,23.54,7.78658853471279,15.9680843353271
1,23.55,7.78992183459923,15.9823894500732
1,23.56,7.79325513448566,15.9931182861328
1,23.57,7.7965884343721,16.014575958252
1,23.58,7.79992173425853,16.0276889801025
1,23.59,7.80325503414497,16.0455703735352
1,23.6,7.8065883340314,16.0586833953857
1,23.61,7.80992163391784,16.0884857177734
1,23.62,7.81325493380427,16.103982925415
1,23.63,7.81658823369071,16.1242485046387
1,23.64,7.81992153357715,16.1492824554443
1,23.65,7.82325483346358,16.169548034668
1,23.66,7.82658813335002,16.1910057067871
1,23.67,7.82992143323645,16.2088871002197
1,23.68,7.83325473312289,16.2351131439209
1,23.69,7.83658803300932,16.2553787231445
1,23.7,7.83992133289576,16.2732601165771
1,23.71,7.84325463278219,16.2971019744873
1,23.72,7.84658793266863,16.3149833679199
1,23.73,7.84992123255506,16.3435935974121
1,23.74,7.8532545324415,16.3614749908447
1,23.75,7.85658783232793,16.3793563842773
1,23.76,7.85992113221437,16.4055824279785
1,23.77,7.8632544321008,16.4258480072021
1,23.78,7.86658773198724,16.4437294006348
1,23.79,7.86992103187367,16.4616107940674
1,23.8,7.87325433176011,16.481876373291
1,23.81,7.87658763164654,16.4926052093506
1,23.82,7.87992093153298,16.5164470672607
1,23.83,7.88325423141941,16.5271759033203
1,23.84,7.88658753130585,16.5355205535889
1,23.85,7.88992083119228,16.5629386901855
1,23.86,7.89325413107872,16.5760517120361
1,23.87,7.89658743096516,16.5891647338867
1,23.88,7.89992073085159,16.6094303131104
1,23.89,7.90325403073803,16.6213512420654
1,23.9,7.90658733062446,16.6332721710205
1,23.91,7.9099206305109,16.6487693786621
1,23.92,7.91325393039733,16.6654586791992
1,23.93,7.91658723028377,16.6797637939453
1,23.94,7.9199205301702,16.6940689086914
1,23.95,7.92325383005664,16.70241355896
1,23.96,7.92658712994307,16.7226791381836
1,23.97,7.92992042982951,16.7346000671387
1,23.98,7.93325372971594,16.7465209960938
1,23.99,7.93658702960238,16.7572498321533
1,24,7.93992032948881,16.7620182037354
1,24.01,7.94325362937525,16.7715549468994
1,24.02,7.94658692926169,16.779899597168
1,24.03,7.94992022914812,16.7965888977051
1,24.04,7.95325352903456,16.8085098266602
1,24.05,7.95658682892099,16.8192386627197
1,24.06,7.95992012880743,16.8240070343018
1,24.07,7.96325342869386,16.8359279632568
1,24.08,7.9665867285803,16.8478488922119
1,24.09,7.96992002846673,16.857385635376
1,24.1,7.97325332835317,16.8716907501221
1,24.11,7.9765866282396,16.8895721435547
1,24.12,7.97991992812604,16.8943405151367
1,24.13,7.98325322801247,16.9050693511963
1,24.14,7.98658652789891,16.9157981872559
1,24.15,7.98991982778534,16.9289112091064
1,24.16,7.99325312767178,16.9360637664795
1,24.17,7.99658642755821,16.9515609741211
1,24.18,7.99991972744465,16.9646739959717
1,24.19,8.00325302733108,16.9789791107178
1,24.2,8.00658632721752,16.9885158538818
1,24.21,8.00991962710395,17.0063972473145
1,24.22,8.01325292699039,17.0207023620605
1,24.23,8.01658622687683,17.0326232910156
1,24.24,8.01991952676326,17.0505046844482
1,24.25,8.0232528266497,17.0588493347168
1,24.26,8.02658612653613,17.0719623565674
1,24.27,8.02991942642257,17.0803070068359
1,24.28,8.033252726309,17.1029567718506
1,24.29,8.03658602619544,17.1113014221191
1,24.3,8.03991932608187,17.1232223510742
1,24.31,8.04325262596831,17.1399116516113
1,24.32,8.04658592585474,17.1506404876709
1,24.33,8.04991922574118,17.1661376953125
1,24.34,8.05325252562761,17.1852111816406
1,24.35,8.05658582551405,17.1995162963867
1,24.36,8.05991912540048,17.2173976898193
1,24.37,8.06325242528692,17.2340869903564
1,24.38,8.06658572517335,17.2555446624756
1,24.39,8.06991902505979,17.2734260559082
1,24.4,8.07325232494623,17.2877311706543
1,24.41,8.07658562483266,17.3044204711914
1,24.42,8.0799189247191,17.3187255859375
1,24.43,8.08325222460553,17.3342227935791
1,24.44,8.08658552449197,17.3532962799072
1,24.45,8.0899188243784,17.3687934875488
1,24.46,8.09325212426484,17.3914432525635
1,24.47,8.09658542415127,17.4045562744141
1,24.48,8.09991872403771,17.4129009246826
1,24.49,8.10325202392414,17.4212455749512
1,24.5,8.10658532381058,17.4391269683838
1,24.51,8.10991862369701,17.4462795257568
1,24.52,8.11325192358345,17.4641609191895
1,24.53,8.11658522346988,17.4713134765625
1,24.54,8.11991852335632,17.4868106842041
1,24.55,8.12325182324276,17.5070762634277
1,24.56,8.12658512312919,17.5261497497559
1,24.57,8.12991842301562,17.542839050293
1,24.58,8.13325172290206,17.5654888153076
1,24.59,8.13658502278849,17.5881385803223
1,24.6,8.13991832267493,17.6107883453369
1,24.61,8.14325162256137,17.629861831665
1,24.62,8.1465849224478,17.6501274108887
1,24.63,8.14991822233424,17.6727771759033
1,24.64,8.15325152222067,17.6990032196045
1,24.65,8.15658482210711,17.7264213562012
1,24.66,8.15991812199354,17.7466869354248
1,24.67,8.16325142187998,17.7681446075439
1,24.68,8.16658472176641,17.7848339080811
1,24.69,8.16991802165285,17.8122520446777
1,24.7,8.17325132153928,17.8349018096924
1,24.71,8.17658462142572,17.852783203125
1,24.72,8.17991792131215,17.8694725036621
1,24.73,8.18325122119859,17.8933143615723
1,24.74,8.18658452108502,17.9195404052734
1,24.75,8.18991782097146,17.9338455200195
1,24.76,8.19325112085789,17.9541110992432
1,24.77,8.19658442074433,17.9672241210938
1,24.78,8.19991772063077,17.9803371429443
1,24.79,8.2032510205172,17.9994106292725
1,24.8,8.20658432040364,18.0113315582275
1,24.81,8.20991762029007,18.0268287658691
1,24.82,8.21325092017651,18.0363655090332
1,24.83,8.21658422006294,18.0554389953613
1,24.84,8.21991751994938,18.0745124816895
1,24.85,8.22325081983581,18.0840492248535
1,24.86,8.22658411972225,18.1019306182861
1,24.87,8.22991741960868,18.1126594543457
1,24.88,8.23325071949512,18.1198120117188
1,24.89,8.23658401938155,18.1281566619873
1,24.9,8.23991731926799,18.1496143341064
1,24.91,8.24325061915443,18.160343170166
1,24.92,8.24658391904086,18.1710720062256
1,24.93,8.24991721892729,18.1806087493896
1,24.94,8.25325051881373,18.1949138641357
1,24.95,8.25658381870016,18.2092189788818
1,24.96,8.2599171185866,18.2211399078369
1,24.97,8.26325041847304,18.237829208374
1,24.98,8.26658371835947,18.2485580444336
1,24.99,8.26991701824591,18.2640552520752
1,25,8.27325031813234,18.2759761810303
1,25.01,8.27658361801878,18.2938575744629
1,25.02,8.27991691790521,18.308162689209
1,25.03,8.28325021779165,18.3308124542236
1,25.04,8.28658351767808,18.3427333831787
1,25.05,8.28991681756452,18.3737277984619
1,25.06,8.29325011745095,18.390417098999
1,25.07,8.29658341733739,18.4106826782227
1,25.08,8.29991671722382,18.4249877929688
1,25.09,8.30325001711026,18.455982208252
1,25.1,8.30658331699669,18.4726715087891
1,25.11,8.30991661688313,18.4905529022217
1,25.12,8.31324991676956,18.5143947601318
1,25.13,8.316583216656,18.5286998748779
1,25.14,8.31991651654244,18.5477733612061
1,25.15,8.32324981642887,18.5644626617432
1,25.16,8.32658311631531,18.5763835906982
1,25.17,8.32991641620174,18.5966491699219
1,25.18,8.33324971608818,18.6073780059814
1,25.19,8.33658301597461,18.6169147491455
1,25.2,8.33991631586105,18.6347961425781
1,25.21,8.34324961574748,18.6479091644287
1,25.22,8.34658291563392,18.6562538146973
1,25.23,8.34991621552035,18.6729431152344
1,25.24,8.35324951540679,18.690824508667
1,25.25,8.35658281529322,18.7003612518311
1,25.26,8.35991611517966,18.7230110168457
1,25.27,8.36324941506609,18.7349319458008
1,25.28,8.36658271495253,18.7528133392334
1,25.29,8.36991601483897,18.770694732666
1,25.3,8.3732493147254,18.7849998474121
1,25.31,8.37658261461183,18.8004970550537
1,25.32,8.37991591449827,18.8279151916504
1,25.33,8.3832492143847,18.8446044921875
1,25.34,8.38658251427114,18.8612937927246
1,25.35,8.38991581415758,18.8767910003662
1,25.36,8.39324911404401,18.8887119293213
1,25.37,8.39658241393045,18.9077854156494
1,25.38,8.39991571381688,18.9244747161865
1,25.39,8.40324901370332,18.9375877380371
1,25.4,8.40658231358975,18.9459323883057
1,25.41,8.40991561347619,18.9626216888428
1,25.42,8.41324891336262,18.9745426177979
1,25.43,8.41658221324906,18.9816951751709
1,25.44,8.41991551313549,18.9888477325439
1,25.45,8.42324881302193,19.000768661499
1,25.46,8.42658211290836,19.0126895904541
1,25.47,8.4299154127948,19.0210342407227
1,25.48,8.43324871268123,19.0269947052002
1,25.49,8.43658201256767,19.0377235412598
1,25.5,8.4399153124541,19.0460681915283
1,25.51,8.44324861234054,19.0567970275879
1,25.52,8.44658191222698,19.0699100494385
1,25.53,8.44991521211341,19.0889835357666
1,25.54,8.45324851199985,19.1032886505127
1,25.55,8.45658181188628,19.1235542297363
1,25.56,8.45991511177272,19.1330909729004
1,25.57,8.46324841165915,19.1593170166016
1,25.58,8.46658171154559,19.1760063171387
1,25.59,8.46991501143202,19.1926956176758
1,25.6,8.47324831131846,19.2093849182129
1,25.61,8.47658161120489,19.2201137542725
1,25.62,8.47991491109133,19.2368030548096
1,25.63,8.48324821097776,19.2523002624512
1,25.64,8.4865815108642,19.2606449127197
1,25.65,8.48991481075064,19.2725658416748
1,25.66,8.49324811063707,19.2856788635254
1,25.67,8.4965814105235,19.298791885376
1,25.68,8.49991471040994,19.3071365356445
1,25.69,8.50324801029637,19.3178653717041
1,25.7,8.50658131018281,19.3297863006592
1,25.71,8.50991461006925,19.3476676940918
1,25.72,8.51324790995568,19.3583965301514
1,25.73,8.51658120984212,19.3703174591064
1,25.74,8.51991450972855,19.3870067596436
1,25.75,8.52324780961499,19.4036960601807
1,25.76,8.52658110950142,19.4203853607178
1,25.77,8.52991440938786,19.4394588470459
1,25.78,8.53324770927429,19.4597244262695
1,25.79,8.53658100916073,19.4776058197021
1,25.8,8.53991430904716,19.5002555847168
1,25.81,8.5432476089336,19.5229053497314
1,25.82,8.54658090882003,19.5479393005371
1,25.83,8.54991420870647,19.5658206939697
1,25.84,8.5532475085929,19.5920467376709
1,25.85,8.55658080847934,19.6146965026855
1,25.86,8.55991410836577,19.6349620819092
1,25.87,8.56324740825221,19.6623802185059
1,25.88,8.56658070813865,19.676685333252
1,25.89,8.56991400802508,19.7005271911621
1,25.9,8.57324730791152,19.7184085845947
1,25.91,8.57658060779795,19.7350978851318
1,25.92,8.57991390768439,19.7494029998779
1,25.93,8.58324720757082,19.7708606719971
1,25.94,8.58658050745726,19.7863578796387
1,25.95,8.58991380734369,19.8018550872803
1,25.96,8.59324710723013,19.8173522949219
1,25.97,8.59658040711656,19.8304653167725
1,25.98,8.599913707003,19.8507308959961
1,25.99,8.60324700688943,19.8674201965332
1,26,8.60658030677587,19.8829174041748
1,26.01,8.6099136066623,19.8960304260254
1,26.02,8.61324690654874,19.911527633667
1,26.03,8.61991350632161,19.9210643768311
1,26.05,8.62324680620804,19.9544429779053
1,26.06,8.62658010609448,19.9723243713379
1,26.07,8.62991340598091,19.9806690216064
1,26.08,8.63658000575379,19.996166229248
1,26.09,8.63991330564022,20.0080871582031
1,26.11,8.64324660552666,20.0438499450684
1,26.12,8.64991320529953,20.05934715271
1,26.13,8.65324650518596,20.0760364532471
1,26.14,8.6565798050724,20.0867652893066
1,26.15,8.65991310495883,20.0998783111572
1,26.16,8.66324640484527,20.1153755187988
1,26.17,8.6665797047317,20.1320648193359
1,26.18,8.66991300461814,20.1404094696045
1,26.19,8.67324630450457,20.1535224914551
1,26.21,8.67991290427744,20.1869010925293
1,26.22,8.68324620416388,20.1988220214844
1,26.23,8.68657950405031,20.211935043335
1,26.24,8.68991280393675,20.2286243438721
1,26.25,8.69324610382319,20.2465057373047
1,26.26,8.69657940370962,20.2667713165283
1,26.27,8.69991270359606,20.2810764312744
1,26.28,8.70324600348249,20.296573638916
1,26.29,8.70657930336893,20.3108787536621
1,26.3,8.70991260325536,20.3251838684082
1,26.31,8.7132459031418,20.3406810760498
1,26.32,8.71657920302823,20.3573703765869
1,26.33,8.71991250291467,20.3704833984375
1,26.34,8.7232458028011,20.3835964202881
1,26.35,8.72657910268754,20.3967094421387
1,26.36,8.72991240257397,20.4133987426758
1,26.37,8.73324570246041,20.4288959503174
1,26.38,8.73657900234685,20.4432010650635
1,26.39,8.73991230223328,20.4551219940186
1,26.4,8.74324560211971,20.4694271087646
1,26.41,8.74657890200615,20.4861164093018
1,26.42,8.74991220189258,20.5051898956299
1,26.43,8.75324550177902,20.521879196167
1,26.44,8.75657880166546,20.5385684967041
1,26.45,8.75991210155189,20.5624103546143
1,26.46,8.76324540143833,20.5779075622559
1,26.47,8.76657870132476,20.5957889556885
1,26.48,8.7699120012112,20.6184387207031
1,26.49,8.77324530109763,20.6315517425537
1,26.5,8.77657860098407,20.6530094146729
1,26.51,8.7799119008705,20.6708908081055
1,26.52,8.78324520075694,20.6911563873291
1,26.53,8.78657850064337,20.7030773162842
1,26.54,8.78991180052981,20.7173824310303
1,26.55,8.79324510041624,20.7388401031494
1,26.56,8.79657840030268,20.7555294036865
1,26.57,8.79991170018911,20.7722187042236
1,26.58,8.80324500007555,20.7912921905518
1,26.59,8.80657829996198,20.8067893981934
1,26.6,8.80991159984842,20.827054977417
1,26.61,8.81324489973486,20.8497047424316
1,26.62,8.81657819962129,20.8616256713867
1,26.63,8.81991149950773,20.8830833435059
1,26.64,8.82324479939416,20.8938121795654
1,26.65,8.8265780992806,20.9105014801025
1,26.66,8.82991139916703,20.9236145019531
1,26.67,8.83324469905347,20.9355354309082
1,26.68,8.8365779989399,20.9438800811768
1,26.69,8.83991129882634,20.9677219390869
1,26.7,8.84324459871277,20.9736824035645
1,26.71,8.84657789859921,20.984411239624
1,26.72,8.84991119848564,20.9975242614746
1,26.73,8.85324449837208,21.0189819335938
1,26.74,8.85657779825851,21.0320949554443
1,26.75,8.85991109814495,21.0511684417725
1,26.76,8.86324439803139,21.0666656494141
1,26.77,8.86657769791782,21.0833549499512
1,26.78,8.86991099780425,21.1024284362793
1,26.79,8.87324429769069,21.1179256439209
1,26.8,8.87657759757712,21.136999130249
1,26.81,8.87991089746356,21.1536884307861
1,26.82,8.88324419735,21.1691856384277
1,26.83,8.88657749723643,21.1822986602783
1,26.84,8.88991079712287,21.202564239502
1,26.85,8.8932440970093,21.2132930755615
1,26.86,8.89657739689574,21.2252140045166
1,26.87,8.89991069678217,21.2430953979492
1,26.88,8.90324399666861,21.2609767913818
1,26.89,8.90657729655504,21.2740898132324
1,26.9,8.90991059644148,21.287202835083
1,26.91,8.91324389632791,21.3038921356201
1,26.92,8.91657719621435,21.3158130645752
1,26.93,8.91991049610078,21.3360786437988
1,26.94,8.92324379598722,21.3491916656494
1,26.95,8.92657709587365,21.3658809661865
1,26.96,8.92991039576009,21.3849544525146
1,26.97,8.93324369564652,21.3980674743652
1,26.98,8.93657699553296,21.4135646820068
1,26.99,8.9399102954194,21.4302539825439
1,27,8.94324359530583,21.4493274688721
1,27.01,8.94657689519227,21.4648246765137
1,27.02,8.9499101950787,21.4815139770508
1,27.03,8.95324349496514,21.5005874633789
1,27.04,8.95657679485157,21.5160846710205
1,27.05,8.95991009473801,21.5280055999756
1,27.06,8.96324339462444,21.5530395507813
1,27.07,8.96657669451088,21.5637683868408
1,27.08,8.96990999439731,21.5828418731689
1,27.09,8.97324329428375,21.5995311737061
1,27.1,8.97657659417018,21.6162204742432
1,27.11,8.97990989405662,21.6341018676758
1,27.12,8.98324319394306,21.6436386108398
1,27.13,8.98657649382949,21.665096282959
1,27.14,8.98990979371592,21.6782093048096
1,27.15,8.99324309360236,21.6948986053467
1,27.16,8.99657639348879,21.7080116271973
1,27.17,8.99990969337523,21.7258930206299
1,27.18,9.00324299326167,21.7354297637939
1,27.19,9.0065762931481,21.74973487854
1,27.2,9.00990959303454,21.7616558074951
1,27.21,9.01324289292097,21.7735767364502
1,27.22,9.01657619280741,21.7843055725098
1,27.23,9.01990949269384,21.7890739440918
1,27.24,9.02324279258028,21.8045711517334
1,27.25,9.02657609246671,21.817684173584
1,27.26,9.02990939235315,21.8307971954346
1,27.27,9.03324269223958,21.8439102172852
1,27.28,9.03657599212602,21.8605995178223
1,27.29,9.03990929201245,21.8784809112549
1,27.3,9.04324259189889,21.892786026001
1,27.31,9.04657589178532,21.9011306762695
1,27.32,9.04990919167176,21.9297409057617
1,27.33,9.05324249155819,21.9476222991943
1,27.34,9.05657579144463,21.9643115997314
1,27.35,9.05990909133107,21.9821929931641
1,27.36,9.0632423912175,21.9988822937012
1,27.37,9.06657569110394,22.0227241516113
1,27.38,9.06990899099037,22.0513343811035
1,27.39,9.07324229087681,22.0751762390137
1,27.4,9.07657559076324,22.0930576324463
1,27.41,9.07990889064968,22.1037864685059
1,27.42,9.08324219053611,22.1288204193115
1,27.43,9.08657549042255,22.1443176269531
1,27.44,9.08990879030898,22.1621990203857
1,27.45,9.09324209019542,22.1753120422363
1,27.46,9.09657539008185,22.1872329711914
1,27.47,9.09990868996829,22.1991539001465
1,27.48,9.10324198985472,22.2146511077881
1,27.49,9.10657528974116,22.2277641296387
1,27.5,9.1099085896276,22.2396850585938
1,27.51,9.11324188951403,22.2563743591309
1,27.52,9.11657518940046,22.2635269165039
1,27.53,9.1199084892869,22.2814083099365
1,27.54,9.12324178917333,22.2980976104736
1,27.55,9.12657508905977,22.3183631896973
1,27.56,9.12990838894621,22.3338603973389
1,27.57,9.13324168883264,22.3517417907715
1,27.58,9.13657498871908,22.3708152770996
1,27.59,9.13990828860551,22.3934650421143
1,27.6,9.14324158849195,22.4065780639648
1,27.61,9.14657488837838,22.4268436431885
1,27.62,9.14990818826482,22.4471092224121
1,27.63,9.15324148815125,22.4637985229492
1,27.64,9.15657478803769,22.4828720092773
1,27.65,9.15990808792412,22.503137588501
1,27.66,9.16324138781056,22.5186347961426
1,27.67,9.16657468769699,22.5377082824707
1,27.68,9.16990798758343,22.5555896759033
1,27.69,9.17324128746986,22.5710868835449
1,27.7,9.1765745873563,22.5794315338135
1,27.71,9.17990788724273,22.5949287414551
1,27.72,9.18324118712917,22.6104259490967
1,27.73,9.18657448701561,22.6187705993652
1,27.74,9.18990778690204,22.6294994354248
1,27.75,9.19324108678848,22.6461887359619
1,27.76,9.19657438667491,22.653341293335
1,27.77,9.19990768656135,22.6700305938721
1,27.78,9.20324098644778,22.6855278015137
1,27.79,9.20657428633422,22.7057933807373
1,27.8,9.20990758622065,22.7212905883789
1,27.81,9.21324088610709,22.737979888916
1,27.82,9.21657418599352,22.7546691894531
1,27.83,9.21990748587996,22.7761268615723
1,27.84,9.22324078576639,22.7856636047363
1,27.85,9.22657408565283,22.80592918396
1,27.86,9.22990738553927,22.8333473205566
1,27.87,9.2332406854257,22.8500366210938
1,27.88,9.23657398531213,22.8762626647949
1,27.89,9.23990728519857,22.8941440582275
1,27.9,9.243240585085,22.9084491729736
1,27.91,9.24657388497144,22.9322910308838
1,27.92,9.24990718485788,22.9549407958984
1,27.93,9.25324048474431,22.9692459106445
1,27.94,9.25657378463075,22.9859352111816
1,27.95,9.25990708451718,22.9978561401367
1,27.96,9.26324038440362,23.0169296264648
1,27.97,9.26657368429005,23.0288505554199
1,27.98,9.26990698417649,23.043155670166
1,27.99,9.27324028406292,23.0598449707031
1,28,9.27657358394936,23.0669975280762
1,28.01,9.27990688383579,23.0777263641357
1,28.02,9.28324018372223,23.0896472930908
1,28.03,9.28657348360866,23.0920314788818
1,28.04,9.2899067834951,23.1075286865234
1,28.05,9.29324008338153,23.11110496521
1,28.06,9.29657338326797,23.123025894165
1,28.07,9.2999066831544,23.1420993804932
1,28.08,9.30323998304084,23.1480598449707
1,28.09,9.30657328292728,23.1707096099854
1,28.1,9.30990658281371,23.1850147247314
1,28.11,9.31323988270015,23.2076644897461
1,28.12,9.31657318258658,23.2279300689697
1,28.13,9.31990648247302,23.2470035552979
1,28.14,9.32323978235945,23.2648849487305
1,28.15,9.32657308224589,23.2899188995361
1,28.16,9.32990638213232,23.3113765716553
1,28.17,9.33323968201876,23.3280658721924
1,28.18,9.33657298190519,23.350715637207
1,28.19,9.33990628179163,23.3602523803711
1,28.2,9.34323958167806,23.3888626098633
1,28.21,9.3465728815645,23.4067440032959
1,28.22,9.34990618145093,23.423433303833
1,28.23,9.35323948133737,23.4401226043701
1,28.24,9.35657278122381,23.4544277191162
1,28.25,9.35990608111024,23.4663486480713
1,28.26,9.36323938099667,23.4842300415039
1,28.27,9.36657268088311,23.4997272491455
1,28.28,9.36990598076954,23.5152244567871
1,28.29,9.37323928065598,23.5342979431152
1,28.3,9.37657258054242,23.5545635223389
1,28.31,9.37990588042885,23.5641002655029
1,28.32,9.38323918031529,23.5915184020996
1,28.33,9.38657248020172,23.6093997955322
1,28.34,9.38990578008816,23.6284732818604
1,28.35,9.39323907997459,23.648738861084
1,28.36,9.39657237986103,23.6642360687256
1,28.37,9.39990567974746,23.6892700195313
1,28.38,9.4032389796339,23.7119197845459
1,28.39,9.40657227952033,23.726224899292
1,28.4,9.40990557940677,23.7536430358887
1,28.41,9.4132388792932,23.7715244293213
1,28.42,9.41657217917964,23.7858295440674
1,28.43,9.41990547906607,23.8072872161865
1,28.44,9.42323877895251,23.8227844238281
1,28.45,9.42657207883894,23.8406658172607
1,28.46,9.42990537872538,23.8585472106934
1,28.47,9.43323867861182,23.8776206970215
1,28.48,9.43657197849825,23.8943099975586
1,28.49,9.43990527838469,23.9086151123047
1,28.5,9.44323857827112,23.9276885986328
1,28.51,9.44657187815756,23.9431858062744
1,28.52,9.44990517804399,23.9598751068115
1,28.53,9.45323847793043,23.9729881286621
1,28.54,9.45657177781686,23.9944458007813
1,28.55,9.4599050777033,24.0087509155273
1,28.56,9.46323837758973,24.0159034729004
1,28.57,9.46657167747617,24.031400680542
1,28.58,9.4699049773626,24.0433216094971
1,28.59,9.47323827724904,24.0540504455566
1,28.6,9.47657157713548,24.0612030029297
1,28.61,9.47990487702191,24.0695476531982
1,28.62,9.48323817690834,24.0731239318848
1,28.63,9.48657147679478,24.0802764892578
1,28.64,9.48990477668121,24.0898132324219
1,28.65,9.49323807656765,24.104118347168
1,28.66,9.49657137645409,24.1196155548096
1,28.67,9.49990467634052,24.1267681121826
1,28.68,9.50323797622696,24.1386890411377
1,28.69,9.50657127611339,24.1529941558838
1,28.7,9.50990457599983,24.1672992706299
1,28.71,9.51323787588626,24.1875648498535
1,28.72,9.5165711757727,24.2066383361816
1,28.73,9.51990447565913,24.2245197296143
1,28.74,9.52323777554557,24.2352485656738
1,28.75,9.526571075432,24.2555141448975
1,28.76,9.52990437531844,24.2674350738525
1,28.77,9.53323767520487,24.2972373962402
1,28.78,9.53657097509131,24.3115425109863
1,28.79,9.53990427497774,24.3330001831055
1,28.8,9.54323757486418,24.343729019165
1,28.81,9.54657087475061,24.3711471557617
1,28.82,9.54990417463705,24.3854522705078
1,28.83,9.55323747452349,24.4104862213135
1,28.84,9.55657077440992,24.4271755218506
1,28.85,9.55990407429636,24.4474411010742
1,28.86,9.56323737418279,24.4629383087158
1,28.87,9.56657067406923,24.486780166626
1,28.88,9.56990397395566,24.5094299316406
1,28.89,9.5732372738421,24.5261192321777
1,28.9,9.57657057372853,24.5428085327148
1,28.91,9.57990387361497,24.569034576416
1,28.92,9.5832371735014,24.5845317840576
1,28.93,9.58657047338784,24.6024131774902
1,28.94,9.58990377327427,24.6238708496094
1,28.95,9.59323707316071,24.6357917785645
1,28.96,9.59657037304714,24.6584415435791
1,28.97,9.59990367293358,24.6798992156982
1,28.98,9.60323697282002,24.6918201446533
1,28.99,9.60657027270645,24.7108936309814
1,29,9.60990357259288,24.7228145599365
1,29.01,9.61323687247932,24.7490406036377
1,29.02,9.61657017236575,24.7657299041748
1,29.03,9.61990347225219,24.7836112976074
1,29.04,9.62323677213863,24.799108505249
1,29.05,9.62657007202506,24.8157978057861
1,29.06,9.6299033719115,24.8312950134277
1,29.07,9.63323667179793,24.8479843139648
1,29.08,9.63656997168437,24.8658657073975
1,29.09,9.6399032715708,24.8885154724121
1,29.1,9.64323657145724,24.9063968658447
1,29.11,9.64656987134367,24.9266624450684
1,29.12,9.64990317123011,24.9457359313965
1,29.13,9.65323647111654,24.9636173248291
1,29.14,9.65656977100298,24.9826908111572
1,29.15,9.65990307088941,25.0005722045898
1,29.16,9.66323637077585,25.0232219696045
1,29.17,9.66656967066228,25.0375270843506
1,29.18,9.66990297054872,25.0601768493652
1,29.19,9.67323627043515,25.0780582427979
1,29.2,9.67656957032159,25.0864028930664
1,29.21,9.67990287020803,25.1054763793945
1,29.22,9.68323617009446,25.1209735870361
1,29.23,9.6865694699809,25.1364707946777
1,29.24,9.68990276986733,25.1638889312744
1,29.25,9.69323606975377,25.1781940460205
1,29.26,9.6965693696402,25.1984596252441
1,29.27,9.69990266952664,25.2139568328857
1,29.28,9.70323596941307,25.2342224121094
1,29.29,9.70656926929951,25.2532958984375
1,29.3,9.70990256918594,25.2735614776611
1,29.31,9.71323586907238,25.3009796142578
1,29.32,9.71656916895881,25.3105163574219
1,29.33,9.71990246884525,25.331974029541
1,29.34,9.72323576873169,25.3498554229736
1,29.35,9.72656906861812,25.3689289093018
1,29.36,9.72990236850456,25.3820419311523
1,29.37,9.73323566839099,25.407075881958
1,29.38,9.73656896827742,25.4201889038086
1,29.39,9.73990226816386,25.4487991333008
1,29.4,9.7432355680503,25.4654884338379
1,29.41,9.74656886793673,25.484561920166
1,29.42,9.74990216782317,25.5060195922852
1,29.43,9.7532354677096,25.5286693572998
1,29.44,9.75656876759604,25.5465507507324
1,29.45,9.75990206748247,25.5632400512695
1,29.46,9.76323536736891,25.5870819091797
1,29.47,9.76656866725534,25.6049633026123
1,29.48,9.76990196714178,25.6228446960449
1,29.49,9.77323526702821,25.6407260894775
1,29.5,9.77656856691465,25.6609916687012
1,29.51,9.77990186680108,25.6752967834473
1,29.52,9.78323516668752,25.6884098052979
1,29.53,9.78656846657395,25.709867477417
1,29.54,9.78990176646039,25.7265567779541
1,29.55,9.79323506634682,25.7444381713867
1,29.56,9.79656836623326,25.7670879364014
1,29.57,9.7999016661197,25.780200958252
1,29.58,9.80323496600613,25.7992744445801
1,29.59,9.80656826589257,25.8171558380127
1,29.6,9.809901565779,25.8374214172363
1,29.61,9.81323486566544,25.8553028106689
1,29.62,9.81656816555187,25.8803367614746
1,29.63,9.81990146543831,25.8922576904297
1,29.64,9.82323476532474,25.9137153625488
1,29.65,9.82656806521118,25.9280204772949
1,29.66,9.82990136509761,25.9411334991455
1,29.67,9.83323466498405,25.9661674499512
1,29.68,9.83656796487048,25.9840488433838
1,29.69,9.83990126475692,26.0031223297119
1,29.7,9.84323456464335,26.015043258667
1,29.71,9.84656786452979,26.0341167449951
1,29.72,9.84990116441623,26.0472297668457
1,29.73,9.85323446430266,26.0591506958008
1,29.74,9.85656776418909,26.0818004608154
1,29.75,9.85990106407553,26.0937213897705
1,29.76,9.86323436396196,26.1116027832031
1,29.77,9.8665676638484,26.1259078979492
1,29.78,9.86990096373484,26.1390209197998
1,29.79,9.87323426362127,26.1604785919189
1,29.8,9.87656756350771,26.1878967285156
1,29.81,9.87990086339414,26.2069702148438
1,29.82,9.88323416328058,26.2236595153809
1,29.83,9.88656746316701,26.242733001709
1,29.84,9.88990076305345,26.2653827667236
1,29.85,9.89323406293988,26.2773036956787
1,29.86,9.89656736282632,26.2987613677979
1,29.87,9.89990066271275,26.3190269470215
1,29.88,9.90323396259919,26.3357162475586
1,29.89,9.90656726248562,26.3488292694092
1,29.9,9.90990056237206,26.3690948486328
1,29.91,9.91323386225849,26.3869762420654
1,29.92,9.91656716214493,26.397705078125
1,29.93,9.91990046203136,26.4179706573486
1,29.94,9.9232337619178,26.4370441436768
1,29.95,9.92656706180424,26.4573097229004
1,29.96,9.92990036169067,26.4787673950195
1,29.97,9.93323366157711,26.4966487884521
1,29.98,9.93656696146354,26.5181064605713
1,29.99,9.93990026134998,26.5371799468994
1,30,9.94323356123641,26.5586376190186
1,30.01,9.94656686112285,26.5729427337646
1,30.02,9.94990016100928,26.5920162200928
1,30.03,9.95323346089572,26.6098976135254
1,30.04,9.95656676078215,26.623010635376
1,30.05,9.95990006066859,26.6396999359131
1,30.06,9.96323336055502,26.6516208648682
1,30.07,9.96656666044146,26.6778469085693
1,30.08,9.9698999603279,26.6933441162109
1,30.09,9.97323326021433,26.7088413238525
1,30.1,9.97656656010077,26.7267227172852
1,30.11,9.9798998599872,26.7457962036133
1,30.12,9.98323315987363,26.7636775970459
1,30.13,9.98656645976007,26.7791748046875
1,30.14,9.98989975964651,26.8042087554932
1,30.15,9.99323305953294,26.8244743347168
1,30.16,9.99656635941938,26.8423557281494
1,30.17,9.99989965930581,26.860237121582
1,30.18,10.0032329591922,26.8864631652832
1,30.19,10.0065662590787,26.9138813018799
1,30.2,10.0098995589651,26.9317626953125
1,30.21,10.0132328588516,26.9556045532227
1,30.22,10.016566158738,26.9711017608643
1,30.23,10.0198994586244,26.9913673400879
1,30.24,10.0232327585109,27.0068645477295
1,30.25,10.0265660583973,27.0271301269531
1,30.26,10.0298993582837,27.0426273345947
1,30.27,10.0332326581702,27.0605087280273
1,30.28,10.0365659580566,27.0748138427734
1,30.29,10.039899257943,27.0998477935791
1,30.3,10.0432325578295,27.1153450012207
1,30.31,10.0465658577159,27.1272659301758
1,30.32,10.0498991576023,27.1415710449219
1,30.33,10.0532324574888,27.1594524383545
1,30.34,10.0565657573752,27.1785259246826
1,30.35,10.0598990572616,27.1975994110107
1,30.36,10.0632323571481,27.2142887115479
1,30.37,10.0665656570345,27.2369384765625
1,30.38,10.069898956921,27.2524356842041
1,30.39,10.0732322568074,27.2738933563232
1,30.4,10.0765655566938,27.2929668426514
1,30.41,10.0798988565803,27.3120403289795
1,30.42,10.0832321564667,27.3299217224121
1,30.43,10.0865654563531,27.3466110229492
1,30.44,10.0898987562396,27.3668766021729
1,30.45,10.093232056126,27.3811817169189
1,30.46,10.0965653560124,27.3990631103516
1,30.47,10.0998986558989,27.4169445037842
1,30.48,10.1032319557853,27.4407863616943
1,30.49,10.1065652556717,27.4598598480225
1,30.5,10.1098985555582,27.4825096130371
1,30.51,10.1132318554446,27.5003910064697
1,30.52,10.116565155331,27.5182723999023
1,30.53,10.1198984552175,27.536153793335
1,30.54,10.1232317551039,27.5588035583496
1,30.55,10.1265650549904,27.5754928588867
1,30.56,10.1298983548768,27.5957584381104
1,30.57,10.1332316547632,27.6148319244385
1,30.58,10.1365649546497,27.6315212249756
1,30.59,10.1398982545361,27.6565551757813
1,30.6,10.1432315544225,27.6756286621094
1,30.61,10.146564854309,27.6947021484375
1,30.62,10.1498981541954,27.7161598205566
1,30.63,10.1532314540818,27.7316570281982
1,30.64,10.1565647539683,27.7483463287354
1,30.65,10.1598980538547,27.7626514434814
1,30.66,10.1632313537411,27.773380279541
1,30.67,10.1665646536276,27.7876853942871
1,30.68,10.169897953514,27.7972221374512
1,30.69,10.1732312534004,27.8019905090332
1,30.7,10.1765645532869,27.8210639953613
1,30.71,10.1798978531733,27.8294086456299
1,30.72,10.1832311530598,27.8341770172119
1,30.73,10.1865644529462,27.843713760376
1,30.74,10.1898977528326,27.8627872467041
1,30.75,10.1932310527191,27.8711318969727
1,30.76,10.1965643526055,27.8866291046143
1,30.77,10.1998976524919,27.9021263122559
1,30.78,10.2032309523784,27.9152393341064
1,30.79,10.2065642522648,27.9343128204346
1,30.8,10.2098975521512,27.9593467712402
1,30.81,10.2132308520377,27.9712677001953
1,30.82,10.2165641519241,27.9915332794189
1,30.83,10.2198974518105,28.0046463012695
1,30.84,10.223230751697,28.0189514160156
1,30.85,10.2265640515834,28.0416011810303
1,30.86,10.2298973514698,28.0702114105225
1,30.87,10.2332306513563,28.0857086181641
1,30.88,10.2365639512427,28.1119346618652
1,30.89,10.2398972511292,28.1345844268799
1,30.9,10.2432305510156,28.1500816345215
1,30.91,10.246563850902,28.1751155853271
1,30.92,10.2498971507885,28.2084941864014
1,30.93,10.2532304506749,28.231143951416
1,30.94,10.2565637505613,28.2514095306396
1,30.95,10.2598970504478,28.2788276672363
1,30.96,10.2632303503342,28.2967090606689
1,30.97,10.2665636502206,28.3241271972656
1,30.98,10.2698969501071,28.3467769622803
1,30.99,10.2732302499935,28.3694267272949
1,31,10.2765635498799,28.388500213623
1,31.01,10.2798968497664,28.4099578857422
1,31.02,10.2832301496528,28.4290313720703
1,31.03,10.2865634495392,28.4481048583984
1,31.04,10.2898967494257,28.4683704376221
1,31.05,10.2932300493121,28.4790992736816
1,31.06,10.299896649085,28.5041332244873
1,31.07,10.3032299489714,28.5208225250244
1,31.09,10.3065632488579,28.5494327545166
1,31.1,10.3098965487443,28.5708904266357
1,31.11,10.3165631485172,28.5851955413818
1,31.12,10.3198964484036,28.6102294921875
1,31.14,10.32322974829,28.6519527435303
1,31.15,10.3298963480629,28.6686420440674
1,31.17,10.3365629478358,28.7055969238281
1,31.18,10.3398962477222,28.7318229675293
1,31.2,10.3432295476086,28.761625289917
1,31.21,10.3498961473815,28.7818908691406
1,31.22,10.3532294472679,28.7938117980957
1,31.23,10.3565627471544,28.8093090057373
1,31.24,10.3598960470408,28.8271903991699
1,31.25,10.3632293469273,28.8307666778564
1,31.26,10.3665626468137,28.8486480712891
1,31.27,10.3698959467001,28.8748741149902
1,31.28,10.3732292465866,28.8844108581543
1,31.3,10.3798958463594,28.90944480896
1,31.31,10.3832291462459,28.9237499237061
1,31.32,10.3865624461323,28.9416313171387
1,31.33,10.3898957460187,28.9571285247803
1,31.34,10.3932290459052,28.9702415466309
1,31.35,10.3965623457916,28.9881229400635
1,31.36,10.399895645678,29.0083885192871
1,31.37,10.4032289455645,29.0179252624512
1,31.38,10.4065622454509,29.0358066558838
1,31.39,10.4098955453373,29.0524959564209
1,31.4,10.4132288452238,29.07395362854
1,31.41,10.4165621451102,29.0894508361816
1,31.42,10.4198954449967,29.1025638580322
1,31.43,10.4232287448831,29.1180610656738
1,31.44,10.4265620447695,29.1359424591064
1,31.45,10.429895344656,29.151439666748
1,31.46,10.4332286445424,29.1800498962402
1,31.47,10.4365619444288,29.1943550109863
1,31.48,10.4398952443153,29.2158126831055
1,31.49,10.4432285442017,29.2336940765381
1,31.5,10.4465618440881,29.2587280273438
1,31.51,10.4498951439746,29.2801856994629
1,31.52,10.453228443861,29.3028354644775
1,31.53,10.4565617437474,29.3254852294922
1,31.54,10.4598950436339,29.3409824371338
1,31.55,10.4632283435203,29.3600559234619
1,31.56,10.4665616434067,29.37912940979
1,31.57,10.4698949432932,29.3898582458496
1,31.58,10.4732282431796,29.4053554534912
1,31.59,10.4765615430661,29.4280052185059
1,31.6,10.4798948429525,29.4458866119385
1,31.61,10.4832281428389,29.451847076416
1,31.62,10.4865614427254,29.4709205627441
1,31.63,10.4898947426118,29.4899940490723
1,31.64,10.4932280424982,29.5042991638184
1,31.65,10.4965613423847,29.5209884643555
1,31.66,10.4998946422711,29.5472145080566
1,31.67,10.5032279421575,29.5662879943848
1,31.68,10.506561242044,29.5853614807129
1,31.69,10.5098945419304,29.6163558959961
1,31.7,10.5132278418168,29.6401977539063
1,31.71,10.5165611417033,29.6568870544434
1,31.72,10.5198944415897,29.6759605407715
1,31.73,10.5232277414761,29.6950340270996
1,31.74,10.5265610413626,29.7188758850098
1,31.75,10.529894341249,29.7427177429199
1,31.76,10.5332276411355,29.7665596008301
1,31.77,10.5365609410219,29.7927856445313
1,31.78,10.5398942409083,29.8142433166504
1,31.79,10.5432275407948,29.8380851745605
1,31.8,10.5465608406812,29.8523902893066
1,31.81,10.5498941405676,29.8833847045898
1,31.82,10.5532274404541,29.8976898193359
1,31.83,10.5565607403405,29.9167633056641
1,31.84,10.5598940402269,29.9429893493652
1,31.85,10.5632273401134,29.9620628356934
1,31.86,10.5665606399998,29.9763679504395
1,31.87,10.5698939398862,29.9978256225586
1,31.88,10.5732272397727,30.0145149230957
1,31.89,10.5765605396591,30.0383567810059
1,31.9,10.5798938395455,30.062198638916
1,31.91,10.583227139432,30.0836563110352
1,31.92,10.5865604393184,30.1122665405273
1,31.93,10.5898937392049,30.1384925842285
1,31.94,10.5932270390913,30.1599502563477
1,31.95,10.5965603389777,30.1837921142578
1,31.96,10.5998936388642,30.205249786377
1,31.97,10.6032269387506,30.2314758300781
1,31.98,10.606560238637,30.2529335021973
1,31.99,10.6098935385235,30.2720069885254
1,32,10.6132268384099,30.2910804748535
1,32.01,10.6165601382963,30.3030014038086
1,32.02,10.6198934381828,30.3268432617188
1,32.03,10.6232267380692,30.3483009338379
1,32.04,10.6265600379556,30.362606048584
1,32.05,10.6298933378421,30.3840637207031
1,32.06,10.6332266377285,30.4055213928223
1,32.07,10.6365599376149,30.4269790649414
1,32.08,10.6398932375014,30.4293632507324
1,32.09,10.6432265373878,30.4675102233887
1,32.1,10.6465598372743,30.4937362670898
1,32.11,10.6498931371607,30.5080413818359
1,32.12,10.6532264370471,30.5318832397461
1,32.13,10.6565597369336,30.5557250976563
1,32.14,10.65989303682,30.5771827697754
1,32.15,10.6632263367064,30.6057929992676
1,32.16,10.6665596365929,30.6224822998047
1,32.17,10.6698929364793,30.6463241577148
1,32.18,10.6732262363657,30.6606292724609
1,32.19,10.6765595362522,30.6844711303711
1,32.2,10.6798928361386,30.7106971740723
1,32.21,10.683226136025,30.7345390319824
1,32.22,10.6865594359115,30.7536125183105
1,32.23,10.6898927357979,30.7631492614746
1,32.24,10.6932260356843,30.7798385620117
1,32.25,10.6965593355708,30.7917594909668
1,32.26,10.6998926354572,30.8108329772949
1,32.27,10.7032259353437,30.815601348877
1,32.28,10.7065592352301,30.82275390625
1,32.29,10.7098925351165,30.8322906494141
1,32.3,10.713225835003,30.8489799499512
1,32.31,10.7165591348894,30.8632850646973
1,32.32,10.7198924347758,30.8775901794434
1,32.33,10.7232257346623,30.8823585510254
1,32.34,10.7265590345487,30.8966636657715
1,32.35,10.7298923344351,30.9205055236816
1,32.36,10.7332256343216,30.9467315673828
1,32.37,10.736558934208,30.9658050537109
1,32.38,10.7398922340944,30.980110168457
1,32.39,10.7432255339809,30.9991836547852
1,32.4,10.7465588338673,31.0301780700684
1,32.41,10.7498921337537,31.0444831848145
1,32.42,10.7532254336402,31.0683250427246
1,32.43,10.7565587335266,31.0921669006348
1,32.44,10.7598920334131,31.1160087585449
1,32.45,10.7632253332995,31.1446189880371
1,32.46,10.7665586331859,31.1589241027832
1,32.47,10.7698919330724,31.1851501464844
1,32.48,10.7732252329588,31.2042236328125
1,32.49,10.7765585328452,31.2209129333496
1,32.5,10.7798918327317,31.2471389770508
1,32.51,10.7832251326181,31.2685966491699
1,32.52,10.7865584325045,31.2709808349609
1,32.53,10.789891732391,31.2924385070801
1,32.54,10.7932250322774,31.3115119934082
1,32.55,10.7965583321638,31.3162803649902
1,32.56,10.7998916320503,31.3305854797363
1,32.57,10.8032249319367,31.3448905944824
1,32.58,10.8065582318231,31.3544273376465
1,32.59,10.8098915317096,31.3782691955566
1,32.6,10.813224831596,31.3901901245117
1,32.61,10.8165581314825,31.4068794250488
1,32.62,10.8198914313689,31.4092636108398
1,32.63,10.8232247312553,31.437873840332
1,32.64,10.8265580311418,31.4521789550781
1,32.65,10.8298913310282,31.4688682556152
1,32.66,10.8332246309146,31.4974784851074
1,32.67,10.8365579308011,31.5141677856445
1,32.68,10.8398912306875,31.5260887145996
1,32.69,10.8432245305739,31.5403938293457
1,32.7,10.8465578304604,31.585693359375
1,32.71,10.8498911303468,31.6119194030762
1,32.72,10.8532244302332,31.6214561462402
1,32.73,10.8565577301197,31.6452980041504
1,32.74,10.8598910300061,31.6572189331055
1,32.75,10.8632243298925,31.6739082336426
1,32.76,10.866557629779,31.7001342773438
1,32.77,10.8698909296654,31.7168235778809
1,32.78,10.8732242295519,31.731128692627
1,32.79,10.8765575294383,31.7525863647461
1,32.8,10.8798908293247,31.7573547363281
1,32.81,10.8832241292112,31.7621231079102
1,32.82,10.8865574290976,31.7788124084473
1,32.83,10.889890728984,31.7859649658203
1,32.84,10.8932240288705,31.7955017089844
1,32.85,10.8965573287569,31.8217277526855
1,32.86,10.8998906286433,31.8384170532227
1,32.87,10.9032239285298,31.8622589111328
1,32.88,10.9065572284162,31.8646430969238
1,32.89,10.9098905283026,31.8717956542969
1,32.9,10.9132238281891,31.9027900695801
1,32.91,10.9165571280755,31.9266319274902
1,32.92,10.9198904279619,31.9480895996094
1,32.93,10.9232237278484,31.9623947143555
1,32.94,10.9265570277348,31.9886207580566
1,32.95,10.9298903276213,32.0005416870117
1,32.96,10.9332236275077,32.04345703125
1,32.97,10.9365569273941,32.0649147033691
1,32.98,10.9398902272806,32.0839881896973
1,32.99,10.943223527167,32.1006774902344
1,33,10.9465568270534,32.1316719055176
1,33.01,10.9498901269399,32.1531295776367
1,33.02,10.9532234268263,32.1722030639648
1,33.03,10.9565567267127,32.188892364502
1,33.04,10.9598900265992,32.2079658508301
1,33.05,10.9632233264856,32.2270393371582
1,33.06,10.966556626372,32.2437286376953
1,33.07,10.9698899262585,32.2556495666504
1,33.08,10.9732232261449,32.2914123535156
1,33.09,10.9765565260313,32.3104858398438
1,33.1,10.9798898259178,32.3224067687988
1,33.11,10.9832231258042,32.3343276977539
1,33.12,10.9865564256907,32.341480255127
1,33.13,10.9898897255771,32.351016998291
1,33.14,10.9932230254635,32.3677062988281
1,33.15,10.99655632535,32.3677062988281
1,33.16,10.9998896252364,32.3724746704102
1,33.17,11.0032229251228,32.3915481567383
1,33.18,11.0065562250093,32.3796272277832
1,33.19,11.0098895248957,32.3963165283203
1,33.2,11.0132228247821,32.3891639709473
1,33.21,11.0165561246686,32.4058532714844
1,33.22,11.019889424555,32.4082374572754
1,33.23,11.0232227244414,32.4177742004395
1,33.24,11.0265560243279,32.4320793151855
1,33.25,11.0298893242143,32.4487686157227
1,33.26,11.0332226241007,32.4511528015137
1,33.27,11.0365559239872,32.4654579162598
1,33.28,11.0398892238736,32.4749946594238
1,33.29,11.0432225237601,32.498836517334
1,33.3,11.0465558236465,32.5179100036621
1,33.31,11.0498891235329,32.5369834899902
1,33.32,11.0532224234194,32.5632095336914
1,33.33,11.0565557233058,32.5775146484375
1,33.34,11.0598890231922,32.6108932495117
1,33.35,11.0632223230787,32.6347351074219
1,33.36,11.0665556229651,32.646656036377
1,33.37,11.0698889228515,32.6728820800781
1,33.38,11.073222222738,32.6919555664063
1,33.39,11.0765555226244,32.7110290527344
1,33.4,11.0798888225108,32.7277183532715
1,33.41,11.0832221223973,32.7467918395996
1,33.42,11.0865554222837,32.7682495117188
1,33.43,11.0898887221701,32.7873229980469
1,33.44,11.0932220220566,32.806396484375
1,33.45,11.096555321943,32.8230857849121
1,33.46,11.0998886218295,32.8564643859863
1,33.47,11.1032219217159,32.8660011291504
1,33.48,11.1065552216023,32.8922271728516
1,33.49,11.1098885214888,32.9017639160156
1,33.5,11.1132218213752,32.9256057739258
1,33.51,11.1165551212616,32.9494476318359
1,33.52,11.1198884211481,32.9709053039551
1,33.53,11.1232217210345,33.0042839050293
1,33.54,11.1265550209209,33.0185890197754
1,33.55,11.1298883208074,33.0638885498047
1,33.56,11.1332216206938,33.0805778503418
1,33.57,11.1365549205802,33.106803894043
1,33.58,11.1398882204667,33.1330299377441
1,33.59,11.1432215203531,33.1759452819824
1,33.6,11.1465548202395,33.2093238830566
1,33.61,11.149888120126,33.2331657409668
1,33.62,11.1532214200124,33.257007598877
1,33.63,11.1565547198988,33.2903861999512
1,33.64,11.1598880197853,33.3189964294434
1,33.65,11.1632213196717,33.3428382873535
1,33.66,11.1665546195582,33.3666801452637
1,33.67,11.1698879194446,33.3976745605469
1,33.68,11.173221219331,33.409595489502
1,33.69,11.1765545192175,33.4262847900391
1,33.7,11.1798878191039,33.4644317626953
1,33.71,11.1832211189903,33.4811210632324
1,33.72,11.1865544188768,33.4978103637695
1,33.73,11.1898877187632,33.5144996643066
1,33.74,11.1932210186496,33.5383415222168
1,33.75,11.1965543185361,33.5574150085449
1,33.76,11.1998876184225,33.571720123291
1,33.77,11.2032209183089,33.6122512817383
1,33.78,11.2065542181954,33.6241722106934
1,33.79,11.2098875180818,33.6503982543945
1,33.8,11.2132208179682,33.6790084838867
1,33.81,11.2165541178547,33.6885452270508
1,33.82,11.2198874177411,33.721923828125
1,33.83,11.2232207176276,33.7457656860352
1,33.84,11.226554017514,33.7672233581543
1,33.85,11.2298873174004,33.7815284729004
1,33.86,11.2332206172869,33.8006019592285
1,33.87,11.2365539171733,33.8077545166016
1,33.88,11.2398872170597,33.8149070739746
1,33.89,11.2432205169462,33.8363647460938
1,33.9,11.2465538168326,33.8602066040039
1,33.91,11.249887116719,33.872127532959
1,33.92,11.2532204166055,33.881664276123
1,33.93,11.2565537164919,33.8935852050781
1,33.94,11.2598870163783,33.9150428771973
1,33.95,11.2632203162648,33.9365005493164
1,33.96,11.2665536161512,33.9412689208984
1,33.97,11.2698869160377,33.9603424072266
1,33.98,11.2732202159241,33.9698791503906
1,33.99,11.2765535158105,33.9961051940918
1,34,11.279886815697,34.029483795166
1,34.01,11.2832201155834,34.0437889099121
1,34.02,11.2865534154698,34.0604782104492
1,34.03,11.2898867153563,34.0843200683594
1,34.04,11.2932200152427,34.0986251831055
1,34.05,11.2965533151291,34.1153144836426
1,34.06,11.2998866150156,34.1486930847168
1,34.07,11.303219914902,34.1701507568359
1,34.08,11.3065532147884,34.1916084289551
1,34.09,11.3098865146749,34.2106819152832
1,34.1,11.3132198145613,34.2321395874023
1,34.11,11.3165531144477,34.2440605163574
1,34.12,11.3198864143342,34.2679023742676
1,34.13,11.3232197142206,34.2893600463867
1,34.14,11.326553014107,34.3060493469238
1,34.15,11.3298863139935,34.3179702758789
1,34.16,11.3332196138799,34.3537330627441
1,34.17,11.3365529137664,34.3608856201172
1,34.18,11.3398862136528,34.3847274780273
1,34.19,11.3432195135392,34.4014167785645
1,34.2,11.3465528134257,34.4181060791016
1,34.21,11.3498861133121,34.4443321228027
1,34.22,11.3532194131985,34.4705581665039
1,34.23,11.356552713085,34.489631652832
1,34.24,11.3598860129714,34.5063209533691
1,34.25,11.3632193128578,34.5182418823242
1,34.26,11.3665526127443,34.5396995544434
1,34.27,11.3698859126307,34.5492362976074
1,34.28,11.3732192125171,34.5611572265625
1,34.29,11.3765525124036,34.5849990844727
1,34.3,11.37988581229,34.6064567565918
1,34.31,11.3832191121764,34.6159934997559
1,34.32,11.3865524120629,34.6279144287109
1,34.33,11.3898857119493,34.6493721008301
1,34.34,11.3932190118358,34.6636772155762
1,34.35,11.3965523117222,34.6899032592773
1,34.36,11.3998856116086,34.7018241882324
1,34.37,11.4032189114951,34.7089767456055
1,34.38,11.4065522113815,34.7232818603516
1,34.39,11.4098855112679,34.7423553466797
1,34.4,11.4132188111544,34.7614288330078
1,34.41,11.4165521110408,34.7805023193359
1,34.42,11.4198854109272,34.794807434082
1,34.43,11.4232187108137,34.8067283630371
1,34.44,11.4265520107001,34.8305702209473
1,34.45,11.4298853105865,34.8472595214844
1,34.46,11.433218610473,34.8734855651855
1,34.47,11.4365519103594,34.8734855651855
1,34.48,11.4398852102458,34.9092483520508
1,34.49,11.4432185101323,34.9283218383789
1,34.5,11.4465518100187,34.942626953125
1,34.51,11.4498851099052,34.949779510498
1,34.52,11.4532184097916,34.9736213684082
1,34.53,11.456551709678,34.9926948547363
1,34.54,11.4598850095645,35.0069999694824
1,34.55,11.4632183094509,35.0260734558105
1,34.56,11.4665516093373,35.0332260131836
1,34.57,11.4698849092238,35.0499153137207
1,34.58,11.4732182091102,35.0785255432129
1,34.59,11.4765515089966,35.088062286377
1,34.6,11.4798848088831,35.1119041442871
1,34.61,11.4832181087695,35.1238250732422
1,34.62,11.4865514086559,35.1524353027344
1,34.63,11.4898847085424,35.1738929748535
1,34.64,11.4932180084288,35.2025032043457
1,34.65,11.4965513083152,35.2096557617188
1,34.66,11.4998846082017,35.2287292480469
1,34.67,11.5032179080881,35.252571105957
1,34.68,11.5065512079746,35.2716445922852
1,34.69,11.509884507861,35.2787971496582
1,34.7,11.5132178077474,35.3074073791504
1,34.71,11.5165511076339,35.3193283081055
1,34.72,11.5198844075203,35.3240966796875
1,34.73,11.5232177074067,35.3360176086426
1,34.74,11.5265510072932,35.3693962097168
1,34.75,11.5298843071796,35.3789329528809
1,34.76,11.533217607066,35.3884696960449
1,34.77,11.5365509069525,35.405158996582
1,34.78,11.5398842068389,35.4266166687012
1,34.79,11.5432175067253,35.4385375976563
1,34.8,11.5465508066118,35.4528427124023
1,34.81,11.5498841064982,35.4671478271484
1,34.82,11.5532174063846,35.4862213134766
1,34.83,11.5565507062711,35.5005264282227
1,34.84,11.5598840061575,35.5076789855957
1,34.85,11.563217306044,35.5219841003418
1,34.86,11.5665506059304,35.5410575866699
1,34.87,11.5698839058168,35.560131072998
1,34.88,11.5732172057033,35.5768203735352
1,34.89,11.5765505055897,35.5863571166992
1,34.9,11.5798838054761,35.6125831604004
1,34.91,11.5832171053626,35.6245040893555
1,34.92,11.586550405249,35.6411933898926
1,34.93,11.5898837051354,35.6602668762207
1,34.94,11.5932170050219,35.6650352478027
1,34.95,11.5965503049083,35.6912612915039
1,34.96,11.5998836047947,35.698413848877
1,34.97,11.6032169046812,35.7174873352051
1,34.98,11.6065502045676,35.7294082641602
1,34.99,11.609883504454,35.7651710510254
1,35,11.6132168043405,35.7818603515625
1,35.01,11.6165501042269,35.8128547668457
1,35.02,11.6198834041134,35.8223915100098
1,35.03,11.6232167039998,35.8438491821289
1,35.04,11.6265500038862,35.8772277832031
1,35.05,11.6298833037727,35.8963012695313
1,35.06,11.6332166036591,35.9416007995605
1,35.07,11.6365499035455,35.9654426574707
1,35.08,11.639883203432,35.9940528869629
1,35.09,11.6432165033184,36.0202789306641
1,35.1,11.6465498032048,36.0488891601563
1,35.11,11.6498831030913,36.0679626464844
1,35.12,11.6532164029777,36.1227989196777
1,35.13,11.6565497028641,36.1514091491699
1,35.14,11.6598830027506,36.1800193786621
1,35.15,11.663216302637,36.2086296081543
1,35.16,11.6665496025234,36.2372398376465
1,35.17,11.6698829024099,36.2753868103027
1,35.18,11.6732162022963,36.320686340332
1,35.19,11.6765495021828,36.3492965698242
1,35.2,11.6798828020692,36.3850593566895
1,35.21,11.6832161019556,36.4041328430176
1,35.22,11.6865494018421,36.4351272583008
1,35.23,11.6898827017285,36.475658416748
1,35.24,11.6932160016149,36.5066528320313
1,35.25,11.6965493015014,36.5328788757324
1,35.26,11.6998826013878,36.5567207336426
1,35.27,11.7032159012742,36.5686416625977
1,35.28,11.7065492011607,36.5972518920898
1,35.29,11.7098825010471,36.6115570068359
1,35.3,11.7132158009335,36.6330146789551
1,35.31,11.71654910082,36.6377830505371
1,35.32,11.7198824007064,36.6568565368652
1,35.33,11.7232157005928,36.6640090942383
1,35.34,11.7265490004793,36.6735458374023
1,35.35,11.7298823003657,36.6806983947754
1,35.36,11.7332156002522,36.7116928100586
1,35.37,11.7365489001386,36.7212295532227
1,35.38,11.739882200025,36.7403030395508
1,35.39,11.7432154999115,36.7593765258789
1,35.4,11.7465487997979,36.773681640625
1,35.41,11.7498820996843,36.8046760559082
1,35.42,11.7532153995708,36.8165969848633
1,35.43,11.7565486994572,36.8118286132813
1,35.44,11.7598819993436,36.8404388427734
1,35.45,11.7632152992301,36.8595123291016
1,35.46,11.7665485991165,36.8809700012207
1,35.47,11.7698818990029,36.8928909301758
1,35.48,11.7732151988894,36.9119644165039
1,35.49,11.7765484987758,36.921501159668
1,35.5,11.7798817986622,36.9524955749512
1,35.51,11.7832150985487,36.9620323181152
1,35.52,11.7865483984351,36.9858741760254
1,35.53,11.7898816983216,37.0121002197266
1,35.54,11.793214998208,37.0287895202637
1,35.55,11.7965482980944,37.0502471923828
1,35.56,11.7998815979809,37.076473236084
1,35.57,11.8032148978673,37.1074676513672
1,35.58,11.8065481977537,37.1241569519043
1,35.59,11.8098814976402,37.1479988098145
1,35.6,11.8132147975266,37.1599197387695
1,35.61,11.816548097413,37.1766090393066
1,35.62,11.8198813972995,37.2004508972168
1,35.63,11.8232146971859,37.226676940918
1,35.64,11.8265479970723,37.2433662414551
1,35.65,11.8298812969588,37.2529029846191
1,35.66,11.8332145968452,37.2791290283203
1,35.67,11.8365478967316,37.2886657714844
1,35.68,11.8398811966181,37.3125076293945
1,35.69,11.8432144965045,37.3268127441406
1,35.7,11.846547796391,37.3482704162598
1,35.71,11.8498810962774,37.3625755310059
1,35.72,11.8532143961638,37.3959541320801
1,35.73,11.8565476960503,37.4150276184082
1,35.74,11.8598809959367,37.4388694763184
1,35.75,11.8632142958231,37.4579429626465
1,35.76,11.8665475957096,37.4650955200195
1,35.77,11.869880895596,37.4913215637207
1,35.78,11.8732141954824,37.5223159790039
1,35.79,11.8765474953689,37.539005279541
1,35.8,11.8798807952553,37.543773651123
1,35.81,11.8832140951417,37.5747680664063
1,35.82,11.8865473950282,37.5914573669434
1,35.83,11.8898806949146,37.6129150390625
1,35.84,11.893213994801,37.6272201538086
1,35.85,11.8965472946875,37.6319885253906
1,35.86,11.8998805945739,37.6582145690918
1,35.87,11.9032138944604,37.6510620117188
1,35.88,11.9065471943468,37.684440612793
1,35.89,11.9098804942332,37.693977355957
1,35.9,11.9132137941197,37.7082824707031
1,35.91,11.9165470940061,37.7130508422852
1,35.92,11.9198803938925,37.7225875854492
1,35.93,11.923213693779,37.7511978149414
1,35.94,11.9265469936654,37.7583503723145
1,35.95,11.9298802935518,37.7798080444336
1,35.96,11.9332135934383,37.7798080444336
1,35.97,11.9365468933247,37.7869606018066
1,35.98,11.9398801932111,37.8060340881348
1,35.99,11.9432134930976,37.8108024597168
1,36,11.946546792984,37.834644317627
1,36.01,11.9498800928704,37.8513336181641
1,36.02,11.9532133927569,37.8656387329102
1,36.03,11.9565466926433,37.8751754760742
1,36.04,11.9598799925297,37.9014015197754
1,36.05,11.9632132924162,37.9252433776855
1,36.06,11.9665465923026,37.9395484924316
1,36.07,11.9698798921891,37.9657745361328
1,36.08,11.9732131920755,37.987232208252
1,36.09,11.9765464919619,38.0110740661621
1,36.1,11.9798797918484,38.0373001098633
1,36.11,11.9832130917348,38.0539894104004
1,36.12,11.9865463916212,38.0897521972656
1,36.13,11.9898796915077,38.1207466125488
1,36.14,11.9932129913941,38.1374359130859
1,36.15,11.9965462912805,38.1612777709961
1,36.16,11.999879591167,38.1803512573242
1,36.17,12.0032128910534,38.2137298583984
1,36.18,12.0065461909398,38.2447242736816
1,36.19,12.0098794908263,38.2637977600098
1,36.2,12.0132127907127,38.292407989502
1,36.21,12.0165460905991,38.306713104248
1,36.22,12.0198793904856,38.3305549621582
1,36.23,12.023212690372,38.3496284484863
1,36.24,12.0265459902585,38.3639335632324
1,36.25,12.0298792901449,38.3710861206055
1,36.26,12.0332125900313,38.4092330932617
1,36.27,12.0365458899178,38.4259223937988
1,36.28,12.0398791898042,38.4426116943359
1,36.29,12.0432124896906,38.4664535522461
1,36.3,12.0465457895771,38.4902954101563
1,36.31,12.0498790894635,38.5093688964844
1,36.32,12.0532123893499,38.5332107543945
1,36.33,12.0565456892364,38.5618209838867
1,36.34,12.0598789891228,38.5880470275879
1,36.35,12.0632122890092,38.604736328125
1,36.36,12.0665455888957,38.6238098144531
1,36.37,12.0698788887821,38.6357307434082
1,36.38,12.0732121886685,38.6667251586914
1,36.39,12.076545488555,38.6810302734375
1,36.4,12.0798787884414,38.6857986450195
1,36.41,12.0832120883279,38.7144088745117
1,36.42,12.0865453882143,38.7430191040039
1,36.43,12.0898786881007,38.7716293334961
1,36.44,12.0932119879872,38.7859344482422
1,36.45,12.09987858776,38.8145446777344
1,36.47,12.1032118876465,38.8503074645996
1,36.48,12.1065451875329,38.8669967651367
1,36.49,12.1098784874193,38.902759552002
1,36.5,12.1165450871922,38.9194488525391
1,36.51,12.1198783870786,38.9385223388672
1,36.53,12.1232116869651,38.9599800109863
1,36.54,12.1298782867379,38.9766693115234
1,36.55,12.1332115866244,39.0100479125977
1,36.56,12.1365448865108,39.0219688415527
1,36.57,12.1398781863973,39.0410423278809
1,36.59,12.1432114862837,39.067268371582
1,36.6,12.1498780860566,39.0934944152832
1,36.61,12.153211385943,39.1125679016113
1,36.62,12.1565446858294,39.1268730163574
1,36.63,12.1598779857159,39.1387939453125
1,36.64,12.1632112856023,39.1554832458496
1,36.65,12.1665445854887,39.1936302185059
1,36.66,12.1698778853752,39.210319519043
1,36.67,12.1732111852616,39.2341613769531
1,36.69,12.1798777850345,39.2842292785645
1,36.7,12.1832110849209,39.3128395080566
1,36.71,12.1865443848073,39.3390655517578
1,36.72,12.1898776846938,39.360523223877
1,36.73,12.1932109845802,39.3867492675781
1,36.74,12.1965442844667,39.4082069396973
1,36.75,12.1998775843531,39.4272804260254
1,36.76,12.2032108842395,39.4701957702637
1,36.77,12.206544184126,39.4821166992188
1,36.78,12.2098774840124,39.5107269287109
1,36.79,12.2132107838988,39.5345687866211
1,36.8,12.2165440837853,39.5464897155762
1,36.81,12.2198773836717,39.5870208740234
1,36.82,12.2232106835581,39.6180152893066
1,36.83,12.2265439834446,39.6466255187988
1,36.84,12.229877283331,39.675235748291
1,36.85,12.2332105832174,39.6943092346191
1,36.86,12.2365438831039,39.7062301635742
1,36.87,12.2398771829903,39.7348403930664
1,36.88,12.2432104828767,39.7467613220215
1,36.89,12.2465437827632,39.7610664367676
1,36.9,12.2498770826496,39.7872924804688
1,36.91,12.2532103825361,39.8015975952148
1,36.92,12.2565436824225,39.823055267334
1,36.93,12.2598769823089,39.8397445678711
1,36.94,12.2632102821954,39.8540496826172
1,36.95,12.2665435820818,39.8659706115723
1,36.96,12.2698768819682,39.8874282836914
1,36.97,12.2732101818547,39.8993492126465
1,36.98,12.2765434817411,39.9208068847656
1,36.99,12.2798767816275,39.9279594421387
1,37,12.283210081514,39.9589538574219
1,37.01,12.2865433814004,39.973258972168
1,37.02,12.2898766812868,39.9875640869141
1,37.03,12.2932099811733,39.9971008300781
1,37.04,12.2965432810597,40.0233268737793
1,37.05,12.2998765809461,40.0400161743164
1,37.06,12.3032098808326,40.0495529174805
1,37.07,12.306543180719,40.0543212890625
1,37.08,12.3098764806055,40.0781631469727
1,37.09,12.3132097804919,40.1043891906738
1,37.1,12.3165430803783,40.1139259338379
1,37.11,12.3198763802648,40.1186943054199
1,37.12,12.3232096801512,40.1186943054199
1,37.13,12.3265429800376,40.1568412780762
1,37.14,12.3298762799241,40.1687622070313
1,37.15,12.3332095798105,40.1830673217773
1,37.16,12.3365428796969,40.1997566223145
1,37.17,12.3398761795834,40.2045249938965
1,37.18,12.3432094794698,40.2450561523438
1,37.19,12.3465427793562,40.2522087097168
1,37.2,12.3498760792427,40.2688980102539
1,37.21,12.3532093791291,40.280818939209
1,37.22,12.3565426790155,40.3022766113281
1,37.23,12.359875978902,40.3022766113281
1,37.24,12.3632092787884,40.3308868408203
1,37.25,12.3665425786749,40.3499603271484
1,37.26,12.3698758785613,40.3571128845215
1,37.27,12.3732091784477,40.3738021850586
1,37.28,12.3765424783342,40.3809547424316
1,37.29,12.3798757782206,40.3952598571777
1,37.3,12.383209078107,40.4119491577148
1,37.31,12.3865423779935,40.428638458252
1,37.32,12.3898756778799,40.431022644043
1,37.33,12.3932089777663,40.4500961303711
1,37.34,12.3965422776528,40.4548645019531
1,37.35,12.3998755775392,40.4644012451172
1,37.36,12.4032088774256,40.4739379882813
1,37.37,12.4065421773121,40.5001640319824
1,37.38,12.4098754771985,40.5168533325195
1,37.39,12.4132087770849,40.5263900756836
1,37.4,12.4165420769714,40.5526161193848
1,37.41,12.4198753768578,40.5979156494141
1,37.42,12.4232086767443,40.6146049499512
1,37.43,12.4265419766307,40.6503677368164
1,37.44,12.4298752765171,40.6694412231445
1,37.45,12.4332085764036,40.7028198242188
1,37.46,12.43654187629,40.740966796875
1,37.47,12.4398751761764,40.7671928405762
1,37.48,12.4432084760629,40.7862663269043
1,37.49,12.4465417759493,40.8124923706055
1,37.5,12.4498750758357,40.8267974853516
1,37.51,12.4532083757222,40.8530235290527
1,37.52,12.4565416756086,40.8840179443359
1,37.53,12.459874975495,40.886402130127
1,37.54,12.4632082753815,40.8935546875
1,37.55,12.4665415752679,40.898323059082
1,37.56,12.4698748751543,40.9102439880371
1,37.57,12.4732081750408,40.9340858459473
1,37.58,12.4765414749272,40.9340858459473
1,37.59,12.4798747748137,40.9436225891113
1,37.6,12.4832080747001,40.9626960754395
1,37.61,12.4865413745865,40.9698486328125
1,37.62,12.489874674473,40.9936904907227
1,37.63,12.4932079743594,41.0199165344238
1,37.64,12.4965412742458,41.0342216491699
1,37.65,12.4998745741323,41.0628318786621
1,37.66,12.5032078740187,41.0866737365723
1,37.67,12.5065411739051,41.0938262939453
1,37.68,12.5098744737916,41.1295890808105
1,37.69,12.513207773678,41.1438941955566
1,37.7,12.5165410735644,41.1725044250488
1,37.71,12.5198743734509,41.191577911377
1,37.72,12.5232076733373,41.2130355834961
1,37.73,12.5265409732237,41.2392616271973
1,37.74,12.5298742731102,41.2607192993164
1,37.75,12.5332075729966,41.2988662719727
1,37.76,12.5365408728831,41.3250923156738
1,37.77,12.5398741727695,41.348934173584
1,37.78,12.5432074726559,41.3799285888672
1,37.79,12.5465407725424,41.4133071899414
1,37.8,12.5498740724288,41.4419174194336
1,37.81,12.5532073723152,41.4705276489258
1,37.82,12.5565406722017,41.4872169494629
1,37.83,12.5598739720881,41.501522064209
1,37.84,12.5632072719745,41.5229797363281
1,37.85,12.566540571861,41.5611267089844
1,37.86,12.5698738717474,41.5778160095215
1,37.87,12.5732071716338,41.5921211242676
1,37.88,12.5765404715203,41.6135787963867
1,37.89,12.5798737714067,41.6207313537598
1,37.9,12.5832070712931,41.6469573974609
1,37.91,12.5865403711796,41.656494140625
1,37.92,12.589873671066,41.6731834411621
1,37.93,12.5932069709525,41.6970252990723
1,37.94,12.5965402708389,41.7232513427734
1,37.95,12.5998735707253,41.7351722717285
1,37.96,12.6032068706118,41.7709350585938
1,37.97,12.6065401704982,41.7685508728027
1,37.98,12.6098734703846,41.801929473877
1,37.99,12.6132067702711,41.8281555175781
1,38,12.6165400701575,41.8376922607422
1,38.01,12.6198733700439,41.8448448181152
1,38.02,12.6232066699304,41.8782234191895
1,38.03,12.6265399698168,41.8949127197266
1,38.04,12.6298732697032,41.9068336486816
1,38.05,12.6332065695897,41.9306755065918
1,38.06,12.6365398694761,41.9449806213379
1,38.07,12.6398731693625,41.9712066650391
1,38.08,12.643206469249,41.9926643371582
1,38.09,12.6465397691354,42.0069694519043
1,38.1,12.6498730690219,42.0260429382324
1,38.11,12.6532063689083,42.0379638671875
1,38.12,12.6565396687947,42.0570373535156
1,38.13,12.6598729686812,42.0808792114258
1,38.14,12.6632062685676,42.0808792114258
1,38.15,12.666539568454,42.1047210693359
1,38.16,12.6698728683405,42.1237945556641
1,38.17,12.6732061682269,42.1404838562012
1,38.18,12.6765394681133,42.1571731567383
1,38.19,12.6798727679998,42.1714782714844
1,38.2,12.6832060678862,42.2000885009766
1,38.21,12.6865393677726,42.2215461730957
1,38.22,12.6898726676591,42.2358512878418
1,38.23,12.6932059675455,42.271614074707
1,38.24,12.6965392674319,42.2930717468262
1,38.25,12.6998725673184,42.3145294189453
1,38.26,12.7032058672048,42.3383712768555
1,38.27,12.7065391670913,42.3574447631836
1,38.28,12.7098724669777,42.3979759216309
1,38.29,12.7132057668641,42.414665222168
1,38.3,12.7165390667506,42.4456596374512
1,38.31,12.719872366637,42.4718856811523
1,38.32,12.7232056665234,42.4909591674805
1,38.33,12.7265389664099,42.5219535827637
1,38.34,12.7298722662963,42.5457954406738
1,38.35,12.7332055661827,42.569637298584
1,38.36,12.7365388660692,42.5910949707031
1,38.37,12.7398721659556,42.6244735717773
1,38.38,12.743205465842,42.6554679870605
1,38.39,12.7465387657285,42.6721572875977
1,38.4,12.7498720656149,42.6983833312988
1,38.41,12.7532053655013,42.722225189209
1,38.42,12.7565386653878,42.7508354187012
1,38.43,12.7598719652742,42.7746772766113
1,38.44,12.7632052651607,42.7889823913574
1,38.45,12.7665385650471,42.7985191345215
1,38.46,12.7698718649335,42.8152084350586
1,38.47,12.77320516482,42.8295135498047
1,38.48,12.7765384647064,42.8485870361328
1,38.49,12.7798717645928,42.8485870361328
1,38.5,12.7832050644793,42.881965637207
1,38.51,12.7865383643657,42.8986549377441
1,38.52,12.7898716642521,42.9034233093262
1,38.53,12.7932049641386,42.9272651672363
1,38.54,12.796538264025,42.9415702819824
1,38.55,12.7998715639114,42.9534912109375
1,38.56,12.8032048637979,42.9821014404297
1,38.57,12.8065381636843,43.0035591125488
1,38.58,12.8098714635707,43.034553527832
1,38.59,12.8132047634572,43.0607795715332
1,38.6,12.8165380633436,43.0917739868164
1,38.61,12.81987136323,43.1156158447266
1,38.62,12.8232046631165,43.1299209594727
1,38.63,12.8265379630029,43.1561470031738
1,38.64,12.8298712628894,43.1728363037109
1,38.65,12.8332045627758,43.2062149047852
1,38.66,12.8365378626622,43.2157516479492
1,38.67,12.8398711625487,43.2324409484863
1,38.68,12.8432044624351,43.2610511779785
1,38.69,12.8465377623215,43.2801246643066
1,38.7,12.849871062208,43.3039665222168
1,38.71,12.8532043620944,43.3230400085449
1,38.72,12.8565376619808,43.330192565918
1,38.73,12.8598709618673,43.3659553527832
1,38.74,12.8632042617537,43.3826446533203
1,38.75,12.8665375616401,43.4017181396484
1,38.76,12.8698708615266,43.4231758117676
1,38.77,12.873204161413,43.4446334838867
1,38.78,12.8765374612995,43.4660911560059
1,38.79,12.8798707611859,43.4756278991699
1,38.8,12.8832040610723,43.492317199707
1,38.81,12.8865373609588,43.5042381286621
1,38.82,12.8898706608452,43.5209274291992
1,38.83,12.8932039607316,43.5376167297363
1,38.84,12.8965372606181,43.5447692871094
1,38.85,12.8998705605045,43.5757637023926
1,38.86,12.9032038603909,43.5900688171387
1,38.87,12.9065371602774,43.6091423034668
1,38.88,12.9098704601638,43.6162948608398
1,38.89,12.9132037600502,43.6210632324219
1,38.9,12.9165370599367,43.6520576477051
1,38.91,12.9198703598231,43.6592102050781
1,38.92,12.9232036597095,43.6639785766602
1,38.93,12.926536959596,43.6663627624512
1,38.94,12.9298702594824,43.6806678771973
1,38.95,12.9332035593688,43.6973571777344
1,38.96,12.9365368592553,43.7021255493164
1,38.97,12.9398701591417,43.7283515930176
1,38.98,12.9432034590282,43.7331199645996
1,38.99,12.9465367589146,43.7641143798828
1,39,12.949870058801,43.7831878662109
1,39.01,12.9532033586875,43.8070297241211
1,39.02,12.9565366585739,43.8237190246582
1,39.03,12.9598699584603,43.8547134399414
1,39.04,12.9632032583468,43.8761711120605
1,39.05,12.9665365582332,43.9095497131348
1,39.06,12.9698698581196,43.938159942627
1,39.07,12.9732031580061,43.9691543579102
1,39.08,12.9765364578925,44.0025329589844
1,39.09,12.9798697577789,44.0239906311035
1,39.1,12.9832030576654,44.0597534179688
1,39.11,12.9865363575518,44.0859794616699
1,39.12,12.9898696574382,44.1241264343262
1,39.13,12.9932029573247,44.1598892211914
1,39.14,12.9965362572111,44.1837310791016
1,39.15,12.9998695570976,44.2147254943848
1,39.16,13.003202856984,44.2361831665039
1,39.17,13.0065361568704,44.257640838623
1,39.18,13.0098694567569,44.2886352539063
1,39.19,13.0132027566433,44.3077087402344
1,39.2,13.0165360565297,44.3243980407715
1,39.21,13.0198693564162,44.3482398986816
1,39.22,13.0232026563026,44.3673133850098
1,39.23,13.026535956189,44.3935394287109
1,39.24,13.0298692560755,44.400691986084
1,39.25,13.0332025559619,44.4173812866211
1,39.26,13.0365358558483,44.4436073303223
1,39.27,13.0398691557348,44.4698333740234
1,39.28,13.0432024556212,44.4817543029785
1,39.29,13.0465357555076,44.5032119750977
1,39.3,13.0498690553941,44.5175170898438
1,39.31,13.0532023552805,44.5413589477539
1,39.32,13.056535655167,44.558048248291
1,39.33,13.0598689550534,44.5747375488281
1,39.34,13.0632022549398,44.6057319641113
1,39.35,13.0665355548263,44.6200370788574
1,39.36,13.0698688547127,44.6462631225586
1,39.37,13.0732021545991,44.6796417236328
1,39.38,13.0765354544856,44.6939468383789
1,39.39,13.079868754372,44.7249412536621
1,39.4,13.0832020542584,44.7416305541992
1,39.41,13.0865353541449,44.7678565979004
1,39.42,13.0898686540313,44.7940826416016
1,39.43,13.0932019539177,44.8060035705566
1,39.44,13.0965352538042,44.8417663574219
1,39.45,13.0998685536906,44.86083984375
1,39.46,13.103201853577,44.8751449584961
1,39.47,13.1065351534635,44.8989868164063
1,39.48,13.1098684533499,44.9132919311523
1,39.49,13.1132017532364,44.9442863464355
1,39.5,13.1165350531228,44.9490547180176
1,39.51,13.1198683530092,44.9633598327637
1,39.52,13.1232016528957,44.9752807617188
1,39.53,13.1265349527821,44.9991226196289
1,39.54,13.1298682526685,45.0253486633301
1,39.55,13.133201552555,45.0444221496582
1,39.56,13.1365348524414,45.0634956359863
1,39.57,13.1398681523278,45.0778007507324
1,39.58,13.1432014522143,45.1159477233887
1,39.59,13.1465347521007,45.1326370239258
1,39.6,13.1498680519871,45.1469421386719
1,39.61,13.1532013518736,45.173168182373
1,39.62,13.15653465176,45.1898574829102
1,39.63,13.1598679516464,45.2208518981934
1,39.64,13.1632012515329,45.2446937561035
1,39.65,13.1665345514193,45.2661514282227
1,39.66,13.1698678513058,45.2852249145508
1,39.67,13.1732011511922,45.311450958252
1,39.68,13.1765344510786,45.3400611877441
1,39.69,13.1798677509651,45.3543663024902
1,39.7,13.1832010508515,45.3710556030273
1,39.71,13.1865343507379,45.4068183898926
1,39.72,13.1898676506244,45.4378128051758
1,39.73,13.1932009505108,45.4592704772949
1,39.74,13.1965342503972,45.478343963623
1,39.75,13.1998675502837,45.4974174499512
1,39.76,13.2032008501701,45.5331802368164
1,39.77,13.2065341500565,45.5617904663086
1,39.78,13.209867449943,45.5784797668457
1,39.79,13.2132007498294,45.6047058105469
1,39.8,13.2165340497158,45.630931854248
1,39.81,13.2198673496023,45.6571578979492
1,39.82,13.2232006494887,45.6690788269043
1,39.83,13.2265339493752,45.7000732421875
1,39.84,13.2298672492616,45.7262992858887
1,39.85,13.233200549148,45.7477569580078
1,39.86,13.2365338490345,45.7763671875
1,39.87,13.2398671489209,45.8049774169922
1,39.88,13.2432004488073,45.8264350891113
1,39.89,13.2465337486938,45.8407402038574
1,39.9,13.2498670485802,45.8669662475586
1,39.91,13.2532003484666,45.8836555480957
1,39.92,13.2565336483531,45.9194183349609
1,39.93,13.2598669482395,45.9384918212891
1,39.94,13.2632002481259,45.9623336791992
1,39.95,13.2665335480124,45.9742546081543
1,39.96,13.2698668478988,46.0004806518555
1,39.97,13.2732001477852,46.0076332092285
1,39.98,13.2765334476717,46.0433959960938
1,39.99,13.2798667475581,46.0505485534668
1,40,13.2832000474446,46.0600852966309
1,40.01,13.286533347331,46.083927154541
1,40.02,13.2898666472174,46.086311340332
1,40.03,13.2931999471039,46.1077690124512
1,40.04,13.2965332469903,46.1268424987793
1,40.05,13.2998665468767,46.1626052856445
1,40.06,13.3031998467632,46.1673736572266
1,40.07,13.3065331466496,46.1888313293457
1,40.08,13.309866446536,46.2150573730469
1,40.09,13.3131997464225,46.231746673584
1,40.1,13.3165330463089,46.2627410888672
1,40.11,13.3198663461953,46.2937355041504
1,40.12,13.3231996460818,46.3008880615234
1,40.13,13.3265329459682,46.3294982910156
1,40.14,13.3298662458546,46.3581085205078
1,40.15,13.3331995457411,46.389102935791
1,40.16,13.3365328456275,46.4081764221191
1,40.17,13.339866145514,46.4296340942383
1,40.18,13.3431994454004,46.4606285095215
1,40.19,13.3465327452868,46.4820861816406
1,40.2,13.3498660451733,46.5011596679688
1,40.21,13.3531993450597,46.541690826416
1,40.22,13.3565326449461,46.5559959411621
1,40.23,13.3598659448326,46.5822219848633
1,40.24,13.363199244719,46.5941429138184
1,40.25,13.3665325446054,46.6132164001465
1,40.26,13.3698658444919,46.6322898864746
1,40.27,13.3731991443783,46.6489791870117
1,40.28,13.3765324442647,46.6704368591309
1,40.29,13.3798657441512,46.69189453125
1,40.3,13.3831990440376,46.7205047607422
1,40.31,13.386532343924,46.7300415039063
1,40.32,13.3898656438105,46.7562675476074
1,40.33,13.3931989436969,46.7920303344727
1,40.34,13.3965322435834,46.8277931213379
1,40.35,13.3998655434698,46.844482421875
1,40.36,13.4031988433562,46.8683242797852
1,40.37,13.4065321432427,46.8802452087402
1,40.38,13.4098654431291,46.9160079956055
1,40.39,13.4131987430155,46.9470024108887
1,40.4,13.416532042902,46.9684600830078
1,40.41,13.4198653427884,46.9875335693359
1,40.42,13.4231986426748,47.001838684082
1,40.43,13.4265319425613,47.0113754272461
1,40.44,13.4298652424477,47.0447540283203
1,40.45,13.4331985423341,47.0542907714844
1,40.46,13.4365318422206,47.0781326293945
1,40.47,13.439865142107,47.0829010009766
1,40.48,13.4431984419934,47.0876693725586
1,40.49,13.4465317418799,47.1138954162598
1,40.5,13.4498650417663,47.1353530883789
1,40.51,13.4531983416528,47.1377372741699
1,40.52,13.4565316415392,47.1615791320801
1,40.53,13.4598649414256,47.1639633178711
1,40.54,13.4631982413121,47.1925735473633
1,40.55,13.4665315411985,47.2140312194824
1,40.56,13.4698648410849,47.2354888916016
1,40.57,13.4731981409714,47.2474098205566
1,40.58,13.4765314408578,47.2712516784668
1,40.59,13.4798647407442,47.2927093505859
1,40.6,13.4831980406307,47.3284721374512
1,40.61,13.4865313405171,47.3499298095703
1,40.62,13.4898646404035,47.3833084106445
1,40.63,13.49319794029,47.4190711975098
1,40.64,13.4965312401764,47.4405288696289
1,40.65,13.4998645400628,47.454833984375
1,40.66,13.5031978399493,47.4929809570313
1,40.67,13.5065311398357,47.5215911865234
1,40.68,13.5098644397222,47.5573539733887
1,40.69,13.5131977396086,47.5692749023438
1,40.7,13.516531039495,47.607421875
1,40.71,13.5198643393815,47.6264953613281
1,40.72,13.5231976392679,47.6503372192383
1,40.73,13.5265309391543,47.6670265197754
1,40.74,13.5298642390408,47.7027893066406
1,40.75,13.5331975389272,47.7218627929688
1,40.76,13.5365308388136,47.7337837219238
1,40.77,13.5398641387001,47.7457046508789
1,40.78,13.5431974385865,47.764778137207
1,40.79,13.5465307384729,47.7862358093262
1,40.8,13.5498640383594,47.7957725524902
1,40.81,13.5531973382458,47.8172302246094
1,40.82,13.5565306381322,47.8482246398926
1,40.83,13.5598639380187,47.8696823120117
1,40.84,13.5631972379051,47.8720664978027
1,40.85,13.5665305377916,47.8959083557129
1,40.86,13.569863837678,47.9221343994141
1,40.87,13.5731971375644,47.9459762573242
1,40.88,13.5765304374509,47.9674339294434
1,40.89,13.5798637373373,48.0008125305176
1,40.9,13.5831970372237,48.0270385742188
1,40.91,13.5865303371102,48.058032989502
1,40.92,13.5898636369966,48.0818748474121
1,40.93,13.593196936883,48.1152534484863
1,40.94,13.5965302367695,48.1581687927246
1,40.95,13.5998635366559,48.1891632080078
1,40.96,13.6031968365423,48.2177734375
1,40.97,13.6065301364288,48.2368469238281
1,40.98,13.6098634363152,48.2726097106934
1,40.99,13.6131967362016,48.2916831970215
1,41,13.6165300360881,48.3131408691406
1,41.01,13.6198633359745,48.3393669128418
1,41.02,13.6231966358609,48.372745513916
1,41.03,13.6265299357474,48.3942031860352
1,41.04,13.6298632356338,48.4275817871094
1,41.05,13.6331965355203,48.4347343444824
1,41.06,13.6365298354067,48.4585762023926
1,41.07,13.6398631352931,48.4776496887207
1,41.08,13.6431964351796,48.4943389892578
1,41.09,13.646529735066,48.515796661377
1,41.1,13.6498630349524,48.5420227050781
1,41.11,13.6531963348389,48.5610961914063
1,41.12,13.6565296347253,48.5754013061523
1,41.13,13.6598629346117,48.5968589782715
1,41.14,13.6631962344982,48.6159324645996
1,41.15,13.6665295343846,48.6230850219727
1,41.16,13.669862834271,48.6540794372559
1,41.17,13.6731961341575,48.668384552002
1,41.18,13.6765294340439,48.677921295166
1,41.19,13.6798627339303,48.6969947814941
1,41.2,13.6831960338168,48.7089157104492
1,41.21,13.6865293337032,48.7279891967773
1,41.22,13.6898626335897,48.7399101257324
1,41.23,13.6931959334761,48.7565994262695
1,41.24,13.6965292333625,48.7709045410156
1,41.25,13.699862533249,48.7923622131348
1,41.26,13.7031958331354,48.8138198852539
1,41.27,13.7065291330218,48.820972442627
1,41.28,13.7098624329083,48.8543510437012
1,41.29,13.7131957327947,48.8591194152832
1,41.3,13.7165290326811,48.8853454589844
1,41.31,13.7198623325676,48.8996505737305
1,41.32,13.723195632454,48.9044189453125
1,41.33,13.7265289323404,48.9354133605957
1,41.34,13.7298622322269,48.9544868469238
1,41.35,13.7331955321133,48.9640235900879
1,41.36,13.7365288319998,48.973560333252
1,41.37,13.7398621318862,48.9926338195801
1,41.38,13.7431954317726,48.9950180053711
1,41.39,13.7465287316591,49.0021705627441
1,41.4,13.7498620315455,49.0164756774902
1,41.41,13.7531953314319,49.0283966064453
1,41.42,13.7565286313184,49.0403175354004
1,41.43,13.7598619312048,49.0522384643555
1,41.44,13.7631952310912,49.0760803222656
1,41.45,13.7665285309777,49.0856170654297
1,41.46,13.7698618308641,49.0975379943848
1,41.47,13.7731951307505,49.130916595459
1,41.48,13.776528430637,49.1547584533691
1,41.49,13.7798617305234,49.1714477539063
1,41.5,13.7831950304098,49.1905212402344
1,41.51,13.7865283302963,49.2048263549805
1,41.52,13.7898616301827,49.2382049560547
1,41.53,13.7931949300691,49.2691993713379
1,41.54,13.7965282299556,49.290657043457
1,41.55,13.799861529842,49.3097305297852
1,41.56,13.8031948297285,49.3454933166504
1,41.57,13.8065281296149,49.3669509887695
1,41.58,13.8098614295013,49.3812561035156
1,41.59,13.8131947293878,49.3955612182617
1,41.6,13.8165280292742,49.4241714477539
1,41.61,13.8198613291606,49.4480133056641
1,41.62,13.8231946290471,49.4623184204102
1,41.63,13.8265279289335,49.4837760925293
1,41.64,13.8298612288199,49.5028495788574
1,41.65,13.8365278285928,49.5147705078125
1,41.66,13.8398611284792,49.5338439941406
1,41.68,13.8431944283657,49.5791435241699
1,41.69,13.8465277282521,49.595832824707
1,41.7,13.8498610281385,49.6172904968262
1,41.71,13.853194328025,49.6435165405273
1,41.72,13.8598609277979,49.6578216552734
1,41.74,13.8631942276843,49.7198104858398
1,41.75,13.8698608274572,49.741268157959
1,41.77,13.8731941273436,49.8032569885254
1,41.78,13.87652742723,49.8437881469727
1,41.79,13.8798607271165,49.8723983764648
1,41.8,13.8865273268893,49.9081611633301
1,41.81,13.8898606267758,49.9272346496582
1,41.83,13.8931939266622,50.0059127807617
1,41.84,13.8998605264351,50.0392913818359
1,41.85,13.9031938263215,50.0679016113281
1,41.86,13.9065271262079,50.0941276550293
1,41.88,13.9098604260944,50.1322746276855
1,41.89,13.9165270258673,50.1728057861328
1,41.9,13.9198603257537,50.196647644043
1,41.91,13.9231936256401,50.2204895019531
1,41.92,13.9265269255266,50.2467155456543
1,41.93,13.929860225413,50.2634048461914
1,41.94,13.9331935252994,50.2896308898926
1,41.95,13.9365268251859,50.3158569335938
1,41.96,13.9398601250723,50.3396987915039
1,41.97,13.9431934249587,50.351619720459
1,41.98,13.9465267248452,50.3706932067871
1,41.99,13.9498600247316,50.3873825073242
1,42,13.953193324618,50.4136085510254
1,42.01,13.9565266245045,50.4136085510254
1,42.02,13.9598599243909,50.4279136657715
1,42.03,13.9631932242773,50.4541397094727
1,42.04,13.9665265241638,50.4565238952637
1,42.05,13.9698598240502,50.4922866821289
1,42.06,13.9731931239367,50.501823425293
1,42.07,13.9765264238231,50.5161285400391
1,42.08,13.9798597237095,50.5375862121582
1,42.09,13.983193023596,50.5471229553223
1,42.1,13.9865263234824,50.5900382995605
1,42.11,13.9898596233688,50.6067276000977
1,42.12,13.9931929232553,50.6377220153809
1,42.13,13.9965262231417,50.6591796875
1,42.14,13.9998595230281,50.6854057312012
1,42.15,14.0031928229146,50.7140159606934
1,42.16,14.006526122801,50.7378578186035
1,42.17,14.0098594226874,50.7640838623047
1,42.18,14.0131927225739,50.7879257202148
1,42.19,14.0165260224603,50.811767578125
1,42.2,14.0198593223467,50.8236885070801
1,42.21,14.0231926222332,50.8642196655273
1,42.22,14.0265259221196,50.8713722229004
1,42.23,14.0298592220061,50.9023666381836
1,42.24,14.0331925218925,50.9285926818848
1,42.25,14.0365258217789,50.9405136108398
1,42.26,14.0398591216654,50.96435546875
1,42.27,14.0431924215518,50.9810447692871
1,42.28,14.0465257214382,51.0096549987793
1,42.29,14.0498590213247,51.0358810424805
1,42.3,14.0531923212111,51.0549545288086
1,42.31,14.0565256210975,51.0787963867188
1,42.32,14.059858920984,51.1002540588379
1,42.33,14.0631922208704,51.114559173584
1,42.34,14.0665255207568,51.1479377746582
1,42.35,14.0698588206433,51.1741638183594
1,42.36,14.0731921205297,51.1956214904785
1,42.37,14.0765254204161,51.2123107910156
1,42.38,14.0798587203026,51.2504577636719
1,42.39,14.083192020189,51.264762878418
1,42.4,14.0865253200755,51.2886047363281
1,42.41,14.0898586199619,51.3100624084473
1,42.42,14.0931919198483,51.3410568237305
1,42.43,14.0965252197348,51.3625144958496
1,42.44,14.0998585196212,51.3792037963867
1,42.45,14.1031918195076,51.4078140258789
1,42.46,14.1065251193941,51.4340400695801
1,42.47,14.1098584192805,51.4531135559082
1,42.48,14.1131917191669,51.4721870422363
1,42.49,14.1165250190534,51.4817237854004
1,42.5,14.1198583189398,51.5174865722656
1,42.51,14.1231916188262,51.5389442443848
1,42.52,14.1265249187127,51.5604019165039
1,42.53,14.1298582185991,51.5627861022949
1,42.54,14.1331915184855,51.5890121459961
1,42.55,14.136524818372,51.6176223754883
1,42.56,14.1398581182584,51.6390800476074
1,42.57,14.1431914181449,51.6390800476074
1,42.58,14.1465247180313,51.6676902770996
1,42.59,14.1498580179177,51.6915321350098
1,42.6,14.1531913178042,51.7129898071289
1,42.61,14.1565246176906,51.734447479248
1,42.62,14.159857917577,51.7535209655762
1,42.63,14.1631912174635,51.7749786376953
1,42.64,14.1665245173499,51.8035888671875
1,42.65,14.1698578172363,51.8155097961426
1,42.66,14.1731911171228,51.8655776977539
1,42.67,14.1765244170092,51.875114440918
1,42.68,14.1798577168956,51.9037246704102
1,42.69,14.1831910167821,51.9204139709473
1,42.7,14.1865243166685,51.9490242004395
1,42.71,14.1898576165549,51.9585609436035
1,42.72,14.1931909164414,51.9847869873047
1,42.73,14.1965242163278,52.0133972167969
1,42.74,14.1998575162143,52.027702331543
1,42.75,14.2031908161007,52.0467758178711
1,42.76,14.2065241159871,52.0825386047363
1,42.77,14.2098574158736,52.0944595336914
1,42.78,14.21319071576,52.1087646484375
1,42.79,14.2165240156464,52.1254539489746
1,42.8,14.2198573155329,52.1636009216309
1,42.81,14.2231906154193,52.1707534790039
1,42.82,14.2265239153057,52.18505859375
1,42.83,14.2298572151922,52.2089004516602
1,42.84,14.2331905150786,52.2160530090332
1,42.85,14.236523814965,52.2303581237793
1,42.86,14.2398571148515,52.2589683532715
1,42.87,14.2431904147379,52.2804260253906
1,42.88,14.2465237146243,52.3018836975098
1,42.89,14.2498570145108,52.3138046264648
1,42.9,14.2531903143972,52.3591041564941
1,42.91,14.2565236142837,52.3757934570313
1,42.92,14.2598569141701,52.4020195007324
1,42.93,14.2631902140565,52.4306297302246
1,42.94,14.266523513943,52.4735450744629
1,42.95,14.2698568138294,52.497386932373
1,42.96,14.2731901137158,52.5259971618652
1,42.97,14.2765234136023,52.5403022766113
1,42.98,14.2798567134887,52.5736808776855
1,42.99,14.2831900133751,52.5927543640137
1,43,14.2865233132616,52.6165962219238
1,43.01,14.289856613148,52.642822265625
1,43.02,14.2931899130344,52.6571273803711
1,43.03,14.2965232129209,52.6762008666992
1,43.04,14.2998565128073,52.7000427246094
1,43.05,14.3031898126937,52.7048110961914
1,43.06,14.3065231125802,52.7429580688477
1,43.07,14.3098564124666,52.7644157409668
1,43.08,14.3131897123531,52.7834892272949
1,43.09,14.3165230122395,52.8049468994141
1,43.1,14.3198563121259,52.8192520141602
1,43.11,14.3231896120124,52.8454780578613
1,43.12,14.3265229118988,52.8764724731445
1,43.13,14.3298562117852,52.9026985168457
1,43.14,14.3331895116717,52.9265403747559
1,43.15,14.3365228115581,52.955150604248
1,43.16,14.3398561114445,52.9766082763672
1,43.17,14.343189411331,52.9909133911133
1,43.18,14.3465227112174,53.0314445495605
1,43.19,14.3498560111038,53.0600547790527
1,43.2,14.3531893109903,53.0695915222168
1,43.21,14.3565226108767,53.0910491943359
1,43.22,14.3598559107631,53.1196594238281
1,43.23,14.3631892106496,53.1387329101563
1,43.24,14.366522510536,53.1601905822754
1,43.25,14.3698558104225,53.1935691833496
1,43.26,14.3731891103089,53.2031059265137
1,43.27,14.3765224101953,53.2317161560059
1,43.28,14.3798557100818,53.2436370849609
1,43.29,14.3831890099682,53.2627105712891
1,43.3,14.3865223098546,53.2865524291992
1,43.31,14.3898556097411,53.3056259155273
1,43.32,14.3931889096275,53.3246994018555
1,43.33,14.3965222095139,53.3342361450195
1,43.34,14.3998555094004,53.3652305603027
1,43.35,14.4031888092868,53.3938407897949
1,43.36,14.4065221091732,53.410530090332
1,43.37,14.4098554090597,53.4224510192871
1,43.38,14.4131887089461,53.4439086914063
1,43.39,14.4165220088325,53.4820556640625
1,43.4,14.419855308719,53.5011291503906
1,43.41,14.4231886086054,53.5273551940918
1,43.42,14.4265219084918,53.5392761230469
1,43.43,14.4298552083783,53.565502166748
1,43.44,14.4331885082647,53.5917282104492
1,43.45,14.4365218081512,53.6227226257324
1,43.46,14.4398551080376,53.6417961120605
1,43.47,14.443188407924,53.6704063415527
1,43.48,14.4465217078105,53.6799430847168
1,43.49,14.4498550076969,53.715705871582
1,43.5,14.4531883075833,53.7395477294922
1,43.51,14.4565216074698,53.7610054016113
1,43.52,14.4598549073562,53.7848472595215
1,43.53,14.4631882072426,53.8015365600586
1,43.54,14.4665215071291,53.8301467895508
1,43.55,14.4698548070155,53.8516044616699
1,43.56,14.4731881069019,53.8778305053711
1,43.57,14.4765214067884,53.9016723632813
1,43.58,14.4798547066748,53.9112091064453
1,43.59,14.4831880065613,53.9326667785645
1,43.6,14.4865213064477,53.9445877075195
1,43.61,14.4898546063341,53.9779663085938
1,43.62,14.4931879062206,54.0018081665039
1,43.63,14.496521206107,54.0256500244141
1,43.64,14.4998545059934,54.0328025817871
1,43.65,14.5031878058799,54.0518760681152
1,43.66,14.5065211057663,54.0757179260254
1,43.67,14.5098544056527,54.1114807128906
1,43.68,14.5131877055392,54.1257858276367
1,43.69,14.5165210054256,54.1424751281738
1,43.7,14.519854305312,54.168701171875
1,43.71,14.5231876051985,54.1925430297852
1,43.72,14.5265209050849,54.2259216308594
1,43.73,14.5298542049713,54.2473793029785
1,43.74,14.5331875048578,54.2736053466797
1,43.75,14.5365208047442,54.2950630187988
1,43.76,14.5398541046306,54.323673248291
1,43.77,14.5431874045171,54.3522834777832
1,43.78,14.5465207044035,54.3832778930664
1,43.79,14.54985400429,54.3928146362305
1,43.8,14.5531873041764,54.4238090515137
1,43.81,14.5565206040628,54.4524192810059
1,43.82,14.5598539039493,54.4834136962891
1,43.83,14.5631872038357,54.4905662536621
1,43.84,14.5665205037221,54.5167922973633
1,43.85,14.5698538036086,54.5334815979004
1,43.86,14.573187103495,54.5573234558105
1,43.87,14.5765204033814,54.5859336853027
1,43.88,14.5798537032679,54.5907020568848
1,43.89,14.5831870031543,54.6097755432129
1,43.9,14.5865203030407,54.6360015869141
1,43.91,14.5898536029272,54.6646118164063
1,43.92,14.5931869028136,54.6813011169434
1,43.93,14.5965202027,54.7051429748535
1,43.94,14.5998535025865,54.7242164611816
1,43.95,14.6031868024729,54.7266006469727
1,43.96,14.6065201023594,54.7385215759277
1,43.97,14.6098534022458,54.7552108764648
1,43.98,14.6131867021322,54.7647476196289
1,43.99,14.6165200020187,54.7909736633301
1,44,14.6198533019051,54.7957420349121
1,44.01,14.6231866017915,54.7981262207031
1,44.02,14.626519901678,54.8148155212402
1,44.03,14.6298532015644,54.8291206359863
1,44.04,14.6331865014508,54.8338890075684
1,44.05,14.6365198013373,54.8481941223145
1,44.06,14.6398531012237,54.8744201660156
1,44.07,14.6431864011101,54.8839569091797
1,44.08,14.6465197009966,54.8958778381348
1,44.09,14.649853000883,54.9101829528809
1,44.1,14.6531863007695,54.929256439209
1,44.11,14.6565196006559,54.9554824829102
1,44.12,14.6598529005423,54.9817085266113
1,44.13,14.6631862004288,55.0079345703125
1,44.14,14.6665195003152,55.0198554992676
1,44.15,14.6698528002016,55.0580024719238
1,44.16,14.6731861000881,55.091381072998
1,44.17,14.6765193999745,55.1271438598633
1,44.18,14.6798526998609,55.1462173461914
1,44.19,14.6831859997474,55.1772117614746
1,44.2,14.6865192996338,55.1986694335938
1,44.21,14.6898525995202,55.232048034668
1,44.22,14.6931858994067,55.2630424499512
1,44.23,14.6965191992931,55.2892684936523
1,44.24,14.6998524991795,55.3154945373535
1,44.25,14.703185799066,55.3369522094727
1,44.26,14.7065190989524,55.3750991821289
1,44.27,14.7098523988388,55.4013252258301
1,44.28,14.7131856987253,55.4251670837402
1,44.29,14.7165189986117,55.4466247558594
1,44.3,14.7198522984982,55.4776191711426
1,44.31,14.7231855983846,55.5038452148438
1,44.32,14.726518898271,55.537223815918
1,44.33,14.7298521981575,55.5634498596191
1,44.34,14.7331854980439,55.5849075317383
1,44.35,14.7365187979303,55.6087493896484
1,44.36,14.7398520978168,55.6325912475586
1,44.37,14.7431853977032,55.6731224060059
1,44.38,14.7465186975896,55.694580078125
1,44.39,14.7498519974761,55.7136535644531
1,44.4,14.7531852973625,55.7446479797363
1,44.41,14.7565185972489,55.7756423950195
1,44.42,14.7598518971354,55.8018684387207
1,44.43,14.7631851970218,55.8280944824219
1,44.44,14.7665184969082,55.854320526123
1,44.45,14.7698517967947,55.8686256408691
1,44.46,14.7731850966811,55.8996200561523
1,44.47,14.7765183965676,55.9329986572266
1,44.48,14.779851696454,55.9449195861816
1,44.49,14.7831849963404,55.9663772583008
1,44.5,14.7865182962269,55.9854507446289
1,44.51,14.7898515961133,55.999755859375
1,44.52,14.7931848959997,56.0164451599121
1,44.53,14.7965181958862,56.0235977172852
1,44.54,14.7998514957726,56.0522079467773
1,44.55,14.803184795659,56.0569763183594
1,44.56,14.8065180955455,56.0688972473145
1,44.57,14.8098513954319,56.0879707336426
1,44.58,14.8131846953183,56.1141967773438
1,44.59,14.8165179952048,56.1380386352539
1,44.6,14.8198512950912,56.154727935791
1,44.61,14.8231845949776,56.1714172363281
1,44.62,14.8265178948641,56.1928749084473
1,44.63,14.8298511947505,56.2119483947754
1,44.64,14.833184494637,56.2286376953125
1,44.65,14.8365177945234,56.2477111816406
1,44.66,14.8398510944098,56.2763214111328
1,44.67,14.8431843942963,56.302547454834
1,44.68,14.8465176941827,56.3335418701172
1,44.69,14.8498509940691,56.3693046569824
1,44.7,14.8531842939556,56.4002990722656
1,44.71,14.856517593842,56.4193725585938
1,44.72,14.8598508937284,56.455135345459
1,44.73,14.8631841936149,56.4885139465332
1,44.74,14.8665174935013,56.5147399902344
1,44.75,14.8698507933877,56.5552711486816
1,44.76,14.8731840932742,56.5838813781738
1,44.77,14.8765173931606,56.612491607666
1,44.78,14.879850693047,56.6244125366211
1,44.79,14.8831839929335,56.6530227661133
1,44.8,14.8865172928199,56.6816329956055
1,44.81,14.8898505927064,56.7173957824707
1,44.82,14.8931838925928,56.7412376403809
1,44.83,14.8965171924792,56.755542755127
1,44.84,14.8998504923657,56.7841529846191
1,44.85,14.9031837922521,56.8079948425293
1,44.86,14.9065170921385,56.8366050720215
1,44.87,14.909850392025,56.8580627441406
1,44.88,14.9131836919114,56.8842887878418
1,44.89,14.9165169917978,56.910514831543
1,44.9,14.9198502916843,56.922435760498
1,44.91,14.9231835915707,56.9510459899902
1,44.92,14.9265168914571,56.9915771484375
1,44.93,14.9298501913436,57.0082664489746
1,44.94,14.93318349123,57.0416450500488
1,44.95,14.9365167911164,57.072639465332
1,44.96,14.9398500910029,57.0964813232422
1,44.97,14.9431833908893,57.1298599243164
1,44.98,14.9465166907758,57.1608543395996
1,44.99,14.9498499906622,57.1918487548828
1,45,14.9531832905486,57.218074798584
1,45.01,14.9565165904351,57.2538375854492
1,45.02,14.9598498903215,57.2872161865234
1,45.03,14.9631831902079,57.3182106018066
1,45.04,14.9665164900944,57.3515892028809
1,45.05,14.9698497899808,57.3825836181641
1,45.06,14.9731830898672,57.4064254760742
1,45.07,14.9765163897537,57.4445724487305
1,45.08,14.9798496896401,57.4541091918945
1,45.09,14.9831829895265,57.4851036071777
1,45.1,14.986516289413,57.5137138366699
1,45.11,14.9898495892994,57.5399398803711
1,45.12,14.9931828891858,57.5542449951172
1,45.13,14.9965161890723,57.5637817382813
1,45.14,14.9998494889587,57.5900077819824
1,45.15,15.0031827888452,57.6114654541016
1,45.16,15.0065160887316,57.6281547546387
1,45.17,15.009849388618,57.6424598693848
1,45.18,15.0131826885045,57.6639175415039
1,45.19,15.0165159883909,57.680606842041
1,45.2,15.0198492882773,57.685375213623
1,45.21,15.0231825881638,57.6996803283691
1,45.22,15.0265158880502,57.7187538146973
1,45.23,15.0298491879366,57.7306747436523
1,45.24,15.0331824878231,57.7402114868164
1,45.25,15.0365157877095,57.7640533447266
1,45.26,15.0398490875959,57.7807426452637
1,45.27,15.0431823874824,57.7950477600098
1,45.28,15.0465156873688,57.8022003173828
1,45.29,15.0498489872552,57.8117370605469
1,45.3,15.0531822871417,57.8403472900391
1,45.31,15.0565155870281,57.8594207763672
1,45.32,15.0598488869146,57.8713417053223
1,45.33,15.063182186801,57.8927993774414
1,45.34,15.0665154866874,57.9166412353516
1,45.35,15.0698487865739,57.9261779785156
1,45.36,15.0731820864603,57.9500198364258
1,45.37,15.0765153863467,57.9714775085449
1,45.38,15.0798486862332,57.981014251709
1,45.39,15.0831819861196,57.9953193664551
1,45.4,15.086515286006,58.0096244812012
1,45.41,15.0898485858925,58.0286979675293
1,45.42,15.0931818857789,58.0501556396484
1,45.43,15.0965151856653,58.0835342407227
1,45.44,15.0998484855518,58.0787658691406
1,45.45,15.1031817854382,58.1121444702148
1,45.46,15.1065150853246,58.131217956543
1,45.47,15.1098483852111,58.1574440002441
1,45.48,15.1131816850975,58.1765174865723
1,45.49,15.116514984984,58.1955909729004
1,45.5,15.1198482848704,58.2361221313477
1,45.51,15.1231815847568,58.2504272460938
1,45.52,15.1265148846433,58.281421661377
1,45.53,15.1298481845297,58.3004951477051
1,45.54,15.1331814844161,58.3338737487793
1,45.55,15.1365147843026,58.3624839782715
1,45.56,15.139848084189,58.3767890930176
1,45.57,15.1431813840754,58.3863258361816
1,45.58,15.1465146839619,58.4173202514648
1,45.59,15.1498479838483,58.443546295166
1,45.6,15.1531812837347,58.4578514099121
1,45.61,15.1565145836212,58.4626197814941
1,45.62,15.1598478835076,58.4936141967773
1,45.63,15.163181183394,58.5150718688965
1,45.64,15.1665144832805,58.5365295410156
1,45.65,15.1698477831669,58.5556030273438
1,45.66,15.1731810830534,58.5746765136719
1,45.67,15.1765143829398,58.59375
1,45.68,15.1798476828262,58.6366653442383
1,45.69,15.1831809827127,58.6533546447754
1,45.7,15.1865142825991,58.6867332458496
1,45.71,15.1898475824855,58.7201118469238
1,45.72,15.193180882372,58.743953704834
1,45.73,15.1965141822584,58.7701797485352
1,45.74,15.1998474821448,58.8130950927734
1,45.75,15.2031807820313,58.8321685791016
1,45.76,15.2065140819177,58.8560104370117
1,45.77,15.2098473818041,58.9084625244141
1,45.78,15.2131806816906,58.9418411254883
1,45.79,15.216513981577,58.9704513549805
1,45.8,15.2198472814634,59.0085983276367
1,45.81,15.2231805813499,59.0372085571289
1,45.82,15.2265138812363,59.0419769287109
1,45.83,15.2298471811228,59.0848922729492
1,45.84,15.2331804810092,59.1182708740234
1,45.85,15.2365137808956,59.1421127319336
1,45.86,15.2398470807821,59.1564178466797
1,45.87,15.2431803806685,59.1802597045898
1,45.88,15.2465136805549,59.1897964477539
1,45.89,15.2498469804414,59.2279434204102
1,45.9,15.2531802803278,59.2231750488281
1,45.91,15.2565135802142,59.2470169067383
1,45.92,15.2598468801007,59.2374801635742
1,45.93,15.2631801799871,59.2708587646484
1,45.94,15.2665134798735,59.2851638793945
1,45.95,15.26984677976,59.2994689941406
1,45.96,15.2731800796464,59.3090057373047
1,45.97,15.2765133795328,59.3233108520508
1,45.98,15.2798466794193,59.3423843383789
1,45.99,15.2831799793057,59.3662261962891
1,46,15.2865132791921,59.3900680541992
1,46.01,15.2898465790786,59.4425201416016
1,46.02,15.293179878965,59.4568252563477
1,46.03,15.2965131788515,59.4758987426758
1,46.04,15.2998464787379,59.5188140869141
1,46.05,15.3031797786243,59.5283508300781
1,46.06,15.3065130785108,59.5617294311523
1,46.07,15.3098463783972,59.6046447753906
1,46.08,15.3131796782836,59.6189498901367
1,46.09,15.3165129781701,59.6475601196289
1,46.1,15.3198462780565,59.6809387207031
1,46.11,15.3231795779429,59.6952438354492
1,46.12,15.3265128778294,59.7429275512695
1,46.13,15.3298461777158,59.7763061523438
1,46.14,15.3331794776022,59.8001480102539
1,46.15,15.3365127774887,59.8049163818359
1,46.16,15.3398460773751,59.8573684692383
1,46.17,15.3431793772616,59.8859786987305
1,46.18,15.346512677148,59.9098205566406
1,46.19,15.3498459770344,59.9145889282227
1,46.2,15.3531792769209,59.962272644043
1,46.21,15.3565125768073,59.962272644043
1,46.22,15.3598458766937,59.9908828735352
1,46.23,15.3631791765802,60.0051879882813
1,46.24,15.3665124764666,60.0385665893555
1,46.25,15.369845776353,60.0528717041016
1,46.26,15.3731790762395,60.0671768188477
1,46.27,15.3765123761259,60.0957870483398
1,46.28,15.3798456760123,60.1291656494141
1,46.29,15.3831789758988,60.1577758789063
1,46.3,15.3865122757852,60.1768493652344
1,46.31,15.3898455756716,60.2006912231445
1,46.32,15.3931788755581,60.2245330810547
1,46.33,15.3965121754445,60.2436065673828
1,46.34,15.3998454753309,60.2483749389648
1,46.35,15.4031787752174,60.2865219116211
1,46.36,15.4065120751038,60.3294372558594
1,46.37,15.4098453749903,60.3580474853516
1,46.38,15.4131786748767,60.3675842285156
1,46.39,15.4165119747631,60.3866577148438
1,46.4,15.4198452746496,60.3914260864258
1,46.41,15.423178574536,60.4057312011719
1,46.42,15.4265118744224,60.4438781738281
1,46.43,15.4298451743089,60.4629516601563
1,46.44,15.4331784741953,60.4915618896484
1,46.45,15.4365117740817,60.4915618896484
1,46.46,15.4398450739682,60.5249404907227
1,46.47,15.4431783738546,60.5297088623047
1,46.48,15.446511673741,60.5344772338867
1,46.49,15.4498449736275,60.5440139770508
1,46.5,15.4531782735139,60.5630874633789
1,46.51,15.4565115734003,60.5869293212891
1,46.52,15.4598448732868,60.6012344360352
1,46.53,15.4631781731732,60.6012344360352
1,46.54,15.4665114730597,60.6203079223633
1,46.55,15.4698447729461,60.6203079223633
1,46.56,15.4731780728325,60.6584548950195
1,46.57,15.476511372719,60.6536865234375
1,46.58,15.4798446726054,60.6775283813477
1,46.59,15.4831779724918,60.6966018676758
1,46.6,15.4865112723783,60.7013702392578
1,46.61,15.4898445722647,60.734748840332
1,46.62,15.4931778721511,60.7633590698242
1,46.63,15.4965111720376,60.7872009277344
1,46.64,15.499844471924,60.7919692993164
1,46.65,15.5031777718104,60.8396530151367
1,46.66,15.5065110716969,60.8587265014648
1,46.67,15.5098443715833,60.877799987793
1,46.68,15.5131776714697,60.9207153320313
1,46.69,15.5165109713562,60.9493255615234
1,46.7,15.5198442712426,60.9970092773438
1,46.71,15.5231775711291,61.0017776489258
1,46.72,15.5265108710155,61.03515625
1,46.73,15.5298441709019,61.0733032226563
1,46.74,15.5331774707884,61.0876083374023
1,46.75,15.5365107706748,61.1066818237305
1,46.76,15.5398440705612,61.1734390258789
1,46.77,15.5431773704477,61.192512512207
1,46.78,15.5465106703341,61.2258911132813
1,46.79,15.5498439702205,61.2354278564453
1,46.8,15.553177270107,61.2926483154297
1,46.81,15.5565105699934,61.2974166870117
1,46.82,15.5598438698798,61.3307952880859
1,46.83,15.5631771697663,61.3498687744141
1,46.84,15.5665104696527,61.3689422607422
1,46.85,15.5698437695391,61.4023208618164
1,46.86,15.5731770694256,61.4595413208008
1,46.87,15.576510369312,61.4786148071289
1,46.88,15.5798436691985,61.4833831787109
1,46.89,15.5831769690849,61.5215301513672
1,46.9,15.5865102689713,61.5215301513672
1,46.91,15.5898435688578,61.5835189819336
1,46.92,15.5931768687442,61.6216659545898
1,46.93,15.5965101686306,61.6598129272461
1,46.94,15.5998434685171,61.6645812988281
1,46.95,15.6031767684035,61.7027282714844
1,46.96,15.6065100682899,61.7218017578125
1,46.97,15.6098433681764,61.7551803588867
1,46.98,15.6131766680628,61.7742538452148
1,46.99,15.6165099679492,61.798095703125
1,47,15.6198432678357,61.8314743041992
1,47.01,15.6231765677221,61.8791580200195
1,47.02,15.6265098676085,61.8934631347656
1,47.03,15.629843167495,61.9268417358398
1,47.04,15.6331764673814,61.955451965332
1,47.05,15.6365097672679,61.955451965332
1,47.06,15.6398430671543,61.9745254516602
1,47.07,15.6431763670407,61.9792938232422
1,47.08,15.6465096669272,62.0174407958984
1,47.09,15.6498429668136,62.0460510253906
1,47.1,15.6531762667,62.0746612548828
1,47.11,15.6565095665865,62.0937347412109
1,47.12,15.6598428664729,62.0937347412109
1,47.13,15.6631761663593,62.1175765991211
1,47.14,15.6665094662458,62.1509552001953
1,47.15,15.6698427661322,62.1747970581055
1,47.16,15.6731760660186,62.2034072875977
1,47.17,15.6765093659051,62.2272491455078
1,47.18,15.6798426657915,62.255859375
1,47.19,15.6831759656779,62.2653961181641
1,47.2,15.6865092655644,62.3178482055664
1,47.21,15.6898425654508,62.3083114624023
1,47.22,15.6931758653373,62.3607635498047
1,47.23,15.6965091652237,62.3893737792969
1,47.24,15.6998424651101,62.3989105224609
1,47.25,15.7031757649966,62.403678894043
1,47.26,15.706509064883,62.4561309814453
1,47.27,15.7098423647694,62.4752044677734
1,47.28,15.7165089645423,62.4704360961914
1,47.29,15.7198422644287,62.5085830688477
1,47.31,15.7231755643152,62.5467300415039
1,47.32,15.7265088642016,62.5705718994141
1,47.33,15.729842164088,62.5848770141602
1,47.34,15.7365087638609,62.6182556152344
1,47.35,15.7398420637473,62.6420974731445
1,47.37,15.7431753636338,62.6945495605469
1,47.38,15.7498419634067,62.708854675293
1,47.39,15.7531752632931,62.7422332763672
1,47.4,15.7565085631795,62.7660751342773
1,47.41,15.759841863066,62.8089904785156
1,47.42,15.7631751629524,62.8376007080078
1,47.43,15.7665084628388,62.8519058227539
1,47.44,15.7698417627253,62.8757476806641
1,47.45,15.7731750626117,62.8948211669922
1,47.47,15.7798416623846,62.9901885986328
1,47.48,15.783174962271,63.023567199707
1,47.49,15.7865082621574,63.0474090576172
1,47.5,15.7898415620439,63.0855560302734
1,47.51,15.7931748619303,63.1093978881836
1,47.52,15.7965081618167,63.166618347168
1,47.53,15.7998414617032,63.2047653198242
1,47.54,15.8031747615896,63.2381439208984
1,47.55,15.8065080614761,63.2524490356445
1,47.56,15.8098413613625,63.3001327514648
1,47.57,15.8131746612489,63.323974609375
1,47.58,15.8165079611354,63.3811950683594
1,47.59,15.8198412610218,63.4336471557617
1,47.6,15.8231745609082,63.4431838989258
1,47.61,15.8265078607947,63.4622573852539
1,47.62,15.8298411606811,63.4956359863281
1,47.63,15.8331744605675,63.5194778442383
1,47.64,15.836507760454,63.5719299316406
1,47.65,15.8398410603404,63.5957717895508
1,47.66,15.8431743602268,63.624382019043
1,47.67,15.8465076601133,63.6529922485352
1,47.68,15.8498409599997,63.6577606201172
1,47.69,15.8531742598861,63.6959075927734
1,47.7,15.8565075597726,63.7149810791016
1,47.71,15.859840859659,63.7292861938477
1,47.72,15.8631741595454,63.7531280517578
1,47.73,15.8665074594319,63.7292861938477
1,47.74,15.8698407593183,63.78173828125
1,47.75,15.8731740592048,63.786506652832
1,47.76,15.8765073590912,63.7912750244141
1,47.77,15.8798406589776,63.8198852539063
1,47.78,15.8831739588641,63.8103485107422
1,47.79,15.8865072587505,63.8103485107422
1,47.8,15.8898405586369,63.8103485107422
1,47.81,15.8931738585234,63.8532638549805
1,47.82,15.8965071584098,63.8484954833984
1,47.83,15.8998404582962,63.8723373413086
1,47.84,15.9031737581827,63.8675689697266
1,47.85,15.9065070580691,63.8866424560547
1,47.86,15.9098403579555,63.8914108276367
1,47.87,15.913173657842,63.9104843139648
1,47.88,15.9165069577284,63.9152526855469
1,47.89,15.9198402576149,63.9581680297852
1,47.9,15.9231735575013,63.9772415161133
1,47.91,15.9265068573877,63.9820098876953
1,47.92,15.9298401572742,63.9963150024414
1,47.93,15.9331734571606,64.0392303466797
1,47.94,15.936506757047,64.0344619750977
1,47.95,15.9398400569335,64.0487670898438
1,47.96,15.9431733568199,64.0964508056641
1,47.97,15.9465066567063,64.091682434082
1,47.98,15.9498399565928,64.1155242919922
1,47.99,15.9531732564792,64.1155242919922
1,48,15.9565065563656,64.1489028930664
1,48.01,15.9598398562521,64.1775131225586
1,48.02,15.9631731561385,64.1965866088867
1,48.03,15.9665064560249,64.2251968383789
1,48.04,15.9698397559114,64.2490386962891
1,48.05,15.9731730557978,64.2681121826172
1,48.06,15.9765063556843,64.3253326416016
1,48.07,15.9798396555707,64.3491744995117
1,48.08,15.9831729554571,64.3682479858398
1,48.09,15.9865062553436,64.4063949584961
1,48.1,15.98983955523,64.4350051879883
1,48.11,15.9931728551164,64.4826889038086
1,48.12,15.9965061550029,64.5017623901367
1,48.13,15.9998394548893,64.544677734375
1,48.14,16.0031727547757,64.5542144775391
1,48.15,16.0065060546622,64.5971298217773
1,48.16,16.0098393545486,64.6114349365234
1,48.17,16.013172654435,64.6448135375977
1,48.18,16.0165059543215,64.6686553955078
1,48.19,16.0198392542079,64.6734237670898
1,48.2,16.0231725540943,64.7163391113281
1,48.21,16.0265058539808,64.7258758544922
1,48.22,16.0298391538672,64.7258758544922
1,48.23,16.0331724537537,64.7735595703125
1,48.24,16.0365057536401,64.7783279418945
1,48.25,16.0398390535265,64.7926330566406
1,48.26,16.043172353413,64.845085144043
1,48.27,16.0465056532994,64.849853515625
1,48.28,16.0498389531858,64.8784637451172
1,48.29,16.0531722530723,64.8975372314453
1,48.3,16.0565055529587,64.9499893188477
1,48.31,16.0598388528451,64.9642944335938
1,48.32,16.0631721527316,64.9833679199219
1,48.33,16.066505452618,65.0215148925781
1,48.34,16.0698387525044,65.0691986083984
1,48.35,16.0731720523909,65.0882720947266
1,48.36,16.0765053522773,65.1264190673828
1,48.37,16.0798386521637,65.1311874389648
1,48.38,16.0831719520502,65.150260925293
1,48.39,16.0865052519366,65.1884078979492
1,48.4,16.0898385518231,65.2360916137695
1,48.41,16.0931718517095,65.2503967285156
1,48.42,16.0965051515959,65.2647018432617
1,48.43,16.0998384514824,65.2933120727539
1,48.44,16.1031717513688,65.3314590454102
1,48.45,16.1065050512552,65.3648376464844
1,48.46,16.1098383511417,65.3839111328125
1,48.47,16.1131716510281,65.4172897338867
1,48.48,16.1165049509145,65.4363632202148
1,48.49,16.119838250801,65.455436706543
1,48.5,16.1231715506874,65.4697418212891
1,48.51,16.1265048505738,65.5364990234375
1,48.52,16.1298381504603,65.5508041381836
1,48.53,16.1331714503467,65.5698776245117
1,48.54,16.1365047502331,65.617561340332
1,48.55,16.1398380501196,65.6509399414063
1,48.56,16.143171350006,65.6652450561523
1,48.57,16.1465046498925,65.6986236572266
1,48.58,16.1498379497789,65.7320022583008
1,48.59,16.1531712496653,65.770149230957
1,48.6,16.1565045495518,65.7939910888672
1,48.61,16.1598378494382,65.7987594604492
1,48.62,16.1631711493246,65.8226013183594
1,48.63,16.1665044492111,65.8845901489258
1,48.64,16.1698377490975,65.8941268920898
1,48.65,16.1731710489839,65.9275054931641
1,48.66,16.1765043488704,65.9465789794922
1,48.67,16.1798376487568,65.9894943237305
1,48.68,16.1831709486432,65.9990310668945
1,48.69,16.1865042485297,66.0228729248047
1,48.7,16.1898375484161,66.0514831542969
1,48.71,16.1931708483025,66.0896301269531
1,48.72,16.196504148189,66.1087036132813
1,48.73,16.1998374480754,66.1134719848633
1,48.74,16.2031707479618,66.1563873291016
1,48.75,16.2065040478483,66.1706924438477
1,48.76,16.2098373477347,66.1993026733398
1,48.77,16.2131706476212,66.2136077880859
1,48.78,16.2165039475076,66.2326812744141
1,48.79,16.219837247394,66.2803649902344
1,48.8,16.2231705472805,66.2946701049805
1,48.81,16.2265038471669,66.3280487060547
1,48.82,16.2298371470533,66.3566589355469
1,48.83,16.2331704469398,66.3852691650391
1,48.84,16.2365037468262,66.4138793945313
1,48.85,16.2398370467126,66.4424896240234
1,48.86,16.2431703465991,66.4615631103516
1,48.87,16.2465036464855,66.4806365966797
1,48.88,16.2498369463719,66.5140151977539
1,48.89,16.2531702462584,66.5426254272461
1,48.9,16.2565035461448,66.5521621704102
1,48.91,16.2598368460312,66.5998458862305
1,48.92,16.2631701459177,66.6284561157227
1,48.93,16.2665034458041,66.6427612304688
1,48.94,16.2698367456906,66.6666030883789
1,48.95,16.273170045577,66.6713714599609
1,48.96,16.2765033454634,66.6952133178711
1,48.97,16.2798366453499,66.7238235473633
1,48.98,16.2831699452363,66.7572021484375
1,48.99,16.2865032451227,66.7762756347656
1,49,16.2898365450092,66.8001174926758
1,49.01,16.2931698448956,66.7953491210938
1,49.02,16.296503144782,66.828727722168
1,49.03,16.2998364446685,66.838264465332
1,49.04,16.3031697445549,66.8430328369141
1,49.05,16.3065030444413,66.8764114379883
1,49.06,16.3098363443278,66.8811798095703
1,49.07,16.3131696442142,66.8907165527344
1,49.08,16.3165029441006,66.8811798095703
1,49.09,16.3198362439871,66.9050216674805
1,49.1,16.3231695438735,66.9288635253906
1,49.11,16.32650284376,66.9431686401367
1,49.12,16.3298361436464,66.9431686401367
1,49.13,16.3331694435328,66.9765472412109
1,49.14,16.3365027434193,66.9956207275391
1,49.15,16.3398360433057,66.986083984375
1,49.16,16.3431693431921,67.0003890991211
1,49.17,16.3465026430786,67.0099258422852
1,49.18,16.349835942965,67.0528411865234
1,49.19,16.3531692428514,67.0719146728516
1,49.2,16.3565025427379,67.0957565307617
1,49.21,16.3598358426243,67.1005249023438
1,49.22,16.3631691425107,67.1625137329102
1,49.23,16.3665024423972,67.1863555908203
1,49.24,16.3698357422836,67.2388076782227
1,49.25,16.37316904217,67.2674179077148
1,49.26,16.3765023420565,67.291259765625
1,49.27,16.3798356419429,67.3103332519531
1,49.28,16.3831689418294,67.3294067382813
1,49.29,16.3865022417158,67.3818588256836
1,49.3,16.3898355416022,67.4104690551758
1,49.31,16.3931688414887,67.4343109130859
1,49.32,16.3965021413751,67.44384765625
1,49.33,16.3998354412615,67.4676895141602
1,49.34,16.403168741148,67.5201416015625
1,49.35,16.4065020410344,67.5249099731445
1,49.36,16.4098353409208,67.5439834594727
1,49.37,16.4131686408073,67.5630569458008
1,49.38,16.4165019406937,67.6059722900391
1,49.39,16.4198352405801,67.6345825195313
1,49.4,16.4231685404666,67.6488876342773
1,49.41,16.426501840353,67.6774978637695
1,49.42,16.4298351402394,67.6822662353516
1,49.43,16.4331684401259,67.7156448364258
1,49.44,16.4365017400123,67.7680969238281
1,49.45,16.4398350398988,67.8014755249023
1,49.46,16.4431683397852,67.8253173828125
1,49.47,16.4465016396716,67.8586959838867
1,49.48,16.4498349395581,67.8491592407227
1,49.49,16.4531682394445,67.896842956543
1,49.5,16.4565015393309,67.9445266723633
1,49.51,16.4598348392174,67.9588317871094
1,49.52,16.4631681391038,67.9874420166016
1,49.53,16.4665014389902,68.0255889892578
1,49.54,16.4698347388767,68.049430847168
1,49.55,16.4731680387631,68.0780410766602
1,49.56,16.4765013386495,68.0971145629883
1,49.57,16.479834638536,68.1304931640625
1,49.58,16.4831679384224,68.1638717651367
1,49.59,16.4865012383089,68.1781768798828
1,49.6,16.4898345381953,68.206787109375
1,49.61,16.4931678380817,68.2449340820313
1,49.62,16.4965011379682,68.2830810546875
1,49.63,16.4998344378546,68.3069229125977
1,49.64,16.503167737741,68.3403015136719
1,49.65,16.5065010376275,68.364143371582
1,49.66,16.5098343375139,68.3975219726563
1,49.67,16.5131676374003,68.4118270874023
1,49.68,16.5165009372868,68.4356689453125
1,49.69,16.5198342371732,68.4881210327148
1,49.7,16.5231675370596,68.4976577758789
1,49.71,16.5265008369461,68.5310363769531
1,49.72,16.5298341368325,68.5596466064453
1,49.73,16.5331674367189,68.6025619506836
1,49.74,16.5365007366054,68.6264038085938
1,49.75,16.5398340364918,68.6407089233398
1,49.76,16.5431673363782,68.6740875244141
1,49.77,16.5465006362647,68.6979293823242
1,49.78,16.5498339361511,68.7122344970703
1,49.79,16.5531672360376,68.7599182128906
1,49.8,16.556500535924,68.7837600708008
1,49.81,16.5598338358104,68.7837600708008
1,49.82,16.5631671356969,68.8028335571289
1,49.83,16.5665004355833,68.8266754150391
1,49.84,16.5698337354697,68.8648223876953
1,49.85,16.5731670353562,68.8743591308594
1,49.86,16.5765003352426,68.9029693603516
1,49.87,16.579833635129,68.9315795898438
1,49.88,16.5831669350155,68.9268112182617
1,49.89,16.5865002349019,68.9601898193359
1,49.9,16.5898335347883,68.9792633056641
1,49.91,16.5931668346748,69.0078735351563
1,49.92,16.5965001345612,69.0364837646484
1,49.93,16.5998334344476,69.0603256225586
1,49.94,16.6031667343341,69.0841674804688
1,49.95,16.6065000342205,69.1080093383789
1,49.96,16.609833334107,69.117546081543
1,49.97,16.6131666339934,69.1556930541992
1,49.98,16.6164999338798,69.2176818847656
1,49.99,16.6198332337663,69.2462921142578
1,50,16.6231665336527,69.2605972290039
1,50.01,16.6264998335391,69.2939758300781
1,50.02,16.6298331334256,69.3082809448242
1,50.03,16.633166433312,69.3464279174805
1,50.04,16.6364997331984,69.4036483764648
1,50.05,16.6398330330849,69.427490234375
1,50.06,16.6431663329713,69.4656372070313
1,50.07,16.6464996328577,69.5133209228516
1,50.08,16.6498329327442,69.5276260375977
1,50.09,16.6531662326306,69.584846496582
1,50.1,16.656499532517,69.6468353271484
1,50.11,16.6598328324035,69.6659088134766
1,50.12,16.6631661322899,69.7088241577148
1,50.13,16.6664994321764,69.7469711303711
1,50.14,16.6698327320628,69.7898864746094
1,50.15,16.6731660319492,69.8184967041016
1,50.16,16.6764993318357,69.8566436767578
1,50.17,16.6798326317221,69.8947906494141
1,50.18,16.6831659316085,69.9186325073242
1,50.19,16.686499231495,69.9424743652344
1,50.2,16.6898325313814,69.9710845947266
1,50.21,16.6931658312678,69.9949264526367
1,50.22,16.6964991311543,70.037841796875
1,50.23,16.6998324310407,70.0712203979492
1,50.24,16.7031657309271,70.0902938842773
1,50.25,16.7064990308136,70.0902938842773
1,50.26,16.7098323307,70.1189041137695
1,50.27,16.7131656305864,70.1189041137695
1,50.28,16.7164989304729,70.1284408569336
1,50.29,16.7198322303593,70.1618194580078
1,50.3,16.7231655302458,70.1665878295898
1,50.31,16.7264988301322,70.185661315918
1,50.32,16.7298321300186,70.1904296875
1,50.33,16.7331654299051,70.2095031738281
1,50.34,16.7364987297915,70.2047348022461
1,50.35,16.7398320296779,70.2381134033203
1,50.36,16.7431653295644,70.2476501464844
1,50.37,16.7464986294508,70.2667236328125
1,50.38,16.7498319293372,70.2714920043945
1,50.39,16.7531652292237,70.2857971191406
1,50.4,16.7564985291101,70.2953338623047
1,50.41,16.7598318289965,70.3334808349609
1,50.42,16.763165128883,70.343017578125
1,50.43,16.7664984287694,70.3716278076172
1,50.44,16.7698317286558,70.3954696655273
1,50.45,16.7731650285423,70.3954696655273
1,50.46,16.7764983284287,70.4336166381836
1,50.47,16.7798316283152,70.4479217529297
1,50.48,16.7831649282016,70.4717636108398
1,50.49,16.786498228088,70.4860687255859
1,50.5,16.7898315279745,70.5146789550781
1,50.51,16.7931648278609,70.5528259277344
1,50.52,16.7964981277473,70.5623626708984
1,50.53,16.7998314276338,70.5432891845703
1,50.54,16.8031647275202,70.5862045288086
1,50.55,16.8064980274066,70.6338882446289
1,50.56,16.8098313272931,70.648193359375
1,50.57,16.8131646271795,70.6624984741211
1,50.58,16.8164979270659,70.6911087036133
1,50.59,16.8198312269524,70.7006454467773
1,50.6,16.8231645268388,70.7483291625977
1,50.61,16.8264978267252,70.7721710205078
1,50.62,16.8298311266117,70.7864761352539
1,50.63,16.8331644264981,70.8198547363281
1,50.64,16.8364977263846,70.8341598510742
1,50.65,16.839831026271,70.8723068237305
1,50.66,16.8431643261574,70.8913803100586
1,50.67,16.8464976260439,70.9152221679688
1,50.68,16.8498309259303,70.9390640258789
1,50.69,16.8531642258167,70.9772109985352
1,50.7,16.8564975257032,71.0010528564453
1,50.71,16.8598308255896,71.0105895996094
1,50.72,16.863164125476,71.0105895996094
1,50.73,16.8664974253625,71.0582733154297
1,50.74,16.8698307252489,71.0964202880859
1,50.75,16.8731640251353,71.110725402832
1,50.76,16.8764973250218,71.1345672607422
1,50.77,16.8798306249082,71.1345672607422
1,50.78,16.8831639247946,71.1774826049805
1,50.79,16.8864972246811,71.1774826049805
1,50.8,16.8898305245675,71.2060928344727
1,50.81,16.893163824454,71.2394714355469
1,50.82,16.8964971243404,71.2442398071289
1,50.83,16.8998304242268,71.2680816650391
1,50.84,16.9031637241133,71.3205337524414
1,50.85,16.9064970239997,71.3348388671875
1,50.86,16.9098303238861,71.3825225830078
1,50.87,16.9131636237726,71.4015960693359
1,50.88,16.916496923659,71.4254379272461
1,50.89,16.9198302235454,71.4540481567383
1,50.9,16.9231635234319,71.5160369873047
1,50.91,16.9264968233183,71.5446472167969
1,50.92,16.9298301232047,71.5827941894531
1,50.93,16.9331634230912,71.6066360473633
1,50.94,16.9364967229776,71.6161727905273
1,50.95,16.939830022864,71.6686248779297
1,50.96,16.9431633227505,71.711540222168
1,50.97,16.9464966226369,71.7353820800781
1,50.98,16.9498299225234,71.7544555664063
1,50.99,16.9531632224098,71.7639923095703
1,51,16.9564965222962,71.8021392822266
1,51.01,16.9598298221827,71.8450546264648
1,51.02,16.9631631220691,71.8593597412109
1,51.03,16.9664964219555,71.8927383422852
1,51.04,16.969829721842,71.9261169433594
1,51.05,16.9731630217284,71.9356536865234
1,51.06,16.9764963216148,71.9785690307617
1,51.07,16.9798296215013,72.0024108886719
1,51.08,16.9831629213877,72.016716003418
1,51.09,16.9864962212741,72.0643997192383
1,51.1,16.9898295211606,72.0882415771484
1,51.11,16.993162821047,72.1216201782227
1,51.12,16.9964961209334,72.1597671508789
1,51.13,16.9998294208199,72.174072265625
1,51.14,17.0031627207063,72.2122192382813
1,51.15,17.0064960205927,72.2265243530273
1,51.16,17.0098293204792,72.2455978393555
1,51.17,17.0131626203656,72.2599029541016
1,51.18,17.0164959202521,72.3075866699219
1,51.19,17.0198292201385,72.32666015625
1,51.2,17.0231625200249,72.3361968994141
1,51.21,17.0264958199114,72.3695755004883
1,51.22,17.0298291197978,72.3981857299805
1,51.23,17.0331624196842,72.4220275878906
1,51.24,17.0364957195707,72.4506378173828
1,51.25,17.0398290194571,72.479248046875
1,51.26,17.0431623193435,72.4935531616211
1,51.27,17.04649561923,72.5078582763672
1,51.28,17.0498289191164,72.5603103637695
1,51.29,17.0531622190028,72.5936889648438
1,51.3,17.0564955188893,72.6222991943359
1,51.31,17.0598288187757,72.627067565918
1,51.32,17.0631621186621,72.6890563964844
1,51.33,17.0664954185486,72.6747512817383
1,51.34,17.069828718435,72.7128982543945
1,51.35,17.0731620183215,72.7462768554688
1,51.36,17.0764953182079,72.7701187133789
1,51.37,17.0798286180943,72.7987289428711
1,51.38,17.0831619179808,72.8321075439453
1,51.39,17.0864952178672,72.8464126586914
1,51.4,17.0898285177536,72.8940963745117
1,51.41,17.0931618176401,72.9179382324219
1,51.42,17.0964951175265,72.9513168334961
1,51.43,17.0998284174129,72.9751586914063
1,51.44,17.1031617172994,73.0133056640625
1,51.45,17.1064950171858,73.0180740356445
1,51.46,17.1098283170722,73.084831237793
1,51.47,17.1131616169587,73.094367980957
1,51.48,17.1164949168451,73.1182098388672
1,51.49,17.1198282167315,73.1325149536133
1,51.5,17.123161516618,73.1420516967773
1,51.51,17.1264948165044,73.2135772705078
1,51.52,17.1298281163909,73.2278823852539
1,51.53,17.1331614162773,73.2612609863281
1,51.54,17.1364947161637,73.3089447021484
1,51.55,17.1398280160502,73.3327865600586
1,51.56,17.1431613159366,73.3518600463867
1,51.57,17.146494615823,73.3566284179688
1,51.58,17.1498279157095,73.3566284179688
1,51.59,17.1531612155959,73.4090805053711
1,51.6,17.1564945154823,73.4138488769531
1,51.61,17.1598278153688,73.4186172485352
1,51.62,17.1631611152552,73.4519958496094
1,51.63,17.1664944151416,73.4567642211914
1,51.64,17.1698277150281,73.4758377075195
1,51.65,17.1731610149145,73.4758377075195
1,51.66,17.1764943148009,73.4853744506836
1,51.67,17.1798276146874,73.4996795654297
1,51.68,17.1831609145738,73.5282897949219
1,51.69,17.1864942144603,73.542594909668
1,51.7,17.1898275143467,73.5616683959961
1,51.71,17.1931608142331,73.5378265380859
1,51.72,17.1964941141196,73.5855102539063
1,51.73,17.199827414006,73.6045837402344
1,51.74,17.2031607138924,73.6141204833984
1,51.75,17.2064940137789,73.6379623413086
1,51.76,17.2098273136653,73.6570358276367
1,51.77,17.2131606135517,73.695182800293
1,51.78,17.2164939134382,73.7285614013672
1,51.79,17.2198272133246,73.7285614013672
1,51.8,17.223160513211,73.7857818603516
1,51.81,17.2264938130975,73.8048553466797
1,51.82,17.2298271129839,73.8143920898438
1,51.83,17.2331604128704,73.8620758056641
1,51.84,17.2364937127568,73.9145278930664
1,51.85,17.2398270126432,73.9431381225586
1,51.86,17.2431603125297,73.9860534667969
1,51.87,17.2464936124161,74.000358581543
1,51.88,17.2498269123025,74.0289688110352
1,51.89,17.253160212189,74.0623474121094
1,51.9,17.2564935120754,74.0718841552734
1,51.91,17.2598268119618,74.0957260131836
1,51.92,17.2631601118483,74.1243362426758
1,51.93,17.2664934117347,74.1434097290039
1,51.94,17.2698267116211,74.15771484375
1,51.95,17.2731600115076,74.15771484375
1,51.96,17.276493311394,74.2149353027344
1,51.97,17.2798266112804,74.2149353027344
1,51.98,17.2831599111669,74.2387771606445
1,51.99,17.2864932110533,74.2483139038086
1,52,17.2898265109397,74.2721557617188
1,52.01,17.2931598108262,74.3007659912109
1,52.02,17.2964931107126,74.3246078491211
1,52.03,17.2998264105991,74.3341445922852
1,52.04,17.3031597104855,74.3818283081055
1,52.05,17.3064930103719,74.4104385375977
1,52.06,17.3098263102584,74.4199752807617
1,52.07,17.3131596101448,74.4724273681641
1,52.08,17.3164929100312,74.4962692260742
1,52.09,17.3198262099177,74.5248794555664
1,52.1,17.3231595098041,74.5487213134766
1,52.11,17.3264928096905,74.6059417724609
1,52.12,17.329826109577,74.6345520019531
1,52.13,17.3331594094634,74.6583938598633
1,52.14,17.3364927093498,74.6774673461914
1,52.15,17.3398260092363,74.7203826904297
1,52.16,17.3431593091227,74.7442245483398
1,52.17,17.3464926090091,74.763298034668
1,52.18,17.3498259088956,74.7919082641602
1,52.19,17.353159208782,74.8062133789063
1,52.2,17.3564925086685,74.8634338378906
1,52.21,17.3598258085549,74.8777389526367
1,52.22,17.3631591084413,74.9015808105469
1,52.23,17.3664924083278,74.920654296875
1,52.24,17.3698257082142,74.9731063842773
1,52.25,17.3731590081006,75.0112533569336
1,52.26,17.3764923079871,75.0398635864258
1,52.27,17.3798256078735,75.078010559082
1,52.28,17.3831589077599,75.0875473022461
1,52.29,17.3864922076464,75.1018524169922
1,52.3,17.3898255075328,75.1256942749023
1,52.31,17.3931588074192,75.1829147338867
1,52.32,17.3964921073057,75.2019882202148
1,52.33,17.3998254071921,75.2115249633789
1,52.34,17.4031587070785,75.225830078125
1,52.35,17.406492006965,75.2639770507813
1,52.36,17.4098253068514,75.3116607666016
1,52.37,17.4131586067379,75.3259658813477
1,52.38,17.4164919066243,75.3545761108398
1,52.39,17.4198252065107,75.3688812255859
1,52.4,17.4231585063972,75.4022598266602
1,52.41,17.4264918062836,75.4308700561523
1,52.42,17.42982510617,75.4547119140625
1,52.43,17.4331584060565,75.4785537719727
1,52.44,17.4364917059429,75.4737854003906
1,52.45,17.4398250058293,75.4880905151367
1,52.46,17.4431583057158,75.5119323730469
1,52.47,17.4464916056022,75.5500793457031
1,52.48,17.4498249054886,75.5643844604492
1,52.49,17.4531582053751,75.5977630615234
1,52.5,17.4564915052615,75.6025314331055
1,52.51,17.4598248051479,75.6311416625977
1,52.52,17.4631581050344,75.6549835205078
1,52.53,17.4664914049208,75.6978988647461
1,52.54,17.4698247048073,75.7503509521484
1,52.55,17.4731580046937,75.7646560668945
1,52.56,17.4764913045801,75.7741928100586
1,52.57,17.4798246044666,75.836181640625
1,52.58,17.483157904353,75.8552551269531
1,52.59,17.4864912042394,75.8886337280273
1,52.6,17.4898245041259,75.9124755859375
1,52.61,17.4931578040123,75.9649276733398
1,52.62,17.4964911038987,76.0078430175781
1,52.63,17.4998244037852,76.0507583618164
1,52.64,17.5031577036716,76.0698318481445
1,52.65,17.506491003558,76.1175155639648
1,52.66,17.5098243034445,76.1556625366211
1,52.67,17.5131576033309,76.1747360229492
1,52.68,17.5198242031038,76.2033462524414
1,52.7,17.5231575029902,76.289176940918
1,52.71,17.5264908028767,76.3273239135742
1,52.72,17.5298241027631,76.3130187988281
1,52.73,17.536490702536,76.3702392578125
1,52.74,17.5398240024224,76.4036178588867
1,52.76,17.5431573023088,76.446533203125
1,52.77,17.5464906021953,76.4560699462891
1,52.78,17.5498239020817,76.4894485473633
1,52.79,17.5531572019681,76.5275955200195
1,52.8,17.559823801741,76.5323638916016
1,52.82,17.5631571016274,76.603889465332
1,52.83,17.5698237014003,76.6229629516602
1,52.84,17.5731570012867,76.6277313232422
1,52.86,17.5764903011732,76.6754150390625
1,52.87,17.5831569009461,76.6944885253906
1,52.88,17.5864902008325,76.7183303833008
1,52.89,17.5898235007189,76.7374038696289
1,52.9,17.5931568006054,76.756477355957
1,52.91,17.5964901004918,76.7755508422852
1,52.92,17.5998234003782,76.7898559570313
1,52.93,17.6031567002647,76.8089294433594
1,52.94,17.6064900001511,76.8184661865234
1,52.96,17.6098233000375,76.8661499023438
1,52.97,17.6164898998104,76.8899917602539
1,52.98,17.6198231996968,76.909065246582
1,52.99,17.6231564995833,76.9138336181641
1,53,17.6264897994697,76.9615173339844
1,53.01,17.6298230993561,76.9853591918945
1,53.02,17.6331563992426,76.9996643066406
1,53.03,17.636489699129,77.0092010498047
1,53.04,17.6398229990155,77.0330429077148
1,53.05,17.6431562989019,77.0473480224609
1,53.06,17.6464895987883,77.0902633666992
1,53.07,17.6498228986748,77.1093368530273
1,53.08,17.6531561985612,77.1188735961914
1,53.09,17.6564894984476,77.1474838256836
1,53.1,17.6598227983341,77.1665573120117
1,53.11,17.6631560982205,77.1903991699219
1,53.12,17.6664893981069,77.2285461425781
1,53.13,17.6698226979934,77.2619247436523
1,53.14,17.6731559978798,77.2905349731445
1,53.15,17.6764892977662,77.3048400878906
1,53.16,17.6798225976527,77.3477554321289
1,53.17,17.6831558975391,77.3715972900391
1,53.18,17.6864891974255,77.3954391479492
1,53.19,17.689822497312,77.4240493774414
1,53.2,17.6931557971984,77.4431228637695
1,53.21,17.6964890970849,77.4669647216797
1,53.22,17.6998223969713,77.5337219238281
1,53.23,17.7031556968577,77.5527954101563
1,53.24,17.7064889967442,77.5575637817383
1,53.25,17.7098222966306,77.6004791259766
1,53.26,17.713155596517,77.6243209838867
1,53.27,17.7164888964035,77.672004699707
1,53.28,17.7198221962899,77.6958465576172
1,53.29,17.7231554961763,77.7101516723633
1,53.3,17.7264887960628,77.7482986450195
1,53.31,17.7298220959492,77.7578353881836
1,53.32,17.7331553958356,77.7816772460938
1,53.33,17.7364886957221,77.8055191040039
1,53.34,17.7398219956085,77.8293609619141
1,53.35,17.7431552954949,77.8722763061523
1,53.36,17.7464885953814,77.8865814208984
1,53.37,17.7498218952678,77.9294967651367
1,53.38,17.7531551951543,77.9342651367188
1,53.39,17.7564884950407,77.9581069946289
1,53.4,17.7598217949271,78.0105590820313
1,53.41,17.7631550948136,78.0582427978516
1,53.42,17.7664883947,78.0773162841797
1,53.43,17.7698216945864,78.0963897705078
1,53.44,17.7731549944729,78.1488418579102
1,53.45,17.7764882943593,78.1917572021484
1,53.46,17.7798215942457,78.2299041748047
1,53.47,17.7831548941322,78.2537460327148
1,53.48,17.7864881940186,78.277587890625
1,53.49,17.789821493905,78.3157348632813
1,53.5,17.7931547937915,78.3538818359375
1,53.51,17.7964880936779,78.3967971801758
1,53.52,17.7998213935643,78.4111022949219
1,53.53,17.8031546934508,78.4492492675781
1,53.54,17.8064879933372,78.4778594970703
1,53.55,17.8098212932236,78.4921646118164
1,53.56,17.8131545931101,78.5112380981445
1,53.57,17.8164878929965,78.5541534423828
1,53.58,17.819821192883,78.6018371582031
1,53.59,17.8231544927694,78.6066055297852
1,53.6,17.8264877926558,78.6304473876953
1,53.61,17.8298210925423,78.6590576171875
1,53.62,17.8331543924287,78.7162780761719
1,53.63,17.8364876923151,78.740119934082
1,53.64,17.8398209922016,78.7639617919922
1,53.65,17.843154292088,78.7878036499023
1,53.66,17.8464875919744,78.7973403930664
1,53.67,17.8498208918609,78.8450241088867
1,53.68,17.8531541917473,78.8736343383789
1,53.69,17.8564874916337,78.9022445678711
1,53.7,17.8598207915202,78.9356231689453
1,53.71,17.8631540914066,78.9451599121094
1,53.72,17.866487391293,78.9785385131836
1,53.73,17.8698206911795,78.9928436279297
1,53.74,17.8731539910659,78.9976119995117
1,53.75,17.8764872909524,79.0596008300781
1,53.76,17.8798205908388,79.0643692016602
1,53.77,17.8831538907252,79.0882110595703
1,53.78,17.8864871906117,79.1072845458984
1,53.79,17.8898204904981,79.1168212890625
1,53.8,17.8931537903845,79.1549682617188
1,53.81,17.896487090271,79.193115234375
1,53.82,17.8998203901574,79.2026519775391
1,53.83,17.9031536900438,79.2503356933594
1,53.84,17.9064869899303,79.2551040649414
1,53.85,17.9098202898167,79.2789459228516
1,53.86,17.9131535897031,79.350471496582
1,53.87,17.9164868895896,79.345703125
1,53.88,17.919820189476,79.3886184692383
1,53.89,17.9231534893625,79.4076919555664
1,53.9,17.9264867892489,79.4553756713867
1,53.91,17.9298200891353,79.4649124145508
1,53.92,17.9331533890218,79.503059387207
1,53.93,17.9364866889082,79.5221328735352
1,53.94,17.9398199887946,79.5459747314453
1,53.95,17.9431532886811,79.5936584472656
1,53.96,17.9464865885675,79.6175003051758
1,53.97,17.9498198884539,79.655647277832
1,53.98,17.9531531883404,79.6842575073242
1,53.99,17.9564864882268,79.7176361083984
1,54,17.9598197881132,79.7605514526367
1,54.01,17.9631530879997,79.7748565673828
1,54.02,17.9664863878861,79.7891616821289
1,54.03,17.9698196877725,79.8177719116211
1,54.04,17.973152987659,79.8463821411133
1,54.05,17.9764862875454,79.8797607421875
1,54.06,17.9798195874318,79.9322128295898
1,54.07,17.9831528873183,79.9274444580078
1,54.08,17.9864861872047,79.9703598022461
1,54.09,17.9898194870912,79.9846649169922
1,54.1,17.9931527869776,79.9942016601563
1,54.11,17.996486086864,80.0371170043945
1,54.12,17.9998193867505,80.0609588623047
1,54.13,18.0031526866369,80.0752639770508
1,54.14,18.0064859865233,80.1229476928711
1,54.15,18.0098192864098,80.1563262939453
1,54.16,18.0131525862962,80.1801681518555
1,54.17,18.0164858861826,80.1897048950195
1,54.18,18.0198191860691,80.2230834960938
1,54.19,18.0231524859555,80.265998840332
1,54.2,18.0264857858419,80.2707672119141
1,54.21,18.0298190857284,80.3136825561523
1,54.22,18.0331523856148,80.3518295288086
1,54.23,18.0364856855012,80.3518295288086
1,54.24,18.0398189853877,80.3804397583008
1,54.25,18.0431522852741,80.4376602172852
1,54.26,18.0464855851606,80.4805755615234
1,54.27,18.049818885047,80.5139541625977
1,54.28,18.0531521849334,80.5234909057617
1,54.29,18.0564854848199,80.5759429931641
1,54.3,18.0598187847063,80.571174621582
1,54.31,18.0631520845927,80.5997848510742
1,54.32,18.0664853844792,80.6427001953125
1,54.33,18.0698186843656,80.6760787963867
1,54.34,18.073151984252,80.6856155395508
1,54.35,18.0764852841385,80.7094573974609
1,54.36,18.0798185840249,80.7666778564453
1,54.37,18.0831518839113,80.7857513427734
1,54.38,18.0864851837978,80.8048248291016
1,54.39,18.0898184836842,80.8238983154297
1,54.4,18.0931517835706,80.8334350585938
1,54.41,18.0964850834571,80.9001922607422
1,54.42,18.0998183833435,80.9240341186523
1,54.43,18.10315168323,80.9669494628906
1,54.44,18.1064849831164,81.0003280639648
1,54.45,18.1098182830028,81.028938293457
1,54.46,18.1131515828893,81.0575485229492
1,54.47,18.1164848827757,81.0718536376953
1,54.48,18.1198181826621,81.1147689819336
1,54.49,18.1231514825486,81.1290740966797
1,54.5,18.126484782435,81.1576843261719
1,54.51,18.1298180823214,81.1767578125
1,54.52,18.1331513822079,81.2005996704102
1,54.53,18.1364846820943,81.2149047851563
1,54.54,18.1398179819807,81.2387466430664
1,54.55,18.1431512818672,81.2625885009766
1,54.56,18.1464845817536,81.2721252441406
1,54.57,18.14981788164,81.2959671020508
1,54.58,18.1531511815265,81.3388824462891
1,54.59,18.1564844814129,81.3436508178711
1,54.6,18.1598177812994,81.3865661621094
1,54.61,18.1631510811858,81.3913345336914
1,54.62,18.1664843810722,81.4390182495117
1,54.63,18.1698176809587,81.4437866210938
1,54.64,18.1731509808451,81.5010070800781
1,54.65,18.1764842807315,81.5153121948242
1,54.66,18.179817580618,81.5725326538086
1,54.67,18.1831508805044,81.6059112548828
1,54.68,18.1864841803908,81.6249847412109
1,54.69,18.1898174802773,81.634521484375
1,54.7,18.1931507801637,81.6917419433594
1,54.71,18.1964840800501,81.7298889160156
1,54.72,18.1998173799366,81.7728042602539
1,54.73,18.203150679823,81.791877746582
1,54.74,18.2064839797094,81.8347930908203
1,54.75,18.2098172795959,81.8538665771484
1,54.76,18.2131505794823,81.8777084350586
1,54.77,18.2164838793688,81.9015502929688
1,54.78,18.2198171792552,81.939697265625
1,54.79,18.2231504791416,81.9587707519531
1,54.8,18.2264837790281,81.9730758666992
1,54.81,18.2298170789145,82.0207595825195
1,54.82,18.2331503788009,82.0350646972656
1,54.83,18.2364836786874,82.0732116699219
1,54.84,18.2398169785738,82.087516784668
1,54.85,18.2431502784602,82.097053527832
1,54.86,18.2464835783467,82.1065902709961
1,54.87,18.2498168782331,82.1352005004883
1,54.88,18.2531501781195,82.1590423583984
1,54.89,18.256483478006,82.1971893310547
1,54.9,18.2598167778924,82.2257995605469
1,54.91,18.2631500777789,82.2591781616211
1,54.92,18.2664833776653,82.2734832763672
1,54.93,18.2698166775517,82.2830200195313
1,54.94,18.2731499774382,82.3402404785156
1,54.95,18.2764832773246,82.3831558227539
1,54.96,18.279816577211,82.4117660522461
1,54.97,18.2831498770975,82.4403762817383
1,54.98,18.2864831769839,82.4499130249023
1,54.99,18.2898164768703,82.4832916259766
1,55,18.2931497767568,82.5309753417969
1,55.01,18.2964830766432,82.5595855712891
1,55.02,18.2998163765296,82.5929641723633
1,55.03,18.3031496764161,82.6025009155273
1,55.04,18.3064829763025,82.6406478881836
1,55.05,18.3098162761889,82.6930999755859
1,55.06,18.3131495760754,82.707405090332
1,55.07,18.3164828759618,82.7312469482422
1,55.08,18.3198161758482,82.7598571777344
1,55.09,18.3231494757347,82.7741622924805
1,55.1,18.3264827756211,82.8266143798828
1,55.11,18.3298160755076,82.8361511230469
1,55.12,18.333149375394,82.8742980957031
1,55.13,18.3364826752804,82.8886032104492
1,55.14,18.3398159751669,82.9029083251953
1,55.15,18.3431492750533,82.9505920410156
1,55.16,18.3464825749397,82.9792022705078
1,55.17,18.3498158748262,83.003044128418
1,55.18,18.3531491747126,83.0221176147461
1,55.19,18.356482474599,83.0507278442383
1,55.2,18.3598157744855,83.1127166748047
1,55.21,18.3631490743719,83.1270217895508
1,55.22,18.3664823742583,83.1460952758789
1,55.23,18.3698156741448,83.1842422485352
1,55.24,18.3731489740312,83.2223892211914
1,55.25,18.3764822739176,83.2462310791016
1,55.26,18.3798155738041,83.2653045654297
1,55.27,18.3831488736905,83.2939147949219
1,55.28,18.386482173577,83.308219909668
1,55.29,18.3898154734634,83.3225250244141
1,55.3,18.3931487733498,83.3559036254883
1,55.31,18.3964820732363,83.3606719970703
1,55.32,18.3998153731227,83.3988189697266
1,55.33,18.4031486730091,83.4131240844727
1,55.34,18.4064819728956,83.4417343139648
1,55.35,18.409815272782,83.4798812866211
1,55.36,18.4131485726684,83.4846496582031
1,55.37,18.4164818725549,83.5418701171875
1,55.38,18.4198151724413,83.5800170898438
1,55.39,18.4231484723277,83.6181640625
1,55.4,18.4264817722142,83.6372375488281
1,55.41,18.4298150721006,83.6753845214844
1,55.42,18.433148371987,83.7087631225586
1,55.43,18.4364816718735,83.765983581543
1,55.44,18.4398149717599,83.775520324707
1,55.45,18.4431482716464,83.8470458984375
1,55.46,18.4464815715328,83.8851928710938
1,55.47,18.4498148714192,83.9138031005859
1,55.48,18.4531481713057,83.9471817016602
1,55.49,18.4564814711921,83.9900970458984
1,55.5,18.4598147710785,84.0044021606445
1,55.51,18.463148070965,84.0330123901367
1,55.52,18.4664813708514,84.1045379638672
1,55.53,18.4698146707378,84.1283798217773
1,55.54,18.4731479706243,84.1522216796875
1,55.55,18.4764812705107,84.1951370239258
1,55.56,18.4798145703971,84.223747253418
1,55.57,18.4831478702836,84.228515625
1,55.58,18.48648117017,84.2714309692383
1,55.59,18.4898144700564,84.2857360839844
1,55.6,18.4931477699429,84.3238830566406
1,55.61,18.4964810698293,84.3524932861328
1,55.62,18.4998143697158,84.3477249145508
1,55.63,18.5031476696022,84.3954086303711
1,55.64,18.5064809694886,84.4192504882813
1,55.65,18.5098142693751,84.4049453735352
1,55.66,18.5131475692615,84.4621658325195
1,55.67,18.5164808691479,84.4764709472656
1,55.68,18.5198141690344,84.4860076904297
1,55.69,18.5231474689208,84.5098495483398
1,55.7,18.5264807688072,84.5432281494141
1,55.71,18.5298140686937,84.5479965209961
1,55.72,18.5331473685801,84.5909118652344
1,55.73,18.5364806684665,84.6242904663086
1,55.74,18.539813968353,84.6195220947266
1,55.75,18.5431472682394,84.6481323242188
1,55.76,18.5464805681258,84.6624374389648
1,55.77,18.5498138680123,84.686279296875
1,55.78,18.5531471678987,84.7005844116211
1,55.79,18.5564804677852,84.7387313842773
1,55.8,18.5598137676716,84.7434997558594
1,55.81,18.563147067558,84.7768783569336
1,55.82,18.5664803674445,84.7864151000977
1,55.83,18.5698136673309,84.8150253295898
1,55.84,18.5731469672173,84.843635559082
1,55.85,18.5764802671038,84.8484039306641
1,55.86,18.5798135669902,84.8579406738281
1,55.87,18.5831468668766,84.8865509033203
1,55.88,18.5864801667631,84.8865509033203
1,55.89,18.5898134666495,84.9390029907227
1,55.9,18.5931467665359,84.9628448486328
1,55.91,18.5964800664224,84.9819183349609
1,55.92,18.5998133663088,84.986686706543
1,55.93,18.6031466661952,85.0391387939453
1,55.94,18.6064799660817,85.0534439086914
1,55.95,18.6098132659681,85.0915908813477
1,55.96,18.6131465658546,85.0725173950195
1,55.97,18.616479865741,85.1011276245117
1,55.98,18.6198131656274,85.148811340332
1,55.99,18.6231464655139,85.1583480834961
1,56,18.6264797654003,85.1726531982422
1,56.01,18.6298130652867,85.1917266845703
1,56.02,18.6331463651732,85.2251052856445
1,56.03,18.6364796650596,85.2203369140625
1,56.04,18.639812964946,85.2584838867188
1,56.05,18.6431462648325,85.2632522583008
1,56.06,18.6464795647189,85.3109359741211
1,56.07,18.6498128646053,85.3204727172852
1,56.08,18.6531461644918,85.3490829467773
1,56.09,18.6564794643782,85.3633880615234
1,56.1,18.6598127642646,85.3633880615234
1,56.11,18.6631460641511,85.4206085205078
1,56.12,18.6664793640375,85.4349136352539
1,56.13,18.669812663924,85.4587554931641
1,56.14,18.6731459638104,85.4587554931641
1,56.15,18.6764792636968,85.4730606079102
1,56.16,18.6798125635833,85.4873657226563
1,56.17,18.6831458634697,85.4730606079102
1,56.18,18.6864791633561,85.4730606079102
1,56.19,18.6898124632426,85.4730606079102
1,56.2,18.693145763129,85.4682922363281
1,56.21,18.6964790630154,85.4969024658203
1,56.22,18.6998123629019,85.4730606079102
1,56.23,18.7031456627883,85.4825973510742
1,56.24,18.7064789626747,85.4825973510742
1,56.25,18.7098122625612,85.4682922363281
1,56.26,18.7131455624476,85.4778289794922
1,56.27,18.716478862334,85.5016708374023
1,56.28,18.7198121622205,85.5064392089844
1,56.29,18.7231454621069,85.5350494384766
1,56.3,18.7264787619933,85.5588912963867
1,56.31,18.7298120618798,85.5731964111328
1,56.32,18.7331453617662,85.6208801269531
1,56.33,18.7364786616527,85.6351852416992
1,56.34,18.7398119615391,85.6542587280273
1,56.35,18.7431452614255,85.6685638427734
1,56.36,18.746478561312,85.7448577880859
1,56.37,18.7498118611984,85.7734680175781
1,56.38,18.7531451610848,85.8068466186523
1,56.39,18.7564784609713,85.8497619628906
1,56.4,18.7598117608577,85.8783721923828
1,56.41,18.7631450607441,85.8926773071289
1,56.42,18.7664783606306,85.9451293945313
1,56.43,18.769811660517,85.9975814819336
1,56.44,18.7731449604034,86.0261917114258
1,56.45,18.7764782602899,86.0404968261719
1,56.46,18.7798115601763,86.0691070556641
1,56.47,18.7831448600627,86.1072540283203
1,56.48,18.7864781599492,86.1501693725586
1,56.49,18.7898114598356,86.1644744873047
1,56.5,18.7931447597221,86.1835479736328
1,56.51,18.7964780596085,86.2216949462891
1,56.52,18.7998113594949,86.2407684326172
1,56.53,18.8031446593814,86.2503051757813
1,56.54,18.8064779592678,86.2598419189453
1,56.55,18.8098112591542,86.2741470336914
1,56.56,18.8131445590407,86.2932205200195
1,56.57,18.8164778589271,86.3170623779297
1,56.58,18.8198111588135,86.3409042358398
1,56.59,18.8231444587,86.3409042358398
1,56.6,18.8264777585864,86.3456726074219
1,56.61,18.8298110584728,86.369514465332
1,56.62,18.8331443583593,86.4124298095703
1,56.63,18.8364776582457,86.4315032958984
1,56.64,18.8398109581321,86.4362716674805
1,56.65,18.8431442580186,86.4648818969727
1,56.66,18.846477557905,86.4648818969727
1,56.67,18.8498108577915,86.512565612793
1,56.68,18.8531441576779,86.5316390991211
1,56.69,18.8564774575643,86.5459442138672
1,56.7,18.8598107574508,86.5936279296875
1,56.71,18.8631440573372,86.6031646728516
1,56.72,18.8664773572236,86.6174697875977
1,56.73,18.8698106571101,86.6556167602539
1,56.74,18.8731439569965,86.6794586181641
1,56.75,18.8764772568829,86.6603851318359
1,56.76,18.8798105567694,86.6985321044922
1,56.77,18.8831438566558,86.7414474487305
1,56.78,18.8864771565422,86.7557525634766
1,56.79,18.8898104564287,86.7509841918945
1,56.8,18.8931437563151,86.7700576782227
1,56.81,18.8964770562015,86.7795944213867
1,56.82,18.899810356088,86.8082046508789
1,56.83,18.9031436559744,86.8082046508789
1,56.84,18.9064769558609,86.8368148803711
1,56.85,18.9098102557473,86.8701934814453
1,56.86,18.9131435556337,86.8797302246094
1,56.87,18.9164768555202,86.8988037109375
1,56.88,18.9198101554066,86.9178771972656
1,56.89,18.923143455293,86.9464874267578
1,56.9,18.9264767551795,86.9512557983398
1,56.91,18.9298100550659,86.9655609130859
1,56.92,18.9331433549523,87.0132446289063
1,56.93,18.9364766548388,87.0323181152344
1,56.94,18.9398099547252,87.0466232299805
1,56.95,18.9431432546116,87.0466232299805
1,56.96,18.9464765544981,87.0609283447266
1,56.97,18.9498098543845,87.0847702026367
1,56.98,18.953143154271,87.1372222900391
1,56.99,18.9564764541574,87.1419906616211
1,57,18.9598097540438,87.1610641479492
1,57.01,18.9631430539303,87.1706008911133
1,57.02,18.9664763538167,87.2087478637695
1,57.03,18.9698096537031,87.2135162353516
1,57.04,18.9731429535896,87.2468948364258
1,57.05,18.976476253476,87.2802734375
1,57.06,18.9798095533624,87.2898101806641
1,57.07,18.9831428532489,87.275505065918
1,57.08,18.9864761531353,87.2993469238281
1,57.09,18.9898094530217,87.3327255249023
1,57.1,18.9931427529082,87.3327255249023
1,57.11,18.9964760527946,87.3470306396484
1,57.12,18.999809352681,87.3756408691406
1,57.13,19.0031426525675,87.3804092407227
1,57.14,19.0064759524539,87.3756408691406
1,57.15,19.0098092523404,87.3947143554688
1,57.16,19.0131425522268,87.4137878417969
1,57.17,19.0164758521132,87.432861328125
1,57.18,19.0198091519997,87.4519348144531
1,57.19,19.0231424518861,87.4853134155273
1,57.2,19.0264757517725,87.5043869018555
1,57.21,19.029809051659,87.5234603881836
1,57.22,19.0331423515454,87.5473022460938
1,57.23,19.0364756514318,87.5663757324219
1,57.24,19.0398089513183,87.6045227050781
1,57.25,19.0431422512047,87.6379013061523
1,57.26,19.0464755510911,87.6760482788086
1,57.27,19.0498088509776,87.7141952514648
1,57.28,19.053142150864,87.7618789672852
1,57.29,19.0564754507504,87.7761840820313
1,57.3,19.0598087506369,87.8143310546875
1,57.31,19.0631420505233,87.8334045410156
1,57.32,19.0664753504097,87.885856628418
1,57.33,19.0698086502962,87.9144668579102
1,57.34,19.0731419501826,87.9430770874023
1,57.35,19.0764752500691,87.9573822021484
1,57.36,19.0798085499555,88.0050659179688
1,57.37,19.0831418498419,88.0336761474609
1,57.38,19.0864751497284,88.0575180053711
1,57.39,19.0898084496148,88.0765914916992
1,57.4,19.0931417495012,88.0861282348633
1,57.41,19.0964750493877,88.1195068359375
1,57.42,19.0998083492741,88.1433486938477
1,57.43,19.1031416491605,88.1814956665039
1,57.44,19.106474949047,88.200569152832
1,57.45,19.1098082489334,88.2482528686523
1,57.46,19.1131415488198,88.2577896118164
1,57.47,19.1198081485927,88.2863998413086
1,57.49,19.1231414484791,88.3197784423828
1,57.5,19.1264747483656,88.3579254150391
1,57.51,19.129808048252,88.3865356445313
1,57.52,19.1364746480249,88.4294509887695
1,57.53,19.1398079479113,88.4628295898438
1,57.55,19.1431412477978,88.4866714477539
1,57.56,19.1498078475706,88.5343551635742
1,57.57,19.1531411474571,88.5629653930664
1,57.58,19.1564744473435,88.5868072509766
1,57.59,19.1598077472299,88.6011123657227
1,57.61,19.1664743470028,88.658332824707
1,57.62,19.1698076468892,88.6726379394531
1,57.63,19.1731409467757,88.6869430541992
1,57.65,19.1798075465485,88.7298583984375
1,57.66,19.183140846435,88.7298583984375
1,57.67,19.1864741463214,88.7584686279297
1,57.68,19.1898074462079,88.7775421142578
1,57.69,19.1931407460943,88.7870788574219
1,57.7,19.1964740459807,88.7918472290039
1,57.71,19.1998073458672,88.8204574584961
1,57.72,19.2031406457536,88.8204574584961
1,57.73,19.20647394564,88.8538360595703
1,57.74,19.2098072455265,88.8729095458984
1,57.75,19.2131405454129,88.9062881469727
1,57.76,19.2164738452993,88.9158248901367
1,57.77,19.2198071451858,88.9158248901367
1,57.78,19.2231404450722,88.9396667480469
1,57.79,19.2264737449586,88.9825820922852
1,57.8,19.2298070448451,88.9873504638672
1,57.81,19.2331403447315,89.0159606933594
1,57.82,19.2364736446179,89.0254974365234
1,57.83,19.2398069445044,89.0445709228516
1,57.84,19.2431402443908,89.0922546386719
1,57.85,19.2464735442773,89.0827178955078
1,57.86,19.2498068441637,89.116096496582
1,57.87,19.2531401440501,89.111328125
1,57.88,19.2564734439366,89.1351699829102
1,57.89,19.259806743823,89.1542434692383
1,57.9,19.2631400437094,89.1780853271484
1,57.91,19.2664733435959,89.2019271850586
1,57.92,19.2698066434823,89.2162322998047
1,57.93,19.2731399433687,89.2400741577148
1,57.94,19.2764732432552,89.2496109008789
1,57.95,19.2798065431416,89.2877578735352
1,57.96,19.283139843028,89.2877578735352
1,57.97,19.2864731429145,89.3163681030273
1,57.98,19.2898064428009,89.3402099609375
1,57.99,19.2931397426873,89.3497467041016
1,58,19.2964730425738,89.3926620483398
1,58.01,19.2998063424602,89.3878936767578
1,58.02,19.3031396423467,89.411735534668
1,58.03,19.3064729422331,89.4641876220703
1,58.04,19.3098062421195,89.4832611083984
1,58.05,19.313139542006,89.5071029663086
1,58.06,19.3164728418924,89.5118713378906
1,58.07,19.3198061417788,89.5404815673828
1,58.08,19.3231394416653,89.5500183105469
1,58.09,19.3264727415517,89.5833969116211
1,58.1,19.3298060414381,89.6215438842773
1,58.11,19.3331393413246,89.6406173706055
1,58.12,19.336472641211,89.6787643432617
1,58.13,19.3398059410974,89.6930694580078
1,58.14,19.3431392409839,89.7312164306641
1,58.15,19.3464725408703,89.7312164306641
1,58.16,19.3498058407567,89.7645950317383
1,58.17,19.3531391406432,89.7979736328125
1,58.18,19.3564724405296,89.8218154907227
1,58.19,19.3598057404161,89.8361206054688
1,58.2,19.3631390403025,89.8408889770508
1,58.21,19.3664723401889,89.8838043212891
1,58.22,19.3698056400754,89.9219512939453
1,58.23,19.3731389399618,89.9410247802734
1,58.24,19.3764722398482,89.9553298950195
1,58.25,19.3798055397347,89.9744033813477
1,58.26,19.3831388396211,90.022087097168
1,58.27,19.3864721395075,90.0363922119141
1,58.28,19.389805439394,90.0459289550781
1,58.29,19.3931387392804,90.0745391845703
1,58.3,19.3964720391668,90.0888442993164
1,58.31,19.3998053390533,90.1079177856445
1,58.32,19.4031386389397,90.1365280151367
1,58.33,19.4064719388261,90.1508331298828
1,58.34,19.4098052387126,90.2032852172852
1,58.35,19.413138538599,90.2318954467773
1,58.36,19.4164718384855,90.2557373046875
1,58.37,19.4198051383719,90.2748107910156
1,58.38,19.4231384382583,90.2891159057617
1,58.39,19.4264717381448,90.3224945068359
1,58.4,19.4298050380312,90.3511047363281
1,58.41,19.4331383379176,90.3892517089844
1,58.42,19.4364716378041,90.4035568237305
1,58.43,19.4398049376905,90.4083251953125
1,58.44,19.4431382375769,90.4417037963867
1,58.45,19.4464715374634,90.4655456542969
1,58.46,19.4498048373498,90.5132293701172
1,58.47,19.4531381372362,90.5370712280273
1,58.48,19.4564714371227,90.5513763427734
1,58.49,19.4598047370091,90.5704498291016
1,58.5,19.4631380368955,90.5847549438477
1,58.51,19.466471336782,90.6085968017578
1,58.52,19.4698046366684,90.641975402832
1,58.53,19.4731379365548,90.6610488891602
1,58.54,19.4764712364413,90.7135009765625
1,58.55,19.4798045363277,90.7230377197266
1,58.56,19.4831378362142,90.7659530639648
1,58.57,19.4864711361006,90.785026550293
1,58.58,19.489804435987,90.8279418945313
1,58.59,19.4931377358735,90.8613204956055
1,58.6,19.4964710357599,90.8994674682617
1,58.61,19.4998043356463,90.9233093261719
1,58.62,19.5031376355328,90.937614440918
1,58.63,19.5064709354192,90.9805297851563
1,58.64,19.5098042353056,91.0234451293945
1,58.65,19.5131375351921,91.0472869873047
1,58.66,19.5164708350785,91.0663604736328
1,58.67,19.5198041349649,91.0854339599609
1,58.68,19.5231374348514,91.1569595336914
1,58.69,19.5264707347378,91.1712646484375
1,58.7,19.5298040346242,91.1808013916016
1,58.71,19.5331373345107,91.1998748779297
1,58.72,19.5364706343971,91.1998748779297
1,58.73,19.5398039342836,91.252326965332
1,58.74,19.54313723417,91.2570953369141
1,58.75,19.5464705340564,91.2666320800781
1,58.76,19.5498038339429,91.2952423095703
1,58.77,19.5531371338293,91.3143157958984
1,58.78,19.5564704337157,91.3095474243164
1,58.79,19.5598037336022,91.3381576538086
1,58.8,19.5631370334886,91.3476943969727
1,58.81,19.566470333375,91.3715362548828
1,58.82,19.5698036332615,91.3906097412109
1,58.83,19.5731369331479,91.4239883422852
1,58.84,19.5764702330343,91.4382934570313
1,58.85,19.5798035329208,91.4669036865234
1,58.86,19.5831368328072,91.4812088012695
1,58.87,19.5864701326936,91.4907455444336
1,58.88,19.5898034325801,91.5145874023438
1,58.89,19.5931367324665,91.5193557739258
1,58.9,19.596470032353,91.5765762329102
1,58.91,19.5998033322394,91.5813446044922
1,58.92,19.6031366321258,91.5765762329102
1,58.93,19.6064699320123,91.5908813476563
1,58.94,19.6098032318987,91.5861129760742
1,58.95,19.6131365317851,91.6194915771484
1,58.96,19.6164698316716,91.6194915771484
1,58.97,19.619803131558,91.6194915771484
1,58.98,19.6231364314444,91.6433334350586
1,58.99,19.6264697313309,91.6337966918945
1,59,19.6298030312173,91.6671752929688
1,59.01,19.6331363311037,91.6528701782227
1,59.02,19.6364696309902,91.6767120361328
1,59.03,19.6398029308766,91.705322265625
1,59.04,19.643136230763,91.710090637207
1,59.05,19.6464695306495,91.710090637207
1,59.06,19.6498028305359,91.7339324951172
1,59.07,19.6531361304224,91.7577743530273
1,59.08,19.6564694303088,91.7673110961914
1,59.09,19.6598027301952,91.7768478393555
1,59.1,19.6631360300817,91.7863845825195
1,59.11,19.6664693299681,91.7911529541016
1,59.12,19.6698026298545,91.8149948120117
1,59.13,19.673135929741,91.8483734130859
1,59.14,19.6764692296274,91.8388366699219
1,59.15,19.6798025295138,91.853141784668
1,59.16,19.6831358294003,91.85791015625
1,59.17,19.6864691292867,91.8960571289063
1,59.18,19.6898024291731,91.9437408447266
1,59.19,19.6931357290596,91.9675827026367
1,59.2,19.696469028946,91.9818878173828
1,59.21,19.6998023288325,91.9961929321289
1,59.22,19.7031356287189,92.0391082763672
1,59.23,19.7064689286053,92.0677185058594
1,59.24,19.7098022284918,92.0820236206055
1,59.25,19.7131355283782,92.1201705932617
1,59.26,19.7164688282646,92.1630859375
1,59.27,19.7198021281511,92.1916961669922
1,59.28,19.7231354280375,92.2012329101563
1,59.29,19.7264687279239,92.2441482543945
1,59.3,19.7298020278104,92.2632217407227
1,59.31,19.7331353276968,92.3061370849609
1,59.32,19.7364686275832,92.320442199707
1,59.33,19.7398019274697,92.3728942871094
1,59.34,19.7431352273561,92.3776626586914
1,59.35,19.7464685272425,92.4253463745117
1,59.36,19.749801827129,92.4587249755859
1,59.37,19.7531351270154,92.4873352050781
1,59.38,19.7564684269018,92.5064086914063
1,59.39,19.7598017267883,92.5350189208984
1,59.4,19.7631350266747,92.5683975219727
1,59.41,19.7664683265612,92.5874710083008
1,59.42,19.7698016264476,92.6399230957031
1,59.43,19.773134926334,92.6446914672852
1,59.44,19.7764682262205,92.6876068115234
1,59.45,19.7798015261069,92.7019119262695
1,59.46,19.7831348259933,92.7495956420898
1,59.47,19.7864681258798,92.7829742431641
1,59.48,19.7898014257662,92.7972793579102
1,59.49,19.7931347256526,92.8211212158203
1,59.5,19.7964680255391,92.8449630737305
1,59.51,19.7998013254255,92.8688049316406
1,59.52,19.8031346253119,92.9069519042969
1,59.53,19.8064679251984,92.926025390625
1,59.54,19.8098012250848,92.9498672485352
1,59.55,19.8131345249712,92.9880142211914
1,59.56,19.8164678248577,93.0166244506836
1,59.57,19.8198011247441,93.0166244506836
1,59.58,19.8231344246306,93.0452346801758
1,59.59,19.826467724517,93.0643081665039
1,59.6,19.8298010244034,93.1167602539063
1,59.61,19.8331343242899,93.1119918823242
1,59.62,19.8364676241763,93.1406021118164
1,59.63,19.8398009240627,93.1644439697266
1,59.64,19.8431342239492,93.1978225708008
1,59.65,19.8464675238356,93.2121276855469
1,59.66,19.849800823722,93.235969543457
1,59.67,19.8531341236085,93.2693481445313
1,59.68,19.8564674234949,93.2884216308594
1,59.69,19.8598007233813,93.2979583740234
1,59.7,19.8631340232678,93.3361053466797
1,59.71,19.8664673231542,93.3837890625
1,59.72,19.8698006230406,93.4076309204102
1,59.73,19.8731339229271,93.4362411499023
1,59.74,19.8764672228135,93.4553146362305
1,59.75,19.8798005227,93.4982299804688
1,59.76,19.8831338225864,93.5173034667969
1,59.77,19.8864671224728,93.5602188110352
1,59.78,19.8898004223593,93.5888290405273
1,59.79,19.8931337222457,93.6222076416016
1,59.8,19.8964670221321,93.6412811279297
1,59.81,19.8998003220186,93.68896484375
1,59.82,19.903133621905,93.7271118164063
1,59.83,19.9064669217914,93.7700271606445
1,59.84,19.9098002216779,93.7891006469727
1,59.85,19.9131335215643,93.7986373901367
1,59.86,19.9164668214507,93.841552734375
1,59.87,19.9198001213372,93.8749313354492
1,59.88,19.9231334212236,93.8987731933594
1,59.89,19.92646672111,93.9464569091797
1,59.9,19.9298000209965,93.9846038818359
1,59.91,19.9331333208829,94.0084457397461
1,59.92,19.9364666207694,94.0370559692383
1,59.93,19.9397999206558,94.0799713134766
1,59.94,19.9431332205422,94.1181182861328
1,59.95,19.9464665204287,94.1610336303711
1,59.96,19.9497998203151,94.1848754882813
1,59.97,19.9531331202015,94.2325592041016
1,59.98,19.956466420088,94.2420959472656
1,59.99,19.9597997199744,94.2897796630859
1,60,19.9631330198608,94.3374633789063
1,60.01,19.9664663197473,94.3613052368164
1,60.02,19.9697996196337,94.3946838378906
1,60.03,19.9731329195201,94.4137573242188
1,60.04,19.9764662194066,94.4423675537109
1,60.05,19.979799519293,94.4662094116211
1,60.06,19.9831328191794,94.5138931274414
1,60.07,19.9864661190659,94.5234298706055
1,60.08,19.9897994189523,94.5758819580078
1,60.09,19.9931327188388,94.5949554443359
1,60.1,19.9964660187252,94.6378707885742
1,60.11,19.9997993186116,94.6521759033203
1,60.12,20.0031326184981,94.6760177612305
1,60.13,20.0064659183845,94.6998596191406
1,60.14,20.0097992182709,94.7237014770508
1,60.15,20.0131325181574,94.7761535644531
1,60.16,20.0164658180438,94.7999954223633
1,60.17,20.0197991179302,94.7999954223633
1,60.18,20.0231324178167,94.8476791381836
1,60.19,20.0264657177031,94.8381423950195
1,60.2,20.0297990175895,94.8858261108398
1,60.21,20.033132317476,94.8762893676758
1,60.22,20.0364656173624,94.8953628540039
1,60.23,20.0397989172488,94.9239730834961
1,60.24,20.0431322171353,94.914436340332
1,60.25,20.0464655170217,94.9287414550781
1,60.26,20.0497988169082,94.9859619140625
1,60.27,20.0531321167946,95.0002670288086
1,60.28,20.056465416681,95.0336456298828
1,60.29,20.0597987165675,95.0479507446289
1,60.3,20.0631320164539,95.0527191162109
1,60.31,20.0664653163403,95.0908660888672
1,60.32,20.0697986162268,95.1051712036133
1,60.33,20.0731319161132,95.1290130615234
1,60.34,20.0764652159996,95.1147079467773
1,60.35,20.0797985158861,95.1337814331055
1,60.36,20.0831318157725,95.1671600341797
1,60.37,20.0864651156589,95.2053070068359
1,60.38,20.0897984155454,95.210075378418
1,60.39,20.0931317154318,95.2339172363281
1,60.4,20.0964650153182,95.2339172363281
1,60.41,20.0997983152047,95.2482223510742
1,60.42,20.1031316150911,95.2863693237305
1,60.43,20.1064649149776,95.2720642089844
1,60.44,20.109798214864,95.2768325805664
1,60.45,20.1131315147504,95.2959060668945
1,60.46,20.1164648146369,95.3245162963867
1,60.47,20.1197981145233,95.3340530395508
1,60.48,20.1231314144097,95.3531265258789
1,60.49,20.1264647142962,95.372200012207
1,60.5,20.1297980141826,95.4008102416992
1,60.51,20.133131314069,95.4198837280273
1,60.52,20.1364646139555,95.4198837280273
1,60.53,20.1397979138419,95.4151153564453
1,60.54,20.1431312137283,95.4532623291016
1,60.55,20.1464645136148,95.4437255859375
1,60.56,20.1497978135012,95.5009460449219
1,60.57,20.1531311133876,95.5343246459961
1,60.58,20.1564644132741,95.5629348754883
1,60.59,20.1597977131605,95.5915451049805
1,60.6,20.163131013047,95.5867767333984
1,60.61,20.1664643129334,95.6535339355469
1,60.62,20.1697976128198,95.6869125366211
1,60.63,20.1731309127063,95.7012176513672
1,60.64,20.1764642125927,95.7584381103516
1,60.65,20.1797975124791,95.7727432250977
1,60.66,20.1831308123656,95.8013534545898
1,60.67,20.186464112252,95.8061218261719
1,60.68,20.1897974121384,95.8728790283203
1,60.69,20.1931307120249,95.8728790283203
1,60.7,20.1964640119113,95.9062576293945
1,60.71,20.1997973117977,95.9205627441406
1,60.72,20.2031306116842,95.9348678588867
1,60.73,20.2064639115706,95.9634780883789
1,60.74,20.209797211457,95.9682464599609
1,60.75,20.2131305113435,95.982551574707
1,60.76,20.2164638112299,95.973014831543
1,60.77,20.2197971111164,95.9682464599609
1,60.78,20.2231304110028,95.9873199462891
1,60.79,20.2264637108892,96.0302352905273
1,60.8,20.2297970107757,96.0302352905273
1,60.81,20.2331303106621,96.0445404052734
1,60.82,20.2364636105485,96.0588455200195
1,60.83,20.239796910435,96.0683822631836
1,60.84,20.2431302103214,96.0969924926758
1,60.85,20.2464635102078,96.1160659790039
1,60.86,20.2497968100943,96.1208343505859
1,60.87,20.2531301099807,96.1494445800781
1,60.88,20.2564634098671,96.1875915527344
1,60.89,20.2597967097536,96.2162017822266
1,60.9,20.26313000964,96.2352752685547
1,60.91,20.2664633095264,96.2591171264648
1,60.92,20.2697966094129,96.2972640991211
1,60.93,20.2731299092993,96.3068008422852
1,60.94,20.2764632091857,96.3592529296875
1,60.95,20.2797965090722,96.3735580444336
1,60.96,20.2831298089586,96.3973999023438
1,60.97,20.2864631088451,96.430778503418
1,60.98,20.2897964087315,96.440315246582
1,60.99,20.2931297086179,96.4641571044922
1,61,20.2964630085044,96.4736938476563
1,61.01,20.2997963083908,96.5070724487305
1,61.02,20.3031296082772,96.5452194213867
1,61.03,20.3064629081637,96.5642929077148
1,61.04,20.3097962080501,96.588134765625
1,61.05,20.3131295079365,96.592903137207
1,61.06,20.316462807823,96.6072082519531
1,61.07,20.3197961077094,96.6501235961914
1,61.08,20.3231294075958,96.6787338256836
1,61.09,20.3264627074823,96.6930389404297
1,61.1,20.3297960073687,96.7311859130859
1,61.11,20.3331293072551,96.74072265625
1,61.12,20.3364626071416,96.7693328857422
1,61.13,20.339795907028,96.7884063720703
1,61.14,20.3431292069145,96.8265533447266
1,61.15,20.3464625068009,96.8456268310547
1,61.16,20.3497958066873,96.8837738037109
1,61.17,20.3531291065738,96.893310546875
1,61.18,20.3564624064602,96.898078918457
1,61.19,20.3597957063466,96.9219207763672
1,61.2,20.3631290062331,96.9409942626953
1,61.21,20.3664623061195,96.9457626342773
1,61.22,20.3697956060059,96.9696044921875
1,61.23,20.3731289058924,96.9839096069336
1,61.24,20.3764622057788,96.9791412353516
1,61.25,20.3797955056652,96.9791412353516
1,61.26,20.3831288055517,97.0029830932617
1,61.27,20.3864621054381,97.0220565795898
1,61.28,20.3897954053246,97.0172882080078
1,61.29,20.393128705211,97.0220565795898
1,61.3,20.3964620050974,97.0602035522461
1,61.31,20.3997953049839,97.0602035522461
1,61.32,20.4031286048703,97.0840454101563
1,61.33,20.4064619047567,97.0840454101563
1,61.34,20.4097952046432,97.0983505249023
1,61.35,20.4131285045296,97.1078872680664
1,61.36,20.416461804416,97.1364974975586
1,61.37,20.4197951043025,97.1698760986328
1,61.38,20.4231284041889,97.1651077270508
1,61.39,20.4264617040753,97.1889495849609
1,61.4,20.4297950039618,97.1889495849609
1,61.41,20.4331283038482,97.1889495849609
1,61.42,20.4364616037346,97.2270965576172
1,61.43,20.4397949036211,97.2270965576172
1,61.44,20.4431282035075,97.2509384155273
1,61.45,20.446461503394,97.2747802734375
1,61.46,20.4497948032804,97.2747802734375
1,61.47,20.4531281031668,97.2747802734375
1,61.48,20.4564614030533,97.346305847168
1,61.49,20.4597947029397,97.35107421875
1,61.5,20.4631280028261,97.3749160766602
1,61.51,20.4664613027126,97.3939895629883
1,61.52,20.469794602599,97.4178314208984
1,61.53,20.4731279024854,97.4559783935547
1,61.54,20.4764612023719,97.4941253662109
1,61.55,20.4797945022583,97.498893737793
1,61.56,20.4831278021447,97.5179672241211
1,61.57,20.4864611020312,97.5275039672852
1,61.58,20.4897944019176,97.5513458251953
1,61.59,20.493127701804,97.5847244262695
1,61.6,20.4964610016905,97.5847244262695
1,61.61,20.4997943015769,97.6037979125977
1,61.62,20.5031276014633,97.6228713989258
1,61.63,20.5064609013498,97.6228713989258
1,61.64,20.5097942012362,97.651481628418
1,61.65,20.5131275011227,97.65625
1,61.66,20.5164608010091,97.6705551147461
1,61.67,20.5197941008955,97.6800918579102
1,61.68,20.523127400782,97.7087020874023
1,61.69,20.5264607006684,97.6991653442383
1,61.7,20.5297940005548,97.7468490600586
1,61.71,20.5331273004413,97.7373123168945
1,61.72,20.5364606003277,97.7563858032227
1,61.73,20.5397939002141,97.7611541748047
1,61.74,20.5431272001006,97.7611541748047
1,61.75,20.546460499987,97.808837890625
1,61.76,20.5497937998734,97.8326797485352
1,61.77,20.5531270997599,97.8469848632813
1,61.78,20.5564603996463,97.8660583496094
1,61.79,20.5597936995327,97.8899002075195
1,61.8,20.5631269994192,97.9232788085938
1,61.81,20.5664602993056,97.9471206665039
1,61.82,20.5697935991921,97.9709625244141
1,61.83,20.5731268990785,98.0043411254883
1,61.84,20.5764601989649,98.0281829833984
1,61.85,20.5797934988514,98.0615615844727
1,61.86,20.5831267987378,98.0806350708008
1,61.87,20.5864600986242,98.0854034423828
1,61.88,20.5897933985107,98.1283187866211
1,61.89,20.5931266983971,98.1330871582031
1,61.9,20.5964599982835,98.1616973876953
1,61.91,20.59979329817,98.1807708740234
1,61.92,20.6031265980564,98.1903076171875
1,61.93,20.6064598979428,98.1903076171875
1,61.94,20.6097931978293,98.2046127319336
1,61.95,20.6131264977157,98.2379913330078
1,61.96,20.6164597976021,98.2570648193359
1,61.97,20.6197930974886,98.2570648193359
1,61.98,20.623126397375,98.271369934082
1,61.99,20.6264596972615,98.2952117919922
1,62,20.6297929971479,98.3047485351563
1,62.01,20.6331262970343,98.3333587646484
1,62.02,20.6364595969208,98.3572006225586
1,62.03,20.6397928968072,98.3619689941406
1,62.04,20.6431261966936,98.3905792236328
1,62.05,20.6464594965801,98.4001159667969
1,62.06,20.6497927964665,98.4048843383789
1,62.07,20.6531260963529,98.414421081543
1,62.08,20.6564593962394,98.4382629394531
1,62.09,20.6597926961258,98.4764099121094
1,62.1,20.6631259960122,98.4668731689453
1,62.11,20.6664592958987,98.4811782836914
1,62.12,20.6697925957851,98.4859466552734
1,62.13,20.6731258956715,98.5050201416016
1,62.14,20.676459195558,98.5288619995117
1,62.15,20.6797924954444,98.5383987426758
1,62.16,20.6831257953309,98.5431671142578
1,62.17,20.6864590952173,98.5574722290039
1,62.18,20.6897923951037,98.6099243164063
1,62.19,20.6931256949902,98.6003875732422
1,62.2,20.6964589948766,98.6242294311523
1,62.21,20.699792294763,98.6051559448242
1,62.22,20.7031255946495,98.6385345458984
1,62.23,20.7064588945359,98.6576080322266
1,62.24,20.7097921944223,98.6766815185547
1,62.25,20.7131254943088,98.6862182617188
1,62.26,20.7164587941952,98.7100601196289
1,62.27,20.7197920940816,98.7339019775391
1,62.28,20.7231253939681,98.7577438354492
1,62.29,20.7264586938545,98.7672805786133
1,62.3,20.729791993741,98.7863540649414
1,62.31,20.7331252936274,98.8006591796875
1,62.32,20.7364585935138,98.8101959228516
1,62.33,20.7397918934003,98.8197326660156
1,62.34,20.7431251932867,98.8578796386719
1,62.35,20.7464584931731,98.8531112670898
1,62.36,20.7497917930596,98.8578796386719
1,62.37,20.753125092946,98.881721496582
1,62.38,20.7564583928324,98.876953125
1,62.39,20.7597916927189,98.9246368408203
1,62.4,20.7631249926053,98.9103317260742
1,62.41,20.7664582924917,98.9294052124023
1,62.42,20.7697915923782,98.9437103271484
1,62.43,20.7731248922646,98.9866256713867
1,62.44,20.776458192151,98.9818572998047
1,62.45,20.7797914920375,98.9627838134766
1,62.46,20.7831247919239,98.9818572998047
1,62.47,20.7864580918103,98.9913940429688
1,62.48,20.7897913916968,99.034309387207
1,62.49,20.7931246915832,99.0438461303711
1,62.5,20.7964579914697,99.0581512451172
1,62.51,20.7997912913561,99.0581512451172
1,62.52,20.8031245912425,99.0772247314453
1,62.53,20.806457891129,99.1106033325195
1,62.54,20.8097911910154,99.1249084472656
1,62.55,20.8131244909018,99.1439819335938
1,62.56,20.8164577907883,99.1392135620117
1,62.57,20.8197910906747,99.1630554199219
1,62.58,20.8231243905611,99.1725921630859
1,62.59,20.8264576904476,99.186897277832
1,62.6,20.829790990334,99.1916656494141
1,62.61,20.8331242902204,99.2012023925781
1,62.62,20.8364575901069,99.2107391357422
1,62.63,20.8397908899933,99.2345809936523
1,62.64,20.8431241898797,99.2488861083984
1,62.65,20.8464574897662,99.2488861083984
1,62.66,20.8497907896526,99.2584228515625
1,62.67,20.8531240895391,99.2631912231445
1,62.68,20.8564573894255,99.2679595947266
1,62.69,20.8597906893119,99.2822647094727
1,62.7,20.8631239891984,99.3156433105469
1,62.71,20.8664572890848,99.3108749389648
1,62.72,20.8697905889712,99.3585586547852
1,62.73,20.8731238888577,99.3728637695313
1,62.74,20.8764571887441,99.3871688842773
1,62.75,20.8797904886305,99.4300842285156
1,62.76,20.883123788517,99.4348526000977
1,62.77,20.8864570884034,99.4586944580078
1,62.78,20.8897903882898,99.4586944580078
1,62.79,20.8931236881763,99.4777679443359
1,62.8,20.8964569880627,99.482536315918
1,62.81,20.8997902879491,99.492073059082
1,62.82,20.9031235878356,99.5063781738281
1,62.83,20.906456887722,99.5063781738281
1,62.84,20.9097901876085,99.492073059082
1,62.85,20.9131234874949,99.5111465454102
1,62.86,20.9164567873813,99.4968414306641
1,62.87,20.9197900872678,99.482536315918
1,62.88,20.9231233871542,99.4873046875
1,62.89,20.9264566870406,99.4873046875
1,62.9,20.9297899869271,99.4634628295898
1,62.91,20.9331232868135,99.4682312011719
1,62.92,20.9364565866999,99.4443893432617
1,62.93,20.9397898865864,99.4491577148438
1,62.94,20.9431231864728,99.4348526000977
1,62.95,20.9464564863592,99.4491577148438
1,62.96,20.9497897862457,99.4491577148438
1,62.97,20.9531230861321,99.4396209716797
1,62.98,20.9564563860185,99.4443893432617
1,62.99,20.959789685905,99.4348526000977
1,63,20.9631229857914,99.4443893432617
1,63.01,20.9697895855643,99.4873046875
1,63.03,20.9731228854507,99.492073059082
1,63.04,20.9764561853372,99.5063781738281
1,63.05,20.9797894852236,99.5111465454102
1,63.06,20.98312278511,99.5111465454102
1,63.07,20.9864560849965,99.5349884033203
1,63.08,20.9897893848829,99.5540618896484
1,63.09,20.9931226847693,99.5445251464844
1,63.1,20.9997892845422,99.5445251464844
1,63.12,21.0031225844286,99.6065139770508
1,63.13,21.0064558843151,99.5922088623047
1,63.14,21.0097891842015,99.6065139770508
1,63.15,21.0164557839744,99.6160507202148
1,63.16,21.0197890838608,99.639892578125
1,63.17,21.0231223837473,99.6589660644531
1,63.19,21.0297889835201,99.6875762939453
1,63.2,21.0331222834066,99.7114181518555
1,63.21,21.036455583293,99.7447967529297
1,63.22,21.0397888831794,99.7543334960938
1,63.24,21.0431221830659,99.79248046875
1,63.25,21.0497887828387,99.8067855834961
1,63.26,21.0531220827252,99.8353958129883
1,63.27,21.0564553826116,99.8640060424805
1,63.28,21.059788682498,99.8735427856445
1,63.29,21.0631219823845,99.9116897583008
1,63.3,21.0664552822709,99.9116897583008
1,63.31,21.0697885821573,99.9116897583008
1,63.32,21.0731218820438,99.9069213867188
1,63.34,21.0797884818166,99.9259948730469
1,63.35,21.0831217817031,99.9355316162109
1,63.36,21.0864550815895,99.9593734741211
1,63.37,21.089788381476,99.9641418457031
1,63.38,21.0931216813624,99.9784469604492
1,63.39,21.0964549812488,99.9593734741211
1,63.4,21.0997882811353,99.9736785888672
1,63.41,21.1031215810217,99.949836730957
1,63.42,21.1064548809081,99.9641418457031
1,63.43,21.1097881807946,99.9546051025391
1,63.44,21.113121480681,99.949836730957
1,63.45,21.1164547805674,99.9879837036133
1,63.46,21.1197880804539,99.9736785888672
1,63.47,21.1231213803403,99.9975204467773
1,63.48,21.1264546802267,99.9927520751953
1,63.49,21.1297879801132,100.021362304688
1,63.5,21.1331212799996,100.040435791016
1,63.51,21.1364545798861,100.059509277344
1,63.52,21.1397878797725,100.07381439209
1,63.53,21.1431211796589,100.107192993164
1,63.54,21.1464544795454,100.135803222656
1,63.55,21.1497877794318,100.14533996582
1,63.56,21.1531210793182,100.140571594238
1,63.57,21.1564543792047,100.150108337402
1,63.58,21.1597876790911,100.154876708984
1,63.59,21.1631209789775,100.178718566895
1,63.6,21.166454278864,100.183486938477
1,63.61,21.1697875787504,100.193023681641
1,63.62,21.1731208786368,100.202560424805
1,63.63,21.1764541785233,100.207328796387
1,63.64,21.1797874784097,100.207328796387
1,63.65,21.1831207782961,100.202560424805
1,63.66,21.1864540781826,100.197792053223
1,63.67,21.189787378069,100.221633911133
1,63.68,21.1931206779554,100.216865539551
1,63.69,21.1964539778419,100.221633911133
1,63.7,21.1997872777283,100.235939025879
1,63.71,21.2031205776148,100.250244140625
1,63.72,21.2064538775012,100.274085998535
1,63.73,21.2097871773876,100.297927856445
1,63.74,21.2131204772741,100.307464599609
1,63.75,21.2164537771605,100.302696228027
1,63.76,21.2197870770469,100.345611572266
1,63.77,21.2231203769334,100.350379943848
1,63.78,21.2264536768198,100.359916687012
1,63.79,21.2297869767062,100.369453430176
1,63.8,21.2331202765927,100.393295288086
1,63.81,21.2364535764791,100.417137145996
1,63.82,21.2397868763655,100.407600402832
1,63.83,21.243120176252,100.42667388916
1,63.84,21.2464534761384,100.42667388916
1,63.85,21.2497867760248,100.440979003906
1,63.86,21.2531200759113,100.440979003906
1,63.87,21.2564533757977,100.464820861816
1,63.88,21.2597866756842,100.479125976563
1,63.89,21.2631199755706,100.479125976563
1,63.9,21.266453275457,100.464820861816
1,63.91,21.2697865753435,100.479125976563
1,63.92,21.2731198752299,100.460052490234
1,63.93,21.2764531751163,100.460052490234
1,63.94,21.2797864750028,100.47435760498
1,63.95,21.2831197748892,100.47435760498
1,63.96,21.2864530747756,100.464820861816
1,63.97,21.2897863746621,100.455284118652
1,63.98,21.2931196745485,100.45051574707
1,63.99,21.2964529744349,100.460052490234
1,64,21.2997862743214,100.493431091309
1,64.01,21.3031195742078,100.502967834473
1,64.02,21.3064528740942,100.498199462891
1,64.03,21.3097861739807,100.493431091309
1,64.04,21.3131194738671,100.512504577637
1,64.05,21.3164527737536,100.512504577637
1,64.06,21.31978607364,100.541114807129
1,64.07,21.3231193735264,100.555419921875
1,64.08,21.3264526734129,100.536346435547
1,64.09,21.3297859732993,100.541114807129
1,64.1,21.3331192731857,100.531578063965
1,64.11,21.3364525730722,100.522041320801
1,64.12,21.3397858729586,100.541114807129
1,64.13,21.343119172845,100.550651550293
1,64.14,21.3464524727315,100.536346435547
1,64.15,21.3497857726179,100.531578063965
1,64.16,21.3531190725043,100.536346435547
1,64.17,21.3564523723908,100.536346435547
1,64.18,21.3597856722772,100.512504577637
1,64.19,21.3631189721636,100.507736206055
1,64.2,21.3664522720501,100.512504577637
1,64.21,21.3697855719365,100.526809692383
1,64.22,21.373118871823,100.507736206055
1,64.23,21.3764521717094,100.488662719727
1,64.24,21.3797854715958,100.488662719727
1,64.25,21.3831187714823,100.493431091309
1,64.26,21.3864520713687,100.498199462891
1,64.27,21.3897853712551,100.498199462891
1,64.28,21.3931186711416,100.522041320801
1,64.29,21.396451971028,100.512504577637
1,64.3,21.3997852709144,100.536346435547
1,64.31,21.4031185708009,100.526809692383
1,64.32,21.4064518706873,100.560188293457
1,64.33,21.4097851705737,100.560188293457
1,64.34,21.4131184704602,100.579261779785
1,64.35,21.4164517703466,100.584030151367
1,64.36,21.419785070233,100.607872009277
1,64.37,21.4231183701195,100.626945495605
1,64.38,21.4264516700059,100.63648223877
1,64.39,21.4297849698924,100.63648223877
1,64.4,21.4331182697788,100.665092468262
1,64.41,21.4364515696652,100.68416595459
1,64.42,21.4397848695517,100.688934326172
1,64.43,21.4431181694381,100.698471069336
1,64.44,21.4464514693245,100.693702697754
1,64.45,21.449784769211,100.679397583008
1,64.46,21.4531180690974,100.712776184082
1,64.47,21.4564513689838,100.698471069336
1,64.48,21.4597846688703,100.693702697754
1,64.49,21.4631179687567,100.669860839844
1,64.5,21.4664512686431,100.688934326172
1,64.51,21.4697845685296,100.693702697754
1,64.52,21.473117868416,100.665092468262
1,64.53,21.4764511683025,100.669860839844
1,64.54,21.4797844681889,100.679397583008
1,64.55,21.4831177680753,100.679397583008
1,64.56,21.4864510679618,100.68416595459
1,64.57,21.4897843678482,100.669860839844
1,64.58,21.4931176677346,100.66032409668
1,64.59,21.4964509676211,100.674629211426
1,64.6,21.4997842675075,100.68416595459
1,64.61,21.5031175673939,100.693702697754
1,64.62,21.5064508672804,100.693702697754
1,64.63,21.5097841671668,100.688934326172
1,64.64,21.5131174670532,100.669860839844
1,64.65,21.5164507669397,100.665092468262
1,64.66,21.5197840668261,100.66032409668
1,64.67,21.5231173667125,100.674629211426
1,64.68,21.526450666599,100.698471069336
1,64.69,21.5297839664854,100.68416595459
1,64.7,21.5331172663718,100.674629211426
1,64.71,21.5364505662583,100.679397583008
1,64.72,21.5397838661447,100.712776184082
1,64.73,21.5431171660312,100.693702697754
1,64.74,21.5464504659176,100.698471069336
1,64.75,21.549783765804,100.703239440918
1,64.76,21.5531170656905,100.717544555664
1,64.77,21.5564503655769,100.7080078125
1,64.78,21.5597836654633,100.717544555664
1,64.79,21.5631169653498,100.727081298828
1,64.8,21.5664502652362,100.703239440918
1,64.81,21.5697835651226,100.712776184082
1,64.82,21.5731168650091,100.7080078125
1,64.83,21.5764501648955,100.703239440918
1,64.84,21.5797834647819,100.688934326172
1,64.85,21.5831167646684,100.698471069336
1,64.86,21.5864500645548,100.68416595459
1,64.87,21.5897833644412,100.717544555664
1,64.88,21.5931166643277,100.698471069336
1,64.89,21.5964499642141,100.712776184082
1,64.9,21.5997832641006,100.698471069336
1,64.91,21.603116563987,100.698471069336
1,64.92,21.6064498638734,100.693702697754
1,64.93,21.6097831637599,100.703239440918
1,64.94,21.6131164636463,100.712776184082
1,64.95,21.6164497635327,100.712776184082
1,64.96,21.6197830634192,100.712776184082
1,64.97,21.6231163633056,100.712776184082
1,64.98,21.626449663192,100.746154785156
1,64.99,21.6297829630785,100.73184967041
1,65,21.6331162629649,100.746154785156
1,65.01,21.6364495628513,100.736618041992
1,65.02,21.6397828627378,100.769996643066
1,65.03,21.6431161626242,100.750923156738
1,65.04,21.6464494625106,100.741386413574
1,65.05,21.6497827623971,100.75569152832
1,65.06,21.6531160622835,100.765228271484
1,65.07,21.65644936217,100.765228271484
1,65.08,21.6597826620564,100.774765014648
1,65.09,21.6631159619428,100.77953338623
1,65.1,21.6664492618293,100.784301757813
1,65.11,21.6697825617157,100.808143615723
1,65.12,21.6731158616021,100.822448730469
1,65.13,21.6764491614886,100.812911987305
1,65.14,21.679782461375,100.808143615723
1,65.15,21.6831157612614,100.808143615723
1,65.16,21.6864490611479,100.808143615723
1,65.17,21.6897823610343,100.831985473633
1,65.18,21.6931156609207,100.836753845215
1,65.19,21.6964489608072,100.803375244141
1,65.2,21.6997822606936,100.808143615723
1,65.21,21.70311556058,100.841522216797
1,65.22,21.7064488604665,100.808143615723
1,65.23,21.7097821603529,100.798606872559
1,65.24,21.7131154602394,100.798606872559
1,65.25,21.7164487601258,100.793838500977
1,65.26,21.7197820600122,100.774765014648
1,65.27,21.7231153598987,100.769996643066
1,65.28,21.7264486597851,100.760459899902
1,65.29,21.7297819596715,100.765228271484
1,65.3,21.733115259558,100.736618041992
1,65.31,21.7364485594444,100.7080078125
1,65.32,21.7397818593308,100.693702697754
1,65.33,21.7431151592173,100.717544555664
1,65.34,21.7464484591037,100.7080078125
1,65.35,21.7497817589901,100.68416595459
1,65.36,21.7531150588766,100.669860839844
1,65.37,21.756448358763,100.679397583008
1,65.38,21.7597816586494,100.650787353516
1,65.39,21.7631149585359,100.650787353516
1,65.4,21.7664482584223,100.63648223877
1,65.41,21.7697815583088,100.626945495605
1,65.42,21.7731148581952,100.641250610352
1,65.43,21.7764481580816,100.622177124023
1,65.44,21.7797814579681,100.622177124023
1,65.45,21.7831147578545,100.612640380859
1,65.46,21.7864480577409,100.593566894531
1,65.47,21.7897813576274,100.584030151367
1,65.48,21.7931146575138,100.579261779785
1,65.49,21.7964479574002,100.574493408203
1,65.5,21.7997812572867,100.560188293457
1,65.51,21.8031145571731,100.536346435547
1,65.52,21.8064478570595,100.536346435547
1,65.53,21.809781156946,100.526809692383
1,65.54,21.8131144568324,100.536346435547
1,65.55,21.8164477567188,100.517272949219
1,65.56,21.8197810566053,100.526809692383
1,65.57,21.8231143564917,100.531578063965
1,65.58,21.8264476563782,100.541114807129
1,65.59,21.8297809562646,100.536346435547
1,65.6,21.833114256151,100.517272949219
1,65.61,21.8364475560375,100.507736206055
1,65.62,21.8397808559239,100.526809692383
1,65.63,21.8431141558103,100.522041320801
1,65.64,21.8464474556968,100.488662719727
1,65.65,21.8497807555832,100.507736206055
1,65.66,21.8531140554696,100.483894348145
1,65.67,21.8564473553561,100.440979003906
1,65.68,21.8597806552425,100.440979003906
1,65.69,21.8631139551289,100.412368774414
1,65.7,21.8664472550154,100.374221801758
1,65.71,21.8697805549018,100.336074829102
1,65.72,21.8731138547882,100.336074829102
1,65.73,21.8764471546747,100.288391113281
1,65.74,21.8797804545611,100.264549255371
1,65.75,21.8831137544476,100.221633911133
1,65.76,21.886447054334,100.178718566895
1,65.77,21.8897803542204,100.173950195313
1,65.78,21.8931136541069,100.150108337402
1,65.79,21.8964469539933,100.107192993164
1,65.8,21.8997802538797,100.083351135254
1,65.81,21.9031135537662,100.04997253418
1,65.82,21.9064468536526,100.040435791016
1,65.83,21.909780153539,100.007057189941
1,65.84,21.9131134534255,99.9736785888672
1,65.85,21.9164467533119,99.9736785888672
1,65.86,21.9197800531983,99.9546051025391
1,65.87,21.9231133530848,99.949836730957
1,65.88,21.9264466529712,99.9164581298828
1,65.89,21.9297799528576,99.9355316162109
1,65.9,21.9331132527441,99.9069213867188
1,65.91,21.9364465526305,99.9164581298828
1,65.92,21.9397798525169,99.9212265014648
1,65.93,21.9431131524034,99.9069213867188
1,65.94,21.9464464522898,99.9021530151367
1,65.95,21.9497797521763,99.8878479003906
1,65.96,21.9531130520627,99.8735427856445
1,65.97,21.9564463519491,99.8735427856445
1,65.98,21.9597796518356,99.8735427856445
1,65.99,21.963112951722,99.8544692993164
1,66,21.9664462516084,99.8163223266602
1,66.01,21.9697795514949,99.8163223266602
1,66.02,21.9731128513813,99.79248046875
1,66.03,21.9764461512677,99.787712097168
1,66.04,21.9797794511542,99.7686386108398
1,66.05,21.9831127510406,99.7543334960938
1,66.06,21.986446050927,99.7447967529297
1,66.07,21.9897793508135,99.7304916381836
1,66.08,21.9931126506999,99.7257232666016
1,66.09,21.9964459505863,99.7257232666016
1,66.1,21.9997792504728,99.7352600097656
1,66.11,22.0031125503592,99.7304916381836
1,66.12,22.0064458502457,99.7304916381836
1,66.13,22.0097791501321,99.7495651245117
1,66.14,22.0131124500185,99.7543334960938
1,66.15,22.016445749905,99.7352600097656
1,66.16,22.0197790497914,99.7543334960938
1,66.17,22.0231123496778,99.7686386108398
1,66.18,22.0264456495643,99.7591018676758
1,66.19,22.0297789494507,99.7543334960938
1,66.2,22.0331122493371,99.7447967529297
1,66.21,22.0364455492236,99.7304916381836
1,66.22,22.03977884911,99.7447967529297
1,66.23,22.0431121489964,99.7257232666016
1,66.24,22.0464454488829,99.7114181518555
1,66.25,22.0497787487693,99.6875762939453
1,66.26,22.0531120486557,99.7066497802734
1,66.27,22.0564453485422,99.6780395507813
1,66.28,22.0597786484286,99.6971130371094
1,66.29,22.0631119483151,99.6780395507813
1,66.3,22.0664452482015,99.6732711791992
1,66.31,22.0697785480879,99.6971130371094
1,66.32,22.0731118479744,99.7018814086914
1,66.33,22.0764451478608,99.7304916381836
1,66.34,22.0797784477472,99.7161865234375
1,66.35,22.0831117476337,99.7400283813477
1,66.36,22.0864450475201,99.7734069824219
1,66.37,22.0897783474065,99.7686386108398
1,66.38,22.093111647293,99.7781753540039
1,66.39,22.0964449471794,99.787712097168
1,66.4,22.0997782470658,99.8020172119141
1,66.41,22.1031115469523,99.8163223266602
1,66.42,22.1064448468387,99.8258590698242
1,66.43,22.1097781467251,99.8353958129883
1,66.44,22.1131114466116,99.8401641845703
1,66.45,22.116444746498,99.8401641845703
1,66.46,22.1197780463845,99.8592376708984
1,66.47,22.1231113462709,99.8544692993164
1,66.48,22.1264446461573,99.8735427856445
1,66.49,22.1297779460438,99.8592376708984
1,66.5,22.1331112459302,99.8640060424805
1,66.51,22.1364445458166,99.8449325561523
1,66.52,22.1397778457031,99.8449325561523
1,66.53,22.1431111455895,99.8687744140625
1,66.54,22.1464444454759,99.8544692993164
1,66.55,22.1497777453624,99.8497009277344
1,66.56,22.1531110452488,99.8592376708984
1,66.57,22.1564443451352,99.8210906982422
1,66.58,22.1597776450217,99.8163223266602
1,66.59,22.1631109449081,99.8258590698242
1,66.6,22.1664442447946,99.797248840332
1,66.61,22.169777544681,99.7829437255859
1,66.62,22.1731108445674,99.8020172119141
1,66.63,22.1764441444539,99.7829437255859
1,66.64,22.1797774443403,99.7447967529297
1,66.65,22.1831107442267,99.7018814086914
1,66.66,22.1864440441132,99.7209548950195
1,66.67,22.1897773439996,99.7209548950195
1,66.68,22.193110643886,99.7066497802734
1,66.69,22.1964439437725,99.6732711791992
1,66.7,22.1997772436589,99.6589660644531
1,66.71,22.2031105435453,99.639892578125
1,66.72,22.2064438434318,99.6541976928711
1,66.73,22.2097771433182,99.6541976928711
1,66.74,22.2131104432046,99.6255874633789
1,66.75,22.2164437430911,99.6160507202148
1,66.76,22.2197770429775,99.6208190917969
1,66.77,22.223110342864,99.6112823486328
1,66.78,22.2264436427504,99.6255874633789
1,66.79,22.2297769426368,99.6208190917969
1,66.8,22.2331102425233,99.6065139770508
1,66.81,22.2364435424097,99.5874404907227
1,66.82,22.2397768422961,99.6208190917969
1,66.83,22.2431101421826,99.5922088623047
1,66.84,22.246443442069,99.5874404907227
1,66.85,22.2497767419554,99.5874404907227
1,66.86,22.2531100418419,99.5779037475586
1,66.87,22.2564433417283,99.5922088623047
1,66.88,22.2597766416147,99.5588302612305
1,66.89,22.2631099415012,99.5445251464844
1,66.9,22.2664432413876,99.5588302612305
1,66.91,22.269776541274,99.5492935180664
1,66.92,22.2731098411605,99.5349884033203
1,66.93,22.2764431410469,99.5206832885742
1,66.94,22.2797764409333,99.5206832885742
1,66.95,22.2831097408198,99.5063781738281
1,66.96,22.2864430407062,99.4873046875
1,66.97,22.2897763405927,99.5016098022461
1,66.98,22.2931096404791,99.4634628295898
1,66.99,22.2964429403655,99.4539260864258
1,67,22.299776240252,99.4348526000977
1,67.01,22.3031095401384,99.4253158569336
1,67.02,22.3064428400248,99.4062423706055
1,67.03,22.3097761399113,99.3776321411133
1,67.04,22.3131094397977,99.3633270263672
1,67.05,22.3164427396841,99.329948425293
1,67.06,22.3197760395706,99.2870330810547
1,67.07,22.323109339457,99.2679595947266
1,67.08,22.3264426393434,99.2536544799805
1,67.09,22.3297759392299,99.2155075073242
1,67.1,22.3331092391163,99.186897277832
1,67.11,22.3364425390027,99.1582870483398
1,67.12,22.3397758388892,99.1201400756836
1,67.13,22.3431091387756,99.0819931030273
1,67.14,22.3464424386621,99.0581512451172
1,67.15,22.3497757385485,99.0056991577148
1,67.16,22.3531090384349,98.9723205566406
1,67.17,22.3564423383214,98.9151000976563
1,67.18,22.3597756382078,98.9103317260742
1,67.19,22.3631089380942,98.8483428955078
1,67.2,22.3664422379807,98.8006591796875
1,67.21,22.3697755378671,98.7434387207031
1,67.22,22.3731088377535,98.724365234375
1,67.23,22.37644213764,98.6814498901367
1,67.24,22.3797754375264,98.6433029174805
1,67.25,22.3831087374128,98.576545715332
1,67.26,22.3864420372993,98.5240936279297
1,67.27,22.3897753371857,98.4764099121094
1,67.28,22.3931086370721,98.419189453125
1,67.29,22.3964419369586,98.3858108520508
1,67.3,22.399775236845,98.3238220214844
1,67.31,22.4031085367315,98.2856750488281
1,67.32,22.4064418366179,98.2666015625
1,67.33,22.4097751365043,98.2141494750977
1,67.34,22.4131084363908,98.1760025024414
1,67.35,22.4164417362772,98.1235504150391
1,67.36,22.4197750361636,98.0663299560547
1,67.37,22.4231083360501,98.0043411254883
1,67.38,22.4264416359365,97.9804992675781
1,67.39,22.4297749358229,97.9375839233398
1,67.4,22.4331082357094,97.8851318359375
1,67.41,22.4364415355958,97.8279113769531
1,67.42,22.4397748354822,97.804069519043
1,67.43,22.4431081353687,97.7230072021484
1,67.44,22.4464414352551,97.7087020874023
