ééå±âÒêî,éûä‘[sec],à⁄ìÆó [mm],â◊èd[N]
1,0.01,0,5.96046447753906E-04
1,0.23,3.33329988643527E-03,1.60932540893555E-02
1,0.24,6.66659977287054E-03,1.31130218505859E-02
1,0.26,9.99989965930581E-03,1.01327896118164E-02
1,0.27,1.66664994321764E-02,7.74860382080078E-03
1,0.28,1.99997993186116E-02,7.15255737304688E-03
1,0.3,2.33330992050469E-02,7.74860382080078E-03
1,0.31,2.66663990914822E-02,1.01327896118164E-02
1,0.32,2.99996989779174E-02,0.012516975402832
1,0.33,3.33329988643527E-02,1.01327896118164E-02
1,0.34,0.036666298750788,9.5367431640625E-03
1,0.35,3.99995986372232E-02,8.34465026855469E-03
1,0.36,4.33328985236585E-02,6.55651092529297E-03
1,0.37,4.66661984100938E-02,7.15255737304688E-03
1,0.38,4.99994982965291E-02,1.19209289550781E-03
1,0.39,5.33327981829643E-02,2.38418579101563E-03
1,0.4,5.66660980693996E-02,-5.96046447753906E-03
1,0.41,5.99993979558349E-02,-6.55651092529297E-03
1,0.42,6.33326978422702E-02,-5.96046447753906E-03
1,0.43,6.66659977287054E-02,-1.01327896118164E-02
1,0.44,6.99992976151407E-02,-1.13248825073242E-02
1,0.45,7.33325975015759E-02,-1.07288360595703E-02
1,0.46,7.66658973880112E-02,-0.012516975402832
1,0.47,7.99991972744465E-02,-1.01327896118164E-02
1,0.48,8.33324971608818E-02,-0.012516975402832
1,0.49,0.086665797047317,-7.74860382080078E-03
1,0.5,8.99990969337523E-02,-1.07288360595703E-02
1,0.51,9.33323968201876E-02,-6.55651092529297E-03
1,0.52,9.66656967066228E-02,-5.96046447753906E-03
1,0.53,9.99989965930581E-02,-1.78813934326172E-03
1,0.54,0.103332296479493,-1.78813934326172E-03
1,0.55,0.109998896252364,5.96046447753906E-04
1,0.56,0.113332196138799,2.98023223876953E-03
1,0.58,0.116665496025234,2.98023223876953E-03
1,0.59,0.11999879591167,3.57627868652344E-03
1,0.6,0.123332095798105,4.17232513427734E-03
1,0.61,0.129998695570976,8.94069671630859E-03
1,0.62,0.133331995457411,8.34465026855469E-03
1,0.64,0.136665295343846,6.55651092529297E-03
1,0.65,0.143331895116717,1.01327896118164E-02
1,0.66,0.146665195003152,7.74860382080078E-03
1,0.67,0.149998494889587,7.15255737304688E-03
1,0.68,0.153331794776022,3.57627868652344E-03
1,0.69,0.156665094662458,2.38418579101563E-03
1,0.7,0.159998394548893,-1.19209289550781E-03
1,0.71,0.163331694435328,-2.98023223876953E-03
1,0.72,0.166664994321764,-4.17232513427734E-03
1,0.73,0.169998294208199,-4.76837158203125E-03
1,0.74,0.173331594094634,-7.74860382080078E-03
1,0.75,0.176664893981069,-9.5367431640625E-03
1,0.76,0.179998193867505,-0.012516975402832
1,0.77,0.18333149375394,-1.13248825073242E-02
1,0.78,0.186664793640375,-1.07288360595703E-02
1,0.79,0.18999809352681,-9.5367431640625E-03
1,0.8,0.193331393413246,-8.94069671630859E-03
1,0.81,0.196664693299681,-7.74860382080078E-03
1,0.82,0.199997993186116,-8.34465026855469E-03
1,0.83,0.203331293072552,-6.55651092529297E-03
1,0.84,0.206664592958987,-4.76837158203125E-03
1,0.85,0.209997892845422,-2.38418579101563E-03
1,0.86,0.213331192731857,-4.76837158203125E-03
1,0.87,0.216664492618293,-3.57627868652344E-03
1,0.88,0.219997792504728,3.57627868652344E-03
1,0.89,0.223331092391163,3.57627868652344E-03
1,0.9,0.226664392277598,8.34465026855469E-03
1,0.91,0.229997692164034,7.15255737304688E-03
1,0.92,0.233330992050469,7.74860382080078E-03
1,0.93,0.236664291936904,7.15255737304688E-03
1,0.94,0.239997591823339,7.15255737304688E-03
1,0.95,0.243330891709775,8.94069671630859E-03
1,0.96,0.24666419159621,8.94069671630859E-03
1,0.97,0.249997491482645,1.01327896118164E-02
1,0.98,0.253330791369081,1.01327896118164E-02
1,0.99,0.256664091255516,1.37090682983398E-02
1,1,0.259997391141951,1.37090682983398E-02
1,1.01,0.263330691028386,1.54972076416016E-02
1,1.02,0.266663990914822,1.54972076416016E-02
1,1.03,0.269997290801257,1.66893005371094E-02
1,1.04,0.273330590687692,1.66893005371094E-02
1,1.05,0.276663890574127,1.43051147460938E-02
1,1.06,0.279997190460563,1.66893005371094E-02
1,1.07,0.283330490346998,1.66893005371094E-02
1,1.08,0.286663790233433,1.84774398803711E-02
1,1.09,0.289997090119869,1.66893005371094E-02
1,1.1,0.293330390006304,1.31130218505859E-02
1,1.11,0.296663689892739,1.01327896118164E-02
1,1.12,0.299996989779174,1.37090682983398E-02
1,1.13,0.30333028966561,8.94069671630859E-03
1,1.14,0.306663589552045,1.19209289550781E-02
1,1.15,0.30999688943848,1.07288360595703E-02
1,1.16,0.313330189324915,9.5367431640625E-03
1,1.17,0.316663489211351,8.94069671630859E-03
1,1.18,0.319996789097786,6.55651092529297E-03
1,1.19,0.323330088984221,7.15255737304688E-03
1,1.2,0.326663388870657,8.34465026855469E-03
1,1.21,0.329996688757092,6.55651092529297E-03
1,1.22,0.333329988643527,7.74860382080078E-03
1,1.23,0.336663288529962,8.94069671630859E-03
1,1.24,0.339996588416398,3.57627868652344E-03
1,1.25,0.343329888302833,1.01327896118164E-02
1,1.26,0.346663188189268,9.5367431640625E-03
1,1.27,0.349996488075703,1.19209289550781E-02
1,1.28,0.353329787962139,1.43051147460938E-02
1,1.29,0.356663087848574,1.37090682983398E-02
1,1.3,0.359996387735009,1.84774398803711E-02
1,1.31,0.363329687621445,0.019073486328125
1,1.32,0.36666298750788,2.02655792236328E-02
1,1.33,0.369996287394315,1.96695327758789E-02
1,1.34,0.37332958728075,1.84774398803711E-02
1,1.35,0.376662887167186,2.02655792236328E-02
1,1.36,0.379996187053621,2.08616256713867E-02
1,1.37,0.383329486940056,2.20537185668945E-02
1,1.38,0.386662786826491,1.78813934326172E-02
1,1.39,0.389996086712927,1.78813934326172E-02
1,1.4,0.393329386599362,1.49011611938477E-02
1,1.41,0.396662686485797,7.15255737304688E-03
1,1.42,0.399995986372232,8.94069671630859E-03
1,1.43,0.403329286258668,5.96046447753906E-03
1,1.44,0.406662586145103,8.94069671630859E-03
1,1.45,0.409995886031538,7.15255737304688E-03
1,1.46,0.413329185917974,9.5367431640625E-03
1,1.47,0.416662485804409,6.55651092529297E-03
1,1.48,0.419995785690844,4.17232513427734E-03
1,1.49,0.423329085577279,3.57627868652344E-03
1,1.5,0.426662385463715,1.19209289550781E-03
1,1.51,0.42999568535015,-1.78813934326172E-03
1,1.52,0.433328985236585,-2.38418579101563E-03
1,1.53,0.43666228512302,-6.55651092529297E-03
1,1.54,0.439995585009456,-6.55651092529297E-03
1,1.55,0.443328884895891,-4.76837158203125E-03
1,1.56,0.446662184782326,-5.36441802978516E-03
1,1.57,0.449995484668762,-1.19209289550781E-03
1,1.58,0.453328784555197,-1.19209289550781E-03
1,1.59,0.456662084441632,0
1,1.6,0.459995384328067,4.17232513427734E-03
1,1.61,0.463328684214503,4.17232513427734E-03
1,1.62,0.466661984100938,6.55651092529297E-03
1,1.63,0.469995283987373,8.34465026855469E-03
1,1.64,0.473328583873808,7.74860382080078E-03
1,1.65,0.476661883760244,8.34465026855469E-03
1,1.66,0.479995183646679,9.5367431640625E-03
1,1.67,0.483328483533114,5.96046447753906E-03
1,1.68,0.48666178341955,4.76837158203125E-03
1,1.69,0.489995083305985,3.57627868652344E-03
1,1.7,0.49332838319242,0
1,1.71,0.496661683078855,-5.96046447753906E-04
1,1.72,0.499994982965291,-5.96046447753906E-04
1,1.73,0.503328282851726,5.96046447753906E-04
1,1.74,0.506661582738161,0
1,1.75,0.509994882624596,-5.96046447753906E-04
1,1.76,0.513328182511032,-2.38418579101563E-03
1,1.77,0.516661482397467,-2.38418579101563E-03
1,1.78,0.519994782283902,-2.98023223876953E-03
1,1.79,0.523328082170337,-7.15255737304688E-03
1,1.8,0.526661382056773,-7.74860382080078E-03
1,1.81,0.529994681943208,-5.36441802978516E-03
1,1.82,0.533327981829643,-6.55651092529297E-03
1,1.83,0.536661281716079,-6.55651092529297E-03
1,1.84,0.539994581602514,-7.15255737304688E-03
1,1.85,0.543327881488949,-8.34465026855469E-03
1,1.86,0.546661181375384,-4.17232513427734E-03
1,1.87,0.54999448126182,-1.78813934326172E-03
1,1.88,0.553327781148255,-2.98023223876953E-03
1,1.89,0.55666108103469,-1.19209289550781E-03
1,1.9,0.559994380921125,-2.38418579101563E-03
1,1.91,0.563327680807561,4.17232513427734E-03
1,1.92,0.566660980693996,1.01327896118164E-02
1,1.93,0.569994280580431,9.5367431640625E-03
1,1.94,0.573327580466866,1.07288360595703E-02
1,1.95,0.576660880353302,1.19209289550781E-02
1,1.96,0.579994180239737,9.5367431640625E-03
1,1.97,0.583327480126172,0.012516975402832
1,1.98,0.586660780012608,1.01327896118164E-02
1,1.99,0.589994079899043,1.43051147460938E-02
1,2,0.593327379785478,0.012516975402832
1,2.01,0.596660679671913,0.012516975402832
1,2.02,0.599993979558349,1.07288360595703E-02
1,2.03,0.603327279444784,1.60932540893555E-02
1,2.04,0.606660579331219,1.78813934326172E-02
1,2.05,0.609993879217654,2.26497650146484E-02
1,2.06,0.61332717910409,2.02655792236328E-02
1,2.07,0.616660478990525,0.019073486328125
1,2.08,0.61999377887696,2.14576721191406E-02
1,2.09,0.623327078763396,1.96695327758789E-02
1,2.1,0.626660378649831,2.44379043579102E-02
1,2.11,0.629993678536266,2.20537185668945E-02
1,2.12,0.633326978422701,0.019073486328125
1,2.13,0.636660278309137,1.72853469848633E-02
1,2.14,0.639993578195572,1.78813934326172E-02
1,2.15,0.643326878082007,2.20537185668945E-02
1,2.16,0.646660177968442,1.78813934326172E-02
1,2.17,0.649993477854878,1.72853469848633E-02
1,2.18,0.653326777741313,1.37090682983398E-02
1,2.19,0.656660077627748,1.19209289550781E-02
1,2.2,0.659993377514184,1.37090682983398E-02
1,2.21,0.663326677400619,1.01327896118164E-02
1,2.22,0.666659977287054,9.5367431640625E-03
1,2.23,0.669993277173489,3.57627868652344E-03
1,2.24,0.673326577059925,4.17232513427734E-03
1,2.25,0.67665987694636,0
1,2.26,0.679993176832795,-3.57627868652344E-03
1,2.27,0.68332647671923,-4.76837158203125E-03
1,2.28,0.686659776605666,-3.57627868652344E-03
1,2.29,0.689993076492101,-1.19209289550781E-03
1,2.3,0.693326376378536,-4.17232513427734E-03
1,2.31,0.696659676264971,-2.98023223876953E-03
1,2.32,0.699992976151407,-5.96046447753906E-04
1,2.33,0.703326276037842,-1.19209289550781E-03
1,2.34,0.706659575924277,-5.96046447753906E-04
1,2.35,0.709992875810713,4.76837158203125E-03
1,2.36,0.713326175697148,8.34465026855469E-03
1,2.37,0.716659475583583,7.15255737304688E-03
1,2.38,0.719992775470018,8.34465026855469E-03
1,2.39,0.723326075356454,7.15255737304688E-03
1,2.4,0.726659375242889,8.34465026855469E-03
1,2.41,0.729992675129324,1.01327896118164E-02
1,2.42,0.733325975015759,5.96046447753906E-03
1,2.43,0.736659274902195,8.94069671630859E-03
1,2.44,0.73999257478863,8.94069671630859E-03
1,2.45,0.743325874675065,1.13248825073242E-02
1,2.46,0.746659174561501,1.13248825073242E-02
1,2.47,0.749992474447936,1.19209289550781E-02
1,2.48,0.753325774334371,1.01327896118164E-02
1,2.49,0.756659074220806,7.74860382080078E-03
1,2.5,0.759992374107242,9.5367431640625E-03
1,2.51,0.763325673993677,7.15255737304688E-03
1,2.52,0.766658973880112,8.34465026855469E-03
1,2.53,0.769992273766547,4.76837158203125E-03
1,2.54,0.773325573652983,6.55651092529297E-03
1,2.55,0.776658873539418,5.96046447753906E-03
1,2.56,0.779992173425853,6.55651092529297E-03
1,2.57,0.783325473312289,8.94069671630859E-03
1,2.58,0.786658773198724,7.74860382080078E-03
1,2.59,0.789992073085159,8.34465026855469E-03
1,2.6,0.793325372971594,4.17232513427734E-03
1,2.61,0.79665867285803,1.19209289550781E-03
1,2.62,0.799991972744465,0
1,2.63,0.8033252726309,4.76837158203125E-03
1,2.64,0.806658572517335,7.15255737304688E-03
1,2.65,0.809991872403771,5.96046447753906E-03
1,2.66,0.813325172290206,6.55651092529297E-03
1,2.67,0.816658472176641,4.76837158203125E-03
1,2.68,0.819991772063077,4.76837158203125E-03
1,2.69,0.823325071949512,1.19209289550781E-03
1,2.7,0.826658371835947,4.17232513427734E-03
1,2.71,0.829991671722382,2.38418579101563E-03
1,2.72,0.833324971608818,5.96046447753906E-04
1,2.73,0.836658271495253,-5.96046447753906E-04
1,2.74,0.839991571381688,0
1,2.75,0.843324871268123,-1.19209289550781E-03
1,2.76,0.846658171154559,5.96046447753906E-04
1,2.77,0.849991471040994,0
1,2.78,0.853324770927429,-1.78813934326172E-03
1,2.79,0.856658070813864,-5.96046447753906E-04
1,2.8,0.8599913707003,-1.19209289550781E-03
1,2.81,0.863324670586735,2.98023223876953E-03
1,2.82,0.86665797047317,6.55651092529297E-03
1,2.83,0.869991270359606,7.15255737304688E-03
1,2.84,0.873324570246041,1.13248825073242E-02
1,2.85,0.876657870132476,8.94069671630859E-03
1,2.86,0.879991170018911,1.13248825073242E-02
1,2.87,0.883324469905347,1.01327896118164E-02
1,2.88,0.886657769791782,1.49011611938477E-02
1,2.89,0.889991069678217,1.01327896118164E-02
1,2.9,0.893324369564652,1.13248825073242E-02
1,2.91,0.896657669451088,7.15255737304688E-03
1,2.92,0.899990969337523,6.55651092529297E-03
1,2.93,0.903324269223958,8.94069671630859E-03
1,2.94,0.906657569110394,7.15255737304688E-03
1,2.95,0.909990868996829,8.34465026855469E-03
1,2.96,0.913324168883264,7.74860382080078E-03
1,2.97,0.916657468769699,7.74860382080078E-03
1,2.98,0.919990768656135,1.37090682983398E-02
1,2.99,0.92332406854257,1.13248825073242E-02
1,3,0.926657368429005,1.60932540893555E-02
1,3.01,0.92999066831544,1.07288360595703E-02
1,3.02,0.933323968201876,1.07288360595703E-02
1,3.03,0.936657268088311,1.01327896118164E-02
1,3.04,0.939990567974746,8.34465026855469E-03
1,3.05,0.943323867861182,1.13248825073242E-02
1,3.06,0.946657167747617,8.94069671630859E-03
1,3.07,0.949990467634052,8.34465026855469E-03
1,3.08,0.953323767520487,7.74860382080078E-03
1,3.09,0.956657067406923,5.96046447753906E-03
1,3.1,0.959990367293358,8.34465026855469E-03
1,3.11,0.963323667179793,7.74860382080078E-03
1,3.12,0.966656967066228,6.55651092529297E-03
1,3.13,0.969990266952664,9.5367431640625E-03
1,3.14,0.973323566839099,6.55651092529297E-03
1,3.15,0.976656866725534,8.34465026855469E-03
1,3.16,0.979990166611969,5.96046447753906E-03
1,3.17,0.983323466498405,7.15255737304688E-03
1,3.18,0.98665676638484,6.55651092529297E-03
1,3.19,0.989990066271275,5.96046447753906E-03
1,3.2,0.993323366157711,5.36441802978516E-03
1,3.21,0.996656666044146,2.98023223876953E-03
1,3.22,0.999989965930581,2.98023223876953E-03
1,3.23,1.00332326581702,1.19209289550781E-03
1,3.24,1.00665656570345,5.36441802978516E-03
1,3.25,1.00998986558989,5.96046447753906E-04
1,3.26,1.01332316547632,6.55651092529297E-03
1,3.27,1.01665646536276,1.13248825073242E-02
1,3.28,1.01998976524919,1.01327896118164E-02
1,3.29,1.02332306513563,1.01327896118164E-02
1,3.3,1.02665636502206,8.34465026855469E-03
1,3.31,1.0299896649085,9.5367431640625E-03
1,3.32,1.03332296479493,6.55651092529297E-03
1,3.33,1.03665626468137,6.55651092529297E-03
1,3.34,1.0399895645678,4.76837158203125E-03
1,3.35,1.04332286445424,7.15255737304688E-03
1,3.36,1.04665616434067,3.57627868652344E-03
1,3.37,1.04998946422711,5.36441802978516E-03
1,3.38,1.05332276411355,3.57627868652344E-03
1,3.39,1.05665606399998,5.96046447753906E-04
1,3.4,1.05998936388642,-2.98023223876953E-03
1,3.41,1.06332266377285,-2.98023223876953E-03
1,3.42,1.06665596365929,5.96046447753906E-04
1,3.43,1.06998926354572,-3.57627868652344E-03
1,3.44,1.07332256343216,-4.17232513427734E-03
1,3.45,1.07665586331859,-4.17232513427734E-03
1,3.46,1.07998916320503,-2.38418579101563E-03
1,3.47,1.08332246309146,-4.76837158203125E-03
1,3.48,1.0866557629779,-3.57627868652344E-03
1,3.49,1.08998906286433,-4.17232513427734E-03
1,3.5,1.09332236275077,-1.78813934326172E-03
1,3.51,1.0966556626372,5.96046447753906E-04
1,3.52,1.09998896252364,1.78813934326172E-03
1,3.53,1.10332226241007,5.36441802978516E-03
1,3.54,1.10665556229651,5.36441802978516E-03
1,3.55,1.10998886218295,2.98023223876953E-03
1,3.56,1.11332216206938,1.19209289550781E-03
1,3.57,1.11665546195582,5.96046447753906E-04
1,3.58,1.11998876184225,0
1,3.59,1.12332206172869,-5.96046447753906E-04
1,3.6,1.12665536161512,5.96046447753906E-04
1,3.61,1.12998866150156,4.76837158203125E-03
1,3.62,1.13332196138799,5.96046447753906E-04
1,3.63,1.13665526127443,0
1,3.64,1.13998856116086,4.76837158203125E-03
1,3.65,1.1433218610473,2.98023223876953E-03
1,3.66,1.14665516093373,-5.96046447753906E-04
1,3.67,1.14998846082017,-1.19209289550781E-03
1,3.68,1.1533217607066,0
1,3.69,1.15665506059304,-5.96046447753906E-04
1,3.7,1.15998836047947,1.19209289550781E-03
1,3.71,1.16332166036591,-2.38418579101563E-03
1,3.72,1.16665496025234,-5.96046447753906E-04
1,3.73,1.16998826013878,-2.38418579101563E-03
1,3.74,1.17332156002522,-2.98023223876953E-03
1,3.75,1.17665485991165,-3.57627868652344E-03
1,3.76,1.17998815979809,-1.19209289550781E-03
1,3.77,1.18332145968452,-2.38418579101563E-03
1,3.78,1.18665475957096,0
1,3.79,1.18998805945739,-2.98023223876953E-03
1,3.8,1.19332135934383,-5.96046447753906E-04
1,3.81,1.19665465923026,-5.36441802978516E-03
1,3.82,1.1999879591167,-5.36441802978516E-03
1,3.83,1.20332125900313,-7.15255737304688E-03
1,3.84,1.20665455888957,-5.96046447753906E-03
1,3.85,1.209987858776,-7.15255737304688E-03
1,3.86,1.21332115866244,-1.49011611938477E-02
1,3.87,1.21665445854887,-1.49011611938477E-02
1,3.88,1.21998775843531,-1.60932540893555E-02
1,3.89,1.22332105832174,-1.72853469848633E-02
1,3.9,1.22665435820818,-1.54972076416016E-02
1,3.91,1.22998765809461,-2.20537185668945E-02
1,3.92,1.23332095798105,-2.02655792236328E-02
1,3.93,1.23665425786749,-2.62260437011719E-02
1,3.94,1.23998755775392,-2.20537185668945E-02
1,3.95,1.24332085764036,-1.84774398803711E-02
1,3.96,1.24665415752679,-1.96695327758789E-02
1,3.97,1.24998745741323,-0.019073486328125
1,3.98,1.25332075729966,-1.60932540893555E-02
1,3.99,1.2566540571861,-1.19209289550781E-02
1,4,1.25998735707253,-0.012516975402832
1,4.01,1.26332065695897,-1.01327896118164E-02
1,4.02,1.2666539568454,-7.15255737304688E-03
1,4.03,1.26998725673184,-9.5367431640625E-03
1,4.04,1.27332055661827,-5.36441802978516E-03
1,4.05,1.27665385650471,-9.5367431640625E-03
1,4.06,1.27998715639114,-9.5367431640625E-03
1,4.07,1.28332045627758,-1.01327896118164E-02
1,4.08,1.28665375616401,-1.13248825073242E-02
1,4.09,1.29332035593688,-1.31130218505859E-02
1,4.11,1.29665365582332,-0.012516975402832
1,4.12,1.29998695570976,-8.34465026855469E-03
1,4.13,1.30332025559619,-1.19209289550781E-03
1,4.14,1.30998685536906,0
1,4.15,1.3133201552555,0
1,4.17,1.31665345514193,5.96046447753906E-03
1,4.18,1.3233200549148,7.74860382080078E-03
1,4.19,1.32665335480124,1.19209289550781E-02
1,4.2,1.32998665468767,1.31130218505859E-02
1,4.21,1.33331995457411,0.012516975402832
1,4.23,1.33665325446054,1.31130218505859E-02
1,4.24,1.34331985423341,1.37090682983398E-02
1,4.25,1.34665315411985,1.31130218505859E-02
1,4.26,1.34998645400628,1.07288360595703E-02
1,4.27,1.35331975389272,7.74860382080078E-03
1,4.28,1.35665305377916,4.76837158203125E-03
1,4.29,1.35998635366559,5.36441802978516E-03
1,4.3,1.36331965355203,5.96046447753906E-03
1,4.31,1.36665295343846,2.98023223876953E-03
1,4.32,1.3699862533249,5.96046447753906E-04
1,4.33,1.37331955321133,1.78813934326172E-03
1,4.34,1.37665285309777,-1.19209289550781E-03
1,4.35,1.3799861529842,-1.78813934326172E-03
1,4.36,1.38331945287064,-3.57627868652344E-03
1,4.37,1.38665275275707,-5.96046447753906E-03
1,4.38,1.38998605264351,-1.78813934326172E-03
1,4.39,1.39331935252994,-5.36441802978516E-03
1,4.4,1.39665265241638,-8.94069671630859E-03
1,4.41,1.39998595230281,-7.15255737304688E-03
1,4.42,1.40331925218925,-5.96046447753906E-03
1,4.43,1.40665255207568,-5.36441802978516E-03
1,4.44,1.40998585196212,-4.76837158203125E-03
1,4.45,1.41331915184855,-1.78813934326172E-03
1,4.46,1.41665245173499,-4.76837158203125E-03
1,4.47,1.41998575162143,-2.98023223876953E-03
1,4.48,1.42331905150786,-1.19209289550781E-03
1,4.49,1.4266523513943,-4.76837158203125E-03
1,4.5,1.42998565128073,-2.98023223876953E-03
1,4.51,1.43331895116717,-4.76837158203125E-03
1,4.52,1.4366522510536,-6.55651092529297E-03
1,4.53,1.43998555094004,-5.36441802978516E-03
1,4.54,1.44331885082647,-8.34465026855469E-03
1,4.55,1.44665215071291,-6.55651092529297E-03
1,4.56,1.44998545059934,-2.38418579101563E-03
1,4.57,1.45331875048578,-4.17232513427734E-03
1,4.58,1.45665205037221,-1.19209289550781E-03
1,4.59,1.45998535025865,-4.17232513427734E-03
1,4.6,1.46331865014508,5.96046447753906E-04
1,4.61,1.46665195003152,4.17232513427734E-03
1,4.62,1.46998524991795,3.57627868652344E-03
1,4.63,1.47331854980439,1.19209289550781E-03
1,4.64,1.47665184969082,5.96046447753906E-04
1,4.65,1.47998514957726,-5.96046447753906E-04
1,4.66,1.4833184494637,5.96046447753906E-04
1,4.67,1.48665174935013,2.98023223876953E-03
1,4.68,1.48998504923657,3.57627868652344E-03
1,4.69,1.493318349123,5.96046447753906E-04
1,4.7,1.49665164900944,2.98023223876953E-03
1,4.71,1.49998494889587,4.76837158203125E-03
1,4.72,1.50331824878231,7.15255737304688E-03
1,4.73,1.50665154866874,5.96046447753906E-03
1,4.74,1.50998484855518,7.15255737304688E-03
1,4.75,1.51331814844161,4.76837158203125E-03
1,4.76,1.51665144832805,1.19209289550781E-03
1,4.77,1.51998474821448,0
1,4.78,1.52331804810092,0
1,4.79,1.52665134798735,0
1,4.8,1.52998464787379,-1.78813934326172E-03
1,4.81,1.53331794776022,-6.55651092529297E-03
1,4.82,1.53665124764666,-5.96046447753906E-03
1,4.83,1.53998454753309,-7.74860382080078E-03
1,4.84,1.54331784741953,-7.74860382080078E-03
1,4.85,1.54665114730597,-9.5367431640625E-03
1,4.86,1.5499844471924,-1.13248825073242E-02
1,4.87,1.55331774707884,-1.19209289550781E-02
1,4.88,1.55665104696527,-0.012516975402832
1,4.89,1.55998434685171,-1.49011611938477E-02
1,4.9,1.56331764673814,-1.19209289550781E-02
1,4.91,1.56665094662458,-1.01327896118164E-02
1,4.92,1.56998424651101,-1.19209289550781E-02
1,4.93,1.57331754639745,-8.94069671630859E-03
1,4.94,1.57665084628388,-0.012516975402832
1,4.95,1.57998414617032,-9.5367431640625E-03
1,4.96,1.58331744605675,-1.13248825073242E-02
1,4.97,1.58665074594319,-5.36441802978516E-03
1,4.98,1.58998404582962,-4.17232513427734E-03
1,4.99,1.59331734571606,-5.96046447753906E-03
1,5,1.59665064560249,-4.76837158203125E-03
1,5.01,1.59998394548893,-2.98023223876953E-03
1,5.02,1.60331724537537,-3.57627868652344E-03
1,5.03,1.6066505452618,-7.15255737304688E-03
1,5.04,1.60998384514824,-5.96046447753906E-03
1,5.05,1.61331714503467,-7.15255737304688E-03
1,5.06,1.61665044492111,-7.15255737304688E-03
1,5.07,1.61998374480754,-2.98023223876953E-03
1,5.08,1.62331704469398,-3.57627868652344E-03
1,5.09,1.62665034458041,-1.78813934326172E-03
1,5.1,1.62998364446685,-5.96046447753906E-04
1,5.11,1.63331694435328,-1.78813934326172E-03
1,5.12,1.63665024423972,0
1,5.13,1.63998354412615,5.96046447753906E-04
1,5.14,1.64331684401259,-2.38418579101563E-03
1,5.15,1.64665014389902,-4.76837158203125E-03
1,5.16,1.64998344378546,-5.36441802978516E-03
1,5.17,1.65331674367189,-9.5367431640625E-03
1,5.18,1.65665004355833,-1.07288360595703E-02
1,5.19,1.65998334344476,-9.5367431640625E-03
1,5.2,1.6633166433312,-8.94069671630859E-03
1,5.21,1.66664994321764,-8.94069671630859E-03
1,5.22,1.66998324310407,-7.15255737304688E-03
1,5.23,1.67331654299051,-8.34465026855469E-03
1,5.24,1.67664984287694,-6.55651092529297E-03
1,5.25,1.67998314276338,-7.15255737304688E-03
1,5.26,1.68331644264981,-6.55651092529297E-03
1,5.27,1.68664974253625,-8.94069671630859E-03
1,5.28,1.68998304242268,-8.94069671630859E-03
1,5.29,1.69331634230912,-9.5367431640625E-03
1,5.3,1.69664964219555,-1.13248825073242E-02
1,5.31,1.69998294208199,-1.31130218505859E-02
1,5.32,1.70331624196842,-0.012516975402832
1,5.33,1.70664954185486,-1.19209289550781E-02
1,5.34,1.70998284174129,-1.37090682983398E-02
1,5.35,1.71331614162773,-1.19209289550781E-02
1,5.36,1.71664944151416,-1.43051147460938E-02
1,5.37,1.7199827414006,-1.37090682983398E-02
1,5.38,1.72331604128703,-1.01327896118164E-02
1,5.39,1.72664934117347,-9.5367431640625E-03
1,5.4,1.72998264105991,-8.34465026855469E-03
1,5.41,1.73331594094634,-8.34465026855469E-03
1,5.42,1.73664924083278,-8.94069671630859E-03
1,5.43,1.73998254071921,-1.01327896118164E-02
1,5.44,1.74331584060565,-5.36441802978516E-03
1,5.45,1.74664914049208,-5.96046447753906E-03
1,5.46,1.74998244037852,-4.17232513427734E-03
1,5.47,1.75331574026495,-4.17232513427734E-03
1,5.48,1.75664904015139,-4.17232513427734E-03
1,5.49,1.75998234003782,-1.19209289550781E-03
1,5.5,1.76331563992426,7.74860382080078E-03
1,5.51,1.76664893981069,4.76837158203125E-03
1,5.52,1.76998223969713,8.34465026855469E-03
1,5.53,1.77331553958356,8.34465026855469E-03
1,5.54,1.77664883947,1.19209289550781E-02
1,5.55,1.77998213935643,1.49011611938477E-02
1,5.56,1.78331543924287,1.19209289550781E-02
1,5.57,1.7866487391293,1.72853469848633E-02
1,5.58,1.78998203901574,1.49011611938477E-02
1,5.59,1.79331533890218,1.31130218505859E-02
1,5.6,1.79664863878861,1.43051147460938E-02
1,5.61,1.79998193867505,1.54972076416016E-02
1,5.62,1.80331523856148,1.49011611938477E-02
1,5.63,1.80664853844792,1.78813934326172E-02
1,5.64,1.80998183833435,1.60932540893555E-02
1,5.65,1.81331513822079,1.49011611938477E-02
1,5.66,1.81664843810722,1.54972076416016E-02
1,5.67,1.81998173799366,1.07288360595703E-02
1,5.68,1.82331503788009,1.31130218505859E-02
1,5.69,1.82664833776653,8.34465026855469E-03
1,5.7,1.82998163765296,9.5367431640625E-03
1,5.71,1.8333149375394,7.15255737304688E-03
1,5.72,1.83664823742583,3.57627868652344E-03
1,5.73,1.83998153731227,6.55651092529297E-03
1,5.74,1.8433148371987,5.36441802978516E-03
1,5.75,1.84664813708514,7.74860382080078E-03
1,5.76,1.84998143697158,8.94069671630859E-03
1,5.77,1.85331473685801,4.76837158203125E-03
1,5.78,1.85664803674445,9.5367431640625E-03
1,5.79,1.85998133663088,4.17232513427734E-03
1,5.8,1.86331463651732,4.17232513427734E-03
1,5.81,1.86664793640375,4.76837158203125E-03
1,5.82,1.86998123629019,6.55651092529297E-03
1,5.83,1.87331453617662,1.19209289550781E-03
1,5.84,1.87664783606306,0
1,5.85,1.87998113594949,-1.78813934326172E-03
1,5.86,1.88331443583593,0
1,5.87,1.88664773572236,-4.17232513427734E-03
1,5.88,1.8899810356088,-4.76837158203125E-03
1,5.89,1.89331433549523,-4.76837158203125E-03
1,5.9,1.89664763538167,-6.55651092529297E-03
1,5.91,1.8999809352681,-1.78813934326172E-03
1,5.92,1.90331423515454,-5.96046447753906E-04
1,5.93,1.90664753504097,-1.19209289550781E-03
1,5.94,1.90998083492741,0
1,5.95,1.91331413481385,-1.78813934326172E-03
1,5.96,1.91664743470028,-5.96046447753906E-04
1,5.97,1.91998073458672,1.78813934326172E-03
1,5.98,1.92331403447315,2.38418579101563E-03
1,5.99,1.92664733435959,3.57627868652344E-03
1,6,1.92998063424602,4.17232513427734E-03
1,6.01,1.93331393413246,2.98023223876953E-03
1,6.02,1.93664723401889,6.55651092529297E-03
1,6.03,1.93998053390533,2.98023223876953E-03
1,6.04,1.94331383379176,2.98023223876953E-03
1,6.05,1.9466471336782,6.55651092529297E-03
1,6.06,1.94998043356463,7.15255737304688E-03
1,6.07,1.95331373345107,5.36441802978516E-03
1,6.08,1.9566470333375,7.74860382080078E-03
1,6.09,1.95998033322394,7.15255737304688E-03
1,6.1,1.96331363311037,4.76837158203125E-03
1,6.11,1.96664693299681,4.76837158203125E-03
1,6.12,1.96998023288324,2.38418579101563E-03
1,6.13,1.97331353276968,2.38418579101563E-03
1,6.14,1.97664683265612,-1.19209289550781E-03
1,6.15,1.97998013254255,-5.96046447753906E-04
1,6.16,1.98331343242899,0
1,6.17,1.98664673231542,-1.78813934326172E-03
1,6.18,1.98998003220186,0
1,6.19,1.99331333208829,1.78813934326172E-03
1,6.2,1.99664663197473,3.57627868652344E-03
1,6.21,1.99997993186116,2.38418579101563E-03
1,6.22,2.0033132317476,3.57627868652344E-03
1,6.23,2.00664653163403,3.57627868652344E-03
1,6.24,2.00997983152047,0
1,6.25,2.0133131314069,-2.38418579101563E-03
1,6.26,2.01664643129334,-4.17232513427734E-03
1,6.27,2.01997973117977,-2.98023223876953E-03
1,6.28,2.02331303106621,-5.36441802978516E-03
1,6.29,2.02664633095264,-6.55651092529297E-03
1,6.3,2.02997963083908,-4.76837158203125E-03
1,6.31,2.03331293072552,-2.98023223876953E-03
1,6.32,2.03664623061195,-1.78813934326172E-03
1,6.33,2.03997953049839,-5.96046447753906E-04
1,6.34,2.04331283038482,0
1,6.35,2.04664613027126,7.74860382080078E-03
1,6.36,2.04997943015769,5.36441802978516E-03
1,6.37,2.05331273004413,9.5367431640625E-03
1,6.38,2.05664602993056,8.94069671630859E-03
1,6.39,2.059979329817,1.13248825073242E-02
1,6.4,2.06331262970343,1.19209289550781E-02
1,6.41,2.06664592958987,1.13248825073242E-02
1,6.42,2.0699792294763,1.13248825073242E-02
1,6.43,2.07331252936274,6.55651092529297E-03
1,6.44,2.07664582924917,1.01327896118164E-02
1,6.45,2.07997912913561,1.07288360595703E-02
1,6.46,2.08331242902204,0.012516975402832
1,6.47,2.08664572890848,0.012516975402832
1,6.48,2.08997902879491,1.43051147460938E-02
1,6.49,2.09331232868135,0.012516975402832
1,6.5,2.09664562856779,1.43051147460938E-02
1,6.51,2.09997892845422,1.19209289550781E-02
1,6.52,2.10331222834066,1.66893005371094E-02
1,6.53,2.10664552822709,1.60932540893555E-02
1,6.54,2.10997882811353,1.43051147460938E-02
1,6.55,2.11331212799996,1.07288360595703E-02
1,6.56,2.1166454278864,1.13248825073242E-02
1,6.57,2.11997872777283,1.19209289550781E-02
1,6.58,2.12331202765927,7.74860382080078E-03
1,6.59,2.1266453275457,0.012516975402832
1,6.6,2.12997862743214,1.01327896118164E-02
1,6.61,2.13331192731857,1.19209289550781E-02
1,6.62,2.13664522720501,1.07288360595703E-02
1,6.63,2.13997852709144,1.01327896118164E-02
1,6.64,2.14331182697788,1.07288360595703E-02
1,6.65,2.14664512686431,1.31130218505859E-02
1,6.66,2.14997842675075,0.012516975402832
1,6.67,2.15331172663718,1.37090682983398E-02
1,6.68,2.15664502652362,0.012516975402832
1,6.69,2.15997832641006,9.5367431640625E-03
1,6.7,2.16331162629649,1.13248825073242E-02
1,6.71,2.16664492618293,5.36441802978516E-03
1,6.72,2.16997822606936,7.15255737304688E-03
1,6.73,2.1733115259558,7.74860382080078E-03
1,6.74,2.17664482584223,7.15255737304688E-03
1,6.75,2.17997812572867,7.74860382080078E-03
1,6.76,2.1833114256151,6.55651092529297E-03
1,6.77,2.18664472550154,8.34465026855469E-03
1,6.78,2.18997802538797,1.19209289550781E-02
1,6.79,2.19331132527441,1.13248825073242E-02
1,6.8,2.19664462516084,1.37090682983398E-02
1,6.81,2.19997792504728,1.84774398803711E-02
1,6.82,2.20331122493371,0.019073486328125
1,6.83,2.20664452482015,1.96695327758789E-02
1,6.84,2.20997782470658,1.60932540893555E-02
1,6.85,2.21331112459302,1.49011611938477E-02
1,6.86,2.21664442447945,1.31130218505859E-02
1,6.87,2.21997772436589,1.49011611938477E-02
1,6.88,2.22331102425233,1.49011611938477E-02
1,6.89,2.22664432413876,1.72853469848633E-02
1,6.9,2.2299776240252,1.66893005371094E-02
1,6.91,2.23331092391163,1.37090682983398E-02
1,6.92,2.23664422379807,1.54972076416016E-02
1,6.93,2.2399775236845,1.78813934326172E-02
1,6.94,2.24331082357094,1.78813934326172E-02
1,6.95,2.24664412345737,1.43051147460938E-02
1,6.96,2.24997742334381,1.54972076416016E-02
1,6.97,2.25331072323024,8.34465026855469E-03
1,6.98,2.25664402311668,6.55651092529297E-03
1,6.99,2.25997732300311,4.76837158203125E-03
1,7,2.26331062288955,6.55651092529297E-03
1,7.01,2.26664392277598,3.57627868652344E-03
1,7.02,2.26997722266242,3.57627868652344E-03
1,7.03,2.27331052254885,2.98023223876953E-03
1,7.04,2.27664382243529,4.76837158203125E-03
1,7.05,2.27997712232172,5.96046447753906E-03
1,7.06,2.28331042220816,7.74860382080078E-03
1,7.07,2.2866437220946,7.74860382080078E-03
1,7.08,2.28997702198103,7.74860382080078E-03
1,7.09,2.29331032186747,1.31130218505859E-02
1,7.1,2.2966436217539,1.19209289550781E-02
1,7.11,2.29997692164034,1.49011611938477E-02
1,7.12,2.30331022152677,1.54972076416016E-02
1,7.13,2.30664352141321,1.43051147460938E-02
1,7.14,2.30997682129964,1.49011611938477E-02
1,7.15,2.31331012118608,1.66893005371094E-02
1,7.16,2.31664342107251,1.84774398803711E-02
1,7.17,2.31997672095895,1.31130218505859E-02
1,7.18,2.32331002084538,0.019073486328125
1,7.19,2.32664332073182,2.08616256713867E-02
1,7.2,2.32997662061825,2.14576721191406E-02
1,7.21,2.33330992050469,1.66893005371094E-02
1,7.22,2.33664322039112,1.60932540893555E-02
1,7.23,2.33997652027756,1.31130218505859E-02
1,7.24,2.343309820164,9.5367431640625E-03
1,7.25,2.34664312005043,7.74860382080078E-03
1,7.26,2.34997641993687,4.17232513427734E-03
1,7.27,2.3533097198233,1.78813934326172E-03
1,7.28,2.35664301970974,5.96046447753906E-04
1,7.29,2.35997631959617,-1.78813934326172E-03
1,7.3,2.36330961948261,-1.19209289550781E-03
1,7.31,2.36664291936904,-5.36441802978516E-03
1,7.32,2.36997621925548,-3.57627868652344E-03
1,7.33,2.37330951914191,-2.98023223876953E-03
1,7.34,2.37664281902835,-4.76837158203125E-03
1,7.35,2.37997611891478,-1.78813934326172E-03
1,7.36,2.38330941880122,1.78813934326172E-03
1,7.37,2.38664271868765,5.36441802978516E-03
1,7.38,2.38997601857409,1.01327896118164E-02
1,7.39,2.39330931846052,1.01327896118164E-02
1,7.4,2.39664261834696,1.07288360595703E-02
1,7.41,2.39997591823339,8.94069671630859E-03
1,7.42,2.40330921811983,1.01327896118164E-02
1,7.43,2.40664251800627,5.96046447753906E-03
1,7.44,2.4099758178927,0
1,7.45,2.41330911777914,2.38418579101563E-03
1,7.46,2.41664241766557,-1.19209289550781E-03
1,7.47,2.41997571755201,0
1,7.48,2.42330901743844,-2.38418579101563E-03
1,7.49,2.42664231732488,-3.57627868652344E-03
1,7.5,2.42997561721131,-5.36441802978516E-03
1,7.51,2.43330891709775,-7.15255737304688E-03
1,7.52,2.43664221698418,-7.74860382080078E-03
1,7.53,2.43997551687062,-2.98023223876953E-03
1,7.54,2.44330881675705,-5.96046447753906E-03
1,7.55,2.44664211664349,-5.96046447753906E-03
1,7.56,2.44997541652992,-8.94069671630859E-03
1,7.57,2.45330871641636,-5.36441802978516E-03
1,7.58,2.45664201630279,-8.94069671630859E-03
1,7.59,2.45997531618923,-8.34465026855469E-03
1,7.6,2.46330861607566,-7.15255737304688E-03
1,7.61,2.4666419159621,-5.96046447753906E-03
1,7.62,2.46997521584854,-3.57627868652344E-03
1,7.63,2.47330851573497,-1.78813934326172E-03
1,7.64,2.47664181562141,-5.96046447753906E-04
1,7.65,2.47997511550784,-1.19209289550781E-03
1,7.66,2.48330841539428,0
1,7.67,2.48664171528071,1.78813934326172E-03
1,7.68,2.48997501516715,1.78813934326172E-03
1,7.69,2.49330831505358,2.98023223876953E-03
1,7.7,2.49664161494002,2.38418579101563E-03
1,7.71,2.49997491482645,0
1,7.72,2.50330821471289,-5.96046447753906E-04
1,7.73,2.50664151459932,-1.78813934326172E-03
1,7.74,2.50997481448576,-4.76837158203125E-03
1,7.75,2.51330811437219,-6.55651092529297E-03
1,7.76,2.51664141425863,-8.94069671630859E-03
1,7.77,2.51997471414506,-7.74860382080078E-03
1,7.78,2.5233080140315,-1.19209289550781E-02
1,7.79,2.52664131391793,-1.01327896118164E-02
1,7.8,2.52997461380437,-1.31130218505859E-02
1,7.81,2.53330791369081,-1.72853469848633E-02
1,7.82,2.53664121357724,-1.96695327758789E-02
1,7.83,2.53997451346368,-2.08616256713867E-02
1,7.84,2.54330781335011,-2.08616256713867E-02
1,7.85,2.54664111323655,-2.44379043579102E-02
1,7.86,2.54997441312298,-2.38418579101563E-02
1,7.87,2.55330771300942,-2.38418579101563E-02
1,7.88,2.55664101289585,-2.62260437011719E-02
1,7.89,2.55997431278229,-2.44379043579102E-02
1,7.9,2.56330761266872,-2.26497650146484E-02
1,7.91,2.56664091255516,-2.14576721191406E-02
1,7.92,2.56997421244159,-2.14576721191406E-02
1,7.93,2.57330751232803,-2.08616256713867E-02
1,7.94,2.57664081221446,-2.08616256713867E-02
1,7.95,2.5799741121009,-1.43051147460938E-02
1,7.96,2.58330741198733,-1.13248825073242E-02
1,7.97,2.58664071187377,-9.5367431640625E-03
1,7.98,2.59330731164664,-1.13248825073242E-02
1,8,2.59664061153308,-7.74860382080078E-03
1,8.01,2.59997391141951,-7.74860382080078E-03
1,8.02,2.60330721130595,-3.57627868652344E-03
1,8.03,2.60997381107882,-4.17232513427734E-03
1,8.04,2.61330711096525,-4.76837158203125E-03
1,8.06,2.61664041085169,-2.98023223876953E-03
1,8.07,2.61997371073812,-7.15255737304688E-03
1,8.08,2.62330701062456,-5.96046447753906E-03
1,8.09,2.62997361039743,-8.34465026855469E-03
1,8.1,2.63330691028386,-8.34465026855469E-03
1,8.12,2.6366402101703,-8.94069671630859E-03
1,8.13,2.64330680994317,-1.01327896118164E-02
1,8.14,2.6466401098296,-1.13248825073242E-02
1,8.15,2.64997340971604,-9.5367431640625E-03
1,8.16,2.65330670960248,-4.17232513427734E-03
1,8.18,2.65997330937535,-1.31130218505859E-02
1,8.19,2.66330660926178,-9.5367431640625E-03
1,8.2,2.66663990914822,-9.5367431640625E-03
1,8.22,2.67330650892109,-9.5367431640625E-03
1,8.23,2.67663980880752,-8.34465026855469E-03
1,8.24,2.67997310869396,-8.94069671630859E-03
1,8.25,2.68330640858039,-9.5367431640625E-03
1,8.26,2.68663970846683,-8.34465026855469E-03
1,8.27,2.68997300835326,-7.15255737304688E-03
1,8.28,2.6933063082397,-8.94069671630859E-03
1,8.29,2.69663960812613,-1.13248825073242E-02
1,8.3,2.69997290801257,-1.49011611938477E-02
1,8.31,2.703306207899,-1.07288360595703E-02
1,8.32,2.70663950778544,-1.31130218505859E-02
1,8.33,2.70997280767187,-8.34465026855469E-03
1,8.34,2.71330610755831,-1.07288360595703E-02
1,8.35,2.71663940744475,-7.74860382080078E-03
1,8.36,2.71997270733118,-5.96046447753906E-03
1,8.37,2.72330600721762,-5.96046447753906E-04
1,8.38,2.72663930710405,2.98023223876953E-03
1,8.39,2.72997260699049,2.38418579101563E-03
1,8.4,2.73330590687692,2.38418579101563E-03
1,8.41,2.73663920676336,2.38418579101563E-03
1,8.42,2.73997250664979,2.38418579101563E-03
1,8.43,2.74330580653623,0
1,8.44,2.74663910642266,-5.96046447753906E-04
1,8.45,2.7499724063091,-4.17232513427734E-03
1,8.46,2.75330570619553,-2.98023223876953E-03
1,8.47,2.75663900608197,-5.96046447753906E-03
1,8.48,2.7599723059684,-5.96046447753906E-03
1,8.49,2.76330560585484,-4.76837158203125E-03
1,8.5,2.76663890574127,-5.36441802978516E-03
1,8.51,2.76997220562771,-2.98023223876953E-03
1,8.52,2.77330550551414,-1.78813934326172E-03
1,8.53,2.77663880540058,-1.19209289550781E-03
1,8.54,2.77997210528702,-2.98023223876953E-03
1,8.55,2.78330540517345,-2.38418579101563E-03
1,8.56,2.78663870505989,1.78813934326172E-03
1,8.57,2.78997200494632,1.78813934326172E-03
1,8.58,2.79330530483276,-2.38418579101563E-03
1,8.59,2.79663860471919,-1.78813934326172E-03
1,8.6,2.79997190460563,1.78813934326172E-03
1,8.61,2.80330520449206,2.98023223876953E-03
1,8.62,2.8066385043785,4.76837158203125E-03
1,8.63,2.80997180426493,4.17232513427734E-03
1,8.64,2.81330510415137,2.38418579101563E-03
1,8.65,2.8166384040378,0
1,8.66,2.81997170392424,-1.78813934326172E-03
1,8.67,2.82330500381067,-2.38418579101563E-03
1,8.68,2.82663830369711,1.19209289550781E-03
1,8.69,2.82997160358354,-5.96046447753906E-04
1,8.7,2.83330490346998,-3.57627868652344E-03
1,8.71,2.83663820335642,-4.76837158203125E-03
1,8.72,2.83997150324285,-2.38418579101563E-03
1,8.73,2.84330480312929,-4.76837158203125E-03
1,8.74,2.84663810301572,-2.98023223876953E-03
1,8.75,2.84997140290216,-1.19209289550781E-03
1,8.76,2.85330470278859,-1.78813934326172E-03
1,8.77,2.85663800267503,-2.38418579101563E-03
1,8.78,2.85997130256146,-5.96046447753906E-04
1,8.79,2.8633046024479,2.38418579101563E-03
1,8.8,2.86663790233433,-1.19209289550781E-03
1,8.81,2.86997120222077,2.98023223876953E-03
1,8.82,2.8733045021072,0
1,8.83,2.87663780199364,3.57627868652344E-03
1,8.84,2.87997110188007,2.38418579101563E-03
1,8.85,2.88330440176651,9.5367431640625E-03
1,8.86,2.88663770165294,7.15255737304688E-03
1,8.87,2.88997100153938,1.37090682983398E-02
1,8.88,2.89330430142581,1.60932540893555E-02
1,8.89,2.89663760131225,1.13248825073242E-02
1,8.9,2.89997090119869,1.43051147460938E-02
1,8.91,2.90330420108512,1.43051147460938E-02
1,8.92,2.90663750097156,1.49011611938477E-02
1,8.93,2.90997080085799,1.49011611938477E-02
1,8.94,2.91330410074443,1.66893005371094E-02
1,8.95,2.91663740063086,1.37090682983398E-02
1,8.96,2.9199707005173,0.012516975402832
1,8.97,2.92330400040373,1.19209289550781E-02
1,8.98,2.92663730029017,1.07288360595703E-02
1,8.99,2.9299706001766,1.07288360595703E-02
1,9,2.93330390006304,5.36441802978516E-03
1,9.01,2.93663719994947,9.5367431640625E-03
1,9.02,2.93997049983591,1.01327896118164E-02
1,9.03,2.94330379972234,4.17232513427734E-03
1,9.04,2.94663709960878,8.34465026855469E-03
1,9.05,2.94997039949521,8.94069671630859E-03
1,9.06,2.95330369938165,5.96046447753906E-03
1,9.07,2.95663699926808,7.15255737304688E-03
1,9.08,2.95997029915452,1.07288360595703E-02
1,9.09,2.96330359904096,1.13248825073242E-02
1,9.1,2.96663689892739,1.01327896118164E-02
1,9.11,2.96997019881383,7.15255737304688E-03
1,9.12,2.97330349870026,1.01327896118164E-02
1,9.13,2.9766367985867,6.55651092529297E-03
1,9.14,2.97997009847313,7.15255737304688E-03
1,9.15,2.98330339835957,1.01327896118164E-02
1,9.16,2.986636698246,8.94069671630859E-03
1,9.17,2.98996999813244,1.07288360595703E-02
1,9.18,2.99330329801887,7.15255737304688E-03
1,9.19,2.99663659790531,5.96046447753906E-03
1,9.2,2.99996989779174,8.34465026855469E-03
1,9.21,3.00330319767818,1.13248825073242E-02
1,9.22,3.00663649756461,1.19209289550781E-02
1,9.23,3.00996979745105,9.5367431640625E-03
1,9.24,3.01330309733748,1.13248825073242E-02
1,9.25,3.01663639722392,8.34465026855469E-03
1,9.26,3.01996969711035,1.01327896118164E-02
1,9.27,3.02330299699679,1.19209289550781E-02
1,9.28,3.02663629688323,1.37090682983398E-02
1,9.29,3.02996959676966,1.49011611938477E-02
1,9.3,3.0333028966561,1.54972076416016E-02
1,9.31,3.03663619654253,1.54972076416016E-02
1,9.32,3.03996949642897,1.84774398803711E-02
1,9.33,3.0433027963154,1.96695327758789E-02
1,9.34,3.04663609620184,2.02655792236328E-02
1,9.35,3.04996939608827,0.019073486328125
1,9.36,3.05330269597471,1.66893005371094E-02
1,9.37,3.05663599586114,1.60932540893555E-02
1,9.38,3.05996929574758,1.60932540893555E-02
1,9.39,3.06330259563401,1.54972076416016E-02
1,9.4,3.06663589552045,1.49011611938477E-02
1,9.41,3.06996919540688,1.13248825073242E-02
1,9.42,3.07330249529332,1.19209289550781E-02
1,9.43,3.07663579517975,9.5367431640625E-03
1,9.44,3.07996909506619,1.19209289550781E-02
1,9.45,3.08330239495263,1.07288360595703E-02
1,9.46,3.08663569483906,6.55651092529297E-03
1,9.47,3.0899689947255,4.17232513427734E-03
1,9.48,3.09330229461193,7.15255737304688E-03
1,9.49,3.09663559449837,4.76837158203125E-03
1,9.5,3.0999688943848,7.15255737304688E-03
1,9.51,3.10330219427124,1.19209289550781E-02
1,9.52,3.10663549415767,1.43051147460938E-02
1,9.53,3.10996879404411,1.49011611938477E-02
1,9.54,3.11330209393054,1.78813934326172E-02
1,9.55,3.11663539381698,1.54972076416016E-02
1,9.56,3.11996869370341,0.019073486328125
1,9.57,3.12330199358985,2.08616256713867E-02
1,9.58,3.12663529347628,2.26497650146484E-02
1,9.59,3.12996859336272,2.32458114624023E-02
1,9.6,3.13330189324915,2.62260437011719E-02
1,9.61,3.13663519313559,2.14576721191406E-02
1,9.62,3.13996849302202,2.38418579101563E-02
1,9.63,3.14330179290846,2.20537185668945E-02
1,9.64,3.1466350927949,0.019073486328125
1,9.65,3.14996839268133,1.66893005371094E-02
1,9.66,3.15330169256777,1.19209289550781E-02
1,9.67,3.1566349924542,1.07288360595703E-02
1,9.68,3.15996829234064,8.94069671630859E-03
1,9.69,3.16330159222707,8.94069671630859E-03
1,9.7,3.16663489211351,7.74860382080078E-03
1,9.71,3.16996819199994,4.76837158203125E-03
1,9.72,3.17330149188638,5.36441802978516E-03
1,9.73,3.17663479177281,4.76837158203125E-03
1,9.74,3.17996809165925,7.15255737304688E-03
1,9.75,3.18330139154568,9.5367431640625E-03
1,9.76,3.18663469143212,8.34465026855469E-03
1,9.77,3.18996799131855,1.13248825073242E-02
1,9.78,3.19330129120499,1.07288360595703E-02
1,9.79,3.19663459109142,1.13248825073242E-02
1,9.8,3.19996789097786,7.74860382080078E-03
1,9.81,3.20330119086429,1.01327896118164E-02
1,9.82,3.20663449075073,1.07288360595703E-02
1,9.83,3.20996779063717,8.34465026855469E-03
1,9.84,3.2133010905236,9.5367431640625E-03
1,9.85,3.21663439041004,7.74860382080078E-03
1,9.86,3.21996769029647,1.07288360595703E-02
1,9.87,3.22330099018291,1.19209289550781E-02
1,9.88,3.22663429006934,0.012516975402832
1,9.89,3.22996758995578,1.66893005371094E-02
1,9.9,3.23330088984221,1.78813934326172E-02
1,9.91,3.23663418972865,0.012516975402832
1,9.92,3.23996748961508,1.37090682983398E-02
1,9.93,3.24330078950152,1.31130218505859E-02
1,9.94,3.24663408938795,1.72853469848633E-02
1,9.95,3.24996738927439,1.60932540893555E-02
1,9.96,3.25330068916082,0.019073486328125
1,9.97,3.25663398904726,1.19209289550781E-02
1,9.98,3.25996728893369,1.54972076416016E-02
1,9.99,3.26330058882013,1.78813934326172E-02
1,10,3.26663388870656,2.02655792236328E-02
1,10.01,3.269967188593,2.02655792236328E-02
1,10.02,3.27330048847944,1.66893005371094E-02
1,10.03,3.27663378836587,1.84774398803711E-02
1,10.04,3.27996708825231,1.78813934326172E-02
1,10.05,3.28330038813874,0.019073486328125
1,10.06,3.28663368802518,1.31130218505859E-02
1,10.07,3.28996698791161,1.43051147460938E-02
1,10.08,3.29330028779805,1.19209289550781E-02
1,10.09,3.29663358768448,8.34465026855469E-03
1,10.1,3.29996688757092,4.76837158203125E-03
1,10.11,3.30330018745735,3.57627868652344E-03
1,10.12,3.30663348734379,5.96046447753906E-03
1,10.13,3.30996678723022,6.55651092529297E-03
1,10.14,3.31330008711666,2.98023223876953E-03
1,10.15,3.31663338700309,1.19209289550781E-03
1,10.16,3.31996668688953,4.17232513427734E-03
1,10.17,3.32329998677596,5.96046447753906E-03
1,10.18,3.3266332866624,3.57627868652344E-03
1,10.19,3.32996658654884,8.34465026855469E-03
1,10.2,3.33329988643527,5.36441802978516E-03
1,10.21,3.33663318632171,7.74860382080078E-03
1,10.22,3.33996648620814,5.96046447753906E-03
1,10.23,3.34329978609458,5.96046447753906E-03
1,10.24,3.34663308598101,7.74860382080078E-03
1,10.25,3.34996638586745,8.94069671630859E-03
1,10.26,3.35329968575388,9.5367431640625E-03
1,10.27,3.35663298564032,1.37090682983398E-02
1,10.28,3.35996628552675,8.34465026855469E-03
1,10.29,3.36329958541319,0.012516975402832
1,10.3,3.36663288529962,1.07288360595703E-02
1,10.31,3.36996618518606,8.94069671630859E-03
1,10.32,3.37329948507249,9.5367431640625E-03
1,10.33,3.37663278495893,3.57627868652344E-03
1,10.34,3.37996608484536,2.98023223876953E-03
1,10.35,3.3832993847318,-5.96046447753906E-04
1,10.36,3.38663268461823,0
1,10.37,3.38996598450467,5.96046447753906E-04
1,10.38,3.39329928439111,-1.19209289550781E-03
1,10.39,3.39663258427754,-1.78813934326172E-03
1,10.4,3.39996588416398,1.78813934326172E-03
1,10.41,3.40329918405041,2.98023223876953E-03
1,10.42,3.40663248393685,5.36441802978516E-03
1,10.43,3.40996578382328,3.57627868652344E-03
1,10.44,3.41329908370972,2.98023223876953E-03
1,10.45,3.41663238359615,4.76837158203125E-03
1,10.46,3.41996568348259,1.01327896118164E-02
1,10.47,3.42329898336902,1.19209289550781E-02
1,10.48,3.42663228325546,1.19209289550781E-02
1,10.49,3.42996558314189,1.43051147460938E-02
1,10.5,3.43329888302833,1.49011611938477E-02
1,10.51,3.43663218291476,1.31130218505859E-02
1,10.52,3.4399654828012,1.43051147460938E-02
1,10.53,3.44329878268763,1.31130218505859E-02
1,10.54,3.44663208257407,1.43051147460938E-02
1,10.55,3.4499653824605,1.43051147460938E-02
1,10.56,3.45329868234694,1.54972076416016E-02
1,10.57,3.45663198223338,1.49011611938477E-02
1,10.58,3.45996528211981,1.49011611938477E-02
1,10.59,3.46329858200625,1.07288360595703E-02
1,10.6,3.46663188189268,1.54972076416016E-02
1,10.61,3.46996518177912,1.60932540893555E-02
1,10.62,3.47329848166555,0.012516975402832
1,10.63,3.47663178155199,1.37090682983398E-02
1,10.64,3.47996508143842,1.54972076416016E-02
1,10.65,3.48329838132486,1.72853469848633E-02
1,10.66,3.48663168121129,1.37090682983398E-02
1,10.67,3.48996498109773,1.49011611938477E-02
1,10.68,3.49329828098416,1.66893005371094E-02
1,10.69,3.4966315808706,1.54972076416016E-02
1,10.7,3.49996488075703,1.49011611938477E-02
1,10.71,3.50329818064347,1.78813934326172E-02
1,10.72,3.5066314805299,1.66893005371094E-02
1,10.73,3.50996478041634,1.66893005371094E-02
1,10.74,3.51329808030277,1.60932540893555E-02
1,10.75,3.51663138018921,1.49011611938477E-02
1,10.76,3.51996468007565,1.19209289550781E-02
1,10.77,3.52329797996208,1.19209289550781E-02
1,10.78,3.52663127984852,8.34465026855469E-03
1,10.79,3.52996457973495,9.5367431640625E-03
1,10.8,3.53329787962139,7.74860382080078E-03
1,10.81,3.53663117950782,5.36441802978516E-03
1,10.82,3.53996447939426,5.96046447753906E-03
1,10.83,3.54329777928069,4.76837158203125E-03
1,10.84,3.54663107916713,2.98023223876953E-03
1,10.85,3.54996437905356,0
1,10.86,3.55329767894,-2.38418579101563E-03
1,10.87,3.55663097882643,0
1,10.88,3.55996427871287,1.19209289550781E-03
1,10.89,3.5632975785993,3.57627868652344E-03
1,10.9,3.56663087848574,2.38418579101563E-03
1,10.91,3.56996417837217,7.15255737304688E-03
1,10.92,3.57329747825861,6.55651092529297E-03
1,10.93,3.57663077814505,8.94069671630859E-03
1,10.94,3.57996407803148,9.5367431640625E-03
1,10.95,3.58329737791792,1.01327896118164E-02
1,10.96,3.58663067780435,8.34465026855469E-03
1,10.97,3.58996397769079,1.01327896118164E-02
1,10.98,3.59329727757722,6.55651092529297E-03
1,10.99,3.59663057746366,7.15255737304688E-03
1,11,3.59996387735009,7.15255737304688E-03
1,11.01,3.60329717723653,6.55651092529297E-03
1,11.02,3.60663047712296,7.15255737304688E-03
1,11.03,3.6099637770094,8.94069671630859E-03
1,11.04,3.61329707689583,1.01327896118164E-02
1,11.05,3.61663037678227,1.07288360595703E-02
1,11.06,3.6199636766687,1.19209289550781E-02
1,11.07,3.62329697655514,1.01327896118164E-02
1,11.08,3.62663027644157,1.07288360595703E-02
1,11.09,3.62996357632801,5.36441802978516E-03
1,11.1,3.63329687621445,4.17232513427734E-03
1,11.11,3.63663017610088,2.38418579101563E-03
1,11.12,3.63996347598732,4.17232513427734E-03
1,11.13,3.64329677587375,5.96046447753906E-03
1,11.14,3.64663007576019,6.55651092529297E-03
1,11.15,3.64996337564662,6.55651092529297E-03
1,11.16,3.65329667553306,4.76837158203125E-03
1,11.17,3.65662997541949,5.96046447753906E-03
1,11.18,3.65996327530593,8.94069671630859E-03
1,11.19,3.66329657519236,1.13248825073242E-02
1,11.2,3.6666298750788,1.37090682983398E-02
1,11.21,3.66996317496523,1.31130218505859E-02
1,11.22,3.67329647485167,1.31130218505859E-02
1,11.23,3.6766297747381,1.54972076416016E-02
1,11.24,3.67996307462454,1.60932540893555E-02
1,11.25,3.68329637451097,1.84774398803711E-02
1,11.26,3.68662967439741,2.20537185668945E-02
1,11.27,3.68996297428384,0.019073486328125
1,11.28,3.69329627417028,1.96695327758789E-02
1,11.29,3.69662957405671,1.96695327758789E-02
1,11.3,3.69996287394315,1.96695327758789E-02
1,11.31,3.70329617382959,0.019073486328125
1,11.32,3.70662947371602,1.66893005371094E-02
1,11.33,3.70996277360246,1.43051147460938E-02
1,11.34,3.71329607348889,0.012516975402832
1,11.35,3.71662937337533,1.01327896118164E-02
1,11.36,3.71996267326176,1.37090682983398E-02
1,11.37,3.7232959731482,1.13248825073242E-02
1,11.38,3.72662927303463,7.15255737304688E-03
1,11.39,3.72996257292107,8.94069671630859E-03
1,11.4,3.7332958728075,5.36441802978516E-03
1,11.41,3.73662917269394,1.07288360595703E-02
1,11.42,3.73996247258037,1.19209289550781E-02
1,11.43,3.74329577246681,1.19209289550781E-02
1,11.44,3.74662907235324,1.84774398803711E-02
1,11.45,3.74996237223968,1.54972076416016E-02
1,11.46,3.75329567212611,1.37090682983398E-02
1,11.47,3.75662897201255,9.5367431640625E-03
1,11.48,3.75996227189898,1.01327896118164E-02
1,11.49,3.76329557178542,7.15255737304688E-03
1,11.5,3.76662887167186,8.34465026855469E-03
1,11.51,3.76996217155829,4.76837158203125E-03
1,11.52,3.77329547144473,3.57627868652344E-03
1,11.53,3.77662877133116,-1.19209289550781E-03
1,11.54,3.7799620712176,-2.38418579101563E-03
1,11.55,3.78329537110403,1.78813934326172E-03
1,11.56,3.78662867099047,0
1,11.57,3.7899619708769,0
1,11.58,3.79329527076334,-2.38418579101563E-03
1,11.59,3.79662857064977,-4.17232513427734E-03
1,11.6,3.79996187053621,-8.34465026855469E-03
1,11.61,3.80329517042264,-7.15255737304688E-03
1,11.62,3.80662847030908,-4.17232513427734E-03
1,11.63,3.80996177019551,-3.57627868652344E-03
1,11.64,3.81329507008195,-5.36441802978516E-03
1,11.65,3.81662836996838,-2.98023223876953E-03
1,11.66,3.81996166985482,-2.38418579101563E-03
1,11.67,3.82329496974126,-2.38418579101563E-03
1,11.68,3.82662826962769,-2.98023223876953E-03
1,11.69,3.82996156951413,1.78813934326172E-03
1,11.7,3.83329486940056,5.96046447753906E-04
1,11.71,3.836628169287,2.98023223876953E-03
1,11.72,3.83996146917343,1.78813934326172E-03
1,11.73,3.84329476905987,5.96046447753906E-04
1,11.74,3.8466280689463,4.17232513427734E-03
1,11.75,3.84996136883274,5.96046447753906E-04
1,11.76,3.85329466871917,2.98023223876953E-03
1,11.77,3.85662796860561,1.78813934326172E-03
1,11.78,3.85996126849204,1.19209289550781E-03
1,11.79,3.86329456837848,2.38418579101563E-03
1,11.8,3.86662786826491,-5.96046447753906E-04
1,11.81,3.86996116815135,2.98023223876953E-03
1,11.82,3.87329446803778,2.38418579101563E-03
1,11.83,3.87662776792422,1.19209289550781E-03
1,11.84,3.87996106781066,-1.19209289550781E-03
1,11.85,3.88329436769709,5.96046447753906E-04
1,11.86,3.88662766758353,-2.38418579101563E-03
1,11.87,3.88996096746996,-5.96046447753906E-04
1,11.88,3.8932942673564,-3.57627868652344E-03
1,11.89,3.89662756724283,-1.78813934326172E-03
1,11.9,3.89996086712927,-1.78813934326172E-03
1,11.91,3.9032941670157,-2.98023223876953E-03
1,11.92,3.90662746690214,-4.17232513427734E-03
1,11.93,3.91329406667501,-1.78813934326172E-03
1,11.95,3.91662736656144,-7.15255737304688E-03
1,11.96,3.91996066644788,-5.96046447753906E-03
1,11.97,3.92329396633431,-5.96046447753906E-03
1,11.98,3.92996056610718,-1.19209289550781E-03
1,11.99,3.93329386599362,-5.36441802978516E-03
1,12.01,3.93662716588005,-5.36441802978516E-03
1,12.02,3.94329376565293,-1.19209289550781E-03
1,12.03,3.94662706553936,5.96046447753906E-04
1,12.04,3.9499603654258,3.57627868652344E-03
1,12.05,3.95329366531223,3.57627868652344E-03
1,12.07,3.95662696519867,-5.96046447753906E-04
1,12.08,3.96329356497154,1.78813934326172E-03
1,12.09,3.96662686485797,-1.19209289550781E-03
1,12.11,3.97329346463084,3.57627868652344E-03
1,12.12,3.97662676451728,-5.96046447753906E-04
1,12.13,3.97996006440371,5.96046447753906E-04
1,12.14,3.98329336429015,1.78813934326172E-03
1,12.15,3.98662666417658,-1.78813934326172E-03
1,12.16,3.98995996406302,0
1,12.17,3.99329326394945,-1.19209289550781E-03
1,12.18,3.99662656383589,0
1,12.19,3.99995986372232,-2.98023223876953E-03
1,12.2,4.00329316360876,-2.98023223876953E-03
1,12.21,4.0066264634952,-5.96046447753906E-04
1,12.22,4.00995976338163,-1.78813934326172E-03
1,12.23,4.01329306326807,-1.78813934326172E-03
1,12.24,4.0166263631545,-2.98023223876953E-03
1,12.25,4.01995966304094,-1.78813934326172E-03
1,12.26,4.02329296292737,4.17232513427734E-03
1,12.27,4.02662626281381,5.96046447753906E-03
1,12.28,4.02995956270024,5.36441802978516E-03
1,12.29,4.03329286258668,1.01327896118164E-02
1,12.3,4.03662616247311,7.74860382080078E-03
1,12.31,4.03995946235955,7.74860382080078E-03
1,12.32,4.04329276224598,1.01327896118164E-02
1,12.33,4.04662606213242,9.5367431640625E-03
1,12.34,4.04995936201885,9.5367431640625E-03
1,12.35,4.05329266190529,7.15255737304688E-03
1,12.36,4.05662596179172,7.74860382080078E-03
1,12.37,4.05995926167816,1.01327896118164E-02
1,12.38,4.06329256156459,8.34465026855469E-03
1,12.39,4.06662586145103,1.07288360595703E-02
1,12.4,4.06995916133747,1.07288360595703E-02
1,12.41,4.0732924612239,6.55651092529297E-03
1,12.42,4.07662576111034,5.96046447753906E-03
1,12.43,4.07995906099677,6.55651092529297E-03
1,12.44,4.08329236088321,7.15255737304688E-03
1,12.45,4.08662566076964,8.94069671630859E-03
1,12.46,4.08995896065608,7.15255737304688E-03
1,12.47,4.09329226054251,5.36441802978516E-03
1,12.48,4.09662556042895,8.34465026855469E-03
1,12.49,4.09995886031538,7.74860382080078E-03
1,12.5,4.10329216020182,1.01327896118164E-02
1,12.51,4.10662546008825,1.13248825073242E-02
1,12.52,4.10995875997469,1.31130218505859E-02
1,12.53,4.11329205986112,1.19209289550781E-02
1,12.54,4.11662535974756,1.37090682983398E-02
1,12.55,4.11995865963399,1.31130218505859E-02
1,12.56,4.12329195952043,1.54972076416016E-02
1,12.57,4.12662525940686,1.84774398803711E-02
1,12.58,4.1299585592933,0.019073486328125
1,12.59,4.13329185917974,0.019073486328125
1,12.6,4.13662515906617,1.78813934326172E-02
1,12.61,4.13995845895261,0.019073486328125
1,12.62,4.14329175883904,2.14576721191406E-02
1,12.63,4.14662505872548,2.14576721191406E-02
1,12.64,4.14995835861191,1.96695327758789E-02
1,12.65,4.15329165849835,0.019073486328125
1,12.66,4.15662495838478,1.43051147460938E-02
1,12.67,4.15995825827122,1.84774398803711E-02
1,12.68,4.16329155815765,1.54972076416016E-02
1,12.69,4.16662485804409,1.54972076416016E-02
1,12.7,4.16995815793052,0.012516975402832
1,12.71,4.17329145781696,1.60932540893555E-02
1,12.72,4.17662475770339,1.19209289550781E-02
1,12.73,4.17995805758983,1.07288360595703E-02
1,12.74,4.18329135747626,1.31130218505859E-02
1,12.75,4.1866246573627,1.19209289550781E-02
1,12.76,4.18995795724913,1.07288360595703E-02
1,12.77,4.19329125713557,8.94069671630859E-03
1,12.78,4.19662455702201,1.13248825073242E-02
1,12.79,4.19995785690844,8.94069671630859E-03
1,12.8,4.20329115679488,8.34465026855469E-03
1,12.81,4.20662445668131,1.01327896118164E-02
1,12.82,4.20995775656775,5.36441802978516E-03
1,12.83,4.21329105645418,7.15255737304688E-03
1,12.84,4.21662435634062,7.15255737304688E-03
1,12.85,4.21995765622705,8.34465026855469E-03
1,12.86,4.22329095611349,7.74860382080078E-03
1,12.87,4.22662425599992,1.07288360595703E-02
1,12.88,4.22995755588636,7.15255737304688E-03
1,12.89,4.23329085577279,8.94069671630859E-03
1,12.9,4.23662415565923,5.36441802978516E-03
1,12.91,4.23995745554566,9.5367431640625E-03
1,12.92,4.2432907554321,1.13248825073242E-02
1,12.93,4.24662405531853,1.13248825073242E-02
1,12.94,4.24995735520497,1.07288360595703E-02
1,12.95,4.25329065509141,1.13248825073242E-02
1,12.96,4.25662395497784,7.74860382080078E-03
1,12.97,4.25995725486428,0.012516975402832
1,12.98,4.26329055475071,1.01327896118164E-02
1,12.99,4.26662385463715,1.13248825073242E-02
1,13,4.26995715452358,8.34465026855469E-03
1,13.01,4.27329045441002,8.34465026855469E-03
1,13.02,4.27662375429645,6.55651092529297E-03
1,13.03,4.27995705418289,5.36441802978516E-03
1,13.04,4.28329035406932,7.15255737304688E-03
1,13.05,4.28662365395576,7.15255737304688E-03
1,13.06,4.28995695384219,8.34465026855469E-03
1,13.07,4.29329025372863,5.96046447753906E-03
1,13.08,4.29662355361506,2.38418579101563E-03
1,13.09,4.2999568535015,1.78813934326172E-03
1,13.1,4.30329015338793,-1.78813934326172E-03
1,13.11,4.30662345327437,0
1,13.12,4.3099567531608,-5.96046447753906E-04
1,13.13,4.31329005304724,0
1,13.14,4.31662335293368,1.19209289550781E-03
1,13.15,4.31995665282011,1.19209289550781E-03
1,13.16,4.32328995270655,5.96046447753906E-04
1,13.17,4.32662325259298,0
1,13.18,4.32995655247942,-5.96046447753906E-04
1,13.19,4.33328985236585,-4.17232513427734E-03
1,13.2,4.33662315225229,-3.57627868652344E-03
1,13.21,4.33995645213872,-5.36441802978516E-03
1,13.22,4.34328975202516,-5.36441802978516E-03
1,13.23,4.34662305191159,-4.76837158203125E-03
1,13.24,4.34995635179803,-4.17232513427734E-03
1,13.25,4.35328965168446,-2.38418579101563E-03
1,13.26,4.3566229515709,-4.76837158203125E-03
1,13.27,4.35995625145733,-4.76837158203125E-03
1,13.28,4.36328955134377,-5.36441802978516E-03
1,13.29,4.3666228512302,0
1,13.3,4.36995615111664,0
1,13.31,4.37328945100307,2.38418579101563E-03
1,13.32,4.37662275088951,0
1,13.33,4.37995605077595,2.98023223876953E-03
1,13.34,4.38328935066238,4.76837158203125E-03
1,13.35,4.38662265054882,7.15255737304688E-03
1,13.36,4.38995595043525,4.76837158203125E-03
1,13.37,4.39328925032169,1.78813934326172E-03
1,13.38,4.39662255020812,1.78813934326172E-03
1,13.39,4.39995585009456,1.78813934326172E-03
1,13.4,4.40328914998099,-5.96046447753906E-04
1,13.41,4.40662244986743,-2.38418579101563E-03
1,13.42,4.40995574975386,-2.38418579101563E-03
1,13.43,4.4132890496403,-7.15255737304688E-03
1,13.44,4.41662234952673,-6.55651092529297E-03
1,13.45,4.41995564941317,-5.96046447753906E-03
1,13.46,4.4232889492996,-7.15255737304688E-03
1,13.47,4.42662224918604,-1.01327896118164E-02
1,13.48,4.42995554907247,-9.5367431640625E-03
1,13.49,4.43328884895891,-1.31130218505859E-02
1,13.5,4.43662214884534,-0.012516975402832
1,13.51,4.43995544873178,-1.49011611938477E-02
1,13.52,4.44328874861822,-1.13248825073242E-02
1,13.53,4.44662204850465,-1.07288360595703E-02
1,13.54,4.44995534839109,-8.94069671630859E-03
1,13.55,4.45328864827752,-8.34465026855469E-03
1,13.56,4.45662194816396,-1.13248825073242E-02
1,13.57,4.45995524805039,-5.36441802978516E-03
1,13.58,4.46328854793683,-1.07288360595703E-02
1,13.59,4.46662184782326,-5.36441802978516E-03
1,13.6,4.4699551477097,-5.36441802978516E-03
1,13.61,4.47328844759613,-7.15255737304688E-03
1,13.62,4.47662174748257,-6.55651092529297E-03
1,13.63,4.479955047369,-5.96046447753906E-03
1,13.64,4.48328834725544,-1.78813934326172E-03
1,13.65,4.48662164714187,-1.78813934326172E-03
1,13.66,4.48995494702831,-2.38418579101563E-03
1,13.67,4.49328824691474,-3.57627868652344E-03
1,13.68,4.49662154680118,-1.19209289550781E-03
1,13.69,4.49995484668762,-4.76837158203125E-03
1,13.7,4.50328814657405,-4.76837158203125E-03
1,13.71,4.50662144646049,-8.34465026855469E-03
1,13.72,4.50995474634692,-7.74860382080078E-03
1,13.73,4.51328804623336,-9.5367431640625E-03
1,13.74,4.51662134611979,-9.5367431640625E-03
1,13.75,4.51995464600623,-1.01327896118164E-02
1,13.76,4.52328794589266,-1.31130218505859E-02
1,13.77,4.5266212457791,-0.012516975402832
1,13.78,4.52995454566553,-1.01327896118164E-02
1,13.79,4.53328784555197,-1.37090682983398E-02
1,13.8,4.5366211454384,-0.012516975402832
1,13.81,4.53995444532484,-1.60932540893555E-02
1,13.82,4.54328774521127,-1.43051147460938E-02
1,13.83,4.54662104509771,-1.01327896118164E-02
1,13.84,4.54995434498414,-8.34465026855469E-03
1,13.85,4.55328764487058,-7.15255737304688E-03
1,13.86,4.55662094475701,-1.07288360595703E-02
1,13.87,4.55995424464345,-8.34465026855469E-03
1,13.88,4.56328754452989,-7.74860382080078E-03
1,13.89,4.56662084441632,-5.36441802978516E-03
1,13.9,4.56995414430276,-4.17232513427734E-03
1,13.91,4.57328744418919,-7.15255737304688E-03
1,13.92,4.57662074407563,-3.57627868652344E-03
1,13.93,4.57995404396206,-5.96046447753906E-04
1,13.94,4.5832873438485,2.98023223876953E-03
1,13.95,4.58662064373493,5.96046447753906E-03
1,13.96,4.58995394362137,5.96046447753906E-03
1,13.97,4.5932872435078,8.34465026855469E-03
1,13.98,4.59662054339424,8.94069671630859E-03
1,13.99,4.59995384328067,8.94069671630859E-03
1,14,4.60328714316711,1.13248825073242E-02
1,14.01,4.60662044305354,7.15255737304688E-03
1,14.02,4.60995374293998,8.34465026855469E-03
1,14.03,4.61328704282641,3.57627868652344E-03
1,14.04,4.61662034271285,4.76837158203125E-03
1,14.05,4.61995364259928,5.36441802978516E-03
1,14.06,4.62328694248572,4.76837158203125E-03
1,14.07,4.62662024237216,4.17232513427734E-03
1,14.08,4.62995354225859,8.34465026855469E-03
1,14.09,4.63328684214503,5.96046447753906E-03
1,14.1,4.63662014203146,5.96046447753906E-03
1,14.11,4.6399534419179,2.98023223876953E-03
1,14.12,4.64328674180433,4.17232513427734E-03
1,14.13,4.64662004169077,8.94069671630859E-03
1,14.14,4.6499533415772,9.5367431640625E-03
1,14.15,4.65328664146364,1.01327896118164E-02
1,14.16,4.65661994135007,8.94069671630859E-03
1,14.17,4.65995324123651,0.012516975402832
1,14.18,4.66328654112294,1.37090682983398E-02
1,14.19,4.66661984100938,1.49011611938477E-02
1,14.2,4.66995314089581,1.37090682983398E-02
1,14.21,4.67328644078225,1.43051147460938E-02
1,14.22,4.67661974066868,1.31130218505859E-02
1,14.23,4.67995304055512,1.07288360595703E-02
1,14.24,4.68328634044155,1.01327896118164E-02
1,14.25,4.68661964032799,7.15255737304688E-03
1,14.26,4.68995294021443,1.07288360595703E-02
1,14.27,4.69328624010086,6.55651092529297E-03
1,14.28,4.6966195399873,6.55651092529297E-03
1,14.29,4.69995283987373,8.34465026855469E-03
1,14.3,4.70328613976017,1.13248825073242E-02
1,14.31,4.7066194396466,9.5367431640625E-03
1,14.32,4.70995273953304,1.01327896118164E-02
1,14.33,4.71328603941947,6.55651092529297E-03
1,14.34,4.71661933930591,6.55651092529297E-03
1,14.35,4.71995263919234,5.36441802978516E-03
1,14.36,4.72328593907878,6.55651092529297E-03
1,14.37,4.72661923896521,5.96046447753906E-03
1,14.38,4.72995253885165,6.55651092529297E-03
1,14.39,4.73328583873808,7.74860382080078E-03
1,14.4,4.73661913862452,2.38418579101563E-03
1,14.41,4.73995243851095,5.36441802978516E-03
1,14.42,4.74328573839739,5.36441802978516E-03
1,14.43,4.74661903828383,5.96046447753906E-03
1,14.44,4.74995233817026,7.15255737304688E-03
1,14.45,4.7532856380567,4.76837158203125E-03
1,14.46,4.75661893794313,6.55651092529297E-03
1,14.47,4.75995223782957,1.07288360595703E-02
1,14.48,4.763285537716,1.37090682983398E-02
1,14.49,4.76661883760244,1.43051147460938E-02
1,14.5,4.76995213748887,1.19209289550781E-02
1,14.51,4.77328543737531,1.54972076416016E-02
1,14.52,4.77661873726174,1.49011611938477E-02
1,14.53,4.77995203714818,0.012516975402832
1,14.54,4.78328533703461,1.19209289550781E-02
1,14.55,4.78661863692105,1.43051147460938E-02
1,14.56,4.78995193680748,1.13248825073242E-02
1,14.57,4.79328523669392,1.01327896118164E-02
1,14.58,4.79661853658035,7.15255737304688E-03
1,14.59,4.79995183646679,8.34465026855469E-03
1,14.6,4.80328513635322,7.15255737304688E-03
1,14.61,4.80661843623966,8.34465026855469E-03
1,14.62,4.8099517361261,7.15255737304688E-03
1,14.63,4.81328503601253,7.74860382080078E-03
1,14.64,4.81661833589897,2.98023223876953E-03
1,14.65,4.8199516357854,8.94069671630859E-03
1,14.66,4.82328493567184,7.74860382080078E-03
1,14.67,4.82661823555827,1.49011611938477E-02
1,14.68,4.82995153544471,1.49011611938477E-02
1,14.69,4.83328483533114,1.43051147460938E-02
1,14.7,4.83661813521758,1.49011611938477E-02
1,14.71,4.83995143510401,1.43051147460938E-02
1,14.72,4.84328473499045,1.31130218505859E-02
1,14.73,4.84661803487688,1.72853469848633E-02
1,14.74,4.84995133476332,1.96695327758789E-02
1,14.75,4.85328463464975,2.20537185668945E-02
1,14.76,4.85661793453619,2.50339508056641E-02
1,14.77,4.85995123442262,2.32458114624023E-02
1,14.78,4.86328453430906,2.20537185668945E-02
1,14.79,4.86661783419549,2.32458114624023E-02
1,14.8,4.86995113408193,2.20537185668945E-02
1,14.81,4.87328443396837,1.72853469848633E-02
1,14.82,4.8766177338548,1.72853469848633E-02
1,14.83,4.87995103374124,1.43051147460938E-02
1,14.84,4.88328433362767,1.84774398803711E-02
1,14.85,4.88661763351411,2.08616256713867E-02
1,14.86,4.88995093340054,1.78813934326172E-02
1,14.87,4.89328423328698,1.31130218505859E-02
1,14.88,4.89661753317341,1.31130218505859E-02
1,14.89,4.89995083305985,1.49011611938477E-02
1,14.9,4.90328413294628,1.43051147460938E-02
1,14.91,4.90661743283272,1.31130218505859E-02
1,14.92,4.90995073271915,1.19209289550781E-02
1,14.93,4.91328403260559,1.54972076416016E-02
1,14.94,4.91661733249202,1.43051147460938E-02
1,14.95,4.91995063237846,1.37090682983398E-02
1,14.96,4.92328393226489,0.012516975402832
1,14.97,4.92661723215133,9.5367431640625E-03
1,14.98,4.92995053203776,1.07288360595703E-02
1,14.99,4.9332838319242,7.74860382080078E-03
1,15,4.93661713181064,6.55651092529297E-03
1,15.01,4.93995043169707,4.17232513427734E-03
1,15.02,4.94328373158351,1.78813934326172E-03
1,15.03,4.94661703146994,5.96046447753906E-03
1,15.04,4.94995033135638,4.17232513427734E-03
1,15.05,4.95328363124281,5.36441802978516E-03
1,15.06,4.95661693112925,6.55651092529297E-03
1,15.07,4.95995023101568,7.15255737304688E-03
1,15.08,4.96328353090212,4.17232513427734E-03
1,15.09,4.96661683078855,8.34465026855469E-03
1,15.1,4.96995013067499,0.012516975402832
1,15.11,4.97328343056142,1.13248825073242E-02
1,15.12,4.97661673044786,1.19209289550781E-02
1,15.13,4.97995003033429,1.31130218505859E-02
1,15.14,4.98328333022073,1.07288360595703E-02
1,15.15,4.98661663010716,1.43051147460938E-02
1,15.16,4.9899499299936,1.54972076416016E-02
1,15.17,4.99328322988004,1.54972076416016E-02
1,15.18,4.99661652976647,1.54972076416016E-02
1,15.19,4.99994982965291,1.78813934326172E-02
1,15.2,5.00328312953934,2.44379043579102E-02
1,15.21,5.00661642942578,2.44379043579102E-02
1,15.22,5.00994972931221,2.62260437011719E-02
1,15.23,5.01328302919865,2.74181365966797E-02
1,15.24,5.01661632908508,2.98023223876953E-02
1,15.25,5.01994962897152,3.51667404174805E-02
1,15.26,5.02328292885795,4.17232513427734E-02
1,15.27,5.02661622874439,4.70876693725586E-02
1,15.28,5.02994952863082,5.48362731933594E-02
1,15.29,5.03328282851726,5.90085983276367E-02
1,15.3,5.03661612840369,7.09295272827148E-02
1,15.31,5.03994942829013,8.04662704467773E-02
1,15.32,5.04328272817656,8.94069671630859E-02
1,15.33,5.046616028063,9.71555709838867E-02
1,15.34,5.04994932794943,0.107884407043457
1,15.35,5.05328262783587,0.116229057312012
1,15.36,5.05661592772231,0.122785568237305
1,15.37,5.05994922760874,0.134110450744629
1,15.38,5.06328252749518,0.141263008117676
1,15.39,5.06661582738161,0.149011611938477
1,15.4,5.06994912726805,0.150799751281738
1,15.41,5.07328242715448,0.158548355102539
1,15.42,5.07661572704092,0.165700912475586
1,15.43,5.07994902692735,0.171661376953125
1,15.44,5.08328232681379,0.182986259460449
1,15.45,5.08661562670022,0.188350677490234
1,15.46,5.08994892658666,0.196695327758789
1,15.47,5.09328222647309,0.202059745788574
1,15.48,5.09661552635953,0.211000442504883
1,15.49,5.09994882624596,0.220537185668945
1,15.5,5.1032821261324,0.2288818359375
1,15.51,5.10661542601883,0.236034393310547
1,15.52,5.10994872590527,0.249743461608887
1,15.53,5.1132820257917,0.260472297668457
1,15.54,5.11661532567814,0.27000904083252
1,15.55,5.11994862556458,0.278949737548828
1,15.56,5.12328192545101,0.287294387817383
1,15.57,5.12661522533745,0.299215316772461
1,15.58,5.12994852522388,0.308752059936523
1,15.59,5.13328182511032,0.314712524414063
1,15.6,5.13661512499675,0.318288803100586
1,15.61,5.13994842488319,0.331401824951172
1,15.62,5.14328172476962,0.34332275390625
1,15.63,5.14661502465606,0.348687171936035
1,15.64,5.14994832454249,0.357627868652344
1,15.65,5.15328162442893,0.369548797607422
1,15.66,5.15661492431536,0.377297401428223
1,15.67,5.16328152408823,0.387430191040039
1,15.69,5.16661482397467,0.410079956054688
1,15.7,5.1699481238611,0.41663646697998
1,15.71,5.17328142374754,0.423789024353027
1,15.72,5.17661472363397,0.430941581726074
1,15.73,5.18328132340685,0.442862510681152
1,15.75,5.18994792317972,0.466704368591309
1,15.76,5.19328122306615,0.472664833068848
1,15.77,5.19661452295259,0.482797622680664
1,15.78,5.19994782283902,0.489950180053711
1,15.8,5.20328112272546,0.50961971282959
1,15.81,5.20994772249833,0.515580177307129
1,15.82,5.21328102238476,0.528693199157715
1,15.83,5.2166143222712,0.532269477844238
1,15.84,5.21994762215763,0.53703784942627
1,15.85,5.22328092204407,0.551342964172363
1,15.86,5.2266142219305,0.562667846679688
1,15.87,5.22994752181694,0.569820404052734
1,15.88,5.23328082170337,0.582337379455566
1,15.9,5.23661412158981,0.601410865783691
1,15.91,5.24328072136268,0.611543655395508
1,15.92,5.24661402124912,0.625252723693848
1,15.93,5.24994732113555,0.635981559753418
1,15.94,5.25328062102199,0.644922256469727
1,15.95,5.25661392090842,0.656247138977051
1,15.96,5.25994722079486,0.661015510559082
1,15.97,5.26328052068129,0.671148300170898
1,15.98,5.26661382056773,0.679492950439453
1,15.99,5.26994712045416,0.687837600708008
1,16,5.2732804203406,0.696182250976563
1,16.01,5.27661372022703,0.709295272827148
1,16.02,5.27994702011347,0.717043876647949
1,16.03,5.2832803199999,0.725388526916504
1,16.04,5.28661361988634,0.73552131652832
1,16.05,5.28994691977277,0.743269920349121
1,16.06,5.29328021965921,0.753402709960938
1,16.07,5.29661351954564,0.763535499572754
1,16.08,5.29994681943208,0.769495964050293
1,16.09,5.30328011931852,0.783801078796387
1,16.1,5.30661341920495,0.793337821960449
1,16.11,5.30994671909139,0.802278518676758
1,16.12,5.31328001897782,0.807642936706543
1,16.13,5.31661331886426,0.819563865661621
1,16.14,5.31994661875069,0.829696655273438
1,16.15,5.32327991863713,0.840425491333008
1,16.16,5.32661321852356,0.846982002258301
1,16.17,5.32994651841,0.858902931213379
1,16.18,5.33327981829643,0.869631767272949
1,16.19,5.33661311818287,0.876784324645996
1,16.2,5.3399464180693,0.889301300048828
1,16.21,5.34327971795574,0.899434089660645
1,16.22,5.34661301784217,0.910162925720215
1,16.23,5.34994631772861,0.920295715332031
1,16.24,5.35327961761504,0.92923641204834
1,16.25,5.35661291750148,0.938773155212402
1,16.26,5.35994621738791,0.950098037719727
1,16.27,5.36327951727435,0.959634780883789
1,16.28,5.36661281716079,0.970363616943359
1,16.29,5.36994611704722,0.977516174316406
1,16.3,5.37327941693366,0.987052917480469
1,16.31,5.37661271682009,0.993013381958008
1,16.32,5.37994601670653,1.00672245025635
1,16.33,5.38327931659296,1.01387500762939
1,16.34,5.3866126164794,1.02341175079346
1,16.35,5.38994591636583,1.03175640106201
1,16.36,5.39327921625227,1.03354454040527
1,16.37,5.3966125161387,1.04188919067383
1,16.38,5.39994581602514,1.04963779449463
1,16.39,5.40327911591157,1.05917453765869
1,16.4,5.40661241579801,1.06871128082275
1,16.41,5.40994571568444,1.07824802398682
1,16.42,5.41327901557088,1.08957290649414
1,16.43,5.41661231545731,1.10268592834473
1,16.44,5.41994561534375,1.11103057861328
1,16.45,5.42327891523018,1.12652778625488
1,16.46,5.42661221511662,1.13606452941895
1,16.47,5.42994551500306,1.14858150482178
1,16.48,5.43327881488949,1.1599063873291
1,16.49,5.43661211477593,1.17182731628418
1,16.5,5.43994541466236,1.18076801300049
1,16.51,5.4432787145488,1.19209289550781
1,16.52,5.44661201443523,1.20639801025391
1,16.53,5.44994531432167,1.21891498565674
1,16.54,5.4532786142081,1.22785568237305
1,16.55,5.45661191409454,1.23560428619385
1,16.56,5.45994521398097,1.24454498291016
1,16.57,5.46327851386741,1.25586986541748
1,16.58,5.46661181375384,1.27077102661133
1,16.59,5.46994511364028,1.27851963043213
1,16.6,5.47327841352671,1.2892484664917
1,16.61,5.47661171341315,1.29342079162598
1,16.62,5.47994501329958,1.30534172058105
1,16.63,5.48327831318602,1.31011009216309
1,16.64,5.48661161307246,1.32143497467041
1,16.65,5.48994491295889,1.33097171783447
1,16.66,5.49327821284533,1.33931636810303
1,16.67,5.49661151273176,1.35302543640137
1,16.68,5.4999448126182,1.35958194732666
1,16.69,5.50327811250463,1.36792659759521
1,16.7,5.50661141239107,1.37627124786377
1,16.71,5.5099447122775,1.38998031616211
1,16.72,5.51327801216394,1.39534473419189
1,16.73,5.51661131205037,1.40726566314697
1,16.74,5.51994461193681,1.41441822052002
1,16.75,5.52327791182324,1.4263391494751
1,16.76,5.52661121170968,1.43229961395264
1,16.77,5.52994451159611,1.44660472869873
1,16.78,5.53327781148255,1.45614147186279
1,16.79,5.53661111136898,1.46567821502686
1,16.8,5.53994441125542,1.47819519042969
1,16.81,5.54327771114185,1.487135887146
1,16.82,5.54661101102829,1.49905681610107
1,16.83,5.54994431091473,1.51097774505615
1,16.84,5.55327761080116,1.52111053466797
1,16.85,5.5566109106876,1.53243541717529
1,16.86,5.55994421057403,1.5413761138916
1,16.87,5.56327751046047,1.55746936798096
1,16.88,5.5666108103469,1.56819820404053
1,16.89,5.56994411023334,1.58011913299561
1,16.9,5.57327741011977,1.5866756439209
1,16.91,5.57661071000621,1.59800052642822
1,16.92,5.57994400989264,1.60574913024902
1,16.93,5.58327730977908,1.61647796630859
1,16.94,5.58661060966551,1.62303447723389
1,16.95,5.58994390955195,1.6319751739502
1,16.96,5.59327720943838,1.64568424224854
1,16.97,5.59661050932482,1.6552209854126
1,16.98,5.59994380921125,1.66356563568115
1,16.99,5.60327710909769,1.67012214660645
1,17,5.60661040898412,1.68204307556152
1,17.01,5.60994370887056,1.69336795806885
1,17.02,5.613277008757,1.69932842254639
1,17.03,5.61661030864343,1.70528888702393
1,17.04,5.61994360852987,1.72019004821777
1,17.05,5.6232769084163,1.72734260559082
1,17.06,5.62661020830274,1.73687934875488
1,17.07,5.62994350818917,1.74641609191895
1,17.08,5.63327680807561,1.75774097442627
1,17.09,5.63661010796204,1.76131725311279
1,17.1,5.63994340784848,1.77204608917236
1,17.11,5.64327670773491,1.77919864654541
1,17.12,5.64661000762135,1.78873538970947
1,17.13,5.64994330750778,1.8000602722168
1,17.14,5.65327660739422,1.8078088760376
1,17.15,5.65660990728065,1.81913375854492
1,17.16,5.65994320716709,1.82867050170898
1,17.17,5.66327650705352,1.83820724487305
1,17.18,5.66660980693996,1.85132026672363
1,17.19,5.66994310682639,1.86145305633545
1,17.2,5.67327640671283,1.86920166015625
1,17.21,5.67660970659927,1.87814235687256
1,17.22,5.6799430064857,1.88946723937988
1,17.23,5.68327630637214,1.90019607543945
1,17.24,5.68660960625857,1.90913677215576
1,17.25,5.68994290614501,1.91986560821533
1,17.26,5.69327620603144,1.93536281585693
1,17.27,5.69660950591788,1.94668769836426
1,17.28,5.69994280580431,1.95682048797607
1,17.29,5.70327610569075,1.96576118469238
1,17.3,5.70660940557718,1.9758939743042
1,17.31,5.70994270546362,1.98602676391602
1,17.32,5.71327600535005,1.99437141418457
1,17.33,5.71660930523649,2.00390815734863
1,17.34,5.71994260512292,2.01106071472168
1,17.35,5.72327590500936,2.01821327209473
1,17.36,5.72660920489579,2.02775001525879
1,17.37,5.72994250478223,2.03728675842285
1,17.38,5.73327580466867,2.0444393157959
1,17.39,5.7366091045551,2.05099582672119
1,17.4,5.73994240444154,2.06410884857178
1,17.41,5.74327570432797,2.07364559173584
1,17.42,5.74660900421441,2.08497047424316
1,17.43,5.74994230410084,2.09152698516846
1,17.44,5.75327560398728,2.0986795425415
1,17.45,5.75660890387371,2.11000442504883
1,17.46,5.75994220376015,2.11656093597412
1,17.47,5.76327550364658,2.12490558624268
1,17.48,5.76660880353302,2.13265419006348
1,17.49,5.76994210341945,2.13801860809326
1,17.5,5.77327540330589,2.14755535125732
1,17.51,5.77660870319232,2.15590000152588
1,17.52,5.77994200307876,2.1672248840332
1,17.53,5.78327530296519,2.174973487854
1,17.54,5.78660860285163,2.19047069549561
1,17.55,5.78994190273806,2.19941139221191
1,17.56,5.7932752026245,2.20715999603271
1,17.57,5.79660850251094,2.2202730178833
1,17.58,5.79994180239737,2.22682952880859
1,17.59,5.80327510228381,2.23517417907715
1,17.6,5.80660840217024,2.24411487579346
1,17.61,5.80994170205668,2.25603580474854
1,17.62,5.81327500194311,2.25722789764404
1,17.63,5.81660830182955,2.26974487304688
1,17.64,5.81994160171598,2.27808952331543
1,17.65,5.82327490160242,2.28703022003174
1,17.66,5.82660820148885,2.30014324188232
1,17.67,5.82994150137529,2.31146812438965
1,17.68,5.83327480126172,2.3186206817627
1,17.69,5.83660810114816,2.32338905334473
1,17.7,5.83994140103459,2.33471393585205
1,17.71,5.84327470092103,2.34425067901611
1,17.72,5.84660800080746,2.35199928283691
1,17.73,5.8499413006939,2.35795974731445
1,17.74,5.85327460058033,2.36272811889648
1,17.75,5.85660790046677,2.37047672271729
1,17.76,5.85994120035321,2.37822532653809
1,17.77,5.86327450023964,2.38478183746338
1,17.78,5.86660780012608,2.3961067199707
1,17.79,5.86994110001251,2.40683555603027
1,17.8,5.87327439989895,2.41577625274658
1,17.81,5.87660769978538,2.42352485656738
1,17.82,5.87994099967182,2.43246555328369
1,17.83,5.88327429955825,2.44557857513428
1,17.84,5.88660759944469,2.45630741119385
1,17.85,5.88994089933112,2.46942043304443
1,17.86,5.89327419921756,2.480149269104
1,17.87,5.89660749910399,2.49028205871582
1,17.88,5.89994079899043,2.50160694122314
1,17.89,5.90327409887686,2.51293182373047
1,17.9,5.9066073987633,2.52485275268555
1,17.91,5.90994069864973,2.53379344940186
1,17.92,5.91327399853617,2.54213809967041
1,17.93,5.9166072984226,2.5486946105957
1,17.94,5.91994059830904,2.56121158599854
1,17.95,5.92327389819548,2.57015228271484
1,17.96,5.92660719808191,2.58386135101318
1,17.97,5.92994049796835,2.59041786193848
1,17.98,5.93327379785478,2.59697437286377
1,17.99,5.93660709774122,2.60591506958008
1,18,5.93994039762765,2.61306762695313
1,18.01,5.94327369751409,2.62200832366943
1,18.02,5.94660699740052,2.62916088104248
1,18.03,5.94994029728696,2.63988971710205
1,18.04,5.95327359717339,2.64406204223633
1,18.05,5.95660689705983,2.65419483184814
1,18.06,5.95994019694626,2.66432762145996
1,18.07,5.9632734968327,2.67267227172852
1,18.08,5.96660679671913,2.68697738647461
1,18.09,5.96994009660557,2.69532203674316
1,18.1,5.973273396492,2.70187854766846
1,18.11,5.97660669637844,2.71022319793701
1,18.12,5.97993999626487,2.72572040557861
1,18.13,5.98327329615131,2.73227691650391
1,18.14,5.98660659603775,2.74300575256348
1,18.15,5.98993989592418,2.75135040283203
1,18.16,5.99327319581062,2.76029109954834
1,18.17,5.99660649569705,2.7698278427124
1,18.18,5.99993979558349,2.77698040008545
1,18.19,6.00327309546992,2.78830528259277
1,18.2,6.00660639535636,2.79664993286133
1,18.21,6.00993969524279,2.80439853668213
1,18.22,6.01327299512923,2.81095504760742
1,18.23,6.01660629501566,2.8151273727417
1,18.24,6.0199395949021,2.82645225524902
1,18.25,6.02327289478853,2.83241271972656
1,18.26,6.02660619467497,2.83896923065186
1,18.27,6.0299394945614,2.84373760223389
1,18.28,6.03327279444784,2.85029411315918
1,18.29,6.03660609433427,2.85685062408447
1,18.3,6.03993939422071,2.86519527435303
1,18.31,6.04327269410715,2.87413597106934
1,18.32,6.04660599399358,2.88784503936768
1,18.33,6.04993929388002,2.89678573608398
1,18.34,6.05327259376645,2.91049480438232
1,18.35,6.05660589365289,2.92122364044189
1,18.36,6.05993919353932,2.937912940979
1,18.37,6.06327249342576,2.95162200927734
1,18.38,6.06660579331219,2.96533107757568
1,18.39,6.06993909319863,2.97665596008301
1,18.4,6.07327239308506,2.98917293548584
1,18.41,6.0766056929715,3.00228595733643
1,18.42,6.07993899285793,3.01361083984375
1,18.43,6.08327229274437,3.02553176879883
1,18.44,6.0866055926308,3.03506851196289
1,18.45,6.08993889251724,3.04996967315674
1,18.46,6.09327219240367,3.06248664855957
1,18.47,6.09660549229011,3.07440757751465
1,18.48,6.09993879217654,3.08334827423096
1,18.49,6.10327209206298,3.09586524963379
1,18.5,6.10660539194942,3.10719013214111
1,18.51,6.10993869183585,3.11553478240967
1,18.52,6.11327199172229,3.12745571136475
1,18.53,6.11660529160872,3.13639640808105
1,18.54,6.11993859149516,3.14712524414063
1,18.55,6.12327189138159,3.1578540802002
1,18.56,6.12660519126803,3.16500663757324
1,18.57,6.12993849115446,3.17037105560303
1,18.58,6.1332717910409,3.17990779876709
1,18.59,6.13660509092733,3.18765640258789
1,18.6,6.13993839081377,3.20017337799072
1,18.61,6.1432716907002,3.21090221405029
1,18.62,6.14660499058664,3.22401523590088
1,18.63,6.14993829047307,3.23235988616943
1,18.64,6.15327159035951,3.24487686157227
1,18.65,6.15660489024594,3.25500965118408
1,18.66,6.15993819013238,3.26335430145264
1,18.67,6.16327149001881,3.27706336975098
1,18.68,6.16660478990525,3.28898429870605
1,18.69,6.16993808979169,3.29852104187012
1,18.7,6.17327138967812,3.31103801727295
1,18.71,6.17660468956456,3.3193826675415
1,18.72,6.17993798945099,3.32772731781006
1,18.73,6.18327128933743,3.34084033966064
1,18.74,6.18660458922386,3.34978103637695
1,18.75,6.1899378891103,3.36050987243652
1,18.76,6.19327118899673,3.36766242980957
1,18.77,6.19660448888317,3.37958335876465
1,18.78,6.1999377887696,3.38971614837646
1,18.79,6.20327108865604,3.40163707733154
1,18.8,6.20660438854247,3.41117382049561
1,18.81,6.20993768842891,3.42190265655518
1,18.82,6.21327098831534,3.43143939971924
1,18.83,6.21660428820178,3.43799591064453
1,18.84,6.21993758808821,3.44991683959961
1,18.85,6.22327088797465,3.46064567565918
1,18.86,6.22660418786108,3.47137451171875
1,18.87,6.22993748774752,3.4797191619873
1,18.88,6.23327078763396,3.4862756729126
1,18.89,6.23660408752039,3.49700450897217
1,18.9,6.23993738740683,3.51071357727051
1,18.91,6.24327068729326,3.51965427398682
1,18.92,6.2466039871797,3.53097915649414
1,18.93,6.24993728706613,3.5393238067627
1,18.94,6.25327058695257,3.54647636413574
1,18.95,6.256603886839,3.55899333953857
1,18.96,6.25993718672544,3.56972217559814
1,18.97,6.26327048661187,3.57925891876221
1,18.98,6.26660378649831,3.59117984771729
1,18.99,6.26993708638474,3.60012054443359
1,19,6.27327038627118,3.60846519470215
1,19.01,6.27660368615761,3.61621379852295
1,19.02,6.27993698604405,3.62932682037354
1,19.03,6.28327028593048,3.63945960998535
1,19.04,6.28660358581692,3.65078449249268
1,19.05,6.28993688570336,3.66330146789551
1,19.06,6.29327018558979,3.67283821105957
1,19.07,6.29660348547623,3.68654727935791
1,19.08,6.29993678536266,3.69668006896973
1,19.09,6.3032700852491,3.71098518371582
1,19.1,6.30660338513553,3.72231006622314
1,19.11,6.30993668502197,3.73423099517822
1,19.12,6.3132699849084,3.74913215637207
1,19.13,6.31660328479484,3.75270843505859
1,19.14,6.31993658468127,3.76582145690918
1,19.15,6.32326988456771,3.77476215362549
1,19.16,6.32660318445414,3.7837028503418
1,19.17,6.32993648434058,3.79085540771484
1,19.18,6.33326978422701,3.80218029022217
1,19.19,6.33660308411345,3.80635261535645
1,19.2,6.33993638399989,3.81588935852051
1,19.21,6.34326968388632,3.82184982299805
1,19.22,6.34660298377275,3.83555889129639
1,19.23,6.34993628365919,3.84271144866943
1,19.24,6.35326958354563,3.84986400604248
1,19.25,6.35660288343206,3.85761260986328
1,19.26,6.3599361833185,3.8677453994751
1,19.27,6.36326948320493,3.87668609619141
1,19.28,6.36660278309137,3.88741493225098
1,19.29,6.3699360829778,3.8987398147583
1,19.3,6.37326938286424,3.91185283660889
1,19.31,6.37660268275067,3.92019748687744
1,19.32,6.37993598263711,3.93390655517578
1,19.33,6.38326928252354,3.93986701965332
1,19.34,6.38660258240998,3.94582748413086
1,19.35,6.38993588229641,3.95417213439941
1,19.36,6.39326918218285,3.96549701690674
1,19.37,6.39660248206928,3.97324562072754
1,19.38,6.39993578195572,3.98218631744385
1,19.39,6.40326908184215,3.99649143218994
1,19.4,6.40993568161502,4.00424003601074
1,19.41,6.41326898150146,4.01437282562256
1,19.43,6.4166022813879,4.03225421905518
1,19.44,6.41993558127433,4.04238700866699
1,19.45,6.42326888116077,4.05609607696533
1,19.46,6.42993548093364,4.06980514526367
1,19.47,6.43326878082007,4.07576560974121
1,19.49,6.43660208070651,4.10258769989014
1,19.5,6.44326868047938,4.11450862884521
1,19.51,6.44660198036581,4.13000583648682
1,19.52,6.44993528025225,4.13775444030762
1,19.53,6.45326858013868,4.14669513702393
1,19.55,6.45993517991155,4.16040420532227
1,19.56,6.46326847979799,4.16934490203857
1,19.57,6.46660177968442,4.17709350585938
1,19.59,6.47326837945729,4.19437885284424
1,19.6,6.47660167934373,4.20153141021729
1,19.61,6.47993497923017,4.21047210693359
1,19.62,6.4832682791166,4.2194128036499
1,19.63,6.48660157900304,4.23252582550049
1,19.64,6.48993487888947,4.24444675445557
1,19.65,6.49326817877591,4.25219535827637
1,19.66,6.49660147866234,4.26113605499268
1,19.67,6.49993477854878,4.2724609375
1,19.68,6.50326807843521,4.28259372711182
1,19.69,6.50660137832165,4.29511070251465
1,19.7,6.50993467820808,4.30583953857422
1,19.71,6.51326797809452,4.31954860687256
1,19.72,6.51660127798095,4.32968139648438
1,19.73,6.51993457786739,4.33623790740967
1,19.74,6.52326787775382,4.35054302215576
1,19.75,6.52660117764026,4.36484813690186
1,19.76,6.52993447752669,4.37557697296143
1,19.77,6.53326777741313,4.38451766967773
1,19.78,6.53660107729957,4.3940544128418
1,19.79,6.539934377186,4.4018030166626
1,19.8,6.54326767707244,4.41431999206543
1,19.81,6.54660097695887,4.425048828125
1,19.82,6.54993427684531,4.43816184997559
1,19.83,6.55326757673174,4.4482946395874
1,19.84,6.55660087661818,4.4548511505127
1,19.85,6.55993417650461,4.46498394012451
1,19.86,6.56326747639105,4.47213649749756
1,19.87,6.56660077627748,4.48405742645264
1,19.88,6.56993407616392,4.49538230895996
1,19.89,6.57326737605035,4.50611114501953
1,19.9,6.57660067593679,4.51385974884033
1,19.91,6.57993397582322,4.51803207397461
1,19.92,6.58326727570966,4.52756881713867
1,19.93,6.5866005755961,4.53293323516846
1,19.94,6.58993387548253,4.54425811767578
1,19.95,6.59326717536896,4.55141067504883
1,19.96,6.5966004752554,4.56094741821289
1,19.97,6.59993377514184,4.56631183624268
1,19.98,6.60326707502827,4.57882881164551
1,19.99,6.60660037491471,4.58896160125732
1,20,6.60993367480114,4.59909439086914
1,20.01,6.61326697468758,4.60505485534668
1,20.02,6.61660027457401,4.61339950561523
1,20.03,6.61993357446045,4.61876392364502
1,20.04,6.62326687434688,4.63128089904785
1,20.05,6.62660017423332,4.63962554931641
1,20.06,6.62993347411975,4.65035438537598
1,20.07,6.63326677400619,4.65869903564453
1,20.08,6.63660007389262,4.6694278717041
1,20.09,6.63993337377906,4.67419624328613
1,20.1,6.64326667366549,4.68611717224121
1,20.11,6.64659997355193,4.69088554382324
1,20.12,6.64993327343836,4.70280647277832
1,20.13,6.6532665733248,4.71293926239014
1,20.14,6.65659987321123,4.71711158752441
1,20.15,6.65993317309767,4.72664833068848
1,20.16,6.66326647298411,4.73380088806152
1,20.17,6.66659977287054,4.74214553833008
1,20.18,6.66993307275698,4.74691390991211
1,20.19,6.67326637264341,4.75764274597168
1,20.2,6.67659967252985,4.76419925689697
1,20.21,6.67993297241628,4.768967628479
1,20.22,6.68326627230272,4.77731227874756
1,20.23,6.68659957218915,4.78208065032959
1,20.24,6.68993287207559,4.7910213470459
1,20.25,6.69326617196202,4.79638576507568
1,20.26,6.69659947184846,4.80473041534424
1,20.27,6.69993277173489,4.81069087982178
1,20.28,6.70326607162133,4.8220157623291
1,20.29,6.70659937150776,4.83095645904541
1,20.3,6.7099326713942,4.844069480896
1,20.31,6.71326597128063,4.85479831695557
1,20.32,6.71659927116707,4.86910343170166
1,20.33,6.7199325710535,4.88042831420898
1,20.34,6.72326587093994,4.89652156829834
1,20.35,6.72659917082638,4.91142272949219
1,20.36,6.72993247071281,4.92274761199951
1,20.37,6.73326577059925,4.93347644805908
1,20.38,6.73659907048568,4.94182109832764
1,20.39,6.73993237037212,4.95731830596924
1,20.4,6.74326567025855,4.96566295623779
1,20.41,6.74659897014499,4.97519969940186
1,20.42,6.74993227003142,4.98294830322266
1,20.43,6.75326556991786,4.99069690704346
1,20.44,6.75659886980429,4.9978494644165
1,20.45,6.75993216969073,5.00202178955078
1,20.46,6.76326546957716,5.01155853271484
1,20.47,6.7665987694636,5.01573085784912
1,20.48,6.76993206935003,5.0199031829834
1,20.49,6.77326536923647,5.02943992614746
1,20.5,6.7765986691229,5.03182411193848
1,20.51,6.77993196900934,5.04493713378906
1,20.52,6.78326526889578,5.05447387695313
1,20.53,6.78659856878221,5.0652027130127
1,20.54,6.78993186866865,5.074143409729
1,20.55,6.79326516855508,5.07891178131104
1,20.56,6.79659846844152,5.09142875671387
1,20.57,6.79993176832795,5.10096549987793
1,20.58,6.80326506821439,5.11288642883301
1,20.59,6.80659836810082,5.1271915435791
1,20.6,6.80993166798726,5.13613224029541
1,20.61,6.81326496787369,5.14388084411621
1,20.62,6.81659826776013,5.15282154083252
1,20.63,6.81993156764656,5.16772270202637
1,20.64,6.823264867533,5.17845153808594
1,20.65,6.82659816741943,5.19216060638428
1,20.66,6.82993146730587,5.2034854888916
1,20.67,6.83326476719231,5.2112340927124
1,20.68,6.83659806707874,5.22136688232422
1,20.69,6.83993136696517,5.23030757904053
1,20.7,6.84326466685161,5.24163246154785
1,20.71,6.84659796673805,5.25414943695068
1,20.72,6.84993126662448,5.26368618011475
1,20.73,6.85326456651092,5.2720308303833
1,20.74,6.85659786639735,5.28156757354736
1,20.75,6.85993116628379,5.29050827026367
1,20.76,6.86326446617022,5.30064105987549
1,20.77,6.86659776605666,5.31136989593506
1,20.78,6.86993106594309,5.31971454620361
1,20.79,6.87326436582953,5.3328275680542
1,20.8,6.87659766571596,5.34236431121826
1,20.81,6.8799309656024,5.3560733795166
1,20.82,6.88326426548883,5.36739826202393
1,20.83,6.88659756537527,5.38110733032227
1,20.84,6.8899308652617,5.3936243057251
1,20.85,6.89326416514814,5.40554523468018
1,20.86,6.89659746503457,5.41508197784424
1,20.87,6.89993076492101,5.42044639587402
1,20.88,6.90326406480744,5.43177127838135
1,20.89,6.90659736469388,5.43951988220215
1,20.9,6.90993066458032,5.45322895050049
1,20.91,6.91326396446675,5.45859336853027
1,20.92,6.91659726435319,5.47289848327637
1,20.93,6.91993056423962,5.47945499420166
1,20.94,6.92326386412606,5.49137592315674
1,20.95,6.92659716401249,5.49852848052979
1,20.96,6.92993046389893,5.51283359527588
1,20.97,6.93326376378536,5.5164098739624
1,20.98,6.9365970636718,5.52773475646973
1,20.99,6.93993036355823,5.53250312805176
1,21,6.94326366344467,5.54442405700684
1,21.01,6.9465969633311,5.55515289306641
1,21.02,6.94993026321754,5.56111335754395
1,21.03,6.95326356310397,5.57363033294678
1,21.04,6.95659686299041,5.57959079742432
1,21.05,6.95993016287684,5.5927038192749
1,21.06,6.96326346276328,5.60343265533447
1,21.07,6.96659676264971,5.60760498046875
1,21.08,6.96993006253615,5.61892986297607
1,21.09,6.97326336242259,5.62787055969238
1,21.1,6.97659666230902,5.63740730285645
1,21.11,6.97992996219546,5.64396381378174
1,21.12,6.98326326208189,5.6535005569458
1,21.13,6.98659656196833,5.66065311431885
1,21.14,6.98992986185476,5.66482543945313
1,21.15,6.9932631617412,5.6689977645874
1,21.16,6.99659646162763,5.68032264709473
1,21.17,6.99992976151407,5.68866729736328
1,21.18,7.0032630614005,5.69581985473633
1,21.19,7.00659636128694,5.70774078369141
1,21.2,7.00992966117337,5.71489334106445
1,21.21,7.01326296105981,5.72681427001953
1,21.22,7.01659626094624,5.73396682739258
1,21.23,7.01992956083268,5.74648380279541
1,21.24,7.02326286071911,5.75423240661621
1,21.25,7.02659616060555,5.76496124267578
1,21.26,7.02992946049199,5.76913356781006
1,21.27,7.03326276037842,5.7750940322876
1,21.28,7.03659606026486,5.78463077545166
1,21.29,7.03992936015129,5.78999519348145
1,21.3,7.04326266003773,5.80072402954102
1,21.31,7.04659595992416,5.81085681915283
1,21.32,7.0499292598106,5.82039356231689
1,21.33,7.05326255969703,5.82575798034668
1,21.34,7.05659585958347,5.8358907699585
1,21.35,7.0599291594699,5.84244728088379
1,21.36,7.06326245935634,5.85198402404785
1,21.37,7.06659575924277,5.86092472076416
1,21.38,7.06992905912921,5.86390495300293
1,21.39,7.07326235901564,5.86807727813721
1,21.4,7.07659565890208,5.87403774261475
1,21.41,7.07992895878852,5.88059425354004
1,21.42,7.08326225867495,5.88774681091309
1,21.43,7.08659555856138,5.89609146118164
1,21.44,7.08992885844782,5.90622425079346
1,21.45,7.09326215833426,5.91099262237549
1,21.46,7.09659545822069,5.92052936553955
1,21.47,7.09992875810713,5.92708587646484
1,21.48,7.10326205799356,5.93304634094238
1,21.49,7.10659535788,5.94258308410645
1,21.5,7.10992865776643,5.95211982727051
1,21.51,7.11326195765287,5.95271587371826
1,21.52,7.1165952575393,5.96225261688232
1,21.53,7.11992855742574,5.96344470977783
1,21.54,7.12326185731217,5.97715377807617
1,21.55,7.12659515719861,5.98669052124023
1,21.56,7.12992845708504,5.99205493927002
1,21.57,7.13326175697148,6.00099563598633
1,21.58,7.13659505685791,6.00934028625488
1,21.59,7.13992835674435,6.01589679718018
1,21.6,7.14326165663078,6.02304935455322
1,21.61,7.14659495651722,6.03199005126953
1,21.62,7.14992825640365,6.04093074798584
1,21.63,7.15326155629009,6.04748725891113
1,21.64,7.15659485617653,6.05583190917969
1,21.65,7.15992815606296,6.06894493103027
1,21.66,7.1632614559494,6.07848167419434
1,21.67,7.16659475583583,6.08742237091064
1,21.68,7.16992805572227,6.09457492828369
1,21.69,7.1732613556087,6.10291957855225
1,21.7,7.17659465549514,6.10947608947754
1,21.71,7.17992795538157,6.12258911132813
1,21.72,7.18326125526801,6.12378120422363
1,21.73,7.18659455515444,6.1333179473877
1,21.74,7.18992785504088,6.14464282989502
1,21.75,7.19326115492731,6.14941120147705
1,21.76,7.19659445481375,6.15835189819336
1,21.77,7.19992775470018,6.16490840911865
1,21.78,7.20326105458662,6.17504119873047
1,21.79,7.20659435447305,6.18338584899902
1,21.8,7.20992765435949,6.19709491729736
1,21.81,7.21326095424593,6.2030553817749
1,21.82,7.21659425413236,6.21259212493896
1,21.83,7.2199275540188,6.22332096099854
1,21.84,7.22326085390523,6.23106956481934
1,21.85,7.22659415379167,6.24179840087891
1,21.86,7.2299274536781,6.24716281890869
1,21.87,7.23326075356454,6.25252723693848
1,21.88,7.23659405345097,6.25908374786377
1,21.89,7.23992735333741,6.26444816589355
1,21.9,7.24326065322384,6.27756118774414
1,21.91,7.24659395311028,6.28769397735596
1,21.92,7.24992725299671,6.30021095275879
1,21.93,7.25326055288315,6.31093978881836
1,21.94,7.25659385276958,6.32047653198242
1,21.95,7.25992715265602,6.33418560028076
1,21.96,7.26326045254245,6.34193420410156
1,21.97,7.26659375242889,6.35623931884766
1,21.98,7.26992705231532,6.36696815490723
1,21.99,7.27326035220176,6.37710094451904
1,22,7.2765936520882,6.39140605926514
1,22.01,7.27992695197463,6.40034675598145
1,22.02,7.28326025186107,6.41286373138428
1,22.03,7.2865935517475,6.42657279968262
1,22.04,7.28992685163394,6.43134117126465
1,22.05,7.29326015152037,6.44266605377197
1,22.06,7.29659345140681,6.45220279693604
1,22.07,7.29992675129324,6.45816326141357
1,22.08,7.30326005117968,6.4694881439209
1,22.09,7.30659335106611,6.48081302642822
1,22.1,7.30992665095255,6.48796558380127
1,22.11,7.31325995083898,6.49929046630859
1,22.12,7.31659325072542,6.50525093078613
1,22.13,7.31992655061185,6.51419162750244
1,22.14,7.32325985049829,6.5237283706665
1,22.15,7.32659315038473,6.52670860290527
1,22.16,7.32992645027116,6.53743743896484
1,22.17,7.33325975015759,6.53922557830811
1,22.18,7.33659305004403,6.54220581054688
1,22.19,7.33992634993047,6.54935836791992
1,22.2,7.3432596498169,6.55531883239746
1,22.21,7.34659294970334,6.56485557556152
1,22.22,7.34992624958977,6.57260417938232
1,22.23,7.35325954947621,6.57618045806885
1,22.24,7.35659284936264,6.58512115478516
1,22.25,7.35992614924908,6.59525394439697
1,22.26,7.36325944913551,6.60538673400879
1,22.27,7.36659274902195,6.61492347717285
1,22.28,7.36992604890838,6.62088394165039
1,22.29,7.37325934879482,6.63101673126221
1,22.3,7.37659264868125,6.64472579956055
1,22.31,7.37992594856769,6.65485858917236
1,22.32,7.38325924845412,6.6673755645752
1,22.33,7.38659254834056,6.67154788970947
1,22.34,7.389925848227,6.68048858642578
1,22.35,7.39325914811343,6.68585300445557
1,22.36,7.39659244799986,6.69121742248535
1,22.37,7.3999257478863,6.69896602630615
1,22.38,7.40325904777274,6.70790672302246
1,22.39,7.40659234765917,6.7138671875
1,22.4,7.40992564754561,6.71982765197754
1,22.41,7.41325894743204,6.72519207000732
1,22.42,7.41659224731848,6.73472881317139
1,22.43,7.41992554720491,6.74068927764893
1,22.44,7.42325884709135,6.74664974212646
1,22.45,7.42659214697778,6.75559043884277
1,22.46,7.42992544686422,6.76274299621582
1,22.47,7.43325874675065,6.77227973937988
1,22.48,7.43659204663709,6.78062438964844
1,22.49,7.43992534652352,6.79433345794678
1,22.5,7.44325864640996,6.80148601531982
1,22.51,7.44659194629639,6.81400299072266
1,22.52,7.44992524618283,6.82234764099121
1,22.53,7.45325854606926,6.83248043060303
1,22.54,7.4565918459557,6.8432092666626
1,22.55,7.45992514584214,6.85036182403564
1,22.56,7.46325844572857,6.85989856719971
1,22.57,7.46659174561501,6.86466693878174
1,22.58,7.46992504550144,6.87479972839355
1,22.59,7.47325834538788,6.88433647155762
1,22.6,7.47659164527431,6.89327716827393
1,22.61,7.47992494516075,6.89983367919922
1,22.62,7.48325824504718,6.90937042236328
1,22.63,7.48659154493362,6.9195032119751
1,22.64,7.48992484482005,6.92605972290039
1,22.65,7.49325814470649,6.93619251251221
1,22.66,7.49659144459292,6.94394111633301
1,22.67,7.49992474447936,6.95645809173584
1,22.68,7.50325804436579,6.96241855621338
1,22.69,7.50659134425223,6.97314739227295
1,22.7,7.50992464413866,6.98208808898926
1,22.71,7.5132579440251,6.99341297149658
1,22.72,7.51659124391153,7.00235366821289
1,22.73,7.51992454379797,7.01069831848145
1,22.74,7.52325784368441,7.02202320098877
1,22.75,7.52659114357084,7.03394412994385
1,22.76,7.52992444345728,7.04407691955566
1,22.77,7.53325774334371,7.05361366271973
1,22.78,7.53659104323015,7.06315040588379
1,22.79,7.53992434311658,7.07149505615234
1,22.8,7.54325764300302,7.08043575286865
1,22.81,7.54659094288945,7.08997249603271
1,22.82,7.54992424277589,7.10070133209229
1,22.83,7.55325754266232,7.10785388946533
1,22.84,7.55659084254876,7.11500644683838
1,22.85,7.55992414243519,7.12156295776367
1,22.86,7.56325744232163,7.13467597961426
1,22.87,7.56659074220806,7.14123249053955
1,22.88,7.5699240420945,7.14778900146484
1,22.89,7.57325734198094,7.15494155883789
1,22.9,7.57659064186737,7.16269016265869
1,22.91,7.5799239417538,7.17043876647949
1,22.92,7.58325724164024,7.17759132385254
1,22.93,7.58659054152668,7.18474388122559
1,22.94,7.58992384141311,7.1948766708374
1,22.95,7.59325714129955,7.20202922821045
1,22.96,7.59659044118598,7.21096992492676
1,22.97,7.59992374107242,7.21991062164307
1,22.98,7.60325704095885,7.22527503967285
1,22.99,7.60659034084529,7.23361968994141
1,23,7.60992364073172,7.23421573638916
1,23.01,7.61325694061816,7.24375247955322
1,23.02,7.61659024050459,7.25030899047852
1,23.03,7.61992354039103,7.26222991943359
1,23.04,7.62325684027746,7.26997852325439
1,23.05,7.6265901401639,7.27832317352295
1,23.06,7.62992344005033,7.28726387023926
1,23.07,7.63325673993677,7.29858875274658
1,23.08,7.63659003982321,7.30693340301514
1,23.09,7.63992333970964,7.31766223907471
1,23.1,7.64325663959607,7.33256340026855
1,23.11,7.64658993948251,7.3397159576416
1,23.12,7.64992323936895,7.34567642211914
1,23.13,7.65325653925538,7.3540210723877
1,23.14,7.65658983914182,7.36236572265625
1,23.15,7.65992313902825,7.37011432647705
1,23.16,7.66325643891469,7.37786293029785
1,23.17,7.66658973880112,7.38561153411865
1,23.18,7.66992303868756,7.39872455596924
1,23.19,7.67325633857399,7.40647315979004
1,23.2,7.67658963846043,7.41720199584961
1,23.21,7.67992293834686,7.42614269256592
1,23.22,7.6832562382333,7.43448734283447
1,23.23,7.68992283800617,7.44521617889404
1,23.24,7.6932561378926,7.45713710784912
1,23.25,7.69658943777904,7.46548175811768
1,23.26,7.69992273766547,7.476806640625
1,23.28,7.70325603755191,7.49766826629639
1,23.29,7.70992263732478,7.50362873077393
1,23.3,7.71325593721122,7.51376152038574
1,23.31,7.71658923709765,7.51912593841553
1,23.32,7.71992253698409,7.5298547744751
1,23.33,7.72325583687052,7.53641128540039
1,23.34,7.72658913675696,7.54356384277344
1,23.35,7.72992243664339,7.55369663238525
1,23.36,7.73325573652983,7.5608491897583
1,23.38,7.73658903641626,7.57336616516113
1,23.39,7.74325563618913,7.58349895477295
1,23.4,7.74658893607557,7.590651512146
1,23.41,7.749922235962,7.59661197662354
1,23.42,7.75325553584844,7.60436058044434
1,23.43,7.75658883573487,7.60853290557861
1,23.44,7.75992213562131,7.61628150939941
1,23.45,7.76325543550774,7.62343406677246
1,23.46,7.76658873539418,7.62939453125
1,23.47,7.76992203528062,7.6371431350708
1,23.48,7.77325533516705,7.64310359954834
1,23.49,7.77658863505349,7.6448917388916
1,23.5,7.77992193493992,7.6526403427124
1,23.51,7.78325523482636,7.66217708587646
1,23.52,7.78658853471279,7.66515731811523
1,23.53,7.78992183459923,7.67529010772705
1,23.54,7.79325513448566,7.68005847930908
1,23.55,7.7965884343721,7.6901912689209
1,23.56,7.79992173425853,7.6979398727417
1,23.57,7.80325503414497,7.70509243011475
1,23.58,7.8065883340314,7.71701335906982
1,23.59,7.80992163391784,7.72237777709961
1,23.6,7.81325493380427,7.73191452026367
1,23.61,7.81658823369071,7.74025917053223
1,23.62,7.81992153357715,7.75396823883057
1,23.63,7.82325483346358,7.76171684265137
1,23.64,7.82658813335002,7.7742338180542
1,23.65,7.82992143323645,7.78496265411377
1,23.66,7.83325473312289,7.79926776885986
1,23.67,7.83658803300932,7.80582427978516
1,23.68,7.83992133289576,7.81834125518799
1,23.69,7.84325463278219,7.82549381256104
1,23.7,7.84658793266863,7.83979892730713
1,23.71,7.84992123255506,7.84814357757568
1,23.72,7.8532545324415,7.86066055297852
1,23.73,7.85658783232793,7.86304473876953
1,23.74,7.85992113221437,7.86542892456055
1,23.75,7.8632544321008,7.86960124969482
1,23.76,7.86658773198724,7.87794589996338
1,23.77,7.86992103187367,7.88450241088867
1,23.78,7.87325433176011,7.88867473602295
1,23.79,7.87658763164654,7.89046287536621
1,23.8,7.87992093153298,7.89761543273926
1,23.81,7.88325423141941,7.90834426879883
1,23.82,7.88658753130585,7.91847705841064
1,23.83,7.88992083119228,7.92205333709717
1,23.84,7.89325413107872,7.93516635894775
1,23.85,7.89658743096516,7.94529914855957
1,23.86,7.89992073085159,7.95245170593262
1,23.87,7.90325403073803,7.96377658843994
1,23.88,7.90658733062446,7.97748565673828
1,23.89,7.9099206305109,7.98642635345459
1,23.9,7.91325393039733,7.99655914306641
1,23.91,7.91658723028377,8.00549983978271
1,23.92,7.9199205301702,8.0186128616333
1,23.93,7.92325383005664,8.02814960479736
1,23.94,7.92658712994307,8.03947448730469
1,23.95,7.92992042982951,8.05199146270752
1,23.96,7.93325372971594,8.06331634521484
1,23.97,7.93658702960238,8.07464122772217
1,23.98,7.93992032948881,8.08298587799072
1,23.99,7.94325362937525,8.09431076049805
1,24,7.94658692926169,8.10146331787109
1,24.01,7.94992022914812,8.11576843261719
1,24.02,7.95325352903456,8.12292098999023
1,24.03,7.95658682892099,8.13126564025879
1,24.04,7.95992012880743,8.14378261566162
1,24.05,7.96325342869386,8.15689563751221
1,24.06,7.9665867285803,8.16762447357178
1,24.07,7.96992002846673,8.18133354187012
1,24.08,7.97325332835317,8.19206237792969
1,24.09,7.9765866282396,8.20398330688477
1,24.1,7.97991992812604,8.21352005004883
1,24.11,7.98325322801247,8.22663307189941
1,24.12,7.98658652789891,8.23497772216797
1,24.13,7.98991982778534,8.24809074401855
1,24.14,7.99325312767178,8.25703144073486
1,24.15,7.99658642755821,8.26537609100342
1,24.16,7.99991972744465,8.27968120574951
1,24.17,8.00325302733108,8.28564167022705
1,24.18,8.00658632721752,8.29994678497314
1,24.19,8.00991962710395,8.30888748168945
1,24.2,8.01325292699039,8.3160400390625
1,24.21,8.01658622687683,8.32617282867432
1,24.22,8.01991952676326,8.33451747894287
1,24.23,8.0232528266497,8.34286212921143
1,24.24,8.02658612653613,8.353590965271
1,24.25,8.02991942642257,8.36312770843506
1,24.26,8.033252726309,8.37028026580811
1,24.27,8.03658602619544,8.38160514831543
1,24.28,8.03991932608187,8.392333984375
1,24.29,8.04325262596831,8.40067863464355
1,24.3,8.04658592585474,8.41319561004639
1,24.31,8.04991922574118,8.42094421386719
1,24.32,8.05325252562761,8.43167304992676
1,24.33,8.05658582551405,8.4376335144043
1,24.34,8.05991912540048,8.44717025756836
1,24.35,8.06325242528692,8.45134258270264
1,24.36,8.06658572517335,8.46147537231445
1,24.37,8.06991902505979,8.47280025482178
1,24.38,8.07325232494623,8.48174095153809
1,24.39,8.07658562483266,8.48710536956787
1,24.4,8.0799189247191,8.49366188049316
1,24.41,8.08325222460553,8.50498676300049
1,24.42,8.08658552449197,8.51213932037354
1,24.43,8.0899188243784,8.52346420288086
1,24.44,8.09325212426484,8.5294246673584
1,24.45,8.09658542415127,8.53896141052246
1,24.46,8.09991872403771,8.54372978210449
1,24.47,8.10325202392414,8.5526704788208
1,24.48,8.10658532381058,8.55684280395508
1,24.49,8.10991862369701,8.56399536132813
1,24.5,8.11325192358345,8.56995582580566
1,24.51,8.11658522346988,8.57234001159668
1,24.52,8.11991852335632,8.57949256896973
1,24.53,8.12325182324276,8.58783721923828
1,24.54,8.12658512312919,8.59439373016357
1,24.55,8.12991842301562,8.60512256622314
1,24.56,8.13325172290206,8.61108303070068
1,24.57,8.13658502278849,8.62300395965576
1,24.58,8.13991832267493,8.62658023834229
1,24.59,8.14325162256137,8.6367130279541
1,24.6,8.1465849224478,8.64505767822266
1,24.61,8.14991822233424,8.65697860717773
1,24.62,8.15325152222067,8.66591930389404
1,24.63,8.15658482210711,8.67843627929688
1,24.64,8.15991812199354,8.69035720825195
1,24.65,8.16325142187998,8.70347023010254
1,24.66,8.16658472176641,8.7130069732666
1,24.67,8.16991802165285,8.72135162353516
1,24.68,8.17325132153928,8.73148441314697
1,24.69,8.17658462142572,8.74161720275879
1,24.7,8.17991792131215,8.74757766723633
1,24.71,8.18325122119859,8.76069068908691
1,24.72,8.18658452108502,8.77261161804199
1,24.73,8.18991782097146,8.78036022186279
1,24.74,8.19325112085789,8.78751277923584
1,24.75,8.19658442074433,8.79585742950439
1,24.76,8.19991772063077,8.80777835845947
1,24.77,8.2032510205172,8.8125467300415
1,24.78,8.20658432040364,8.82327556610107
1,24.79,8.20991762029007,8.83042812347412
1,24.8,8.21325092017651,8.83996486663818
1,24.81,8.21658422006294,8.84711742401123
1,24.82,8.21991751994938,8.85307788848877
1,24.83,8.22325081983581,8.86440277099609
1,24.84,8.22658411972225,8.86857509613037
1,24.85,8.22991741960868,8.87870788574219
1,24.86,8.23325071949512,8.88526439666748
1,24.87,8.23658401938155,8.89062881469727
1,24.88,8.23991731926799,8.89599323272705
1,24.89,8.24325061915443,8.89837741851807
1,24.9,8.24658391904086,8.9031457901001
1,24.91,8.24991721892729,8.9031457901001
1,24.92,8.25325051881373,8.90731811523438
1,24.93,8.25658381870016,8.91149044036865
1,24.94,8.2599171185866,8.91923904418945
1,24.95,8.26325041847304,8.92460346221924
1,24.96,8.26658371835947,8.93235206604004
1,24.97,8.26991701824591,8.93831253051758
1,24.98,8.27325031813234,8.94546508789063
1,24.99,8.27658361801878,8.95500183105469
1,25,8.27991691790521,8.95917415618896
1,25.01,8.28325021779165,8.96811485290527
1,25.02,8.28658351767808,8.97824764251709
1,25.03,8.28991681756452,8.99076461791992
1,25.04,8.29325011745095,9.00030136108398
1,25.05,8.29658341733739,9.0104341506958
1,25.06,8.29991671722382,9.01937484741211
1,25.07,8.30325001711026,9.02831554412842
1,25.08,8.30658331699669,9.041428565979
1,25.09,8.30991661688313,9.05215740203857
1,25.1,8.31324991676956,9.06288623809814
1,25.11,8.316583216656,9.07599925994873
1,25.12,8.31991651654244,9.0867280960083
1,25.13,8.32324981642887,9.10162925720215
1,25.14,8.32658311631531,9.11235809326172
1,25.15,8.32991641620174,9.12308692932129
1,25.16,8.33324971608818,9.13023948669434
1,25.17,8.33658301597461,9.13679599761963
1,25.18,8.33991631586105,9.14871692657471
1,25.19,8.34324961574748,9.15706157684326
1,25.2,8.34658291563392,9.16838645935059
1,25.21,8.34991621552035,9.17196273803711
1,25.22,8.35324951540679,9.18149948120117
1,25.23,8.35658281529322,9.18924808502197
1,25.24,8.35991611517966,9.19997692108154
1,25.25,8.36324941506609,9.20891761779785
1,25.26,8.36658271495253,9.22024250030518
1,25.27,8.36991601483897,9.22501087188721
1,25.28,8.3732493147254,9.23752784729004
1,25.29,8.37658261461183,9.24408435821533
1,25.3,8.37991591449827,9.25421714782715
1,25.31,8.3832492143847,9.26554203033447
1,25.32,8.38658251427114,9.28103923797607
1,25.33,8.38991581415758,9.28997993469238
1,25.34,8.39324911404401,9.29772853851318
1,25.35,8.39658241393045,9.307861328125
1,25.36,8.39991571381688,9.31918621063232
1,25.37,8.40324901370332,9.32872295379639
1,25.38,8.40658231358975,9.34302806854248
1,25.39,8.40991561347619,9.35256481170654
1,25.4,8.41324891336262,9.36448574066162
1,25.41,8.41658221324906,9.37163829803467
1,25.42,8.41991551313549,9.38177108764648
1,25.43,8.42324881302193,9.3919038772583
1,25.44,8.42658211290836,9.39905643463135
1,25.45,8.4299154127948,9.4074010848999
1,25.46,8.43324871268123,9.4139575958252
1,25.47,8.43658201256767,9.42051410675049
1,25.48,8.4399153124541,9.42587852478027
1,25.49,8.44324861234054,9.43303108215332
1,25.5,8.44658191222698,9.44018363952637
1,25.51,8.44991521211341,9.44793224334717
1,25.52,8.45324851199985,9.45568084716797
1,25.53,8.45658181188628,9.45866107940674
1,25.54,8.45991511177272,9.46760177612305
1,25.55,8.46324841165915,9.47356224060059
1,25.56,8.46658171154559,9.48488712310791
1,25.57,8.46991501143202,9.49621200561523
1,25.58,8.47324831131846,9.50396060943604
1,25.59,8.47658161120489,9.51170921325684
1,25.6,8.47991491109133,9.52541828155518
1,25.61,8.48324821097776,9.53853130340576
1,25.62,8.4865815108642,9.54866409301758
1,25.63,8.48991481075064,9.56237316131592
1,25.64,8.49324811063707,9.57250595092773
1,25.65,8.4965814105235,9.58144664764404
1,25.66,8.49991471040994,9.5897912979126
1,25.67,8.50324801029637,9.59873199462891
1,25.68,8.50658131018281,9.60826873779297
1,25.69,8.50991461006925,9.61482524871826
1,25.7,8.51324790995568,9.6207857131958
1,25.71,8.51658120984212,9.62913036346436
1,25.72,8.51991450972855,9.63926315307617
1,25.73,8.52324780961499,9.65118408203125
1,25.74,8.52658110950142,9.65893268585205
1,25.75,8.52991440938786,9.66846942901611
1,25.76,8.53324770927429,9.67621803283691
1,25.77,8.53658100916073,9.68873500823975
1,25.78,8.53991430904716,9.69946384429932
1,25.79,8.5432476089336,9.70959663391113
1,25.8,8.54658090882003,9.71615314483643
1,25.81,8.54991420870647,9.7280740737915
1,25.82,8.5532475085929,9.73701477050781
1,25.83,8.55658080847934,9.74655151367188
1,25.84,8.55991410836577,9.75370407104492
1,25.85,8.56324740825221,9.76383686065674
1,25.86,8.56658070813865,9.77635383605957
1,25.87,8.56991400802508,9.78231430053711
1,25.88,8.57324730791152,9.79185104370117
1,25.89,8.57658060779795,9.80138778686523
1,25.9,8.57991390768439,9.81450080871582
1,25.91,8.58324720757082,9.8186731338501
1,25.92,8.58658050745726,9.83119010925293
1,25.93,8.58991380734369,9.84132289886475
1,25.94,8.59324710723013,9.85324382781982
1,25.95,8.59658040711656,9.8651647567749
1,25.96,8.599913707003,9.879469871521
1,25.97,8.60324700688943,9.89317893981934
1,25.98,8.60658030677587,9.90033149719238
1,25.99,8.6099136066623,9.91284847259521
1,26,8.61324690654874,9.92536544799805
1,26.01,8.61658020643518,9.93907451629639
1,26.02,8.61991350632161,9.94503498077393
1,26.03,8.62324680620804,9.96291637420654
1,26.04,8.62658010609448,9.97602939605713
1,26.05,8.62991340598091,9.98377799987793
1,26.06,8.63324670586735,9.99510288238525
1,26.07,8.63658000575379,10.0016593933105
1,26.08,8.63991330564022,10.0147724151611
1,26.09,8.64324660552666,10.029673576355
1,26.1,8.64657990541309,10.039210319519
1,26.11,8.64991320529953,10.0499391555786
1,26.12,8.65324650518596,10.0588798522949
1,26.13,8.6565798050724,10.068416595459
1,26.14,8.65991310495883,10.0767612457275
1,26.15,8.66324640484527,10.0851058959961
1,26.16,8.6665797047317,10.0964307785034
1,26.17,8.66991300461814,10.1029872894287
1,26.18,8.67324630450457,10.1089477539063
1,26.19,8.67657960439101,10.1137161254883
1,26.2,8.67991290427744,10.1250410079956
1,26.21,8.68324620416388,10.1310014724731
1,26.22,8.68657950405031,10.1369619369507
1,26.23,8.68991280393675,10.1447105407715
1,26.24,8.69324610382319,10.1548433303833
1,26.25,8.69657940370962,10.1631879806519
1,26.26,8.69991270359606,10.1685523986816
1,26.27,8.70324600348249,10.1763010025024
1,26.28,8.70657930336893,10.1816654205322
1,26.29,8.70991260325536,10.1852416992188
1,26.3,8.7132459031418,10.1947784423828
1,26.31,8.71657920302823,10.1953744888306
1,26.32,8.71991250291467,10.2061033248901
1,26.33,8.7232458028011,10.2114677429199
1,26.34,8.72657910268754,10.2150440216064
1,26.35,8.72991240257397,10.2239847183228
1,26.36,8.73324570246041,10.2293491363525
1,26.37,8.73657900234685,10.2341175079346
1,26.38,8.73991230223328,10.2382898330688
1,26.39,8.74324560211971,10.2484226226807
1,26.4,8.74657890200615,10.2561712265015
1,26.41,8.74991220189258,10.26451587677
1,26.42,8.75324550177902,10.2722644805908
1,26.43,8.75657880166546,10.2800130844116
1,26.44,8.75991210155189,10.2925300598145
1,26.45,8.76324540143833,10.3026628494263
1,26.46,8.76657870132476,10.3151798248291
1,26.47,8.7699120012112,10.3199481964111
1,26.48,8.77324530109763,10.3318691253662
1,26.49,8.77657860098407,10.3431940078735
1,26.5,8.7799119008705,10.3491544723511
1,26.51,8.78324520075694,10.3569030761719
1,26.52,8.78657850064337,10.3658437728882
1,26.53,8.78991180052981,10.3753805160522
1,26.54,8.79324510041624,10.3837251663208
1,26.55,8.79657840030268,10.3873014450073
1,26.56,8.79991170018911,10.3962421417236
1,26.57,8.80324500007555,10.4063749313354
1,26.58,8.80657829996198,10.407567024231
1,26.59,8.80991159984842,10.4159116744995
1,26.6,8.81324489973486,10.4284286499023
1,26.61,8.81657819962129,10.4355812072754
1,26.62,8.81991149950773,10.4469060897827
1,26.63,8.82324479939416,10.4546546936035
1,26.64,8.8265780992806,10.4659795761108
1,26.65,8.82991139916703,10.4737281799316
1,26.66,8.83324469905347,10.4814767837524
1,26.67,8.8365779989399,10.4904174804688
1,26.68,8.83991129882634,10.5029344558716
1,26.69,8.84324459871277,10.5148553848267
1,26.7,8.84657789859921,10.5273723602295
1,26.71,8.84991119848564,10.5392932891846
1,26.72,8.85324449837208,10.5482339859009
1,26.73,8.85657779825851,10.5565786361694
1,26.74,8.85991109814495,10.5702877044678
1,26.75,8.86324439803139,10.5816125869751
1,26.76,8.86657769791782,10.5929374694824
1,26.77,8.86991099780425,10.6048583984375
1,26.78,8.87324429769069,10.6090307235718
1,26.79,8.87657759757712,10.6221437454224
1,26.8,8.87991089746356,10.6358528137207
1,26.81,8.88324419735,10.6483697891235
1,26.82,8.88657749723643,10.6620788574219
1,26.83,8.8932440970093,10.676383972168
1,26.85,8.89657739689574,10.7008218765259
1,26.86,8.89991069678217,10.719895362854
1,26.87,8.90324399666861,10.7324123382568
1,26.88,8.90991059644148,10.7473134994507
1,26.89,8.91324389632791,10.7574462890625
1,26.91,8.91657719621435,10.7890367507935
1,26.92,8.92324379598722,10.797381401062
1,26.93,8.92657709587365,10.8128786087036
1,26.94,8.92991039576009,10.8247995376587
1,26.95,8.93324369564652,10.836124420166
1,26.97,8.93657699553296,10.8557939529419
1,26.98,8.94324359530583,10.8671188354492
1,26.99,8.94657689519227,10.877251625061
1,27,8.9499101950787,10.8867883682251
1,27.01,8.95324349496514,10.8987092971802
1,27.02,8.95657679485157,10.9100341796875
1,27.03,8.95991009473801,10.9207630157471
1,27.04,8.96324339462444,10.9314918518066
1,27.05,8.96657669451088,10.9368562698364
1,27.06,8.96990999439731,10.952353477478
1,27.07,8.97324329428375,10.9589099884033
1,27.08,8.97657659417018,10.9684467315674
1,27.09,8.97990989405662,10.9708309173584
1,27.1,8.98324319394306,10.9821557998657
1,27.11,8.98657649382949,10.9899044036865
1,27.12,8.98990979371592,10.9982490539551
1,27.13,8.99324309360236,11.0054016113281
1,27.14,8.99657639348879,11.0059976577759
1,27.15,8.99990969337523,11.0149383544922
1,27.16,9.00324299326167,11.022686958313
1,27.17,9.0065762931481,11.029839515686
1,27.18,9.00990959303454,11.0387802124023
1,27.19,9.01324289292097,11.0477209091187
1,27.2,9.01657619280741,11.0602378845215
1,27.21,9.01990949269384,11.0703706741333
1,27.22,9.02324279258028,11.0816955566406
1,27.23,9.02657609246671,11.0936164855957
1,27.24,9.02990939235315,11.1019611358643
1,27.25,9.03324269223958,11.1109018325806
1,27.26,9.03657599212602,11.1240148544312
1,27.27,9.03990929201245,11.1305713653564
1,27.28,9.04324259189889,11.1442804336548
1,27.29,9.04657589178532,11.1550092697144
1,27.3,9.04990919167176,11.1663341522217
1,27.31,9.05324249155819,11.1746788024902
1,27.32,9.05657579144463,11.1854076385498
1,27.33,9.05990909133107,11.1901760101318
1,27.34,9.0632423912175,11.2009048461914
1,27.35,9.06657569110394,11.2134218215942
1,27.36,9.06990899099037,11.2241506576538
1,27.37,9.07324229087681,11.2324953079224
1,27.38,9.07657559076324,11.2450122833252
1,27.39,9.07990889064968,11.2545490264893
1,27.4,9.08324219053611,11.2617015838623
1,27.41,9.08657549042255,11.2724304199219
1,27.42,9.08990879030898,11.2760066986084
1,27.43,9.09324209019542,11.2885236740112
1,27.44,9.09657539008185,11.2920999526978
1,27.45,9.09990868996829,11.2974643707275
1,27.46,9.10324198985472,11.3070011138916
1,27.47,9.10657528974116,11.3129615783691
1,27.48,9.1099085896276,11.3213062286377
1,27.49,9.11324188951403,11.3284587860107
1,27.5,9.11657518940046,11.3368034362793
1,27.51,9.1199084892869,11.3427639007568
1,27.52,9.12324178917333,11.3517045974731
1,27.53,9.12657508905977,11.3636255264282
1,27.54,9.12990838894621,11.3755464553833
1,27.55,9.13324168883264,11.3874673843384
1,27.56,9.13657498871908,11.3993883132935
1,27.57,9.13990828860551,11.4071369171143
1,27.58,9.14324158849195,11.4232301712036
1,27.59,9.14657488837838,11.4321708679199
1,27.6,9.14990818826482,11.446475982666
1,27.61,9.15324148815125,11.4566087722778
1,27.62,9.15657478803769,11.4649534225464
1,27.63,9.15990808792412,11.4750862121582
1,27.64,9.16324138781056,11.48521900177
1,27.65,9.16657468769699,11.4965438842773
1,27.66,9.16990798758343,11.5066766738892
1,27.67,9.17324128746986,11.519193649292
1,27.68,9.1765745873563,11.5257501602173
1,27.69,9.17990788724273,11.5364789962769
1,27.7,9.18324118712917,11.5478038787842
1,27.71,9.18657448701561,11.5573406219482
1,27.72,9.18990778690204,11.5662813186646
1,27.73,9.19324108678848,11.5793943405151
1,27.74,9.19657438667491,11.5907192230225
1,27.75,9.19990768656135,11.599063873291
1,27.76,9.20324098644778,11.6020441055298
1,27.77,9.20657428633422,11.6157531738281
1,27.78,9.20990758622065,11.6246938705444
1,27.79,9.21324088610709,11.6336345672607
1,27.8,9.21657418599352,11.6443634033203
1,27.81,9.21990748587996,11.6539001464844
1,27.82,9.22324078576639,11.6676092147827
1,27.83,9.22657408565283,11.6753578186035
1,27.84,9.22990738553927,11.6878747940063
1,27.85,9.2332406854257,11.6968154907227
1,27.86,9.23657398531213,11.7009878158569
1,27.87,9.23990728519857,11.7099285125732
1,27.88,9.243240585085,11.7194652557373
1,27.89,9.24657388497144,11.7266178131104
1,27.9,9.24990718485788,11.7331743240356
1,27.91,9.25324048474431,11.742115020752
1,27.92,9.25657378463075,11.7450952529907
1,27.93,9.25990708451718,11.7570161819458
1,27.94,9.26324038440362,11.7665529251099
1,27.95,9.26657368429005,11.7754936218262
1,27.96,9.26990698417649,11.7850303649902
1,27.97,9.27324028406292,11.7969512939453
1,27.98,9.27657358394936,11.8011236190796
1,27.99,9.27990688383579,11.8142366409302
1,28,9.28324018372223,11.8261575698853
1,28.01,9.28657348360866,11.8350982666016
1,28.02,9.2899067834951,11.8476152420044
1,28.03,9.29324008338153,11.8505954742432
1,28.04,9.29657338326797,11.8589401245117
1,28.05,9.2999066831544,11.8666887283325
1,28.06,9.30323998304084,11.8744373321533
1,28.07,9.30657328292728,11.8833780288696
1,28.08,9.30990658281371,11.8988752365112
1,28.09,9.31323988270015,11.906623840332
1,28.1,9.31657318258658,11.9215250015259
1,28.11,9.31990648247302,11.933445930481
1,28.12,9.32323978235945,11.9465589523315
1,28.13,9.32657308224589,11.9650363922119
1,28.14,9.32990638213232,11.9799375534058
1,28.15,9.33323968201876,11.9948387145996
1,28.16,9.33657298190519,12.0049715042114
1,28.17,9.33990628179163,12.022852897644
1,28.18,9.34323958167806,12.0335817337036
1,28.19,9.3465728815645,12.049674987793
1,28.2,9.34990618145093,12.054443359375
1,28.21,9.35323948133737,12.0657682418823
1,28.22,9.35657278122381,12.0788812637329
1,28.23,9.35990608111024,12.0890140533447
1,28.24,9.36323938099667,12.1021270751953
1,28.25,9.36657268088311,12.1176242828369
1,28.26,9.36990598076954,12.1331214904785
1,28.27,9.37323928065598,12.1426582336426
1,28.28,9.37657258054242,12.1569633483887
1,28.29,9.37990588042885,12.170672416687
1,28.3,9.38323918031529,12.1843814849854
1,28.31,9.38657248020172,12.1939182281494
1,28.32,9.38990578008816,12.2082233428955
1,28.33,9.39323907997459,12.211799621582
1,28.34,9.39657237986103,12.2231245040894
1,28.35,9.39990567974746,12.2284889221191
1,28.36,9.4032389796339,12.2392177581787
1,28.37,9.40657227952033,12.2475624084473
1,28.38,9.40990557940677,12.2499465942383
1,28.39,9.4132388792932,12.2612714767456
1,28.4,9.41657217917964,12.2684240341187
1,28.41,9.41990547906607,12.2785568237305
1,28.42,9.42323877895251,12.286901473999
1,28.43,9.42657207883894,12.3023986816406
1,28.44,9.42990537872538,12.3143196105957
1,28.45,9.43323867861182,12.3202800750732
1,28.46,9.43657197849825,12.3298168182373
1,28.47,9.43990527838469,12.3411417007446
1,28.48,9.44323857827112,12.3465061187744
1,28.49,9.44657187815756,12.362003326416
1,28.5,9.44990517804399,12.3757123947144
1,28.51,9.45323847793043,12.3858451843262
1,28.52,9.45657177781686,12.3947858810425
1,28.53,9.4599050777033,12.4084949493408
1,28.54,9.46323837758973,12.4198198318481
1,28.55,9.46657167747617,12.4311447143555
1,28.56,9.4699049773626,12.441873550415
1,28.57,9.47323827724904,12.4466419219971
1,28.58,9.47657157713548,12.4639272689819
1,28.59,9.47990487702191,12.4716758728027
1,28.6,9.48323817690834,12.4818086624146
1,28.61,9.48657147679478,12.4937295913696
1,28.62,9.48990477668121,12.5014781951904
1,28.63,9.49323807656765,12.5128030776978
1,28.64,9.49657137645409,12.5253200531006
1,28.65,9.49990467634052,12.5360488891602
1,28.66,9.50323797622696,12.548565864563
1,28.67,9.50657127611339,12.5592947006226
1,28.68,9.50990457599983,12.5700235366821
1,28.69,9.51323787588626,12.5795602798462
1,28.7,9.5165711757727,12.5926733016968
1,28.71,9.51990447565913,12.6057863235474
1,28.72,9.52323777554557,12.6200914382935
1,28.73,9.526571075432,12.6320123672485
1,28.74,9.52990437531844,12.6451253890991
1,28.75,9.53323767520487,12.6552581787109
1,28.76,9.53657097509131,12.6689672470093
1,28.77,9.53990427497774,12.6868486404419
1,28.78,9.54323757486418,12.6993656158447
1,28.79,9.54657087475061,12.7172470092773
1,28.8,9.54990417463705,12.7345323562622
1,28.81,9.55323747452349,12.7553939819336
1,28.82,9.55657077440992,12.7696990966797
1,28.83,9.55990407429636,12.7881765365601
1,28.84,9.56323737418279,12.8036737442017
1,28.85,9.56657067406923,12.819766998291
1,28.86,9.56990397395566,12.8328800201416
1,28.87,9.5732372738421,12.8459930419922
1,28.88,9.57657057372853,12.8579139709473
1,28.89,9.57990387361497,12.8698348999023
1,28.9,9.5832371735014,12.8829479217529
1,28.91,9.58657047338784,12.8930807113647
1,28.92,9.58990377327427,12.9061937332153
1,28.93,9.59323707316071,12.9139423370361
1,28.94,9.59657037304714,12.9228830337524
1,28.95,9.59990367293358,12.9270553588867
1,28.96,9.60323697282002,12.938380241394
1,28.97,9.60657027270645,12.9497051239014
1,28.98,9.60990357259288,12.9550695419312
1,28.99,9.61323687247932,12.962818145752
1,29,9.61657017236575,12.9741430282593
1,29.01,9.61990347225219,12.9836797714233
1,29.02,9.62323677213863,12.9914283752441
1,29.03,9.62657007202506,12.9991769790649
1,29.04,9.6299033719115,13.0027532577515
1,29.05,9.63323667179793,13.013482093811
1,29.06,9.63656997168437,13.0146741867065
1,29.07,9.6399032715708,13.0230188369751
1,29.08,9.64323657145724,13.0248069763184
1,29.09,9.64656987134367,13.0307674407959
1,29.1,9.64990317123011,13.0313634872437
1,29.11,9.65323647111654,13.0349397659302
1,29.12,9.65656977100298,13.0367279052734
1,29.13,9.65990307088941,13.0391120910645
1,29.14,9.66323637077585,13.042688369751
1,29.15,9.66656967066228,13.0486488342285
1,29.16,9.66990297054872,13.0540132522583
1,29.17,9.67323627043515,13.0510330200195
1,29.18,9.67656957032159,13.0587816238403
1,29.19,9.67990287020803,13.0581855773926
1,29.2,9.68323617009446,13.0683183670044
1,29.21,9.6865694699809,13.0730867385864
1,29.22,9.68990276986733,13.081431388855
1,29.23,9.69323606975377,13.086199760437
1,29.24,9.6965693696402,13.0927562713623
1,29.25,9.69990266952664,13.0993127822876
1,29.26,9.70323596941307,13.1118297576904
1,29.27,9.70656926929951,13.1165981292725
1,29.28,9.70990256918594,13.1213665008545
1,29.29,9.71323586907238,13.1255388259888
1,29.3,9.71656916895881,13.1314992904663
1,29.31,9.71990246884525,13.1320953369141
1,29.32,9.72323576873169,13.1410360336304
1,29.33,9.72656906861812,13.1440162658691
1,29.34,9.72990236850456,13.1517648696899
1,29.35,9.73323566839099,13.1493806838989
1,29.36,9.73656896827742,13.156533241272
1,29.37,9.73990226816386,13.1607055664063
1,29.38,9.7432355680503,13.1666660308838
1,29.39,9.74656886793673,13.1720304489136
1,29.4,9.74990216782317,13.1779909133911
1,29.41,9.7532354677096,13.1839513778687
1,29.42,9.75656876759604,13.192892074585
1,29.43,9.75990206748247,13.2071971893311
1,29.44,9.76323536736891,13.2191181182861
1,29.45,9.76656866725534,13.2280588150024
1,29.46,9.76990196714178,13.2405757904053
1,29.47,9.77323526702821,13.2471323013306
1,29.48,9.77656856691465,13.2572650909424
1,29.49,9.77990186680108,13.267993927002
1,29.5,9.78323516668752,13.2805109024048
1,29.51,9.78656846657395,13.2888555526733
1,29.52,9.78990176646039,13.2972002029419
1,29.53,9.79323506634682,13.3043527603149
1,29.54,9.79656836623326,13.3121013641357
1,29.55,9.7999016661197,13.3210420608521
1,29.56,9.80323496600613,13.3305788040161
1,29.57,9.80656826589257,13.3389234542847
1,29.58,9.809901565779,13.3472681045532
1,29.59,9.81323486566544,13.3585929870605
1,29.6,9.81656816555187,13.3633613586426
1,29.61,9.81990146543831,13.3734941482544
1,29.62,9.82323476532474,13.384222984314
1,29.63,9.82656806521118,13.3979320526123
1,29.64,9.82990136509761,13.4110450744629
1,29.65,9.83323466498405,13.4259462356567
1,29.66,9.83656796487048,13.4384632110596
1,29.67,9.83990126475692,13.4575366973877
1,29.68,9.84323456464335,13.4748220443726
1,29.69,9.84656786452979,13.4962797164917
1,29.7,9.84990116441623,13.5171413421631
1,29.71,9.85323446430266,13.5338306427002
1,29.72,9.85656776418909,13.5523080825806
1,29.73,9.85990106407553,13.5713815689087
1,29.74,9.86323436396196,13.5886669158936
1,29.75,9.8665676638484,13.6083364486694
1,29.76,9.86990096373484,13.6232376098633
1,29.77,9.87323426362127,13.6381387710571
1,29.78,9.87656756350771,13.6548280715942
1,29.79,9.87990086339414,13.6739015579224
1,29.8,9.88323416328058,13.6828422546387
1,29.81,9.88656746316701,13.7019157409668
1,29.82,9.88990076305345,13.7197971343994
1,29.83,9.89323406293988,13.735294342041
1,29.84,9.89656736282632,13.7537717819214
1,29.85,9.89990066271275,13.7680768966675
1,29.86,9.90323396259919,13.7835741043091
1,29.87,9.90656726248562,13.7978792190552
1,29.88,9.90990056237206,13.8092041015625
1,29.89,9.91323386225849,13.8247013092041
1,29.9,9.91656716214493,13.8318538665771
1,29.91,9.91990046203136,13.8485431671143
1,29.92,9.9232337619178,13.8640403747559
1,29.93,9.92656706180424,13.8747692108154
1,29.94,9.92990036169067,13.8825178146362
1,29.95,9.93323366157711,13.8920545578003
1,29.96,9.93656696146354,13.9027833938599
1,29.97,9.93990026134998,13.9153003692627
1,29.98,9.94323356123641,13.9200687408447
1,29.99,9.94656686112285,13.9296054840088
1,30,9.94990016100928,13.9367580413818
1,30.01,9.95323346089572,13.9373540878296
1,30.02,9.95656676078215,13.9492750167847
1,30.03,9.95990006066859,13.9570236206055
1,30.04,9.96323336055502,13.9701366424561
1,30.05,9.96656666044146,13.9820575714111
1,30.06,9.9698999603279,13.994574546814
1,30.07,9.97323326021433,14.001727104187
1,30.08,9.97656656010077,14.0160322189331
1,30.09,9.9798998599872,14.0279531478882
1,30.1,9.98323315987363,14.0440464019775
1,30.11,9.98656645976007,14.0595436096191
1,30.12,9.98989975964651,14.0714645385742
1,30.13,9.99323305953294,14.081597328186
1,30.14,9.99656635941938,14.1000747680664
1,30.15,9.99989965930581,14.1149759292603
1,30.16,10.0032329591922,14.1310691833496
1,30.17,10.0065662590787,14.1423940658569
1,30.18,10.0098995589651,14.1555070877075
1,30.19,10.0132328588516,14.1674280166626
1,30.2,10.016566158738,14.1811370849609
1,30.21,10.0198994586244,14.1894817352295
1,30.22,10.0232327585109,14.2019987106323
1,30.23,10.0265660583973,14.2121315002441
1,30.24,10.0298993582837,14.2192840576172
1,30.25,10.0332326581702,14.2240524291992
1,30.26,10.0365659580566,14.2329931259155
1,30.27,10.039899257943,14.2425298690796
1,30.28,10.0432325578295,14.2520666122437
1,30.29,10.0465658577159,14.2574310302734
1,30.3,10.0498991576023,14.2621994018555
1,30.31,10.0532324574888,14.2663717269897
1,30.32,10.0565657573752,14.2717361450195
1,30.33,10.0598990572616,14.2830610275269
1,30.34,10.0632323571481,14.2908096313477
1,30.35,10.0665656570345,14.2973661422729
1,30.36,10.069898956921,14.3080949783325
1,30.37,10.0732322568074,14.3188238143921
1,30.38,10.0765655566938,14.3301486968994
1,30.39,10.0798988565803,14.3486261367798
1,30.4,10.0832321564667,14.3623352050781
1,30.41,10.0865654563531,14.3742561340332
1,30.42,10.0898987562396,14.386773109436
1,30.43,10.093232056126,14.4010782241821
1,30.44,10.0965653560124,14.4171714782715
1,30.45,10.0998986558989,14.4290924072266
1,30.46,10.1032319557853,14.4469738006592
1,30.47,10.1098985555582,14.4612789154053
1,30.48,10.1132318554446,14.4731998443604
1,30.5,10.116565155331,14.4904851913452
1,30.51,10.1198984552175,14.498233795166
1,30.52,10.1232317551039,14.5107507705688
1,30.53,10.1298983548768,14.5113468170166
1,30.54,10.1332316547632,14.5232677459717
1,30.56,10.1365649546497,14.5411491394043
1,30.57,10.1432315544225,14.5488977432251
1,30.58,10.146564854309,14.5578384399414
1,30.59,10.1498981541954,14.5673751831055
1,30.6,10.1532314540818,14.5787000656128
1,30.62,10.1598980538547,14.6007537841797
1,30.63,10.1632313537411,14.6108865737915
1,30.64,10.1665646536276,14.6234035491943
1,30.65,10.169897953514,14.6353244781494
1,30.66,10.1732312534004,14.650821685791
1,30.67,10.1765645532869,14.6585702896118
1,30.68,10.1798978531733,14.6704912185669
1,30.69,10.1832311530598,14.6830081939697
1,30.7,10.1865644529462,14.6937370300293
1,30.71,10.1898977528326,14.7050619125366
1,30.72,10.1932310527191,14.7163867950439
1,30.73,10.1965643526055,14.7294998168945
1,30.74,10.1998976524919,14.7408246994019
1,30.75,10.2032309523784,14.7461891174316
1,30.76,10.2065642522648,14.7593021392822
1,30.77,10.2098975521512,14.7640705108643
1,30.78,10.2132308520377,14.7688388824463
1,30.79,10.2165641519241,14.7771835327148
1,30.8,10.2198974518105,14.7819519042969
1,30.81,10.223230751697,14.7950649261475
1,30.82,10.2265640515834,14.803409576416
1,30.83,10.2298973514698,14.8093700408936
1,30.84,10.2332306513563,14.8189067840576
1,30.85,10.2365639512427,14.8177146911621
1,30.86,10.2398972511292,14.8308277130127
1,30.87,10.2432305510156,14.8332118988037
1,30.88,10.246563850902,14.8415565490723
1,30.89,10.2498971507885,14.8499011993408
1,30.9,10.2532304506749,14.8606300354004
1,30.91,10.2565637505613,14.8665904998779
1,30.92,10.2598970504478,14.878511428833
1,30.93,10.2632303503342,14.8963928222656
1,30.94,10.2665636502206,14.9118900299072
1,30.95,10.2698969501071,14.9285793304443
1,30.96,10.2732302499935,14.946460723877
1,30.97,10.2765635498799,14.9643421173096
1,30.98,10.2798968497664,14.9846076965332
1,30.99,10.2832301496528,15.0060653686523
1,31,10.2865634495392,15.026330947876
1,31.01,10.2898967494257,15.0501728057861
1,31.02,10.2932300493121,15.0644779205322
1,31.03,10.2965633491986,15.0883197784424
1,31.04,10.299896649085,15.0978565216064
1,31.05,10.3032299489714,15.1205062866211
1,31.06,10.3065632488579,15.1240825653076
1,31.07,10.3098965487443,15.1503086090088
1,31.08,10.3132298486307,15.1658058166504
1,31.09,10.3165631485172,15.1872634887695
1,31.1,10.3198964484036,15.1920318603516
1,31.11,10.32322974829,15.2122974395752
1,31.12,10.3265630481765,15.2218341827393
1,31.13,10.3298963480629,15.2385234832764
1,31.14,10.3332296479493,15.2432918548584
1,31.15,10.3365629478358,15.256404876709
1,31.16,10.3398962477222,15.265941619873
1,31.17,10.3432295476086,15.2790546417236
1,31.18,10.3465628474951,15.2897834777832
1,31.19,10.3498961473815,15.2981281280518
1,31.2,10.3532294472679,15.3040885925293
1,31.21,10.3565627471544,15.3172016143799
1,31.22,10.3598960470408,15.3303146362305
1,31.23,10.3632293469273,15.329122543335
1,31.24,10.3665626468137,15.3505802154541
1,31.25,10.3698959467001,15.3577327728271
1,31.26,10.3732292465866,15.3720378875732
1,31.27,10.376562546473,15.3815746307373
1,31.28,10.3798958463594,15.404224395752
1,31.29,10.3832291462459,15.408992767334
1,31.3,10.3865624461323,15.4268741607666
1,31.31,10.3898957460187,15.4435634613037
1,31.32,10.3932290459052,15.4554843902588
1,31.33,10.3965623457916,15.4650211334229
1,31.34,10.399895645678,15.48171043396
1,31.35,10.4032289455645,15.486478805542
1,31.36,10.4065622454509,15.5055522918701
1,31.37,10.4098955453373,15.5127048492432
1,31.38,10.4132288452238,15.5222415924072
1,31.39,10.4165621451102,15.5365467071533
1,31.4,10.4198954449967,15.5401229858398
1,31.41,10.4232287448831,15.556812286377
1,31.42,10.4265620447695,15.568733215332
1,31.43,10.429895344656,15.5746936798096
1,31.44,10.4332286445424,15.5842304229736
1,31.45,10.4365619444288,15.5925750732422
1,31.46,10.4398952443153,15.6033039093018
1,31.47,10.4432285442017,15.6152248382568
1,31.48,10.4465618440881,15.6247615814209
1,31.49,10.4498951439746,15.634298324585
1,31.5,10.453228443861,15.6509876251221
1,31.51,10.4565617437474,15.6509876251221
1,31.52,10.4598950436339,15.6736373901367
1,31.53,10.4632283435203,15.6784057617188
1,31.54,10.4665616434067,15.6962871551514
1,31.55,10.4698949432932,15.7058238983154
1,31.56,10.4732282431796,15.721321105957
1,31.57,10.4765615430661,15.7415866851807
1,31.58,10.4798948429525,15.7463550567627
1,31.59,10.4832281428389,15.7618522644043
1,31.6,10.4865614427254,15.7773494720459
1,31.61,10.4898947426118,15.7880783081055
1,31.62,10.4932280424982,15.8047676086426
1,31.63,10.4965613423847,15.8143043518066
1,31.64,10.4998946422711,15.8214569091797
1,31.65,10.5032279421575,15.8369541168213
1,31.66,10.506561242044,15.8476829528809
1,31.67,10.5098945419304,15.861988067627
1,31.68,10.5132278418168,15.8751010894775
1,31.69,10.5165611417033,15.8846378326416
1,31.7,10.5198944415897,15.9025192260742
1,31.71,10.5232277414761,15.9263610839844
1,31.72,10.5265610413626,15.9370899200439
1,31.73,10.529894341249,15.9537792205811
1,31.74,10.5332276411355,15.9657001495361
1,31.75,10.5365609410219,15.9788131713867
1,31.76,10.5398942409083,15.9978866577148
1,31.77,10.5432275407948,16.0098075866699
1,31.78,10.5465608406812,16.0205364227295
1,31.79,10.5498941405676,16.0372257232666
1,31.8,10.5532274404541,16.0431861877441
1,31.81,10.5565607403405,16.0574913024902
1,31.82,10.5598940402269,16.0670280456543
1,31.83,10.5632273401134,16.0801410675049
1,31.84,10.5665606399998,16.0884857177734
1,31.85,10.5698939398862,16.0980224609375
1,31.86,10.5732272397727,16.1099433898926
1,31.87,10.5765605396591,16.1230564117432
1,31.88,10.5798938395455,16.1302089691162
1,31.89,10.583227139432,16.1457061767578
1,31.9,10.5865604393184,16.1588191986084
1,31.91,10.5898937392049,16.1731243133545
1,31.92,10.5932270390913,16.1826610565186
1,31.93,10.5965603389777,16.1933898925781
1,31.94,10.5998936388642,16.2076950073242
1,31.95,10.6032269387506,16.2208080291748
1,31.96,10.606560238637,16.2327289581299
1,31.97,10.6098935385235,16.249418258667
1,31.98,10.6132268384099,16.2553787231445
1,31.99,10.6165601382963,16.2672996520996
1,32,10.6198934381828,16.2887573242188
1,32.01,10.6232267380692,16.2982940673828
1,32.02,10.6265600379556,16.3161754608154
1,32.03,10.6298933378421,16.329288482666
1,32.04,10.6332266377285,16.3412094116211
1,32.05,10.6365599376149,16.3543224334717
1,32.06,10.6398932375014,16.3578987121582
1,32.07,10.6432265373878,16.3805484771729
1,32.08,10.6465598372743,16.3936614990234
1,32.09,10.6498931371607,16.4103507995605
1,32.1,10.6532264370471,16.4198875427246
1,32.11,10.6565597369336,16.4377689361572
1,32.12,10.65989303682,16.4484977722168
1,32.13,10.6632263367064,16.4663791656494
1,32.14,10.6665596365929,16.4783000946045
1,32.15,10.6698929364793,16.4949893951416
1,32.16,10.6732262363657,16.4997577667236
1,32.17,10.6765595362522,16.5176391601563
1,32.18,10.6798928361386,16.5283679962158
1,32.19,10.683226136025,16.5367126464844
1,32.2,10.6865594359115,16.5474414825439
1,32.21,10.6898927357979,16.549825668335
1,32.22,10.6932260356843,16.56174659729
1,32.23,10.6965593355708,16.5665149688721
1,32.24,10.6998926354572,16.5772438049316
1,32.25,10.7032259353437,16.5891647338867
1,32.26,10.7065592352301,16.6022777557373
1,32.27,10.7098925351165,16.6106224060059
1,32.28,10.713225835003,16.6261196136475
1,32.29,10.7165591348894,16.6285037994385
1,32.3,10.7198924347758,16.6499614715576
1,32.31,10.7232257346623,16.6642665863037
1,32.32,10.7265590345487,16.6821479797363
1,32.33,10.7298923344351,16.6952610015869
1,32.34,10.7332256343216,16.7131423950195
1,32.35,10.736558934208,16.7322158813477
1,32.36,10.7398922340944,16.7381763458252
1,32.37,10.7432255339809,16.7524814605713
1,32.38,10.7465588338673,16.7703628540039
1,32.39,10.7498921337537,16.787052154541
1,32.4,10.7532254336402,16.8001651763916
1,32.41,10.7565587335266,16.8132781982422
1,32.42,10.7598920334131,16.8263912200928
1,32.43,10.7632253332995,16.8418884277344
1,32.44,10.7665586331859,16.8526172637939
1,32.45,10.7698919330724,16.8752670288086
1,32.46,10.7732252329588,16.8871879577637
1,32.47,10.7765585328452,16.8967247009277
1,32.48,10.7798918327317,16.9003009796143
1,32.49,10.7832251326181,16.9134140014648
1,32.5,10.7865584325045,16.9229507446289
1,32.51,10.789891732391,16.934871673584
1,32.52,10.7932250322774,16.9456005096436
1,32.53,10.7965583321638,16.9527530670166
1,32.54,10.7998916320503,16.9777870178223
1,32.55,10.8032249319367,16.9825553894043
1,32.56,10.8065582318231,17.0004367828369
1,32.57,10.8098915317096,17.009973526001
1,32.58,10.813224831596,17.0242786407471
1,32.59,10.8165581314825,17.0397758483887
1,32.6,10.8198914313689,17.0600414276123
1,32.61,10.8232247312553,17.0731544494629
1,32.62,10.8265580311418,17.092227935791
1,32.63,10.8298913310282,17.0958042144775
1,32.64,10.8332246309146,17.1124935150146
1,32.65,10.8365579308011,17.1267986297607
1,32.66,10.8398912306875,17.1375274658203
1,32.67,10.8432245305739,17.1434879302979
1,32.68,10.8465578304604,17.1613693237305
1,32.69,10.8498911303468,17.1661376953125
1,32.7,10.8532244302332,17.1816349029541
1,32.71,10.8565577301197,17.1935558319092
1,32.72,10.8598910300061,17.2019004821777
1,32.73,10.8632243298925,17.2102451324463
1,32.74,10.866557629779,17.2197818756104
1,32.75,10.8698909296654,17.2293186187744
1,32.76,10.8732242295519,17.240047454834
1,32.77,10.8765575294383,17.2531604766846
1,32.78,10.8798908293247,17.2603130340576
1,32.79,10.8832241292112,17.2865390777588
1,32.8,10.8865574290976,17.2960758209229
1,32.81,10.889890728984,17.3091888427734
1,32.82,10.8932240288705,17.319917678833
1,32.83,10.8965573287569,17.3318386077881
1,32.84,10.8998906286433,17.3425674438477
1,32.85,10.9032239285298,17.3556804656982
1,32.86,10.9065572284162,17.3676013946533
1,32.87,10.9098905283026,17.3819065093994
1,32.88,10.9132238281891,17.392635345459
1,32.89,10.9165571280755,17.4057483673096
1,32.9,10.9198904279619,17.4129009246826
1,32.91,10.9232237278484,17.4283981323242
1,32.92,10.9265570277348,17.4331665039063
1,32.93,10.9298903276213,17.4546241760254
1,32.94,10.9332236275077,17.4582004547119
1,32.95,10.9365569273941,17.470121383667
1,32.96,10.9398902272806,17.4784660339355
1,32.97,10.943223527167,17.4927711486816
1,32.98,10.9465568270534,17.4951553344727
1,32.99,10.9498901269399,17.5106525421143
1,33,10.9532234268263,17.5166130065918
1,33.01,10.9565567267127,17.5297260284424
1,33.02,10.9598900265992,17.540454864502
1,33.03,10.9632233264856,17.5511837005615
1,33.04,10.966556626372,17.5678730010986
1,33.05,10.9698899262585,17.5774097442627
1,33.06,10.9732232261449,17.5905227661133
1,33.07,10.9765565260313,17.5988674163818
1,33.08,10.9798898259178,17.622709274292
1,33.09,10.9832231258042,17.6286697387695
1,33.1,10.9865564256907,17.6489353179932
1,33.11,10.9898897255771,17.6620483398438
1,33.12,10.9932230254635,17.6715850830078
1,33.13,10.99655632535,17.6835060119629
1,33.14,10.9998896252364,17.6966190338135
1,33.15,11.0032229251228,17.7156925201416
1,33.16,11.0065562250093,17.7288055419922
1,33.17,11.0098895248957,17.7395343780518
1,33.18,11.0132228247821,17.7514553070068
1,33.19,11.0165561246686,17.7597999572754
1,33.2,11.019889424555,17.7764892578125
1,33.21,11.0232227244414,17.7788734436035
1,33.22,11.0265560243279,17.7991390228271
1,33.23,11.0298893242143,17.8098678588867
1,33.24,11.0332226241007,17.8158283233643
1,33.25,11.0365559239872,17.8277492523193
1,33.26,11.0398892238736,17.8444385528564
1,33.27,11.0432225237601,17.8623199462891
1,33.28,11.0465558236465,17.8694725036621
1,33.29,11.0498891235329,17.8873538970947
1,33.3,11.0532224234194,17.9016590118408
1,33.31,11.0565557233058,17.9159641265869
1,33.32,11.0598890231922,17.9374217987061
1,33.33,11.0632223230787,17.9517269134521
1,33.34,11.0665556229651,17.9624557495117
1,33.35,11.0698889228515,17.9791450500488
1,33.36,11.073222222738,17.9946422576904
1,33.37,11.0765555226244,18.0065631866455
1,33.38,11.0798888225108,18.0244445800781
1,33.39,11.0832221223973,18.0363655090332
1,33.4,11.0865554222837,18.0470943450928
1,33.41,11.0898887221701,18.0625915527344
1,33.42,11.0932220220566,18.0721282958984
1,33.43,11.096555321943,18.085241317749
1,33.44,11.0998886218295,18.0959701538086
1,33.45,11.1032219217159,18.1090831756592
1,33.46,11.1065552216023,18.1186199188232
1,33.47,11.1098885214888,18.1365013122559
1,33.48,11.1132218213752,18.1460380554199
1,33.49,11.1165551212616,18.155574798584
1,33.5,11.1198884211481,18.162727355957
1,33.51,11.1232217210345,18.1722640991211
1,33.52,11.1265550209209,18.1949138641357
1,33.53,11.1298883208074,18.2008743286133
1,33.54,11.1332216206938,18.2116031646729
1,33.55,11.1365549205802,18.2259082794189
1,33.56,11.1398882204667,18.2437896728516
1,33.57,11.1432215203531,18.2652473449707
1,33.58,11.1465548202395,18.2783603668213
1,33.59,11.149888120126,18.2938575744629
1,33.6,11.1532214200124,18.3045864105225
1,33.61,11.1565547198988,18.3212757110596
1,33.62,11.1598880197853,18.3367729187012
1,33.63,11.1632213196717,18.3486938476563
1,33.64,11.1665546195582,18.3665752410889
1,33.65,11.1698879194446,18.3784961700439
1,33.66,11.173221219331,18.3916091918945
1,33.67,11.1765545192175,18.4094905853271
1,33.68,11.1798878191039,18.4297561645508
1,33.69,11.1832211189903,18.4452533721924
1,33.7,11.1865544188768,18.4619426727295
1,33.71,11.1898877187632,18.4762477874756
1,33.72,11.1932210186496,18.4977054595947
1,33.73,11.1965543185361,18.5143947601318
1,33.74,11.1998876184225,18.5370445251465
1,33.75,11.2032209183089,18.5501575469971
1,33.76,11.2065542181954,18.5716152191162
1,33.77,11.2098875180818,18.5847282409668
1,33.78,11.2132208179682,18.6061859130859
1,33.79,11.2165541178547,18.618106842041
1,33.8,11.2198874177411,18.6431407928467
1,33.81,11.2232207176276,18.6502933502197
1,33.82,11.226554017514,18.6693668365479
1,33.83,11.2298873174004,18.6789035797119
1,33.84,11.2332206172869,18.7003612518311
1,33.85,11.2365539171733,18.7122821807861
1,33.86,11.2398872170597,18.7349319458008
1,33.87,11.2432205169462,18.7504291534424
1,33.88,11.2465538168326,18.7671184539795
1,33.89,11.249887116719,18.7802314758301
1,33.9,11.2532204166055,18.7933444976807
1,33.91,11.2565537164919,18.8124179840088
1,33.92,11.2598870163783,18.8243389129639
1,33.93,11.2632203162648,18.8338756561279
1,33.94,11.2665536161512,18.8529491424561
1,33.95,11.2698869160377,18.8672542572021
1,33.96,11.2732202159241,18.8839435577393
1,33.97,11.2765535158105,18.9006328582764
1,33.98,11.279886815697,18.9113616943359
1,33.99,11.2832201155834,18.918514251709
1,34,11.2865534154698,18.925666809082
1,34.01,11.2898867153563,18.9375877380371
1,34.02,11.2932200152427,18.9411640167236
1,34.03,11.2965533151291,18.9518928527832
1,34.04,11.2998866150156,18.9626216888428
1,34.05,11.303219914902,18.9673900604248
1,34.06,11.3065532147884,18.9721584320068
1,34.07,11.3098865146749,18.9757347106934
1,34.08,11.3132198145613,18.9876556396484
1,34.09,11.3165531144477,18.991231918335
1,34.1,11.3198864143342,19.0043449401855
1,34.11,11.3232197142206,19.0138816833496
1,34.12,11.3298863139935,19.0329551696777
1,34.13,11.3332196138799,19.0365314483643
1,34.15,11.3365529137664,19.0746784210205
1,34.16,11.3398862136528,19.0889835357666
1,34.17,11.3432195135392,19.1104412078857
1,34.18,11.3465528134257,19.1247463226318
1,34.19,11.3532194131985,19.1402435302734
1,34.21,11.356552713085,19.1724300384521
1,34.22,11.3632193128578,19.1771984100342
1,34.23,11.3665526127443,19.1938877105713
1,34.25,11.3698859126307,19.2177295684814
1,34.26,11.3732192125171,19.2272663116455
1,34.27,11.37988581229,19.233226776123
1,34.28,11.3832191121764,19.2475318908691
1,34.29,11.3865524120629,19.2606449127197
1,34.3,11.3898857119493,19.2725658416748
1,34.31,11.3932190118358,19.2844867706299
1,34.32,11.3965523117222,19.2892551422119
1,34.33,11.3998856116086,19.3071365356445
1,34.35,11.4065522113815,19.3297863006592
1,34.36,11.4098855112679,19.3428993225098
1,34.37,11.4132188111544,19.3488597869873
1,34.38,11.4165521110408,19.3667411804199
1,34.39,11.4198854109272,19.3822383880615
1,34.4,11.4232187108137,19.3929672241211
1,34.41,11.4265520107001,19.4048881530762
1,34.42,11.4298853105865,19.4215774536133
1,34.43,11.433218610473,19.4358825683594
1,34.44,11.4365519103594,19.4454193115234
1,34.45,11.4398852102458,19.460916519165
1,34.46,11.4432185101323,19.4776058197021
1,34.47,11.4465518100187,19.4847583770752
1,34.48,11.4498851099052,19.4954872131348
1,34.49,11.4532184097916,19.4978713989258
1,34.5,11.456551709678,19.5097923278809
1,34.51,11.4598850095645,19.5193290710449
1,34.52,11.4632183094509,19.5217132568359
1,34.53,11.4665516093373,19.5407867431641
1,34.54,11.4698849092238,19.5455551147461
1,34.55,11.4732182091102,19.5610523223877
1,34.56,11.4765515089966,19.5717811584473
1,34.57,11.4798848088831,19.5860862731934
1,34.58,11.4832181087695,19.5968151092529
1,34.59,11.4865514086559,19.6123123168945
1,34.6,11.4898847085424,19.6290016174316
1,34.61,11.4932180084288,19.6361541748047
1,34.62,11.4965513083152,19.6564197540283
1,34.63,11.4998846082017,19.6647644042969
1,34.64,11.5032179080881,19.686222076416
1,34.65,11.5065512079746,19.6981430053711
1,34.66,11.509884507861,19.7148323059082
1,34.67,11.5132178077474,19.7315216064453
1,34.68,11.5165511076339,19.7494029998779
1,34.69,11.5198844075203,19.7708606719971
1,34.7,11.5232177074067,19.7923183441162
1,34.71,11.5265510072932,19.8090076446533
1,34.72,11.5298843071796,19.831657409668
1,34.73,11.533217607066,19.8483467102051
1,34.74,11.5365509069525,19.8650360107422
1,34.75,11.5398842068389,19.8757648468018
1,34.76,11.5432175067253,19.8996067047119
1,34.77,11.5465508066118,19.9174880981445
1,34.78,11.5498841064982,19.9329853057861
1,34.79,11.5532174063846,19.9413299560547
1,34.8,11.5565507062711,19.9604034423828
1,34.81,11.5598840061575,19.9770927429199
1,34.82,11.563217306044,19.9854373931885
1,34.83,11.5665506059304,20.0116634368896
1,34.84,11.5698839058168,20.0140476226807
1,34.85,11.5732172057033,20.0259685516357
1,34.86,11.5765505055897,20.0343132019043
1,34.87,11.5798838054761,20.0486183166504
1,34.88,11.5832171053626,20.0557708740234
1,34.89,11.586550405249,20.0581550598145
1,34.9,11.5898837051354,20.0724601745605
1,34.91,11.5932170050219,20.0819969177246
1,34.92,11.5965503049083,20.0974941253662
1,34.93,11.5998836047947,20.1129913330078
1,34.94,11.6032169046812,20.1284885406494
1,34.95,11.6065502045676,20.1404094696045
1,34.96,11.609883504454,20.1535224914551
1,34.97,11.6132168043405,20.1714038848877
1,34.98,11.6165501042269,20.1833248138428
1,34.99,11.6198834041134,20.2035903930664
1,35,11.6232167039998,20.2202796936035
1,35.01,11.6265500038862,20.2357769012451
1,35.02,11.6298833037727,20.2524662017822
1,35.03,11.6332166036591,20.2631950378418
1,35.04,11.6365499035455,20.2810764312744
1,35.05,11.639883203432,20.289421081543
1,35.06,11.6432165033184,20.3037261962891
1,35.07,11.6465498032048,20.3120708465576
1,35.08,11.6498831030913,20.3251838684082
1,35.09,11.6532164029777,20.3323364257813
1,35.1,11.6565497028641,20.3430652618408
1,35.11,11.6598830027506,20.3549861907959
1,35.12,11.663216302637,20.366907119751
1,35.13,11.6665496025234,20.3788280487061
1,35.14,11.6698829024099,20.3859806060791
1,35.15,11.6732162022963,20.3990936279297
1,35.16,11.6765495021828,20.4110145568848
1,35.17,11.6798828020692,20.4181671142578
1,35.18,11.6832161019556,20.4312801361084
1,35.19,11.6865494018421,20.4348564147949
1,35.2,11.6898827017285,20.4503536224365
1,35.21,11.6932160016149,20.4610824584961
1,35.22,11.6965493015014,20.4730033874512
1,35.23,11.6998826013878,20.4789638519287
1,35.24,11.7032159012742,20.4980373382568
1,35.25,11.7065492011607,20.5075740814209
1,35.26,11.7098825010471,20.5278396606445
1,35.27,11.7132158009335,20.5349922180176
1,35.28,11.71654910082,20.5588340759277
1,35.29,11.7198824007064,20.5683708190918
1,35.3,11.7232157005928,20.5838680267334
1,35.31,11.7265490004793,20.592212677002
1,35.32,11.7298823003657,20.6148624420166
1,35.33,11.7332156002522,20.6327438354492
1,35.34,11.7365489001386,20.6446647644043
1,35.35,11.739882200025,20.6565856933594
1,35.36,11.7432154999115,20.6708908081055
1,35.37,11.7465487997979,20.6804275512695
1,35.38,11.7498820996843,20.7006931304932
1,35.39,11.7532153995708,20.7126140594482
1,35.4,11.7565486994572,20.7281112670898
1,35.41,11.7598819993436,20.7424163818359
1,35.42,11.7632152992301,20.7602977752686
1,35.43,11.7665485991165,20.7781791687012
1,35.44,11.7698818990029,20.7865238189697
1,35.45,11.7732151988894,20.8044052124023
1,35.46,11.7765484987758,20.8199024200439
1,35.47,11.7798817986622,20.8413600921631
1,35.48,11.7832150985487,20.8592414855957
1,35.49,11.7865483984351,20.8795070648193
1,35.5,11.7898816983216,20.897388458252
1,35.51,11.793214998208,20.9212303161621
1,35.52,11.7965482980944,20.9403038024902
1,35.53,11.7998815979809,20.9629535675049
1,35.54,11.8032148978673,20.9832191467285
1,35.55,11.8065481977537,20.9999084472656
1,35.56,11.8098814976402,21.0249423980713
1,35.57,11.8132147975266,21.0368633270264
1,35.58,11.816548097413,21.05712890625
1,35.59,11.8198813972995,21.0785865783691
1,35.6,11.8232146971859,21.0940837860107
1,35.61,11.8265479970723,21.1119651794434
1,35.62,11.8298812969588,21.134614944458
1,35.63,11.8332145968452,21.1465358734131
1,35.64,11.8365478967316,21.1632251739502
1,35.65,11.8398811966181,21.1751461029053
1,35.66,11.8432144965045,21.1906433105469
1,35.67,11.846547796391,21.2061405181885
1,35.68,11.8498810962774,21.2180614471436
1,35.69,11.8532143961638,21.2311744689941
1,35.7,11.8565476960503,21.2478637695313
1,35.71,11.8598809959367,21.2597846984863
1,35.72,11.8632142958231,21.2788581848145
1,35.73,11.8665475957096,21.2883949279785
1,35.74,11.869880895596,21.3050842285156
1,35.75,11.8732141954824,21.3193893432617
1,35.76,11.8765474953689,21.3396549224854
1,35.77,11.8798807952553,21.3563442230225
1,35.78,11.8832140951417,21.367073059082
1,35.79,11.8865473950282,21.3813781738281
1,35.8,11.8898806949146,21.3944911956787
1,35.81,11.893213994801,21.4016437530518
1,35.82,11.8965472946875,21.4195251464844
1,35.83,11.8998805945739,21.4290618896484
1,35.84,11.9032138944604,21.4457511901855
1,35.85,11.9065471943468,21.4636325836182
1,35.86,11.9098804942332,21.4719772338867
1,35.87,11.9132137941197,21.4791297912598
1,35.88,11.9165470940061,21.4982032775879
1,35.89,11.9198803938925,21.512508392334
1,35.9,11.923213693779,21.5280055999756
1,35.91,11.9265469936654,21.5399265289307
1,35.92,11.9298802935518,21.5601921081543
1,35.93,11.9332135934383,21.5744972229004
1,35.94,11.9365468933247,21.587610244751
1,35.95,11.9398801932111,21.6019153594971
1,35.96,11.9432134930976,21.6138362884521
1,35.97,11.946546792984,21.6364860534668
1,35.98,11.9498800928704,21.6531753540039
1,35.99,11.9532133927569,21.6579437255859
1,36,11.9565466926433,21.6853618621826
1,36.01,11.9598799925297,21.7008590698242
1,36.02,11.9632132924162,21.7187404632568
1,36.03,11.9665465923026,21.7330455780029
1,36.04,11.9698798921891,21.742582321167
1,36.05,11.9732131920755,21.7533111572266
1,36.06,11.9765464919619,21.7711925506592
1,36.07,11.9798797918484,21.7795372009277
1,36.08,11.9832130917348,21.7926502227783
1,36.09,11.9865463916212,21.7938423156738
1,36.1,11.9898796915077,21.8141078948975
1,36.11,11.9932129913941,21.827220916748
1,36.12,11.9965462912805,21.8379497528076
1,36.13,11.999879591167,21.8451023101807
1,36.14,12.0032128910534,21.8510627746582
1,36.15,12.0065461909398,21.8689441680908
1,36.16,12.0098794908263,21.8784809112549
1,36.17,12.0132127907127,21.892786026001
1,36.18,12.0165460905991,21.9011306762695
1,36.19,12.0198793904856,21.9142436981201
1,36.2,12.023212690372,21.9297409057617
1,36.21,12.0265459902585,21.9368934631348
1,36.22,12.0298792901449,21.9619274139404
1,36.23,12.0332125900313,21.9643115997314
1,36.24,12.0365458899178,21.9857692718506
1,36.25,12.0398791898042,22.0012664794922
1,36.26,12.0432124896906,22.0191478729248
1,36.27,12.0465457895771,22.0382213592529
1,36.28,12.0498790894635,22.0489501953125
1,36.29,12.0532123893499,22.0680236816406
1,36.3,12.0565456892364,22.0823287963867
1,36.31,12.0598789891228,22.0954418182373
1,36.32,12.0632122890092,22.1085548400879
1,36.33,12.0665455888957,22.1288204193115
1,36.34,12.0698788887821,22.1383571624756
1,36.35,12.0732121886685,22.1550464630127
1,36.36,12.076545488555,22.1633911132813
1,36.37,12.0798787884414,22.1800804138184
1,36.38,12.0832120883279,22.1920013427734
1,36.39,12.0865453882143,22.197961807251
1,36.4,12.0898786881007,22.2146511077881
1,36.41,12.0932119879872,22.2229957580566
1,36.42,12.0965452878736,22.2313404083252
1,36.43,12.09987858776,22.2527980804443
1,36.44,12.1032118876465,22.2682952880859
1,36.45,12.1065451875329,22.275447845459
1,36.46,12.1098784874193,22.2909450531006
1,36.47,12.1132117873058,22.2992897033691
1,36.48,12.1165450871922,22.3195552825928
1,36.49,12.1198783870786,22.3374366760254
1,36.5,12.1232116869651,22.350549697876
1,36.51,12.1265449868515,22.3660469055176
1,36.52,12.1298782867379,22.3946571350098
1,36.53,12.1332115866244,22.4125385284424
1,36.54,12.1365448865108,22.4268436431885
1,36.55,12.1398781863973,22.4423408508301
1,36.56,12.1432114862837,22.4566459655762
1,36.57,12.1465447861701,22.4685668945313
1,36.58,12.1498780860566,22.4697589874268
1,36.59,12.153211385943,22.4828720092773
1,36.6,12.1565446858294,22.4888324737549
1,36.61,12.1598779857159,22.505521774292
1,36.62,12.1632112856023,22.5162506103516
1,36.63,12.1665445854887,22.5293636322021
1,36.64,12.1698778853752,22.5377082824707
1,36.65,12.1732111852616,22.5532054901123
1,36.66,12.176544485148,22.5639343261719
1,36.67,12.1798777850345,22.578239440918
1,36.68,12.1832110849209,22.5985050201416
1,36.69,12.1865443848073,22.6128101348877
1,36.7,12.1898776846938,22.6271152496338
1,36.71,12.1932109845802,22.6438045501709
1,36.72,12.1965442844667,22.6616859436035
1,36.73,12.1998775843531,22.6807594299316
1,36.74,12.2032108842395,22.7010250091553
1,36.75,12.206544184126,22.7189064025879
1,36.76,12.2098774840124,22.733211517334
1,36.77,12.2132107838988,22.7570533752441
1,36.78,12.2165440837853,22.7737426757813
1,36.79,12.2198773836717,22.7928161621094
1,36.8,12.2232106835581,22.8142738342285
1,36.81,12.2265439834446,22.8261947631836
1,36.82,12.229877283331,22.8428840637207
1,36.83,12.2332105832174,22.8619575500488
1,36.84,12.2365438831039,22.8774547576904
1,36.85,12.2398771829903,22.895336151123
1,36.86,12.2432104828767,22.9072570800781
1,36.87,12.2465437827632,22.9191780090332
1,36.88,12.2498770826496,22.9382514953613
1,36.89,12.2532103825361,22.9501724243164
1,36.9,12.2565436824225,22.9620933532715
1,36.91,12.2598769823089,22.9775905609131
1,36.92,12.2632102821954,22.9871273040771
1,36.93,12.2665435820818,22.9978561401367
1,36.94,12.2698768819682,23.0050086975098
1,36.95,12.2732101818547,23.0145454406738
1,36.96,12.2765434817411,23.0264663696289
1,36.97,12.2798767816275,23.036003112793
1,36.98,12.283210081514,23.047924041748
1,36.99,12.2865433814004,23.0610370635986
1,37,12.2898766812868,23.0777263641357
1,37.01,12.2932099811733,23.0813026428223
1,37.02,12.2965432810597,23.0956077575684
1,37.03,12.2998765809461,23.0920314788818
1,37.04,12.3032098808326,23.1099128723145
1,37.05,12.306543180719,23.115873336792
1,37.06,12.3098764806055,23.1301784515381
1,37.07,12.3132097804919,23.1361389160156
1,37.08,12.3165430803783,23.1480598449707
1,37.09,12.3198763802648,23.1635570526123
1,37.1,12.3232096801512,23.1778621673584
1,37.11,12.3265429800376,23.1969356536865
1,37.12,12.3298762799241,23.2172012329102
1,37.13,12.3332095798105,23.2326984405518
1,37.14,12.3365428796969,23.2529640197754
1,37.15,12.3398761795834,23.2720375061035
1,37.16,12.3432094794698,23.2923030853271
1,37.17,12.3465427793562,23.3078002929688
1,37.18,12.3498760792427,23.3268737792969
1,37.19,12.3532093791291,23.3471393585205
1,37.2,12.3565426790155,23.3697891235352
1,37.21,12.359875978902,23.3900547027588
1,37.22,12.3632092787884,23.4019756317139
1,37.23,12.3665425786749,23.4150886535645
1,37.24,12.3698758785613,23.4329700469971
1,37.25,12.3732091784477,23.4496593475342
1,37.26,12.3765424783342,23.4591960906982
1,37.27,12.3798757782206,23.4806537628174
1,37.28,12.383209078107,23.4901905059814
1,37.29,12.3865423779935,23.500919342041
1,37.3,12.3898756778799,23.5152244567871
1,37.31,12.3932089777663,23.5271453857422
1,37.32,12.3965422776528,23.5414505004883
1,37.33,12.3998755775392,23.5521793365479
1,37.34,12.4032088774256,23.568868637085
1,37.35,12.4065421773121,23.5795974731445
1,37.36,12.4098754771985,23.5986709594727
1,37.37,12.4132087770849,23.6141681671143
1,37.38,12.4165420769714,23.6332416534424
1,37.39,12.4198753768578,23.6523151397705
1,37.4,12.4232086767443,23.6678123474121
1,37.41,12.4265419766307,23.6868858337402
1,37.42,12.4298752765171,23.7047672271729
1,37.43,12.4332085764036,23.72145652771
1,37.44,12.43654187629,23.7393379211426
1,37.45,12.4398751761764,23.7548351287842
1,37.46,12.4432084760629,23.7691402435303
1,37.47,12.4465417759493,23.7822532653809
1,37.48,12.4498750758357,23.798942565918
1,37.49,12.4532083757222,23.8132476806641
1,37.5,12.4565416756086,23.8311290740967
1,37.51,12.459874975495,23.8430500030518
1,37.52,12.4632082753815,23.8633155822754
1,37.53,12.4665415752679,23.8728523254395
1,37.54,12.4698748751543,23.88596534729
1,37.55,12.4732081750408,23.8955020904541
1,37.56,12.4765414749272,23.9133834838867
1,37.57,12.4798747748137,23.9181518554688
1,37.58,12.4832080747001,23.9384174346924
1,37.59,12.4865413745865,23.9479541778564
1,37.6,12.489874674473,23.961067199707
1,37.61,12.4932079743594,23.9777565002441
1,37.62,12.4965412742458,23.9896774291992
1,37.63,12.4998745741323,24.0123271942139
1,37.64,12.5032078740187,24.0194797515869
1,37.65,12.5065411739051,24.0397453308105
1,37.66,12.5098744737916,24.0552425384521
1,37.67,12.513207773678,24.0659713745117
1,37.68,12.5165410735644,24.0826606750488
1,37.69,12.5198743734509,24.0945816040039
1,37.7,12.5232076733373,24.1208076477051
1,37.71,12.5265409732237,24.1315364837646
1,37.72,12.5298742731102,24.1470336914063
1,37.73,12.5332075729966,24.1541862487793
1,37.74,12.5365408728831,24.1625308990479
1,37.75,12.5398741727695,24.1756439208984
1,37.76,12.5432074726559,24.1875648498535
1,37.77,12.5465407725424,24.2006778717041
1,37.78,12.5498740724288,24.2054462432861
1,37.79,12.5532073723152,24.2257118225098
1,37.8,12.5565406722017,24.2412090301514
1,37.81,12.5598739720881,24.256706237793
1,37.82,12.5632072719745,24.2757797241211
1,37.83,12.566540571861,24.2900848388672
1,37.84,12.5698738717474,24.3091583251953
1,37.85,12.5732071716338,24.3282318115234
1,37.86,12.5765404715203,24.3508815765381
1,37.87,12.5798737714067,24.3687629699707
1,37.88,12.5832070712931,24.3878364562988
1,37.89,12.5865403711796,24.4081020355225
1,37.9,12.589873671066,24.4224071502686
1,37.91,12.5932069709525,24.4426727294922
1,37.92,12.5965402708389,24.4569778442383
1,37.93,12.5998735707253,24.4688987731934
1,37.94,12.6032068706118,24.4808197021484
1,37.95,12.6065401704982,24.4987010955811
1,37.96,12.6132067702711,24.5070457458496
1,37.98,12.6165400701575,24.5273113250732
1,37.99,12.6198733700439,24.5296955108643
1,38,12.6232066699304,24.5392322540283
1,38.01,12.6298732697032,24.5547294616699
1,38.02,12.6332065695897,24.564266204834
1,38.04,12.6365398694761,24.5785713195801
1,38.05,12.643206469249,24.6000289916992
1,38.07,12.6465397691354,24.6238708496094
1,38.08,12.6532063689083,24.641752243042
1,38.1,12.6565396687947,24.6679782867432
1,38.11,12.6632062685676,24.6822834014893
1,38.12,12.666539568454,24.7013568878174
1,38.14,12.6698728683405,24.7228145599365
1,38.15,12.6732061682269,24.7323513031006
1,38.16,12.6798727679998,24.7466564178467
1,38.17,12.6832060678862,24.7621536254883
1,38.18,12.6865393677726,24.7800350189209
1,38.19,12.6898726676591,24.7871875762939
1,38.2,12.6932059675455,24.8062610626221
1,38.21,12.6965392674319,24.8205661773682
1,38.22,12.6998725673184,24.8336791992188
1,38.23,12.7032058672048,24.8527526855469
1,38.24,12.7065391670913,24.864673614502
1,38.25,12.7098724669777,24.8813629150391
1,38.26,12.7132057668641,24.8992443084717
1,38.27,12.7165390667506,24.9183177947998
1,38.28,12.719872366637,24.9373912811279
1,38.29,12.7232056665234,24.9505043029785
1,38.3,12.7265389664099,24.9755382537842
1,38.31,12.7298722662963,24.9910354614258
1,38.32,12.7332055661827,25.0089168548584
1,38.33,12.7365388660692,25.0208377838135
1,38.34,12.7398721659556,25.0327587127686
1,38.35,12.743205465842,25.0494480133057
1,38.36,12.7465387657285,25.0613689422607
1,38.37,12.7498720656149,25.0709056854248
1,38.38,12.7532053655013,25.0852108001709
1,38.39,12.7565386653878,25.0923633575439
1,38.4,12.7598719652742,25.1030921936035
1,38.41,12.7632052651607,25.1150131225586
1,38.42,12.7665385650471,25.1281261444092
1,38.43,12.7698718649335,25.1448154449463
1,38.44,12.77320516482,25.1591205596924
1,38.45,12.7765384647064,25.1626968383789
1,38.46,12.7798717645928,25.1889228820801
1,38.47,12.7832050644793,25.2020359039307
1,38.48,12.7865383643657,25.2270698547363
1,38.49,12.7898716642521,25.2437591552734
1,38.5,12.7932049641386,25.2687931060791
1,38.51,12.796538264025,25.2747535705566
1,38.52,12.7998715639114,25.2985954284668
1,38.53,12.8032048637979,25.3069400787354
1,38.54,12.8065381636843,25.327205657959
1,38.55,12.8098714635707,25.3403186798096
1,38.56,12.8132047634572,25.3593921661377
1,38.57,12.8165380633436,25.3653526306152
1,38.58,12.81987136323,25.3832340240479
1,38.59,12.8232046631165,25.3963470458984
1,38.6,12.8265379630029,25.409460067749
1,38.61,12.8298712628894,25.4285335540771
1,38.62,12.8332045627758,25.4404544830322
1,38.63,12.8365378626622,25.4571437835693
1,38.64,12.8398711625487,25.4714488983154
1,38.65,12.8432044624351,25.4881381988525
1,38.66,12.8465377623215,25.5024433135986
1,38.67,12.849871062208,25.5262851715088
1,38.68,12.8532043620944,25.5382061004639
1,38.69,12.8565376619808,25.5537033081055
1,38.7,12.8598709618673,25.5692005157471
1,38.71,12.8632042617537,25.5882740020752
1,38.72,12.8665375616401,25.5990028381348
1,38.73,12.8698708615266,25.6192684173584
1,38.74,12.873204161413,25.6311893463135
1,38.75,12.8765374612995,25.6490707397461
1,38.76,12.8798707611859,25.6621837615967
1,38.77,12.8832040610723,25.6896018981934
1,38.78,12.8865373609588,25.705099105835
1,38.79,12.8898706608452,25.7289409637451
1,38.8,12.8932039607316,25.7503986358643
1,38.81,12.8965372606181,25.7742404937744
1,38.82,12.8998705605045,25.8040428161621
1,38.83,12.9032038603909,25.8195400238037
1,38.84,12.9065371602774,25.8517265319824
1,38.85,12.9098704601638,25.869607925415
1,38.86,12.9132037600502,25.8922576904297
1,38.87,12.9165370599367,25.9113311767578
1,38.88,12.9198703598231,25.935173034668
1,38.89,12.9232036597095,25.9530544281006
1,38.9,12.926536959596,25.9792804718018
1,38.91,12.9298702594824,25.9947776794434
1,38.92,12.9332035593688,26.0162353515625
1,38.93,12.9365368592553,26.0365009307861
1,38.94,12.9398701591417,26.0543823242188
1,38.95,12.9432034590282,26.0746479034424
1,38.96,12.9465367589146,26.094913482666
1,38.97,12.949870058801,26.1139869689941
1,38.98,12.9532033586875,26.1294841766357
1,38.99,12.9565366585739,26.1449813842773
1,39,12.9598699584603,26.1640548706055
1,39.01,12.9632032583468,26.1843204498291
1,39.02,12.9665365582332,26.1962413787842
1,39.03,12.9698698581196,26.2224674224854
1,39.04,12.9732031580061,26.2367725372314
1,39.05,12.9765364578925,26.2463092803955
1,39.06,12.9798697577789,26.2618064880371
1,39.07,12.9832030576654,26.2844562530518
1,39.08,12.9865363575518,26.3023376464844
1,39.09,12.9898696574382,26.320219039917
1,39.1,12.9932029573247,26.3345241546631
1,39.11,12.9965362572111,26.3500213623047
1,39.12,12.9998695570976,26.3631343841553
1,39.13,13.003202856984,26.3810157775879
1,39.14,13.0065361568704,26.3941287994385
1,39.15,13.0098694567569,26.4155864715576
1,39.16,13.0132027566433,26.4286994934082
1,39.17,13.0165360565297,26.4465808868408
1,39.18,13.0198693564162,26.4668464660645
1,39.19,13.0232026563026,26.4811515808105
1,39.2,13.026535956189,26.5061855316162
1,39.21,13.0298692560755,26.5204906463623
1,39.22,13.0332025559619,26.5383720397949
1,39.23,13.0365358558483,26.55029296875
1,39.24,13.0398691557348,26.5681743621826
1,39.25,13.0432024556212,26.5824794769287
1,39.26,13.0465357555076,26.5920162200928
1,39.27,13.0498690553941,26.6087055206299
1,39.28,13.0532023552805,26.6146659851074
1,39.29,13.056535655167,26.625394821167
1,39.3,13.0598689550534,26.6396999359131
1,39.31,13.0632022549398,26.6456604003906
1,39.32,13.0665355548263,26.6563892364502
1,39.33,13.0698688547127,26.6683101654053
1,39.34,13.0732021545991,26.6718864440918
1,39.35,13.0765354544856,26.6778469085693
1,39.36,13.079868754372,26.695728302002
1,39.37,13.0832020542584,26.7016887664795
1,39.38,13.0865353541449,26.7243385314941
1,39.39,13.0898686540313,26.7362594604492
1,39.4,13.0932019539177,26.7565250396729
1,39.41,13.0965352538042,26.7767906188965
1,39.42,13.0998685536906,26.785135269165
1,39.43,13.103201853577,26.8113613128662
1,39.44,13.1065351534635,26.8292427062988
1,39.45,13.1098684533499,26.8518924713135
1,39.46,13.1132017532364,26.8733501434326
1,39.47,13.1165350531228,26.8900394439697
1,39.48,13.1198683530092,26.9067287445068
1,39.49,13.1232016528957,26.9234180450439
1,39.5,13.1265349527821,26.93772315979
1,39.51,13.1298682526685,26.9532203674316
1,39.52,13.133201552555,26.9591808319092
1,39.53,13.1365348524414,26.9758701324463
1,39.54,13.1398681523278,26.9854068756104
1,39.55,13.1432014522143,26.9997119903564
1,39.56,13.1465347521007,27.010440826416
1,39.57,13.1498680519871,27.0259380340576
1,39.58,13.1532013518736,27.0426273345947
1,39.59,13.15653465176,27.0509719848633
1,39.6,13.1598679516464,27.0688533782959
1,39.61,13.1632012515329,27.0843505859375
1,39.62,13.1665345514193,27.1022319793701
1,39.63,13.1698678513058,27.1093845367432
1,39.64,13.1732011511922,27.1344184875488
1,39.65,13.1765344510786,27.1439552307129
1,39.66,13.1798677509651,27.1594524383545
1,39.67,13.1832010508515,27.1809101104736
1,39.68,13.1865343507379,27.1975994110107
1,39.69,13.1898676506244,27.2130966186523
1,39.7,13.1932009505108,27.2262096405029
1,39.71,13.1965342503972,27.2464752197266
1,39.72,13.1998675502837,27.2667407989502
1,39.73,13.2032008501701,27.2834300994873
1,39.74,13.2065341500565,27.2977352142334
1,39.75,13.209867449943,27.3072719573975
1,39.76,13.2132007498294,27.3323059082031
1,39.77,13.2165340497158,27.3478031158447
1,39.78,13.2198673496023,27.3466110229492
1,39.79,13.2232006494887,27.3740291595459
1,39.8,13.2265339493752,27.3740291595459
1,39.81,13.2298672492616,27.3871421813965
1,39.82,13.233200549148,27.395486831665
1,39.83,13.2365338490345,27.4014472961426
1,39.84,13.2398671489209,27.4145603179932
1,39.85,13.2432004488073,27.4229049682617
1,39.86,13.2465337486938,27.4300575256348
1,39.87,13.2498670485802,27.4395942687988
1,39.88,13.2532003484666,27.4503231048584
1,39.89,13.2565336483531,27.4598598480225
1,39.9,13.2598669482395,27.4753570556641
1,39.91,13.2632002481259,27.4884700775146
1,39.92,13.2665335480124,27.5051593780518
1,39.93,13.2698668478988,27.5278091430664
1,39.94,13.2732001477852,27.5397300720215
1,39.95,13.2765334476717,27.5611877441406
1,39.96,13.2798667475581,27.5778770446777
1,39.97,13.2832000474446,27.6041030883789
1,39.98,13.286533347331,27.618408203125
1,39.99,13.2898666472174,27.6386737823486
1,40,13.2931999471039,27.6529788970947
1,40.01,13.2965332469903,27.6708602905273
1,40.02,13.2998665468767,27.6851654052734
1,40.03,13.3031998467632,27.7090072631836
1,40.04,13.3065331466496,27.7185440063477
1,40.05,13.309866446536,27.7352333068848
1,40.06,13.3131997464225,27.7519226074219
1,40.07,13.3165330463089,27.7650356292725
1,40.08,13.3198663461953,27.775764465332
1,40.09,13.3231996460818,27.7900695800781
1,40.1,13.3265329459682,27.8055667877197
1,40.11,13.3298662458546,27.8198719024658
1,40.12,13.3331995457411,27.8353691101074
1,40.13,13.3365328456275,27.8615951538086
1,40.14,13.339866145514,27.8794765472412
1,40.15,13.3431994454004,27.8961658477783
1,40.16,13.3465327452868,27.9223918914795
1,40.17,13.3498660451733,27.9414653778076
1,40.18,13.3531993450597,27.9676914215088
1,40.19,13.3565326449461,27.9855728149414
1,40.2,13.3598659448326,28.003454208374
1,40.21,13.363199244719,28.0296802520752
1,40.22,13.3665325446054,28.0523300170898
1,40.23,13.3698658444919,28.073787689209
1,40.24,13.3731991443783,28.0928611755371
1,40.25,13.3765324442647,28.1047821044922
1,40.26,13.3798657441512,28.1238555908203
1,40.27,13.3831990440376,28.1393527984619
1,40.28,13.386532343924,28.1667709350586
1,40.29,13.3898656438105,28.1810760498047
1,40.3,13.3931989436969,28.1918048858643
1,40.31,13.3965322435834,28.2049179077148
1,40.32,13.3998655434698,28.221607208252
1,40.33,13.4031988433562,28.2323360443115
1,40.34,13.4065321432427,28.2442569732666
1,40.35,13.4098654431291,28.2514095306396
1,40.36,13.4131987430155,28.2621383666992
1,40.37,13.416532042902,28.2657146453857
1,40.38,13.4198653427884,28.2800197601318
1,40.39,13.4231986426748,28.2883644104004
1,40.4,13.4265319425613,28.2955169677734
1,40.41,13.4298652424477,28.306245803833
1,40.42,13.4331985423341,28.3098220825195
1,40.43,13.4365318422206,28.3241271972656
1,40.44,13.439865142107,28.3288955688477
1,40.45,13.4431984419934,28.3408164978027
1,40.46,13.4465317418799,28.3563137054443
1,40.47,13.4498650417663,28.3610820770264
1,40.48,13.4531983416528,28.3730030059814
1,40.49,13.4565316415392,28.374195098877
1,40.5,13.4598649414256,28.3968448638916
1,40.51,13.4631982413121,28.4039974212646
1,40.52,13.4665315411985,28.4194946289063
1,40.53,13.4698648410849,28.4373760223389
1,40.54,13.4731981409714,28.4504890441895
1,40.55,13.4765314408578,28.4719467163086
1,40.56,13.4798647407442,28.4945964813232
1,40.57,13.4831980406307,28.5160541534424
1,40.58,13.4865313405171,28.536319732666
1,40.59,13.4898646404035,28.5577774047852
1,40.6,13.49319794029,28.5804271697998
1,40.61,13.4965312401764,28.609037399292
1,40.62,13.4998645400628,28.6364555358887
1,40.63,13.5031978399493,28.6579132080078
1,40.64,13.5065311398357,28.679370880127
1,40.65,13.5098644397222,28.6984443664551
1,40.66,13.5131977396086,28.7175178527832
1,40.67,13.516531039495,28.7353992462158
1,40.68,13.5198643393815,28.7532806396484
1,40.69,13.5231976392679,28.766393661499
1,40.7,13.5265309391543,28.7890434265137
1,40.71,13.5298642390408,28.8057327270508
1,40.72,13.5331975389272,28.8236141204834
1,40.73,13.5365308388136,28.839111328125
1,40.74,13.5398641387001,28.8546085357666
1,40.75,13.5431974385865,28.8665294647217
1,40.76,13.5465307384729,28.8927555084229
1,40.77,13.5498640383594,28.8999080657959
1,40.78,13.5531973382458,28.9201736450195
1,40.79,13.5565306381322,28.9332866668701
1,40.8,13.5598639380187,28.9595127105713
1,40.81,13.5631972379051,28.9750099182129
1,40.82,13.5665305377916,28.994083404541
1,40.83,13.569863837678,29.0131568908691
1,40.84,13.5731971375644,29.0298461914063
1,40.85,13.5765304374509,29.0405750274658
1,40.86,13.5798637373373,29.062032699585
1,40.87,13.5831970372237,29.0775299072266
1,40.88,13.5865303371102,29.0966033935547
1,40.89,13.5898636369966,29.1156768798828
1,40.9,13.593196936883,29.1275978088379
1,40.91,13.5965302367695,29.144287109375
1,40.92,13.5998635366559,29.1621685028076
1,40.93,13.6031968365423,29.1728973388672
1,40.94,13.6065301364288,29.1919708251953
1,40.95,13.6098634363152,29.2003154754639
1,40.96,13.6131967362016,29.2098522186279
1,40.97,13.6165300360881,29.217004776001
1,40.98,13.6198633359745,29.2384624481201
1,40.99,13.6231966358609,29.2444229125977
1,41,13.6265299357474,29.2623043060303
1,41.01,13.6298632356338,29.2766094207764
1,41.02,13.6331965355203,29.2909145355225
1,41.03,13.6365298354067,29.2980670928955
1,41.04,13.6398631352931,29.3087959289551
1,41.05,13.6431964351796,29.3254852294922
1,41.06,13.646529735066,29.3338298797607
1,41.07,13.6498630349524,29.3445587158203
1,41.08,13.6531963348389,29.3588638305664
1,41.09,13.6565296347253,29.367208480835
1,41.1,13.6598629346117,29.376745223999
1,41.11,13.6631962344982,29.3898582458496
1,41.12,13.6665295343846,29.4041633605957
1,41.13,13.669862834271,29.4137001037598
1,41.14,13.6731961341575,29.4196605682373
1,41.15,13.6765294340439,29.4327735900879
1,41.16,13.6798627339303,29.4387340545654
1,41.17,13.6831960338168,29.447078704834
1,41.18,13.6865293337032,29.4637680053711
1,41.19,13.6898626335897,29.4637680053711
1,41.2,13.6931959334761,29.4756889343262
1,41.21,13.6965292333625,29.4852256774902
1,41.22,13.699862533249,29.4947624206543
1,41.23,13.7031958331354,29.5066833496094
1,41.24,13.7065291330218,29.5329093933105
1,41.25,13.7098624329083,29.5352935791016
1,41.26,13.7131957327947,29.5591354370117
1,41.27,13.7165290326811,29.5662879943848
1,41.28,13.7198623325676,29.5901298522949
1,41.29,13.723195632454,29.606819152832
1,41.3,13.7265289323404,29.6235084533691
1,41.31,13.7298622322269,29.6258926391602
1,41.32,13.7331955321133,29.6497344970703
1,41.33,13.7365288319998,29.6640396118164
1,41.34,13.7398621318862,29.6759605407715
1,41.35,13.7431954317726,29.6926498413086
1,41.36,13.7465287316591,29.7141075134277
1,41.37,13.7498620315455,29.7164916992188
1,41.38,13.7531953314319,29.7355651855469
1,41.39,13.7565286313184,29.749870300293
1,41.4,13.7598619312048,29.7641754150391
1,41.41,13.7631952310912,29.7665596008301
1,41.42,13.7665285309777,29.8023223876953
1,41.43,13.7698618308641,29.8190116882324
1,41.44,13.7731951307505,29.8285484313965
1,41.45,13.776528430637,29.8428535461426
1,41.46,13.7798617305234,29.8571586608887
1,41.47,13.7831950304098,29.8786163330078
1,41.48,13.7865283302963,29.900074005127
1,41.49,13.7898616301827,29.914379119873
1,41.5,13.7931949300691,29.9310684204102
1,41.51,13.7965282299556,29.9429893493652
1,41.52,13.799861529842,29.9739837646484
1,41.53,13.8031948297285,30.0097465515137
1,41.54,13.8065281296149,30.0145149230957
1,41.55,13.8098614295013,30.0431251525879
1,41.56,13.8131947293878,30.057430267334
1,41.57,13.8165280292742,30.0812721252441
1,41.58,13.8198613291606,30.0884246826172
1,41.59,13.8231946290471,30.1170349121094
1,41.6,13.8265279289335,30.1361083984375
1,41.61,13.8298612288199,30.1432609558105
1,41.62,13.8331945287064,30.1647186279297
1,41.63,13.8365278285928,30.1742553710938
1,41.64,13.8398611284792,30.1909446716309
1,41.65,13.8431944283657,30.214786529541
1,41.66,13.8465277282521,30.2243232727051
1,41.67,13.8498610281385,30.2457809448242
1,41.68,13.853194328025,30.2696228027344
1,41.69,13.8565276279114,30.2934646606445
1,41.7,13.8598609277979,30.3149223327637
1,41.71,13.8631942276843,30.3554534912109
1,41.72,13.8665275275707,30.3745269775391
1,41.73,13.8698608274572,30.3983688354492
1,41.74,13.8731941273436,30.4317474365234
1,41.75,13.87652742723,30.4555892944336
1,41.76,13.8798607271165,30.4865837097168
1,41.77,13.8831940270029,30.517578125
1,41.78,13.8865273268893,30.5438041687012
1,41.79,13.8898606267758,30.5581092834473
1,41.8,13.8931939266622,30.5938720703125
1,41.81,13.8965272265486,30.6248664855957
1,41.82,13.8998605264351,30.6487083435059
1,41.83,13.9031938263215,30.667781829834
1,41.84,13.9065271262079,30.6940078735352
1,41.85,13.9098604260944,30.7106971740723
1,41.86,13.9131937259808,30.7250022888184
1,41.87,13.9165270258673,30.7488441467285
1,41.88,13.9198603257537,30.7703018188477
1,41.89,13.9231936256401,30.7893753051758
1,41.9,13.9265269255266,30.8036804199219
1,41.91,13.929860225413,30.815601348877
1,41.92,13.9331935252994,30.8322906494141
1,41.93,13.9365268251859,30.8442115783691
1,41.94,13.9398601250723,30.8632850646973
1,41.95,13.9431934249587,30.8704376220703
1,41.96,13.9465267248452,30.8966636657715
1,41.97,13.9498600247316,30.9181213378906
1,41.98,13.953193324618,30.9133529663086
1,41.99,13.9565266245045,30.9300422668457
1,42,13.9631932242773,30.9514999389648
1,42.02,13.9665265241638,30.9658050537109
1,42.03,13.9698598240502,30.982494354248
1,42.04,13.9731931239367,30.9991836547852
1,42.05,13.9765264238231,30.9944152832031
1,42.06,13.9798597237095,31.0182571411133
1,42.07,13.983193023596,31.0420989990234
1,42.08,13.9865263234824,31.0516357421875
1,42.09,13.9931929232553,31.0587882995605
1,42.11,13.9965262231417,31.0850143432617
1,42.12,13.9998595230281,31.1017036437988
1,42.13,14.0031928229146,31.120777130127
1,42.14,14.0098594226874,31.1398506164551
1,42.15,14.0131927225739,31.1589241027832
1,42.17,14.0165260224603,31.2089920043945
1,42.18,14.0198593223467,31.2232971191406
1,42.19,14.0265259221196,31.2471389770508
1,42.2,14.0298592220061,31.2685966491699
1,42.21,14.0331925218925,31.280517578125
1,42.23,14.0365258217789,31.3138961791992
1,42.24,14.0431924215518,31.3234329223633
1,42.25,14.0465257214382,31.3401222229004
1,42.26,14.0498590213247,31.3687324523926
1,42.27,14.0531923212111,31.3830375671387
1,42.28,14.0565256210975,31.3758850097656
1,42.29,14.059858920984,31.4044952392578
1,42.3,14.0631922208704,31.4188003540039
1,42.31,14.0665255207568,31.4450263977051
1,42.32,14.0698588206433,31.4688682556152
1,42.33,14.0731921205297,31.4807891845703
1,42.34,14.0765254204161,31.5022468566895
1,42.35,14.0798587203026,31.4974784851074
1,42.36,14.083192020189,31.5284729003906
1,42.37,14.0865253200755,31.5499305725098
1,42.38,14.0898586199619,31.5642356872559
1,42.39,14.0931919198483,31.583309173584
1,42.4,14.0965252197348,31.583309173584
1,42.41,14.0998585196212,31.6143035888672
1,42.42,14.1031918195076,31.6381454467773
1,42.43,14.1065251193941,31.6452980041504
1,42.44,14.1098584192805,31.6405296325684
1,42.45,14.1131917191669,31.6715240478516
1,42.46,14.1165250190534,31.6739082336426
1,42.47,14.1198583189398,31.6905975341797
1,42.48,14.1231916188262,31.7001342773438
1,42.49,14.1265249187127,31.7025184631348
1,42.5,14.1298582185991,31.7168235778809
1,42.51,14.1331915184855,31.7192077636719
1,42.52,14.136524818372,31.73828125
1,42.53,14.1398581182584,31.735897064209
1,42.54,14.1431914181449,31.7597389221191
1,42.55,14.1465247180313,31.7645072937012
1,42.56,14.1498580179177,31.7692756652832
1,42.57,14.1531913178042,31.7859649658203
1,42.58,14.1565246176906,31.8002700805664
1,42.59,14.159857917577,31.8169593811035
1,42.6,14.1631912174635,31.8241119384766
1,42.61,14.1665245173499,31.8431854248047
1,42.62,14.1698578172363,31.8598747253418
1,42.63,14.1731911171228,31.8813323974609
1,42.64,14.1765244170092,31.890869140625
1,42.65,14.1798577168956,31.9004058837891
1,42.66,14.1831910167821,31.9170951843262
1,42.67,14.1865243166685,31.9385528564453
1,42.68,14.1898576165549,31.9385528564453
1,42.69,14.1931909164414,31.9647789001465
1,42.7,14.1965242163278,31.9790840148926
1,42.71,14.1998575162143,31.9910049438477
1,42.72,14.2031908161007,32.0196151733398
1,42.73,14.2065241159871,32.0243835449219
1,42.74,14.2098574158736,32.038688659668
1,42.75,14.21319071576,32.0649147033691
1,42.76,14.2165240156464,32.0744514465332
1,42.77,14.2198573155329,32.0935249328613
1,42.78,14.2231906154193,32.0935249328613
1,42.79,14.2265239153057,32.1125984191895
1,42.8,14.2298572151922,32.1292877197266
1,42.81,14.2331905150786,32.1364402770996
1,42.82,14.236523814965,32.1531295776367
1,42.83,14.2398571148515,32.1531295776367
1,42.84,14.2431904147379,32.1793556213379
1,42.85,14.2465237146243,32.188892364502
1,42.86,14.2498570145108,32.2055816650391
1,42.87,14.2531903143972,32.2175025939941
1,42.88,14.2565236142837,32.2413444519043
1,42.89,14.2598569141701,32.2556495666504
1,42.9,14.2631902140565,32.2794914245605
1,42.91,14.266523513943,32.3033332824707
1,42.92,14.2698568138294,32.3057174682617
1,42.93,14.2731901137158,32.3343276977539
1,42.94,14.2765234136023,32.3343276977539
1,42.95,14.2798567134887,32.3653221130371
1,42.96,14.2831900133751,32.3772430419922
1,42.97,14.2865233132616,32.4034690856934
1,42.98,14.289856613148,32.4249267578125
1,42.99,14.2931899130344,32.4416160583496
1,43,14.2965232129209,32.4559211730957
1,43.01,14.2998565128073,32.4749946594238
1,43.02,14.3031898126937,32.501220703125
1,43.03,14.3065231125802,32.508373260498
1,43.04,14.3098564124666,32.5441360473633
1,43.05,14.3131897123531,32.5608253479004
1,43.06,14.3165230122395,32.5751304626465
1,43.07,14.3198563121259,32.6037406921387
1,43.08,14.3231896120124,32.6108932495117
1,43.09,14.3265229118988,32.6228141784668
1,43.1,14.3298562117852,32.658576965332
1,43.11,14.3331895116717,32.6824188232422
1,43.12,14.3365228115581,32.6919555664063
1,43.13,14.3398561114445,32.7086448669434
1,43.14,14.343189411331,32.7372550964355
1,43.15,14.3465227112174,32.7491760253906
1,43.16,14.3498560111038,32.7801704406738
1,43.17,14.3531893109903,32.804012298584
1,43.18,14.3565226108767,32.8159332275391
1,43.19,14.3598559107631,32.8445434570313
1,43.2,14.3631892106496,32.8564643859863
1,43.21,14.366522510536,32.8779220581055
1,43.22,14.3698558104225,32.8946113586426
1,43.23,14.3731891103089,32.9136848449707
1,43.24,14.3765224101953,32.9327583312988
1,43.25,14.3798557100818,32.9494476318359
1,43.26,14.3831890099682,32.956600189209
1,43.27,14.3865223098546,32.9804420471191
1,43.28,14.3898556097411,32.9995155334473
1,43.29,14.3931889096275,33.0114364624023
1,43.3,14.3965222095139,33.0352783203125
1,43.31,14.3998555094004,33.0424308776855
1,43.32,14.4031888092868,33.0710411071777
1,43.33,14.4065221091732,33.0853462219238
1,43.34,14.4098554090597,33.106803894043
1,43.35,14.4131887089461,33.1258773803711
1,43.36,14.4165220088325,33.1449508666992
1,43.37,14.419855308719,33.1544876098633
1,43.38,14.4231886086054,33.1735610961914
1,43.39,14.4265219084918,33.1830978393555
1,43.4,14.4298552083783,33.1997871398926
1,43.41,14.4331885082647,33.2188606262207
1,43.42,14.4365218081512,33.2260131835938
1,43.43,14.4398551080376,33.2474708557129
1,43.44,14.443188407924,33.261775970459
1,43.45,14.4465217078105,33.2760810852051
1,43.46,14.4498550076969,33.2951545715332
1,43.47,14.4531883075833,33.3118438720703
1,43.48,14.4565216074698,33.3380699157715
1,43.49,14.4598549073562,33.3428382873535
1,43.5,14.4631882072426,33.3690643310547
1,43.51,14.4665215071291,33.3762168884277
1,43.52,14.4698548070155,33.3881378173828
1,43.53,14.4731881069019,33.4072113037109
1,43.54,14.4765214067884,33.414363861084
1,43.55,14.4798547066748,33.4382057189941
1,43.56,14.4831880065613,33.4620475769043
1,43.57,14.4865213064477,33.4715843200684
1,43.58,14.4898546063341,33.4882736206055
1,43.59,14.4931879062206,33.5097312927246
1,43.6,14.496521206107,33.5335731506348
1,43.61,14.4998545059934,33.5407257080078
1,43.62,14.5031878058799,33.5526466369629
1,43.63,14.5065211057663,33.566951751709
1,43.64,14.5098544056527,33.5884094238281
1,43.65,14.5131877055392,33.6003303527832
1,43.66,14.5165210054256,33.6217880249023
1,43.67,14.519854305312,33.6527824401855
1,43.68,14.5231876051985,33.6718559265137
1,43.69,14.5265209050849,33.6813926696777
1,43.7,14.5298542049713,33.6980819702148
1,43.71,14.5331875048578,33.721923828125
1,43.72,14.5365208047442,33.7481498718262
1,43.73,14.5398541046306,33.7624549865723
1,43.74,14.5431874045171,33.7719917297363
1,43.75,14.5465207044035,33.7982177734375
1,43.76,14.54985400429,33.7958335876465
1,43.77,14.5531873041764,33.8268280029297
1,43.78,14.5565206040628,33.8339805603027
1,43.79,14.5598539039493,33.8459014892578
1,43.8,14.5631872038357,33.8625907897949
1,43.81,14.5665205037221,33.8864326477051
1,43.82,14.5698538036086,33.9007377624512
1,43.83,14.573187103495,33.9078903198242
1,43.84,14.5765204033814,33.9174270629883
1,43.85,14.5798537032679,33.9388847351074
1,43.86,14.5831870031543,33.9508056640625
1,43.87,14.5865203030407,33.9603424072266
1,43.88,14.5898536029272,33.9746475219727
1,43.89,14.5931869028136,33.9865684509277
1,43.9,14.5965202027,33.9913368225098
1,43.91,14.5998535025865,34.0104103088379
1,43.92,14.6031868024729,34.027099609375
1,43.93,14.6065201023594,34.0461730957031
1,43.94,14.6098534022458,34.0604782104492
1,43.95,14.6131867021322,34.0628623962402
1,43.96,14.6165200020187,34.0914726257324
1,43.97,14.6198533019051,34.0962409973145
1,43.98,14.6231866017915,34.1224670410156
1,43.99,14.626519901678,34.1224670410156
1,44,14.6298532015644,34.1486930847168
1,44.01,14.6331865014508,34.1582298278809
1,44.02,14.6365198013373,34.1796875
1,44.03,14.6398531012237,34.2011451721191
1,44.04,14.6431864011101,34.2321395874023
1,44.05,14.6465197009966,34.2440605163574
1,44.06,14.649853000883,34.2655181884766
1,44.07,14.6531863007695,34.2988967895508
1,44.08,14.6565196006559,34.3203544616699
1,44.09,14.6598529005423,34.334659576416
1,44.1,14.6631862004288,34.3632698059082
1,44.11,14.6665195003152,34.3799591064453
1,44.12,14.6698528002016,34.3966484069824
1,44.13,14.6731861000881,34.4061851501465
1,44.14,14.6765193999745,34.4276428222656
1,44.15,14.6798526998609,34.4419479370117
1,44.16,14.6831859997474,34.477710723877
1,44.17,14.6865192996338,34.48486328125
1,44.18,14.6898525995202,34.5134735107422
1,44.19,14.6931858994067,34.5253944396973
1,44.2,14.6965191992931,34.5563888549805
1,44.21,14.6998524991795,34.5849990844727
1,44.22,14.703185799066,34.6112251281738
1,44.23,14.7065190989524,34.637451171875
1,44.24,14.7098523988388,34.6517562866211
1,44.25,14.7131856987253,34.6875190734863
1,44.26,14.7165189986117,34.6875190734863
1,44.27,14.7198522984982,34.7042083740234
1,44.28,14.7231855983846,34.7375869750977
1,44.29,14.726518898271,34.7542762756348
1,44.3,14.7298521981575,34.7733497619629
1,44.31,14.7331854980439,34.792423248291
1,44.32,14.7365187979303,34.8138809204102
1,44.33,14.7398520978168,34.8091125488281
1,44.34,14.7431853977032,34.8353385925293
1,44.35,14.7465186975896,34.8591804504395
1,44.36,14.7498519974761,34.8663330078125
1,44.37,14.7531852973625,34.8973274230957
1,44.38,14.7565185972489,34.8901748657227
1,44.39,14.7598518971354,34.9068641662598
1,44.4,14.7631851970218,34.9211692810059
1,44.41,14.7665184969082,34.945011138916
1,44.42,14.7698517967947,34.9617004394531
1,44.43,14.7731850966811,34.9760055541992
1,44.44,14.7765183965676,34.9879264831543
1,44.45,14.779851696454,34.9950790405273
1,44.46,14.7831849963404,35.0117683410645
1,44.47,14.7865182962269,35.0213050842285
1,44.48,14.7898515961133,35.0308418273926
1,44.49,14.7931848959997,35.0499153137207
1,44.5,14.7965181958862,35.0570678710938
1,44.51,14.7998514957726,35.0689888000488
1,44.52,14.803184795659,35.0761413574219
1,44.53,14.8065180955455,35.09521484375
1,44.54,14.8098513954319,35.1119041442871
1,44.55,14.8131846953183,35.1238250732422
1,44.56,14.8165179952048,35.1357460021973
1,44.57,14.8198512950912,35.1548194885254
1,44.58,14.8231845949776,35.1762771606445
1,44.59,14.8265178948641,35.1858139038086
1,44.6,14.8298511947505,35.2096557617188
1,44.61,14.833184494637,35.2239608764648
1,44.62,14.8365177945234,35.2287292480469
1,44.63,14.8398510944098,35.245418548584
1,44.64,14.8431843942963,35.252571105957
1,44.65,14.8465176941827,35.2740287780762
1,44.66,14.8498509940691,35.2835655212402
1,44.67,14.8531842939556,35.3217124938965
1,44.68,14.856517593842,35.3431701660156
1,44.69,14.8598508937284,35.3598594665527
1,44.7,14.8631841936149,35.3789329528809
1,44.71,14.8665174935013,35.3884696960449
1,44.72,14.8698507933877,35.4218482971191
1,44.73,14.8731840932742,35.4313850402832
1,44.74,14.8765173931606,35.4599952697754
1,44.75,14.879850693047,35.4814529418945
1,44.76,14.8831839929335,35.5172157287598
1,44.77,14.8865172928199,35.5434417724609
1,44.78,14.8898505927064,35.557746887207
1,44.79,14.8931838925928,35.5863571166992
1,44.8,14.8965171924792,35.6054306030273
1,44.81,14.8998504923657,35.6197357177734
1,44.82,14.9031837922521,35.6364250183105
1,44.83,14.9065170921385,35.6650352478027
1,44.84,14.909850392025,35.6650352478027
1,44.85,14.9131836919114,35.6888771057129
1,44.86,14.9165169917978,35.6912612915039
1,44.87,14.9198502916843,35.707950592041
1,44.88,14.9231835915707,35.7174873352051
1,44.89,14.9265168914571,35.7341766357422
1,44.9,14.9298501913436,35.7413291931152
1,44.91,14.93318349123,35.7460975646973
1,44.92,14.9365167911164,35.7580184936523
1,44.93,14.9398500910029,35.7699394226074
1,44.94,14.9431833908893,35.7890129089355
1,44.95,14.9465166907758,35.7937812805176
1,44.96,14.9498499906622,35.8104705810547
1,44.97,14.9531832905486,35.8176231384277
1,44.98,14.9565165904351,35.8414649963379
1,44.99,14.9598498903215,35.865306854248
1,45,14.9631831902079,35.8748435974121
1,45.01,14.9665164900944,35.8986854553223
1,45.02,14.9698497899808,35.9153747558594
1,45.03,14.9731830898672,35.9272956848145
1,45.04,14.9765163897537,35.9439849853516
1,45.05,14.9798496896401,35.9654426574707
1,45.06,14.9831829895265,35.9749794006348
1,45.07,14.986516289413,35.9797477722168
1,45.08,14.9898495892994,36.0012054443359
1,45.09,14.9931828891858,36.0202789306641
1,45.1,14.9965161890723,36.0345840454102
1,45.11,14.9998494889587,36.0560417175293
1,45.12,15.0031827888452,36.0751152038574
1,45.13,15.0065160887316,36.0918045043945
1,45.14,15.009849388618,36.0965728759766
1,45.15,15.0131826885045,36.1299514770508
1,45.16,15.0165159883909,36.1394882202148
1,45.17,15.0198492882773,36.168098449707
1,45.18,15.0231825881638,36.1776351928711
1,45.19,15.0265158880502,36.1967086791992
1,45.2,15.0298491879366,36.2110137939453
1,45.21,15.0331824878231,36.2396240234375
1,45.22,15.0365157877095,36.2515449523926
1,45.23,15.0398490875959,36.2706184387207
1,45.24,15.0431823874824,36.2849235534668
1,45.25,15.0465156873688,36.31591796875
1,45.26,15.0498489872552,36.3254547119141
1,45.27,15.0531822871417,36.3636016845703
1,45.28,15.0565155870281,36.3779067993164
1,45.29,15.0598488869146,36.4041328430176
1,45.3,15.063182186801,36.4232063293457
1,45.31,15.0665154866874,36.4446640014648
1,45.32,15.0698487865739,36.466121673584
1,45.33,15.0731820864603,36.475658416748
1,45.34,15.0765153863467,36.4947319030762
1,45.35,15.0798486862332,36.4971160888672
1,45.36,15.0831819861196,36.5161895751953
1,45.37,15.086515286006,36.5281105041504
1,45.38,15.0898485858925,36.5495681762695
1,45.39,15.0931818857789,36.5638732910156
1,45.4,15.0965151856653,36.5757942199707
1,45.41,15.0998484855518,36.5781784057617
1,45.42,15.1031817854382,36.5948677062988
1,45.43,15.1065150853246,36.618709564209
1,45.44,15.1098483852111,36.6306304931641
1,45.45,15.1131816850975,36.6592407226563
1,45.46,15.116514984984,36.6711616516113
1,45.47,15.1198482848704,36.6950035095215
1,45.48,15.1231815847568,36.7093086242676
1,45.49,15.1265148846433,36.7116928100586
1,45.5,15.1298481845297,36.7236137390137
1,45.51,15.1331814844161,36.7546081542969
1,45.52,15.1365147843026,36.7593765258789
1,45.53,15.139848084189,36.7927551269531
1,45.54,15.1431813840754,36.8022918701172
1,45.55,15.1465146839619,36.8213653564453
1,45.56,15.1498479838483,36.8404388427734
1,45.57,15.1531812837347,36.8428230285645
1,45.58,15.1565145836212,36.8690490722656
1,45.59,15.1598478835076,36.8738174438477
1,45.6,15.163181183394,36.8976593017578
1,45.61,15.1665144832805,36.92626953125
1,45.62,15.1698477831669,36.9429588317871
1,45.63,15.1731810830534,36.9596481323242
1,45.64,15.1765143829398,36.9620323181152
1,45.65,15.1798476828262,36.9977951049805
1,45.66,15.1831809827127,37.0240211486816
1,45.67,15.1865142825991,37.0383262634277
1,45.68,15.1898475824855,37.0478630065918
1,45.69,15.193180882372,37.0693206787109
1,45.7,15.1965141822584,37.078857421875
1,45.71,15.1998474821448,37.0907783508301
1,45.72,15.2031807820313,37.1050834655762
1,45.73,15.2065140819177,37.1241569519043
1,45.74,15.2098473818041,37.1551513671875
1,45.75,15.2131806816906,37.1670722961426
1,45.76,15.216513981577,37.1956825256348
1,45.77,15.2198472814634,37.2028350830078
1,45.78,15.2231805813499,37.229061126709
1,45.79,15.2265138812363,37.2505187988281
1,45.8,15.2298471811228,37.2767448425293
1,45.81,15.2331804810092,37.2958183288574
1,45.82,15.2365137808956,37.3077392578125
1,45.83,15.2398470807821,37.3172760009766
1,45.84,15.2431803806685,37.3411178588867
1,45.85,15.2465136805549,37.3530387878418
1,45.86,15.2498469804414,37.3625755310059
1,45.87,15.2531802803278,37.381649017334
1,45.88,15.2565135802142,37.388801574707
1,45.89,15.2598468801007,37.3959541320801
1,45.9,15.2631801799871,37.4245643615723
1,45.91,15.2665134798735,37.4221801757813
1,45.92,15.26984677976,37.4507904052734
1,45.93,15.2731800796464,37.4627113342285
1,45.94,15.2765133795328,37.4770164489746
1,45.95,15.2798466794193,37.5008583068848
1,45.96,15.2831799793057,37.529468536377
1,45.97,15.2865132791921,37.53662109375
1,45.98,15.2898465790786,37.5652313232422
1,45.99,15.293179878965,37.5819206237793
1,46,15.2965131788515,37.5986099243164
1,46.01,15.2998464787379,37.6319885253906
1,46.02,15.3031797786243,37.6510620117188
1,46.03,15.3065130785108,37.6772880554199
1,46.04,15.3098463783972,37.684440612793
1,46.05,15.3131796782836,37.7082824707031
1,46.06,15.3165129781701,37.7368927001953
1,46.07,15.3198462780565,37.7559661865234
1,46.08,15.3231795779429,37.7893447875977
1,46.09,15.3265128778294,37.7988815307617
1,46.1,15.3298461777158,37.8155708312988
1,46.11,15.3331794776022,37.837028503418
1,46.12,15.3365127774887,37.8584861755371
1,46.13,15.3398460773751,37.8680229187012
1,46.14,15.3431793772616,37.8870964050293
1,46.15,15.346512677148,37.9085540771484
1,46.16,15.3498459770344,37.9061698913574
1,46.17,15.3531792769209,37.9395484924316
1,46.18,15.3565125768073,37.9562377929688
1,46.19,15.3598458766937,37.9657745361328
1,46.2,15.3631791765802,37.9705429077148
1,46.21,15.3665124764666,37.994384765625
1,46.22,15.369845776353,38.0182266235352
1,46.23,15.3731790762395,38.0229949951172
1,46.24,15.3765123761259,38.0444526672363
1,46.25,15.3798456760123,38.0682945251465
1,46.26,15.3831789758988,38.0849838256836
1,46.27,15.3865122757852,38.1040573120117
1,46.28,15.3931788755581,38.142204284668
1,46.3,15.3965121754445,38.1660461425781
1,46.31,15.3998454753309,38.1875038146973
1,46.32,15.4031787752174,38.2065773010254
1,46.33,15.4098453749903,38.2351875305176
1,46.34,15.4131786748767,38.2494926452637
1,46.36,15.4165119747631,38.292407989502
1,46.37,15.423178574536,38.3138656616211
1,46.38,15.4265118744224,38.3281707763672
1,46.39,15.4298451743089,38.3520126342773
1,46.4,15.4331784741953,38.3830070495605
1,46.42,15.4365117740817,38.4211540222168
1,46.43,15.4431783738546,38.4283065795898
1,46.44,15.446511673741,38.4616851806641
1,46.45,15.4498449736275,38.4879112243652
1,46.46,15.4531782735139,38.4974479675293
1,46.47,15.4565115734003,38.5141372680664
1,46.48,15.4598448732868,38.5189056396484
1,46.49,15.4631781731732,38.5427474975586
1,46.5,15.4665114730597,38.5546684265137
1,46.51,15.4698447729461,38.5737419128418
1,46.52,15.4731780728325,38.5832786560059
1,46.53,15.476511372719,38.602352142334
1,46.54,15.4798446726054,38.6190414428711
1,46.55,15.4831779724918,38.6285781860352
1,46.56,15.4865112723783,38.6524200439453
1,46.57,15.4898445722647,38.6571884155273
1,46.58,15.4931778721511,38.6786460876465
1,46.59,15.4965111720376,38.6953353881836
1,46.6,15.499844471924,38.7120246887207
1,46.61,15.5031777718104,38.7310981750488
1,46.62,15.5065110716969,38.7477874755859
1,46.63,15.5098443715833,38.7692451477051
1,46.64,15.5131776714697,38.7978553771973
1,46.65,15.5165109713562,38.8216972351074
1,46.66,15.5198442712426,38.8288497924805
1,46.67,15.5231775711291,38.8407707214355
1,46.68,15.5265108710155,38.8598442077637
1,46.69,15.5298441709019,38.8765335083008
1,46.7,15.5331774707884,38.9003753662109
1,46.71,15.5365107706748,38.917064666748
1,46.72,15.5398440705612,38.9456748962402
1,46.73,15.5431773704477,38.9409065246582
1,46.74,15.5465106703341,38.9671325683594
1,46.75,15.5498439702205,38.9742851257324
1,46.76,15.553177270107,38.9981269836426
1,46.77,15.5565105699934,39.0052795410156
1,46.78,15.5598438698798,39.0148162841797
1,46.79,15.5631771697663,39.0291213989258
1,46.8,15.5665104696527,39.0481948852539
1,46.81,15.5698437695391,39.067268371582
1,46.82,15.5731770694256,39.055347442627
1,46.83,15.576510369312,39.0791893005371
1,46.84,15.5798436691985,39.0768051147461
1,46.85,15.5831769690849,39.0982627868652
1,46.86,15.5865102689713,39.1054153442383
1,46.87,15.5898435688578,39.1244888305664
1,46.88,15.5931768687442,39.1340255737305
1,46.89,15.5965101686306,39.1578674316406
1,46.9,15.5998434685171,39.1554832458496
1,46.91,15.6031767684035,39.1840934753418
1,46.92,15.6065100682899,39.1912460327148
1,46.93,15.6098433681764,39.215087890625
1,46.94,15.6131766680628,39.2436981201172
1,46.95,15.6165099679492,39.2580032348633
1,46.96,15.6198432678357,39.2818450927734
1,46.97,15.6231765677221,39.3056869506836
1,46.98,15.6265098676085,39.3247604370117
1,46.99,15.629843167495,39.3509864807129
1,47,15.6331764673814,39.372444152832
1,47.01,15.6365097672679,39.3867492675781
1,47.02,15.6398430671543,39.4082069396973
1,47.03,15.6431763670407,39.4344329833984
1,47.04,15.6465096669272,39.4463539123535
1,47.05,15.6498429668136,39.4725799560547
1,47.06,15.6531762667,39.4892692565918
1,47.07,15.6565095665865,39.520263671875
1,47.08,15.6598428664729,39.5369529724121
1,47.09,15.6631761663593,39.5393371582031
1,47.1,15.6665094662458,39.5798683166504
1,47.11,15.6698427661322,39.6013259887695
1,47.12,15.6731760660186,39.6060943603516
1,47.13,15.6765093659051,39.6347045898438
1,47.14,15.6798426657915,39.6585464477539
1,47.15,15.6831759656779,39.6728515625
1,47.16,15.6865092655644,39.6847724914551
1,47.17,15.6898425654508,39.7181510925293
1,47.18,15.6931758653373,39.7300720214844
1,47.19,15.6965091652237,39.7610664367676
1,47.2,15.6998424651101,39.7872924804688
1,47.21,15.7031757649966,39.8063659667969
1,47.22,15.706509064883,39.820671081543
1,47.23,15.7098423647694,39.8373603820801
1,47.24,15.7131756646559,39.8683547973633
1,47.25,15.7165089645423,39.8778915405273
1,47.26,15.7198422644287,39.8945808410645
1,47.27,15.7231755643152,39.9136543273926
1,47.28,15.7265088642016,39.9446487426758
1,47.29,15.729842164088,39.9541854858398
1,47.3,15.7331754639745,39.9661064147949
1,47.31,15.7365087638609,39.973258972168
1,47.32,15.7398420637473,39.9994850158691
1,47.33,15.7431753636338,40.0185585021973
1,47.34,15.7465086635202,40.0471687316895
1,47.35,15.7498419634067,40.0638580322266
1,47.36,15.7531752632931,40.0853157043457
1,47.37,15.7565085631795,40.1091575622559
1,47.38,15.759841863066,40.1067733764648
1,47.39,15.7631751629524,40.135383605957
1,47.4,15.7665084628388,40.1568412780762
1,47.41,15.7698417627253,40.1735305786133
1,47.42,15.7731750626117,40.1926040649414
1,47.43,15.7765083624981,40.1949882507324
1,47.44,15.7798416623846,40.2140617370605
1,47.45,15.783174962271,40.2307510375977
1,47.46,15.7865082621574,40.2450561523438
1,47.47,15.7898415620439,40.2665138244629
1,47.48,15.7931748619303,40.3022766113281
1,47.49,15.7965081618167,40.2975082397461
1,47.5,15.7998414617032,40.3308868408203
1,47.51,15.8031747615896,40.3499603271484
1,47.52,15.8065080614761,40.3785705566406
1,47.53,15.8098413613625,40.3857231140137
1,47.54,15.8131746612489,40.4071807861328
1,47.55,15.8165079611354,40.4262542724609
1,47.56,15.8198412610218,40.4453277587891
1,47.57,15.8231745609082,40.4667854309082
1,47.58,15.8265078607947,40.4834747314453
1,47.59,15.8298411606811,40.5049324035645
1,47.6,15.8331744605675,40.5335426330566
1,47.61,15.836507760454,40.5454635620117
1,47.62,15.8398410603404,40.5597686767578
1,47.63,15.8431743602268,40.5764579772949
1,47.64,15.8465076601133,40.6050682067871
1,47.65,15.8498409599997,40.6193733215332
1,47.66,15.8531742598861,40.6384468078613
1,47.67,15.8565075597726,40.6551361083984
1,47.68,15.859840859659,40.6694412231445
1,47.69,15.8631741595454,40.6908988952637
1,47.7,15.8665074594319,40.7195091247559
1,47.71,15.8698407593183,40.733814239502
1,47.72,15.8731740592048,40.7528877258301
1,47.73,15.8765073590912,40.7719612121582
1,47.74,15.8798406589776,40.7862663269043
1,47.75,15.8831739588641,40.8077239990234
1,47.76,15.8865072587505,40.8411026000977
1,47.77,15.8898405586369,40.8434867858887
1,47.78,15.8931738585234,40.8720970153809
1,47.79,15.8965071584098,40.8816337585449
1,47.8,15.8998404582962,40.9030914306641
1,47.81,15.9031737581827,40.9102439880371
1,47.82,15.9065070580691,40.9293174743652
1,47.83,15.9098403579555,40.9388542175293
1,47.84,15.913173657842,40.9626960754395
1,47.85,15.9165069577284,40.9650802612305
1,47.86,15.9198402576149,40.9817695617676
1,47.87,15.9231735575013,40.9841537475586
1,47.88,15.9265068573877,41.0223007202148
1,47.89,15.9298401572742,41.0270690917969
1,47.9,15.9331734571606,41.0628318786621
1,47.91,15.936506757047,41.0676002502441
1,47.92,15.9398400569335,41.0985946655273
1,47.93,15.9431733568199,41.1200523376465
1,47.94,15.9465066567063,41.1415100097656
1,47.95,15.9498399565928,41.1534309387207
1,47.96,15.9531732564792,41.1820411682129
1,47.97,15.9565065563656,41.19873046875
1,47.98,15.9598398562521,41.2178039550781
1,47.99,15.9631731561385,41.2487983703613
1,48,15.9665064560249,41.2654876708984
1,48.01,15.9698397559114,41.3060188293457
1,48.02,15.9731730557978,41.3107872009277
1,48.03,15.9765063556843,41.3346290588379
1,48.04,15.9798396555707,41.3608551025391
1,48.05,15.9831729554571,41.3870811462402
1,48.06,15.9865062553436,41.4061546325684
1,48.07,15.98983955523,41.4323806762695
1,48.08,15.9931728551164,41.4443016052246
1,48.09,15.9965061550029,41.4705276489258
1,48.1,15.9998394548893,41.4824485778809
1,48.11,16.0031727547757,41.4919853210449
1,48.12,16.0065060546622,41.50390625
1,48.13,16.0098393545486,41.5325164794922
1,48.14,16.013172654435,41.5372848510742
1,48.15,16.0165059543215,41.5372848510742
1,48.16,16.0198392542079,41.5444374084473
1,48.17,16.0231725540943,41.5468215942383
1,48.18,16.0265058539808,41.5515899658203
1,48.19,16.0298391538672,41.5563583374023
1,48.2,16.0331724537537,41.5539741516113
1,48.21,16.0365057536401,41.5802001953125
1,48.22,16.0398390535265,41.5945053100586
1,48.23,16.043172353413,41.5992736816406
1,48.24,16.0465056532994,41.6135787963867
1,48.25,16.0498389531858,41.6398048400879
1,48.26,16.0531722530723,41.663646697998
1,48.27,16.0565055529587,41.6731834411621
1,48.28,16.0598388528451,41.6994094848633
1,48.29,16.0631721527316,41.7208671569824
1,48.3,16.066505452618,41.7494773864746
1,48.31,16.0698387525044,41.7661666870117
1,48.32,16.0731720523909,41.7971611022949
1,48.33,16.0765053522773,41.8186187744141
1,48.34,16.0798386521637,41.8353080749512
1,48.35,16.0831719520502,41.8615341186523
1,48.36,16.0865052519366,41.8829917907715
1,48.37,16.0898385518231,41.9044494628906
1,48.38,16.0931718517095,41.9306755065918
1,48.39,16.0965051515959,41.9449806213379
1,48.4,16.0998384514824,41.961669921875
1,48.41,16.1031717513688,41.9902801513672
1,48.42,16.1065050512552,41.9998168945313
1,48.43,16.1098383511417,42.0188903808594
1,48.44,16.1131716510281,42.0427322387695
1,48.45,16.1165049509145,42.0665740966797
1,48.46,16.119838250801,42.0832633972168
1,48.47,16.1231715506874,42.107105255127
1,48.48,16.1265048505738,42.1333312988281
1,48.49,16.1298381504603,42.1380996704102
1,48.5,16.1331714503467,42.1667098999023
1,48.51,16.1365047502331,42.1690940856934
1,48.52,16.1398380501196,42.1953201293945
1,48.53,16.143171350006,42.2072410583496
1,48.54,16.1465046498925,42.2263145446777
1,48.55,16.1498379497789,42.2334671020508
1,48.56,16.1531712496653,42.2501564025879
1,48.57,16.1565045495518,42.2573089599609
1,48.58,16.1598378494382,42.2859191894531
1,48.59,16.1631711493246,42.2954559326172
1,48.6,16.1665044492111,42.3049926757813
1,48.61,16.1698377490975,42.3288345336914
1,48.62,16.1731710489839,42.3479080200195
1,48.63,16.1765043488704,42.3622131347656
1,48.64,16.1798376487568,42.3741340637207
1,48.65,16.1831709486432,42.3955917358398
1,48.66,16.1865042485297,42.412281036377
1,48.67,16.1898375484161,42.424201965332
1,48.68,16.1931708483025,42.4385070800781
1,48.69,16.196504148189,42.4575805664063
1,48.7,16.1998374480754,42.4742698669434
1,48.71,16.2031707479618,42.4695014953613
1,48.72,16.2065040478483,42.4861907958984
1,48.73,16.2098373477347,42.4909591674805
1,48.74,16.2131706476212,42.5004959106445
1,48.75,16.2165039475076,42.5148010253906
1,48.76,16.219837247394,42.5314903259277
1,48.77,16.2231705472805,42.5434112548828
1,48.78,16.2265038471669,42.5410270690918
1,48.79,16.2298371470533,42.5577163696289
1,48.8,16.2331704469398,42.5601005554199
1,48.81,16.2365037468262,42.572021484375
1,48.82,16.2398370467126,42.576789855957
1,48.83,16.2431703465991,42.5982475280762
1,48.84,16.2465036464855,42.6054000854492
1,48.85,16.2498369463719,42.6387786865234
1,48.86,16.2531702462584,42.6506996154785
1,48.87,16.2565035461448,42.6745414733887
1,48.88,16.2598368460312,42.6936149597168
1,48.89,16.2631701459177,42.7150726318359
1,48.9,16.2665034458041,42.7341461181641
1,48.91,16.2698367456906,42.7651405334473
1,48.92,16.273170045577,42.7818298339844
1,48.93,16.2765033454634,42.8223609924316
1,48.94,16.2798366453499,42.8295135498047
1,48.95,16.2831699452363,42.8605079650879
1,48.96,16.2865032451227,42.872428894043
1,48.97,16.2898365450092,42.9058074951172
1,48.98,16.2931698448956,42.9153442382813
1,48.99,16.296503144782,42.9368019104004
1,49,16.2998364446685,42.9606437683105
1,49.01,16.3031697445549,42.9582595825195
1,49.02,16.3065030444413,42.9749488830566
1,49.03,16.3098363443278,42.9868698120117
1,49.04,16.3131696442142,42.9987907409668
1,49.05,16.3165029441006,43.0083274841309
1,49.06,16.3198362439871,43.02978515625
1,49.07,16.3231695438735,43.0607795715332
1,49.08,16.32650284376,43.0607795715332
1,49.09,16.3298361436464,43.0870056152344
1,49.1,16.3331694435328,43.1108474731445
1,49.11,16.3365027434193,43.1275367736816
1,49.12,16.3398360433057,43.1561470031738
1,49.13,16.3431693431921,43.175220489502
1,49.14,16.3465026430786,43.2014465332031
1,49.15,16.349835942965,43.2252883911133
1,49.16,16.3531692428514,43.2515144348145
1,49.17,16.3565025427379,43.2825088500977
1,49.18,16.3598358426243,43.3206558227539
1,49.19,16.3631691425107,43.332576751709
1,49.2,16.3665024423972,43.3588027954102
1,49.21,16.3698357422836,43.3826446533203
1,49.22,16.37316904217,43.4064865112305
1,49.23,16.3765023420565,43.4207916259766
1,49.24,16.3798356419429,43.4565544128418
1,49.25,16.3831689418294,43.4589385986328
1,49.26,16.3865022417158,43.480396270752
1,49.27,16.3898355416022,43.494701385498
1,49.28,16.3931688414887,43.482780456543
1,49.29,16.3965021413751,43.5090065002441
1,49.3,16.3998354412615,43.5113906860352
1,49.31,16.403168741148,43.5185432434082
1,49.32,16.4065020410344,43.5233116149902
1,49.33,16.4098353409208,43.5304641723633
1,49.34,16.4131686408073,43.5423851013184
1,49.35,16.4165019406937,43.5400009155273
1,49.36,16.4198352405801,43.5590744018555
1,49.37,16.4231685404666,43.5614585876465
1,49.38,16.426501840353,43.5805320739746
1,49.39,16.4298351402394,43.5972213745117
1,49.4,16.4331684401259,43.6043739318848
1,49.41,16.4365017400123,43.6234474182129
1,49.42,16.4398350398988,43.6258316040039
1,49.43,16.4431683397852,43.635368347168
1,49.44,16.4465016396716,43.642520904541
1,49.45,16.4498349395581,43.6568260192871
1,49.46,16.4531682394445,43.6735153198242
1,49.47,16.4565015393309,43.6925888061523
1,49.48,16.4598348392174,43.6925888061523
1,49.49,16.4631681391038,43.6925888061523
1,49.5,16.4665014389902,43.6997413635254
1,49.51,16.4698347388767,43.7092781066895
1,49.52,16.4731680387631,43.7045097351074
1,49.53,16.4765013386495,43.7045097351074
1,49.54,16.479834638536,43.7092781066895
1,49.55,16.4831679384224,43.7188148498535
1,49.56,16.4865012383089,43.7188148498535
1,49.57,16.4898345381953,43.7211990356445
1,49.58,16.4931678380817,43.7331199645996
1,49.59,16.4965011379682,43.7331199645996
1,49.6,16.4998344378546,43.7259674072266
1,49.61,16.503167737741,43.7355041503906
1,49.62,16.5065010376275,43.7426567077637
1,49.63,16.5098343375139,43.7450408935547
1,49.64,16.5131676374003,43.7593460083008
1,49.65,16.5165009372868,43.7688827514648
1,49.66,16.5198342371732,43.792724609375
1,49.67,16.5231675370596,43.8046455383301
1,49.68,16.5265008369461,43.8237190246582
1,49.69,16.5298341368325,43.8332557678223
1,49.7,16.5331674367189,43.8547134399414
1,49.71,16.5365007366054,43.8594818115234
1,49.72,16.5398340364918,43.8809394836426
1,49.73,16.5431673363782,43.8880920410156
1,49.74,16.5465006362647,43.9119338989258
1,49.75,16.5498339361511,43.9214706420898
1,49.76,16.5531672360376,43.9262390136719
1,49.77,16.556500535924,43.9214706420898
1,49.78,16.5598338358104,43.947696685791
1,49.79,16.5631671356969,43.9453125
1,49.8,16.5665004355833,43.9643859863281
1,49.81,16.5698337354697,43.9810752868652
1,49.82,16.5731670353562,43.9977645874023
1,49.83,16.5765003352426,44.0096855163574
1,49.84,16.579833635129,44.0192222595215
1,49.85,16.5831669350155,44.0335273742676
1,49.86,16.5865002349019,44.0382957458496
1,49.87,16.5898335347883,44.0406799316406
1,49.88,16.5931668346748,44.0502166748047
1,49.89,16.5965001345612,44.0645217895508
1,49.9,16.5998334344476,44.0573692321777
1,49.91,16.6031667343341,44.0526008605957
1,49.92,16.6065000342205,44.0549850463867
1,49.93,16.609833334107,44.0621376037598
1,49.94,16.6131666339934,44.0454483032227
1,49.95,16.6164999338798,44.0478324890137
1,49.96,16.6198332337663,44.0478324890137
1,49.97,16.6231665336527,44.0382957458496
1,49.98,16.6264998335391,44.0406799316406
1,49.99,16.6298331334256,44.0478324890137
1,50,16.633166433312,44.0478324890137
1,50.01,16.6364997331984,44.0454483032227
1,50.02,16.6398330330849,44.0382957458496
1,50.03,16.6431663329713,44.0430641174316
1,50.04,16.6464996328577,44.0311431884766
1,50.05,16.6498329327442,44.0287590026855
1,50.06,16.6531662326306,44.0216064453125
1,50.07,16.656499532517,44.0073013305664
1,50.08,16.6598328324035,43.9882278442383
1,50.09,16.6631661322899,43.9882278442383
1,50.1,16.6664994321764,43.9572334289551
1,50.11,16.6698327320628,43.938159942627
1,50.12,16.6731660319492,43.9286231994629
1,50.13,16.6764993318357,43.9071655273438
1,50.14,16.6798326317221,43.8833236694336
1,50.15,16.6831659316085,43.8594818115234
1,50.16,16.686499231495,43.8356399536133
1,50.17,16.6931658312678,43.8094139099121
1,50.19,16.6964991311543,43.7688827514648
1,50.2,16.6998324310407,43.7402725219727
1,50.21,16.7031657309271,43.7140464782715
1,50.22,16.7098323307,43.6878204345703
1,50.23,16.7131656305864,43.6687469482422
1,50.25,16.7164989304729,43.6186790466309
1,50.26,16.7231655302458,43.5876846313477
1,50.27,16.7264988301322,43.5638427734375
1,50.28,16.7298321300186,43.5304641723633
1,50.29,16.7331654299051,43.5090065002441
1,50.31,16.7364987297915,43.4470176696777
1,50.32,16.7431653295644,43.4184074401855
1,50.33,16.7464986294508,43.4041023254395
1,50.34,16.7498319293372,43.3874130249023
1,50.35,16.7531652292237,43.3850288391113
1,50.36,16.7564985291101,43.3611869812012
1,50.37,16.7598318289965,43.3540344238281
1,50.38,16.763165128883,43.3468818664551
1,50.39,16.7664984287694,43.3564186096191
1,50.4,16.7698317286558,43.3468818664551
1,50.41,16.7731650285423,43.3540344238281
1,50.42,16.7764983284287,43.3516502380371
1,50.43,16.7798316283152,43.3540344238281
1,50.44,16.7831649282016,43.3731079101563
1,50.45,16.786498228088,43.3659553527832
1,50.46,16.7898315279745,43.3707237243652
1,50.47,16.7931648278609,43.3850288391113
1,50.48,16.7964981277473,43.3993339538574
1,50.49,16.7998314276338,43.4041023254395
1,50.5,16.8031647275202,43.4136390686035
1,50.51,16.8064980274066,43.4231758117676
1,50.52,16.8098313272931,43.4327125549316
1,50.53,16.8131646271795,43.4446334838867
1,50.54,16.8164979270659,43.4589385986328
1,50.55,16.8198312269524,43.4613227844238
1,50.56,16.8231645268388,43.4684753417969
1,50.57,16.8264978267252,43.4732437133789
1,50.58,16.8298311266117,43.4756278991699
1,50.59,16.8331644264981,43.480396270752
1,50.6,16.8364977263846,43.4756278991699
1,50.61,16.839831026271,43.4708595275879
1,50.62,16.8431643261574,43.480396270752
1,50.63,16.8464976260439,43.485164642334
1,50.64,16.8498309259303,43.482780456543
1,50.65,16.8531642258167,43.4780120849609
1,50.66,16.8564975257032,43.4756278991699
1,50.67,16.8598308255896,43.4756278991699
1,50.68,16.863164125476,43.4780120849609
1,50.69,16.8664974253625,43.487548828125
1,50.7,16.8698307252489,43.494701385498
1,50.71,16.8731640251353,43.494701385498
1,50.72,16.8764973250218,43.5113906860352
1,50.73,16.8798306249082,43.5137748718262
1,50.74,16.8831639247946,43.5280799865723
1,50.75,16.8864972246811,43.5423851013184
1,50.76,16.8898305245675,43.5566902160645
1,50.77,16.893163824454,43.5638427734375
1,50.78,16.8964971243404,43.5638427734375
1,50.79,16.8998304242268,43.5662269592285
1,50.8,16.9031637241133,43.5686111450195
1,50.81,16.9064970239997,43.5757637023926
1,50.82,16.9098303238861,43.5447692871094
1,50.83,16.9131636237726,43.5590744018555
1,50.84,16.916496923659,43.5447692871094
1,50.85,16.9198302235454,43.5352325439453
1,50.86,16.9231635234319,43.5233116149902
1,50.87,16.9264968233183,43.5137748718262
1,50.88,16.9298301232047,43.487548828125
1,50.89,16.9331634230912,43.4780120849609
1,50.9,16.9364967229776,43.4684753417969
1,50.91,16.939830022864,43.4470176696777
1,50.92,16.9431633227505,43.4327125549316
1,50.93,16.9464966226369,43.4279441833496
1,50.94,16.9498299225234,43.4160232543945
1,50.95,16.9531632224098,43.4064865112305
1,50.96,16.9564965222962,43.3754920959473
1,50.97,16.9598298221827,43.3754920959473
1,50.98,16.9631631220691,43.3659553527832
1,50.99,16.9664964219555,43.3492660522461
1,51,16.969829721842,43.3540344238281
1,51.01,16.9731630217284,43.3349609375
1,51.02,16.9764963216148,43.3111190795898
1,51.03,16.9798296215013,43.2920455932617
1,51.04,16.9831629213877,43.2753562927246
1,51.05,16.9864962212741,43.2634353637695
1,51.06,16.9898295211606,43.2538986206055
1,51.07,16.993162821047,43.2181358337402
1,51.08,16.9964961209334,43.2014465332031
1,51.09,16.9998294208199,43.187141418457
1,51.1,17.0031627207063,43.1513786315918
1,51.11,17.0064960205927,43.1370735168457
1,51.12,17.0098293204792,43.1180000305176
1,51.13,17.0131626203656,43.1060791015625
1,51.14,17.0164959202521,43.0798530578613
1,51.15,17.0198292201385,43.0607795715332
1,51.16,17.0231625200249,43.0417060852051
1,51.17,17.0264958199114,43.022632598877
1,51.18,17.0298291197978,42.9987907409668
1,51.19,17.0331624196842,42.9773330688477
1,51.2,17.0364957195707,42.9749488830566
1,51.21,17.0398290194571,42.9534912109375
1,51.22,17.0431623193435,42.9415702819824
1,51.23,17.04649561923,42.9201126098633
1,51.24,17.0498289191164,42.9201126098633
1,51.25,17.0531622190028,42.9177284240723
1,51.26,17.0564955188893,42.9058074951172
1,51.27,17.0598288187757,42.879581451416
1,51.28,17.0631621186621,42.8867340087891
1,51.29,17.0664954185486,42.877197265625
1,51.3,17.069828718435,42.8605079650879
1,51.31,17.0731620183215,42.8628921508789
1,51.32,17.0764953182079,42.8581237792969
1,51.33,17.0798286180943,42.8605079650879
1,51.34,17.0831619179808,42.8557395935059
1,51.35,17.0864952178672,42.8557395935059
1,51.36,17.0898285177536,42.8676605224609
1,51.37,17.0931618176401,42.8509712219238
1,51.38,17.0964951175265,42.8628921508789
1,51.39,17.0998284174129,42.8628921508789
1,51.4,17.1031617172994,42.8628921508789
1,51.41,17.1064950171858,42.8652763366699
1,51.42,17.1098283170722,42.874813079834
1,51.43,17.1131616169587,42.872428894043
1,51.44,17.1164949168451,42.8605079650879
1,51.45,17.1198282167315,42.8605079650879
1,51.46,17.123161516618,42.8462028503418
1,51.47,17.1264948165044,42.8462028503418
1,51.48,17.1298281163909,42.8271293640137
1,51.49,17.1331614162773,42.8318977355957
1,51.5,17.1364947161637,42.8128242492676
1,51.51,17.1398280160502,42.8056716918945
1,51.52,17.1431613159366,42.7985191345215
1,51.53,17.146494615823,42.7913665771484
1,51.54,17.1498279157095,42.7889823913574
1,51.55,17.1531612155959,42.7889823913574
1,51.56,17.1564945154823,42.7722930908203
1,51.57,17.1598278153688,42.7722930908203
1,51.58,17.1631611152552,42.7675247192383
1,51.59,17.1664944151416,42.7746772766113
1,51.6,17.1698277150281,42.7746772766113
1,51.61,17.1731610149145,42.7722930908203
1,51.62,17.1764943148009,42.7699089050293
1,51.63,17.1798276146874,42.7603721618652
1,51.64,17.1831609145738,42.7865982055664
1,51.65,17.1864942144603,42.7746772766113
1,51.66,17.1898275143467,42.7889823913574
1,51.67,17.1931608142331,42.7889823913574
1,51.68,17.1964941141196,42.7985191345215
1,51.69,17.199827414006,42.8009033203125
1,51.7,17.2031607138924,42.8128242492676
1,51.71,17.2064940137789,42.8318977355957
1,51.72,17.2098273136653,42.8342819213867
1,51.73,17.2131606135517,42.8438186645508
1,51.74,17.2164939134382,42.8605079650879
1,51.75,17.2198272133246,42.8652763366699
1,51.76,17.223160513211,42.877197265625
1,51.77,17.2264938130975,42.8938865661621
1,51.78,17.2298271129839,42.8891181945801
1,51.79,17.2331604128704,42.8915023803711
1,51.8,17.2364937127568,42.9105758666992
1,51.81,17.2398270126432,42.9153442382813
1,51.82,17.2431603125297,42.9058074951172
1,51.83,17.2464936124161,42.9153442382813
1,51.84,17.2498269123025,42.9248809814453
1,51.85,17.253160212189,42.9105758666992
1,51.86,17.2564935120754,42.9201126098633
1,51.87,17.2598268119618,42.9129600524902
1,51.88,17.2631601118483,42.8867340087891
1,51.89,17.2664934117347,42.9058074951172
1,51.9,17.2698267116211,42.8915023803711
1,51.91,17.2731600115076,42.8962707519531
1,51.92,17.276493311394,42.879581451416
1,51.93,17.2798266112804,42.884349822998
1,51.94,17.2831599111669,42.881965637207
1,51.95,17.2864932110533,42.8938865661621
1,51.96,17.2898265109397,42.879581451416
1,51.97,17.2931598108262,42.8938865661621
1,51.98,17.2964931107126,42.8915023803711
1,51.99,17.2998264105991,42.884349822998
1,52,17.3031597104855,42.877197265625
1,52.01,17.3064930103719,42.8676605224609
1,52.02,17.3098263102584,42.8605079650879
1,52.03,17.3131596101448,42.870044708252
1,52.04,17.3164929100312,42.8581237792969
1,52.05,17.3198262099177,42.8533554077148
1,52.06,17.3231595098041,42.8438186645508
1,52.07,17.3264928096905,42.8605079650879
1,52.08,17.329826109577,42.8509712219238
1,52.09,17.3331594094634,42.8557395935059
1,52.1,17.3364927093498,42.8628921508789
1,52.11,17.3398260092363,42.8605079650879
1,52.12,17.3431593091227,42.8676605224609
1,52.13,17.3464926090091,42.877197265625
1,52.14,17.3498259088956,42.881965637207
1,52.15,17.353159208782,42.9058074951172
1,52.16,17.3564925086685,42.9201126098633
1,52.17,17.3598258085549,42.9391860961914
1,52.18,17.3631591084413,42.9415702819824
1,52.19,17.3664924083278,42.9892539978027
1,52.2,17.3698257082142,42.9964065551758
1,52.21,17.3731590081006,43.0202484130859
1,52.22,17.3764923079871,43.0393218994141
1,52.23,17.3798256078735,43.0440902709961
1,52.24,17.3831589077599,43.0536270141602
1,52.25,17.3864922076464,43.0607795715332
1,52.26,17.3898255075328,43.0703163146973
1,52.27,17.3931588074192,43.0607795715332
1,52.28,17.3964921073057,43.0536270141602
1,52.29,17.3998254071921,43.0583953857422
1,52.3,17.4031587070785,43.0393218994141
1,52.31,17.406492006965,43.034553527832
1,52.32,17.4098253068514,43.022632598877
1,52.33,17.4131586067379,43.0011749267578
1,52.34,17.4164919066243,42.9892539978027
1,52.35,17.4198252065107,42.9534912109375
1,52.36,17.4231585063972,42.9606437683105
1,52.37,17.4264918062836,42.9391860961914
1,52.38,17.42982510617,42.9272651672363
1,52.39,17.4331584060565,42.9153442382813
1,52.4,17.4364917059429,42.8986549377441
1,52.41,17.4398250058293,42.8962707519531
1,52.42,17.4431583057158,42.8915023803711
1,52.43,17.4464916056022,42.884349822998
1,52.44,17.4498249054886,42.8652763366699
1,52.45,17.4531582053751,42.8652763366699
1,52.46,17.4564915052615,42.8628921508789
1,52.47,17.4598248051479,42.8652763366699
1,52.48,17.4631581050344,42.8628921508789
1,52.49,17.4664914049208,42.8676605224609
1,52.5,17.4698247048073,42.8485870361328
1,52.51,17.4731580046937,42.8533554077148
1,52.52,17.4764913045801,42.8342819213867
1,52.53,17.4798246044666,42.8438186645508
1,52.54,17.483157904353,42.8271293640137
1,52.55,17.4864912042394,42.8295135498047
1,52.56,17.4898245041259,42.8223609924316
1,52.57,17.4931578040123,42.8223609924316
1,52.58,17.4964911038987,42.7961349487305
1,52.59,17.4998244037852,42.8080558776855
1,52.6,17.5031577036716,42.8032875061035
1,52.61,17.506491003558,42.8032875061035
1,52.62,17.5098243034445,42.7985191345215
1,52.63,17.5131576033309,42.7889823913574
1,52.64,17.5164909032173,42.7913665771484
1,52.65,17.5198242031038,42.7889823913574
1,52.66,17.5231575029902,42.7961349487305
1,52.67,17.5264908028767,42.7937507629395
1,52.68,17.5298241027631,42.7985191345215
1,52.69,17.5331574026495,42.8009033203125
1,52.7,17.536490702536,42.7961349487305
1,52.71,17.5398240024224,42.7985191345215
1,52.72,17.5431573023088,42.8080558776855
1,52.73,17.5464906021953,42.8009033203125
1,52.74,17.5498239020817,42.8104400634766
1,52.75,17.5531572019681,42.8080558776855
1,52.76,17.5564905018546,42.8199768066406
1,52.77,17.559823801741,42.8175926208496
1,52.78,17.5631571016274,42.8247451782227
1,52.79,17.5664904015139,42.8199768066406
1,52.8,17.5698237014003,42.8390502929688
1,52.81,17.5731570012867,42.8342819213867
1,52.82,17.5764903011732,42.8462028503418
1,52.83,17.5798236010596,42.8366661071777
1,52.84,17.5831569009461,42.8557395935059
1,52.85,17.5864902008325,42.8533554077148
1,52.86,17.5898235007189,42.8605079650879
1,52.87,17.5931568006054,42.877197265625
1,52.88,17.5964901004918,42.874813079834
1,52.89,17.5998234003782,42.879581451416
1,52.9,17.6031567002647,42.8938865661621
1,52.91,17.6064900001511,42.8938865661621
1,52.92,17.6098233000375,42.9010391235352
1,52.93,17.613156599924,42.9153442382813
1,52.94,17.6164898998104,42.9177284240723
1,52.95,17.6198231996968,42.9415702819824
1,52.96,17.6231564995833,42.9344177246094
1,52.97,17.6264897994697,42.9558753967285
1,52.98,17.6298230993561,42.9558753967285
1,52.99,17.6331563992426,42.9725646972656
1,53,17.636489699129,42.9868698120117
1,53.01,17.6398229990155,42.9892539978027
1,53.02,17.6431562989019,43.0083274841309
1,53.03,17.6464895987883,43.0107116699219
1,53.04,17.6498228986748,43.0130958557129
1,53.05,17.6531561985612,43.022632598877
1,53.06,17.6564894984476,43.025016784668
1,53.07,17.6598227983341,43.036937713623
1,53.08,17.6631560982205,43.0202484130859
1,53.09,17.6664893981069,43.034553527832
1,53.1,17.6698226979934,43.027400970459
1,53.11,17.6731559978798,43.0393218994141
1,53.12,17.6764892977662,43.034553527832
1,53.13,17.6798225976527,43.034553527832
1,53.14,17.6831558975391,43.0393218994141
1,53.15,17.6864891974255,43.036937713623
1,53.16,17.689822497312,43.0440902709961
1,53.17,17.6931557971984,43.0440902709961
1,53.18,17.6964890970849,43.0488586425781
1,53.19,17.6998223969713,43.02978515625
1,53.2,17.7031556968577,43.0536270141602
1,53.21,17.7064889967442,43.0536270141602
1,53.22,17.7098222966306,43.0583953857422
1,53.23,17.713155596517,43.0536270141602
1,53.24,17.7164888964035,43.0703163146973
1,53.25,17.7198221962899,43.0727005004883
1,53.26,17.7231554961763,43.0893898010254
1,53.27,17.7264887960628,43.0917739868164
1,53.28,17.7298220959492,43.1108474731445
1,53.29,17.7331553958356,43.1108474731445
1,53.3,17.7364886957221,43.1299209594727
1,53.31,17.7398219956085,43.1323051452637
1,53.32,17.7431552954949,43.1442260742188
1,53.33,17.7464885953814,43.1489944458008
1,53.34,17.7498218952678,43.1537628173828
1,53.35,17.7531551951543,43.1561470031738
1,53.36,17.7564884950407,43.1656837463379
1,53.37,17.7598217949271,43.1680679321289
1,53.38,17.7631550948136,43.1632995605469
1,53.39,17.7664883947,43.1656837463379
1,53.4,17.7698216945864,43.1513786315918
1,53.41,17.7731549944729,43.1585311889648
1,53.42,17.7764882943593,43.1632995605469
1,53.43,17.7798215942457,43.1632995605469
1,53.44,17.7831548941322,43.1704521179199
1,53.45,17.7864881940186,43.175220489502
1,53.46,17.789821493905,43.184757232666
1,53.47,17.7931547937915,43.1919097900391
1,53.48,17.7964880936779,43.1990623474121
1,53.49,17.7998213935643,43.2133674621582
1,53.5,17.8031546934508,43.2205200195313
1,53.51,17.8064879933372,43.2324409484863
1,53.52,17.8098212932236,43.2443618774414
1,53.53,17.8131545931101,43.2682037353516
1,53.54,17.8164878929965,43.2753562927246
1,53.55,17.819821192883,43.2968139648438
1,53.56,17.8231544927694,43.3063507080078
1,53.57,17.8264877926558,43.3254241943359
1,53.58,17.8298210925423,43.330192565918
1,53.59,17.8331543924287,43.339729309082
1,53.6,17.8364876923151,43.3611869812012
1,53.61,17.8398209922016,43.3635711669922
1,53.62,17.843154292088,43.3683395385742
1,53.63,17.8464875919744,43.3754920959473
1,53.64,17.8498208918609,43.3754920959473
1,53.65,17.8531541917473,43.3897972106934
1,53.66,17.8564874916337,43.3921813964844
1,53.67,17.8598207915202,43.4136390686035
1,53.68,17.8631540914066,43.4112548828125
1,53.69,17.866487391293,43.4184074401855
1,53.7,17.8698206911795,43.4231758117676
1,53.71,17.8731539910659,43.4303283691406
1,53.72,17.8764872909524,43.4446334838867
1,53.73,17.8798205908388,43.4494018554688
1,53.74,17.8831538907252,43.4517860412598
1,53.75,17.8864871906117,43.4684753417969
1,53.76,17.8898204904981,43.4684753417969
1,53.77,17.8931537903845,43.492317199707
1,53.78,17.896487090271,43.5018539428711
1,53.79,17.8998203901574,43.5137748718262
1,53.8,17.9031536900438,43.5113906860352
1,53.81,17.9064869899303,43.5066223144531
1,53.82,17.9098202898167,43.5185432434082
1,53.83,17.9131535897031,43.5090065002441
1,53.84,17.9164868895896,43.5113906860352
1,53.85,17.919820189476,43.5161590576172
1,53.86,17.9231534893625,43.5137748718262
1,53.87,17.9298200891353,43.5304641723633
1,53.88,17.9331533890218,43.5137748718262
1,53.9,17.9364866889082,43.5137748718262
1,53.91,17.9398199887946,43.5304641723633
1,53.92,17.9431532886811,43.5256958007813
1,53.93,17.9464865885675,43.5400009155273
1,53.94,17.9531531883404,43.5328483581543
1,53.96,17.9564864882268,43.5209274291992
1,53.97,17.9631530879997,43.5423851013184
1,53.98,17.9664863878861,43.5233116149902
1,54,17.9698196877725,43.5495376586914
1,54.01,17.9764862875454,43.5328483581543
1,54.02,17.9798195874318,43.5423851013184
1,54.03,17.9831528873183,43.5400009155273
1,54.04,17.9864861872047,43.5400009155273
1,54.05,17.9898194870912,43.5328483581543
1,54.06,17.9931527869776,43.5233116149902
1,54.07,17.996486086864,43.5090065002441
1,54.08,17.9998193867505,43.494701385498
1,54.09,18.0031526866369,43.494701385498
1,54.1,18.0064859865233,43.489933013916
1,54.11,18.0098192864098,43.489933013916
1,54.12,18.0131525862962,43.4970855712891
1,54.13,18.0164858861826,43.4994697570801
1,54.14,18.0198191860691,43.5018539428711
1,54.15,18.0231524859555,43.5161590576172
1,54.16,18.0264857858419,43.5280799865723
1,54.17,18.0298190857284,43.5471534729004
1,54.18,18.0331523856148,43.5566902160645
1,54.19,18.0364856855012,43.5590744018555
1,54.2,18.0398189853877,43.5829162597656
1,54.21,18.0431522852741,43.5924530029297
1,54.22,18.0464855851606,43.6186790466309
1,54.23,18.049818885047,43.632984161377
1,54.24,18.0531521849334,43.647289276123
1,54.25,18.0564854848199,43.6782836914063
1,54.26,18.0598187847063,43.6997413635254
1,54.27,18.0631520845927,43.7092781066895
1,54.28,18.0664853844792,43.7450408935547
1,54.29,18.0698186843656,43.7593460083008
1,54.3,18.073151984252,43.7712669372559
1,54.31,18.0764852841385,43.7808036804199
1,54.32,18.0798185840249,43.795108795166
1,54.33,18.0831518839113,43.787956237793
1,54.34,18.0864851837978,43.8070297241211
1,54.35,18.0898184836842,43.8022613525391
1,54.36,18.0931517835706,43.8189506530762
1,54.37,18.0964850834571,43.8189506530762
1,54.38,18.0998183833435,43.8380241394043
1,54.39,18.10315168323,43.8284873962402
1,54.4,18.1064849831164,43.8475608825684
1,54.41,18.1098182830028,43.8594818115234
1,54.42,18.1131515828893,43.8690185546875
1,54.43,18.1164848827757,43.8880920410156
1,54.44,18.1198181826621,43.8976287841797
1,54.45,18.1231514825486,43.9023971557617
1,54.46,18.126484782435,43.9095497131348
1,54.47,18.1298180823214,43.938159942627
1,54.48,18.1331513822079,43.942928314209
1,54.49,18.1364846820943,43.9739227294922
1,54.5,18.1398179819807,43.9739227294922
1,54.51,18.1431512818672,44.0001487731934
1,54.52,18.1464845817536,44.0192222595215
1,54.53,18.14981788164,44.0359115600586
1,54.54,18.1531511815265,44.0478324890137
1,54.55,18.1564844814129,44.0669059753418
1,54.56,18.1598177812994,44.0812110900879
1,54.57,18.1631510811858,44.0788269042969
1,54.58,18.1664843810722,44.100284576416
1,54.59,18.1698176809587,44.093132019043
1,54.6,18.1731509808451,44.1217422485352
1,54.61,18.1764842807315,44.1265106201172
1,54.62,18.179817580618,44.1408157348633
1,54.63,18.1831508805044,44.1384315490723
1,54.64,18.1864841803908,44.1527366638184
1,54.65,18.1898174802773,44.1575050354004
1,54.66,18.1931507801637,44.1765785217285
1,54.67,18.1964840800501,44.1884994506836
1,54.68,18.1998173799366,44.1980361938477
1,54.69,18.203150679823,44.2075729370117
1,54.7,18.2064839797094,44.2218780517578
1,54.71,18.2098172795959,44.2385673522949
1,54.72,18.2131505794823,44.245719909668
1,54.73,18.2164838793688,44.2624092102051
1,54.74,18.2198171792552,44.2862510681152
1,54.75,18.2231504791416,44.3077087402344
1,54.76,18.2264837790281,44.3363189697266
1,54.77,18.2298170789145,44.3458557128906
1,54.78,18.2331503788009,44.3744659423828
1,54.79,18.2364836786874,44.398307800293
1,54.8,18.2398169785738,44.4269180297852
1,54.81,18.2431502784602,44.4555282592773
1,54.82,18.2464835783467,44.4698333740234
1,54.83,18.2498168782331,44.4889068603516
1,54.84,18.2531501781195,44.5055961608887
1,54.85,18.256483478006,44.5246696472168
1,54.86,18.2598167778924,44.5413589477539
1,54.87,18.2631500777789,44.5437431335449
1,54.88,18.2664833776653,44.550895690918
1,54.89,18.2698166775517,44.562816619873
1,54.9,18.2731499774382,44.550895690918
1,54.91,18.2764832773246,44.5652008056641
1,54.92,18.279816577211,44.550895690918
1,54.93,18.2831498770975,44.558048248291
1,54.94,18.2864831769839,44.5556640625
1,54.95,18.2898164768703,44.550895690918
1,54.96,18.2931497767568,44.553279876709
1,54.97,18.2964830766432,44.553279876709
1,54.98,18.2998163765296,44.558048248291
1,54.99,18.3031496764161,44.548511505127
1,55,18.3064829763025,44.548511505127
1,55.01,18.3098162761889,44.5365905761719
1,55.02,18.3131495760754,44.5461273193359
1,55.03,18.3164828759618,44.548511505127
1,55.04,18.3198161758482,44.5556640625
1,55.05,18.3231494757347,44.5389747619629
1,55.06,18.3264827756211,44.560432434082
1,55.07,18.3298160755076,44.5556640625
1,55.08,18.333149375394,44.560432434082
1,55.09,18.3364826752804,44.558048248291
1,55.1,18.3398159751669,44.553279876709
1,55.11,18.3431492750533,44.553279876709
1,55.12,18.3464825749397,44.5437431335449
1,55.13,18.3498158748262,44.5365905761719
1,55.14,18.3531491747126,44.5365905761719
1,55.15,18.356482474599,44.5318222045898
1,55.16,18.3598157744855,44.5318222045898
1,55.17,18.3631490743719,44.5246696472168
1,55.18,18.3664823742583,44.5270538330078
1,55.19,18.3698156741448,44.5246696472168
1,55.2,18.3731489740312,44.5389747619629
1,55.21,18.3764822739176,44.5342063903809
1,55.22,18.3798155738041,44.5437431335449
1,55.23,18.3831488736905,44.548511505127
1,55.24,18.386482173577,44.5556640625
1,55.25,18.3898154734634,44.5747375488281
1,55.26,18.3931487733498,44.5890426635742
1,55.27,18.3964820732363,44.5985794067383
1,55.28,18.3998153731227,44.6128845214844
1,55.29,18.4031486730091,44.6248054504395
1,55.3,18.4064819728956,44.6438789367676
1,55.31,18.409815272782,44.6438789367676
1,55.32,18.4131485726684,44.6510314941406
1,55.33,18.4164818725549,44.6748733520508
1,55.34,18.4198151724413,44.6724891662598
1,55.35,18.4231484723277,44.6796417236328
1,55.36,18.4264817722142,44.6748733520508
1,55.37,18.4298150721006,44.6915626525879
1,55.38,18.433148371987,44.6772575378418
1,55.39,18.4364816718735,44.6915626525879
1,55.4,18.4398149717599,44.6844100952148
1,55.41,18.4431482716464,44.6915626525879
1,55.42,18.4464815715328,44.6867942810059
1,55.43,18.4498148714192,44.6939468383789
1,55.44,18.4531481713057,44.703483581543
1,55.45,18.4564814711921,44.6963310241699
1,55.46,18.4598147710785,44.713020324707
1,55.47,18.463148070965,44.7177886962891
1,55.48,18.4664813708514,44.7297096252441
1,55.49,18.4698146707378,44.7607040405273
1,55.5,18.4731479706243,44.7654724121094
1,55.51,18.4764812705107,44.7940826416016
1,55.52,18.4798145703971,44.8107719421387
1,55.53,18.4831478702836,44.8298454284668
1,55.54,18.48648117017,44.8346138000488
1,55.55,18.4898144700564,44.863224029541
1,55.56,18.4931477699429,44.8727607727051
1,55.57,18.4964810698293,44.8942184448242
1,55.58,18.4998143697158,44.8918342590332
1,55.59,18.5031476696022,44.9132919311523
1,55.6,18.5064809694886,44.9275970458984
1,55.61,18.5098142693751,44.9132919311523
1,55.62,18.5131475692615,44.9275970458984
1,55.63,18.5164808691479,44.9275970458984
1,55.64,18.5198141690344,44.9109077453613
1,55.65,18.5231474689208,44.9109077453613
1,55.66,18.5264807688072,44.9132919311523
1,55.67,18.5298140686937,44.9037551879883
1,55.68,18.5331473685801,44.8846817016602
1,55.69,18.5364806684665,44.9013710021973
1,55.7,18.539813968353,44.8966026306152
1,55.71,18.5431472682394,44.9061393737793
1,55.72,18.5464805681258,44.9180603027344
1,55.73,18.5498138680123,44.9180603027344
1,55.74,18.5531471678987,44.9442863464355
1,55.75,18.5564804677852,44.9442863464355
1,55.76,18.5598137676716,44.9609756469727
1,55.77,18.563147067558,44.9585914611816
1,55.78,18.5664803674445,44.9848175048828
1,55.79,18.5698136673309,44.9872016906738
1,55.8,18.5731469672173,45.0038909912109
1,55.81,18.5764802671038,45.018196105957
1,55.82,18.5798135669902,45.011043548584
1,55.83,18.5831468668766,45.0325012207031
1,55.84,18.5864801667631,45.0444221496582
1,55.85,18.5898134666495,45.0515747070313
1,55.86,18.5931467665359,45.0658798217773
1,55.87,18.5964800664224,45.0754165649414
1,55.88,18.5998133663088,45.0730323791504
1,55.89,18.6031466661952,45.0754165649414
1,55.9,18.6064799660817,45.0730323791504
1,55.91,18.6098132659681,45.0873374938965
1,55.92,18.6131465658546,45.0825691223145
1,55.93,18.616479865741,45.0992584228516
1,55.94,18.6198131656274,45.0921058654785
1,55.95,18.6231464655139,45.1064109802246
1,55.96,18.6264797654003,45.1040267944336
1,55.97,18.6298130652867,45.1111793518066
1,55.98,18.6331463651732,45.1207160949707
1,55.99,18.6364796650596,45.1159477233887
1,56,18.639812964946,45.1207160949707
1,56.01,18.6431462648325,45.1159477233887
1,56.02,18.6464795647189,45.1397895812988
1,56.03,18.6498128646053,45.1397895812988
1,56.04,18.6531461644918,45.161247253418
1,56.05,18.6564794643782,45.1803207397461
1,56.06,18.6598127642646,45.1827049255371
1,56.07,18.6631460641511,45.1874732971191
1,56.08,18.6664793640375,45.2065467834473
1,56.09,18.669812663924,45.2065467834473
1,56.1,18.6731459638104,45.2136993408203
1,56.11,18.6764792636968,45.2232360839844
1,56.12,18.6798125635833,45.2232360839844
1,56.13,18.6831458634697,45.2280044555664
1,56.14,18.6864791633561,45.2136993408203
1,56.15,18.6898124632426,45.2184677124023
1,56.16,18.693145763129,45.2160835266113
1,56.17,18.6964790630154,45.2232360839844
1,56.18,18.6998123629019,45.2208518981934
1,56.19,18.7031456627883,45.2327728271484
1,56.2,18.7064789626747,45.2446937561035
1,56.21,18.7098122625612,45.2446937561035
1,56.22,18.7131455624476,45.2613830566406
1,56.23,18.716478862334,45.2709197998047
1,56.24,18.7198121622205,45.2899932861328
1,56.25,18.7231454621069,45.2923774719238
1,56.26,18.7264787619933,45.316219329834
1,56.27,18.7298120618798,45.320987701416
1,56.28,18.7331453617662,45.3567504882813
1,56.29,18.7364786616527,45.3567504882813
1,56.3,18.7398119615391,45.3758239746094
1,56.31,18.7431452614255,45.3805923461914
1,56.32,18.746478561312,45.3901290893555
1,56.33,18.7498118611984,45.3972816467285
1,56.34,18.7531451610848,45.3972816467285
1,56.35,18.7564784609713,45.4020500183105
1,56.36,18.7598117608577,45.3972816467285
1,56.37,18.7631450607441,45.4044342041016
1,56.38,18.7664783606306,45.4044342041016
1,56.39,18.769811660517,45.3853607177734
1,56.4,18.7731449604034,45.3853607177734
1,56.41,18.7764782602899,45.3805923461914
1,56.42,18.7798115601763,45.3734397888184
1,56.43,18.7831448600627,45.3591346740723
1,56.44,18.7864781599492,45.3639030456543
1,56.45,18.7898114598356,45.3495979309082
1,56.46,18.7931447597221,45.3376770019531
1,56.47,18.7964780596085,45.3424453735352
1,56.48,18.7998113594949,45.318603515625
1,56.49,18.8031446593814,45.318603515625
1,56.5,18.8064779592678,45.3042984008789
1,56.51,18.8098112591542,45.2995300292969
1,56.52,18.8131445590407,45.2780723571777
1,56.53,18.8164778589271,45.2828407287598
1,56.54,18.8198111588135,45.2733039855957
1,56.55,18.8231444587,45.2756881713867
1,56.56,18.8264777585864,45.2756881713867
1,56.57,18.8298110584728,45.2733039855957
1,56.58,18.8331443583593,45.2780723571777
1,56.59,18.8364776582457,45.2756881713867
1,56.6,18.8398109581321,45.2947616577148
1,56.61,18.8431442580186,45.2828407287598
1,56.62,18.846477557905,45.2780723571777
1,56.63,18.8498108577915,45.2852249145508
1,56.64,18.8531441576779,45.2923774719238
1,56.65,18.8564774575643,45.2995300292969
1,56.66,18.8598107574508,45.3019142150879
1,56.67,18.8631440573372,45.3019142150879
1,56.68,18.8664773572236,45.2947616577148
1,56.69,18.8698106571101,45.3042984008789
1,56.7,18.8731439569965,45.2947616577148
1,56.71,18.8764772568829,45.2971458435059
1,56.72,18.8798105567694,45.3090667724609
1,56.73,18.8831438566558,45.3066825866699
1,56.74,18.8864771565422,45.313835144043
1,56.75,18.8898104564287,45.3281402587891
1,56.76,18.8931437563151,45.318603515625
1,56.77,18.8964770562015,45.3305244445801
1,56.78,18.899810356088,45.313835144043
1,56.79,18.9031436559744,45.3352928161621
1,56.8,18.9064769558609,45.3352928161621
1,56.81,18.9098102557473,45.3495979309082
1,56.82,18.9131435556337,45.3662872314453
1,56.83,18.9164768555202,45.3662872314453
1,56.84,18.9198101554066,45.3853607177734
1,56.85,18.923143455293,45.3925132751465
1,56.86,18.9264767551795,45.4092025756836
1,56.87,18.9298100550659,45.4139709472656
1,56.88,18.9331433549523,45.4187393188477
1,56.89,18.9364766548388,45.4330444335938
1,56.9,18.9398099547252,45.4354286193848
1,56.91,18.9431432546116,45.4497337341309
1,56.92,18.9464765544981,45.466423034668
1,56.93,18.9498098543845,45.4616546630859
1,56.94,18.953143154271,45.473575592041
1,56.95,18.9564764541574,45.478343963623
1,56.96,18.9598097540438,45.4878807067871
1,56.97,18.9631430539303,45.4998016357422
1,56.98,18.9664763538167,45.4974174499512
1,56.99,18.9698096537031,45.5117225646973
1,57,18.9731429535896,45.5212593078613
1,57.01,18.976476253476,45.5307960510254
1,57.02,18.9798095533624,45.5451011657715
1,57.03,18.9831428532489,45.5570220947266
1,57.04,18.9864761531353,45.5665588378906
1,57.05,18.9898094530217,45.5737113952637
1,57.06,18.9931427529082,45.5880165100098
1,57.07,18.9964760527946,45.5927848815918
1,57.08,18.999809352681,45.5951690673828
1,57.09,19.0031426525675,45.619010925293
1,57.1,19.0064759524539,45.6357002258301
1,57.11,19.0098092523404,45.628547668457
1,57.12,19.0131425522268,45.626163482666
1,57.13,19.0164758521132,45.6452369689941
1,57.14,19.0198091519997,45.6571578979492
1,57.15,19.0231424518861,45.6547737121582
1,57.16,19.0264757517725,45.6643104553223
1,57.17,19.029809051659,45.6643104553223
1,57.18,19.0331423515454,45.6833839416504
1,57.19,19.0364756514318,45.6762313842773
1,57.2,19.0398089513183,45.6809997558594
1,57.21,19.0431422512047,45.6929206848145
1,57.22,19.0464755510911,45.6857681274414
1,57.23,19.0498088509776,45.6905364990234
1,57.24,19.053142150864,45.6905364990234
1,57.25,19.0564754507504,45.6809997558594
1,57.26,19.0598087506369,45.6809997558594
1,57.27,19.0631420505233,45.6881523132324
1,57.28,19.0664753504097,45.6833839416504
1,57.29,19.0698086502962,45.6809997558594
1,57.3,19.0731419501826,45.6762313842773
1,57.31,19.0764752500691,45.6833839416504
1,57.32,19.0798085499555,45.6881523132324
1,57.33,19.0831418498419,45.6881523132324
1,57.34,19.0864751497284,45.6833839416504
1,57.35,19.0898084496148,45.6881523132324
1,57.36,19.0931417495012,45.6929206848145
1,57.37,19.0964750493877,45.6929206848145
1,57.38,19.0998083492741,45.7072257995605
1,57.39,19.1031416491605,45.6929206848145
1,57.4,19.106474949047,45.7072257995605
1,57.41,19.1098082489334,45.7000732421875
1,57.42,19.1131415488198,45.7143783569336
1,57.43,19.1164748487063,45.7215309143066
1,57.44,19.1198081485927,45.7143783569336
1,57.45,19.1231414484791,45.7191467285156
1,57.46,19.1264747483656,45.7262992858887
1,57.47,19.129808048252,45.7382202148438
1,57.48,19.1331413481385,45.7382202148438
1,57.49,19.1364746480249,45.7406044006348
1,57.5,19.1398079479113,45.7477569580078
1,57.51,19.1431412477978,45.7596778869629
1,57.52,19.1464745476842,45.7644462585449
1,57.53,19.1498078475706,45.781135559082
1,57.54,19.1531411474571,45.781135559082
1,57.55,19.1564744473435,45.7930564880371
1,57.56,19.1631410471164,45.7859039306641
1,57.58,19.1664743470028,45.8145141601563
1,57.59,19.1698076468892,45.8288192749023
1,57.6,19.1731409467757,45.8288192749023
1,57.61,19.1764742466621,45.8383560180664
1,57.62,19.1798075465485,45.8478927612305
1,57.63,19.183140846435,45.8431243896484
1,57.64,19.1864741463214,45.8431243896484
1,57.65,19.1931407460943,45.8502769470215
1,57.67,19.1964740459807,45.8574295043945
1,57.68,19.1998073458672,45.8431243896484
1,57.69,19.2031406457536,45.8335876464844
1,57.7,19.2098072455265,45.8312034606934
1,57.71,19.2131405454129,45.8359718322754
1,57.73,19.2198071451858,45.7978248596191
1,57.74,19.2231404450722,45.7954406738281
1,57.75,19.2264737449586,45.773983001709
1,57.76,19.2298070448451,45.7549095153809
1,57.77,19.2331403447315,45.7549095153809
1,57.79,19.2364736446179,45.7358360290527
1,57.8,19.2431402443908,45.7096099853516
1,57.81,19.2464735442773,45.7143783569336
1,57.82,19.2498068441637,45.7048416137695
1,57.83,19.2531401440501,45.6953048706055
1,57.84,19.2564734439366,45.6905364990234
1,57.85,19.259806743823,45.6881523132324
1,57.86,19.2631400437094,45.6833839416504
1,57.87,19.2664733435959,45.6690788269043
1,57.88,19.2698066434823,45.6714630126953
1,57.89,19.2731399433687,45.6762313842773
1,57.9,19.2764732432552,45.6666946411133
1,57.91,19.2798065431416,45.6738471984863
1,57.92,19.283139843028,45.6714630126953
1,57.93,19.2864731429145,45.6809997558594
1,57.94,19.2898064428009,45.6809997558594
1,57.95,19.2931397426873,45.6857681274414
1,57.96,19.2964730425738,45.6690788269043
1,57.97,19.2998063424602,45.6809997558594
1,57.98,19.3031396423467,45.6857681274414
1,57.99,19.3064729422331,45.6690788269043
1,58,19.3098062421195,45.6809997558594
1,58.01,19.313139542006,45.6762313842773
1,58.02,19.3164728418924,45.6809997558594
1,58.03,19.3198061417788,45.6905364990234
1,58.04,19.3231394416653,45.6905364990234
1,58.05,19.3264727415517,45.6953048706055
1,58.06,19.3298060414381,45.7024574279785
1,58.07,19.3331393413246,45.7167625427246
1,58.08,19.336472641211,45.7167625427246
1,58.09,19.3398059410974,45.7429885864258
1,58.1,19.3431392409839,45.7406044006348
1,58.11,19.3464725408703,45.7501411437988
1,58.12,19.3498058407567,45.7429885864258
1,58.13,19.3531391406432,45.7644462585449
1,58.14,19.3564724405296,45.773983001709
1,58.15,19.3598057404161,45.769214630127
1,58.16,19.3631390403025,45.781135559082
1,58.17,19.3664723401889,45.769214630127
1,58.18,19.3698056400754,45.783519744873
1,58.19,19.3731389399618,45.7954406738281
1,58.2,19.3764722398482,45.783519744873
1,58.21,19.3798055397347,45.7906723022461
1,58.22,19.3831388396211,45.783519744873
1,58.23,19.3864721395075,45.778751373291
1,58.24,19.389805439394,45.7954406738281
1,58.25,19.3931387392804,45.781135559082
1,58.26,19.3964720391668,45.7882881164551
1,58.27,19.3998053390533,45.7859039306641
1,58.28,19.4031386389397,45.7882881164551
1,58.29,19.4064719388261,45.773983001709
1,58.3,19.4098052387126,45.781135559082
1,58.31,19.413138538599,45.781135559082
1,58.32,19.4164718384855,45.781135559082
1,58.33,19.4198051383719,45.7882881164551
1,58.34,19.4231384382583,45.781135559082
1,58.35,19.4264717381448,45.8002090454102
1,58.36,19.4298050380312,45.8121299743652
1,58.37,19.4331383379176,45.8073616027832
1,58.38,19.4364716378041,45.8335876464844
1,58.39,19.4398049376905,45.8455085754395
1,58.4,19.4431382375769,45.8574295043945
1,58.41,19.4464715374634,45.8741188049316
1,58.42,19.4498048373498,45.8836555480957
1,58.43,19.4531381372362,45.8955764770508
1,58.44,19.4564714371227,45.8955764770508
1,58.45,19.4598047370091,45.9122657775879
1,58.46,19.4631380368955,45.9051132202148
1,58.47,19.466471336782,45.931339263916
1,58.48,19.4698046366684,45.924186706543
1,58.49,19.4731379365548,45.9122657775879
1,58.5,19.4764712364413,45.924186706543
1,58.51,19.4798045363277,45.9194183349609
1,58.52,19.4831378362142,45.8979606628418
1,58.53,19.4864711361006,45.9051132202148
1,58.54,19.489804435987,45.8955764770508
1,58.55,19.4931377358735,45.8931922912598
1,58.56,19.4964710357599,45.9051132202148
1,58.57,19.4998043356463,45.8955764770508
1,58.58,19.5031376355328,45.9051132202148
1,58.59,19.5064709354192,45.8884239196777
1,58.6,19.5098042353056,45.9098815917969
1,58.61,19.5131375351921,45.8955764770508
1,58.62,19.5164708350785,45.8979606628418
1,58.63,19.5198041349649,45.8979606628418
1,58.64,19.5231374348514,45.9074974060059
1,58.65,19.5264707347378,45.9027290344238
1,58.66,19.5298040346242,45.9003448486328
1,58.67,19.5331373345107,45.8979606628418
1,58.68,19.5364706343971,45.8908081054688
1,58.69,19.5398039342836,45.9003448486328
1,58.7,19.54313723417,45.9003448486328
1,58.71,19.5464705340564,45.8955764770508
1,58.72,19.5498038339429,45.9074974060059
1,58.73,19.5531371338293,45.9003448486328
1,58.74,19.5564704337157,45.9122657775879
1,58.75,19.5598037336022,45.9074974060059
1,58.76,19.5631370334886,45.921802520752
1,58.77,19.566470333375,45.9074974060059
1,58.78,19.5698036332615,45.931339263916
1,58.79,19.5731369331479,45.926570892334
1,58.8,19.5764702330343,45.926570892334
1,58.81,19.5798035329208,45.936107635498
1,58.82,19.5831368328072,45.931339263916
1,58.83,19.5864701326936,45.9456443786621
1,58.84,19.5898034325801,45.933723449707
1,58.85,19.5931367324665,45.9480285644531
1,58.86,19.596470032353,45.9551811218262
1,58.87,19.5998033322394,45.9647178649902
1,58.88,19.6031366321258,45.9599494934082
1,58.89,19.6064699320123,45.9647178649902
1,58.9,19.6098032318987,45.9647178649902
1,58.91,19.6131365317851,45.9647178649902
1,58.92,19.6164698316716,45.9718704223633
1,58.93,19.619803131558,45.9599494934082
1,58.94,19.6231364314444,45.9647178649902
1,58.95,19.6264697313309,45.9623336791992
1,58.96,19.6298030312173,45.9647178649902
1,58.97,19.6331363311037,45.9527969360352
1,58.98,19.6364696309902,45.9551811218262
1,58.99,19.6398029308766,45.9480285644531
1,59,19.643136230763,45.9599494934082
1,59.01,19.6464695306495,45.9504127502441
1,59.02,19.6498028305359,45.9527969360352
1,59.03,19.6531361304224,45.9527969360352
1,59.04,19.6564694303088,45.9551811218262
1,59.05,19.6598027301952,45.9575653076172
1,59.06,19.6631360300817,45.9504127502441
1,59.07,19.6664693299681,45.9671020507813
1,59.08,19.6698026298545,45.9599494934082
1,59.09,19.673135929741,45.9575653076172
1,59.1,19.6764692296274,45.9599494934082
1,59.11,19.6798025295138,45.9527969360352
1,59.12,19.6831358294003,45.9623336791992
1,59.13,19.6864691292867,45.9790229797363
1,59.14,19.6898024291731,45.9742546081543
1,59.15,19.6931357290596,45.9790229797363
1,59.16,19.696469028946,45.9814071655273
1,59.17,19.6998023288325,45.9885597229004
1,59.18,19.7031356287189,46.0076332092285
1,59.19,19.7064689286053,45.9957122802734
1,59.2,19.7098022284918,46.0028648376465
1,59.21,19.7131355283782,46.0100173950195
1,59.22,19.7164688282646,46.0195541381836
1,59.23,19.7198021281511,46.0338592529297
1,59.24,19.7231354280375,46.0267066955566
1,59.25,19.7264687279239,46.0433959960938
1,59.26,19.7298020278104,46.0457801818848
1,59.27,19.7331353276968,46.0553169250488
1,59.28,19.7364686275832,46.0600852966309
1,59.29,19.7398019274697,46.0577011108398
1,59.3,19.7431352273561,46.0624694824219
1,59.31,19.7464685272425,46.076774597168
1,59.32,19.749801827129,46.0672378540039
1,59.33,19.7531351270154,46.0720062255859
1,59.34,19.7564684269018,46.0672378540039
1,59.35,19.7598017267883,46.0720062255859
1,59.36,19.7631350266747,46.0696220397949
1,59.37,19.7664683265612,46.076774597168
1,59.38,19.7698016264476,46.0672378540039
1,59.39,19.773134926334,46.074390411377
1,59.4,19.7764682262205,46.079158782959
1,59.41,19.7798015261069,46.074390411377
1,59.42,19.7831348259933,46.076774597168
1,59.43,19.7864681258798,46.0624694824219
1,59.44,19.7898014257662,46.079158782959
1,59.45,19.7931347256526,46.0624694824219
1,59.46,19.7964680255391,46.0624694824219
1,59.47,19.7998013254255,46.0624694824219
1,59.48,19.8031346253119,46.0481643676758
1,59.49,19.8064679251984,46.0362434387207
1,59.5,19.8098012250848,46.0243225097656
1,59.51,19.8131345249712,46.0171699523926
1,59.52,19.8164678248577,46.0124015808105
1,59.53,19.8198011247441,46.0028648376465
1,59.54,19.8231344246306,45.9837913513184
1,59.55,19.826467724517,45.9837913513184
1,59.56,19.8298010244034,45.9671020507813
1,59.57,19.8331343242899,45.9814071655273
1,59.58,19.8364676241763,45.9814071655273
1,59.59,19.8398009240627,45.9814071655273
1,59.6,19.8431342239492,45.9957122802734
1,59.61,19.8464675238356,45.9790229797363
1,59.62,19.849800823722,45.9957122802734
1,59.63,19.8531341236085,46.0171699523926
1,59.64,19.8564674234949,46.0124015808105
1,59.65,19.8598007233813,46.0243225097656
1,59.66,19.8631340232678,46.0362434387207
1,59.67,19.8664673231542,46.0553169250488
1,59.68,19.8698006230406,46.0577011108398
1,59.69,19.8731339229271,46.074390411377
1,59.7,19.8764672228135,46.08154296875
1,59.71,19.8798005227,46.0910797119141
1,59.72,19.8831338225864,46.1006164550781
1,59.73,19.8864671224728,46.1149215698242
1,59.74,19.8898004223593,46.1220741271973
1,59.75,19.8931337222457,46.1363792419434
1,59.76,19.8964670221321,46.1506843566895
1,59.77,19.8998003220186,46.1554527282715
1,59.78,19.903133621905,46.1578369140625
1,59.79,19.9064669217914,46.1697578430176
1,59.8,19.9098002216779,46.1840629577637
1,59.81,19.9131335215643,46.1721420288086
1,59.82,19.9164668214507,46.1769104003906
1,59.83,19.9198001213372,46.1769104003906
1,59.84,19.9231334212236,46.1769104003906
1,59.85,19.92646672111,46.1888313293457
1,59.86,19.9298000209965,46.1912155151367
1,59.87,19.9331333208829,46.1816787719727
1,59.88,19.9364666207694,46.1840629577637
1,59.89,19.9397999206558,46.1673736572266
1,59.9,19.9431332205422,46.1769104003906
1,59.91,19.9464665204287,46.1888313293457
1,59.92,19.9497998203151,46.1864471435547
1,59.93,19.9531331202015,46.1864471435547
1,59.94,19.956466420088,46.1769104003906
1,59.95,19.9597997199744,46.2007522583008
1,59.96,19.9631330198608,46.2150573730469
1,59.97,19.9664663197473,46.2102890014648
1,59.98,19.9697996196337,46.2150573730469
1,59.99,19.9731329195201,46.2198257446289
1,60,19.9764662194066,46.231746673584
1,60.01,19.979799519293,46.2484359741211
1,60.02,19.9831328191794,46.2603569030762
1,60.03,19.9864661190659,46.2675094604492
1,60.04,19.9897994189523,46.2651252746582
1,60.05,19.9931327188388,46.2770462036133
1,60.06,19.9964660187252,46.2794303894043
1,60.07,19.9997993186116,46.2841987609863
1,60.08,20.0031326184981,46.2841987609863
1,60.09,20.0064659183845,46.2722778320313
1,60.1,20.0097992182709,46.2651252746582
1,60.11,20.0131325181574,46.2698936462402
1,60.12,20.0164658180438,46.2460517883301
1,60.13,20.0197991179302,46.238899230957
1,60.14,20.0231324178167,46.234130859375
1,60.15,20.0264657177031,46.2150573730469
1,60.16,20.0297990175895,46.2174415588379
1,60.17,20.033132317476,46.2007522583008
1,60.18,20.0364656173624,46.1959838867188
1,60.19,20.0397989172488,46.1721420288086
1,60.2,20.0431322171353,46.1626052856445
1,60.21,20.0464655170217,46.1435317993164
1,60.22,20.0497988169082,46.1435317993164
1,60.23,20.0531321167946,46.1244583129883
1,60.24,20.056465416681,46.1196899414063
1,60.25,20.0597987165675,46.1363792419434
1,60.26,20.0631320164539,46.1149215698242
1,60.27,20.0664653163403,46.1149215698242
1,60.28,20.0697986162268,46.1196899414063
1,60.29,20.0731319161132,46.1173057556152
1,60.3,20.0764652159996,46.1149215698242
