ééå±âÒêî,éûä‘[sec],à⁄ìÆó [mm],â◊èd[N]
1,0.01,0,1.78813934326172E-02
1,0.22,3.33329988643527E-03,-3.57627868652344E-03
1,0.25,6.66659977287054E-03,2.38418579101563E-03
1,0.26,9.99989965930581E-03,3.57627868652344E-03
1,0.27,1.33331995457411E-02,6.55651092529297E-03
1,0.28,1.66664994321764E-02,8.94069671630859E-03
1,0.29,1.99997993186116E-02,1.07288360595703E-02
1,0.3,2.33330992050469E-02,1.07288360595703E-02
1,0.31,2.66663990914822E-02,7.15255737304688E-03
1,0.32,2.99996989779174E-02,1.19209289550781E-02
1,0.33,3.33329988643527E-02,1.01327896118164E-02
1,0.34,0.036666298750788,1.07288360595703E-02
1,0.35,3.99995986372232E-02,1.13248825073242E-02
1,0.36,4.33328985236585E-02,5.36441802978516E-03
1,0.37,4.66661984100938E-02,5.36441802978516E-03
1,0.38,4.99994982965291E-02,4.76837158203125E-03
1,0.39,5.33327981829643E-02,3.57627868652344E-03
1,0.4,5.66660980693996E-02,4.76837158203125E-03
1,0.41,5.99993979558349E-02,5.36441802978516E-03
1,0.42,6.33326978422702E-02,-1.19209289550781E-03
1,0.43,6.66659977287054E-02,-1.78813934326172E-03
1,0.44,6.99992976151407E-02,3.57627868652344E-03
1,0.45,7.33325975015759E-02,-1.19209289550781E-03
1,0.46,7.66658973880112E-02,1.78813934326172E-03
1,0.47,7.99991972744465E-02,2.38418579101563E-03
1,0.48,8.33324971608818E-02,-2.38418579101563E-03
1,0.49,0.086665797047317,0
1,0.5,8.99990969337523E-02,2.38418579101563E-03
1,0.51,9.33323968201876E-02,3.57627868652344E-03
1,0.52,9.66656967066228E-02,5.96046447753906E-03
1,0.53,9.99989965930581E-02,9.5367431640625E-03
1,0.54,0.103332296479493,1.13248825073242E-02
1,0.55,0.106665596365929,1.31130218505859E-02
1,0.56,0.109998896252364,1.37090682983398E-02
1,0.57,0.113332196138799,1.60932540893555E-02
1,0.58,0.116665496025234,1.13248825073242E-02
1,0.59,0.11999879591167,1.19209289550781E-02
1,0.6,0.123332095798105,1.37090682983398E-02
1,0.61,0.12666539568454,8.94069671630859E-03
1,0.62,0.129998695570976,1.13248825073242E-02
1,0.63,0.133331995457411,4.76837158203125E-03
1,0.64,0.136665295343846,4.76837158203125E-03
1,0.65,0.139998595230281,2.98023223876953E-03
1,0.66,0.143331895116717,2.98023223876953E-03
1,0.67,0.146665195003152,-5.96046447753906E-04
1,0.68,0.149998494889587,1.78813934326172E-03
1,0.69,0.153331794776022,2.38418579101563E-03
1,0.7,0.156665094662458,4.17232513427734E-03
1,0.71,0.163331694435328,4.17232513427734E-03
1,0.72,0.166664994321764,4.17232513427734E-03
1,0.74,0.169998294208199,7.74860382080078E-03
1,0.75,0.173331594094634,7.74860382080078E-03
1,0.76,0.179998193867505,8.94069671630859E-03
1,0.77,0.18333149375394,9.5367431640625E-03
1,0.79,0.186664793640375,1.07288360595703E-02
1,0.8,0.193331393413246,1.13248825073242E-02
1,0.81,0.196664693299681,1.01327896118164E-02
1,0.82,0.199997993186116,7.74860382080078E-03
1,0.83,0.203331293072552,7.74860382080078E-03
1,0.85,0.206664592958987,6.55651092529297E-03
1,0.86,0.213331192731857,8.94069671630859E-03
1,0.87,0.216664492618293,6.55651092529297E-03
1,0.88,0.219997792504728,6.55651092529297E-03
1,0.89,0.223331092391163,4.17232513427734E-03
1,0.9,0.226664392277598,2.38418579101563E-03
1,0.91,0.229997692164034,1.78813934326172E-03
1,0.92,0.233330992050469,2.98023223876953E-03
1,0.93,0.236664291936904,5.96046447753906E-03
1,0.94,0.239997591823339,4.17232513427734E-03
1,0.95,0.243330891709775,4.76837158203125E-03
1,0.96,0.24666419159621,3.57627868652344E-03
1,0.97,0.249997491482645,7.74860382080078E-03
1,0.98,0.253330791369081,5.96046447753906E-03
1,0.99,0.256664091255516,9.5367431640625E-03
1,1,0.259997391141951,7.15255737304688E-03
1,1.01,0.263330691028386,7.74860382080078E-03
1,1.02,0.266663990914822,8.34465026855469E-03
1,1.03,0.269997290801257,7.74860382080078E-03
1,1.04,0.273330590687692,9.5367431640625E-03
1,1.05,0.276663890574127,5.96046447753906E-03
1,1.06,0.279997190460563,4.76837158203125E-03
1,1.07,0.283330490346998,5.96046447753906E-03
1,1.08,0.286663790233433,4.76837158203125E-03
1,1.09,0.289997090119869,7.74860382080078E-03
1,1.1,0.293330390006304,9.5367431640625E-03
1,1.11,0.296663689892739,0.012516975402832
1,1.12,0.299996989779174,1.13248825073242E-02
1,1.13,0.30333028966561,8.94069671630859E-03
1,1.14,0.306663589552045,9.5367431640625E-03
1,1.15,0.30999688943848,7.15255737304688E-03
1,1.16,0.313330189324915,8.94069671630859E-03
1,1.17,0.316663489211351,5.36441802978516E-03
1,1.18,0.319996789097786,5.96046447753906E-03
1,1.19,0.323330088984221,1.19209289550781E-03
1,1.2,0.326663388870657,-5.36441802978516E-03
1,1.21,0.329996688757092,-4.17232513427734E-03
1,1.22,0.333329988643527,-2.98023223876953E-03
1,1.23,0.336663288529962,1.19209289550781E-03
1,1.24,0.339996588416398,0
1,1.25,0.343329888302833,-4.17232513427734E-03
1,1.26,0.346663188189268,-7.15255737304688E-03
1,1.27,0.349996488075703,-5.36441802978516E-03
1,1.28,0.353329787962139,-4.76837158203125E-03
1,1.29,0.356663087848574,-1.19209289550781E-02
1,1.3,0.359996387735009,-1.07288360595703E-02
1,1.31,0.363329687621445,-1.07288360595703E-02
1,1.32,0.36666298750788,-1.19209289550781E-02
1,1.33,0.369996287394315,-1.19209289550781E-02
1,1.34,0.37332958728075,-1.07288360595703E-02
1,1.35,0.376662887167186,-8.34465026855469E-03
1,1.36,0.379996187053621,-8.34465026855469E-03
1,1.37,0.383329486940056,-2.98023223876953E-03
1,1.38,0.386662786826491,-7.15255737304688E-03
1,1.39,0.389996086712927,-8.94069671630859E-03
1,1.4,0.393329386599362,-5.96046447753906E-03
1,1.41,0.396662686485797,-1.07288360595703E-02
1,1.42,0.399995986372232,-7.15255737304688E-03
1,1.43,0.403329286258668,-7.15255737304688E-03
1,1.44,0.406662586145103,-7.74860382080078E-03
1,1.45,0.409995886031538,-5.96046447753906E-03
1,1.46,0.413329185917974,-8.34465026855469E-03
1,1.47,0.416662485804409,-6.55651092529297E-03
1,1.48,0.419995785690844,-4.76837158203125E-03
1,1.49,0.423329085577279,-2.38418579101563E-03
1,1.5,0.426662385463715,0
1,1.51,0.42999568535015,-2.38418579101563E-03
1,1.52,0.433328985236585,2.98023223876953E-03
1,1.53,0.43666228512302,5.36441802978516E-03
1,1.54,0.439995585009456,0
1,1.55,0.443328884895891,0
1,1.56,0.446662184782326,-1.78813934326172E-03
1,1.57,0.449995484668762,-1.19209289550781E-03
1,1.58,0.453328784555197,-1.78813934326172E-03
1,1.59,0.456662084441632,-1.19209289550781E-03
1,1.6,0.459995384328067,5.96046447753906E-04
1,1.61,0.463328684214503,4.76837158203125E-03
1,1.62,0.466661984100938,3.57627868652344E-03
1,1.63,0.469995283987373,0
1,1.64,0.473328583873808,5.96046447753906E-04
1,1.65,0.476661883760244,0
1,1.66,0.479995183646679,-5.36441802978516E-03
1,1.67,0.483328483533114,-7.15255737304688E-03
1,1.68,0.48666178341955,-8.94069671630859E-03
1,1.69,0.489995083305985,-1.43051147460938E-02
1,1.7,0.49332838319242,-1.31130218505859E-02
1,1.71,0.496661683078855,-1.66893005371094E-02
1,1.72,0.499994982965291,-1.84774398803711E-02
1,1.73,0.503328282851726,-1.96695327758789E-02
1,1.74,0.506661582738161,-1.84774398803711E-02
1,1.75,0.509994882624596,-1.72853469848633E-02
1,1.76,0.513328182511032,-1.84774398803711E-02
1,1.77,0.516661482397467,-1.43051147460938E-02
1,1.78,0.519994782283902,-0.012516975402832
1,1.79,0.523328082170337,-0.012516975402832
1,1.8,0.526661382056773,-7.15255737304688E-03
1,1.81,0.529994681943208,-8.94069671630859E-03
1,1.82,0.533327981829643,-7.74860382080078E-03
1,1.83,0.536661281716079,-6.55651092529297E-03
1,1.84,0.539994581602514,-4.17232513427734E-03
1,1.85,0.543327881488949,-3.57627868652344E-03
1,1.86,0.546661181375384,-2.38418579101563E-03
1,1.87,0.54999448126182,-2.98023223876953E-03
1,1.88,0.553327781148255,-2.38418579101563E-03
1,1.89,0.55666108103469,-5.36441802978516E-03
1,1.9,0.559994380921125,-4.17232513427734E-03
1,1.91,0.563327680807561,-4.76837158203125E-03
1,1.92,0.566660980693996,-5.36441802978516E-03
1,1.93,0.569994280580431,-3.57627868652344E-03
1,1.94,0.573327580466866,-6.55651092529297E-03
1,1.95,0.576660880353302,-2.98023223876953E-03
1,1.96,0.579994180239737,-3.57627868652344E-03
1,1.97,0.583327480126172,-3.57627868652344E-03
1,1.98,0.586660780012608,-1.01327896118164E-02
1,1.99,0.589994079899043,-7.15255737304688E-03
1,2,0.593327379785478,-7.15255737304688E-03
1,2.01,0.596660679671913,-8.94069671630859E-03
1,2.02,0.599993979558349,-5.96046447753906E-03
1,2.03,0.603327279444784,-8.94069671630859E-03
1,2.04,0.606660579331219,-6.55651092529297E-03
1,2.05,0.609993879217654,-8.34465026855469E-03
1,2.06,0.61332717910409,-6.55651092529297E-03
1,2.07,0.616660478990525,-7.15255737304688E-03
1,2.08,0.61999377887696,-7.74860382080078E-03
1,2.09,0.623327078763396,-9.5367431640625E-03
1,2.1,0.626660378649831,-1.43051147460938E-02
1,2.11,0.629993678536266,-1.19209289550781E-02
1,2.12,0.633326978422701,-1.37090682983398E-02
1,2.13,0.636660278309137,-1.72853469848633E-02
1,2.14,0.639993578195572,-1.78813934326172E-02
1,2.15,0.643326878082007,-1.72853469848633E-02
1,2.16,0.646660177968442,-1.96695327758789E-02
1,2.17,0.649993477854878,-2.38418579101563E-02
1,2.18,0.653326777741313,-1.66893005371094E-02
1,2.19,0.656660077627748,-1.78813934326172E-02
1,2.2,0.659993377514184,-2.08616256713867E-02
1,2.21,0.663326677400619,-0.019073486328125
1,2.22,0.666659977287054,-2.08616256713867E-02
1,2.23,0.669993277173489,-1.54972076416016E-02
1,2.24,0.673326577059925,-1.13248825073242E-02
1,2.25,0.67665987694636,-1.31130218505859E-02
1,2.26,0.679993176832795,-1.43051147460938E-02
1,2.27,0.68332647671923,-0.012516975402832
1,2.28,0.686659776605666,-1.37090682983398E-02
1,2.29,0.689993076492101,-8.94069671630859E-03
1,2.3,0.693326376378536,-7.15255737304688E-03
1,2.31,0.696659676264971,-8.94069671630859E-03
1,2.32,0.699992976151407,-4.17232513427734E-03
1,2.33,0.703326276037842,-5.96046447753906E-03
1,2.34,0.706659575924277,5.96046447753906E-04
1,2.35,0.709992875810713,6.55651092529297E-03
1,2.36,0.713326175697148,7.15255737304688E-03
1,2.37,0.716659475583583,1.31130218505859E-02
1,2.38,0.719992775470018,1.49011611938477E-02
1,2.39,0.723326075356454,1.31130218505859E-02
1,2.4,0.726659375242889,1.49011611938477E-02
1,2.41,0.729992675129324,1.07288360595703E-02
1,2.42,0.733325975015759,1.07288360595703E-02
1,2.43,0.736659274902195,9.5367431640625E-03
1,2.44,0.73999257478863,5.36441802978516E-03
1,2.45,0.743325874675065,5.96046447753906E-04
1,2.46,0.746659174561501,-2.98023223876953E-03
1,2.47,0.749992474447936,-4.76837158203125E-03
1,2.48,0.753325774334371,-4.76837158203125E-03
1,2.49,0.756659074220806,-8.94069671630859E-03
1,2.5,0.759992374107242,-9.5367431640625E-03
1,2.51,0.763325673993677,-0.012516975402832
1,2.52,0.766658973880112,-1.07288360595703E-02
1,2.53,0.769992273766547,-0.012516975402832
1,2.54,0.773325573652983,-1.37090682983398E-02
1,2.55,0.776658873539418,-1.19209289550781E-02
1,2.56,0.779992173425853,-1.31130218505859E-02
1,2.57,0.783325473312289,-0.012516975402832
1,2.58,0.786658773198724,-1.43051147460938E-02
1,2.59,0.789992073085159,-1.72853469848633E-02
1,2.6,0.793325372971594,-1.72853469848633E-02
1,2.61,0.79665867285803,-1.54972076416016E-02
1,2.62,0.799991972744465,-1.43051147460938E-02
1,2.63,0.8033252726309,-1.49011611938477E-02
1,2.64,0.806658572517335,-1.49011611938477E-02
1,2.65,0.809991872403771,-1.54972076416016E-02
1,2.66,0.813325172290206,-1.13248825073242E-02
1,2.67,0.816658472176641,-1.43051147460938E-02
1,2.68,0.819991772063077,-1.37090682983398E-02
1,2.69,0.823325071949512,-1.37090682983398E-02
1,2.7,0.826658371835947,-1.43051147460938E-02
1,2.71,0.829991671722382,-1.60932540893555E-02
1,2.72,0.833324971608818,-1.49011611938477E-02
1,2.73,0.836658271495253,-1.72853469848633E-02
1,2.74,0.839991571381688,-2.02655792236328E-02
1,2.75,0.843324871268123,-2.08616256713867E-02
1,2.76,0.846658171154559,-2.44379043579102E-02
1,2.77,0.849991471040994,-2.44379043579102E-02
1,2.78,0.853324770927429,-2.38418579101563E-02
1,2.79,0.856658070813864,-2.20537185668945E-02
1,2.8,0.8599913707003,-2.08616256713867E-02
1,2.81,0.863324670586735,-1.78813934326172E-02
1,2.82,0.86665797047317,-1.60932540893555E-02
1,2.83,0.869991270359606,-0.012516975402832
1,2.84,0.873324570246041,-1.19209289550781E-02
1,2.85,0.876657870132476,-9.5367431640625E-03
1,2.86,0.879991170018911,-9.5367431640625E-03
1,2.87,0.883324469905347,-1.01327896118164E-02
1,2.88,0.886657769791782,-6.55651092529297E-03
1,2.89,0.889991069678217,-8.34465026855469E-03
1,2.9,0.893324369564652,-7.15255737304688E-03
1,2.91,0.896657669451088,-5.96046447753906E-03
1,2.92,0.899990969337523,-3.57627868652344E-03
1,2.93,0.903324269223958,-5.96046447753906E-04
1,2.94,0.906657569110394,-1.19209289550781E-03
1,2.95,0.909990868996829,-2.38418579101563E-03
1,2.96,0.913324168883264,5.96046447753906E-04
1,2.97,0.916657468769699,-5.96046447753906E-04
1,2.98,0.919990768656135,-1.78813934326172E-03
1,2.99,0.92332406854257,-5.96046447753906E-04
1,3,0.926657368429005,-2.38418579101563E-03
1,3.01,0.92999066831544,-4.17232513427734E-03
1,3.02,0.933323968201876,-1.19209289550781E-03
1,3.03,0.936657268088311,-1.78813934326172E-03
1,3.04,0.939990567974746,-2.38418579101563E-03
1,3.05,0.943323867861182,-2.98023223876953E-03
1,3.06,0.946657167747617,-5.36441802978516E-03
1,3.07,0.949990467634052,-4.76837158203125E-03
1,3.08,0.953323767520487,-7.15255737304688E-03
1,3.09,0.956657067406923,-5.96046447753906E-03
1,3.1,0.959990367293358,-4.76837158203125E-03
1,3.11,0.963323667179793,-4.76837158203125E-03
1,3.12,0.966656967066228,0
1,3.13,0.969990266952664,4.76837158203125E-03
1,3.14,0.973323566839099,5.96046447753906E-03
1,3.15,0.976656866725534,9.5367431640625E-03
1,3.16,0.979990166611969,1.37090682983398E-02
1,3.17,0.983323466498405,1.54972076416016E-02
1,3.18,0.98665676638484,1.13248825073242E-02
1,3.19,0.989990066271275,1.54972076416016E-02
1,3.2,0.993323366157711,1.54972076416016E-02
1,3.21,0.996656666044146,1.60932540893555E-02
1,3.22,0.999989965930581,9.5367431640625E-03
1,3.23,1.00332326581702,1.13248825073242E-02
1,3.24,1.00665656570345,4.76837158203125E-03
1,3.25,1.00998986558989,0
1,3.26,1.01332316547632,2.38418579101563E-03
1,3.27,1.01665646536276,1.19209289550781E-03
1,3.28,1.01998976524919,-3.57627868652344E-03
1,3.29,1.02332306513563,-3.57627868652344E-03
1,3.3,1.02665636502206,-7.15255737304688E-03
1,3.31,1.0299896649085,-7.15255737304688E-03
1,3.32,1.03332296479493,-6.55651092529297E-03
1,3.33,1.03665626468137,-7.74860382080078E-03
1,3.34,1.0399895645678,-5.96046447753906E-03
1,3.35,1.04332286445424,-1.01327896118164E-02
1,3.36,1.04665616434067,-8.94069671630859E-03
1,3.37,1.04998946422711,-4.17232513427734E-03
1,3.38,1.05332276411355,-5.36441802978516E-03
1,3.39,1.05665606399998,-4.76837158203125E-03
1,3.4,1.05998936388642,-5.36441802978516E-03
1,3.41,1.06332266377285,-5.36441802978516E-03
1,3.42,1.06665596365929,-5.96046447753906E-03
1,3.43,1.06998926354572,-9.5367431640625E-03
1,3.44,1.07332256343216,-1.01327896118164E-02
1,3.45,1.07665586331859,-7.15255737304688E-03
1,3.46,1.07998916320503,-7.15255737304688E-03
1,3.47,1.08332246309146,-5.96046447753906E-03
1,3.48,1.0866557629779,-4.76837158203125E-03
1,3.49,1.08998906286433,-5.96046447753906E-03
1,3.5,1.09332236275077,-4.76837158203125E-03
1,3.51,1.0966556626372,-9.5367431640625E-03
1,3.52,1.09998896252364,-8.94069671630859E-03
1,3.53,1.10332226241007,-7.74860382080078E-03
1,3.54,1.10665556229651,-1.01327896118164E-02
1,3.55,1.10998886218295,-9.5367431640625E-03
1,3.56,1.11332216206938,-8.94069671630859E-03
1,3.57,1.11665546195582,-5.96046447753906E-03
1,3.58,1.11998876184225,-2.38418579101563E-03
1,3.59,1.12332206172869,-5.36441802978516E-03
1,3.6,1.12665536161512,-5.36441802978516E-03
1,3.61,1.12998866150156,-6.55651092529297E-03
1,3.62,1.13332196138799,-4.17232513427734E-03
1,3.63,1.13665526127443,-4.76837158203125E-03
1,3.64,1.13998856116086,-4.76837158203125E-03
1,3.65,1.1433218610473,-7.74860382080078E-03
1,3.66,1.14665516093373,-9.5367431640625E-03
1,3.67,1.14998846082017,-7.15255737304688E-03
1,3.68,1.1533217607066,-7.74860382080078E-03
1,3.69,1.15665506059304,-8.34465026855469E-03
1,3.7,1.15998836047947,-7.15255737304688E-03
1,3.71,1.16332166036591,-1.01327896118164E-02
1,3.72,1.16665496025234,-8.94069671630859E-03
1,3.73,1.16998826013878,-7.74860382080078E-03
1,3.74,1.17332156002522,-7.74860382080078E-03
1,3.75,1.17665485991165,-4.76837158203125E-03
1,3.76,1.17998815979809,-3.57627868652344E-03
1,3.77,1.18332145968452,-1.19209289550781E-03
1,3.78,1.18665475957096,-3.57627868652344E-03
1,3.79,1.18998805945739,-5.96046447753906E-04
1,3.8,1.19332135934383,3.57627868652344E-03
1,3.81,1.19665465923026,4.76837158203125E-03
1,3.82,1.1999879591167,4.76837158203125E-03
1,3.83,1.20332125900313,4.17232513427734E-03
1,3.84,1.20665455888957,4.76837158203125E-03
1,3.85,1.209987858776,7.15255737304688E-03
1,3.86,1.21332115866244,3.57627868652344E-03
1,3.87,1.21665445854887,5.36441802978516E-03
1,3.88,1.21998775843531,2.98023223876953E-03
1,3.89,1.22332105832174,5.36441802978516E-03
1,3.9,1.22665435820818,0
1,3.91,1.22998765809461,4.17232513427734E-03
1,3.92,1.23332095798105,5.36441802978516E-03
1,3.93,1.23665425786749,7.15255737304688E-03
1,3.94,1.23998755775392,9.5367431640625E-03
1,3.95,1.24332085764036,1.07288360595703E-02
1,3.96,1.24665415752679,7.15255737304688E-03
1,3.97,1.24998745741323,1.01327896118164E-02
1,3.98,1.25332075729966,8.94069671630859E-03
1,3.99,1.2566540571861,7.15255737304688E-03
1,4,1.25998735707253,5.36441802978516E-03
1,4.01,1.26332065695897,5.96046447753906E-04
1,4.02,1.2666539568454,2.38418579101563E-03
1,4.03,1.26998725673184,-1.78813934326172E-03
1,4.04,1.27332055661827,0
1,4.05,1.27665385650471,1.78813934326172E-03
1,4.06,1.27998715639114,-5.96046447753906E-04
1,4.07,1.28332045627758,1.78813934326172E-03
1,4.08,1.28665375616401,-1.19209289550781E-03
1,4.09,1.28998705605045,3.57627868652344E-03
1,4.1,1.29332035593688,1.19209289550781E-03
1,4.11,1.29665365582332,3.57627868652344E-03
1,4.12,1.29998695570976,4.76837158203125E-03
1,4.13,1.30332025559619,3.57627868652344E-03
1,4.14,1.30665355548263,5.96046447753906E-04
1,4.15,1.30998685536906,3.57627868652344E-03
1,4.16,1.3133201552555,5.96046447753906E-04
1,4.17,1.31665345514193,5.96046447753906E-04
1,4.18,1.31998675502837,-6.55651092529297E-03
1,4.19,1.3233200549148,-1.19209289550781E-03
1,4.2,1.32665335480124,-1.78813934326172E-03
1,4.21,1.32998665468767,0
1,4.22,1.33331995457411,1.19209289550781E-03
1,4.23,1.33665325446054,-1.19209289550781E-03
1,4.24,1.33998655434698,-3.57627868652344E-03
1,4.25,1.34331985423341,0
1,4.26,1.34665315411985,-1.78813934326172E-03
1,4.27,1.34998645400628,-1.78813934326172E-03
1,4.28,1.35331975389272,0
1,4.29,1.35665305377916,1.19209289550781E-03
1,4.3,1.35998635366559,-1.19209289550781E-03
1,4.31,1.36331965355203,-6.55651092529297E-03
1,4.32,1.36665295343846,-7.74860382080078E-03
1,4.33,1.3699862533249,-7.74860382080078E-03
1,4.34,1.37331955321133,-7.74860382080078E-03
1,4.35,1.37665285309777,-5.36441802978516E-03
1,4.36,1.3799861529842,-1.13248825073242E-02
1,4.37,1.38331945287064,-7.15255737304688E-03
1,4.38,1.38665275275707,-7.15255737304688E-03
1,4.39,1.38998605264351,-5.96046447753906E-03
1,4.4,1.39331935252994,-4.76837158203125E-03
1,4.41,1.39665265241638,-5.96046447753906E-04
1,4.42,1.40331925218925,-5.96046447753906E-04
1,4.44,1.40665255207568,-1.78813934326172E-03
1,4.45,1.40998585196212,1.19209289550781E-03
1,4.46,1.41331915184855,5.96046447753906E-04
1,4.47,1.41665245173499,-5.96046447753906E-03
1,4.48,1.42331905150786,-5.36441802978516E-03
1,4.5,1.4266523513943,-1.37090682983398E-02
1,4.51,1.43331895116717,-0.012516975402832
1,4.52,1.4366522510536,-2.02655792236328E-02
1,4.54,1.43998555094004,-1.60932540893555E-02
1,4.55,1.44665215071291,-2.02655792236328E-02
1,4.56,1.44998545059934,-1.96695327758789E-02
1,4.57,1.45331875048578,-1.84774398803711E-02
1,4.58,1.45665205037221,-1.54972076416016E-02
1,4.59,1.45998535025865,-1.60932540893555E-02
1,4.6,1.46331865014508,-1.37090682983398E-02
1,4.61,1.46665195003152,-1.19209289550781E-02
1,4.62,1.46998524991795,-1.13248825073242E-02
1,4.63,1.47331854980439,-1.13248825073242E-02
1,4.64,1.47665184969082,-8.34465026855469E-03
1,4.65,1.47998514957726,-5.36441802978516E-03
1,4.66,1.4833184494637,-6.55651092529297E-03
1,4.67,1.48665174935013,-2.98023223876953E-03
1,4.68,1.48998504923657,-1.19209289550781E-03
1,4.69,1.493318349123,-2.38418579101563E-03
1,4.7,1.49665164900944,-1.19209289550781E-03
1,4.71,1.49998494889587,1.19209289550781E-03
1,4.72,1.50331824878231,0
1,4.73,1.50665154866874,0
1,4.74,1.50998484855518,2.98023223876953E-03
1,4.75,1.51331814844161,-3.57627868652344E-03
1,4.76,1.51665144832805,-2.38418579101563E-03
1,4.77,1.51998474821448,5.96046447753906E-04
1,4.78,1.52331804810092,-1.19209289550781E-03
1,4.79,1.52665134798735,-2.98023223876953E-03
1,4.8,1.52998464787379,-2.38418579101563E-03
1,4.81,1.53331794776022,-2.38418579101563E-03
1,4.82,1.53665124764666,0
1,4.83,1.53998454753309,0
1,4.84,1.54331784741953,-5.96046447753906E-04
1,4.85,1.54665114730597,5.96046447753906E-04
1,4.86,1.5499844471924,-2.98023223876953E-03
1,4.87,1.55331774707884,5.96046447753906E-04
1,4.88,1.55665104696527,2.38418579101563E-03
1,4.89,1.55998434685171,2.38418579101563E-03
1,4.9,1.56331764673814,7.15255737304688E-03
1,4.91,1.56665094662458,5.96046447753906E-03
1,4.92,1.56998424651101,3.57627868652344E-03
1,4.93,1.57331754639745,5.36441802978516E-03
1,4.94,1.57665084628388,5.96046447753906E-03
1,4.95,1.57998414617032,3.57627868652344E-03
1,4.96,1.58331744605675,4.17232513427734E-03
1,4.97,1.58665074594319,1.78813934326172E-03
1,4.98,1.58998404582962,1.19209289550781E-03
1,4.99,1.59331734571606,-2.38418579101563E-03
1,5,1.59665064560249,-3.57627868652344E-03
1,5.01,1.59998394548893,-2.38418579101563E-03
1,5.02,1.60331724537537,-7.74860382080078E-03
1,5.03,1.6066505452618,-4.17232513427734E-03
1,5.04,1.60998384514824,-4.76837158203125E-03
1,5.05,1.61331714503467,-3.57627868652344E-03
1,5.06,1.61665044492111,-4.17232513427734E-03
1,5.07,1.61998374480754,5.96046447753906E-04
1,5.08,1.62331704469398,-5.96046447753906E-04
1,5.09,1.62665034458041,3.57627868652344E-03
1,5.1,1.62998364446685,5.36441802978516E-03
1,5.11,1.63331694435328,6.55651092529297E-03
1,5.12,1.63665024423972,8.94069671630859E-03
1,5.13,1.63998354412615,8.34465026855469E-03
1,5.14,1.64331684401259,1.19209289550781E-02
1,5.15,1.64665014389902,1.01327896118164E-02
1,5.16,1.64998344378546,1.43051147460938E-02
1,5.17,1.65331674367189,1.78813934326172E-02
1,5.18,1.65665004355833,1.96695327758789E-02
1,5.19,1.65998334344476,1.66893005371094E-02
1,5.2,1.6633166433312,1.54972076416016E-02
1,5.21,1.66664994321764,1.78813934326172E-02
1,5.22,1.66998324310407,1.49011611938477E-02
1,5.23,1.67331654299051,1.43051147460938E-02
1,5.24,1.67664984287694,1.31130218505859E-02
1,5.25,1.67998314276338,1.19209289550781E-02
1,5.26,1.68331644264981,1.37090682983398E-02
1,5.27,1.68664974253625,1.01327896118164E-02
1,5.28,1.68998304242268,1.49011611938477E-02
1,5.29,1.69331634230912,1.31130218505859E-02
1,5.3,1.69664964219555,7.15255737304688E-03
1,5.31,1.69998294208199,1.13248825073242E-02
1,5.32,1.70331624196842,0.012516975402832
1,5.33,1.70664954185486,8.34465026855469E-03
1,5.34,1.70998284174129,9.5367431640625E-03
1,5.35,1.71331614162773,0.012516975402832
1,5.36,1.71664944151416,1.72853469848633E-02
1,5.37,1.7199827414006,0.012516975402832
1,5.38,1.72331604128703,1.49011611938477E-02
1,5.39,1.72664934117347,1.19209289550781E-02
1,5.4,1.72998264105991,1.43051147460938E-02
1,5.41,1.73331594094634,1.07288360595703E-02
1,5.42,1.73664924083278,0.012516975402832
1,5.43,1.73998254071921,0.012516975402832
1,5.44,1.74331584060565,1.13248825073242E-02
1,5.45,1.74664914049208,1.37090682983398E-02
1,5.46,1.74998244037852,1.37090682983398E-02
1,5.47,1.75331574026495,1.49011611938477E-02
1,5.48,1.75664904015139,1.72853469848633E-02
1,5.49,1.75998234003782,1.49011611938477E-02
1,5.5,1.76331563992426,1.37090682983398E-02
1,5.51,1.76664893981069,0.012516975402832
1,5.52,1.76998223969713,8.94069671630859E-03
1,5.53,1.77331553958356,0.012516975402832
1,5.54,1.77664883947,1.66893005371094E-02
1,5.55,1.77998213935643,1.54972076416016E-02
1,5.56,1.78331543924287,1.60932540893555E-02
1,5.57,1.7866487391293,2.26497650146484E-02
1,5.58,1.78998203901574,2.20537185668945E-02
1,5.59,1.79331533890218,2.80141830444336E-02
1,5.6,1.79664863878861,3.03983688354492E-02
1,5.61,1.79998193867505,2.68220901489258E-02
1,5.62,1.80331523856148,0.025629997253418
1,5.63,1.80664853844792,2.62260437011719E-02
1,5.64,1.80998183833435,2.32458114624023E-02
1,5.65,1.81331513822079,2.02655792236328E-02
1,5.66,1.81664843810722,1.96695327758789E-02
1,5.67,1.81998173799366,1.96695327758789E-02
1,5.68,1.82331503788009,1.66893005371094E-02
1,5.69,1.82664833776653,1.60932540893555E-02
1,5.7,1.82998163765296,0.012516975402832
1,5.71,1.8333149375394,1.66893005371094E-02
1,5.72,1.83664823742583,1.72853469848633E-02
1,5.73,1.83998153731227,1.72853469848633E-02
1,5.74,1.8433148371987,1.19209289550781E-02
1,5.75,1.84664813708514,7.74860382080078E-03
1,5.76,1.84998143697158,1.07288360595703E-02
1,5.77,1.85331473685801,1.01327896118164E-02
1,5.78,1.85664803674445,7.15255737304688E-03
1,5.79,1.85998133663088,2.98023223876953E-03
1,5.8,1.86331463651732,1.78813934326172E-03
1,5.81,1.86664793640375,-7.15255737304688E-03
1,5.82,1.86998123629019,-4.76837158203125E-03
1,5.83,1.87331453617662,-8.34465026855469E-03
1,5.84,1.87664783606306,-5.36441802978516E-03
1,5.85,1.87998113594949,-7.74860382080078E-03
1,5.86,1.88331443583593,-1.19209289550781E-02
1,5.87,1.88664773572236,-1.01327896118164E-02
1,5.88,1.8899810356088,-9.5367431640625E-03
1,5.89,1.89331433549523,-8.34465026855469E-03
1,5.9,1.89664763538167,-6.55651092529297E-03
1,5.91,1.8999809352681,-8.94069671630859E-03
1,5.92,1.90331423515454,-9.5367431640625E-03
1,5.93,1.90664753504097,-8.34465026855469E-03
1,5.94,1.90998083492741,-4.76837158203125E-03
1,5.95,1.91331413481385,-4.17232513427734E-03
1,5.96,1.91664743470028,-1.19209289550781E-03
1,5.97,1.91998073458672,4.76837158203125E-03
1,5.98,1.92331403447315,3.57627868652344E-03
1,5.99,1.92664733435959,-1.78813934326172E-03
1,6,1.92998063424602,-4.76837158203125E-03
1,6.01,1.93331393413246,-2.38418579101563E-03
1,6.02,1.93664723401889,-3.57627868652344E-03
1,6.03,1.93998053390533,-1.78813934326172E-03
1,6.04,1.94331383379176,-7.15255737304688E-03
1,6.05,1.9466471336782,-5.36441802978516E-03
1,6.06,1.94998043356463,-9.5367431640625E-03
1,6.07,1.95331373345107,-5.96046447753906E-03
1,6.08,1.9566470333375,-3.57627868652344E-03
1,6.09,1.95998033322394,-5.36441802978516E-03
1,6.1,1.96331363311037,-7.15255737304688E-03
1,6.11,1.96664693299681,-5.36441802978516E-03
1,6.12,1.96998023288324,-7.15255737304688E-03
1,6.13,1.97331353276968,-6.55651092529297E-03
1,6.14,1.97664683265612,-9.5367431640625E-03
1,6.15,1.97998013254255,-5.36441802978516E-03
1,6.16,1.98331343242899,-4.76837158203125E-03
1,6.17,1.98664673231542,-7.15255737304688E-03
1,6.18,1.98998003220186,-1.78813934326172E-03
1,6.19,1.99331333208829,-2.98023223876953E-03
1,6.2,1.99664663197473,3.57627868652344E-03
1,6.21,1.99997993186116,0
1,6.22,2.0033132317476,5.96046447753906E-04
1,6.23,2.00664653163403,1.78813934326172E-03
1,6.24,2.00997983152047,4.76837158203125E-03
1,6.25,2.0133131314069,8.94069671630859E-03
1,6.26,2.01664643129334,4.76837158203125E-03
1,6.27,2.01997973117977,6.55651092529297E-03
1,6.28,2.02331303106621,1.19209289550781E-03
1,6.29,2.02664633095264,0
1,6.3,2.02997963083908,0
1,6.31,2.03331293072552,-3.57627868652344E-03
1,6.32,2.03664623061195,-5.96046447753906E-04
1,6.33,2.03997953049839,5.96046447753906E-04
1,6.34,2.04331283038482,0
1,6.35,2.04664613027126,2.38418579101563E-03
1,6.36,2.04997943015769,5.96046447753906E-03
1,6.37,2.05331273004413,4.17232513427734E-03
1,6.38,2.05664602993056,8.34465026855469E-03
1,6.39,2.059979329817,5.96046447753906E-03
1,6.4,2.06331262970343,5.96046447753906E-03
1,6.41,2.06664592958987,2.98023223876953E-03
1,6.42,2.0699792294763,5.96046447753906E-04
1,6.43,2.07331252936274,1.78813934326172E-03
1,6.44,2.07664582924917,2.38418579101563E-03
1,6.45,2.07997912913561,5.36441802978516E-03
1,6.46,2.08331242902204,1.19209289550781E-03
1,6.47,2.08664572890848,-5.96046447753906E-04
1,6.48,2.08997902879491,-2.38418579101563E-03
1,6.49,2.09331232868135,0
1,6.5,2.09664562856779,2.38418579101563E-03
1,6.51,2.09997892845422,4.17232513427734E-03
1,6.52,2.10331222834066,2.98023223876953E-03
1,6.53,2.10664552822709,3.57627868652344E-03
1,6.54,2.10997882811353,1.19209289550781E-03
1,6.55,2.11331212799996,1.19209289550781E-03
1,6.56,2.1166454278864,5.36441802978516E-03
1,6.57,2.11997872777283,0
1,6.58,2.12331202765927,2.38418579101563E-03
1,6.59,2.1266453275457,2.38418579101563E-03
1,6.6,2.12997862743214,-4.17232513427734E-03
1,6.61,2.13331192731857,-4.17232513427734E-03
1,6.62,2.13664522720501,-2.38418579101563E-03
1,6.63,2.13997852709144,-5.36441802978516E-03
1,6.64,2.14331182697788,-4.17232513427734E-03
1,6.65,2.14664512686431,-3.57627868652344E-03
1,6.66,2.14997842675075,-3.57627868652344E-03
1,6.67,2.15331172663718,1.19209289550781E-03
1,6.68,2.15664502652362,5.96046447753906E-04
1,6.69,2.15997832641006,1.78813934326172E-03
1,6.7,2.16331162629649,0
1,6.71,2.16664492618293,1.19209289550781E-03
1,6.72,2.16997822606936,5.36441802978516E-03
1,6.73,2.1733115259558,9.5367431640625E-03
1,6.74,2.17664482584223,1.19209289550781E-02
1,6.75,2.17997812572867,1.31130218505859E-02
1,6.76,2.1833114256151,1.13248825073242E-02
1,6.77,2.18664472550154,1.49011611938477E-02
1,6.78,2.18997802538797,1.49011611938477E-02
1,6.79,2.19331132527441,1.07288360595703E-02
1,6.8,2.19664462516084,1.31130218505859E-02
1,6.81,2.19997792504728,1.01327896118164E-02
1,6.82,2.20331122493371,1.07288360595703E-02
1,6.83,2.20664452482015,7.15255737304688E-03
1,6.84,2.20997782470658,8.94069671630859E-03
1,6.85,2.21331112459302,9.5367431640625E-03
1,6.86,2.21664442447945,9.5367431640625E-03
1,6.87,2.21997772436589,1.01327896118164E-02
1,6.88,2.22331102425233,1.01327896118164E-02
1,6.89,2.22664432413876,1.19209289550781E-02
1,6.9,2.2299776240252,1.43051147460938E-02
1,6.91,2.23331092391163,1.66893005371094E-02
1,6.92,2.23664422379807,2.20537185668945E-02
1,6.93,2.2399775236845,1.96695327758789E-02
1,6.94,2.24331082357094,2.26497650146484E-02
1,6.95,2.24664412345737,2.38418579101563E-02
1,6.96,2.24997742334381,2.08616256713867E-02
1,6.97,2.25331072323024,1.66893005371094E-02
1,6.98,2.25664402311668,1.60932540893555E-02
1,6.99,2.25997732300311,1.49011611938477E-02
1,7,2.26331062288955,1.07288360595703E-02
1,7.01,2.26664392277598,9.5367431640625E-03
1,7.02,2.26997722266242,3.57627868652344E-03
1,7.03,2.27331052254885,1.19209289550781E-03
1,7.04,2.27664382243529,4.76837158203125E-03
1,7.05,2.27997712232172,2.38418579101563E-03
1,7.06,2.28331042220816,2.98023223876953E-03
1,7.07,2.2866437220946,4.17232513427734E-03
1,7.08,2.28997702198103,-5.96046447753906E-04
1,7.09,2.29331032186747,2.98023223876953E-03
1,7.1,2.2966436217539,0
1,7.11,2.29997692164034,3.57627868652344E-03
1,7.12,2.30331022152677,1.19209289550781E-03
1,7.13,2.30664352141321,0
1,7.14,2.30997682129964,-5.96046447753906E-04
1,7.15,2.31331012118608,2.38418579101563E-03
1,7.16,2.31664342107251,2.38418579101563E-03
1,7.17,2.31997672095895,5.36441802978516E-03
1,7.18,2.32331002084538,8.34465026855469E-03
1,7.19,2.32664332073182,1.01327896118164E-02
1,7.2,2.32997662061825,8.94069671630859E-03
1,7.21,2.33330992050469,1.01327896118164E-02
1,7.22,2.33664322039112,1.13248825073242E-02
1,7.23,2.33997652027756,8.34465026855469E-03
1,7.24,2.343309820164,8.94069671630859E-03
1,7.25,2.34664312005043,1.13248825073242E-02
1,7.26,2.34997641993687,1.07288360595703E-02
1,7.27,2.3533097198233,1.66893005371094E-02
1,7.28,2.35664301970974,1.60932540893555E-02
1,7.29,2.35997631959617,1.66893005371094E-02
1,7.3,2.36330961948261,1.43051147460938E-02
1,7.31,2.36664291936904,0.019073486328125
1,7.32,2.36997621925548,1.84774398803711E-02
1,7.33,2.37330951914191,1.96695327758789E-02
1,7.34,2.37664281902835,2.20537185668945E-02
1,7.35,2.37997611891478,0.019073486328125
1,7.36,2.38330941880122,0.019073486328125
1,7.37,2.38664271868765,1.72853469848633E-02
1,7.38,2.38997601857409,2.38418579101563E-02
1,7.39,2.39330931846052,2.44379043579102E-02
1,7.4,2.39664261834696,1.96695327758789E-02
1,7.41,2.39997591823339,2.44379043579102E-02
1,7.42,2.40330921811983,2.08616256713867E-02
1,7.43,2.40664251800627,1.60932540893555E-02
1,7.44,2.4099758178927,1.49011611938477E-02
1,7.45,2.41330911777914,1.66893005371094E-02
1,7.46,2.41664241766557,1.19209289550781E-02
1,7.47,2.41997571755201,1.31130218505859E-02
1,7.48,2.42330901743844,1.54972076416016E-02
1,7.49,2.42664231732488,0.012516975402832
1,7.5,2.42997561721131,0.012516975402832
1,7.51,2.43330891709775,1.07288360595703E-02
1,7.52,2.43664221698418,8.94069671630859E-03
1,7.53,2.43997551687062,0.012516975402832
1,7.54,2.44330881675705,1.66893005371094E-02
1,7.55,2.44664211664349,1.37090682983398E-02
1,7.56,2.44997541652992,1.49011611938477E-02
1,7.57,2.45330871641636,1.60932540893555E-02
1,7.58,2.45664201630279,1.43051147460938E-02
1,7.59,2.45997531618923,1.72853469848633E-02
1,7.6,2.46330861607566,0.019073486328125
1,7.61,2.4666419159621,1.43051147460938E-02
1,7.62,2.46997521584854,1.49011611938477E-02
1,7.63,2.47330851573497,1.49011611938477E-02
1,7.64,2.47664181562141,1.49011611938477E-02
1,7.65,2.47997511550784,0.012516975402832
1,7.66,2.48330841539428,9.5367431640625E-03
1,7.67,2.48664171528071,0.012516975402832
1,7.68,2.48997501516715,1.19209289550781E-02
1,7.69,2.49330831505358,1.43051147460938E-02
1,7.7,2.49664161494002,1.78813934326172E-02
1,7.71,2.49997491482645,1.60932540893555E-02
1,7.72,2.50330821471289,1.37090682983398E-02
1,7.73,2.50664151459932,1.66893005371094E-02
1,7.74,2.50997481448576,1.60932540893555E-02
1,7.75,2.51330811437219,1.60932540893555E-02
1,7.76,2.51664141425863,1.72853469848633E-02
1,7.77,2.51997471414506,1.66893005371094E-02
1,7.78,2.5233080140315,1.49011611938477E-02
1,7.79,2.52664131391793,1.66893005371094E-02
1,7.8,2.52997461380437,2.02655792236328E-02
1,7.81,2.53330791369081,2.26497650146484E-02
1,7.82,2.53664121357724,2.26497650146484E-02
1,7.83,2.53997451346368,2.20537185668945E-02
1,7.84,2.54330781335011,2.02655792236328E-02
1,7.85,2.54664111323655,1.78813934326172E-02
1,7.86,2.54997441312298,1.72853469848633E-02
1,7.87,2.55330771300942,2.02655792236328E-02
1,7.88,2.55664101289585,1.72853469848633E-02
1,7.89,2.55997431278229,1.54972076416016E-02
1,7.9,2.56330761266872,0.019073486328125
1,7.91,2.56664091255516,1.31130218505859E-02
1,7.92,2.56997421244159,1.19209289550781E-02
1,7.93,2.57330751232803,1.72853469848633E-02
1,7.94,2.57664081221446,1.60932540893555E-02
1,7.95,2.5799741121009,1.49011611938477E-02
1,7.96,2.58330741198733,1.60932540893555E-02
1,7.97,2.58664071187377,0.012516975402832
1,7.98,2.58997401176021,1.49011611938477E-02
1,7.99,2.59330731164664,1.49011611938477E-02
1,8,2.59664061153308,1.60932540893555E-02
1,8.01,2.59997391141951,1.66893005371094E-02
1,8.02,2.60330721130595,1.66893005371094E-02
1,8.03,2.60664051119238,1.60932540893555E-02
1,8.04,2.60997381107882,1.72853469848633E-02
1,8.05,2.61330711096525,2.08616256713867E-02
1,8.06,2.61664041085169,2.50339508056641E-02
1,8.07,2.61997371073812,2.62260437011719E-02
1,8.08,2.62330701062456,2.86102294921875E-02
1,8.09,2.62664031051099,2.80141830444336E-02
1,8.1,2.63330691028386,2.98023223876953E-02
1,8.12,2.6366402101703,2.80141830444336E-02
1,8.13,2.63997351005673,2.80141830444336E-02
1,8.14,2.64330680994317,2.50339508056641E-02
1,8.15,2.6466401098296,2.44379043579102E-02
1,8.16,2.64997340971604,2.14576721191406E-02
1,8.17,2.65330670960248,1.96695327758789E-02
1,8.18,2.65664000948891,1.84774398803711E-02
1,8.19,2.66330660926178,1.66893005371094E-02
1,8.2,2.66663990914822,0.012516975402832
1,8.21,2.66997320903465,1.43051147460938E-02
1,8.23,2.67330650892109,1.66893005371094E-02
1,8.24,2.67997310869396,1.78813934326172E-02
1,8.25,2.68330640858039,1.60932540893555E-02
1,8.26,2.68663970846683,1.43051147460938E-02
1,8.27,2.68997300835326,1.43051147460938E-02
1,8.28,2.6933063082397,1.19209289550781E-02
1,8.29,2.69663960812613,1.13248825073242E-02
1,8.3,2.69997290801257,1.01327896118164E-02
1,8.31,2.703306207899,8.94069671630859E-03
1,8.33,2.70997280767187,8.34465026855469E-03
1,8.34,2.71330610755831,1.13248825073242E-02
1,8.35,2.71663940744475,1.49011611938477E-02
1,8.36,2.71997270733118,1.37090682983398E-02
1,8.37,2.72330600721762,1.54972076416016E-02
1,8.38,2.72663930710405,1.66893005371094E-02
1,8.39,2.72997260699049,1.49011611938477E-02
1,8.4,2.73330590687692,1.37090682983398E-02
1,8.41,2.73663920676336,1.01327896118164E-02
1,8.42,2.73997250664979,0.012516975402832
1,8.43,2.74330580653623,1.07288360595703E-02
1,8.44,2.74663910642266,8.34465026855469E-03
1,8.45,2.7499724063091,1.07288360595703E-02
1,8.46,2.75330570619553,1.19209289550781E-02
1,8.47,2.75663900608197,1.31130218505859E-02
1,8.48,2.7599723059684,0.012516975402832
1,8.49,2.76330560585484,8.94069671630859E-03
1,8.5,2.76663890574127,8.34465026855469E-03
1,8.51,2.76997220562771,1.01327896118164E-02
1,8.52,2.77330550551414,8.94069671630859E-03
1,8.53,2.77663880540058,0.012516975402832
1,8.54,2.77997210528702,1.19209289550781E-02
1,8.55,2.78330540517345,1.01327896118164E-02
1,8.56,2.78663870505989,9.5367431640625E-03
1,8.57,2.78997200494632,4.17232513427734E-03
1,8.58,2.79330530483276,5.36441802978516E-03
1,8.59,2.79663860471919,5.36441802978516E-03
1,8.6,2.79997190460563,8.94069671630859E-03
1,8.61,2.80330520449206,7.74860382080078E-03
1,8.62,2.8066385043785,1.01327896118164E-02
1,8.63,2.80997180426493,8.34465026855469E-03
1,8.64,2.81330510415137,1.07288360595703E-02
1,8.65,2.8166384040378,0.012516975402832
1,8.66,2.81997170392424,8.94069671630859E-03
1,8.67,2.82330500381067,1.07288360595703E-02
1,8.68,2.82663830369711,1.07288360595703E-02
1,8.69,2.82997160358354,6.55651092529297E-03
1,8.7,2.83330490346998,5.96046447753906E-03
1,8.71,2.83663820335642,6.55651092529297E-03
1,8.72,2.83997150324285,4.17232513427734E-03
1,8.73,2.84330480312929,4.76837158203125E-03
1,8.74,2.84663810301572,0
1,8.75,2.84997140290216,2.38418579101563E-03
1,8.76,2.85330470278859,4.76837158203125E-03
1,8.77,2.85663800267503,1.78813934326172E-03
1,8.78,2.85997130256146,0
1,8.79,2.8633046024479,-1.19209289550781E-03
1,8.8,2.86663790233433,5.96046447753906E-04
1,8.81,2.86997120222077,-1.78813934326172E-03
1,8.82,2.8733045021072,-5.96046447753906E-04
1,8.83,2.87663780199364,4.76837158203125E-03
1,8.84,2.87997110188007,5.96046447753906E-03
1,8.85,2.88330440176651,8.94069671630859E-03
1,8.86,2.88663770165294,7.15255737304688E-03
1,8.87,2.88997100153938,9.5367431640625E-03
1,8.88,2.89330430142581,8.94069671630859E-03
1,8.89,2.89663760131225,1.01327896118164E-02
1,8.9,2.89997090119869,1.19209289550781E-02
1,8.91,2.90330420108512,1.07288360595703E-02
1,8.92,2.90663750097156,1.19209289550781E-02
1,8.93,2.90997080085799,1.54972076416016E-02
1,8.94,2.91330410074443,1.84774398803711E-02
1,8.95,2.91663740063086,1.84774398803711E-02
1,8.96,2.9199707005173,0.019073486328125
1,8.97,2.92330400040373,2.02655792236328E-02
1,8.98,2.92663730029017,1.19209289550781E-02
1,8.99,2.9299706001766,1.43051147460938E-02
1,9,2.93330390006304,1.07288360595703E-02
1,9.01,2.93663719994947,8.94069671630859E-03
1,9.02,2.93997049983591,8.34465026855469E-03
1,9.03,2.94330379972234,5.96046447753906E-03
1,9.04,2.94663709960878,-1.19209289550781E-03
1,9.05,2.94997039949521,-1.78813934326172E-03
1,9.06,2.95330369938165,0
1,9.07,2.95663699926808,-2.38418579101563E-03
1,9.08,2.95997029915452,-2.98023223876953E-03
1,9.09,2.96330359904096,-2.38418579101563E-03
1,9.1,2.96663689892739,-6.55651092529297E-03
1,9.11,2.96997019881383,-4.17232513427734E-03
1,9.12,2.97330349870026,-4.17232513427734E-03
1,9.13,2.9766367985867,1.78813934326172E-03
1,9.14,2.97997009847313,-5.96046447753906E-04
1,9.15,2.98330339835957,1.19209289550781E-03
1,9.16,2.986636698246,0
1,9.17,2.98996999813244,-5.96046447753906E-04
1,9.18,2.99330329801887,5.96046447753906E-04
1,9.19,2.99663659790531,-2.38418579101563E-03
1,9.2,2.99996989779174,-8.34465026855469E-03
1,9.21,3.00330319767818,-7.15255737304688E-03
1,9.22,3.00663649756461,-9.5367431640625E-03
1,9.23,3.00996979745105,-0.012516975402832
1,9.24,3.01330309733748,-1.13248825073242E-02
1,9.25,3.01663639722392,-1.01327896118164E-02
1,9.26,3.01996969711035,-8.94069671630859E-03
1,9.27,3.02330299699679,-8.34465026855469E-03
1,9.28,3.02663629688323,-6.55651092529297E-03
1,9.29,3.02996959676966,-6.55651092529297E-03
1,9.3,3.0333028966561,-4.17232513427734E-03
1,9.31,3.03663619654253,0
1,9.32,3.03996949642897,0
1,9.33,3.0433027963154,2.38418579101563E-03
1,9.34,3.04663609620184,3.57627868652344E-03
1,9.35,3.04996939608827,4.76837158203125E-03
1,9.36,3.05330269597471,8.94069671630859E-03
1,9.37,3.05663599586114,1.01327896118164E-02
1,9.38,3.05996929574758,1.13248825073242E-02
1,9.39,3.06330259563401,1.37090682983398E-02
1,9.4,3.06663589552045,9.5367431640625E-03
1,9.41,3.06996919540688,8.34465026855469E-03
1,9.42,3.07330249529332,1.07288360595703E-02
1,9.43,3.07663579517975,1.07288360595703E-02
1,9.44,3.07996909506619,1.07288360595703E-02
1,9.45,3.08330239495263,1.19209289550781E-02
1,9.46,3.08663569483906,1.13248825073242E-02
1,9.47,3.0899689947255,1.13248825073242E-02
1,9.48,3.09330229461193,1.07288360595703E-02
1,9.49,3.09663559449837,8.34465026855469E-03
1,9.5,3.0999688943848,1.13248825073242E-02
1,9.51,3.10330219427124,8.34465026855469E-03
1,9.52,3.10663549415767,7.74860382080078E-03
1,9.53,3.10996879404411,1.07288360595703E-02
1,9.54,3.11330209393054,9.5367431640625E-03
1,9.55,3.11663539381698,1.43051147460938E-02
1,9.56,3.11996869370341,1.37090682983398E-02
1,9.57,3.12330199358985,0.012516975402832
1,9.58,3.12663529347628,1.43051147460938E-02
1,9.59,3.12996859336272,1.13248825073242E-02
1,9.6,3.13330189324915,0.012516975402832
1,9.61,3.13663519313559,7.15255737304688E-03
1,9.62,3.13996849302202,1.19209289550781E-02
1,9.63,3.14330179290846,8.34465026855469E-03
1,9.64,3.1466350927949,8.34465026855469E-03
1,9.65,3.14996839268133,7.15255737304688E-03
1,9.66,3.15330169256777,4.76837158203125E-03
1,9.67,3.1566349924542,7.15255737304688E-03
1,9.68,3.15996829234064,2.38418579101563E-03
1,9.69,3.16330159222707,0
1,9.7,3.16663489211351,-3.57627868652344E-03
1,9.71,3.16996819199994,-4.76837158203125E-03
1,9.72,3.17330149188638,-4.76837158203125E-03
1,9.73,3.17663479177281,-4.76837158203125E-03
1,9.74,3.17996809165925,-4.76837158203125E-03
1,9.75,3.18330139154568,-5.36441802978516E-03
1,9.76,3.18663469143212,-1.07288360595703E-02
1,9.77,3.18996799131855,-6.55651092529297E-03
1,9.78,3.19330129120499,-1.78813934326172E-03
1,9.79,3.19663459109142,0
1,9.8,3.19996789097786,3.57627868652344E-03
1,9.81,3.20330119086429,6.55651092529297E-03
1,9.82,3.20663449075073,4.17232513427734E-03
1,9.83,3.20996779063717,5.36441802978516E-03
1,9.84,3.2133010905236,8.34465026855469E-03
1,9.85,3.21663439041004,7.74860382080078E-03
1,9.86,3.21996769029647,9.5367431640625E-03
1,9.87,3.22330099018291,1.07288360595703E-02
1,9.88,3.22663429006934,1.37090682983398E-02
1,9.89,3.22996758995578,1.37090682983398E-02
1,9.9,3.23330088984221,1.43051147460938E-02
1,9.91,3.23663418972865,1.37090682983398E-02
1,9.92,3.23996748961508,1.78813934326172E-02
1,9.93,3.24330078950152,0.019073486328125
1,9.94,3.24663408938795,1.96695327758789E-02
1,9.95,3.24996738927439,2.14576721191406E-02
1,9.96,3.25330068916082,2.14576721191406E-02
1,9.97,3.25663398904726,2.38418579101563E-02
1,9.98,3.25996728893369,2.62260437011719E-02
1,9.99,3.26330058882013,0.025629997253418
1,10,3.26663388870656,2.86102294921875E-02
1,10.01,3.269967188593,2.68220901489258E-02
1,10.02,3.27330048847944,2.98023223876953E-02
1,10.03,3.27663378836587,2.68220901489258E-02
1,10.04,3.27996708825231,2.74181365966797E-02
1,10.05,3.28330038813874,2.38418579101563E-02
1,10.06,3.28663368802518,1.84774398803711E-02
1,10.07,3.28996698791161,1.54972076416016E-02
1,10.08,3.29330028779805,0.012516975402832
1,10.09,3.29663358768448,1.13248825073242E-02
1,10.1,3.29996688757092,9.5367431640625E-03
1,10.11,3.30330018745735,7.15255737304688E-03
1,10.12,3.30663348734379,4.76837158203125E-03
1,10.13,3.30996678723022,5.96046447753906E-03
1,10.14,3.31330008711666,5.96046447753906E-04
1,10.15,3.31663338700309,3.57627868652344E-03
1,10.16,3.31996668688953,7.74860382080078E-03
1,10.17,3.32329998677596,1.78813934326172E-03
1,10.18,3.3266332866624,3.57627868652344E-03
1,10.19,3.32996658654884,1.19209289550781E-03
1,10.2,3.33329988643527,2.98023223876953E-03
1,10.21,3.33663318632171,2.98023223876953E-03
1,10.22,3.33996648620814,8.94069671630859E-03
1,10.23,3.34329978609458,8.34465026855469E-03
1,10.24,3.34663308598101,8.94069671630859E-03
1,10.25,3.34996638586745,1.01327896118164E-02
1,10.26,3.35329968575388,1.07288360595703E-02
1,10.27,3.35663298564032,1.60932540893555E-02
1,10.28,3.35996628552675,1.72853469848633E-02
1,10.29,3.36329958541319,1.60932540893555E-02
1,10.3,3.36663288529962,1.37090682983398E-02
1,10.31,3.36996618518606,1.72853469848633E-02
1,10.32,3.37329948507249,1.31130218505859E-02
1,10.33,3.37663278495893,1.43051147460938E-02
1,10.34,3.37996608484536,1.13248825073242E-02
1,10.35,3.3832993847318,1.13248825073242E-02
1,10.36,3.38663268461823,1.19209289550781E-02
1,10.37,3.38996598450467,1.19209289550781E-02
1,10.38,3.39329928439111,1.54972076416016E-02
1,10.39,3.39663258427754,1.66893005371094E-02
1,10.4,3.39996588416398,1.31130218505859E-02
1,10.41,3.40329918405041,0.012516975402832
1,10.42,3.40663248393685,0.012516975402832
1,10.43,3.40996578382328,1.19209289550781E-02
1,10.44,3.41329908370972,1.07288360595703E-02
1,10.45,3.41663238359615,1.37090682983398E-02
1,10.46,3.41996568348259,1.43051147460938E-02
1,10.47,3.42329898336902,1.43051147460938E-02
1,10.48,3.42663228325546,1.31130218505859E-02
1,10.49,3.42996558314189,1.66893005371094E-02
1,10.5,3.43329888302833,1.78813934326172E-02
1,10.51,3.43663218291476,2.02655792236328E-02
1,10.52,3.4399654828012,2.08616256713867E-02
1,10.53,3.44329878268763,2.14576721191406E-02
1,10.54,3.44663208257407,0.019073486328125
1,10.55,3.4499653824605,1.66893005371094E-02
1,10.56,3.45329868234694,1.78813934326172E-02
1,10.57,3.45663198223338,1.43051147460938E-02
1,10.58,3.45996528211981,1.49011611938477E-02
1,10.59,3.46329858200625,1.31130218505859E-02
1,10.6,3.46663188189268,1.54972076416016E-02
1,10.61,3.46996518177912,1.72853469848633E-02
1,10.62,3.47329848166555,1.60932540893555E-02
1,10.63,3.47663178155199,1.37090682983398E-02
1,10.64,3.47996508143842,1.72853469848633E-02
1,10.65,3.48329838132486,0.012516975402832
1,10.66,3.48663168121129,1.19209289550781E-02
1,10.67,3.48996498109773,1.01327896118164E-02
1,10.68,3.49329828098416,8.94069671630859E-03
1,10.69,3.4966315808706,1.13248825073242E-02
1,10.7,3.49996488075703,9.5367431640625E-03
1,10.71,3.50329818064347,1.01327896118164E-02
1,10.72,3.5066314805299,8.94069671630859E-03
1,10.73,3.50996478041634,9.5367431640625E-03
1,10.74,3.51329808030277,8.34465026855469E-03
1,10.75,3.51663138018921,7.74860382080078E-03
1,10.76,3.51996468007565,8.34465026855469E-03
1,10.77,3.52329797996208,1.13248825073242E-02
1,10.78,3.52663127984852,7.15255737304688E-03
1,10.79,3.52996457973495,7.15255737304688E-03
1,10.8,3.53329787962139,9.5367431640625E-03
1,10.81,3.53663117950782,1.13248825073242E-02
1,10.82,3.53996447939426,1.01327896118164E-02
1,10.83,3.54329777928069,1.07288360595703E-02
1,10.84,3.54663107916713,1.31130218505859E-02
1,10.85,3.54996437905356,1.66893005371094E-02
1,10.86,3.55329767894,0.019073486328125
1,10.87,3.55663097882643,1.78813934326172E-02
1,10.88,3.55996427871287,1.37090682983398E-02
1,10.89,3.5632975785993,1.43051147460938E-02
1,10.9,3.56663087848574,1.54972076416016E-02
1,10.91,3.56996417837217,1.54972076416016E-02
1,10.92,3.57329747825861,1.37090682983398E-02
1,10.93,3.57663077814505,1.60932540893555E-02
1,10.94,3.57996407803148,1.13248825073242E-02
1,10.95,3.58329737791792,0.012516975402832
1,10.96,3.58663067780435,1.07288360595703E-02
1,10.97,3.58996397769079,1.13248825073242E-02
1,10.98,3.59329727757722,1.60932540893555E-02
1,10.99,3.59663057746366,1.43051147460938E-02
1,11,3.59996387735009,0.012516975402832
1,11.01,3.60329717723653,1.54972076416016E-02
1,11.02,3.60663047712296,1.66893005371094E-02
1,11.03,3.6099637770094,2.14576721191406E-02
1,11.04,3.61329707689583,2.20537185668945E-02
1,11.05,3.61663037678227,2.44379043579102E-02
1,11.06,3.6199636766687,0.025629997253418
1,11.07,3.62329697655514,2.68220901489258E-02
1,11.08,3.62663027644157,2.32458114624023E-02
1,11.09,3.62996357632801,2.74181365966797E-02
1,11.1,3.63329687621445,2.74181365966797E-02
1,11.11,3.63663017610088,2.92062759399414E-02
1,11.12,3.63996347598732,2.98023223876953E-02
1,11.13,3.64329677587375,2.74181365966797E-02
1,11.14,3.64663007576019,2.50339508056641E-02
1,11.15,3.64996337564662,2.86102294921875E-02
1,11.16,3.65329667553306,2.74181365966797E-02
1,11.17,3.65662997541949,2.50339508056641E-02
1,11.18,3.65996327530593,2.38418579101563E-02
1,11.19,3.66329657519236,2.14576721191406E-02
1,11.2,3.6666298750788,2.08616256713867E-02
1,11.21,3.66996317496523,0.019073486328125
1,11.22,3.67329647485167,2.14576721191406E-02
1,11.23,3.6766297747381,2.20537185668945E-02
1,11.24,3.67996307462454,2.32458114624023E-02
1,11.25,3.68329637451097,2.32458114624023E-02
1,11.26,3.68662967439741,1.54972076416016E-02
1,11.27,3.68996297428384,1.84774398803711E-02
1,11.28,3.69329627417028,0.019073486328125
1,11.29,3.69662957405671,2.08616256713867E-02
1,11.3,3.69996287394315,1.72853469848633E-02
1,11.31,3.70329617382959,2.02655792236328E-02
1,11.32,3.70662947371602,2.02655792236328E-02
1,11.33,3.70996277360246,1.96695327758789E-02
1,11.34,3.71329607348889,2.08616256713867E-02
1,11.35,3.71662937337533,0.025629997253418
1,11.36,3.71996267326176,2.20537185668945E-02
1,11.37,3.7232959731482,2.50339508056641E-02
1,11.38,3.72662927303463,2.20537185668945E-02
1,11.39,3.72996257292107,0.019073486328125
1,11.4,3.7332958728075,2.38418579101563E-02
1,11.41,3.73662917269394,2.44379043579102E-02
1,11.42,3.73996247258037,0.025629997253418
1,11.43,3.74329577246681,0.025629997253418
1,11.44,3.74662907235324,2.68220901489258E-02
1,11.45,3.74996237223968,2.68220901489258E-02
1,11.46,3.75329567212611,0.025629997253418
1,11.47,3.75662897201255,0.025629997253418
1,11.48,3.75996227189898,2.44379043579102E-02
1,11.49,3.76329557178542,2.14576721191406E-02
1,11.5,3.76662887167186,2.44379043579102E-02
1,11.51,3.76996217155829,1.84774398803711E-02
1,11.52,3.77329547144473,1.84774398803711E-02
1,11.53,3.77662877133116,1.78813934326172E-02
1,11.54,3.7799620712176,1.60932540893555E-02
1,11.55,3.78329537110403,1.78813934326172E-02
1,11.56,3.78662867099047,1.66893005371094E-02
1,11.57,3.7899619708769,1.54972076416016E-02
1,11.58,3.79329527076334,0.019073486328125
1,11.59,3.79662857064977,2.08616256713867E-02
1,11.6,3.79996187053621,0.019073486328125
1,11.61,3.80329517042264,1.84774398803711E-02
1,11.62,3.80662847030908,0.019073486328125
1,11.63,3.80996177019551,2.26497650146484E-02
1,11.64,3.81329507008195,2.08616256713867E-02
1,11.65,3.81662836996838,0.025629997253418
1,11.66,3.81996166985482,2.50339508056641E-02
1,11.67,3.82329496974126,2.32458114624023E-02
1,11.68,3.82662826962769,0.025629997253418
1,11.69,3.82996156951413,2.86102294921875E-02
1,11.7,3.83329486940056,2.38418579101563E-02
1,11.71,3.836628169287,3.09944152832031E-02
1,11.72,3.83996146917343,3.09944152832031E-02
1,11.73,3.84329476905987,2.98023223876953E-02
1,11.74,3.8466280689463,2.86102294921875E-02
1,11.75,3.84996136883274,2.92062759399414E-02
1,11.76,3.85329466871917,3.21865081787109E-02
1,11.77,3.85662796860561,3.39746475219727E-02
1,11.78,3.85996126849204,3.27825546264648E-02
1,11.79,3.86329456837848,0.031590461730957
1,11.8,3.86662786826491,0.031590461730957
1,11.81,3.86996116815135,2.98023223876953E-02
1,11.82,3.87329446803778,2.98023223876953E-02
1,11.83,3.87662776792422,2.74181365966797E-02
1,11.84,3.88329436769709,2.20537185668945E-02
1,11.86,3.88662766758353,0.019073486328125
1,11.87,3.88996096746996,2.32458114624023E-02
1,11.88,3.8932942673564,2.38418579101563E-02
1,11.89,3.89996086712927,2.26497650146484E-02
1,11.9,3.9032941670157,2.68220901489258E-02
1,11.92,3.90662746690214,2.92062759399414E-02
1,11.93,3.91329406667501,2.98023223876953E-02
1,11.94,3.91662736656144,0.025629997253418
1,11.95,3.91996066644788,2.68220901489258E-02
1,11.96,3.92329396633431,2.62260437011719E-02
1,11.97,3.92662726622075,2.62260437011719E-02
1,11.98,3.92996056610718,2.68220901489258E-02
1,11.99,3.93329386599362,2.38418579101563E-02
1,12,3.93662716588005,2.62260437011719E-02
1,12.02,3.94329376565293,2.74181365966797E-02
1,12.03,3.94662706553936,3.09944152832031E-02
1,12.04,3.9499603654258,0.031590461730957
1,12.05,3.95329366531223,2.92062759399414E-02
1,12.06,3.95662696519867,0.031590461730957
1,12.07,3.9599602650851,2.86102294921875E-02
1,12.08,3.96329356497154,2.98023223876953E-02
1,12.09,3.96662686485797,2.62260437011719E-02
1,12.1,3.96996016474441,2.74181365966797E-02
1,12.11,3.97329346463084,0.025629997253418
1,12.12,3.97662676451728,2.44379043579102E-02
1,12.13,3.97996006440371,2.50339508056641E-02
1,12.14,3.98329336429015,2.32458114624023E-02
1,12.15,3.98662666417658,1.96695327758789E-02
1,12.16,3.98995996406302,2.26497650146484E-02
1,12.17,3.99329326394945,0.019073486328125
1,12.18,3.99662656383589,1.84774398803711E-02
1,12.19,3.99995986372232,1.84774398803711E-02
1,12.2,4.00329316360876,1.37090682983398E-02
1,12.21,4.0066264634952,1.37090682983398E-02
1,12.22,4.00995976338163,0.012516975402832
1,12.23,4.01329306326807,1.13248825073242E-02
1,12.24,4.0166263631545,1.19209289550781E-02
1,12.25,4.01995966304094,0.012516975402832
1,12.26,4.02329296292737,1.31130218505859E-02
1,12.27,4.02662626281381,1.37090682983398E-02
1,12.28,4.02995956270024,1.72853469848633E-02
1,12.29,4.03329286258668,1.54972076416016E-02
1,12.3,4.03662616247311,0.019073486328125
1,12.31,4.03995946235955,1.84774398803711E-02
1,12.32,4.04329276224598,1.66893005371094E-02
1,12.33,4.04662606213242,1.31130218505859E-02
1,12.34,4.04995936201885,1.43051147460938E-02
1,12.35,4.05329266190529,1.19209289550781E-02
1,12.36,4.05662596179172,0.012516975402832
1,12.37,4.05995926167816,0.012516975402832
1,12.38,4.06329256156459,1.19209289550781E-02
1,12.39,4.06662586145103,5.96046447753906E-03
1,12.4,4.06995916133747,5.96046447753906E-03
1,12.41,4.0732924612239,5.36441802978516E-03
1,12.42,4.07662576111034,8.34465026855469E-03
1,12.43,4.07995906099677,5.36441802978516E-03
1,12.44,4.08329236088321,5.36441802978516E-03
1,12.45,4.08662566076964,2.38418579101563E-03
1,12.46,4.08995896065608,1.78813934326172E-03
1,12.47,4.09329226054251,2.38418579101563E-03
1,12.48,4.09662556042895,5.96046447753906E-03
1,12.49,4.09995886031538,5.96046447753906E-03
1,12.5,4.10329216020182,2.98023223876953E-03
1,12.51,4.10662546008825,8.94069671630859E-03
1,12.52,4.10995875997469,7.74860382080078E-03
1,12.53,4.11329205986112,8.94069671630859E-03
1,12.54,4.11662535974756,8.34465026855469E-03
1,12.55,4.11995865963399,0.012516975402832
1,12.56,4.12329195952043,1.01327896118164E-02
1,12.57,4.12662525940686,1.01327896118164E-02
1,12.58,4.1299585592933,1.19209289550781E-02
1,12.59,4.13329185917974,0.012516975402832
1,12.6,4.13662515906617,0.012516975402832
1,12.61,4.13995845895261,8.34465026855469E-03
1,12.62,4.14329175883904,1.19209289550781E-02
1,12.63,4.14662505872548,7.15255737304688E-03
1,12.64,4.14995835861191,8.34465026855469E-03
1,12.65,4.15329165849835,9.5367431640625E-03
1,12.66,4.15662495838478,5.96046447753906E-03
1,12.67,4.15995825827122,9.5367431640625E-03
1,12.68,4.16329155815765,1.01327896118164E-02
1,12.69,4.16662485804409,7.74860382080078E-03
1,12.7,4.16995815793052,1.54972076416016E-02
1,12.71,4.17329145781696,2.26497650146484E-02
1,12.72,4.17662475770339,3.03983688354492E-02
1,12.73,4.17995805758983,0.03814697265625
1,12.74,4.18329135747626,4.64916229248047E-02
1,12.75,4.1866246573627,5.66244125366211E-02
1,12.76,4.18995795724913,7.03334808349609E-02
1,12.77,4.19329125713557,8.58306884765625E-02
1,12.78,4.19662455702201,0.10073184967041
1,12.79,4.19995785690844,0.116229057312012
1,12.8,4.20329115679488,0.131726264953613
1,12.81,4.20662445668131,0.147223472595215
1,12.82,4.20995775656775,0.166893005371094
1,12.83,4.21329105645418,0.185966491699219
1,12.84,4.21662435634062,0.20444393157959
1,12.85,4.21995765622705,0.22590160369873
1,12.86,4.22329095611349,0.248551368713379
1,12.87,4.22662425599992,0.266432762145996
1,12.88,4.22995755588636,0.288486480712891
1,12.89,4.23329085577279,0.311136245727539
1,12.9,4.23662415565923,0.334978103637695
1,12.91,4.23995745554566,0.358223915100098
1,12.92,4.2432907554321,0.383257865905762
1,12.93,4.24662405531853,0.405311584472656
1,12.94,4.24995735520497,0.432133674621582
1,12.95,4.25329065509141,0.455975532531738
1,12.96,4.25662395497784,0.482797622680664
1,12.97,4.25995725486428,0.504851341247559
1,12.98,4.26329055475071,0.528693199157715
1,12.99,4.26662385463715,0.554919242858887
1,13,4.26995715452358,0.579953193664551
1,13.01,4.27329045441002,0.602602958679199
1,13.02,4.27662375429645,0.627040863037109
1,13.03,4.27995705418289,0.652074813842773
1,13.04,4.28329035406932,0.672340393066406
1,13.05,4.28662365395576,0.692605972290039
1,13.06,4.28995695384219,0.713467597961426
1,13.07,4.29329025372863,0.734925270080566
1,13.08,4.29662355361506,0.758767127990723
1,13.09,4.2999568535015,0.783801078796387
1,13.1,4.30329015338793,0.81181526184082
1,13.11,4.30662345327437,0.835657119750977
1,13.12,4.3099567531608,0.859498977661133
1,13.13,4.31329005304724,0.885128974914551
1,13.14,4.31662335293368,0.908970832824707
1,13.15,4.31995665282011,0.934600830078125
1,13.16,4.32328995270655,0.959038734436035
1,13.17,4.32662325259298,0.979304313659668
1,13.18,4.32995655247942,1.00433826446533
1,13.19,4.33328985236585,1.03294849395752
1,13.2,4.33662315225229,1.05500221252441
1,13.21,4.33995645213872,1.08301639556885
1,13.22,4.34328975202516,1.10626220703125
1,13.23,4.34662305191159,1.12771987915039
1,13.24,4.34995635179803,1.1521577835083
1,13.25,4.35328965168446,1.17719173431396
1,13.26,4.3566229515709,1.19984149932861
1,13.27,4.35995625145733,1.22785568237305
1,13.28,4.36328955134377,1.24871730804443
1,13.29,4.3666228512302,1.27315521240234
1,13.3,4.36995615111664,1.29878520965576
1,13.31,4.37328945100307,1.32083892822266
1,13.32,4.37662275088951,1.34766101837158
1,13.33,4.37995605077595,1.37031078338623
1,13.34,4.38328935066238,1.38819217681885
1,13.35,4.38662265054882,1.41441822052002
1,13.36,4.38995595043525,1.43706798553467
1,13.37,4.39328925032169,1.46269798278809
1,13.38,4.39662255020812,1.48355960845947
1,13.39,4.39995585009456,1.50799751281738
1,13.4,4.40328914998099,1.52826309204102
1,13.41,4.40662244986743,1.55031681060791
1,13.42,4.40995574975386,1.57415866851807
1,13.43,4.4132890496403,1.60038471221924
1,13.44,4.41662234952673,1.62303447723389
1,13.45,4.41995564941317,1.64568424224854
1,13.46,4.4232889492996,1.66773796081543
1,13.47,4.42662224918604,1.69157981872559
1,13.48,4.42995554907247,1.7160177230835
1,13.49,4.43328884895891,1.73985958099365
1,13.5,4.43662214884534,1.76012516021729
1,13.51,4.43995544873178,1.78754329681396
1,13.52,4.44328874861822,1.8078088760376
1,13.53,4.44662204850465,1.83045864105225
1,13.54,4.44995534839109,1.8543004989624
1,13.55,4.45328864827752,1.8775463104248
1,13.56,4.45662194816396,1.89781188964844
1,13.57,4.45995524805039,1.91986560821533
1,13.58,4.46328854793683,1.94251537322998
1,13.59,4.46662184782326,1.95860862731934
1,13.6,4.4699551477097,1.98125839233398
1,13.61,4.47328844759613,1.99973583221436
1,13.62,4.47662174748257,2.02655792236328
1,13.63,4.479955047369,2.04801559448242
1,13.64,4.48328834725544,2.0676851272583
1,13.65,4.48662164714187,2.09212303161621
1,13.66,4.48995494702831,2.10821628570557
1,13.67,4.49328824691474,2.13265419006348
1,13.68,4.49662154680118,2.15411186218262
1,13.69,4.49995484668762,2.17199325561523
1,13.7,4.50328814657405,2.19047069549561
1,13.71,4.50662144646049,2.20775604248047
1,13.72,4.50995474634692,2.22504138946533
1,13.73,4.51328804623336,2.24649906158447
1,13.74,4.51662134611979,2.26199626922607
1,13.75,4.51995464600623,2.28464603424072
1,13.76,4.52328794589266,2.30491161346436
1,13.77,4.5266212457791,2.32338905334473
1,13.78,4.52995454566553,2.34425067901611
1,13.79,4.53328784555197,2.36451625823975
1,13.8,4.5366211454384,2.38120555877686
1,13.81,4.53995444532484,2.40087509155273
1,13.82,4.54328774521127,2.41994857788086
1,13.83,4.54662104509771,2.44438648223877
1,13.84,4.54995434498414,2.4646520614624
1,13.85,4.55328764487058,2.48312950134277
1,13.86,4.55662094475701,2.50577926635742
1,13.87,4.55995424464345,2.52783298492432
1,13.88,4.56328754452989,2.54273414611816
1,13.89,4.56662084441632,2.5629997253418
1,13.9,4.56995414430276,2.58564949035645
1,13.91,4.57328744418919,2.60710716247559
1,13.92,4.57662074407563,2.63452529907227
1,13.93,4.57995404396206,2.65717506408691
1,13.94,4.5832873438485,2.68280506134033
1,13.95,4.58662064373493,2.70426273345947
1,13.96,4.58995394362137,2.72691249847412
1,13.97,4.5932872435078,2.75254249572754
1,13.98,4.59662054339424,2.77698040008545
1,13.99,4.59995384328067,2.80022621154785
1,14,4.60328714316711,2.82406806945801
1,14.01,4.60662044305354,2.84731388092041
1,14.02,4.60995374293998,2.87234783172607
1,14.03,4.61328704282641,2.89320945739746
1,14.04,4.61662034271285,2.91943550109863
1,14.05,4.61995364259928,2.93970108032227
1,14.06,4.62328694248572,2.96115875244141
1,14.07,4.62662024237216,2.98500061035156
1,14.08,4.62995354225859,3.013014793396
1,14.09,4.63328684214503,3.03328037261963
1,14.1,4.63662014203146,3.05891036987305
1,14.11,4.6399534419179,3.07977199554443
1,14.12,4.64328674180433,3.10420989990234
1,14.13,4.64662004169077,3.12626361846924
1,14.14,4.6499533415772,3.14474105834961
1,14.15,4.65328664146364,3.16858291625977
1,14.16,4.65661994135007,3.19242477416992
1,14.17,4.65995324123651,3.21507453918457
1,14.18,4.66328654112294,3.23891639709473
1,14.19,4.66661984100938,3.26573848724365
1,14.2,4.66995314089581,3.2883882522583
1,14.21,4.67328644078225,3.30805778503418
1,14.22,4.67661974066868,3.33487987518311
1,14.23,4.67995304055512,3.35812568664551
1,14.24,4.68328634044155,3.37898731231689
1,14.25,4.68661964032799,3.4022331237793
1,14.26,4.68995294021443,3.42786312103271
1,14.27,4.69328624010086,3.4487247467041
1,14.28,4.6966195399873,3.47495079040527
1,14.29,4.69995283987373,3.50117683410645
1,14.3,4.70328613976017,3.52263450622559
1,14.31,4.7066194396466,3.548264503479
1,14.32,4.70995273953304,3.56912612915039
1,14.33,4.71328603941947,3.59237194061279
1,14.34,4.71661933930591,3.61919403076172
1,14.35,4.71995263919234,3.64303588867188
1,14.36,4.72328593907878,3.6698579788208
1,14.37,4.72661923896521,3.69489192962646
1,14.38,4.72995253885165,3.71813774108887
1,14.39,4.73328583873808,3.7461519241333
1,14.4,4.73661913862452,3.77058982849121
1,14.41,4.73995243851095,3.79681587219238
1,14.42,4.74328573839739,3.82184982299805
1,14.43,4.74661903828383,3.8444995880127
1,14.44,4.74995233817026,3.87191772460938
1,14.45,4.7532856380567,3.89754772186279
1,14.46,4.75661893794313,3.92138957977295
1,14.47,4.75995223782957,3.94523143768311
1,14.48,4.763285537716,3.96788120269775
1,14.49,4.76661883760244,3.99112701416016
1,14.5,4.76995213748887,4.01556491851807
1,14.51,4.77328543737531,4.04000282287598
1,14.52,4.77661873726174,4.06742095947266
1,14.53,4.77995203714818,4.0888786315918
1,14.54,4.78328533703461,4.11033630371094
1,14.55,4.78661863692105,4.12940979003906
1,14.56,4.78995193680748,4.15205955505371
1,14.57,4.79328523669392,4.1729211807251
1,14.58,4.79661853658035,4.19259071350098
1,14.59,4.79995183646679,4.21226024627686
1,14.6,4.80328513635322,4.2271614074707
1,14.61,4.80661843623966,4.25100326538086
1,14.62,4.8099517361261,4.26769256591797
1,14.63,4.81328503601253,4.28915023803711
1,14.64,4.81661833589897,4.31060791015625
1,14.65,4.8199516357854,4.33027744293213
1,14.66,4.82328493567184,4.34994697570801
1,14.67,4.82661823555827,4.37438488006592
1,14.68,4.82995153544471,4.3940544128418
1,14.69,4.83328483533114,4.41849231719971
1,14.7,4.83661813521758,4.44233417510986
1,14.71,4.83995143510401,4.46677207946777
1,14.72,4.84328473499045,4.48822975158691
1,14.73,4.84661803487688,4.5090913772583
1,14.74,4.84995133476332,4.52995300292969
1,14.75,4.85328463464975,4.5543909072876
1,14.76,4.85661793453619,4.57882881164551
1,14.77,4.85995123442262,4.59969043731689
1,14.78,4.86328453430906,4.62353229522705
1,14.79,4.86661783419549,4.64797019958496
1,14.8,4.86995113408193,4.66763973236084
1,14.81,4.87328443396837,4.69207763671875
1,14.82,4.8766177338548,4.71293926239014
1,14.83,4.87995103374124,4.7379732131958
1,14.84,4.88328433362767,4.76241111755371
1,14.85,4.88661763351411,4.78744506835938
1,14.86,4.88995093340054,4.81128692626953
1,14.87,4.89328423328698,4.83870506286621
1,14.88,4.89661753317341,4.86552715301514
1,14.89,4.89995083305985,4.89354133605957
1,14.9,4.90328413294628,4.91857528686523
1,14.91,4.90661743283272,4.94480133056641
1,14.92,4.90995073271915,4.97281551361084
1,14.93,4.91328403260559,4.99427318572998
1,14.94,4.91661733249202,5.02347946166992
1,14.95,4.91995063237846,5.04255294799805
1,14.96,4.92328393226489,5.06341457366943
1,14.97,4.92661723215133,5.08308410644531
1,14.98,4.92995053203776,5.10454177856445
1,14.99,4.9332838319242,5.1271915435791
1,15,4.93661713181064,5.149245262146
1,15.01,4.93995043169707,5.16593456268311
1,15.02,4.94328373158351,5.18441200256348
1,15.03,4.94661703146994,5.20110130310059
1,15.04,4.94995033135638,5.21957874298096
1,15.05,4.95328363124281,5.23924827575684
1,15.06,4.95661693112925,5.25236129760742
1,15.07,4.95995023101568,5.27262687683105
1,15.08,4.96328353090212,5.29289245605469
1,15.09,4.96661683078855,5.31017780303955
1,15.1,4.96995013067499,5.33044338226318
1,15.11,4.97328343056142,5.35070896148682
1,15.12,4.97661673044786,5.36322593688965
1,15.13,4.97995003033429,5.37991523742676
1,15.14,4.98328333022073,5.39958477020264
1,15.15,4.98661663010716,5.41746616363525
1,15.16,4.9899499299936,5.42998313903809
1,15.17,4.99328322988004,5.44965267181396
1,15.18,4.99661652976647,5.46753406524658
1,15.19,4.99994982965291,5.48422336578369
1,15.2,5.00328312953934,5.49972057342529
1,15.21,5.00661642942578,5.51939010620117
1,15.22,5.00994972931221,5.53488731384277
1,15.23,5.01328302919865,5.55336475372314
1,15.24,5.01661632908508,5.57303428649902
1,15.25,5.01994962897152,5.59091567993164
1,15.26,5.02328292885795,5.6082010269165
1,15.27,5.02661622874439,5.62727451324463
1,15.28,5.02994952863082,5.64754009246826
1,15.29,5.03328282851726,5.66780567169189
1,15.3,5.03661612840369,5.68509101867676
1,15.31,5.03994942829013,5.69939613342285
1,15.32,5.04328272817656,5.71727752685547
1,15.33,5.046616028063,5.73337078094482
1,15.34,5.04994932794943,5.75006008148193
1,15.35,5.05328262783587,5.77032566070557
1,15.36,5.05661592772231,5.78582286834717
1,15.37,5.06328252749518,5.80787658691406
1,15.39,5.06661582738161,5.84304332733154
1,15.4,5.06994912726805,5.86867332458496
1,15.41,5.07328242715448,5.88953495025635
1,15.42,5.07994902692735,5.9133768081665
1,15.43,5.08328232681379,5.93423843383789
1,15.45,5.08661562670022,5.97894191741943
1,15.46,5.09328222647309,5.99920749664307
1,15.47,5.09661552635953,6.02304935455322
1,15.48,5.09994882624596,6.04927539825439
1,15.49,5.1032821261324,6.06775283813477
1,15.51,5.10661542601883,6.103515625
1,15.52,5.1132820257917,6.12437725067139
1,15.53,5.11661532567814,6.14047050476074
1,15.54,5.11994862556458,6.16014003753662
1,15.55,5.12328192545101,6.17921352386475
1,15.56,5.12661522533745,6.19471073150635
1,15.57,5.12994852522388,6.21676445007324
1,15.58,5.13328182511032,6.23524188995361
1,15.59,5.13661512499675,6.25550746917725
1,15.6,5.13994842488319,6.27219676971436
1,15.61,5.14328172476962,6.28888607025146
1,15.62,5.14661502465606,6.31392002105713
1,15.63,5.14994832454249,6.3323974609375
1,15.64,5.15328162442893,6.35385513305664
1,15.65,5.15661492431536,6.37650489807129
1,15.66,5.1599482242018,6.39677047729492
1,15.67,5.16328152408823,6.41703605651855
1,15.68,5.16661482397467,6.43730163574219
1,15.69,5.1699481238611,6.45875930786133
1,15.7,5.17328142374754,6.48319721221924
1,15.71,5.17661472363397,6.50703907012939
1,15.72,5.17994802352041,6.52134418487549
1,15.73,5.18328132340685,6.54637813568115
1,15.74,5.18661462329328,6.56485557556152
1,15.75,5.18994792317972,6.59048557281494
1,15.76,5.19328122306615,6.61313533782959
1,15.77,5.19661452295259,6.63399696350098
1,15.78,5.19994782283902,6.65605068206787
1,15.79,5.20328112272546,6.68048858642578
1,15.8,5.20661442261189,6.69598579406738
1,15.81,5.20994772249833,6.7216157913208
1,15.82,5.21328102238476,6.7436695098877
1,15.83,5.2166143222712,6.76751136779785
1,15.84,5.21994762215763,6.7901611328125
1,15.85,5.22328092204407,6.81281089782715
1,15.86,5.2266142219305,6.8289041519165
1,15.87,5.22994752181694,6.85513019561768
1,15.88,5.23328082170337,6.87718391418457
1,15.89,5.23661412158981,6.90042972564697
1,15.9,5.23994742147625,6.92248344421387
1,15.91,5.24328072136268,6.93976879119873
1,15.92,5.24661402124912,6.96241855621338
1,15.93,5.24994732113555,6.9814920425415
1,15.94,5.25328062102199,7.00414180755615
1,15.95,5.25661392090842,7.02619552612305
1,15.96,5.25994722079486,7.04765319824219
1,15.97,5.26328052068129,7.06672668457031
1,15.98,5.26661382056773,7.08997249603271
1,15.99,5.26994712045416,7.10606575012207
1,16,5.2732804203406,7.12573528289795
1,16.01,5.27661372022703,7.14361667633057
1,16.02,5.27994702011347,7.1638822555542
1,16.03,5.2832803199999,7.18116760253906
1,16.04,5.28661361988634,7.20083713531494
1,16.05,5.28994691977277,7.2246789932251
1,16.06,5.29328021965921,7.24136829376221
1,16.07,5.29661351954564,7.26461410522461
1,16.08,5.29994681943208,7.28189945220947
1,16.09,5.30328011931852,7.30037689208984
1,16.1,5.30661341920495,7.32064247131348
1,16.11,5.30994671909139,7.34448432922363
1,16.12,5.31328001897782,7.36355781555176
1,16.13,5.31661331886426,7.38441944122314
1,16.14,5.31994661875069,7.40349292755127
1,16.15,5.32327991863713,7.4237585067749
1,16.16,5.32661321852356,7.44521617889404
1,16.17,5.32994651841,7.46786594390869
1,16.18,5.33327981829643,7.48753547668457
1,16.19,5.33661311818287,7.51376152038574
1,16.2,5.3399464180693,7.53283500671387
1,16.21,5.34327971795574,7.55786895751953
1,16.22,5.34661301784217,7.57575035095215
1,16.23,5.34994631772861,7.59720802307129
1,16.24,5.35327961761504,7.61568546295166
1,16.25,5.35661291750148,7.63416290283203
1,16.26,5.35994621738791,7.65442848205566
1,16.27,5.36327951727435,7.67171382904053
1,16.28,5.36661281716079,7.69138336181641
1,16.29,5.36994611704722,7.71284103393555
1,16.3,5.37327941693366,7.73489475250244
1,16.31,5.37661271682009,7.75396823883057
1,16.32,5.37994601670653,7.77125358581543
1,16.33,5.38327931659296,7.78496265411377
1,16.34,5.3866126164794,7.80105590820313
1,16.35,5.38994591636583,7.81893730163574
1,16.36,5.39327921625227,7.83622264862061
1,16.37,5.3966125161387,7.85589218139648
1,16.38,5.39994581602514,7.87079334259033
1,16.39,5.40327911591157,7.89105892181396
1,16.4,5.40661241579801,7.90536403656006
1,16.41,5.40994571568444,7.9268217086792
1,16.42,5.41327901557088,7.94470310211182
1,16.43,5.41661231545731,7.9655647277832
1,16.44,5.41994561534375,7.98463821411133
1,16.45,5.42327891523018,8.00490379333496
1,16.46,5.42661221511662,8.02457332611084
1,16.47,5.42994551500306,8.04305076599121
1,16.48,5.43327881488949,8.0639123916626
1,16.49,5.43661211477593,8.08775424957275
1,16.5,5.43994541466236,8.10921192169189
1,16.51,5.4432787145488,8.12649726867676
1,16.52,5.44661201443523,8.14914703369141
1,16.53,5.44994531432167,8.16583633422852
1,16.54,5.4532786142081,8.18490982055664
1,16.55,5.45661191409454,8.20457935333252
1,16.56,5.45994521398097,8.21888446807861
1,16.57,5.46327851386741,8.23974609375
1,16.58,5.46661181375384,8.25822353363037
1,16.59,5.46994511364028,8.27312469482422
1,16.6,5.47327841352671,8.29458236694336
1,16.61,5.47661171341315,8.31186771392822
1,16.62,5.47994501329958,8.33451747894287
1,16.63,5.48327831318602,8.35299491882324
1,16.64,5.48661161307246,8.37326049804688
1,16.65,5.48994491295889,8.39531421661377
1,16.66,5.49327821284533,8.41915607452393
1,16.67,5.49661151273176,8.4388256072998
1,16.68,5.4999448126182,8.45968723297119
1,16.69,5.50327811250463,8.47995281219482
1,16.7,5.50661141239107,8.49604606628418
1,16.71,5.5099447122775,8.51809978485107
1,16.72,5.51327801216394,8.53776931762695
1,16.73,5.51661131205037,8.56101512908936
1,16.74,5.51994461193681,8.58008861541748
1,16.75,5.52327791182324,8.60095024108887
1,16.76,5.52661121170968,8.62360000610352
1,16.77,5.52994451159611,8.64684581756592
1,16.78,5.53327781148255,8.6677074432373
1,16.79,5.53661111136898,8.68797302246094
1,16.8,5.53994441125542,8.70943069458008
1,16.81,5.54327771114185,8.72611999511719
1,16.82,5.54661101102829,8.74340534210205
1,16.83,5.54994431091473,8.75949859619141
1,16.84,5.55327761080116,8.78334045410156
1,16.85,5.5566109106876,8.80181789398193
1,16.86,5.55994421057403,8.81671905517578
1,16.87,5.56327751046047,8.83400440216064
1,16.88,5.5666108103469,8.84950160980225
1,16.89,5.56994411023334,8.86499881744385
1,16.9,5.57327741011977,8.88526439666748
1,16.91,5.57661071000621,8.90135765075684
1,16.92,5.57994400989264,8.91923904418945
1,16.93,5.58327730977908,8.93831253051758
1,16.94,5.58661060966551,8.95500183105469
1,16.95,5.58994390955195,8.97705554962158
1,16.96,5.59327720943838,8.99970531463623
1,16.97,5.59661050932482,9.01937484741211
1,16.98,5.59994380921125,9.03904438018799
1,16.99,5.60327710909769,9.06884670257568
1,17,5.60661040898412,9.0867280960083
1,17.01,5.60994370887056,9.11056995391846
1,17.02,5.613277008757,9.13500785827637
1,17.03,5.61661030864343,9.15765762329102
1,17.04,5.61994360852987,9.18269157409668
1,17.05,5.6232769084163,9.2017650604248
1,17.06,5.62661020830274,9.22083854675293
1,17.07,5.62994350818917,9.24587249755859
1,17.08,5.63327680807561,9.26375389099121
1,17.09,5.63661010796204,9.28997993469238
1,17.1,5.63994340784848,9.31084156036377
1,17.11,5.64327670773491,9.32872295379639
1,17.12,5.64661000762135,9.3531608581543
1,17.13,5.64994330750778,9.37283039093018
1,17.14,5.65327660739422,9.39011573791504
1,17.15,5.65660990728065,9.40859317779541
1,17.16,5.65994320716709,9.42587852478027
1,17.17,5.66327650705352,9.44137573242188
1,17.18,5.66660980693996,9.45985317230225
1,17.19,5.66994310682639,9.47356224060059
1,17.2,5.67327640671283,9.49203968048096
1,17.21,5.67660970659927,9.50872898101807
1,17.22,5.6799430064857,9.52601432800293
1,17.23,5.68327630637214,9.54329967498779
1,17.24,5.68660960625857,9.55820083618164
1,17.25,5.68994290614501,9.57727432250977
1,17.26,5.69327620603144,9.59575176239014
1,17.27,5.69660950591788,9.613037109375
1,17.28,5.69994280580431,9.63151454925537
1,17.29,5.70327610569075,9.64939594268799
1,17.3,5.70660940557718,9.66787338256836
1,17.31,5.70994270546362,9.68515872955322
1,17.32,5.71327600535005,9.70363616943359
1,17.33,5.71660930523649,9.72509384155273
1,17.34,5.71994260512292,9.7423791885376
1,17.35,5.72327590500936,9.76204872131348
1,17.36,5.72660920489579,9.78231430053711
1,17.37,5.72994250478223,9.80198383331299
1,17.38,5.73327580466867,9.82344150543213
1,17.39,5.7366091045551,9.83953475952148
1,17.4,5.73994240444154,9.86039638519287
1,17.41,5.74327570432797,9.88185405731201
1,17.42,5.74660900421441,9.89794731140137
1,17.43,5.74994230410084,9.91702079772949
1,17.44,5.75327560398728,9.93013381958008
1,17.45,5.75660890387371,9.9480152130127
1,17.46,5.75994220376015,9.9647045135498
1,17.47,5.76327550364658,9.98020172119141
1,17.48,5.76660880353302,9.99867916107178
1,17.49,5.76994210341945,10.0147724151611
1,17.5,5.77327540330589,10.034441947937
1,17.51,5.77660870319232,10.0511312484741
1,17.52,5.77994200307876,10.068416595459
1,17.53,5.78327530296519,10.0862979888916
1,17.54,5.78660860285163,10.1035833358765
1,17.55,5.78994190273806,10.1178884506226
1,17.56,5.7932752026245,10.1393461227417
1,17.57,5.79660850251094,10.1560354232788
1,17.58,5.79994180239737,10.1721286773682
1,17.59,5.80327510228381,10.1888179779053
1,17.6,5.80660840217024,10.2037191390991
1,17.61,5.80994170205668,10.2227926254272
1,17.62,5.81327500194311,10.2365016937256
1,17.63,5.81660830182955,10.2525949478149
1,17.64,5.81994160171598,10.2674961090088
1,17.65,5.82327490160242,10.2788209915161
1,17.66,5.82660820148885,10.29372215271
1,17.67,5.82994150137529,10.3092193603516
1,17.68,5.83327480126172,10.3235244750977
1,17.69,5.83660810114816,10.3384256362915
1,17.7,5.83994140103459,10.3515386581421
1,17.71,5.84327470092103,10.3658437728882
1,17.72,5.84660800080746,10.380744934082
1,17.73,5.8499413006939,10.3980302810669
1,17.74,5.85327460058033,10.412335395813
1,17.75,5.85660790046677,10.4266405105591
1,17.76,5.85994120035321,10.4397535324097
1,17.77,5.86327450023964,10.4570388793945
1,17.78,5.86660780012608,10.4719400405884
1,17.79,5.86994110001251,10.4856491088867
1,17.8,5.87327439989895,10.5100870132446
1,17.81,5.87660769978538,10.528564453125
1,17.82,5.87994099967182,10.5494260787964
1,17.83,5.88327429955825,10.5661153793335
1,17.84,5.88660759944469,10.5863809585571
1,17.85,5.88994089933112,10.610818862915
1,17.86,5.89327419921756,10.6322765350342
1,17.87,5.89660749910399,10.6543302536011
1,17.88,5.89994079899043,10.6775760650635
1,17.89,5.90327409887686,10.6960535049438
1,17.9,5.9066073987633,10.722279548645
1,17.91,5.90994069864973,10.7485055923462
1,17.92,5.91327399853617,10.7699632644653
1,17.93,5.9166072984226,10.7920169830322
1,17.94,5.91994059830904,10.8128786087036
1,17.95,5.92327389819548,10.8343362808228
1,17.96,5.92660719808191,10.8563899993896
1,17.97,5.92994049796835,10.877251625061
1,17.98,5.93327379785478,10.8975172042847
1,17.99,5.93660709774122,10.9201669692993
1,18,5.93994039762765,10.9416246414185
1,18.01,5.94327369751409,10.9601020812988
1,18.02,5.94660699740052,10.979175567627
1,18.03,5.94994029728696,10.9982490539551
1,18.04,5.95327359717339,11.0143423080444
1,18.05,5.95660689705983,11.0346078872681
1,18.06,5.95994019694626,11.0495090484619
1,18.07,5.9632734968327,11.0673904418945
1,18.08,5.96660679671913,11.0846757888794
1,18.09,5.96994009660557,11.0989809036255
1,18.1,5.973273396492,11.1204385757446
1,18.11,5.97660669637844,11.1347436904907
1,18.12,5.97993999626487,11.1478567123413
1,18.13,5.98327329615131,11.1627578735352
1,18.14,5.98660659603775,11.1782550811768
1,18.15,5.98993989592418,11.1967325210571
1,18.16,5.99327319581062,11.2134218215942
1,18.17,5.99660649569705,11.2265348434448
1,18.18,5.99993979558349,11.2408399581909
1,18.19,6.00327309546992,11.255145072937
1,18.2,6.00660639535636,11.2622976303101
1,18.21,6.00993969524279,11.2783908843994
1,18.22,6.01327299512923,11.2897157669067
1,18.23,6.01660629501566,11.3052129745483
1,18.24,6.0199395949021,11.3165378570557
1,18.25,6.02327289478853,11.327862739563
1,18.26,6.02660619467497,11.3427639007568
1,18.27,6.0299394945614,11.3594532012939
1,18.28,6.03327279444784,11.3761425018311
1,18.29,6.03660609433427,11.3928318023682
1,18.3,6.03993939422071,11.4071369171143
1,18.31,6.04327269410715,11.4244222640991
1,18.32,6.04660599399358,11.441707611084
1,18.33,6.04993929388002,11.4595890045166
1,18.34,6.05327259376645,11.4768743515015
1,18.35,6.05660589365289,11.4959478378296
1,18.36,6.05993919353932,11.5102529525757
1,18.37,6.06327249342576,11.526346206665
1,18.38,6.06660579331219,11.5406513214111
1,18.39,6.06993909319863,11.5513801574707
1,18.4,6.07327239308506,11.565089225769
1,18.41,6.0766056929715,11.5805864334106
1,18.42,6.07993899285793,11.5954875946045
1,18.43,6.08327229274437,11.6157531738281
1,18.44,6.0866055926308,11.6288661956787
1,18.45,6.08993889251724,11.6485357284546
1,18.46,6.09327219240367,11.6664171218872
1,18.47,6.09660549229011,11.6813182830811
1,18.48,6.09993879217654,11.6986036300659
1,18.49,6.10327209206298,11.7170810699463
1,18.5,6.10660539194942,11.7343664169312
1,18.51,6.10993869183585,11.754035949707
1,18.52,6.11327199172229,11.7719173431396
1,18.53,6.11660529160872,11.7945671081543
1,18.54,6.11993859149516,11.8148326873779
1,18.55,6.12327189138159,11.8362903594971
1,18.56,6.12660519126803,11.8553638458252
1,18.57,6.12993849115446,11.8780136108398
1,18.58,6.1332717910409,11.8976831436157
1,18.59,6.13660509092733,11.9185447692871
1,18.6,6.13993839081377,11.9388103485107
1,18.61,6.1432716907002,11.9566917419434
1,18.62,6.14660499058664,11.9751691818237
1,18.63,6.14993829047307,11.9894742965698
1,18.64,6.15327159035951,12.0043754577637
1,18.65,6.15660489024594,12.0186805725098
1,18.66,6.15993819013238,12.0371580123901
1,18.67,6.16327149001881,12.0508670806885
1,18.68,6.16660478990525,12.0651721954346
1,18.69,6.16993808979169,12.0812654495239
1,18.7,6.17327138967812,12.0937824249268
1,18.71,6.17993798945099,12.1116638183594
1,18.72,6.18327128933743,12.127161026001
1,18.74,6.18660458922386,12.1694803237915
1,18.75,6.1899378891103,12.1873617172241
1,18.76,6.19327118899673,12.209415435791
1,18.77,6.1999377887696,12.2320652008057
1,18.78,6.20327108865604,12.2582912445068
1,18.8,6.20660438854247,12.3023986816406
1,18.81,6.21327098831534,12.3214721679688
1,18.82,6.21660428820178,12.3482942581177
1,18.83,6.21993758808821,12.3691558837891
1,18.84,6.22327088797465,12.4001502990723
1,18.86,6.22993748774752,12.4472379684448
1,18.87,6.23327078763396,12.4770402908325
1,18.88,6.23660408752039,12.4996900558472
1,18.9,6.24327068729326,12.5503540039063
1,18.91,6.2466039871797,12.5658512115479
1,18.92,6.24993728706613,12.5926733016968
1,18.93,6.25327058695257,12.6177072525024
1,18.94,6.256603886839,12.6385688781738
1,18.95,6.25993718672544,12.6594305038452
1,18.96,6.26327048661187,12.6785039901733
1,18.97,6.26660378649831,12.6993656158447
1,18.98,6.26993708638474,12.7166509628296
1,18.99,6.27327038627118,12.7393007278442
1,19,6.27660368615761,12.7613544464111
1,19.01,6.27993698604405,12.776255607605
1,19.02,6.28327028593048,12.7977132797241
1,19.03,6.28660358581692,12.8138065338135
1,19.04,6.28993688570336,12.8298997879028
1,19.05,6.29327018558979,12.8519535064697
1,19.06,6.29660348547623,12.8668546676636
1,19.07,6.29993678536266,12.8823518753052
1,19.08,6.3032700852491,12.8966569900513
1,19.09,6.30660338513553,12.9145383834839
1,19.1,6.30993668502197,12.9294395446777
1,19.11,6.3132699849084,12.9437446594238
1,19.12,6.31660328479484,12.9604339599609
1,19.13,6.31993658468127,12.974739074707
1,19.14,6.32326988456771,12.9944086074829
1,19.15,6.32660318445414,13.013482093811
1,19.16,6.32993648434058,13.0301713943481
1,19.17,6.33326978422701,13.047456741333
1,19.18,6.33660308411345,13.0677223205566
1,19.19,6.33993638399989,13.0933523178101
1,19.2,6.34326968388632,13.1160020828247
1,19.21,6.34660298377275,13.1416320800781
1,19.22,6.34993628365919,13.1607055664063
1,19.23,6.35326958354563,13.1839513778687
1,19.24,6.35660288343206,13.2077932357788
1,19.25,6.3599361833185,13.231635093689
1,19.26,6.36326948320493,13.2536888122559
1,19.27,6.36660278309137,13.2715702056885
1,19.28,6.3699360829778,13.2918357849121
1,19.29,6.37326938286424,13.3073329925537
1,19.3,6.37660268275067,13.3252143859863
1,19.31,6.37993598263711,13.3401155471802
1,19.32,6.38326928252354,13.3568048477173
1,19.33,6.38660258240998,13.3693218231201
1,19.34,6.38993588229641,13.3854150772095
1,19.35,6.39326918218285,13.4009122848511
1,19.36,6.39660248206928,13.4211778640747
1,19.37,6.39993578195572,13.4354829788208
1,19.38,6.40326908184215,13.4509801864624
1,19.39,6.40660238172859,13.4694576263428
1,19.4,6.40993568161502,13.4813785552979
1,19.41,6.41326898150146,13.5022401809692
1,19.42,6.4166022813879,13.5213136672974
1,19.43,6.41993558127433,13.5427713394165
1,19.44,6.42326888116077,13.5564804077148
1,19.45,6.4266021810472,13.577938079834
1,19.46,6.42993548093364,13.5982036590576
1,19.47,6.43326878082007,13.6184692382813
1,19.48,6.43660208070651,13.6387348175049
1,19.49,6.43993538059294,13.657808303833
1,19.5,6.44326868047938,13.6750936508179
1,19.51,6.44660198036581,13.6935710906982
1,19.52,6.44993528025225,13.7126445770264
1,19.53,6.45326858013868,13.7311220169067
1,19.54,6.45660188002512,13.7495994567871
1,19.55,6.45993517991155,13.7627124786377
1,19.56,6.46326847979799,13.7770175933838
1,19.57,6.46660177968442,13.7943029403687
1,19.58,6.46993507957086,13.810396194458
1,19.59,6.47326837945729,13.8258934020996
1,19.6,6.47660167934373,13.8455629348755
1,19.61,6.47993497923017,13.8604640960693
1,19.62,6.4832682791166,13.8777494430542
1,19.63,6.48660157900304,13.892650604248
1,19.64,6.48993487888947,13.9117240905762
1,19.65,6.49326817877591,13.9307975769043
1,19.66,6.49660147866234,13.9445066452026
1,19.67,6.49993477854878,13.9635801315308
1,19.68,6.50326807843521,13.9826536178589
1,19.69,6.50660137832165,14.0070915222168
1,19.7,6.50993467820808,14.0273571014404
1,19.71,6.51326797809452,14.0529870986938
1,19.72,6.51660127798095,14.0786170959473
1,19.73,6.51993457786739,14.0964984893799
1,19.74,6.52326787775382,14.1227245330811
1,19.75,6.52660117764026,14.1441822052002
1,19.76,6.52993447752669,14.1638517379761
1,19.77,6.53326777741313,14.185905456543
1,19.78,6.53660107729957,14.2055749893188
1,19.79,6.539934377186,14.2264366149902
1,19.8,6.54326767707244,14.2425298690796
1,19.81,6.54660097695887,14.2621994018555
1,19.82,6.54993427684531,14.2794847488403
1,19.83,6.55326757673174,14.3003463745117
1,19.84,6.55660087661818,14.3170356750488
1,19.85,6.55993417650461,14.3325328826904
1,19.86,6.56326747639105,14.3492221832275
1,19.87,6.56660077627748,14.3676996231079
1,19.88,6.56993407616392,14.3802165985107
1,19.89,6.57326737605035,14.3939256668091
1,19.9,6.57660067593679,14.4088268280029
1,19.91,6.57993397582322,14.4243240356445
1,19.92,6.58326727570966,14.4386291503906
1,19.93,6.5866005755961,14.452338218689
1,19.94,6.58993387548253,14.464259147644
1,19.95,6.59326717536896,14.4779682159424
1,19.96,6.5966004752554,14.4898891448975
1,19.97,6.59993377514184,14.5077705383301
1,19.98,6.60326707502827,14.5155191421509
1,19.99,6.60660037491471,14.5286321640015
1,20,6.60993367480114,14.5459175109863
1,20.01,6.61326697468758,14.5620107650757
1,20.02,6.61660027457401,14.5798921585083
1,20.03,6.61993357446045,14.5936012268066
1,20.04,6.62326687434688,14.6108865737915
1,20.05,6.62660017423332,14.6251916885376
1,20.06,6.62993347411975,14.643669128418
1,20.07,6.63326677400619,14.6615505218506
1,20.08,6.63660007389262,14.6836042404175
1,20.09,6.63993337377906,14.7038698196411
1,20.1,6.64326667366549,14.7241353988647
1,20.11,6.64659997355193,14.7426128387451
1,20.12,6.64993327343836,14.7718191146851
1,20.13,6.6532665733248,14.7902965545654
1,20.14,6.65659987321123,14.8069858551025
1,20.15,6.65993317309767,14.8320198059082
1,20.16,6.66326647298411,14.8522853851318
1,20.17,6.66659977287054,14.8689746856689
1,20.18,6.66993307275698,14.8820877075195
1,20.19,6.67326637264341,14.8987770080566
1,20.2,6.67659967252985,14.9190425872803
1,20.21,6.67993297241628,14.9309635162354
1,20.22,6.68326627230272,14.951229095459
1,20.23,6.68659957218915,14.9726867675781
1,20.24,6.68993287207559,14.9893760681152
1,20.25,6.69326617196202,15.0096416473389
1,20.26,6.69659947184846,15.0275230407715
1,20.27,6.69993277173489,15.0477886199951
1,20.28,6.70326607162133,15.0620937347412
1,20.29,6.70659937150776,15.0775909423828
1,20.3,6.7099326713942,15.0966644287109
1,20.31,6.71326597128063,15.110969543457
1,20.32,6.71659927116707,15.1264667510986
1,20.33,6.7199325710535,15.1407718658447
1,20.34,6.72326587093994,15.1491165161133
1,20.35,6.72659917082638,15.1705741882324
1,20.36,6.72993247071281,15.1896476745605
1,20.37,6.73326577059925,15.2087211608887
1,20.38,6.73659907048568,15.2242183685303
1,20.39,6.73993237037212,15.2420997619629
1,20.4,6.74326567025855,15.256404876709
1,20.41,6.74659897014499,15.2695178985596
1,20.42,6.74993227003142,15.2850151062012
1,20.43,6.75326556991786,15.3028964996338
1,20.44,6.75659886980429,15.3160095214844
1,20.45,6.75993216969073,15.336275100708
1,20.46,6.76326546957716,15.3517723083496
1,20.47,6.7665987694636,15.3684616088867
1,20.48,6.76993206935003,15.3875350952148
1,20.49,6.77326536923647,15.4054164886475
1,20.5,6.7765986691229,15.4197216033936
1,20.51,6.77993196900934,15.4376029968262
1,20.52,6.78326526889578,15.4542922973633
1,20.53,6.78659856878221,15.4602527618408
1,20.54,6.78993186866865,15.4793262481689
1,20.55,6.79326516855508,15.4960155487061
1,20.56,6.79659846844152,15.5115127563477
1,20.57,6.79993176832795,15.5341625213623
1,20.58,6.80326506821439,15.5496597290039
1,20.59,6.80659836810082,15.5699253082275
1,20.6,6.80993166798726,15.5949592590332
1,20.61,6.81326496787369,15.6092643737793
1,20.62,6.81659826776013,15.6450271606445
1,20.63,6.81993156764656,15.6593322753906
1,20.64,6.823264867533,15.6807899475098
1,20.65,6.82659816741943,15.7046318054199
1,20.66,6.82993146730587,15.7225131988525
1,20.67,6.83326476719231,15.7558917999268
1,20.68,6.83659806707874,15.7797336578369
1,20.69,6.83993136696517,15.7999992370605
1,20.7,6.84326466685161,15.8190727233887
1,20.71,6.84659796673805,15.8369541168213
1,20.72,6.84993126662448,15.8655643463135
1,20.73,6.85326456651092,15.8870220184326
1,20.74,6.85659786639735,15.9013271331787
1,20.75,6.85993116628379,15.9311294555664
1,20.76,6.86326446617022,15.9430503845215
1,20.77,6.86659776605666,15.9692764282227
1,20.78,6.86993106594309,15.9907341003418
1,20.79,6.87326436582953,16.0157680511475
1,20.8,6.87659766571596,16.0419940948486
1,20.81,6.8799309656024,16.0634517669678
1,20.82,6.88326426548883,16.0861015319824
1,20.83,6.88659756537527,16.1111354827881
1,20.84,6.8899308652617,16.1290168762207
1,20.85,6.89326416514814,16.1576271057129
1,20.86,6.89659746503457,16.179084777832
1,20.87,6.89993076492101,16.1957740783691
1,20.88,6.90326406480744,16.2136554718018
1,20.89,6.90659736469388,16.2422657012939
1,20.9,6.90993066458032,16.251802444458
1,20.91,6.91326396446675,16.2720680236816
1,20.92,6.91659726435319,16.2982940673828
1,20.93,6.91993056423962,16.3149833679199
1,20.94,6.92326386412606,16.3376331329346
1,20.95,6.92659716401249,16.3447856903076
1,20.96,6.92993046389893,16.3698196411133
1,20.97,6.93326376378536,16.3912773132324
1,20.98,6.9365970636718,16.4031982421875
1,20.99,6.93993036355823,16.4246559143066
1,21,6.94326366344467,16.4413452148438
1,21.01,6.9465969633311,16.4616107940674
1,21.02,6.94993026321754,16.4735317230225
1,21.03,6.95326356310397,16.4973735809326
1,21.04,6.95659686299041,16.5188312530518
1,21.05,6.95993016287684,16.5355205535889
1,21.06,6.96326346276328,16.5605545043945
1,21.07,6.96659676264971,16.5736675262451
1,21.08,6.96993006253615,16.5987014770508
1,21.09,6.97326336242259,16.6237354278564
1,21.1,6.97659666230902,16.6440010070801
1,21.11,6.97992996219546,16.6678428649902
1,21.12,6.98326326208189,16.6833400726318
1,21.13,6.98659656196833,16.707181930542
1,21.14,6.98992986185476,16.7346000671387
1,21.15,6.9932631617412,16.7512893676758
1,21.16,6.99659646162763,16.7691707611084
1,21.17,6.99992976151407,16.7906284332275
1,21.18,7.0032630614005,16.8073177337646
1,21.19,7.00659636128694,16.8216228485107
1,21.2,7.00992966117337,16.8383121490479
1,21.21,7.01326296105981,16.8561935424805
1,21.22,7.01659626094624,16.8693065643311
1,21.23,7.01992956083268,16.8824195861816
1,21.24,7.02326286071911,16.8883800506592
1,21.25,7.02659616060555,16.9157981872559
1,21.26,7.02992946049199,16.9277191162109
1,21.27,7.03326276037842,16.9467926025391
1,21.28,7.03659606026486,16.9658660888672
1,21.29,7.03992936015129,16.9837474822998
1,21.3,7.04326266003773,16.9980525970459
1,21.31,7.04659595992416,17.017126083374
1,21.32,7.0499292598106,17.0373916625977
1,21.33,7.05326255969703,17.0528888702393
1,21.34,7.05659585958347,17.0731544494629
1,21.35,7.0599291594699,17.085075378418
1,21.36,7.06326245935634,17.1077251434326
1,21.37,7.06659575924277,17.1279907226563
1,21.38,7.06992905912921,17.1375274658203
1,21.39,7.07326235901564,17.1613693237305
1,21.4,7.07659565890208,17.1792507171631
1,21.41,7.07992895878852,17.1923637390137
1,21.42,7.08326225867495,17.2066688537598
1,21.43,7.08659555856138,17.2197818756104
1,21.44,7.08992885844782,17.237663269043
1,21.45,7.09326215833426,17.2555446624756
1,21.46,7.09659545822069,17.2722339630127
1,21.47,7.09992875810713,17.2913074493408
1,21.48,7.10326205799356,17.3032283782959
1,21.49,7.10659535788,17.324686050415
1,21.5,7.10992865776643,17.3425674438477
1,21.51,7.11326195765287,17.3568725585938
1,21.52,7.1165952575393,17.3795223236084
1,21.53,7.11992855742574,17.392635345459
1,21.54,7.12326185731217,17.4140930175781
1,21.55,7.12659515719861,17.4355506896973
1,21.56,7.12992845708504,17.4510478973389
1,21.57,7.13326175697148,17.4689292907715
1,21.58,7.13659505685791,17.4880027770996
1,21.59,7.13992835674435,17.5034999847412
1,21.6,7.14326165663078,17.5249576568604
1,21.61,7.14659495651722,17.5392627716064
1,21.62,7.14992825640365,17.5559520721436
1,21.63,7.15326155629009,17.5797939300537
1,21.64,7.15659485617653,17.5964832305908
1,21.65,7.15992815606296,17.6239013671875
1,21.66,7.1632614559494,17.6453590393066
1,21.67,7.16659475583583,17.6668167114258
1,21.68,7.16992805572227,17.6918506622314
1,21.69,7.1732613556087,17.7156925201416
1,21.7,7.17659465549514,17.7347660064697
1,21.71,7.17992795538157,17.7574157714844
1,21.72,7.18326125526801,17.775297164917
1,21.73,7.18659455515444,17.7907943725586
1,21.74,7.18992785504088,17.8110599517822
1,21.75,7.19326115492731,17.8277492523193
1,21.76,7.19659445481375,17.8444385528564
1,21.77,7.19992775470018,17.8635120391846
1,21.78,7.20326105458662,17.8802013397217
1,21.79,7.20659435447305,17.8980827331543
1,21.8,7.20992765435949,17.9064273834229
1,21.81,7.21326095424593,17.9362297058105
1,21.82,7.21659425413236,17.9529190063477
1,21.83,7.2199275540188,17.9684162139893
1,21.84,7.22326085390523,17.9874897003174
1,21.85,7.22659415379167,18.007755279541
1,21.86,7.2299274536781,18.0280208587646
1,21.87,7.23326075356454,18.0482864379883
1,21.88,7.23659405345097,18.0637836456299
1,21.89,7.23992735333741,18.0864334106445
1,21.9,7.24326065322384,18.1066989898682
1,21.91,7.24659395311028,18.1233882904053
1,21.92,7.24992725299671,18.1448459625244
1,21.93,7.25326055288315,18.1663036346436
1,21.94,7.25659385276958,18.1818008422852
1,21.95,7.25992715265602,18.1972980499268
1,21.96,7.26326045254245,18.2199478149414
1,21.97,7.26659375242889,18.2425975799561
1,21.98,7.26992705231532,18.2557106018066
1,21.99,7.27326035220176,18.2723999023438
1,22,7.2765936520882,18.2914733886719
1,22.01,7.27992695197463,18.3093547821045
1,22.02,7.28326025186107,18.3236598968506
1,22.03,7.2865935517475,18.3439254760742
1,22.04,7.28992685163394,18.3618068695068
1,22.05,7.29326015152037,18.3844566345215
1,22.06,7.29659345140681,18.4011459350586
1,22.07,7.29992675129324,18.4214115142822
1,22.08,7.30326005117968,18.4345245361328
1,22.09,7.30659335106611,18.458366394043
1,22.1,7.30992665095255,18.4750556945801
1,22.11,7.31325995083898,18.4988975524902
1,22.12,7.31659325072542,18.5203552246094
1,22.13,7.31992655061185,18.538236618042
1,22.14,7.32325985049829,18.5596942901611
1,22.15,7.32659315038473,18.5787677764893
1,22.16,7.32992645027116,18.5978412628174
1,22.17,7.33325975015759,18.618106842041
1,22.18,7.33659305004403,18.6347961425781
1,22.19,7.33992634993047,18.6574459075928
1,22.2,7.3432596498169,18.6634063720703
1,22.21,7.34659294970334,18.6800956726074
1,22.22,7.34992624958977,18.69797706604
1,22.23,7.35325954947621,18.7170505523682
1,22.24,7.35659284936264,18.7313556671143
1,22.25,7.35992614924908,18.7516212463379
1,22.26,7.36325944913551,18.7563896179199
1,22.27,7.36659274902195,18.7802314758301
1,22.28,7.36992604890838,18.7993049621582
1,22.29,7.37325934879482,18.8112258911133
1,22.3,7.37659264868125,18.8302993774414
1,22.31,7.37992594856769,18.8446044921875
1,22.32,7.38325924845412,18.8517570495605
1,22.33,7.38659254834056,18.8684463500977
1,22.34,7.389925848227,18.8815593719482
1,22.35,7.39325914811343,18.9018249511719
1,22.36,7.39659244799986,18.9220905303955
1,22.37,7.3999257478863,18.9387798309326
1,22.38,7.40325904777274,18.9602375030518
1,22.39,7.40659234765917,18.9721584320068
1,22.4,7.40992564754561,18.9995765686035
1,22.41,7.41325894743204,19.0234184265137
1,22.42,7.41659224731848,19.0436840057373
1,22.43,7.41992554720491,19.0615653991699
1,22.44,7.42325884709135,19.075870513916
1,22.45,7.42659214697778,19.0973281860352
1,22.46,7.43325874675065,19.1092491149902
1,22.48,7.43659204663709,19.155740737915
1,22.49,7.43992534652352,19.1748142242432
1,22.5,7.44325864640996,19.1998481750488
1,22.51,7.44659194629639,19.2177295684814
1,22.52,7.44992524618283,19.2463397979736
1,22.53,7.45325854606926,19.2701816558838
1,22.54,7.4565918459557,19.2892551422119
1,22.55,7.46325844572857,19.3130970001221
1,22.56,7.46659174561501,19.3262100219727
1,22.57,7.46992504550144,19.3500518798828
1,22.59,7.47325834538788,19.3846225738525
1,22.6,7.47992494516075,19.4060802459717
1,22.61,7.48325824504718,19.4251537322998
1,22.62,7.48659154493362,19.4394588470459
1,22.63,7.48992484482005,19.4633007049561
1,22.64,7.49325814470649,19.4811820983887
1,22.65,7.49659144459292,19.5074081420898
1,22.66,7.49992474447936,19.53125
1,22.67,7.50325804436579,19.5527076721191
1,22.68,7.50659134425223,19.5717811584473
1,22.69,7.50992464413866,19.5932388305664
1,22.7,7.5132579440251,19.611120223999
1,22.71,7.51659124391153,19.6325778961182
1,22.72,7.51992454379797,19.6540355682373
1,22.73,7.52325784368441,19.6635723114014
1,22.74,7.52659114357084,19.6874141693115
1,22.75,7.52992444345728,19.7029113769531
1,22.76,7.53325774334371,19.7124481201172
1,22.77,7.53659104323015,19.7374820709229
1,22.78,7.53992434311658,19.7494029998779
1,22.79,7.54325764300302,19.7768211364746
1,22.8,7.54659094288945,19.7935104370117
1,22.81,7.54992424277589,19.8125839233398
1,22.82,7.55325754266232,19.834041595459
1,22.83,7.55659084254876,19.8483467102051
1,22.84,7.55992414243519,19.8650360107422
1,22.85,7.56325744232163,19.8900699615479
1,22.86,7.56659074220806,19.9079513549805
1,22.87,7.5699240420945,19.9222564697266
1,22.88,7.57325734198094,19.9437141418457
1,22.89,7.57659064186737,19.9687480926514
1,22.9,7.5799239417538,19.9806690216064
1,22.91,7.58325724164024,20.0057029724121
1,22.92,7.58659054152668,20.0271606445313
1,22.93,7.58992384141311,20.0498104095459
1,22.94,7.59325714129955,20.066499710083
1,22.95,7.59659044118598,20.0843811035156
1,22.96,7.59992374107242,20.1058387756348
1,22.97,7.60325704095885,20.1225280761719
1,22.98,7.60659034084529,20.1332569122314
1,22.99,7.60992364073172,20.1535224914551
1,23,7.61325694061816,20.1702117919922
1,23.01,7.61659024050459,20.1880931854248
1,23.02,7.61992354039103,20.2000141143799
1,23.03,7.62325684027746,20.216703414917
1,23.04,7.6265901401639,20.2322006225586
1,23.05,7.62992344005033,20.2488899230957
1,23.06,7.63325673993677,20.2715396881104
1,23.07,7.63659003982321,20.291805267334
1,23.08,7.63992333970964,20.3096866607666
1,23.09,7.64325663959607,20.3239917755127
1,23.1,7.64658993948251,20.3466415405273
1,23.11,7.64992323936895,20.366907119751
1,23.12,7.65325653925538,20.3895568847656
1,23.13,7.65658983914182,20.4062461853027
1,23.14,7.65992313902825,20.4169750213623
1,23.15,7.66325643891469,20.442008972168
1,23.16,7.66658973880112,20.4586982727051
1,23.17,7.66992303868756,20.4694271087646
1,23.18,7.67325633857399,20.4896926879883
1,23.19,7.67658963846043,20.5039978027344
1,23.2,7.67992293834686,20.5075740814209
1,23.21,7.6832562382333,20.52903175354
1,23.22,7.68658953811973,20.5326080322266
1,23.23,7.68992283800617,20.5481052398682
1,23.24,7.6932561378926,20.5552577972412
1,23.25,7.69658943777904,20.5755233764648
1,23.26,7.69992273766547,20.5934047698975
1,23.27,7.70325603755191,20.6053256988525
1,23.28,7.70658933743835,20.6184387207031
1,23.29,7.70992263732478,20.6291675567627
1,23.3,7.71325593721122,20.6470489501953
1,23.31,7.71658923709765,20.6661224365234
1,23.32,7.71992253698409,20.6780433654785
1,23.33,7.72325583687052,20.6923484802246
1,23.34,7.72658913675696,20.7149982452393
1,23.35,7.72992243664339,20.7293033599854
1,23.36,7.73325573652983,20.747184753418
1,23.37,7.73658903641626,20.7638740539551
1,23.38,7.7399223363027,20.7853317260742
1,23.39,7.74325563618913,20.8044052124023
1,23.4,7.74658893607557,20.8199024200439
1,23.41,7.749922235962,20.8306312561035
1,23.42,7.75325553584844,20.8532810211182
1,23.43,7.75658883573487,20.8771228790283
1,23.44,7.75992213562131,20.8890438079834
1,23.45,7.76325543550774,20.906925201416
1,23.46,7.76658873539418,20.9295749664307
1,23.47,7.76992203528062,20.9498405456543
1,23.48,7.77325533516705,20.9677219390869
1,23.49,7.77658863505349,20.9927558898926
1,23.5,7.77992193493992,21.0070610046387
1,23.51,7.78325523482636,21.0285186767578
1,23.52,7.78658853471279,21.0452079772949
1,23.53,7.78992183459923,21.0702419281006
1,23.54,7.79325513448566,21.0905075073242
1,23.55,7.7965884343721,21.1083889007568
1,23.56,7.79992173425853,21.1310386657715
1,23.57,7.80325503414497,21.1477279663086
1,23.58,7.8065883340314,21.1703777313232
1,23.59,7.80992163391784,21.1882591247559
1,23.6,7.81325493380427,21.202564239502
1,23.61,7.81658823369071,21.2275981903076
1,23.62,7.81992153357715,21.2490558624268
1,23.63,7.82325483346358,21.2728977203369
1,23.64,7.82658813335002,21.2967395782471
1,23.65,7.82992143323645,21.3122367858887
1,23.66,7.83325473312289,21.3396549224854
1,23.67,7.83658803300932,21.3634967803955
1,23.68,7.83992133289576,21.3801860809326
1,23.69,7.84325463278219,21.4064121246338
1,23.7,7.84658793266863,21.4314460754395
1,23.71,7.84992123255506,21.4469432830811
1,23.72,7.8532545324415,21.4743614196777
1,23.73,7.85658783232793,21.4910507202148
1,23.74,7.85992113221437,21.5137004852295
1,23.75,7.8632544321008,21.5303897857666
1,23.76,7.86658773198724,21.5494632720947
1,23.77,7.86992103187367,21.5649604797363
1,23.78,7.87325433176011,21.5840339660645
1,23.79,7.87658763164654,21.594762802124
1,23.8,7.87992093153298,21.6197967529297
1,23.81,7.88325423141941,21.6305255889893
1,23.82,7.88658753130585,21.6543674468994
1,23.83,7.88992083119228,21.6829776763916
1,23.84,7.89325413107872,21.6972827911377
1,23.85,7.89658743096516,21.7258930206299
1,23.86,7.89992073085159,21.742582321167
1,23.87,7.90325403073803,21.7700004577637
1,23.88,7.90658733062446,21.7878818511963
1,23.89,7.9099206305109,21.8141078948975
1,23.9,7.91325393039733,21.8403339385986
1,23.91,7.91658723028377,21.8558311462402
1,23.92,7.9199205301702,21.8856334686279
1,23.93,7.92325383005664,21.9070911407471
1,23.94,7.92658712994307,21.9225883483887
1,23.95,7.92992042982951,21.9476222991943
1,23.96,7.93325372971594,21.97265625
1,23.97,7.93658702960238,22.0000743865967
1,23.98,7.93992032948881,22.0263004302979
1,23.99,7.94325362937525,22.042989730835
1,24,7.94658692926169,22.0715999603271
1,24.01,7.94992022914812,22.1014022827148
1,24.02,7.95325352903456,22.125244140625
1,24.03,7.95658682892099,22.1514701843262
1,24.04,7.95992012880743,22.1741199493408
1,24.05,7.96325342869386,22.202730178833
1,24.06,7.9665867285803,22.2182273864746
1,24.07,7.96992002846673,22.2504138946533
1,24.08,7.97325332835317,22.2814083099365
1,24.09,7.9765866282396,22.2969055175781
1,24.1,7.97991992812604,22.3207473754883
1,24.11,7.98325322801247,22.3517417907715
1,24.12,7.98658652789891,22.3743915557861
1,24.13,7.98991982778534,22.3994255065918
1,24.14,7.99325312767178,22.4220752716064
1,24.15,7.99658642755821,22.4494934082031
1,24.16,7.99991972744465,22.4721431732178
1,24.17,8.00325302733108,22.4947929382324
1,24.18,8.00658632721752,22.5186347961426
1,24.19,8.00991962710395,22.5424766540527
1,24.2,8.01325292699039,22.5675106048584
1,24.21,8.01658622687683,22.5841999053955
1,24.22,8.01991952676326,22.6068496704102
1,24.23,8.0232528266497,22.6187705993652
1,24.24,8.02658612653613,22.6342678070068
1,24.25,8.02991942642257,22.658109664917
1,24.26,8.033252726309,22.6700305938721
1,24.27,8.03658602619544,22.6891040802002
1,24.28,8.03991932608187,22.7046012878418
1,24.29,8.04325262596831,22.7224826812744
1,24.3,8.04658592585474,22.737979888916
1,24.31,8.04991922574118,22.7510929107666
1,24.32,8.05325252562761,22.7761268615723
1,24.33,8.05658582551405,22.7904319763184
1,24.34,8.05991912540048,22.7999687194824
1,24.35,8.06325242528692,22.8202342987061
1,24.36,8.06658572517335,22.8345394134521
1,24.37,8.06991902505979,22.8500366210938
1,24.38,8.07325232494623,22.8691101074219
1,24.39,8.07658562483266,22.8846073150635
1,24.4,8.0799189247191,22.9072570800781
1,24.41,8.08325222460553,22.9215621948242
1,24.42,8.08658552449197,22.9477882385254
1,24.43,8.0899188243784,22.9692459106445
1,24.44,8.09325212426484,22.9930877685547
1,24.45,8.09658542415127,23.0073928833008
1,24.46,8.09991872403771,23.0312347412109
1,24.47,8.10325202392414,23.0515003204346
1,24.48,8.10658532381058,23.0598449707031
1,24.49,8.10991862369701,23.0848789215088
1,24.5,8.11325192358345,23.1063365936279
1,24.51,8.11658522346988,23.1218338012695
1,24.52,8.11991852335632,23.1420993804932
1,24.53,8.12325182324276,23.1552124023438
1,24.54,8.12658512312919,23.1790542602539
1,24.55,8.12991842301562,23.198127746582
1,24.56,8.13325172290206,23.2112407684326
1,24.57,8.13658502278849,23.2291221618652
1,24.58,8.13991832267493,23.2410430908203
1,24.59,8.14325162256137,23.2625007629395
1,24.6,8.1465849224478,23.2839584350586
1,24.61,8.14991822233424,23.2958793640137
1,24.62,8.15325152222067,23.3197212219238
1,24.63,8.15658482210711,23.3316421508789
1,24.64,8.15991812199354,23.3554840087891
1,24.65,8.16325142187998,23.3793258666992
1,24.66,8.16658472176641,23.3960151672363
1,24.67,8.16991802165285,23.4198570251465
1,24.68,8.17325132153928,23.4401226043701
1,24.69,8.17658462142572,23.4627723693848
1,24.7,8.17991792131215,23.4746932983398
1,24.71,8.18325122119859,23.5044956207275
1,24.72,8.18658452108502,23.5235691070557
1,24.73,8.18991782097146,23.5426425933838
1,24.74,8.19325112085789,23.5593318939209
1,24.75,8.19658442074433,23.5724449157715
1,24.76,8.19991772063077,23.5855579376221
1,24.77,8.2032510205172,23.6046314239502
1,24.78,8.20658432040364,23.6093997955322
1,24.79,8.20991762029007,23.6308574676514
1,24.8,8.21325092017651,23.646354675293
1,24.81,8.21658422006294,23.6630439758301
1,24.82,8.21991751994938,23.6761569976807
1,24.83,8.22325081983581,23.6976146697998
1,24.84,8.22658411972225,23.7178802490234
1,24.85,8.22991741960868,23.733377456665
1,24.86,8.23325071949512,23.7596035003662
1,24.87,8.23658401938155,23.7882137298584
1,24.88,8.23991731926799,23.8025188446045
1,24.89,8.24325061915443,23.8251686096191
1,24.9,8.24658391904086,23.8466262817383
1,24.91,8.24991721892729,23.8633155822754
1,24.92,8.25325051881373,23.8847732543945
1,24.93,8.25658381870016,23.9050388336182
1,24.94,8.2599171185866,23.9264965057373
1,24.95,8.26325041847304,23.949146270752
1,24.96,8.26658371835947,23.9598751068115
1,24.97,8.26991701824591,23.9813327789307
1,24.98,8.27325031813234,24.0004062652588
1,24.99,8.27658361801878,24.0170955657959
1,25,8.27991691790521,24.0302085876465
1,25.01,8.28325021779165,24.0457057952881
1,25.02,8.28658351767808,24.0576267242432
1,25.03,8.28991681756452,24.0731239318848
1,25.04,8.29325011745095,24.0886211395264
1,25.05,8.29658341733739,24.1053104400635
1,25.06,8.29991671722382,24.111270904541
1,25.07,8.30325001711026,24.1279602050781
1,25.08,8.30658331699669,24.1351127624512
1,25.09,8.30991661688313,24.1541862487793
1,25.1,8.31324991676956,24.1672992706299
1,25.11,8.316583216656,24.1875648498535
1,25.12,8.31991651654244,24.2042541503906
1,25.13,8.32324981642887,24.2233276367188
1,25.14,8.32658311631531,24.2388248443604
1,25.15,8.32991641620174,24.2698192596436
1,25.16,8.33324971608818,24.2829322814941
1,25.17,8.33658301597461,24.3055820465088
1,25.18,8.33991631586105,24.3186950683594
1,25.19,8.34324961574748,24.343729019165
1,25.2,8.34658291563392,24.3663787841797
1,25.21,8.34991621552035,24.3961811065674
1,25.22,8.35324951540679,24.411678314209
1,25.23,8.35658281529322,24.4307518005371
1,25.24,8.35991611517966,24.4545936584473
1,25.25,8.36324941506609,24.4808197021484
1,25.26,8.36658271495253,24.493932723999
1,25.27,8.36991601483897,24.5177745819092
1,25.28,8.3732493147254,24.5320796966553
1,25.29,8.37658261461183,24.5559215545654
1,25.3,8.37991591449827,24.573802947998
1,25.31,8.3832492143847,24.5857238769531
1,25.32,8.38658251427114,24.6179103851318
1,25.33,8.38991581415758,24.639368057251
1,25.34,8.39324911404401,24.6620178222656
1,25.35,8.39658241393045,24.6822834014893
1,25.36,8.39991571381688,24.7037410736084
1,25.37,8.40324901370332,24.7347354888916
1,25.38,8.40658231358975,24.7514247894287
1,25.39,8.40991561347619,24.7788429260254
1,25.4,8.41324891336262,24.8074531555176
1,25.41,8.41658221324906,24.8336791992188
1,25.42,8.41991551313549,24.8622894287109
1,25.43,8.42324881302193,24.8944759368896
1,25.44,8.42658211290836,24.9159336090088
1,25.45,8.4299154127948,24.944543838501
1,25.46,8.43324871268123,24.9719619750977
1,25.47,8.43658201256767,24.9946117401123
1,25.48,8.4399153124541,25.0208377838135
1,25.49,8.44324861234054,25.0399112701416
1,25.5,8.44658191222698,25.0577926635742
1,25.51,8.44991521211341,25.0828266143799
1,25.52,8.45324851199985,25.1007080078125
1,25.53,8.45658181188628,25.1245498657227
1,25.54,8.45991511177272,25.1412391662598
1,25.55,8.46324841165915,25.1603126525879
1,25.56,8.46658171154559,25.181770324707
1,25.57,8.46991501143202,25.1960754394531
1,25.58,8.47324831131846,25.2115726470947
1,25.59,8.47658161120489,25.2294540405273
1,25.6,8.47991491109133,25.2306461334229
1,25.61,8.48324821097776,25.252103805542
1,25.62,8.4865815108642,25.2664089202881
1,25.63,8.48991481075064,25.2866744995117
1,25.64,8.49324811063707,25.2974033355713
1,25.65,8.4965814105235,25.3129005432129
1,25.66,8.49991471040994,25.324821472168
1,25.67,8.50324801029637,25.3379344940186
1,25.68,8.50658131018281,25.3522396087646
1,25.69,8.50991461006925,25.3629684448242
1,25.7,8.51324790995568,25.3832340240479
1,25.71,8.51658120984212,25.3975391387939
1,25.72,8.51991450972855,25.409460067749
1,25.73,8.52324780961499,25.4297256469727
1,25.74,8.52658110950142,25.4476070404053
1,25.75,8.52991440938786,25.4619121551514
1,25.76,8.53324770927429,25.484561920166
1,25.77,8.53658100916073,25.5012512207031
1,25.78,8.53991430904716,25.5167484283447
1,25.79,8.5432476089336,25.5405902862549
1,25.8,8.54658090882003,25.5560874938965
1,25.81,8.54991420870647,25.5846977233887
1,25.82,8.5532475085929,25.6037712097168
1,25.83,8.55658080847934,25.6288051605225
1,25.84,8.55991410836577,25.6562232971191
1,25.85,8.56324740825221,25.6681442260742
1,25.86,8.56658070813865,25.7003307342529
1,25.87,8.56991400802508,25.7253646850586
1,25.88,8.57324730791152,25.7396697998047
1,25.89,8.57658060779795,25.7647037506104
1,25.9,8.57991390768439,25.7885456085205
1,25.91,8.58324720757082,25.8016586303711
1,25.92,8.58658050745726,25.8290767669678
1,25.93,8.58991380734369,25.8457660675049
1,25.94,8.59324710723013,25.867223739624
1,25.95,8.59658040711656,25.8862972259521
1,25.96,8.599913707003,25.9077548980713
1,25.97,8.60324700688943,25.9268283843994
1,25.98,8.60658030677587,25.947093963623
1,25.99,8.6099136066623,25.9649753570557
1,26,8.61324690654874,25.9816646575928
1,26.01,8.61658020643518,26.0031223297119
1,26.02,8.61991350632161,26.02219581604
1,26.03,8.62324680620804,26.0400772094727
1,26.04,8.62658010609448,26.0615348815918
1,26.05,8.62991340598091,26.0806083679199
1,26.06,8.63324670586735,26.1032581329346
1,26.07,8.63658000575379,26.1294841766357
1,26.08,8.63991330564022,26.1497497558594
1,26.09,8.64324660552666,26.1735916137695
1,26.1,8.64657990541309,26.1986255645752
1,26.11,8.64991320529953,26.2200832366943
1,26.12,8.65324650518596,26.2415409088135
1,26.13,8.6565798050724,26.2629985809326
1,26.14,8.65991310495883,26.2773036956787
1,26.15,8.66324640484527,26.3035297393799
1,26.16,8.6665797047317,26.3237953186035
1,26.17,8.66991300461814,26.3321399688721
1,26.18,8.67324630450457,26.3547897338867
1,26.19,8.67991290427744,26.3667106628418
1,26.2,8.68324620416388,26.390552520752
1,26.22,8.68657950405031,26.4215469360352
1,26.23,8.68991280393675,26.4418125152588
1,26.24,8.69324610382319,26.4656543731689
1,26.25,8.69991270359606,26.4763832092285
1,26.26,8.70324600348249,26.4978408813477
1,26.28,8.70657930336893,26.5312194824219
1,26.29,8.7132459031418,26.555061340332
1,26.3,8.71657920302823,26.5777111053467
1,26.32,8.7232458028011,26.6087055206299
1,26.34,8.72991240257397,26.6432762145996
1,26.35,8.73324570246041,26.6647338867188
1,26.36,8.73657900234685,26.6921520233154
1,26.38,8.73991230223328,26.7243385314941
1,26.39,8.74657890200615,26.7410278320313
1,26.4,8.74991220189258,26.7589092254639
1,26.41,8.75324550177902,26.7720222473145
1,26.42,8.75657880166546,26.7970561981201
1,26.43,8.75991210155189,26.8185138702393
1,26.44,8.76324540143833,26.8411636352539
1,26.45,8.76657870132476,26.8590450286865
1,26.46,8.7699120012112,26.8876552581787
1,26.47,8.77324530109763,26.9138813018799
1,26.48,8.77657860098407,26.93772315979
1,26.49,8.7799119008705,26.9675254821777
1,26.5,8.78324520075694,26.9949436187744
1,26.51,8.78657850064337,27.0211696624756
1,26.52,8.78991180052981,27.0426273345947
1,26.53,8.79324510041624,27.0652770996094
1,26.54,8.79657840030268,27.090311050415
1,26.55,8.79991170018911,27.1034240722656
1,26.56,8.80324500007555,27.1224975585938
1,26.57,8.80657829996198,27.1439552307129
1,26.58,8.80991159984842,27.1666049957275
1,26.59,8.81324489973486,27.1749496459961
1,26.6,8.81657819962129,27.1975994110107
1,26.61,8.81991149950773,27.2142887115479
1,26.62,8.82324479939416,27.230978012085
1,26.63,8.8265780992806,27.2464752197266
1,26.64,8.82991139916703,27.2631645202637
1,26.65,8.83324469905347,27.2810459136963
1,26.66,8.8365779989399,27.3001194000244
1,26.67,8.83991129882634,27.3215770721436
1,26.68,8.84324459871277,27.3394584655762
1,26.69,8.84657789859921,27.3561477661133
1,26.7,8.84991119848564,27.3752212524414
1,26.71,8.85324449837208,27.3942947387695
1,26.72,8.85657779825851,27.4169445037842
1,26.73,8.85991109814495,27.4300575256348
1,26.74,8.86324439803139,27.4550914764404
1,26.75,8.86657769791782,27.472972869873
1,26.76,8.86991099780425,27.4848937988281
1,26.77,8.87324429769069,27.5063514709473
1,26.78,8.87657759757712,27.5290012359619
1,26.79,8.87991089746356,27.5421142578125
1,26.8,8.88324419735,27.5576114654541
1,26.81,8.88657749723643,27.5707244873047
1,26.82,8.88991079712287,27.5886058807373
1,26.83,8.8932440970093,27.6064872741699
1,26.84,8.89657739689574,27.620792388916
1,26.85,8.89991069678217,27.6350975036621
1,26.86,8.90324399666861,27.6553630828857
1,26.87,8.90657729655504,27.6708602905273
1,26.88,8.90991059644148,27.6827812194824
1,26.89,8.91324389632791,27.7042388916016
1,26.9,8.91657719621435,27.7209281921387
1,26.91,8.91991049610078,27.7400016784668
1,26.92,8.92324379598722,27.7554988861084
1,26.93,8.92657709587365,27.77099609375
1,26.94,8.92991039576009,27.7864933013916
1,26.95,8.93324369564652,27.8067588806152
1,26.96,8.93657699553296,27.8294086456299
1,26.97,8.9399102954194,27.8449058532715
1,26.98,8.94324359530583,27.8615951538086
1,26.99,8.94657689519227,27.8770923614502
1,27,8.9499101950787,27.8973579406738
1,27.01,8.95324349496514,27.9128551483154
1,27.02,8.95657679485157,27.9343128204346
1,27.03,8.95991009473801,27.9486179351807
1,27.04,8.96324339462444,27.9688835144043
1,27.05,8.96657669451088,27.9915332794189
1,27.06,8.96990999439731,28.0046463012695
1,27.07,8.97324329428375,28.0284881591797
1,27.08,8.97657659417018,28.0427932739258
1,27.09,8.97990989405662,28.0654430389404
1,27.1,8.98324319394306,28.0845165252686
1,27.11,8.98657649382949,28.1012058258057
1,27.12,8.98990979371592,28.1202793121338
1,27.13,8.99324309360236,28.1405448913574
1,27.14,8.99657639348879,28.1548500061035
1,27.15,8.99990969337523,28.1810760498047
1,27.16,9.00324299326167,28.1989574432373
1,27.17,9.0065762931481,28.2192230224609
1,27.18,9.00990959303454,28.2454490661621
1,27.19,9.01324289292097,28.2609462738037
1,27.2,9.01657619280741,28.2740592956543
1,27.21,9.01990949269384,28.29909324646
1,27.22,9.02324279258028,28.3145904541016
1,27.23,9.02657609246671,28.3312797546387
1,27.24,9.02990939235315,28.3515453338623
1,27.25,9.03324269223958,28.3694267272949
1,27.26,9.03657599212602,28.388500213623
1,27.27,9.03990929201245,28.4051895141602
1,27.28,9.04324259189889,28.4194946289063
1,27.29,9.04657589178532,28.4314155578613
1,27.3,9.04990919167176,28.454065322876
1,27.31,9.05324249155819,28.4767150878906
1,27.32,9.05657579144463,28.4886360168457
1,27.33,9.05990909133107,28.5089015960693
1,27.34,9.0632423912175,28.5243988037109
1,27.35,9.06657569110394,28.5458564758301
1,27.36,9.06990899099037,28.5685062408447
1,27.37,9.07324229087681,28.5840034484863
1,27.38,9.07657559076324,28.6102294921875
1,27.39,9.07990889064968,28.6245346069336
1,27.4,9.08324219053611,28.6483764648438
1,27.41,9.08657549042255,28.6638736724854
1,27.42,9.08990879030898,28.6805629730225
1,27.43,9.09324209019542,28.7055969238281
1,27.44,9.09657539008185,28.7175178527832
1,27.45,9.09990868996829,28.7389755249023
1,27.46,9.10324198985472,28.7652015686035
1,27.47,9.10657528974116,28.7795066833496
1,27.48,9.1099085896276,28.7985801696777
1,27.49,9.11324188951403,28.8200378417969
1,27.5,9.11657518940046,28.8379192352295
1,27.51,9.1199084892869,28.8558006286621
1,27.52,9.12324178917333,28.8712978363037
1,27.53,9.12657508905977,28.8915634155273
1,27.54,9.12990838894621,28.9070606231689
1,27.55,9.13324168883264,28.9261341094971
1,27.56,9.13657498871908,28.9368629455566
1,27.57,9.13990828860551,28.9595127105713
1,27.58,9.14324158849195,28.9821624755859
1,27.59,9.14657488837838,29.0024280548096
1,27.6,9.14990818826482,29.0262699127197
1,27.61,9.15324148815125,29.0453433990479
1,27.62,9.15657478803769,29.0775299072266
1,27.63,9.15990808792412,29.0989875793457
1,27.64,9.16324138781056,29.1252136230469
1,27.65,9.16657468769699,29.1478633880615
1,27.66,9.16990798758343,29.1752815246582
1,27.67,9.17324128746986,29.1991233825684
1,27.68,9.1765745873563,29.2158126831055
1,27.69,9.17990788724273,29.2456150054932
1,27.7,9.18324118712917,29.2730331420898
1,27.71,9.18657448701561,29.2932987213135
1,27.72,9.18990778690204,29.3195247650146
1,27.73,9.19324108678848,29.3481349945068
1,27.74,9.19657438667491,29.3707847595215
1,27.75,9.19990768656135,29.4041633605957
1,27.76,9.20324098644778,29.4232368469238
1,27.77,9.20657428633422,29.4375419616699
1,27.78,9.20990758622065,29.4780731201172
1,27.79,9.21324088610709,29.4899940490723
1,27.8,9.21657418599352,29.5305252075195
1,27.81,9.21990748587996,29.5376777648926
1,27.82,9.22324078576639,29.5758247375488
1,27.83,9.22657408565283,29.604434967041
1,27.84,9.22990738553927,29.6235084533691
1,27.85,9.2332406854257,29.6568870544434
1,27.86,9.23657398531213,29.6568870544434
1,27.87,9.23990728519857,29.6854972839355
1,27.88,9.243240585085,29.7045707702637
1,27.89,9.24657388497144,29.7284126281738
1,27.9,9.24990718485788,29.7427177429199
1,27.91,9.25324048474431,29.747486114502
1,27.92,9.25657378463075,29.7737121582031
1,27.93,9.25990708451718,29.7904014587402
1,27.94,9.26324038440362,29.7951698303223
1,27.95,9.26657368429005,29.8237800598145
1,27.96,9.26990698417649,29.8547744750977
1,27.97,9.27324028406292,29.8690795898438
1,27.98,9.27657358394936,29.8857688903809
1,27.99,9.27990688383579,29.900074005127
1,28,9.28324018372223,29.911994934082
1,28.01,9.28657348360866,29.9286842346191
1,28.02,9.2899067834951,29.9406051635742
1,28.03,9.29324008338153,29.9644470214844
1,28.04,9.29657338326797,29.9835205078125
1,28.05,9.2999066831544,30.0025939941406
1,28.06,9.30323998304084,30.0335884094238
1,28.07,9.30657328292728,30.052661895752
1,28.08,9.30990658281371,30.0717353820801
1,28.09,9.31323988270015,30.0979614257813
1,28.1,9.31657318258658,30.1170349121094
1,28.11,9.31990648247302,30.1241874694824
1,28.12,9.32323978235945,30.1480293273926
1,28.13,9.32657308224589,30.1766395568848
1,28.14,9.32990638213232,30.1766395568848
1,28.15,9.33323968201876,30.2004814147949
1,28.16,9.33657298190519,30.2290916442871
1,28.17,9.33990628179163,30.2410125732422
1,28.18,9.34323958167806,30.2624702453613
1,28.19,9.3465728815645,30.2791595458984
1,28.2,9.34990618145093,30.3077697753906
1,28.21,9.35323948133737,30.3220748901367
1,28.22,9.35657278122381,30.357837677002
1,28.23,9.35990608111024,30.3745269775391
1,28.24,9.36323938099667,30.3983688354492
1,28.25,9.36657268088311,30.4198265075684
1,28.26,9.36990598076954,30.4341316223145
1,28.27,9.37323928065598,30.4627418518066
1,28.28,9.37657258054242,30.4913520812988
1,28.29,9.37990588042885,30.4913520812988
1,28.3,9.38323918031529,30.5271148681641
1,28.31,9.38657248020172,30.5390357971191
1,28.32,9.38990578008816,30.5628776550293
1,28.33,9.39323907997459,30.5891036987305
1,28.34,9.39657237986103,30.6010246276855
1,28.35,9.39990567974746,30.6367874145508
1,28.36,9.4032389796339,30.6606292724609
1,28.37,9.40657227952033,30.667781829834
1,28.38,9.40990557940677,30.6987762451172
1,28.39,9.4132388792932,30.7178497314453
1,28.4,9.41657217917964,30.7345390319824
1,28.41,9.41990547906607,30.7536125183105
1,28.42,9.42323877895251,30.7750701904297
1,28.43,9.42657207883894,30.8060646057129
1,28.44,9.42990537872538,30.8012962341309
1,28.45,9.43323867861182,30.827522277832
1,28.46,9.43657197849825,30.8489799499512
1,28.47,9.43990527838469,30.8704376220703
1,28.48,9.44323857827112,30.8871269226074
1,28.49,9.44657187815756,30.8966636657715
1,28.5,9.44990517804399,30.9205055236816
1,28.51,9.45323847793043,30.9371948242188
1,28.52,9.45657177781686,30.9514999389648
1,28.53,9.4599050777033,30.9610366821289
1,28.54,9.46323837758973,30.977725982666
1,28.55,9.46657167747617,30.9920310974121
1,28.56,9.4699049773626,31.0111045837402
1,28.57,9.47323827724904,31.0111045837402
1,28.58,9.47657157713548,31.0325622558594
1,28.59,9.47990487702191,31.0468673706055
1,28.6,9.48323817690834,31.0540199279785
1,28.61,9.48657147679478,31.0778617858887
1,28.62,9.48990477668121,31.0778617858887
1,28.63,9.49323807656765,31.1017036437988
1,28.64,9.49657137645409,31.120777130127
1,28.65,9.49990467634052,31.130313873291
1,28.66,9.50323797622696,31.1565399169922
1,28.67,9.50657127611339,31.1779975891113
1,28.68,9.50990457599983,31.1899185180664
1,28.69,9.51323787588626,31.2066078186035
1,28.7,9.5165711757727,31.2423706054688
1,28.71,9.51990447565913,31.2590599060059
1,28.72,9.52323777554557,31.287670135498
1,28.73,9.526571075432,31.3138961791992
1,28.74,9.52990437531844,31.3425064086914
1,28.75,9.53323767520487,31.3615798950195
1,28.76,9.53657097509131,31.3854217529297
1,28.77,9.53990427497774,31.4140319824219
1,28.78,9.54323757486418,31.4450263977051
1,28.79,9.54657087475061,31.4545631408691
1,28.8,9.54990417463705,31.4831733703613
1,28.81,9.55323747452349,31.5189361572266
1,28.82,9.55657077440992,31.5332412719727
1,28.83,9.55990407429636,31.5618515014648
1,28.84,9.56323737418279,31.5952301025391
1,28.85,9.56657067406923,31.6214561462402
1,28.86,9.56990397395566,31.6500663757324
1,28.87,9.5732372738421,31.6643714904785
1,28.88,9.57657057372853,31.7025184631348
1,28.89,9.57990387361497,31.7239761352539
1,28.9,9.5832371735014,31.731128692627
1,28.91,9.58657047338784,31.7716598510742
1,28.92,9.58990377327427,31.8002700805664
1,28.93,9.59323707316071,31.8312644958496
1,28.94,9.59657037304714,31.8598747253418
1,28.95,9.59990367293358,31.888484954834
1,28.96,9.60323697282002,31.9099426269531
1,28.97,9.60657027270645,31.9361686706543
1,28.98,9.60990357259288,31.9647789001465
1,28.99,9.61323687247932,31.9981575012207
1,29,9.61657017236575,32.0243835449219
1,29.01,9.61990347225219,32.036304473877
1,29.02,9.62323677213863,32.0696830749512
1,29.03,9.62657007202506,32.0792198181152
1,29.04,9.6299033719115,32.1030616760254
1,29.05,9.63323667179793,32.1245193481445
1,29.06,9.63656997168437,32.1435928344727
1,29.07,9.6399032715708,32.1674346923828
1,29.08,9.64323657145724,32.1865081787109
1,29.09,9.64656987134367,32.198429107666
1,29.1,9.64990317123011,32.2151184082031
1,29.11,9.65323647111654,32.2484970092773
1,29.12,9.65656977100298,32.2532653808594
1,29.13,9.65990307088941,32.2771072387695
1,29.14,9.66323637077585,32.3081016540527
1,29.15,9.66656967066228,32.3271751403809
1,29.16,9.66990297054872,32.3367118835449
1,29.17,9.67323627043515,32.3677062988281
1,29.18,9.67656957032159,32.3796272277832
1,29.19,9.67990287020803,32.4058532714844
1,29.2,9.68323617009446,32.4177742004395
1,29.21,9.6865694699809,32.4440002441406
1,29.22,9.68990276986733,32.4606895446777
1,29.23,9.69323606975377,32.4821472167969
1,29.24,9.6965693696402,32.498836517334
1,29.25,9.69990266952664,32.5107574462891
1,29.26,9.70323596941307,32.5441360473633
1,29.27,9.70656926929951,32.5584411621094
1,29.28,9.70990256918594,32.5775146484375
1,29.29,9.71323586907238,32.5894355773926
1,29.3,9.71656916895881,32.6180458068848
1,29.31,9.71990246884525,32.646656036377
1,29.32,9.72323576873169,32.6704978942871
1,29.33,9.72656906861812,32.6776504516602
1,29.34,9.72990236850456,32.6991081237793
1,29.35,9.73323566839099,32.7253341674805
1,29.36,9.73656896827742,32.7467918395996
1,29.37,9.73990226816386,32.7825546264648
1,29.38,9.7432355680503,32.7801704406738
1,29.39,9.74656886793673,32.8159332275391
1,29.4,9.74990216782317,32.8469276428223
1,29.41,9.7532354677096,32.8660011291504
1,29.42,9.75656876759604,32.8946113586426
1,29.43,9.75990206748247,32.9279899597168
1,29.44,9.76323536736891,32.9685211181641
1,29.45,9.76656866725534,32.9923629760742
1,29.46,9.76990196714178,33.0328941345215
1,29.47,9.77323526702821,33.0591201782227
1,29.48,9.77656856691465,33.0901145935059
1,29.49,9.77990186680108,33.1211090087891
1,29.5,9.78323516668752,33.1521034240723
1,29.51,9.78656846657395,33.1830978393555
1,29.52,9.78990176646039,33.1974029541016
1,29.53,9.79323506634682,33.2307815551758
1,29.54,9.79656836623326,33.2498550415039
1,29.55,9.7999016661197,33.268928527832
1,29.56,9.80323496600613,33.2832336425781
1,29.57,9.80656826589257,33.2999229431152
1,29.58,9.809901565779,33.3166122436523
1,29.59,9.81323486566544,33.3118438720703
1,29.6,9.81656816555187,33.3380699157715
1,29.61,9.81990146543831,33.3333015441895
1,29.62,9.82323476532474,33.3571434020996
1,29.63,9.82656806521118,33.3523750305176
1,29.64,9.82990136509761,33.3642959594727
1,29.65,9.83323466498405,33.3905220031738
1,29.66,9.83656796487048,33.3952903747559
1,29.67,9.83990126475692,33.4072113037109
1,29.68,9.84323456464335,33.409595489502
1,29.69,9.84656786452979,33.4382057189941
1,29.7,9.84990116441623,33.4501266479492
1,29.71,9.85323446430266,33.4596633911133
1,29.72,9.85656776418909,33.4858894348145
1,29.73,9.85990106407553,33.5073471069336
1,29.74,9.86323436396196,33.5121154785156
1,29.75,9.8665676638484,33.5311889648438
1,29.76,9.86990096373484,33.5597991943359
1,29.77,9.87323426362127,33.576488494873
1,29.78,9.87656756350771,33.6027145385742
1,29.79,9.87990086339414,33.6074829101563
1,29.8,9.88323416328058,33.6289405822754
1,29.81,9.88656746316701,33.6384773254395
1,29.82,9.88990076305345,33.6647033691406
1,29.83,9.89323406293988,33.6742401123047
1,29.84,9.89656736282632,33.6956977844238
1,29.85,9.89990066271275,33.724308013916
1,29.86,9.90323396259919,33.721923828125
1,29.87,9.90656726248562,33.7457656860352
1,29.88,9.90990056237206,33.7624549865723
1,29.89,9.91323386225849,33.7743759155273
1,29.9,9.91656716214493,33.7910652160645
1,29.91,9.91990046203136,33.8053703308105
1,29.92,9.9232337619178,33.8196754455566
1,29.93,9.92656706180424,33.8292121887207
1,29.94,9.93323366157711,33.8459014892578
1,29.96,9.93656696146354,33.872127532959
1,29.97,9.93990026134998,33.8888168334961
1,29.98,9.94323356123641,33.8983535766602
1,29.99,9.94656686112285,33.9174270629883
1,30,9.94990016100928,33.9293479919434
1,30.01,9.95323346089572,33.9293479919434
1,30.02,9.95656676078215,33.9555740356445
1,30.03,9.96323336055502,33.9674949645996
1,30.04,9.96656666044146,33.9913368225098
1,30.06,9.9698999603279,34.019947052002
1,30.07,9.97323326021433,34.0390205383301
1,30.08,9.9798998599872,34.0676307678223
1,30.09,9.98323315987363,34.0962409973145
1,30.11,9.98656645976007,34.1486930847168
1,30.12,9.99323305953294,34.1558456420898
1,30.13,9.99656635941938,34.2011451721191
1,30.14,9.99989965930581,34.2059135437012
1,30.15,10.0032329591922,34.2488288879395
1,30.17,10.0065662590787,34.2845916748047
1,30.18,10.0132328588516,34.3132019042969
1,30.19,10.016566158738,34.3418121337891
1,30.2,10.0198994586244,34.3799591064453
1,30.21,10.0232327585109,34.4014167785645
1,30.22,10.0265660583973,34.4181060791016
1,30.23,10.0298993582837,34.4371795654297
1,30.24,10.0332326581702,34.4610214233398
1,30.25,10.0365659580566,34.477710723877
1,30.26,10.039899257943,34.5063209533691
1,30.27,10.0432325578295,34.5206260681152
1,30.28,10.0465658577159,34.5563888549805
1,30.29,10.0498991576023,34.5897674560547
1,30.3,10.0532324574888,34.6159934997559
1,30.31,10.0565657573752,34.6493721008301
1,30.32,10.0598990572616,34.6732139587402
1,30.33,10.0632323571481,34.6946716308594
1,30.34,10.0665656570345,34.7304344177246
1,30.35,10.069898956921,34.7518920898438
1,30.36,10.0732322568074,34.7900390625
1,30.37,10.0765655566938,34.8019599914551
1,30.38,10.0798988565803,34.8329544067383
1,30.39,10.0832321564667,34.8687171936035
1,30.4,10.0865654563531,34.8806381225586
1,30.41,10.0898987562396,34.9187850952148
1,30.42,10.093232056126,34.9259376525879
1,30.43,10.0965653560124,34.9617004394531
1,30.44,10.0998986558989,35.0069999694824
1,30.45,10.1032319557853,35.0069999694824
1,30.46,10.1065652556717,35.0356101989746
1,30.47,10.1098985555582,35.0499153137207
1,30.48,10.1132318554446,35.0761413574219
1,30.49,10.116565155331,35.099983215332
1,30.5,10.1198984552175,35.1047515869141
1,30.51,10.1232317551039,35.1285934448242
1,30.52,10.1265650549904,35.1548194885254
1,30.53,10.1298983548768,35.1572036743164
1,30.54,10.1332316547632,35.1858139038086
1,30.55,10.1365649546497,35.2072715759277
1,30.56,10.1398982545361,35.2120399475098
1,30.57,10.1432315544225,35.2263450622559
1,30.58,10.146564854309,35.250186920166
1,30.59,10.1498981541954,35.2597236633301
1,30.6,10.1532314540818,35.2692604064941
1,30.61,10.1565647539683,35.2811813354492
1,30.62,10.1598980538547,35.3169441223145
1,30.63,10.1632313537411,35.3217124938965
1,30.64,10.1665646536276,35.3431701660156
1,30.65,10.169897953514,35.3527069091797
1,30.66,10.1732312534004,35.3741645812988
1,30.67,10.1765645532869,35.400390625
1,30.68,10.1798978531733,35.4123115539551
1,30.69,10.1832311530598,35.4337692260742
1,30.7,10.1865644529462,35.4552268981934
1,30.71,10.1898977528326,35.4766845703125
1,30.72,10.1932310527191,35.5029106140137
1,30.73,10.1965643526055,35.5219841003418
1,30.74,10.1998976524919,35.5410575866699
1,30.75,10.2032309523784,35.5648994445801
1,30.76,10.2065642522648,35.5982780456543
1,30.77,10.2098975521512,35.6030464172363
1,30.78,10.2132308520377,35.6340408325195
1,30.79,10.2165641519241,35.6507301330566
1,30.8,10.2198974518105,35.6626510620117
1,30.81,10.223230751697,35.6888771057129
1,30.82,10.2265640515834,35.712718963623
1,30.83,10.2298973514698,35.7389450073242
1,30.84,10.2332306513563,35.7460975646973
1,30.85,10.2365639512427,35.7675552368164
1,30.86,10.2398972511292,35.7818603515625
1,30.87,10.2432305510156,35.7937812805176
1,30.88,10.246563850902,35.8271598815918
1,30.89,10.2498971507885,35.8247756958008
1,30.9,10.2532304506749,35.858154296875
1,30.91,10.2565637505613,35.8819961547852
1,30.92,10.2598970504478,35.9010696411133
1,30.93,10.2632303503342,35.9249114990234
1,30.94,10.2665636502206,35.9463691711426
1,30.95,10.2698969501071,35.9797477722168
1,30.96,10.2732302499935,36.008358001709
1,30.97,10.2765635498799,36.0298156738281
1,30.98,10.2798968497664,36.0631942749023
1,30.99,10.2832301496528,36.0941886901855
1,31,10.2865634495392,36.1156463623047
1,31.01,10.2898967494257,36.1227989196777
1,31.02,10.2932300493121,36.168098449707
1,31.03,10.2965633491986,36.1800193786621
1,31.04,10.299896649085,36.2133979797363
1,31.05,10.3032299489714,36.2396240234375
1,31.06,10.3065632488579,36.2515449523926
1,31.07,10.3098965487443,36.2730026245117
1,31.08,10.3132298486307,36.2944602966309
1,31.09,10.3165631485172,36.311149597168
1,31.1,10.3198964484036,36.3254547119141
1,31.11,10.32322974829,36.3349914550781
1,31.12,10.3265630481765,36.3612174987793
1,31.13,10.3298963480629,36.3898277282715
1,31.14,10.3332296479493,36.4089012145996
1,31.15,10.3365629478358,36.4208221435547
1,31.16,10.3398962477222,36.4470481872559
1,31.17,10.3432295476086,36.468505859375
1,31.18,10.3465628474951,36.4875793457031
1,31.19,10.3498961473815,36.5138053894043
1,31.2,10.3532294472679,36.5161895751953
1,31.21,10.3565627471544,36.5376472473145
1,31.22,10.3598960470408,36.5567207336426
1,31.23,10.3632293469273,36.5662574768066
1,31.24,10.3665626468137,36.5972518920898
1,31.25,10.3698959467001,36.5996360778809
1,31.26,10.3732292465866,36.628246307373
1,31.27,10.376562546473,36.6425514221191
1,31.28,10.3798958463594,36.6592407226563
1,31.29,10.3832291462459,36.6854667663574
1,31.3,10.3865624461323,36.6902351379395
1,31.31,10.3898957460187,36.7212295532227
1,31.32,10.3932290459052,36.7474555969238
1,31.33,10.3965623457916,36.766529083252
1,31.34,10.399895645678,36.7856025695801
1,31.35,10.4032289455645,36.8046760559082
1,31.36,10.4065622454509,36.8261337280273
1,31.37,10.4098955453373,36.8499755859375
1,31.38,10.4132288452238,36.8809700012207
1,31.39,10.4165621451102,36.8976593017578
1,31.4,10.4198954449967,36.923885345459
1,31.41,10.4232287448831,36.9572639465332
1,31.42,10.4265620447695,36.9572639465332
1,31.43,10.429895344656,36.9930267333984
1,31.44,10.4332286445424,37.0216369628906
1,31.45,10.4365619444288,37.0359420776367
1,31.46,10.4398952443153,37.0645523071289
1,31.47,10.4432285442017,37.0907783508301
1,31.48,10.4465618440881,37.0931625366211
1,31.49,10.4498951439746,37.1122360229492
1,31.5,10.453228443861,37.1360778808594
1,31.51,10.4565617437474,37.1599197387695
1,31.52,10.4598950436339,37.1694564819336
1,31.53,10.4632283435203,37.2052192687988
1,31.54,10.4665616434067,37.2123718261719
1,31.55,10.4698949432932,37.226676940918
1,31.56,10.4732282431796,37.2409820556641
1,31.57,10.4765615430661,37.2600555419922
1,31.58,10.4798948429525,37.2743606567383
1,31.59,10.4832281428389,37.2958183288574
1,31.6,10.4865614427254,37.3077392578125
1,31.61,10.4898947426118,37.3315811157227
1,31.62,10.4932280424982,37.3387336730957
1,31.63,10.4965613423847,37.3673439025879
1,31.64,10.4998946422711,37.3721122741699
1,31.65,10.5032279421575,37.391185760498
1,31.66,10.506561242044,37.4031066894531
1,31.67,10.5098945419304,37.4245643615723
1,31.68,10.5132278418168,37.4412536621094
1,31.69,10.5165611417033,37.4627113342285
1,31.7,10.5198944415897,37.4841690063477
1,31.71,10.5232277414761,37.4984741210938
1,31.72,10.5265610413626,37.539005279541
1,31.73,10.529894341249,37.5676155090332
1,31.74,10.5332276411355,37.5843048095703
1,31.75,10.5365609410219,37.6129150390625
1,31.76,10.5398942409083,37.6558303833008
1,31.77,10.5432275407948,37.6605987548828
1,31.78,10.5465608406812,37.696361541748
1,31.79,10.5498941405676,37.7202033996582
1,31.8,10.5532274404541,37.7416610717773
1,31.81,10.5565607403405,37.7750396728516
1,31.82,10.5598940402269,37.7988815307617
1,31.83,10.5632273401134,37.8322601318359
1,31.84,10.5665606399998,37.8584861755371
1,31.85,10.5698939398862,37.8847122192383
1,31.86,10.5732272397727,37.9180908203125
1,31.87,10.5765605396591,37.9419326782227
1,31.88,10.5798938395455,37.9586219787598
1,31.89,10.583227139432,37.996768951416
1,31.9,10.5865604393184,38.0158424377441
1,31.91,10.5898937392049,38.0516052246094
1,31.92,10.5932270390913,38.0659103393555
1,31.93,10.5965603389777,38.0825996398926
1,31.94,10.5998936388642,38.1183624267578
1,31.95,10.6032269387506,38.1350517272949
1,31.96,10.606560238637,38.154125213623
1,31.97,10.6098935385235,38.1803512573242
1,31.98,10.6132268384099,38.1970405578613
1,31.99,10.6165601382963,38.2232666015625
1,32,10.6198934381828,38.2447242736816
1,32.01,10.6232267380692,38.2637977600098
1,32.02,10.6265600379556,38.2828712463379
1,32.03,10.6298933378421,38.304328918457
1,32.04,10.6332266377285,38.3281707763672
1,32.05,10.6365599376149,38.3615493774414
1,32.06,10.6398932375014,38.3806228637695
1,32.07,10.6432265373878,38.4116172790527
1,32.08,10.6465598372743,38.4283065795898
1,32.09,10.6498931371607,38.459300994873
1,32.1,10.6532264370471,38.4998321533203
1,32.11,10.6565597369336,38.5093688964844
1,32.12,10.65989303682,38.5427474975586
1,32.13,10.6632263367064,38.5618209838867
1,32.14,10.6665596365929,38.5904312133789
1,32.15,10.6698929364793,38.6166572570801
1,32.16,10.6732262363657,38.6333465576172
1,32.17,10.6765595362522,38.6595726013184
1,32.18,10.6798928361386,38.6714935302734
1,32.19,10.683226136025,38.6810302734375
1,32.2,10.6865594359115,38.7120246887207
1,32.21,10.6898927357979,38.7167930603027
1,32.22,10.6932260356843,38.7477874755859
1,32.23,10.6965593355708,38.754940032959
1,32.24,10.6998926354572,38.7835502624512
1,32.25,10.7032259353437,38.7930870056152
1,32.26,10.7065592352301,38.8073921203613
1,32.27,10.7098925351165,38.8407707214355
1,32.28,10.713225835003,38.8598442077637
1,32.29,10.7165591348894,38.8836860656738
1,32.3,10.7198924347758,38.8979911804199
1,32.31,10.7232257346623,38.9218330383301
1,32.32,10.7265590345487,38.9456748962402
1,32.33,10.7298923344351,38.9742851257324
1,32.34,10.7332256343216,38.9909744262695
1,32.35,10.736558934208,39.0243530273438
1,32.36,10.7398922340944,39.0458106994629
1,32.37,10.7432255339809,39.060115814209
1,32.38,10.7465588338673,39.0887260437012
1,32.39,10.7498921337537,39.1244888305664
1,32.4,10.7532254336402,39.1483306884766
1,32.41,10.7565587335266,39.1674041748047
1,32.42,10.7598920334131,39.1960144042969
1,32.43,10.7632253332995,39.2055511474609
1,32.44,10.7665586331859,39.2436981201172
1,32.45,10.7698919330724,39.2627716064453
1,32.46,10.7732252329588,39.2866134643555
1,32.47,10.7765585328452,39.3080711364746
1,32.48,10.7798918327317,39.3342971801758
1,32.49,10.7832251326181,39.3581390380859
1,32.5,10.7865584325045,39.3891334533691
1,32.51,10.789891732391,39.4010543823242
1,32.52,10.7932250322774,39.4368171691895
1,32.53,10.7965583321638,39.4606590270996
1,32.54,10.7998916320503,39.4773483276367
1,32.55,10.8032249319367,39.5059585571289
1,32.56,10.8065582318231,39.5321846008301
1,32.57,10.8098915317096,39.5512580871582
1,32.58,10.813224831596,39.5774841308594
1,32.59,10.8165581314825,39.6013259887695
1,32.6,10.8198914313689,39.6299362182617
1,32.61,10.8232247312553,39.6513938903809
1,32.62,10.8265580311418,39.670467376709
1,32.63,10.8298913310282,39.6919250488281
1,32.64,10.8332246309146,39.7253036499023
1,32.65,10.8365579308011,39.7443771362305
1,32.66,10.8398912306875,39.7562980651855
1,32.67,10.8432245305739,39.7872924804688
1,32.68,10.8465578304604,39.8087501525879
1,32.69,10.8498911303468,39.823055267334
1,32.7,10.8532244302332,39.8397445678711
1,32.71,10.8565577301197,39.8564338684082
1,32.72,10.8598910300061,39.8755073547363
1,32.73,10.8632243298925,39.9136543273926
1,32.74,10.866557629779,39.9231910705566
1,32.75,10.8698909296654,39.9398803710938
1,32.76,10.8732242295519,39.9589538574219
1,32.77,10.8765575294383,39.9875640869141
1,32.78,10.8798908293247,39.9971008300781
1,32.79,10.8832241292112,40.0257110595703
1,32.8,10.8865574290976,40.0447845458984
1,32.81,10.889890728984,40.0567054748535
1,32.82,10.8932240288705,40.0853157043457
1,32.83,10.8965573287569,40.1020050048828
1,32.84,10.8998906286433,40.135383605957
1,32.85,10.9032239285298,40.1687622070313
1,32.86,10.9065572284162,40.1806831359863
1,32.87,10.9098905283026,40.2092933654785
1,32.88,10.9132238281891,40.2331352233887
1,32.89,10.9165571280755,40.2545928955078
1,32.9,10.9198904279619,40.278434753418
1,32.91,10.9232237278484,40.3046607971191
1,32.92,10.9265570277348,40.3189659118652
1,32.93,10.9298903276213,40.3451919555664
1,32.94,10.9332236275077,40.3618812561035
1,32.95,10.9365569273941,40.3857231140137
1,32.96,10.9398902272806,40.4024124145508
1,32.97,10.943223527167,40.4262542724609
1,32.98,10.9465568270534,40.435791015625
1,32.99,10.9498901269399,40.4739379882813
1,33,10.9532234268263,40.5049324035645
1,33.01,10.9565567267127,40.5311584472656
1,33.02,10.9598900265992,40.5573844909668
1,33.03,10.9632233264856,40.58837890625
1,33.04,10.966556626372,40.6074523925781
1,33.05,10.9698899262585,40.6217575073242
1,33.06,10.9732232261449,40.6622886657715
1,33.07,10.9765565260313,40.6813621520996
1,33.08,10.9798898259178,40.7004356384277
1,33.09,10.9832231258042,40.733814239502
1,33.1,10.9865564256907,40.7552719116211
1,33.11,10.9898897255771,40.7743453979492
1,33.12,10.9932230254635,40.7910346984863
1,33.13,10.99655632535,40.8101081848145
1,33.14,10.9998896252364,40.8363342285156
1,33.15,11.0032229251228,40.8530235290527
1,33.16,11.0065562250093,40.8697128295898
1,33.17,11.0098895248957,40.886402130127
1,33.18,11.0132228247821,40.9150123596191
1,33.19,11.0165561246686,40.9293174743652
1,33.2,11.019889424555,40.9388542175293
1,33.21,11.0232227244414,40.9579277038574
1,33.22,11.0265560243279,40.9770011901855
1,33.23,11.0298893242143,40.9793853759766
1,33.24,11.0332226241007,41.0079956054688
1,33.25,11.0365559239872,41.0223007202148
1,33.26,11.0398892238736,41.053295135498
1,33.27,11.0432225237601,41.0676002502441
1,33.28,11.0465558236465,41.0890579223633
1,33.29,11.0498891235329,41.1224365234375
1,33.3,11.0532224234194,41.1272048950195
1,33.31,11.0565557233058,41.1748886108398
1,33.32,11.0598890231922,41.19873046875
1,33.33,11.0632223230787,41.2201881408691
1,33.34,11.0665556229651,41.2416458129883
1,33.35,11.0698889228515,41.2726402282715
1,33.36,11.073222222738,41.3084030151367
1,33.37,11.0765555226244,41.3370132446289
1,33.38,11.0798888225108,41.344165802002
1,33.39,11.0832221223973,41.3823127746582
1,33.4,11.0865554222837,41.4061546325684
1,33.41,11.0898887221701,41.4228439331055
1,33.42,11.0932220220566,41.4466857910156
1,33.43,11.096555321943,41.4800643920898
1,33.44,11.0998886218295,41.499137878418
1,33.45,11.1032219217159,41.5134429931641
1,33.46,11.1065552216023,41.5444374084473
1,33.47,11.1098885214888,41.5706634521484
1,33.48,11.1132218213752,41.5873527526855
1,33.49,11.1165551212616,41.6159629821777
1,33.5,11.1198884211481,41.6374206542969
1,33.51,11.1232217210345,41.654109954834
1,33.52,11.1265550209209,41.6779518127441
1,33.53,11.1332216206938,41.7017936706543
1,33.55,11.1365549205802,41.7327880859375
1,33.56,11.1398882204667,41.7518615722656
1,33.57,11.1432215203531,41.7637825012207
1,33.58,11.1465548202395,41.7971611022949
1,33.59,11.1532214200124,41.8329238891602
1,33.61,11.1565547198988,41.8615341186523
1,33.62,11.1632213196717,41.8972969055176
1,33.63,11.1665546195582,41.9282913208008
1,33.64,11.1698879194446,41.9497489929199
1,33.66,11.173221219331,42.0188903808594
1,33.67,11.1798878191039,42.0403480529785
1,33.68,11.1832211189903,42.0641899108887
1,33.69,11.1865544188768,42.0880317687988
1,33.7,11.1898877187632,42.107105255127
1,33.71,11.1932210186496,42.1333312988281
1,33.72,11.1965543185361,42.1380996704102
1,33.73,11.1998876184225,42.1667098999023
1,33.74,11.2032209183089,42.1929359436035
1,33.75,11.2065542181954,42.2143936157227
1,33.76,11.2098875180818,42.2334671020508
1,33.77,11.2132208179682,42.264461517334
1,33.78,11.2165541178547,42.266845703125
1,33.79,11.2198874177411,42.3097610473633
1,33.8,11.2232207176276,42.3312187194824
1,33.81,11.226554017514,42.3407554626465
1,33.82,11.2298873174004,42.3645973205566
1,33.83,11.2332206172869,42.3932075500488
1,33.84,11.2365539171733,42.421817779541
1,33.85,11.2398872170597,42.4408912658691
1,33.86,11.2432205169462,42.4695014953613
1,33.87,11.2465538168326,42.5004959106445
1,33.88,11.249887116719,42.5124168395996
1,33.89,11.2532204166055,42.5457954406738
1,33.9,11.2565537164919,42.564868927002
1,33.91,11.2598870163783,42.5839424133301
1,33.92,11.2632203162648,42.6125526428223
1,33.93,11.2665536161512,42.6435470581055
1,33.94,11.2698869160377,42.6530838012695
1,33.95,11.2732202159241,42.6745414733887
1,33.96,11.2765535158105,42.7007675170898
1,33.97,11.279886815697,42.724609375
1,33.98,11.2832201155834,42.7365303039551
1,33.99,11.2865534154698,42.7627563476563
1,34,11.2898867153563,42.7889823913574
1,34.01,11.2932200152427,42.8104400634766
1,34.02,11.2965533151291,42.8271293640137
1,34.03,11.2998866150156,42.8462028503418
1,34.04,11.303219914902,42.8605079650879
1,34.05,11.3065532147884,42.872428894043
1,34.06,11.3098865146749,42.9010391235352
1,34.07,11.3132198145613,42.9248809814453
1,34.08,11.3165531144477,42.9296493530273
1,34.09,11.3198864143342,42.9463386535645
1,34.1,11.3232197142206,42.9701805114746
1,34.11,11.326553014107,42.9749488830566
1,34.12,11.3298863139935,42.9987907409668
1,34.13,11.3332196138799,43.0107116699219
1,34.14,11.3365529137664,43.025016784668
1,34.15,11.3398862136528,43.0488586425781
1,34.16,11.3432195135392,43.0560111999512
1,34.17,11.3465528134257,43.0846214294434
1,34.18,11.3498861133121,43.0965423583984
1,34.19,11.3532194131985,43.1227684020996
1,34.2,11.356552713085,43.1394577026367
1,34.21,11.3598860129714,43.1632995605469
1,34.22,11.3632193128578,43.175220489502
1,34.23,11.3665526127443,43.2062149047852
1,34.24,11.3698859126307,43.2372093200684
1,34.25,11.3732192125171,43.2538986206055
1,34.26,11.3765525124036,43.2848930358887
1,34.27,11.37988581229,43.3254241943359
1,34.28,11.3832191121764,43.3468818664551
1,34.29,11.3865524120629,43.3754920959473
1,34.3,11.3898857119493,43.4231758117676
1,34.31,11.3932190118358,43.4422492980957
1,34.32,11.3965523117222,43.4732437133789
1,34.33,11.3998856116086,43.5113906860352
1,34.34,11.4032189114951,43.5328483581543
1,34.35,11.4065522113815,43.5733795166016
1,34.36,11.4098855112679,43.6067581176758
1,34.37,11.4132188111544,43.635368347168
1,34.38,11.4165521110408,43.6615943908691
1,34.39,11.4198854109272,43.7021255493164
1,34.4,11.4232187108137,43.7283515930176
1,34.41,11.4265520107001,43.7641143798828
1,34.42,11.4298853105865,43.790340423584
1,34.43,11.433218610473,43.8189506530762
1,34.44,11.4365519103594,43.8380241394043
1,34.45,11.4398852102458,43.8857078552246
1,34.46,11.4432185101323,43.9286231994629
1,34.47,11.4465518100187,43.947696685791
1,34.48,11.4498851099052,43.9834594726563
1,34.49,11.4532184097916,44.0001487731934
1,34.5,11.456551709678,44.0287590026855
1,34.51,11.4598850095645,44.0526008605957
1,34.52,11.4632183094509,44.090747833252
1,34.53,11.4665516093373,44.1074371337891
1,34.54,11.4698849092238,44.1336631774902
1,34.55,11.4732182091102,44.1741943359375
1,34.56,11.4765515089966,44.1765785217285
1,34.57,11.4798848088831,44.2123413085938
1,34.58,11.4832181087695,44.2337989807129
1,34.59,11.4865514086559,44.2409515380859
1,34.6,11.4898847085424,44.2743301391602
1,34.61,11.4932180084288,44.2934036254883
1,34.62,11.4965513083152,44.2957878112793
1,34.63,11.4998846082017,44.3196296691895
1,34.64,11.5032179080881,44.3410873413086
1,34.65,11.5065512079746,44.3530082702637
1,34.66,11.509884507861,44.3577766418457
1,34.67,11.5132178077474,44.3768501281738
1,34.68,11.5165511076339,44.3887710571289
1,34.69,11.5198844075203,44.3935394287109
1,34.7,11.5232177074067,44.407844543457
1,34.71,11.5265510072932,44.4173812866211
1,34.72,11.5298843071796,44.4388389587402
1,34.73,11.533217607066,44.4364547729492
1,34.74,11.5365509069525,44.4579124450684
1,34.75,11.5398842068389,44.4793701171875
1,34.76,11.5432175067253,44.4841384887695
1,34.77,11.5465508066118,44.4984436035156
1,34.78,11.5498841064982,44.5175170898438
1,34.79,11.5532174063846,44.5318222045898
1,34.8,11.5565507062711,44.560432434082
1,34.81,11.5598840061575,44.5771217346191
1,34.82,11.563217306044,44.6009635925293
1,34.83,11.5665506059304,44.6009635925293
1,34.84,11.5698839058168,44.6295738220215
1,34.85,11.5732172057033,44.6581840515137
1,34.86,11.5765505055897,44.6677207946777
1,34.87,11.5798838054761,44.6796417236328
1,34.88,11.5832171053626,44.6987152099609
1,34.89,11.586550405249,44.710636138916
1,34.9,11.5898837051354,44.7344779968262
1,34.91,11.5932170050219,44.7678565979004
1,34.92,11.5965503049083,44.7750091552734
1,34.93,11.5998836047947,44.8060035705566
1,34.94,11.6032169046812,44.8274612426758
1,34.95,11.6065502045676,44.863224029541
1,34.96,11.609883504454,44.8918342590332
1,34.97,11.6132168043405,44.9204444885254
1,34.98,11.6165501042269,44.9323654174805
1,34.99,11.6198834041134,44.9681282043457
1,35,11.6232167039998,45.0015068054199
1,35.01,11.6265500038862,45.0277328491211
1,35.02,11.6298833037727,45.0372695922852
1,35.03,11.6332166036591,45.0682640075684
1,35.04,11.6365499035455,45.0968742370605
1,35.05,11.639883203432,45.1087951660156
1,35.06,11.6432165033184,45.1445579528809
1,35.07,11.6465498032048,45.158863067627
1,35.08,11.6498831030913,45.1850891113281
1,35.09,11.6532164029777,45.2089309692383
1,35.1,11.6565497028641,45.2351570129395
1,35.11,11.6598830027506,45.2446937561035
1,35.12,11.663216302637,45.2780723571777
1,35.13,11.6665496025234,45.3090667724609
1,35.14,11.6698829024099,45.316219329834
1,35.15,11.6732162022963,45.3448295593262
1,35.16,11.6765495021828,45.3758239746094
1,35.17,11.6798828020692,45.3901290893555
1,35.18,11.6832161019556,45.4139709472656
1,35.19,11.6865494018421,45.4378128051758
1,35.2,11.6898827017285,45.4592704772949
1,35.21,11.6932160016149,45.475959777832
1,35.22,11.6965493015014,45.5117225646973
1,35.23,11.6998826013878,45.5284118652344
1,35.24,11.7032159012742,45.5522537231445
1,35.25,11.7065492011607,45.5808639526367
1,35.26,11.7098825010471,45.6047058105469
1,35.27,11.7132158009335,45.6428527832031
1,35.28,11.71654910082,45.6571578979492
1,35.29,11.7198824007064,45.6786155700684
1,35.3,11.7232157005928,45.7167625427246
1,35.31,11.7265490004793,45.7382202148438
1,35.32,11.7298823003657,45.7620620727539
1,35.33,11.7332156002522,45.7859039306641
1,35.34,11.7365489001386,45.8097457885742
1,35.35,11.739882200025,45.8455085754395
1,35.36,11.7432154999115,45.8717346191406
1,35.37,11.7465487997979,45.8884239196777
1,35.38,11.7498820996843,45.9194183349609
1,35.39,11.7532153995708,45.9408760070801
1,35.4,11.7565486994572,45.9694862365723
1,35.41,11.7598819993436,45.9980964660645
1,35.42,11.7632152992301,46.0100173950195
1,35.43,11.7665485991165,46.0386276245117
1,35.44,11.7698818990029,46.0481643676758
1,35.45,11.7732151988894,46.083927154541
1,35.46,11.7765484987758,46.0934638977051
1,35.47,11.7798817986622,46.1220741271973
1,35.48,11.7832150985487,46.1578369140625
1,35.49,11.7865483984351,46.1697578430176
1,35.5,11.7898816983216,46.1912155151367
1,35.51,11.793214998208,46.2174415588379
1,35.52,11.7965482980944,46.2436676025391
1,35.53,11.7998815979809,46.2746620178223
1,35.54,11.8032148978673,46.2794303894043
1,35.55,11.8065481977537,46.3080406188965
1,35.56,11.8098814976402,46.3366508483887
1,35.57,11.8132147975266,46.3509559631348
1,35.58,11.816548097413,46.3962554931641
1,35.59,11.8198813972995,46.4177131652832
1,35.6,11.8232146971859,46.4415550231934
1,35.61,11.8265479970723,46.4701652526855
1,35.62,11.8298812969588,46.4892387390137
1,35.63,11.8332145968452,46.5297698974609
1,35.64,11.8365478967316,46.546459197998
1,35.65,11.8398811966181,46.5726852416992
1,35.66,11.8432144965045,46.5965270996094
1,35.67,11.846547796391,46.6203689575195
1,35.68,11.8498810962774,46.6418266296387
1,35.69,11.8532143961638,46.6656684875488
1,35.7,11.8565476960503,46.6823577880859
1,35.71,11.8598809959367,46.699047088623
1,35.72,11.8632142958231,46.7348098754883
1,35.73,11.8665475957096,46.7514991760254
1,35.74,11.869880895596,46.7634201049805
1,35.75,11.8732141954824,46.7967987060547
1,35.76,11.8765474953689,46.8158721923828
1,35.77,11.8798807952553,46.8254089355469
1,35.78,11.8832140951417,46.8564033508301
1,35.79,11.8865473950282,46.8754768371582
1,35.8,11.8898806949146,46.8969345092773
1,35.81,11.893213994801,46.9303131103516
1,35.82,11.8965472946875,46.9541549682617
1,35.83,11.8998805945739,46.992301940918
1,35.84,11.9032138944604,47.0209121704102
1,35.85,11.9065471943468,47.0495223999023
1,35.86,11.9098804942332,47.0614433288574
1,35.87,11.9132137941197,47.0948219299316
1,35.88,11.9165470940061,47.1210479736328
1,35.89,11.9198803938925,47.1329689025879
1,35.9,11.923213693779,47.1615791320801
1,35.91,11.9265469936654,47.1949577331543
1,35.92,11.9298802935518,47.1901893615723
1,35.93,11.9332135934383,47.2378730773926
1,35.94,11.9365468933247,47.2497940063477
1,35.95,11.9398801932111,47.2807884216309
1,35.96,11.9432134930976,47.30224609375
1,35.97,11.946546792984,47.3117828369141
1,35.98,11.9498800928704,47.3475456237793
1,35.99,11.9532133927569,47.3642349243164
1,36,11.9565466926433,47.3785400390625
1,36.01,11.9598799925297,47.4095344543457
1,36.02,11.9632132924162,47.4381446838379
1,36.03,11.9665465923026,47.452449798584
1,36.04,11.9698798921891,47.4739074707031
1,36.05,11.9732131920755,47.4953651428223
1,36.06,11.9765464919619,47.5335121154785
1,36.07,11.9798797918484,47.5382804870605
1,36.08,11.9832130917348,47.5764274597168
1,36.09,11.9865463916212,47.605037689209
1,36.1,11.9898796915077,47.6241111755371
1,36.11,11.9932129913941,47.6574897766113
1,36.12,11.9965462912805,47.6908683776855
1,36.13,11.999879591167,47.7075576782227
1,36.14,12.0032128910534,47.7457046508789
1,36.15,12.0065461909398,47.7743148803711
1,36.16,12.0098794908263,47.7910041809082
1,36.17,12.0132127907127,47.8124618530273
1,36.18,12.0165460905991,47.8577613830566
1,36.19,12.0198793904856,47.8482246398926
1,36.2,12.023212690372,47.8816032409668
1,36.21,12.0265459902585,47.8959083557129
1,36.22,12.0298792901449,47.9269027709961
1,36.23,12.0332125900313,47.9555130004883
1,36.24,12.0365458899178,47.9745864868164
1,36.25,12.0398791898042,48.0031967163086
1,36.26,12.0432124896906,48.0222702026367
1,36.27,12.0465457895771,48.0437278747559
1,36.28,12.0498790894635,48.065185546875
1,36.29,12.0532123893499,48.0842590332031
1,36.3,12.0565456892364,48.1104850769043
1,36.31,12.0598789891228,48.1414794921875
1,36.32,12.0632122890092,48.1629371643066
1,36.33,12.0665455888957,48.1939315795898
1,36.34,12.0698788887821,48.2177734375
1,36.35,12.0732121886685,48.2439994812012
1,36.36,12.076545488555,48.2678413391113
1,36.37,12.0798787884414,48.2869148254395
1,36.38,12.0832120883279,48.3036041259766
1,36.39,12.0865453882143,48.3345985412598
1,36.4,12.0898786881007,48.3536720275879
1,36.41,12.0932119879872,48.3846664428711
1,36.42,12.0965452878736,48.3965873718262
1,36.43,12.09987858776,48.4228134155273
1,36.44,12.1032118876465,48.4418869018555
1,36.45,12.1065451875329,48.4538078308105
1,36.46,12.1098784874193,48.4871864318848
1,36.47,12.1132117873058,48.5038757324219
1,36.48,12.1165450871922,48.530101776123
1,36.49,12.1198783870786,48.5491752624512
1,36.5,12.1232116869651,48.5777854919434
1,36.51,12.1265449868515,48.6016273498535
1,36.52,12.1298782867379,48.6111640930176
1,36.53,12.1332115866244,48.6397743225098
1,36.54,12.1365448865108,48.6660003662109
1,36.55,12.1398781863973,48.682689666748
1,36.56,12.1432114862837,48.7136840820313
1,36.57,12.1465447861701,48.7208366394043
1,36.58,12.1498780860566,48.7446784973145
1,36.59,12.153211385943,48.7637519836426
1,36.6,12.1565446858294,48.7780570983887
1,36.61,12.1598779857159,48.7875938415527
1,36.62,12.1632112856023,48.825740814209
1,36.63,12.1665445854887,48.8448143005371
1,36.64,12.1698778853752,48.8543510437012
1,36.65,12.1732111852616,48.8853454589844
1,36.66,12.176544485148,48.8901138305664
1,36.67,12.1798777850345,48.9234924316406
1,36.68,12.1832110849209,48.9401817321777
1,36.69,12.1865443848073,48.9664077758789
1,36.7,12.1898776846938,48.9902496337891
1,36.71,12.1932109845802,49.0140914916992
1,36.72,12.1965442844667,49.0355491638184
1,36.73,12.1998775843531,49.0736961364746
1,36.74,12.2032108842395,49.0903854370117
1,36.75,12.206544184126,49.1213798522949
1,36.76,12.2098774840124,49.128532409668
1,36.77,12.2132107838988,49.1571426391602
1,36.78,12.2165440837853,49.1952896118164
1,36.79,12.2198773836717,49.2095947265625
1,36.8,12.2232106835581,49.2382049560547
1,36.81,12.2265439834446,49.2548942565918
1,36.82,12.229877283331,49.281120300293
1,36.83,12.2332105832174,49.3073463439941
1,36.84,12.2365438831039,49.3335723876953
1,36.85,12.2398771829903,49.3550300598145
1,36.86,12.2432104828767,49.3717193603516
1,36.87,12.2465437827632,49.4122505187988
1,36.88,12.2498770826496,49.431324005127
1,36.89,12.2532103825361,49.4599342346191
1,36.9,12.2565436824225,49.4956970214844
1,36.91,12.2598769823089,49.5076179504395
1,36.92,12.2632102821954,49.5481491088867
1,36.93,12.2665435820818,49.5743751525879
1,36.94,12.2698768819682,49.595832824707
1,36.95,12.2732101818547,49.6292114257813
1,36.96,12.2765434817411,49.6625900268555
1,36.97,12.2798767816275,49.6840476989746
1,36.98,12.283210081514,49.7055053710938
1,36.99,12.2865433814004,49.7269630432129
1,37,12.2898766812868,49.7627258300781
1,37.01,12.2932099811733,49.7865676879883
1,37.02,12.2965432810597,49.7984886169434
1,37.03,12.2998765809461,49.8318672180176
1,37.04,12.3032098808326,49.8509407043457
1,37.05,12.306543180719,49.8628616333008
1,37.06,12.3098764806055,49.896240234375
1,37.07,12.3132097804919,49.9200820922852
1,37.08,12.3165430803783,49.9510765075684
1,37.09,12.3198763802648,49.9606132507324
1,37.1,12.3232096801512,49.9868392944336
1,37.11,12.3265429800376,50.0106811523438
1,37.12,12.3298762799241,50.0345230102539
1,37.13,12.3332095798105,50.0655174255371
1,37.14,12.3365428796969,50.0965118408203
1,37.15,12.3398761795834,50.1155853271484
1,37.16,12.3432094794698,50.1394271850586
1,37.17,12.3465427793562,50.1680374145508
1,37.18,12.3498760792427,50.194263458252
1,37.19,12.3532093791291,50.2252578735352
1,37.2,12.3565426790155,50.2419471740723
1,37.21,12.359875978902,50.2657890319824
1,37.22,12.3632092787884,50.2943992614746
1,37.23,12.3665425786749,50.3230094909668
1,37.24,12.3698758785613,50.356388092041
1,37.25,12.3732091784477,50.3635406494141
1,37.26,12.3765424783342,50.3897666931152
1,37.27,12.3798757782206,50.4255294799805
1,37.28,12.383209078107,50.4326820373535
1,37.29,12.3865423779935,50.4660606384277
1,37.3,12.3898756778799,50.4732131958008
1,37.31,12.3932089777663,50.501823425293
1,37.32,12.3965422776528,50.5280494689941
1,37.33,12.3998755775392,50.5328178405762
1,37.34,12.4032088774256,50.5638122558594
1,37.35,12.4065421773121,50.6043434143066
1,37.36,12.4098754771985,50.6162643432617
1,37.37,12.4132087770849,50.6496429443359
1,37.38,12.4165420769714,50.6758689880371
1,37.39,12.4198753768578,50.6973266601563
1,37.4,12.4232086767443,50.7235527038574
1,37.41,12.4265419766307,50.7521629333496
1,37.42,12.4298752765171,50.7783889770508
1,37.43,12.4332085764036,50.809383392334
1,37.44,12.43654187629,50.8356094360352
1,37.45,12.4398751761764,50.8642196655273
1,37.46,12.4432084760629,50.8928298950195
1,37.47,12.4465417759493,50.9142875671387
1,37.48,12.4498750758357,50.9405136108398
1,37.49,12.4532083757222,50.9834289550781
1,37.5,12.4565416756086,50.9977340698242
1,37.51,12.459874975495,51.0382652282715
1,37.52,12.4632082753815,51.0692596435547
1,37.53,12.4665415752679,51.0931015014648
1,37.54,12.4698748751543,51.1312484741211
1,37.55,12.4732081750408,51.1598587036133
1,37.56,12.4798747748137,51.1717796325684
1,37.57,12.4832080747001,51.2194633483887
1,37.58,12.4865413745865,51.2480735778809
1,37.59,12.489874674473,51.267147064209
1,37.6,12.4932079743594,51.3076782226563
1,37.61,12.4965412742458,51.3291358947754
1,37.62,12.4998745741323,51.3768196105957
1,37.63,12.5032078740187,51.414966583252
1,37.65,12.5065411739051,51.4721870422363
1,37.66,12.513207773678,51.4984130859375
1,37.67,12.5165410735644,51.5317916870117
1,37.68,12.5198743734509,51.5604019165039
1,37.69,12.5232076733373,51.5985488891602
1,37.7,12.5265409732237,51.6176223754883
1,37.71,12.5298742731102,51.6533851623535
1,37.72,12.5332075729966,51.6772270202637
1,37.73,12.5365408728831,51.7082214355469
1,37.74,12.5398741727695,51.732063293457
1,37.75,12.5432074726559,51.7535209655762
1,37.76,12.5465407725424,51.7630577087402
1,37.77,12.5498740724288,51.8012046813965
1,37.78,12.5532073723152,51.8155097961426
1,37.79,12.5565406722017,51.8441200256348
1,37.8,12.5598739720881,51.8512725830078
1,37.81,12.5632072719745,51.887035369873
1,37.82,12.566540571861,51.9037246704102
1,37.83,12.5698738717474,51.9251823425293
1,37.84,12.5732071716338,51.9466400146484
1,37.85,12.5765404715203,51.9537925720215
1,37.86,12.5798737714067,51.9728660583496
1,37.87,12.5832070712931,51.9871711730957
1,37.88,12.5865403711796,52.0157814025879
1,37.89,12.589873671066,52.032470703125
1,37.9,12.5932069709525,52.0420074462891
1,37.91,12.5965402708389,52.0610809326172
1,37.92,12.5998735707253,52.0801544189453
1,37.93,12.6032068706118,52.0896911621094
1,37.94,12.6065401704982,52.1206855773926
1,37.95,12.6098734703846,52.1492958068848
1,37.96,12.6132067702711,52.1540641784668
1,37.97,12.6165400701575,52.189826965332
1,37.98,12.6198733700439,52.1969795227051
1,37.99,12.6232066699304,52.2303581237793
1,38,12.6265399698168,52.2565841674805
1,38.01,12.6298732697032,52.2780418395996
1,38.02,12.6332065695897,52.3042678833008
1,38.03,12.6365398694761,52.3090362548828
1,38.04,12.6398731693625,52.3495674133301
1,38.05,12.643206469249,52.3495674133301
1,38.06,12.6465397691354,52.3781776428223
1,38.07,12.6498730690219,52.4139404296875
1,38.08,12.6532063689083,52.4234771728516
1,38.09,12.6565396687947,52.4568557739258
1,38.1,12.6598729686812,52.4759292602539
1,38.11,12.6632062685676,52.5069236755371
1,38.12,12.666539568454,52.5283813476563
1,38.13,12.6698728683405,52.5426864624023
1,38.14,12.6732061682269,52.5641441345215
1,38.15,12.6765394681133,52.5927543640137
1,38.16,12.6798727679998,52.6189804077148
1,38.17,12.6832060678862,52.647590637207
1,38.18,12.6865393677726,52.6738166809082
1,38.19,12.6898726676591,52.6952743530273
1,38.2,12.6932059675455,52.7310371398926
1,38.21,12.6965392674319,52.7501106262207
1,38.22,12.6998725673184,52.7787208557129
1,38.23,12.7032058672048,52.797794342041
1,38.24,12.7065391670913,52.8168678283691
1,38.25,12.7098724669777,52.8454780578613
1,38.26,12.7132057668641,52.8573989868164
1,38.27,12.7165390667506,52.8883934020996
1,38.28,12.719872366637,52.9074668884277
1,38.29,12.7232056665234,52.9265403747559
1,38.3,12.7265389664099,52.9575347900391
1,38.31,12.7298722662963,52.9599189758301
1,38.32,12.7332055661827,52.9837608337402
1,38.33,12.7365388660692,53.0171394348145
1,38.34,12.7398721659556,53.0338287353516
1,38.35,12.743205465842,53.0600547790527
1,38.36,12.7465387657285,53.093433380127
1,38.37,12.7498720656149,53.1125068664551
1,38.38,12.7532053655013,53.1530380249023
1,38.39,12.7565386653878,53.1911849975586
1,38.4,12.7598719652742,53.2007217407227
1,38.41,12.7632052651607,53.253173828125
1,38.42,12.7665385650471,53.2841682434082
1,38.43,12.7698718649335,53.3294677734375
1,38.44,12.77320516482,53.3580780029297
1,38.45,12.7765384647064,53.3843040466309
1,38.46,12.7798717645928,53.4224510192871
1,38.47,12.7832050644793,53.4510612487793
1,38.48,12.7865383643657,53.4749031066895
1,38.49,12.7898716642521,53.5035133361816
1,38.5,12.7932049641386,53.5321235656738
1,38.51,12.796538264025,53.555965423584
1,38.52,12.7998715639114,53.5941123962402
1,38.53,12.8032048637979,53.6084175109863
1,38.54,12.8065381636843,53.6274909973145
1,38.55,12.8098714635707,53.6537170410156
1,38.56,12.8132047634572,53.6704063415527
1,38.57,12.8165380633436,53.706169128418
1,38.58,12.81987136323,53.7204742431641
1,38.59,12.8232046631165,53.7467002868652
1,38.6,12.8265379630029,53.7753105163574
1,38.61,12.8298712628894,53.7824630737305
1,38.62,12.8332045627758,53.8015365600586
1,38.63,12.8365378626622,53.8229942321777
1,38.64,12.8398711625487,53.8516044616699
1,38.65,12.8432044624351,53.865909576416
1,38.66,12.8465377623215,53.9016723632813
1,38.67,12.849871062208,53.9255142211914
1,38.68,12.8532043620944,53.9422035217285
1,38.69,12.8565376619808,53.9827346801758
1,38.7,12.8598709618673,54.0018081665039
1,38.71,12.8632042617537,54.0351867675781
1,38.72,12.8665375616401,54.0637969970703
1,38.73,12.8698708615266,54.1067123413086
1,38.74,12.873204161413,54.1305541992188
1,38.75,12.8765374612995,54.171085357666
1,38.76,12.8798707611859,54.1925430297852
1,38.77,12.8832040610723,54.2187690734863
1,38.78,12.8865373609588,54.2521476745605
1,38.79,12.8898706608452,54.2759895324707
1,38.8,12.8932039607316,54.314136505127
1,38.81,12.8965372606181,54.3403625488281
1,38.82,12.8998705605045,54.3642044067383
1,38.83,12.9032038603909,54.3880462646484
1,38.84,12.9065371602774,54.4118881225586
1,38.85,12.9098704601638,54.4381141662598
1,38.86,12.9132037600502,54.466724395752
1,38.87,12.9165370599367,54.5001029968262
1,38.88,12.9198703598231,54.5001029968262
1,38.89,12.9232036597095,54.5358657836914
1,38.9,12.926536959596,54.5668601989746
1,38.91,12.9298702594824,54.5811653137207
1,38.92,12.9332035593688,54.6121597290039
1,38.93,12.9365368592553,54.628849029541
1,38.94,12.9398701591417,54.6503067016602
1,38.95,12.9432034590282,54.6741485595703
1,38.96,12.9465367589146,54.7146797180176
1,38.97,12.949870058801,54.7289848327637
1,38.98,12.9532033586875,54.7623634338379
1,38.99,12.9565366585739,54.7933578491211
1,39,12.9598699584603,54.8148155212402
1,39.01,12.9632032583468,54.8434257507324
1,39.02,12.9665365582332,54.8601150512695
1,39.03,12.9698698581196,54.8887252807617
1,39.04,12.9732031580061,54.9221038818359
1,39.05,12.9765364578925,54.9411773681641
1,39.06,12.9798697577789,54.9769401550293
1,39.07,12.9832030576654,54.9888610839844
1,39.08,12.9865363575518,55.0127029418945
1,39.09,12.9898696574382,55.0293922424316
1,39.1,12.9932029573247,55.0627708435059
1,39.11,12.9965362572111,55.0937652587891
1,39.12,12.9998695570976,55.0961494445801
1,39.13,13.003202856984,55.1176071166992
1,39.14,13.0065361568704,55.1319122314453
1,39.15,13.0098694567569,55.1414489746094
1,39.16,13.0132027566433,55.1581382751465
1,39.17,13.0165360565297,55.1748275756836
1,39.18,13.0198693564162,55.1819801330566
1,39.19,13.0232026563026,55.1939010620117
1,39.2,13.026535956189,55.2177429199219
1,39.21,13.0298692560755,55.2153587341309
1,39.22,13.0332025559619,55.2582740783691
1,39.23,13.0365358558483,55.2749633789063
1,39.24,13.0398691557348,55.2964210510254
1,39.25,13.0432024556212,55.3178787231445
1,39.26,13.0465357555076,55.3512573242188
1,39.27,13.0498690553941,55.3750991821289
1,39.28,13.0532023552805,55.3989410400391
1,39.29,13.056535655167,55.4299354553223
1,39.3,13.0598689550534,55.4585456848145
1,39.31,13.0632022549398,55.4847717285156
1,39.32,13.0665355548263,55.5109977722168
1,39.33,13.0698688547127,55.5229187011719
1,39.34,13.0732021545991,55.5539131164551
1,39.35,13.0765354544856,55.5801391601563
1,39.36,13.079868754372,55.5992126464844
1,39.37,13.0832020542584,55.6111335754395
1,39.38,13.0865353541449,55.6468963623047
1,39.39,13.0898686540313,55.6588172912598
1,39.4,13.0932019539177,55.694580078125
1,39.41,13.0965352538042,55.7112693786621
1,39.42,13.0998685536906,55.7374954223633
1,39.43,13.103201853577,55.7518005371094
1,39.44,13.1065351534635,55.7899475097656
1,39.45,13.1098684533499,55.8114051818848
1,39.46,13.1132017532364,55.8304786682129
1,39.47,13.1165350531228,55.8590888977051
1,39.48,13.1198683530092,55.8733940124512
1,39.49,13.1232016528957,55.8853149414063
1,39.5,13.1265349527821,55.9091567993164
1,39.51,13.1298682526685,55.9329986572266
1,39.52,13.133201552555,55.9520721435547
1,39.53,13.1365348524414,55.9902191162109
1,39.54,13.1398681523278,55.992603302002
1,39.55,13.1432014522143,56.0307502746582
1,39.56,13.1465347521007,56.0569763183594
1,39.57,13.1498680519871,56.0712814331055
1,39.58,13.1532013518736,56.1213493347168
1,39.59,13.15653465176,56.1428070068359
1,39.6,13.1598679516464,56.1761856079102
1,39.61,13.1632012515329,56.2119483947754
1,39.62,13.1665345514193,56.2429428100586
1,39.63,13.1698678513058,56.2810897827148
1,39.64,13.1732011511922,56.2953948974609
1,39.65,13.1765344510786,56.3383102416992
1,39.66,13.1798677509651,56.3788414001465
1,39.67,13.1832010508515,56.3955307006836
1,39.68,13.1865343507379,56.4360618591309
1,39.69,13.1898676506244,56.464672088623
1,39.7,13.1932009505108,56.5004348754883
1,39.71,13.1965342503972,56.5242767333984
1,39.72,13.1998675502837,56.5576553344727
1,39.73,13.2032008501701,56.5791130065918
1,39.74,13.2065341500565,56.5981864929199
1,39.75,13.209867449943,56.6363334655762
1,39.76,13.2132007498294,56.6554069519043
1,39.77,13.2165340497158,56.6697120666504
1,39.78,13.2198673496023,56.6983222961426
1,39.79,13.2232006494887,56.7221641540527
1,39.8,13.2265339493752,56.7507743835449
1,39.81,13.2298672492616,56.765079498291
1,39.82,13.233200549148,56.7936897277832
1,39.83,13.2365338490345,56.8246841430664
1,39.84,13.2398671489209,56.8509101867676
1,39.85,13.2432004488073,56.8675994873047
1,39.86,13.2465337486938,56.8938255310059
1,39.87,13.2498670485802,56.920051574707
1,39.88,13.2532003484666,56.9415092468262
1,39.89,13.2565336483531,56.9725036621094
1,39.9,13.2598669482395,56.9939613342285
1,39.91,13.2632002481259,57.0225715637207
1,39.92,13.2665335480124,57.0583343505859
1,39.93,13.2698668478988,57.0774078369141
1,39.94,13.2732001477852,57.1179389953613
1,39.95,13.2765334476717,57.1274757385254
1,39.96,13.2798667475581,57.1608543395996
1,39.97,13.2832000474446,57.1942329406738
1,39.98,13.286533347331,57.2085380554199
1,39.99,13.2898666472174,57.2443008422852
1,40,13.2931999471039,57.2824478149414
1,40.01,13.2965332469903,57.2943687438965
1,40.02,13.2998665468767,57.3253631591797
1,40.03,13.3031998467632,57.3563575744629
1,40.04,13.3065331466496,57.370662689209
1,40.05,13.309866446536,57.4088096618652
1,40.06,13.3131997464225,57.4493408203125
1,40.07,13.3165330463089,57.4660301208496
1,40.08,13.3198663461953,57.4994087219238
1,40.09,13.3231996460818,57.520866394043
1,40.1,13.3265329459682,57.5494766235352
1,40.11,13.3298662458546,57.5828552246094
1,40.12,13.3331995457411,57.6281547546387
1,40.13,13.3365328456275,57.6543807983398
1,40.14,13.339866145514,57.7020645141602
1,40.15,13.3431994454004,57.7235221862793
1,40.16,13.3465327452868,57.7497482299805
1,40.17,13.3498660451733,57.7807426452637
1,40.18,13.3531993450597,57.833194732666
1,40.19,13.3565326449461,57.8689575195313
1,40.2,13.3598659448326,57.8904151916504
1,40.21,13.363199244719,57.9452514648438
1,40.22,13.3665325446054,57.9690933227539
1,40.23,13.3698658444919,58.0048561096191
1,40.24,13.3731991443783,58.0525398254395
1,40.25,13.3765324442647,58.0644607543945
1,40.26,13.3798657441512,58.1049919128418
1,40.27,13.3831990440376,58.140754699707
1,40.28,13.386532343924,58.1645965576172
1,40.29,13.3898656438105,58.1955909729004
1,40.3,13.3931989436969,58.2122802734375
1,40.31,13.3965322435834,58.2361221313477
1,40.32,13.3998655434698,58.2695007324219
1,40.33,13.4031988433562,58.2981109619141
1,40.34,13.4065321432427,58.3243370056152
1,40.35,13.4098654431291,58.3457946777344
1,40.36,13.4131987430155,58.3839416503906
1,40.37,13.416532042902,58.4053993225098
1,40.38,13.4198653427884,58.4292411804199
1,40.39,13.4231986426748,58.4530830383301
1,40.4,13.4265319425613,58.4864616394043
1,40.41,13.4298652424477,58.5007667541504
1,40.42,13.4331985423341,58.5150718688965
1,40.43,13.4365318422206,58.5269927978516
1,40.44,13.439865142107,58.5436820983887
1,40.45,13.4431984419934,58.5460662841797
1,40.46,13.4465317418799,58.5675239562988
1,40.47,13.4498650417663,58.5818290710449
1,40.48,13.4531983416528,58.6104393005371
1,40.49,13.4565316415392,58.6199760437012
1,40.5,13.4598649414256,58.6390495300293
1,40.51,13.4631982413121,58.6628913879395
1,40.52,13.4665315411985,58.6724281311035
1,40.53,13.4698648410849,58.7010383605957
1,40.54,13.4731981409714,58.7224960327148
1,40.55,13.4765314408578,58.7320327758789
1,40.56,13.4798647407442,58.7773323059082
1,40.57,13.4831980406307,58.7868690490723
1,40.58,13.4865313405171,58.8226318359375
1,40.59,13.4898646404035,58.8321685791016
1,40.6,13.49319794029,58.8679313659668
1,40.61,13.4965312401764,58.8703155517578
1,40.62,13.4998645400628,58.903694152832
1,40.63,13.5031978399493,58.9370727539063
1,40.64,13.5065311398357,58.9370727539063
1,40.65,13.5098644397222,58.9609146118164
1,40.66,13.5131977396086,58.9418411254883
1,40.67,13.516531039495,58.9990615844727
1,40.68,13.5198643393815,59.0133666992188
1,40.69,13.5231976392679,59.0229034423828
1,40.7,13.5265309391543,59.0372085571289
1,40.71,13.5298642390408,59.0419769287109
1,40.72,13.5331975389272,59.0658187866211
1,40.73,13.5365308388136,59.0801239013672
1,40.74,13.5398641387001,59.1087341308594
1,40.75,13.5431974385865,59.1087341308594
1,40.76,13.5465307384729,59.1516494750977
1,40.77,13.5498640383594,59.1611862182617
1,40.78,13.5531973382458,59.1802597045898
1,40.79,13.5565306381322,59.2422485351563
1,40.8,13.5598639380187,59.2708587646484
1,40.81,13.5631972379051,59.2851638793945
1,40.82,13.5665305377916,59.3137741088867
1,40.83,13.569863837678,59.351921081543
1,40.84,13.5731971375644,59.3709945678711
1,40.85,13.5765304374509,59.4091415405273
1,40.86,13.5798637373373,59.4186782836914
1,40.87,13.5831970372237,59.4520568847656
1,40.88,13.5865303371102,59.4997406005859
1,40.89,13.5898636369966,59.50927734375
1,40.9,13.593196936883,59.5474243164063
1,40.91,13.5965302367695,59.5808029174805
1,40.92,13.5998635366559,59.6141815185547
1,40.93,13.6031968365423,59.5998764038086
1,40.94,13.6065301364288,59.6523284912109
1,40.95,13.6098634363152,59.6857070922852
1,40.96,13.6131967362016,59.7286224365234
1,40.97,13.6165300360881,59.7476959228516
1,40.98,13.6198633359745,59.814453125
1,40.99,13.6231966358609,59.8335266113281
1,41,13.6265299357474,59.8669052124023
1,41.01,13.6298632356338,59.8907470703125
1,41.02,13.6331965355203,59.9431991577148
1,41.03,13.6365298354067,59.9431991577148
1,41.04,13.6398631352931,59.9861145019531
1,41.05,13.6431964351796,60.0290298461914
1,41.06,13.646529735066,60.0242614746094
1,41.07,13.6498630349524,60.0910186767578
1,41.08,13.6531963348389,60.124397277832
1,41.09,13.6565296347253,60.11962890625
1,41.1,13.6598629346117,60.1720809936523
1,41.11,13.6631962344982,60.2006912231445
1,41.12,13.6665295343846,60.2102279663086
1,41.13,13.669862834271,60.2388381958008
1,41.14,13.6731961341575,60.272216796875
1,41.15,13.6798627339303,60.2912902832031
1,41.16,13.6831960338168,60.3294372558594
1,41.18,13.6865293337032,60.3723526000977
1,41.19,13.6898626335897,60.4104995727539
1,41.2,13.6965292333625,60.4009628295898
1,41.21,13.699862533249,60.4486465454102
1,41.22,13.7031958331354,60.4867935180664
1,41.24,13.7065291330218,60.5344772338867
1,41.25,13.7131957327947,60.5630874633789
1,41.26,13.7165290326811,60.572624206543
1,41.27,13.7198623325676,60.6155395507813
1,41.28,13.723195632454,60.6489181518555
1,41.29,13.7265289323404,60.6632232666016
1,41.3,13.7298622322269,60.7013702392578
1,41.31,13.7331955321133,60.7204437255859
1,41.32,13.7365288319998,60.7728958129883
1,41.33,13.7398621318862,60.8015060424805
1,41.34,13.7431954317726,60.8205795288086
1,41.35,13.7465287316591,60.8539581298828
1,41.36,13.7498620315455,60.882568359375
1,41.37,13.7531953314319,60.8921051025391
1,41.38,13.7565286313184,60.9064102172852
1,41.39,13.7598619312048,60.9397888183594
1,41.4,13.7631952310912,60.9636306762695
1,41.41,13.7665285309777,61.0065460205078
1,41.42,13.7698618308641,60.9970092773438
1,41.43,13.7731951307505,61.03515625
1,41.44,13.776528430637,61.0589981079102
1,41.45,13.7798617305234,61.1019134521484
1,41.46,13.7831950304098,61.1114501953125
1,41.47,13.7865283302963,61.1543655395508
1,41.48,13.7898616301827,61.1972808837891
1,41.49,13.7931949300691,61.2115859985352
1,41.5,13.7965282299556,61.2401962280273
1,41.51,13.799861529842,61.2640380859375
1,41.52,13.8031948297285,61.2878799438477
1,41.53,13.8065281296149,61.3307952880859
1,41.54,13.8098614295013,61.3594055175781
1,41.55,13.8131947293878,61.3641738891602
1,41.56,13.8165280292742,61.3975524902344
1,41.57,13.8198613291606,61.4213943481445
1,41.58,13.8231946290471,61.4356994628906
1,41.59,13.8265279289335,61.4690780639648
1,41.6,13.8298612288199,61.5024566650391
1,41.61,13.8331945287064,61.5167617797852
1,41.62,13.8365278285928,61.5358352661133
1,41.63,13.8398611284792,61.5787506103516
1,41.64,13.8431944283657,61.5882873535156
1,41.65,13.8465277282521,61.6121292114258
1,41.66,13.8498610281385,61.6550445556641
1,41.67,13.853194328025,61.6693496704102
1,41.68,13.8565276279114,61.6788864135742
1,41.69,13.8598609277979,61.7170333862305
1,41.7,13.8631942276843,61.7504119873047
1,41.71,13.8665275275707,61.7837905883789
1,41.72,13.8698608274572,61.7885589599609
1,41.73,13.8731941273436,61.8410110473633
1,41.74,13.87652742723,61.8314743041992
1,41.75,13.8798607271165,61.8743896484375
1,41.76,13.8831940270029,61.8934631347656
1,41.77,13.8865273268893,61.8982315063477
1,41.78,13.8898606267758,61.945915222168
1,41.79,13.8931939266622,61.9697570800781
1,41.8,13.8965272265486,61.9792938232422
1,41.81,13.8998605264351,61.9983673095703
1,41.82,13.9031938263215,62.0222091674805
1,41.83,13.9065271262079,62.0365142822266
1,41.84,13.9098604260944,62.0412826538086
1,41.85,13.9131937259808,62.0698928833008
1,41.86,13.9165270258673,62.108039855957
1,41.87,13.9198603257537,62.1509552001953
1,41.88,13.9231936256401,62.1700286865234
1,41.89,13.9265269255266,62.1891021728516
1,41.9,13.929860225413,62.1795654296875
1,41.91,13.9331935252994,62.2367858886719
1,41.92,13.9365268251859,62.2653961181641
1,41.93,13.9398601250723,62.3035430908203
1,41.94,13.9431934249587,62.3035430908203
1,41.95,13.9465267248452,62.3416900634766
1,41.96,13.9498600247316,62.3559951782227
1,41.97,13.953193324618,62.3941421508789
1,41.98,13.9565266245045,62.4418258666992
1,41.99,13.9598599243909,62.4513626098633
1,42,13.9631932242773,62.4656677246094
1,42.01,13.9665265241638,62.5038146972656
1,42.02,13.9698598240502,62.5371932983398
1,42.03,13.9731931239367,62.5419616699219
1,42.04,13.9765264238231,62.56103515625
1,42.05,13.9798597237095,62.565803527832
1,42.06,13.983193023596,62.5944137573242
1,42.07,13.9865263234824,62.6277923583984
1,42.08,13.9898596233688,62.5944137573242
1,42.09,13.9931929232553,62.6564025878906
1,42.1,13.9965262231417,62.6420974731445
1,42.11,13.9998595230281,62.6993179321289
1,42.12,14.0031928229146,62.7040863037109
1,42.13,14.006526122801,62.7231597900391
1,42.14,14.0098594226874,62.7565383911133
1,42.15,14.0131927225739,62.8042221069336
1,42.16,14.0165260224603,62.8089904785156
1,42.17,14.0198593223467,62.8471374511719
1,42.18,14.0231926222332,62.870979309082
1,42.19,14.0265259221196,62.8948211669922
1,42.2,14.0298592220061,62.9472732543945
1,42.21,14.0331925218925,62.9901885986328
1,42.22,14.0365258217789,63.0331039428711
1,42.23,14.0398591216654,63.018798828125
1,42.24,14.0431924215518,63.0807876586914
1,42.25,14.0465257214382,63.1380081176758
1,42.26,14.0498590213247,63.1380081176758
1,42.27,14.0531923212111,63.1856918334961
1,42.28,14.0565256210975,63.2381439208984
1,42.29,14.059858920984,63.2476806640625
1,42.3,14.0631922208704,63.2858276367188
1,42.31,14.0665255207568,63.323974609375
1,42.32,14.0698588206433,63.3621215820313
1,42.33,14.0731921205297,63.3955001831055
1,42.34,14.0765254204161,63.4241104125977
1,42.35,14.0798587203026,63.4241104125977
1,42.36,14.083192020189,63.4860992431641
1,42.37,14.0865253200755,63.5242462158203
1,42.38,14.0898586199619,63.5337829589844
1,42.39,14.0931919198483,63.5528564453125
1,42.4,14.0965252197348,63.6053085327148
1,42.41,14.0998585196212,63.6100769042969
1,42.42,14.1031918195076,63.6577606201172
1,42.43,14.1065251193941,63.6816024780273
1,42.44,14.1098584192805,63.7197494506836
1,42.45,14.1131917191669,63.7292861938477
1,42.46,14.1165250190534,63.7626647949219
1,42.47,14.1198583189398,63.786506652832
1,42.48,14.1231916188262,63.7960433959961
1,42.49,14.1265249187127,63.8389587402344
1,42.5,14.1298582185991,63.8484954833984
1,42.51,14.1331915184855,63.8866424560547
1,42.52,14.136524818372,63.9057159423828
1,42.53,14.1398581182584,63.9247894287109
1,42.54,14.1431914181449,63.9533996582031
1,42.55,14.1465247180313,63.9629364013672
1,42.56,14.1498580179177,64.0153884887695
1,42.57,14.1531913178042,64.0153884887695
1,42.58,14.1565246176906,64.0535354614258
1,42.59,14.159857917577,64.0678405761719
1,42.6,14.1631912174635,64.082145690918
1,42.61,14.1665245173499,64.1202926635742
1,42.62,14.1698578172363,64.1536712646484
1,42.63,14.1731911171228,64.1536712646484
1,42.64,14.1765244170092,64.2108917236328
1,42.65,14.1798577168956,64.2251968383789
1,42.66,14.1831910167821,64.244270324707
1,42.67,14.1865243166685,64.2871856689453
1,42.68,14.1898576165549,64.3157958984375
1,42.69,14.1931909164414,64.3587112426758
1,42.7,14.1965242163278,64.3491744995117
1,42.71,14.1998575162143,64.396858215332
1,42.72,14.2031908161007,64.4397735595703
1,42.73,14.2065241159871,64.4540786743164
1,42.74,14.2098574158736,64.4874572753906
1,42.75,14.21319071576,64.5208358764648
1,42.76,14.2165240156464,64.539909362793
1,42.77,14.2198573155329,64.6114349365234
1,42.78,14.2231906154193,64.6591186523438
1,42.79,14.2265239153057,64.6686553955078
1,42.8,14.2298572151922,64.702033996582
1,42.81,14.2331905150786,64.7354125976563
1,42.82,14.236523814965,64.8021697998047
1,42.83,14.2398571148515,64.8307800292969
1,42.84,14.2431904147379,64.854621887207
1,42.85,14.2465237146243,64.9023056030273
1,42.86,14.2498570145108,64.9309158325195
1,42.87,14.2531903143972,64.9595260620117
1,42.88,14.2565236142837,65.0215148925781
1,42.89,14.2598569141701,65.0119781494141
1,42.9,14.2631902140565,65.0596618652344
1,42.91,14.266523513943,65.0930404663086
1,42.92,14.2698568138294,65.1454925537109
1,42.93,14.2731901137158,65.1645660400391
1,42.94,14.2765234136023,65.1884078979492
1,42.95,14.2798567134887,65.2170181274414
1,42.96,14.2831900133751,65.2360916137695
1,42.97,14.2865233132616,65.2360916137695
1,42.98,14.289856613148,65.2790069580078
1,42.99,14.2931899130344,65.2980804443359
1,43,14.2965232129209,65.3219223022461
1,43.01,14.2998565128073,65.3409957885742
1,43.02,14.3031898126937,65.3553009033203
1,43.03,14.3065231125802,65.3886795043945
1,43.04,14.3098564124666,65.3982162475586
1,43.05,14.3131897123531,65.4125213623047
1,43.06,14.3165230122395,65.460205078125
1,43.07,14.3198563121259,65.4745101928711
1,43.08,14.3231896120124,65.4983520507813
1,43.09,14.3265229118988,65.5269622802734
1,43.1,14.3298562117852,65.5174255371094
1,43.11,14.3331895116717,65.5603408813477
1,43.12,14.3365228115581,65.5698776245117
1,43.13,14.3398561114445,65.5889511108398
1,43.14,14.343189411331,65.617561340332
1,43.15,14.3465227112174,65.6414031982422
1,43.16,14.3498560111038,65.6270980834961
1,43.17,14.3531893109903,65.6604766845703
1,43.18,14.3565226108767,65.7129287719727
1,43.19,14.3598559107631,65.7176971435547
1,43.2,14.3631892106496,65.7463073730469
1,43.21,14.366522510536,65.7463073730469
1,43.22,14.3698558104225,65.7749176025391
1,43.23,14.3731891103089,65.7939910888672
1,43.24,14.3765224101953,65.8082962036133
1,43.25,14.3798557100818,65.8226013183594
1,43.26,14.3831890099682,65.8607482910156
1,43.27,14.3865223098546,65.8845901489258
1,43.28,14.3898556097411,65.9036636352539
1,43.29,14.3931889096275,65.91796875
1,43.3,14.3965222095139,65.9608840942383
1,43.31,14.3998555094004,65.9704208374023
1,43.32,14.4031888092868,66.0037994384766
1,43.33,14.4065221091732,66.0133361816406
1,43.34,14.4098554090597,66.0467147827148
1,43.35,14.4131887089461,66.1087036132813
1,43.36,14.4165220088325,66.1230087280273
1,43.37,14.419855308719,66.1516189575195
1,43.38,14.4231886086054,66.1611557006836
1,43.39,14.4265219084918,66.1897659301758
1,43.4,14.4298552083783,66.22314453125
1,43.41,14.4331885082647,66.2612915039063
1,43.42,14.4365218081512,66.2851333618164
1,43.43,14.4398551080376,66.3089752197266
1,43.44,14.443188407924,66.3137435913086
1,43.45,14.4465217078105,66.3423538208008
1,43.46,14.4498550076969,66.3471221923828
1,43.47,14.4531883075833,66.3948059082031
1,43.48,14.4565216074698,66.3948059082031
1,43.49,14.4598549073562,66.4377212524414
1,43.5,14.4631882072426,66.4663314819336
1,43.51,14.4665215071291,66.4663314819336
1,43.52,14.4698548070155,66.4997100830078
1,43.53,14.4731881069019,66.5044784545898
1,43.54,14.4765214067884,66.5569305419922
1,43.55,14.4798547066748,66.5664672851563
1,43.56,14.4831880065613,66.5998458862305
1,43.57,14.4865213064477,66.6332244873047
1,43.58,14.4898546063341,66.6666030883789
1,43.59,14.4931879062206,66.6952133178711
1,43.6,14.496521206107,66.7285919189453
1,43.61,14.4998545059934,66.7762756347656
1,43.62,14.5031878058799,66.7715072631836
1,43.63,14.5065211057663,66.828727722168
1,43.64,14.5098544056527,66.8573379516602
1,43.65,14.5131877055392,66.8621063232422
1,43.66,14.5165210054256,66.8954849243164
1,43.67,14.519854305312,66.9574737548828
1,43.68,14.5231876051985,66.9622421264648
1,43.69,14.5265209050849,66.9956207275391
1,43.7,14.5298542049713,67.0480728149414
1,43.71,14.5331875048578,67.0337677001953
1,43.72,14.5365208047442,67.0862197875977
1,43.73,14.5398541046306,67.1482086181641
1,43.74,14.5431874045171,67.1577453613281
1,43.75,14.5465207044035,67.2006607055664
1,43.76,14.54985400429,67.2197341918945
1,43.77,14.5531873041764,67.2340393066406
1,43.78,14.5565206040628,67.2721862792969
1,43.79,14.5598539039493,67.3055648803711
1,43.8,14.5631872038357,67.3341751098633
1,43.81,14.5665205037221,67.3866271972656
1,43.82,14.5698538036086,67.4057006835938
1,43.83,14.573187103495,67.4152374267578
1,43.84,14.5765204033814,67.4343109130859
1,43.85,14.5798537032679,67.4676895141602
1,43.86,14.5831870031543,67.5153732299805
1,43.87,14.5865203030407,67.5201416015625
1,43.88,14.5898536029272,67.5439834594727
1,43.89,14.5931869028136,67.596435546875
1,43.9,14.5965202027,67.601203918457
1,43.91,14.5998535025865,67.6298141479492
1,43.92,14.6031868024729,67.6631927490234
1,43.93,14.6065201023594,67.6774978637695
1,43.94,14.6098534022458,67.7156448364258
1,43.95,14.6131867021322,67.744255065918
1,43.96,14.6165200020187,67.7299499511719
1,43.97,14.6198533019051,67.7776336669922
1,43.98,14.6231866017915,67.7871704101563
1,43.99,14.626519901678,67.8205490112305
1,44,14.6298532015644,67.8396224975586
1,44.01,14.6331865014508,67.8777694702148
1,44.02,14.6365198013373,67.8873062133789
1,44.03,14.6398531012237,67.9254531860352
1,44.04,14.6431864011101,67.9540634155273
1,44.05,14.6465197009966,67.9636001586914
1,44.06,14.649853000883,68.0112838745117
1,44.07,14.6531863007695,68.0208206176758
1,44.08,14.6565196006559,68.0685043334961
1,44.09,14.6598529005423,68.0828094482422
1,44.1,14.6631862004288,68.1114196777344
1,44.11,14.6665195003152,68.1495666503906
1,44.12,14.6698528002016,68.1972503662109
1,44.13,14.6731861000881,68.2258605957031
1,44.14,14.6765193999745,68.2449340820313
1,44.15,14.6798526998609,68.2973861694336
1,44.16,14.6831859997474,68.3450698852539
1,44.17,14.6865192996338,68.354606628418
1,44.18,14.6898525995202,68.4070587158203
1,44.19,14.6931858994067,68.4356689453125
1,44.2,14.6965191992931,68.4690475463867
1,44.21,14.6998524991795,68.507194519043
1,44.22,14.703185799066,68.5262680053711
1,44.23,14.7065190989524,68.5262680053711
1,44.24,14.7098523988388,68.5739517211914
1,44.25,14.7131856987253,68.5977935791016
1,44.26,14.7165189986117,68.6311721801758
1,44.27,14.7198522984982,68.6454772949219
1,44.28,14.7231855983846,68.6931610107422
1,44.29,14.726518898271,68.6836242675781
1,44.3,14.7298521981575,68.7074661254883
1,44.31,14.7331854980439,68.7456130981445
1,44.32,14.7365187979303,68.7456130981445
1,44.33,14.7398520978168,68.7694549560547
1,44.34,14.7431853977032,68.8076019287109
1,44.35,14.7465186975896,68.8076019287109
1,44.36,14.7498519974761,68.8409805297852
1,44.37,14.7531852973625,68.8600540161133
1,44.38,14.7565185972489,68.8791275024414
1,44.39,14.7598518971354,68.9125061035156
1,44.4,14.7631851970218,68.9172744750977
1,44.41,14.7665184969082,68.9506530761719
1,44.42,14.7698517967947,68.974494934082
1,44.43,14.7731850966811,69.0317153930664
1,44.44,14.7765183965676,69.0460205078125
1,44.45,14.779851696454,69.0555572509766
1,44.46,14.7831849963404,69.0937042236328
1,44.47,14.7865182962269,69.0984725952148
1,44.48,14.7898515961133,69.1509246826172
1,44.49,14.7931848959997,69.1509246826172
1,44.5,14.7965181958862,69.1986083984375
1,44.51,14.7998514957726,69.2367553710938
1,44.52,14.803184795659,69.2415237426758
1,44.53,14.8065180955455,69.2844390869141
1,44.54,14.8098513954319,69.3082809448242
1,44.55,14.8131846953183,69.3178176879883
1,44.56,14.8165179952048,69.3559646606445
1,44.57,14.8198512950912,69.3607330322266
1,44.58,14.8231845949776,69.4131851196289
1,44.59,14.8265178948641,69.432258605957
1,44.6,14.8298511947505,69.4417953491211
1,44.61,14.833184494637,69.4799423217773
1,44.62,14.8365177945234,69.5276260375977
1,44.63,14.8398510944098,69.5657730102539
1,44.64,14.8431843942963,69.5657730102539
1,44.65,14.8465176941827,69.6039199829102
1,44.66,14.8498509940691,69.5991516113281
1,44.67,14.8531842939556,69.6563720703125
1,44.68,14.856517593842,69.6849822998047
1,44.69,14.8598508937284,69.6849822998047
1,44.7,14.8631841936149,69.732666015625
1,44.71,14.8665174935013,69.7517395019531
1,44.72,14.8698507933877,69.7803497314453
1,44.73,14.8731840932742,69.7946548461914
1,44.74,14.8765173931606,69.8518753051758
1,44.75,14.879850693047,69.8757171630859
1,44.76,14.8831839929335,69.9090957641602
1,44.77,14.8865172928199,69.9329376220703
1,44.78,14.8898505927064,69.9901580810547
1,44.79,14.8931838925928,69.9996948242188
1,44.8,14.8965171924792,70.033073425293
1,44.81,14.8998504923657,70.0664520263672
1,44.82,14.9031837922521,70.0759887695313
1,44.83,14.9065170921385,70.1045989990234
1,44.84,14.909850392025,70.1475143432617
1,44.85,14.9131836919114,70.1618194580078
1,44.86,14.9165169917978,70.1999664306641
1,44.87,14.9198502916843,70.2238082885742
1,44.88,14.9231835915707,70.2476501464844
1,44.89,14.9265168914571,70.2667236328125
1,44.9,14.9298501913436,70.3001022338867
1,44.91,14.93318349123,70.3334808349609
1,44.92,14.9365167911164,70.347785949707
1,44.93,14.9398500910029,70.4050064086914
1,44.94,14.9431833908893,70.4479217529297
1,44.95,14.9465166907758,70.4717636108398
1,44.96,14.9498499906622,70.490837097168
1,44.97,14.9531832905486,70.5528259277344
1,44.98,14.9565165904351,70.5623626708984
1,44.99,14.9598498903215,70.6195831298828
1,45,14.9631831902079,70.6386566162109
1,45.01,14.9665164900944,70.6768035888672
1,45.02,14.9698497899808,70.7054138183594
1,45.03,14.9731830898672,70.7530975341797
1,45.04,14.9798496896401,70.7769393920898
1,45.05,14.9831829895265,70.796012878418
1,45.07,14.986516289413,70.8627700805664
1,45.08,14.9898495892994,70.8580017089844
1,45.09,14.9931828891858,70.8770751953125
1,45.1,14.9998494889587,70.9342956542969
1,45.11,15.0031827888452,70.9342956542969
1,45.13,15.0065160887316,70.9915161132813
1,45.14,15.0131826885045,70.9962844848633
1,45.15,15.0165159883909,71.0535049438477
1,45.16,15.0198492882773,71.0582733154297
1,45.17,15.0231825881638,71.10595703125
1,45.18,15.0265158880502,71.1345672607422
1,45.19,15.0298491879366,71.1297988891602
1,45.2,15.0331824878231,71.1917877197266
1,45.21,15.0365157877095,71.2156295776367
1,45.23,15.0431823874824,71.2823867797852
1,45.24,15.0465156873688,71.3157653808594
1,45.25,15.0498489872552,71.3491439819336
1,45.26,15.0531822871417,71.3968276977539
1,45.27,15.0565155870281,71.4111328125
1,45.28,15.0598488869146,71.4588165283203
1,45.29,15.063182186801,71.4874267578125
1,45.3,15.0665154866874,71.5446472167969
1,45.31,15.0698487865739,71.563720703125
1,45.32,15.0731820864603,71.5923309326172
1,45.33,15.0765153863467,71.6257095336914
1,45.34,15.0798486862332,71.6447830200195
1,45.35,15.0831819861196,71.6733932495117
1,45.36,15.086515286006,71.7258453369141
1,45.37,15.0898485858925,71.7306137084961
1,45.38,15.0931818857789,71.7782974243164
1,45.39,15.0965151856653,71.7830657958984
1,45.4,15.0998484855518,71.8259811401367
1,45.41,15.1031817854382,71.8307495117188
1,45.42,15.1065150853246,71.864128112793
1,45.43,15.1098483852111,71.8927383422852
1,45.44,15.1131816850975,71.9213485717773
1,45.45,15.116514984984,71.9451904296875
1,45.46,15.1198482848704,71.9738006591797
1,45.47,15.1231815847568,71.9785690307617
1,45.48,15.1265148846433,72.026252746582
1,45.49,15.1298481845297,72.026252746582
1,45.5,15.1331814844161,72.0739364624023
1,45.51,15.1365147843026,72.0930099487305
1,45.52,15.139848084189,72.1263885498047
1,45.53,15.1431813840754,72.1645355224609
1,45.54,15.1465146839619,72.174072265625
1,45.55,15.1498479838483,72.2312927246094
1,45.56,15.1531812837347,72.2789764404297
1,45.57,15.1565145836212,72.3075866699219
1,45.58,15.1598478835076,72.331428527832
1,45.59,15.163181183394,72.3838806152344
1,45.6,15.1665144832805,72.4124908447266
1,45.61,15.1698477831669,72.4172592163086
1,45.62,15.1731810830534,72.4697113037109
1,45.63,15.1765143829398,72.5221633911133
1,45.64,15.1798476828262,72.5460052490234
1,45.65,15.1831809827127,72.5603103637695
1,45.66,15.1865142825991,72.636604309082
1,45.67,15.1898475824855,72.6842880249023
1,45.68,15.193180882372,72.7033615112305
1,45.69,15.1965141822584,72.7367401123047
1,45.7,15.1998474821448,72.7987289428711
1,45.71,15.2031807820313,72.8082656860352
1,45.72,15.2065140819177,72.8321075439453
1,45.73,15.2098473818041,72.8845596313477
1,45.74,15.2131806816906,72.9179382324219
1,45.75,15.216513981577,72.9465484619141
1,45.76,15.2198472814634,72.9560852050781
1,45.77,15.2231805813499,73.0037689208984
1,45.78,15.2265138812363,73.0180740356445
1,45.79,15.2298471811228,73.0466842651367
1,45.8,15.2331804810092,73.0657577514648
1,45.81,15.2365137808956,73.1086730957031
1,45.82,15.2398470807821,73.1468200683594
1,45.83,15.2431803806685,73.1897354125977
1,45.84,15.2465136805549,73.1849670410156
1,45.85,15.2498469804414,73.2135772705078
1,45.86,15.2531802803278,73.2135772705078
1,45.87,15.2565135802142,73.2517242431641
1,45.88,15.2598468801007,73.2803344726563
1,45.89,15.2631801799871,73.2707977294922
1,45.9,15.2665134798735,73.3089447021484
1,45.91,15.26984677976,73.3518600463867
1,45.92,15.2731800796464,73.3518600463867
1,45.93,15.2765133795328,73.3852386474609
1,45.94,15.2798466794193,73.399543762207
1,45.95,15.2831799793057,73.4043121337891
1,45.96,15.2865132791921,73.4329223632813
1,45.97,15.2898465790786,73.4567642211914
1,45.98,15.293179878965,73.4949111938477
1,45.99,15.2965131788515,73.5187530517578
1,46,15.2998464787379,73.5378265380859
1,46.01,15.3031797786243,73.552131652832
1,46.02,15.3065130785108,73.5855102539063
1,46.03,15.3098463783972,73.6093521118164
1,46.04,15.3131796782836,73.6331939697266
1,46.05,15.3165129781701,73.6570358276367
1,46.06,15.3198462780565,73.6856460571289
1,46.07,15.3231795779429,73.704719543457
1,46.08,15.3265128778294,73.7619400024414
1,46.09,15.3298461777158,73.7667083740234
1,46.1,15.3331794776022,73.8048553466797
1,46.11,15.3365127774887,73.8334655761719
1,46.12,15.3398460773751,73.8525390625
1,46.13,15.3431793772616,73.8906860351563
1,46.14,15.346512677148,73.9240646362305
1,46.15,15.3498459770344,73.9431381225586
1,46.16,15.3531792769209,73.9812850952148
1,46.17,15.3565125768073,73.9908218383789
1,46.18,15.3598458766937,74.0480422973633
1,46.19,15.3631791765802,74.0766525268555
1,46.2,15.3665124764666,74.1004943847656
1,46.21,15.369845776353,74.1243362426758
1,46.22,15.3731790762395,74.1481781005859
1,46.23,15.3765123761259,74.1910934448242
1,46.24,15.3798456760123,74.2149353027344
1,46.25,15.3831789758988,74.2387771606445
1,46.26,15.3865122757852,74.2721557617188
1,46.27,15.3898455756716,74.2816925048828
1,46.28,15.3931788755581,74.2959976196289
1,46.29,15.3965121754445,74.315071105957
1,46.3,15.3998454753309,74.305534362793
1,46.31,15.4031787752174,74.3579864501953
1,46.32,15.4065120751038,74.3675231933594
1,46.33,15.4098453749903,74.3770599365234
1,46.34,15.4131786748767,74.4056701660156
1,46.35,15.4165119747631,74.4152069091797
1,46.36,15.4198452746496,74.4533538818359
1,46.37,15.423178574536,74.467658996582
1,46.38,15.4265118744224,74.5010375976563
1,46.39,15.4298451743089,74.5248794555664
1,46.4,15.4331784741953,74.5630264282227
1,46.41,15.4365117740817,74.610710144043
1,46.42,15.4398450739682,74.610710144043
1,46.43,15.4431783738546,74.6631622314453
1,46.44,15.446511673741,74.7013092041016
1,46.45,15.4498449736275,74.7299194335938
1,46.46,15.4531782735139,74.7442245483398
1,46.47,15.4565115734003,74.7537612915039
1,46.48,15.4598448732868,74.7966766357422
1,46.49,15.4631781731732,74.8395919799805
1,46.5,15.4665114730597,74.8491287231445
1,46.51,15.4698447729461,74.8968124389648
1,46.52,15.4731780728325,74.9301910400391
1,46.53,15.476511372719,74.9444961547852
1,46.54,15.4798446726054,74.9874114990234
1,46.55,15.4831779724918,75.0064849853516
1,46.56,15.4865112723783,75.0494003295898
1,46.57,15.4898445722647,75.0970840454102
1,46.58,15.4931778721511,75.1304626464844
1,46.59,15.4965111720376,75.1686096191406
1,46.6,15.499844471924,75.2162933349609
1,46.61,15.5031777718104,75.2639770507813
1,46.62,15.5065110716969,75.2639770507813
1,46.63,15.5098443715833,75.3068923950195
1,46.64,15.5131776714697,75.3593444824219
1,46.65,15.5165109713562,75.3927230834961
1,46.66,15.5198442712426,75.4261016845703
1,46.67,15.5231775711291,75.4547119140625
1,46.68,15.5265108710155,75.4785537719727
1,46.69,15.5298441709019,75.5119323730469
1,46.7,15.5331774707884,75.5405426025391
1,46.71,15.5365107706748,75.5786895751953
1,46.72,15.5398440705612,75.6168365478516
1,46.73,15.5431773704477,75.6359100341797
1,46.74,15.5465106703341,75.6692886352539
1,46.75,15.5498439702205,75.68359375
1,46.76,15.553177270107,75.7217407226563
1,46.77,15.5565105699934,75.7646560668945
1,46.78,15.5598438698798,75.8028030395508
1,46.79,15.5631771697663,75.8266448974609
1,46.8,15.5665104696527,75.8600234985352
1,46.81,15.5698437695391,75.8934020996094
1,46.82,15.5731770694256,75.9315490722656
1,46.83,15.576510369312,75.9601593017578
1,46.84,15.5798436691985,75.993537902832
1,46.85,15.5831769690849,76.0269165039063
1,46.86,15.5865102689713,76.0555267333984
1,46.87,15.5898435688578,76.1032104492188
1,46.88,15.5931768687442,76.1175155639648
1,46.89,15.5965101686306,76.1508941650391
1,46.9,15.5998434685171,76.1604309082031
1,46.91,15.6031767684035,76.2033462524414
1,46.92,15.6065100682899,76.2271881103516
1,46.93,15.6098433681764,76.2367248535156
1,46.94,15.6131766680628,76.2748718261719
1,46.95,15.6165099679492,76.298713684082
1,46.96,15.6198432678357,76.3034820556641
1,46.97,15.6231765677221,76.3463973999023
1,46.98,15.6265098676085,76.3702392578125
1,46.99,15.629843167495,76.3845443725586
1,47,15.6331764673814,76.4274597167969
1,47.01,15.6365097672679,76.446533203125
1,47.02,15.6398430671543,76.4751434326172
1,47.03,15.6431763670407,76.5228271484375
1,47.04,15.6465096669272,76.5275955200195
1,47.05,15.6498429668136,76.5705108642578
1,47.06,15.6531762667,76.6086578369141
1,47.07,15.6565095665865,76.6324996948242
1,47.08,15.6598428664729,76.6611099243164
1,47.09,15.6631761663593,76.6992568969727
1,47.1,15.6665094662458,76.7230987548828
1,47.11,15.6698427661322,76.751708984375
1,47.12,15.6731760660186,76.7803192138672
1,47.13,15.6765093659051,76.8136978149414
1,47.14,15.6798426657915,76.8566131591797
1,47.15,15.6831759656779,76.8709182739258
1,47.16,15.6865092655644,76.8947601318359
1,47.17,15.6898425654508,76.9472122192383
1,47.18,15.6931758653373,76.9615173339844
1,47.19,15.6965091652237,76.9901275634766
1,47.2,15.6998424651101,77.0187377929688
1,47.21,15.7031757649966,77.0378112792969
1,47.22,15.706509064883,77.0854949951172
1,47.23,15.7098423647694,77.0950317382813
1,47.24,15.7131756646559,77.1331787109375
1,47.25,15.7165089645423,77.1665573120117
1,47.26,15.7198422644287,77.1903991699219
1,47.27,15.7231755643152,77.20947265625
1,47.28,15.7265088642016,77.2333145141602
1,47.29,15.729842164088,77.2476196289063
1,47.3,15.7331754639745,77.3000717163086
1,47.31,15.7365087638609,77.3239135742188
1,47.32,15.7398420637473,77.3429870605469
1,47.33,15.7431753636338,77.3859024047852
1,47.34,15.7465086635202,77.4049758911133
1,47.35,15.7498419634067,77.4288177490234
1,47.36,15.7531752632931,77.4478912353516
1,47.37,15.7565085631795,77.4717330932617
1,47.38,15.759841863066,77.5003433227539
1,47.39,15.7631751629524,77.5575637817383
1,47.4,15.7665084628388,77.5575637817383
1,47.41,15.7698417627253,77.5957107543945
1,47.42,15.7731750626117,77.6433944702148
1,47.43,15.7765083624981,77.6386260986328
1,47.44,15.7798416623846,77.672004699707
1,47.45,15.783174962271,77.7053833007813
1,47.46,15.7865082621574,77.7292251586914
1,47.47,15.7898415620439,77.7721405029297
1,47.48,15.7931748619303,77.7912139892578
1,47.49,15.7965081618167,77.8102874755859
1,47.5,15.7998414617032,77.8579711914063
1,47.51,15.8031747615896,77.8770446777344
1,47.52,15.8065080614761,77.8818130493164
1,47.53,15.8098413613625,77.9294967651367
1,47.54,15.8131746612489,77.9581069946289
1,47.55,15.8165079611354,77.9581069946289
1,47.56,15.8198412610218,78.0057907104492
1,47.57,15.8231745609082,78.0677795410156
1,47.58,15.8265078607947,78.0582427978516
1,47.59,15.8298411606811,78.1059265136719
1,47.6,15.8331744605675,78.1488418579102
1,47.61,15.836507760454,78.1917572021484
1,47.62,15.8398410603404,78.2012939453125
1,47.63,15.8431743602268,78.2394409179688
1,47.64,15.8465076601133,78.277587890625
1,47.65,15.8498409599997,78.2871246337891
1,47.66,15.8531742598861,78.3491134643555
1,47.67,15.8565075597726,78.3586502075195
1,47.68,15.859840859659,78.3967971801758
1,47.69,15.8631741595454,78.425407409668
1,47.7,15.8665074594319,78.4397125244141
1,47.71,15.8698407593183,78.4635543823242
1,47.72,15.8731740592048,78.4873962402344
1,47.73,15.8765073590912,78.5350799560547
1,47.74,15.8798406589776,78.5732269287109
1,47.75,15.8831739588641,78.577995300293
1,47.76,15.8865072587505,78.6161422729492
1,47.77,15.8898405586369,78.6113739013672
1,47.78,15.8931738585234,78.6828994750977
1,47.79,15.8965071584098,78.7067413330078
1,47.8,15.8998404582962,78.7067413330078
1,47.81,15.9031737581827,78.7734985351563
1,47.82,15.9065070580691,78.8116455078125
1,47.83,15.9098403579555,78.8116455078125
1,47.84,15.913173657842,78.8593292236328
1,47.85,15.9165069577284,78.8450241088867
1,47.86,15.9198402576149,78.892707824707
1,47.87,15.9231735575013,78.9260864257813
1,47.88,15.9265068573877,78.9451599121094
1,47.89,15.9298401572742,78.9546966552734
1,47.9,15.9331734571606,78.9976119995117
1,47.91,15.936506757047,79.0214538574219
1,47.92,15.9398400569335,79.0262222290039
1,47.93,15.9431733568199,79.0548324584961
1,47.94,15.9465066567063,79.0834426879883
1,47.95,15.9498399565928,79.1311264038086
1,47.96,15.9531732564792,79.1549682617188
1,47.97,15.9565065563656,79.1788101196289
1,47.98,15.9598398562521,79.2074203491211
1,47.99,15.9631731561385,79.2551040649414
1,48,15.9665064560249,79.2884826660156
1,48.01,15.9698397559114,79.3075561523438
1,48.02,15.9731730557978,79.3647766113281
1,48.03,15.9765063556843,79.3647766113281
1,48.04,15.9798396555707,79.4124603271484
1,48.05,15.9831729554571,79.4267654418945
1,48.06,15.9865062553436,79.4744491577148
1,48.07,15.98983955523,79.4839859008789
1,48.08,15.9931728551164,79.5555114746094
1,48.09,15.9965061550029,79.5841217041016
1,48.1,15.9998394548893,79.6175003051758
1,48.11,16.0031727547757,79.646110534668
1,48.12,16.0065060546622,79.6937942504883
1,48.13,16.0098393545486,79.7080993652344
1,48.14,16.013172654435,79.7510147094727
1,48.15,16.0165059543215,79.7843933105469
1,48.16,16.0198392542079,79.7700881958008
1,48.17,16.0231725540943,79.8416137695313
1,48.18,16.0265058539808,79.8606872558594
1,48.19,16.0298391538672,79.8559188842773
1,48.2,16.0331724537537,79.9083709716797
1,48.21,16.0365057536401,79.9322128295898
1,48.22,16.0398390535265,79.9560546875
1,48.23,16.043172353413,79.9751281738281
1,48.24,16.0465056532994,80.0037384033203
1,48.25,16.0498389531858,79.9894332885742
1,48.26,16.0531722530723,80.0657272338867
1,48.27,16.0565055529587,80.0895690917969
1,48.28,16.0598388528451,80.0943374633789
1,48.29,16.0631721527316,80.1324844360352
1,48.3,16.066505452618,80.1753997802734
1,48.31,16.0698387525044,80.1849365234375
1,48.32,16.0731720523909,80.2278518676758
1,48.33,16.0765053522773,80.2469253540039
1,48.34,16.0798386521637,80.2850723266602
1,48.35,16.0831719520502,80.3327560424805
1,48.36,16.0865052519366,80.3518295288086
1,48.37,16.0898385518231,80.3899765014648
1,48.38,16.0931718517095,80.4376602172852
1,48.39,16.0965051515959,80.4328918457031
1,48.4,16.0998384514824,80.4853439331055
1,48.41,16.1031717513688,80.4853439331055
1,48.42,16.1065050512552,80.5234909057617
1,48.43,16.1098383511417,80.561637878418
1,48.44,16.1131716510281,80.5997848510742
1,48.45,16.1165049509145,80.6379318237305
1,48.46,16.119838250801,80.6283950805664
1,48.47,16.1231715506874,80.6713104248047
1,48.48,16.1265048505738,80.6999206542969
1,48.49,16.1331714503467,80.723762512207
1,48.51,16.1365047502331,80.7523727416992
1,48.52,16.1398380501196,80.8191299438477
1,48.53,16.143171350006,80.8525085449219
1,48.54,16.1498379497789,80.8954238891602
1,48.55,16.1531712496653,80.9335708618164
1,48.57,16.1598378494382,81.0003280639648
1,48.58,16.1631711493246,81.0480117797852
1,48.59,16.1665044492111,81.0670852661133
1,48.6,16.1698377490975,81.1290740966797
1,48.62,16.1731710489839,81.1958312988281
1,48.63,16.1798376487568,81.2196731567383
1,48.64,16.1831709486432,81.2530517578125
1,48.65,16.1865042485297,81.3055038452148
1,48.66,16.1898375484161,81.334114074707
1,48.67,16.1931708483025,81.3674926757813
1,48.68,16.196504148189,81.3674926757813
1,48.69,16.1998374480754,81.4294815063477
1,48.7,16.2031707479618,81.4580917358398
1,48.71,16.2065040478483,81.486701965332
1,48.72,16.2098373477347,81.5200805664063
1,48.73,16.2131706476212,81.5582275390625
1,48.74,16.2165039475076,81.5773010253906
1,48.75,16.219837247394,81.6106796264648
1,48.76,16.2231705472805,81.6202163696289
1,48.77,16.2265038471669,81.634521484375
1,48.78,16.2298371470533,81.634521484375
1,48.79,16.2331704469398,81.6822052001953
1,48.8,16.2365037468262,81.6917419433594
1,48.81,16.2398370467126,81.7203521728516
1,48.82,16.2431703465991,81.7394256591797
1,48.83,16.2465036464855,81.7489624023438
1,48.84,16.2498369463719,81.7632675170898
1,48.85,16.2531702462584,81.8109512329102
1,48.86,16.2565035461448,81.8157196044922
1,48.87,16.2598368460312,81.8443298339844
1,48.88,16.2631701459177,81.8586349487305
1,48.89,16.2665034458041,81.8777084350586
1,48.9,16.2698367456906,81.8824768066406
1,48.91,16.273170045577,81.9063186645508
1,48.92,16.2765033454634,81.9253921508789
1,48.93,16.2798366453499,81.934928894043
1,48.94,16.2831699452363,81.9540023803711
1,48.95,16.2865032451227,81.9730758666992
1,48.96,16.2898365450092,81.9778442382813
1,48.97,16.2931698448956,82.0207595825195
1,48.98,16.296503144782,82.0446014404297
1,48.99,16.2998364446685,82.0446014404297
1,49,16.3031697445549,82.0684432983398
1,49.01,16.3065030444413,82.09228515625
1,49.02,16.3098363443278,82.1113586425781
1,49.03,16.3131696442142,82.1399688720703
1,49.04,16.3165029441006,82.1638107299805
1,49.05,16.3198362439871,82.1781158447266
1,49.06,16.3231695438735,82.2019577026367
1,49.07,16.32650284376,82.1924209594727
1,49.08,16.3298361436464,82.2305679321289
1,49.09,16.3331694435328,82.2639465332031
1,49.1,16.3365027434193,82.2877883911133
1,49.11,16.3398360433057,82.3259353637695
1,49.12,16.3431693431921,82.3497772216797
1,49.13,16.3465026430786,82.3974609375
1,49.14,16.349835942965,82.4069976806641
1,49.15,16.3531692428514,82.4165344238281
1,49.16,16.3565025427379,82.4928283691406
1,49.17,16.3598358426243,82.5405120849609
1,49.18,16.3631691425107,82.5643539428711
1,49.19,16.3665024423972,82.6072692871094
1,49.2,16.3698357422836,82.6215744018555
1,49.21,16.37316904217,82.6501846313477
1,49.22,16.3765023420565,82.697868347168
1,49.23,16.3798356419429,82.7217102050781
1,49.24,16.3831689418294,82.7455520629883
1,49.25,16.3865022417158,82.7646255493164
1,49.26,16.3898355416022,82.7980041503906
1,49.27,16.3931688414887,82.8313827514648
1,49.28,16.3965021413751,82.850456237793
1,49.29,16.3998354412615,82.8742980957031
1,49.3,16.403168741148,82.9124450683594
1,49.31,16.4065020410344,82.9410552978516
1,49.32,16.4098353409208,82.9601287841797
1,49.33,16.4131686408073,83.0078125
1,49.34,16.4165019406937,83.0221176147461
1,49.35,16.4198352405801,83.0554962158203
1,49.36,16.4231685404666,83.1174850463867
1,49.37,16.426501840353,83.1413269042969
1,49.38,16.4298351402394,83.165168762207
1,49.39,16.4331684401259,83.1890106201172
1,49.4,16.4365017400123,83.2319259643555
1,49.41,16.4398350398988,83.2748413085938
1,49.42,16.4431683397852,83.2891464233398
1,49.43,16.4465016396716,83.3463668823242
1,49.44,16.4498349395581,83.3415985107422
1,49.45,16.4531682394445,83.3845138549805
1,49.46,16.4565015393309,83.4321975708008
1,49.47,16.4598348392174,83.4560394287109
1,49.48,16.4631681391038,83.5084915161133
1,49.49,16.4665014389902,83.5275650024414
1,49.5,16.4698347388767,83.5657119750977
1,49.51,16.4731680387631,83.5895538330078
1,49.52,16.4765013386495,83.6277008056641
1,49.53,16.479834638536,83.6658477783203
1,49.54,16.4831679384224,83.7039947509766
1,49.55,16.4865012383089,83.7326049804688
1,49.56,16.4898345381953,83.7516784667969
1,49.57,16.4931678380817,83.7898254394531
1,49.58,16.4965011379682,83.8375091552734
1,49.59,16.4998344378546,83.8708877563477
1,49.6,16.503167737741,83.8947296142578
1,49.61,16.5065010376275,83.92333984375
1,49.62,16.5098343375139,83.9519500732422
1,49.63,16.5131676374003,83.9853286743164
1,49.64,16.5165009372868,84.0187072753906
1,49.65,16.5198342371732,84.0520858764648
1,49.66,16.5231675370596,84.0902328491211
1,49.67,16.5265008369461,84.1140747070313
1,49.68,16.5298341368325,84.1379165649414
1,49.69,16.5331674367189,84.1903686523438
1,49.7,16.5365007366054,84.1999053955078
1,49.71,16.5398340364918,84.2428207397461
1,49.72,16.5431673363782,84.2714309692383
1,49.73,16.5465006362647,84.2905044555664
1,49.74,16.5498339361511,84.3286514282227
1,49.75,16.5531672360376,84.381103515625
1,49.76,16.556500535924,84.4001770019531
1,49.77,16.5598338358104,84.4383239746094
1,49.78,16.5631671356969,84.4573974609375
1,49.79,16.5665004355833,84.4764709472656
1,49.8,16.5698337354697,84.4860076904297
1,49.81,16.5731670353562,84.5193862915039
1,49.82,16.5765003352426,84.538459777832
1,49.83,16.579833635129,84.5479965209961
1,49.84,16.5831669350155,84.5861434936523
1,49.85,16.5865002349019,84.6385955810547
1,49.86,16.5898335347883,84.6529006958008
1,49.87,16.5931668346748,84.691047668457
1,49.88,16.5965001345612,84.7244262695313
1,49.89,16.5998334344476,84.7244262695313
1,49.9,16.6031667343341,84.7673416137695
1,49.91,16.6065000342205,84.7864151000977
1,49.92,16.609833334107,84.834098815918
1,49.93,16.6131666339934,84.8293304443359
1,49.94,16.6164999338798,84.8722457885742
1,49.95,16.6198332337663,84.8960876464844
1,49.96,16.6231665336527,84.9246978759766
1,49.97,16.6264998335391,84.9628448486328
1,49.98,16.6298331334256,84.986686706543
1,49.99,16.633166433312,85.0248336791992
1,50,16.6364997331984,85.0629806518555
1,50.01,16.6398330330849,85.0868225097656
1,50.02,16.6431663329713,85.1202011108398
1,50.03,16.6464996328577,85.1631164550781
1,50.04,16.6498329327442,85.2060317993164
1,50.05,16.6531662326306,85.2155685424805
1,50.06,16.656499532517,85.2441787719727
1,50.07,16.6598328324035,85.2775573730469
1,50.08,16.6631661322899,85.3300094604492
1,50.09,16.6664994321764,85.3538513183594
1,50.1,16.6698327320628,85.3538513183594
1,50.11,16.6731660319492,85.4110717773438
1,50.12,16.6764993318357,85.453987121582
1,50.13,16.6798326317221,85.4587554931641
1,50.14,16.6831659316085,85.4825973510742
1,50.15,16.686499231495,85.5302810668945
1,50.16,16.6898325313814,85.5541229248047
1,50.17,16.6931658312678,85.5684280395508
1,50.18,16.6964991311543,85.5731964111328
1,50.19,16.6998324310407,85.6113433837891
1,50.2,16.7031657309271,85.6590270996094
1,50.21,16.7064990308136,85.6781005859375
1,50.22,16.7098323307,85.7162475585938
1,50.23,16.7131656305864,85.7305526733398
1,50.24,16.7164989304729,85.759162902832
1,50.25,16.7198322303593,85.7877731323242
1,50.26,16.7231655302458,85.7830047607422
1,50.27,16.7264988301322,85.8497619628906
1,50.28,16.7298321300186,85.8592987060547
1,50.29,16.7331654299051,85.8926773071289
1,50.3,16.7364987297915,85.9355926513672
1,50.31,16.7398320296779,85.9642028808594
1,50.32,16.7431653295644,85.9832763671875
1,50.33,16.7464986294508,86.0118865966797
1,50.34,16.7498319293372,86.0357284545898
1,50.35,16.7531652292237,86.0786437988281
1,50.36,16.7564985291101,86.1072540283203
1,50.37,16.7598318289965,86.1454010009766
1,50.38,16.763165128883,86.1644744873047
1,50.39,16.7664984287694,86.1883163452148
1,50.4,16.7698317286558,86.216926574707
1,50.41,16.7731650285423,86.216926574707
1,50.42,16.7764983284287,86.2646102905273
1,50.43,16.7798316283152,86.3027572631836
1,50.44,16.7831649282016,86.3265991210938
1,50.45,16.786498228088,86.3504409790039
1,50.46,16.7898315279745,86.3504409790039
1,50.47,16.7931648278609,86.3790512084961
1,50.48,16.7964981277473,86.4267349243164
1,50.49,16.7998314276338,86.4267349243164
1,50.5,16.8031647275202,86.4648818969727
1,50.51,16.8064980274066,86.512565612793
1,50.52,16.8098313272931,86.512565612793
1,50.53,16.8131646271795,86.5793228149414
1,50.54,16.8164979270659,86.5840911865234
1,50.55,16.8198312269524,86.6365432739258
1,50.56,16.8231645268388,86.665153503418
1,50.57,16.8264978267252,86.6794586181641
1,50.58,16.8298311266117,86.7176055908203
1,50.59,16.8331644264981,86.7414474487305
1,50.6,16.8364977263846,86.7795944213867
1,50.61,16.839831026271,86.8129730224609
1,50.62,16.8431643261574,86.8415832519531
1,50.63,16.8464976260439,86.8988037109375
1,50.64,16.8498309259303,86.9274139404297
1,50.65,16.8531642258167,86.9655609130859
1,50.66,16.8564975257032,86.97509765625
1,50.67,16.8598308255896,87.0323181152344
1,50.68,16.863164125476,87.0561599731445
1,50.69,16.8664974253625,87.0943069458008
1,50.7,16.8698307252489,87.132453918457
1,50.71,16.8731640251353,87.1658325195313
1,50.72,16.8764973250218,87.1849060058594
1,50.73,16.8798306249082,87.2182846069336
1,50.74,16.8831639247946,87.2468948364258
1,50.75,16.8864972246811,87.2993469238281
1,50.76,16.8898305245675,87.3231887817383
1,50.77,16.893163824454,87.3565673828125
1,50.78,16.8964971243404,87.3947143554688
1,50.79,16.8998304242268,87.432861328125
1,50.8,16.9031637241133,87.4423980712891
1,50.81,16.9064970239997,87.5043869018555
1,50.82,16.9098303238861,87.5329971313477
1,50.83,16.9131636237726,87.5520706176758
1,50.84,16.916496923659,87.5711441040039
1,50.85,16.9198302235454,87.6235961914063
1,50.86,16.9231635234319,87.6522064208984
1,50.87,16.9264968233183,87.6712799072266
1,50.88,16.9298301232047,87.7046585083008
1,50.89,16.9331634230912,87.738037109375
1,50.9,16.9364967229776,87.7857208251953
1,50.91,16.939830022864,87.7904891967773
1,50.92,16.9431633227505,87.8334045410156
1,50.93,16.9464966226369,87.8572463989258
1,50.94,16.9498299225234,87.8620147705078
1,50.95,16.9531632224098,87.9192352294922
1,50.96,16.9564965222962,87.9240036010742
1,50.97,16.9598298221827,87.9621505737305
1,50.98,16.9631631220691,88.0002975463867
1,50.99,16.9664964219555,88.0002975463867
1,51,16.969829721842,88.0336761474609
1,51.01,16.9731630217284,88.0622863769531
1,51.02,16.9764963216148,88.0813598632813
1,51.03,16.9798296215013,88.0765914916992
1,51.04,16.9831629213877,88.1099700927734
1,51.05,16.9864962212741,88.1481170654297
1,51.06,16.9898295211606,88.1624221801758
1,51.07,16.993162821047,88.2101058959961
1,51.08,16.9964961209334,88.2053375244141
1,51.09,16.9998294208199,88.2577896118164
1,51.1,17.0031627207063,88.2673263549805
1,51.11,17.0064960205927,88.3054733276367
1,51.12,17.0098293204792,88.343620300293
1,51.13,17.0131626203656,88.3865356445313
1,51.14,17.0164959202521,88.4294509887695
1,51.15,17.0198292201385,88.4437561035156
1,51.16,17.0231625200249,88.496208190918
1,51.17,17.0264958199114,88.5438919067383
1,51.18,17.0298291197978,88.5486602783203
1,51.19,17.0331624196842,88.5820388793945
1,51.2,17.0364957195707,88.6058807373047
1,51.21,17.0398290194571,88.648796081543
1,51.22,17.0431623193435,88.6726379394531
1,51.23,17.04649561923,88.7107849121094
1,51.24,17.0498289191164,88.7441635131836
1,51.25,17.0531622190028,88.7680053710938
1,51.26,17.0564955188893,88.7918472290039
1,51.27,17.0598288187757,88.8299942016602
1,51.28,17.0631621186621,88.8586044311523
1,51.29,17.0664954185486,88.8776779174805
1,51.3,17.069828718435,88.9110565185547
1,51.31,17.0731620183215,88.9444351196289
1,51.32,17.0764953182079,88.963508605957
1,51.33,17.0798286180943,89.0159606933594
1,51.34,17.0831619179808,89.0398025512695
1,51.35,17.0864952178672,89.0684127807617
1,51.36,17.0898285177536,89.106559753418
1,51.37,17.0931618176401,89.1494750976563
1,51.38,17.0964951175265,89.1590118408203
1,51.39,17.0998284174129,89.2019271850586
1,51.4,17.1031617172994,89.2305374145508
1,51.41,17.1064950171858,89.2543792724609
1,51.42,17.1098283170722,89.2925262451172
1,51.43,17.1131616169587,89.3211364746094
1,51.44,17.1164949168451,89.3497467041016
1,51.45,17.1198282167315,89.3735885620117
1,51.46,17.123161516618,89.4069671630859
1,51.47,17.1264948165044,89.4260406494141
1,51.48,17.1298281163909,89.4260406494141
1,51.49,17.1331614162773,89.4784927368164
1,51.5,17.1364947161637,89.5118713378906
1,51.51,17.1398280160502,89.5214080810547
1,51.52,17.1431613159366,89.573860168457
1,51.53,17.146494615823,89.5833969116211
1,51.54,17.1498279157095,89.5977020263672
1,51.55,17.1531612155959,89.6310806274414
1,51.56,17.1564945154823,89.6596908569336
1,51.57,17.1598278153688,89.6930694580078
1,51.58,17.1631611152552,89.6978378295898
1,51.59,17.1664944151416,89.7312164306641
1,51.6,17.1698277150281,89.7836685180664
1,51.61,17.1731610149145,89.7836685180664
1,51.62,17.1764943148009,89.7979736328125
1,51.63,17.1798276146874,89.8456573486328
1,51.64,17.1831609145738,89.8408889770508
1,51.65,17.1864942144603,89.8885726928711
1,51.66,17.1898275143467,89.9076461791992
1,51.67,17.1931608142331,89.9267196655273
1,51.68,17.1964941141196,89.9314880371094
1,51.69,17.199827414006,89.9457931518555
1,51.7,17.2031607138924,89.9744033813477
1,51.71,17.2064940137789,90.0077819824219
1,51.72,17.2098273136653,90.02685546875
1,51.73,17.2131606135517,90.0506973266602
1,51.74,17.2164939134382,90.1079177856445
1,51.75,17.2198272133246,90.1079177856445
1,51.76,17.223160513211,90.1603698730469
1,51.77,17.2264938130975,90.2175903320313
1,51.78,17.2298271129839,90.2271270751953
1,51.79,17.2331604128704,90.2700424194336
1,51.8,17.2364937127568,90.327262878418
1,51.81,17.2398270126432,90.3415679931641
1,51.82,17.2431603125297,90.3749465942383
1,51.83,17.2464936124161,90.3940200805664
1,51.84,17.2498269123025,90.4464721679688
1,51.85,17.253160212189,90.4560089111328
1,51.86,17.2564935120754,90.489387512207
1,51.87,17.2598268119618,90.5323028564453
1,51.88,17.2631601118483,90.5561447143555
1,51.89,17.2664934117347,90.5799865722656
1,51.9,17.2698267116211,90.6038284301758
1,51.91,17.2731600115076,90.632438659668
1,51.92,17.276493311394,90.6801223754883
1,51.93,17.2798266112804,90.6801223754883
1,51.94,17.2831599111669,90.7421112060547
1,51.95,17.2864932110533,90.7564163208008
1,51.96,17.2898265109397,90.789794921875
1,51.97,17.2931598108262,90.8231735229492
1,51.98,17.2964931107126,90.8708572387695
1,51.99,17.2998264105991,90.8946990966797
1,52,17.3031597104855,90.9233093261719
1,52.01,17.3064930103719,90.947151184082
1,52.02,17.3098263102584,90.9852981567383
1,52.03,17.3131596101448,91.0234451293945
1,52.04,17.3164929100312,91.0663604736328
1,52.05,17.3198262099177,91.094970703125
1,52.06,17.3231595098041,91.1235809326172
1,52.07,17.3264928096905,91.1474227905273
1,52.08,17.329826109577,91.1664962768555
1,52.09,17.3331594094634,91.2284851074219
1,52.1,17.3364927093498,91.252326965332
1,52.11,17.3398260092363,91.2904739379883
1,52.12,17.3431593091227,91.3333892822266
1,52.13,17.3464926090091,91.3429260253906
1,52.14,17.3498259088956,91.3763046264648
1,52.15,17.353159208782,91.395378112793
1,52.16,17.3564925086685,91.4287567138672
1,52.17,17.3598258085549,91.4573669433594
1,52.18,17.3631591084413,91.4907455444336
1,52.19,17.3664924083278,91.5193557739258
1,52.2,17.3698257082142,91.5384292602539
1,52.21,17.3731590081006,91.6004180908203
1,52.22,17.3764923079871,91.6194915771484
1,52.23,17.3798256078735,91.6385650634766
1,52.24,17.3831589077599,91.6719436645508
1,52.25,17.3864922076464,91.6910171508789
1,52.26,17.3898255075328,91.7482376098633
1,52.27,17.3931588074192,91.7673110961914
1,52.28,17.3964921073057,91.7863845825195
1,52.29,17.3998254071921,91.8197631835938
1,52.3,17.4031587070785,91.8483734130859
1,52.31,17.406492006965,91.8674468994141
1,52.32,17.4098253068514,91.9103622436523
1,52.33,17.4131586067379,91.9055938720703
1,52.34,17.4164919066243,91.9532775878906
1,52.35,17.4198252065107,91.9675827026367
1,52.36,17.4231585063972,92.015266418457
1,52.37,17.4264918062836,92.0534133911133
1,52.38,17.42982510617,92.0391082763672
1,52.39,17.4331584060565,92.0867919921875
1,52.4,17.4364917059429,92.1297073364258
1,52.41,17.4398250058293,92.1487808227539
1,52.42,17.4431583057158,92.167854309082
1,52.43,17.4464916056022,92.2155380249023
1,52.44,17.4498249054886,92.2679901123047
1,52.45,17.4531582053751,92.2727584838867
1,52.46,17.4564915052615,92.3299789428711
1,52.47,17.4631581050344,92.3633575439453
1,52.48,17.4664914049208,92.3967361450195
1,52.5,17.4698247048073,92.4396514892578
1,52.51,17.4731580046937,92.5016403198242
1,52.52,17.4798246044666,92.5445556640625
1,52.53,17.483157904353,92.5731658935547
1,52.55,17.4864912042394,92.6637649536133
1,52.56,17.4898245041259,92.7066802978516
1,52.57,17.4931578040123,92.7352905273438
1,52.58,17.4998244037852,92.7877426147461
1,52.59,17.5031577036716,92.8211212158203
1,52.61,17.506491003558,92.8974151611328
1,52.62,17.5131576033309,92.9546356201172
1,52.63,17.5164909032173,92.9975509643555
1,52.64,17.5198242031038,93.0166244506836
1,52.65,17.5231575029902,93.0690765380859
1,52.66,17.5264908028767,93.1072235107422
1,52.67,17.5298241027631,93.1549072265625
1,52.68,17.5331574026495,93.1692123413086
1,52.69,17.536490702536,93.2025909423828
1,52.71,17.5431573023088,93.2884216308594
1,52.72,17.5464906021953,93.3218002319336
1,52.73,17.5498239020817,93.3551788330078
1,52.74,17.5531572019681,93.3694839477539
1,52.75,17.5564905018546,93.4123992919922
1,52.76,17.559823801741,93.4314727783203
1,52.77,17.5631571016274,93.4457778930664
1,52.78,17.5664904015139,93.4696197509766
1,52.79,17.5698237014003,93.5125350952148
1,52.8,17.5731570012867,93.5220718383789
1,52.81,17.5764903011732,93.5745239257813
1,52.82,17.5798236010596,93.5459136962891
1,52.83,17.5831569009461,93.5745239257813
1,52.84,17.5864902008325,93.6126708984375
1,52.85,17.5898235007189,93.6031341552734
1,52.86,17.5931568006054,93.6412811279297
1,52.87,17.5964901004918,93.6603546142578
1,52.88,17.5998234003782,93.684196472168
1,52.89,17.6031567002647,93.684196472168
1,52.9,17.6064900001511,93.684196472168
1,52.91,17.6098233000375,93.7271118164063
1,52.92,17.613156599924,93.7414169311523
1,52.93,17.6164898998104,93.7461853027344
1,52.94,17.6198231996968,93.7700271606445
1,52.95,17.6231564995833,93.7938690185547
1,52.96,17.6264897994697,93.8224792480469
1,52.97,17.6298230993561,93.8558578491211
1,52.98,17.6331563992426,93.8892364501953
1,52.99,17.636489699129,93.9083099365234
1,53,17.6398229990155,93.9464569091797
1,53.01,17.6431562989019,93.9655303955078
1,53.02,17.6464895987883,93.989372253418
1,53.03,17.6498228986748,94.0036773681641
1,53.04,17.6531561985612,94.0227508544922
1,53.05,17.6564894984476,94.0656661987305
1,53.06,17.6598227983341,94.0799713134766
1,53.07,17.6631560982205,94.1276550292969
1,53.08,17.6664893981069,94.1562652587891
1,53.09,17.6698226979934,94.1658020019531
1,53.1,17.6731559978798,94.1991806030273
1,53.11,17.6764892977662,94.2182540893555
1,53.12,17.6798225976527,94.2754745483398
1,53.13,17.6831558975391,94.3183898925781
1,53.14,17.6864891974255,94.3231582641602
1,53.15,17.689822497312,94.3613052368164
1,53.16,17.6931557971984,94.4137573242188
1,53.17,17.6964890970849,94.4423675537109
1,53.18,17.6998223969713,94.4757461547852
1,53.19,17.7031556968577,94.5281982421875
1,53.2,17.7064889967442,94.5711135864258
1,53.21,17.7098222966306,94.5949554443359
1,53.22,17.713155596517,94.6187973022461
1,53.23,17.7164888964035,94.6760177612305
1,53.24,17.7198221962899,94.6903228759766
1,53.25,17.7231554961763,94.7284698486328
1,53.26,17.7264887960628,94.761848449707
1,53.27,17.7298220959492,94.7761535644531
1,53.28,17.7331553958356,94.8190689086914
1,53.29,17.7364886957221,94.8333740234375
1,53.3,17.7398219956085,94.8476791381836
1,53.31,17.7431552954949,94.8858261108398
1,53.32,17.7464885953814,94.9287414550781
1,53.33,17.7498218952678,94.9382781982422
1,53.34,17.7531551951543,94.9621200561523
1,53.35,17.7564884950407,94.9716567993164
1,53.36,17.7598217949271,95.0002670288086
1,53.37,17.7631550948136,95.0241088867188
1,53.38,17.7664883947,95.067024230957
1,53.39,17.7698216945864,95.0908660888672
1,53.4,17.7731549944729,95.1194763183594
1,53.41,17.7764882943593,95.1528549194336
1,53.42,17.7798215942457,95.1623916625977
1,53.43,17.7831548941322,95.1957702636719
1,53.44,17.7864881940186,95.2386856079102
1,53.45,17.789821493905,95.2243804931641
1,53.46,17.7931547937915,95.2768325805664
1,53.47,17.7964880936779,95.3149795532227
1,53.48,17.7998213935643,95.367431640625
1,53.49,17.8031546934508,95.3960418701172
1,53.5,17.8064879933372,95.4246520996094
1,53.51,17.8098212932236,95.4532623291016
1,53.52,17.8131545931101,95.4914093017578
1,53.53,17.8164878929965,95.52001953125
1,53.54,17.819821192883,95.5724716186523
1,53.55,17.8231544927694,95.6106185913086
1,53.56,17.8264877926558,95.6249237060547
1,53.57,17.8298210925423,95.6630706787109
1,53.58,17.8331543924287,95.7059860229492
1,53.59,17.8364876923151,95.7298278808594
1,53.6,17.8398209922016,95.7727432250977
1,53.61,17.843154292088,95.7679748535156
1,53.62,17.8464875919744,95.8061218261719
1,53.63,17.8498208918609,95.8442687988281
1,53.64,17.8531541917473,95.8776473999023
1,53.65,17.8564874916337,95.9157943725586
1,53.66,17.8598207915202,95.9348678588867
1,53.67,17.8631540914066,95.9634780883789
1,53.68,17.866487391293,95.9873199462891
1,53.69,17.8698206911795,96.0159301757813
1,53.7,17.8731539910659,96.0588455200195
1,53.71,17.8764872909524,96.1112976074219
1,53.72,17.8798205908388,96.135139465332
1,53.73,17.8831538907252,96.1875915527344
1,53.74,17.8864871906117,96.2352752685547
1,53.75,17.8898204904981,96.2638854980469
1,53.76,17.8931537903845,96.3068008422852
1,53.77,17.896487090271,96.3401794433594
1,53.78,17.8998203901574,96.3878631591797
1,53.79,17.9031536900438,96.430778503418
1,53.8,17.9064869899303,96.4593887329102
1,53.81,17.9098202898167,96.4593887329102
1,53.82,17.9131535897031,96.5118408203125
1,53.83,17.9164868895896,96.5166091918945
1,53.84,17.919820189476,96.5499877929688
1,53.85,17.9231534893625,96.5690612792969
1,53.86,17.9264867892489,96.6024398803711
1,53.87,17.9298200891353,96.6215133666992
1,53.88,17.9331533890218,96.6453552246094
1,53.89,17.9364866889082,96.6835021972656
1,53.9,17.9398199887946,96.6930389404297
1,53.91,17.9431532886811,96.7121124267578
1,53.92,17.9464865885675,96.7741012573242
1,53.93,17.9498198884539,96.7931747436523
1,53.94,17.9531531883404,96.8217849731445
1,53.95,17.9564864882268,96.8503952026367
1,53.96,17.9598197881132,96.8790054321289
1,53.97,17.9631530879997,96.9409942626953
1,53.98,17.9664863878861,96.9505310058594
1,53.99,17.9698196877725,97.0125198364258
1,54,17.973152987659,97.050666809082
1,54.01,17.9764862875454,97.0792770385742
1,54.02,17.9798195874318,97.1221923828125
1,54.03,17.9831528873183,97.1508026123047
1,54.04,17.9864861872047,97.1746444702148
1,54.05,17.9898194870912,97.2223281860352
1,54.06,17.9931527869776,97.2747802734375
1,54.07,17.996486086864,97.2843170166016
1,54.08,17.9998193867505,97.3415374755859
1,54.09,18.0031526866369,97.3844528198242
1,54.1,18.0064859865233,97.3987579345703
1,54.11,18.0098192864098,97.4369049072266
1,54.12,18.0131525862962,97.4559783935547
1,54.13,18.0164858861826,97.498893737793
1,54.14,18.0198191860691,97.5227355957031
1,54.15,18.0231524859555,97.5179672241211
1,54.16,18.0264857858419,97.5799560546875
1,54.17,18.0298190857284,97.6085662841797
1,54.18,18.0331523856148,97.6228713989258
1,54.19,18.0364856855012,97.65625
1,54.2,18.0398189853877,97.6896286010742
1,54.21,18.0431522852741,97.7087020874023
1,54.22,18.0464855851606,97.7325439453125
1,54.23,18.049818885047,97.7706909179688
1,54.24,18.0531521849334,97.813606262207
1,54.25,18.0564854848199,97.8279113769531
1,54.26,18.0598187847063,97.8708267211914
1,54.27,18.0631520845927,97.8994369506836
1,54.28,18.0664853844792,97.9042053222656
1,54.29,18.0698186843656,97.96142578125
1,54.3,18.073151984252,98.0091094970703
1,54.31,18.0764852841385,98.0186462402344
1,54.32,18.0798185840249,98.0663299560547
1,54.33,18.0831518839113,98.0949401855469
1,54.34,18.0864851837978,98.1473922729492
1,54.35,18.0898184836842,98.1760025024414
1,54.36,18.0931517835706,98.1998443603516
1,54.37,18.0964850834571,98.261833190918
1,54.38,18.0998183833435,98.2999801635742
1,54.39,18.10315168323,98.3142852783203
1,54.4,18.1064849831164,98.3572006225586
1,54.41,18.1098182830028,98.419189453125
1,54.42,18.1131515828893,98.4287261962891
1,54.43,18.1164848827757,98.4716415405273
1,54.44,18.1198181826621,98.4954833984375
1,54.45,18.1231514825486,98.5383987426758
1,54.46,18.126484782435,98.567008972168
1,54.47,18.1298180823214,98.5956192016602
1,54.48,18.1331513822079,98.6146926879883
1,54.49,18.1364846820943,98.6480712890625
1,54.5,18.1398179819807,98.6766815185547
1,54.51,18.1431512818672,98.7100601196289
1,54.52,18.1464845817536,98.729133605957
1,54.53,18.14981788164,98.7386703491211
1,54.54,18.1531511815265,98.7672805786133
1,54.55,18.1564844814129,98.8006591796875
1,54.56,18.1598177812994,98.8435745239258
1,54.57,18.1631510811858,98.8864898681641
1,54.58,18.1664843810722,98.8960266113281
1,54.59,18.1698176809587,98.9151000976563
1,54.6,18.1731509808451,98.9198684692383
1,54.61,18.1764842807315,98.9818572998047
1,54.62,18.179817580618,98.9961624145508
1,54.63,18.1831508805044,99.024772644043
1,54.64,18.1864841803908,99.0724563598633
1,54.65,18.1898174802773,99.0962982177734
1,54.66,18.1931507801637,99.1344451904297
1,54.67,18.1964840800501,99.1582870483398
1,54.68,18.1998173799366,99.186897277832
1,54.69,18.203150679823,99.1678237915039
1,54.7,18.2064839797094,99.2155075073242
1,54.71,18.2098172795959,99.2202758789063
1,54.72,18.2131505794823,99.2393493652344
1,54.73,18.2164838793688,99.2774963378906
1,54.74,18.2198171792552,99.2774963378906
1,54.75,18.2231504791416,99.3251800537109
1,54.76,18.2264837790281,99.339485168457
1,54.77,18.2298170789145,99.339485168457
1,54.78,18.2331503788009,99.3680953979492
1,54.79,18.2364836786874,99.4110107421875
1,54.8,18.2398169785738,99.4205474853516
1,54.81,18.2431502784602,99.4539260864258
1,54.82,18.2464835783467,99.4634628295898
1,54.83,18.2498168782331,99.4729995727539
1,54.84,18.2531501781195,99.5063781738281
1,54.85,18.256483478006,99.5349884033203
1,54.86,18.2598167778924,99.5588302612305
1,54.87,18.2631500777789,99.5779037475586
1,54.88,18.2664833776653,99.6160507202148
1,54.89,18.2698166775517,99.6637344360352
1,54.9,18.2731499774382,99.6637344360352
1,54.91,18.2764832773246,99.7257232666016
1,54.92,18.279816577211,99.7257232666016
1,54.93,18.2831498770975,99.79248046875
1,54.94,18.2864831769839,99.8258590698242
1,54.95,18.2898164768703,99.8640060424805
1,54.96,18.2931497767568,99.9164581298828
1,54.97,18.2964830766432,99.949836730957
1,54.98,18.2998163765296,99.9927520751953
1,54.99,18.3031496764161,100.040435791016
1,55,18.3064829763025,100.054740905762
1,55.01,18.3098162761889,100.111961364746
1,55.02,18.3131495760754,100.164413452148
1,55.03,18.3164828759618,100.173950195313
1,55.04,18.3198161758482,100.231170654297
1,55.05,18.3231494757347,100.250244140625
1,55.06,18.3264827756211,100.250244140625
1,55.07,18.3298160755076,100.264549255371
1,55.08,18.333149375394,100.278854370117
1,55.09,18.3364826752804,100.288391113281
1,55.1,18.3398159751669,100.307464599609
1,55.11,18.3431492750533,100.307464599609
1,55.12,18.3464825749397,100.326538085938
1,55.13,18.3498158748262,100.321769714355
1,55.14,18.3531491747126,100.345611572266
1,55.15,18.356482474599,100.374221801758
1,55.16,18.3598157744855,100.364685058594
1,55.17,18.3631490743719,100.393295288086
1,55.18,18.3664823742583,100.431442260742
1,55.19,18.3698156741448,100.469589233398
1,55.2,18.3731489740312,100.488662719727
1,55.21,18.3764822739176,100.517272949219
1,55.22,18.3798155738041,100.550651550293
1,55.23,18.3831488736905,100.588798522949
1,55.24,18.386482173577,100.622177124023
1,55.25,18.3898154734634,100.655555725098
1,55.26,18.3931487733498,100.669860839844
1,55.27,18.3964820732363,100.736618041992
1,55.28,18.3998153731227,100.769996643066
1,55.29,18.4031486730091,100.817680358887
1,55.3,18.4064819728956,100.836753845215
1,55.31,18.409815272782,100.893974304199
1,55.32,18.4131485726684,100.913047790527
1,55.33,18.4164818725549,100.955963134766
1,55.34,18.4198151724413,100.994110107422
1,55.35,18.4231484723277,101.041793823242
1,55.36,18.4264817722142,101.065635681152
1,55.37,18.4298150721006,101.089477539063
1,55.38,18.433148371987,101.137161254883
1,55.39,18.4364816718735,101.184844970703
1,55.4,18.4398149717599,101.189613342285
1,55.41,18.4431482716464,101.227760314941
1,55.42,18.4464815715328,101.261138916016
1,55.43,18.4498148714192,101.280212402344
1,55.44,18.4531481713057,101.308822631836
1,55.45,18.4564814711921,101.361274719238
1,55.46,18.4598147710785,101.380348205566
1,55.47,18.463148070965,101.428031921387
1,55.48,18.4664813708514,101.456642150879
1,55.49,18.4698146707378,101.485252380371
1,55.5,18.4731479706243,101.523399353027
1,55.51,18.4764812705107,101.57585144043
1,55.52,18.4798145703971,101.585388183594
1,55.53,18.4831478702836,101.633071899414
1,55.54,18.48648117017,101.675987243652
1,55.55,18.4898144700564,101.690292358398
1,55.56,18.4931477699429,101.723670959473
1,55.57,18.4964810698293,101.776123046875
1,55.58,18.4998143697158,101.799964904785
1,55.59,18.5031476696022,101.852416992188
1,55.6,18.5064809694886,101.861953735352
1,55.61,18.5098142693751,101.890563964844
1,55.62,18.5131475692615,101.90486907959
1,55.63,18.5164808691479,101.947784423828
1,55.64,18.5198141690344,101.995468139648
1,55.65,18.5231474689208,101.990699768066
1,55.66,18.5264807688072,102.038383483887
1,55.67,18.5298140686937,102.052688598633
1,55.68,18.5331473685801,102.086067199707
1,55.69,18.5364806684665,102.128982543945
1,55.7,18.539813968353,102.133750915527
1,55.71,18.5431472682394,102.18620300293
1,55.72,18.5464805681258,102.23388671875
1,55.73,18.5498138680123,102.243423461914
1,55.74,18.5531471678987,102.291107177734
1,55.75,18.5564804677852,102.314949035645
1,55.76,18.5598137676716,102.348327636719
1,55.77,18.563147067558,102.381706237793
1,55.78,18.5664803674445,102.434158325195
1,55.79,18.5698136673309,102.472305297852
1,55.8,18.5731469672173,102.510452270508
1,55.81,18.5764802671038,102.558135986328
1,55.82,18.5798135669902,102.615356445313
1,55.83,18.5831468668766,102.634429931641
1,55.84,18.5864801667631,102.667808532715
1,55.85,18.5898134666495,102.715492248535
1,55.86,18.5931467665359,102.744102478027
1,55.87,18.5964800664224,102.791786193848
1,55.88,18.5998133663088,102.839469909668
1,55.89,18.6031466661952,102.872848510742
1,55.9,18.6064799660817,102.896690368652
1,55.91,18.6098132659681,102.930068969727
1,55.92,18.6131465658546,102.968215942383
1,55.93,18.616479865741,103.006362915039
1,55.94,18.6198131656274,103.006362915039
1,55.95,18.6231464655139,103.034973144531
1,55.96,18.6264797654003,103.07788848877
1,55.97,18.6298130652867,103.082656860352
1,55.98,18.6331463651732,103.120803833008
1,55.99,18.6364796650596,103.144645690918
1,56,18.639812964946,103.144645690918
1,56.01,18.6431462648325,103.19709777832
1,56.02,18.6464795647189,103.216171264648
1,56.03,18.6498128646053,103.235244750977
1,56.04,18.6531461644918,103.240013122559
1,56.05,18.6564794643782,103.278160095215
1,56.06,18.6598127642646,103.306770324707
1,56.07,18.6631460641511,103.311538696289
1,56.08,18.6664793640375,103.325843811035
1,56.09,18.669812663924,103.344917297363
1,56.1,18.6731459638104,103.373527526855
1,56.11,18.6764792636968,103.402137756348
1,56.12,18.6798125635833,103.38306427002
1,56.13,18.6831458634697,103.43074798584
1,56.14,18.6864791633561,103.435516357422
1,56.15,18.6898124632426,103.47843170166
1,56.16,18.693145763129,103.492736816406
1,56.17,18.6964790630154,103.516578674316
1,56.18,18.6998123629019,103.540420532227
1,56.19,18.7031456627883,103.583335876465
1,56.2,18.7064789626747,103.588104248047
1,56.21,18.7098122625612,103.588104248047
1,56.22,18.7131455624476,103.654861450195
1,56.23,18.716478862334,103.640556335449
1,56.24,18.7198121622205,103.683471679688
1,56.25,18.7231454621069,103.707313537598
1,56.26,18.7264787619933,103.731155395508
1,56.27,18.7298120618798,103.774070739746
1,56.28,18.7331453617662,103.793144226074
1,56.29,18.7364786616527,103.836059570313
1,56.3,18.7398119615391,103.883743286133
1,56.31,18.7431452614255,103.898048400879
1,56.32,18.746478561312,103.921890258789
1,56.33,18.7498118611984,103.960037231445
1,56.34,18.7531451610848,103.998184204102
1,56.35,18.7564784609713,104.04109954834
1,56.36,18.7598117608577,104.069709777832
1,56.37,18.7631450607441,104.098320007324
1,56.38,18.7664783606306,104.131698608398
1,56.39,18.769811660517,104.150772094727
1,56.4,18.7731449604034,104.179382324219
1,56.41,18.7764782602899,104.227066040039
1,56.42,18.7831448600627,104.255676269531
1,56.44,18.7864781599492,104.32243347168
1,56.45,18.7898114598356,104.341506958008
1,56.46,18.7931447597221,104.3701171875
1,56.47,18.7998113594949,104.403495788574
1,56.48,18.8031446593814,104.413032531738
1,56.5,18.8064779592678,104.498863220215
1,56.51,18.8098112591542,104.517936706543
1,56.52,18.8131445590407,104.565620422363
1,56.53,18.8164778589271,104.598999023438
1,56.54,18.8198111588135,104.632377624512
1,56.55,18.8231444587,104.680061340332
1,56.56,18.8264777585864,104.680061340332
1,56.57,18.8331443583593,104.761123657227
1,56.59,18.8364776582457,104.823112487793
1,56.6,18.8398109581321,104.885101318359
1,56.61,18.8431442580186,104.90894317627
1,56.62,18.8498108577915,104.951858520508
1,56.63,18.8531441576779,105.009078979492
1,56.64,18.8564774575643,105.037689208984
1,56.65,18.8598107574508,105.061531066895
1,56.66,18.8631440573372,105.118751525879
1,56.67,18.8664773572236,105.156898498535
1,56.68,18.8698106571101,105.180740356445
1,56.69,18.8731439569965,105.223655700684
1,56.7,18.8764772568829,105.247497558594
1,56.71,18.8798105567694,105.271339416504
1,56.72,18.8831438566558,105.323791503906
1,56.73,18.8864771565422,105.314254760742
1,56.74,18.8898104564287,105.366706848145
1,56.75,18.8931437563151,105.366706848145
1,56.76,18.8964770562015,105.428695678711
1,56.77,18.899810356088,105.447769165039
1,56.78,18.9031436559744,105.462074279785
1,56.79,18.9064769558609,105.495452880859
1,56.8,18.9098102557473,105.533599853516
1,56.81,18.9131435556337,105.56697845459
1,56.82,18.9164768555202,105.586051940918
1,56.83,18.9198101554066,105.633735656738
1,56.84,18.923143455293,105.66234588623
1,56.85,18.9264767551795,105.686187744141
1,56.86,18.9298100550659,105.724334716797
1,56.87,18.9331433549523,105.743408203125
1,56.88,18.9364766548388,105.776786804199
1,56.89,18.9398099547252,105.805397033691
1,56.9,18.9431432546116,105.84831237793
1,56.91,18.9464765544981,105.87215423584
1,56.92,18.9498098543845,105.876922607422
1,56.93,18.953143154271,105.938911437988
1,56.94,18.9564764541574,105.96752166748
1,56.95,18.9598097540438,105.991363525391
1,56.96,18.9631430539303,106.015205383301
1,56.97,18.9664763538167,106.053352355957
1,56.98,18.9698096537031,106.081962585449
1,56.99,18.9731429535896,106.110572814941
1,57,18.976476253476,106.139183044434
1,57.01,18.9798095533624,106.158256530762
1,57.02,18.9831428532489,106.186866760254
1,57.03,18.9864761531353,106.229782104492
1,57.04,18.9898094530217,106.234550476074
1,57.05,18.9931427529082,106.24885559082
1,57.06,18.9964760527946,106.287002563477
1,57.07,18.999809352681,106.325149536133
1,57.08,19.0031426525675,106.325149536133
1,57.09,19.0064759524539,106.377601623535
1,57.1,19.0098092523404,106.377601623535
1,57.11,19.0131425522268,106.425285339355
1,57.12,19.0164758521132,106.45866394043
1,57.13,19.0198091519997,106.501579284668
1,57.14,19.0231424518861,106.520652770996
1,57.15,19.0264757517725,106.558799743652
1,57.16,19.029809051659,106.587409973145
1,57.17,19.0331423515454,106.601715087891
1,57.18,19.0364756514318,106.654167175293
1,57.19,19.0398089513183,106.673240661621
1,57.2,19.0431422512047,106.701850891113
1,57.21,19.0464755510911,106.706619262695
1,57.22,19.0498088509776,106.754302978516
1,57.23,19.053142150864,106.759071350098
1,57.24,19.0564754507504,106.768608093262
1,57.25,19.0598087506369,106.801986694336
1,57.26,19.0631420505233,106.8115234375
1,57.27,19.0664753504097,106.825828552246
1,57.28,19.0698086502962,106.83536529541
1,57.29,19.0731419501826,106.873512268066
1,57.3,19.0764752500691,106.897354125977
1,57.31,19.0798085499555,106.897354125977
1,57.32,19.0831418498419,106.921195983887
1,57.33,19.0864751497284,106.949806213379
1,57.34,19.0898084496148,106.921195983887
1,57.35,19.0931417495012,106.964111328125
1,57.36,19.0964750493877,106.983184814453
1,57.37,19.0998083492741,106.983184814453
1,57.38,19.1031416491605,107.002258300781
1,57.39,19.106474949047,107.040405273438
1,57.4,19.1098082489334,107.035636901855
1,57.41,19.1131415488198,107.078552246094
1,57.42,19.1164748487063,107.09285736084
1,57.43,19.1198081485927,107.107162475586
1,57.44,19.1231414484791,107.135772705078
1,57.45,19.1264747483656,107.14054107666
1,57.46,19.129808048252,107.192993164063
1,57.47,19.1331413481385,107.231140136719
1,57.48,19.1364746480249,107.250213623047
1,57.49,19.1398079479113,107.274055480957
1,57.5,19.1431412477978,107.321739196777
1,57.51,19.1464745476842,107.331275939941
1,57.52,19.1498078475706,107.378959655762
1,57.53,19.1531411474571,107.383728027344
1,57.54,19.1564744473435,107.44571685791
1,57.55,19.1598077472299,107.455253601074
1,57.56,19.1631410471164,107.517242431641
1,57.57,19.1664743470028,107.526779174805
1,57.58,19.1698076468892,107.574462890625
1,57.59,19.1731409467757,107.574462890625
1,57.6,19.1764742466621,107.617378234863
1,57.61,19.1798075465485,107.641220092773
1,57.62,19.183140846435,107.650756835938
1,57.63,19.1864741463214,107.684135437012
1,57.64,19.1898074462079,107.712745666504
1,57.65,19.1931407460943,107.717514038086
1,57.66,19.1964740459807,107.741355895996
1,57.67,19.1998073458672,107.769966125488
1,57.68,19.2031406457536,107.769966125488
1,57.69,19.20647394564,107.812881469727
1,57.7,19.2098072455265,107.827186584473
1,57.71,19.2131405454129,107.874870300293
1,57.72,19.2164738452993,107.913017272949
1,57.73,19.2198071451858,107.917785644531
1,57.74,19.2231404450722,107.975006103516
1,57.75,19.2264737449586,108.00838470459
1,57.76,19.2298070448451,108.022689819336
1,57.77,19.2331403447315,108.07991027832
1,57.78,19.2364736446179,108.10375213623
1,57.79,19.2398069445044,108.160972595215
1,57.8,19.2431402443908,108.175277709961
1,57.81,19.2464735442773,108.227729797363
1,57.82,19.2498068441637,108.270645141602
1,57.83,19.2531401440501,108.304023742676
1,57.84,19.2564734439366,108.366012573242
1,57.85,19.259806743823,108.370780944824
1,57.86,19.2631400437094,108.413696289063
1,57.87,19.2664733435959,108.437538146973
1,57.88,19.2698066434823,108.489990234375
1,57.89,19.2731399433687,108.528137207031
1,57.9,19.2764732432552,108.537673950195
1,57.91,19.2798065431416,108.580589294434
1,57.92,19.283139843028,108.628273010254
1,57.93,19.2864731429145,108.637809753418
1,57.94,19.2898064428009,108.680725097656
1,57.95,19.2931397426873,108.680725097656
1,57.96,19.2964730425738,108.737945556641
1,57.97,19.2998063424602,108.785629272461
1,57.98,19.3031396423467,108.785629272461
1,57.99,19.3064729422331,108.842849731445
1,58,19.3098062421195,108.866691589355
1,58.01,19.313139542006,108.880996704102
1,58.02,19.3164728418924,108.909606933594
1,58.03,19.3198061417788,108.962059020996
1,58.04,19.3231394416653,109.000205993652
1,58.05,19.3264727415517,109.004974365234
1,58.06,19.3298060414381,109.052658081055
1,58.07,19.3331393413246,109.076499938965
1,58.08,19.336472641211,109.090805053711
1,58.09,19.3398059410974,109.152793884277
1,58.1,19.3431392409839,109.148025512695
1,58.11,19.3464725408703,109.195709228516
1,58.12,19.3498058407567,109.219551086426
1,58.13,19.3531391406432,109.224319458008
1,58.14,19.3564724405296,109.27677154541
1,58.15,19.3598057404161,109.305381774902
1,58.16,19.3631390403025,109.329223632813
1,58.17,19.3664723401889,109.348297119141
1,58.18,19.3698056400754,109.386444091797
1,58.19,19.3731389399618,109.400749206543
1,58.2,19.3764722398482,109.443664550781
1,58.21,19.3798055397347,109.472274780273
1,58.22,19.3831388396211,109.491348266602
1,58.23,19.3864721395075,109.51042175293
1,58.24,19.389805439394,109.548568725586
1,58.25,19.3931387392804,109.577178955078
1,58.26,19.3964720391668,109.610557556152
1,58.27,19.3998053390533,109.634399414063
1,58.28,19.4031386389397,109.672546386719
1,58.29,19.4064719388261,109.705924987793
1,58.3,19.4098052387126,109.710693359375
1,58.31,19.413138538599,109.758377075195
1,58.32,19.4164718384855,109.820365905762
1,58.33,19.4198051383719,109.829902648926
1,58.34,19.4231384382583,109.877586364746
1,58.35,19.4264717381448,109.891891479492
1,58.36,19.4298050380312,109.915733337402
1,58.37,19.4331383379176,109.968185424805
1,58.38,19.4364716378041,110.001564025879
1,58.39,19.4398049376905,110.044479370117
1,58.4,19.4431382375769,110.092163085938
1,58.41,19.4464715374634,110.135078430176
1,58.42,19.4498048373498,110.149383544922
1,58.43,19.4531381372362,110.206604003906
1,58.44,19.4564714371227,110.249519348145
1,58.45,19.4598047370091,110.263824462891
1,58.46,19.4631380368955,110.297203063965
1,58.47,19.466471336782,110.325813293457
1,58.48,19.4698046366684,110.373497009277
1,58.49,19.4731379365548,110.392570495605
1,58.5,19.4764712364413,110.392570495605
1,58.51,19.4798045363277,110.445022583008
1,58.52,19.4831378362142,110.4736328125
1,58.53,19.4864711361006,110.478401184082
1,58.54,19.489804435987,110.507011413574
1,58.55,19.4931377358735,110.526084899902
1,58.56,19.4964710357599,110.535621643066
1,58.57,19.4998043356463,110.578536987305
1,58.58,19.5031376355328,110.588073730469
1,58.59,19.5064709354192,110.602378845215
1,58.6,19.5098042353056,110.626220703125
1,58.61,19.5131375351921,110.626220703125
1,58.62,19.5164708350785,110.650062561035
1,58.63,19.5198041349649,110.688209533691
1,58.64,19.5231374348514,110.70728302002
1,58.65,19.5264707347378,110.712051391602
1,58.66,19.5298040346242,110.721588134766
1,58.67,19.5331373345107,110.774040222168
1,58.68,19.5364706343971,110.788345336914
1,58.69,19.5398039342836,110.80265045166
1,58.7,19.54313723417,110.831260681152
1,58.71,19.5464705340564,110.869407653809
1,58.72,19.5498038339429,110.912322998047
1,58.73,19.5531371338293,110.936164855957
1,58.74,19.5564704337157,110.964775085449
1,58.75,19.5598037336022,110.993385314941
1,58.76,19.5631370334886,111.031532287598
1,58.77,19.566470333375,111.06014251709
1,58.78,19.5698036332615,111.069679260254
1,58.79,19.5731369331479,111.112594604492
1,58.8,19.5764702330343,111.117362976074
1,58.81,19.5798035329208,111.165046691895
1,58.82,19.5831368328072,111.179351806641
1,58.83,19.5864701326936,111.207962036133
1,58.84,19.5898034325801,111.231803894043
1,58.85,19.5931367324665,111.231803894043
1,58.86,19.596470032353,111.279487609863
1,58.87,19.5998033322394,111.303329467773
1,58.88,19.6031366321258,111.308097839355
1,58.89,19.6064699320123,111.34147644043
1,58.9,19.6098032318987,111.370086669922
1,58.91,19.6131365317851,111.403465270996
1,58.92,19.6164698316716,111.432075500488
1,58.93,19.619803131558,111.427307128906
1,58.94,19.6231364314444,111.484527587891
1,58.95,19.6264697313309,111.532211303711
1,58.96,19.6298030312173,111.546516418457
1,58.97,19.6331363311037,111.603736877441
1,58.98,19.6364696309902,111.62281036377
1,58.99,19.6398029308766,111.680030822754
1,59,19.643136230763,111.67049407959
1,59.01,19.6464695306495,111.713409423828
1,59.02,19.6498028305359,111.71817779541
1,59.03,19.6531361304224,111.784934997559
1,59.04,19.6564694303088,111.808776855469
1,59.05,19.6598027301952,111.837387084961
1,59.06,19.6631360300817,111.846923828125
1,59.07,19.6664693299681,111.870765686035
1,59.08,19.6698026298545,111.894607543945
1,59.09,19.673135929741,111.92798614502
1,59.1,19.6764692296274,111.985206604004
1,59.11,19.6798025295138,111.989974975586
1,59.12,19.6831358294003,112.028121948242
1,59.13,19.6864691292867,112.051963806152
1,59.14,19.6898024291731,112.080574035645
1,59.15,19.6931357290596,112.137794494629
1,59.16,19.696469028946,112.171173095703
1,59.17,19.6998023288325,112.175941467285
1,59.18,19.7031356287189,112.214088439941
1,59.19,19.7064689286053,112.252235412598
1,59.2,19.7098022284918,112.276077270508
1,59.21,19.7131355283782,112.318992614746
1,59.22,19.7164688282646,112.347602844238
1,59.23,19.7198021281511,112.390518188477
1,59.24,19.7231354280375,112.423896789551
1,59.25,19.7264687279239,112.452507019043
1,59.26,19.7298020278104,112.485885620117
1,59.27,19.7331353276968,112.514495849609
1,59.28,19.7364686275832,112.533569335938
1,59.29,19.7398019274697,112.581253051758
1,59.3,19.7431352273561,112.619400024414
1,59.31,19.7464685272425,112.648010253906
1,59.32,19.749801827129,112.676620483398
1,59.33,19.7531351270154,112.719535827637
1,59.34,19.7564684269018,112.757682800293
1,59.35,19.7598017267883,112.791061401367
1,59.36,19.7631350266747,112.838745117188
1,59.37,19.7664683265612,112.862586975098
1,59.38,19.7698016264476,112.895965576172
1,59.39,19.773134926334,112.943649291992
1,59.4,19.7764682262205,112.972259521484
1,59.41,19.7798015261069,112.991333007813
1,59.42,19.7831348259933,113.024711608887
1,59.43,19.7864681258798,113.024711608887
1,59.44,19.7898014257662,113.081932067871
1,59.45,19.7931347256526,113.101005554199
1,59.46,19.7964680255391,113.105773925781
1,59.47,19.7998013254255,113.139152526855
1,59.48,19.8031346253119,113.167762756348
1,59.49,19.8064679251984,113.182067871094
1,59.5,19.8098012250848,113.22021484375
1,59.51,19.8131345249712,113.24405670166
1,59.52,19.8164678248577,113.24405670166
1,59.53,19.8198011247441,113.272666931152
1,59.54,19.8231344246306,113.325119018555
1,59.55,19.826467724517,113.315582275391
1,59.56,19.8298010244034,113.344192504883
1,59.57,19.8331343242899,113.382339477539
1,59.58,19.8364676241763,113.377571105957
1,59.59,19.8398009240627,113.434791564941
1,59.6,19.8431342239492,113.449096679688
1,59.61,19.8464675238356,113.463401794434
1,59.62,19.849800823722,113.511085510254
1,59.63,19.8531341236085,113.554000854492
1,59.64,19.8564674234949,113.558769226074
1,59.65,19.8598007233813,113.57307434082
1,59.66,19.8631340232678,113.639831542969
1,59.67,19.8664673231542,113.635063171387
1,59.68,19.8698006230406,113.677978515625
1,59.69,19.8731339229271,113.701820373535
1,59.7,19.8764672228135,113.735198974609
1,59.71,19.8798005227,113.75904083252
1,59.72,19.8831338225864,113.787651062012
1,59.73,19.8864671224728,113.801956176758
1,59.74,19.8898004223593,113.835334777832
1,59.75,19.8931337222457,113.849639892578
1,59.76,19.8964670221321,113.883018493652
1,59.77,19.8998003220186,113.916397094727
1,59.78,19.903133621905,113.968849182129
1,59.79,19.9064669217914,113.964080810547
1,59.8,19.9098002216779,114.016532897949
1,59.81,19.9131335215643,114.021301269531
1,59.82,19.9164668214507,114.045143127441
1,59.83,19.9198001213372,114.078521728516
1,59.84,19.9231334212236,114.116668701172
1,59.85,19.92646672111,114.107131958008
1,59.86,19.9298000209965,114.150047302246
1,59.87,19.9331333208829,114.164352416992
1,59.88,19.9364666207694,114.169120788574
1,59.89,19.9397999206558,114.20726776123
1,59.9,19.9431332205422,114.240646362305
1,59.91,19.9464665204287,114.245414733887
1,59.92,19.9497998203151,114.259719848633
1,59.93,19.9531331202015,114.274024963379
1,59.94,19.956466420088,114.297866821289
1,59.95,19.9597997199744,114.302635192871
1,59.96,19.9631330198608,114.336013793945
1,59.97,19.9664663197473,114.340782165527
1,59.98,19.9697996196337,114.364624023438
1,59.99,19.9731329195201,114.398002624512
1,60,19.9764662194066,114.402770996094
1,60.01,19.979799519293,114.41707611084
1,60.02,19.9831328191794,114.450454711914
1,60.03,19.9864661190659,114.474296569824
1,60.04,19.9897994189523,114.493370056152
1,60.05,19.9931327188388,114.48860168457
1,60.06,19.9964660187252,114.536285400391
1,60.07,19.9997993186116,114.550590515137
1,60.08,20.0031326184981,114.593505859375
1,60.09,20.0064659183845,114.598274230957
1,60.1,20.0097992182709,114.636421203613
1,60.11,20.0131325181574,114.650726318359
1,60.12,20.0164658180438,114.67456817627
1,60.13,20.0197991179302,114.72225189209
1,60.14,20.0231324178167,114.72225189209
1,60.15,20.0264657177031,114.755630493164
1,60.16,20.0297990175895,114.779472351074
1,60.17,20.033132317476,114.808082580566
1,60.18,20.0364656173624,114.860534667969
1,60.19,20.0397989172488,114.893913269043
1,60.2,20.0431322171353,114.893913269043
1,60.21,20.0464655170217,114.941596984863
1,60.22,20.0497988169082,114.955902099609
1,60.23,20.0531321167946,115.022659301758
1,60.24,20.056465416681,115.070343017578
1,60.25,20.0597987165675,115.094184875488
1,60.26,20.0631320164539,115.137100219727
1,60.27,20.0664653163403,115.151405334473
1,60.28,20.0697986162268,115.175247192383
1,60.29,20.0731319161132,115.227699279785
1,60.3,20.0764652159996,115.246772766113
1,60.31,20.0797985158861,115.251541137695
1,60.32,20.0831318157725,115.265846252441
1,60.33,20.0864651156589,115.270614624023
1,60.34,20.0897984155454,115.28491973877
1,60.35,20.0931317154318,115.280151367188
1,60.36,20.0964650153182,115.246772766113
1,60.37,20.0997983152047,115.270614624023
1,60.38,20.1031316150911,115.28491973877
1,60.39,20.1064649149776,115.256309509277
1,60.4,20.109798214864,115.270614624023
1,60.41,20.1131315147504,115.299224853516
1,60.42,20.1164648146369,115.289688110352
1,60.43,20.1197981145233,115.289688110352
1,60.44,20.1231314144097,115.303993225098
1,60.45,20.1264647142962,115.313529968262
1,60.46,20.133131314069,115.346908569336
1,60.48,20.1364646139555,115.38028717041
1,60.49,20.1397979138419,115.385055541992
1,60.5,20.1431312137283,115.408897399902
1,60.51,20.1464645136148,115.451812744141
1,60.52,20.1531311133876,115.461349487305
1,60.54,20.1564644132741,115.499496459961
1,60.55,20.163131013047,115.504264831543
1,60.56,20.1664643129334,115.542411804199
1,60.57,20.1697976128198,115.532875061035
1,60.59,20.1731309127063,115.556716918945
1,60.6,20.1797975124791,115.566253662109
1,60.61,20.1831308123656,115.594863891602
1,60.63,20.186464112252,115.623474121094
1,60.64,20.1931307120249,115.628242492676
1,60.65,20.1964640119113,115.647315979004
1,60.66,20.1997973117977,115.656852722168
1,60.67,20.2031306116842,115.675926208496
1,60.69,20.2064639115706,115.714073181152
1,60.7,20.2131305113435,115.728378295898
1,60.71,20.2164638112299,115.771293640137
1,60.72,20.2197971111164,115.776062011719
1,60.73,20.2231304110028,115.809440612793
1,60.74,20.2264637108892,115.838050842285
1,60.75,20.2297970107757,115.823745727539
1,60.76,20.2331303106621,115.866661071777
1,60.77,20.2364636105485,115.880966186523
1,60.78,20.239796910435,115.909576416016
1,60.79,20.2431302103214,115.91911315918
1,60.8,20.2464635102078,115.928649902344
1,60.81,20.2497968100943,115.962028503418
1,60.82,20.2531301099807,115.976333618164
1,60.83,20.2564634098671,115.985870361328
1,60.84,20.2597967097536,116.000175476074
1,60.85,20.26313000964,115.985870361328
1,60.86,20.2664633095264,116.004943847656
1,60.87,20.2697966094129,116.004943847656
1,60.88,20.2731299092993,116.033554077148
1,60.89,20.2764632091857,116.086006164551
1,60.9,20.2797965090722,116.071701049805
1,60.91,20.2831298089586,116.076469421387
1,60.92,20.2864631088451,116.109848022461
1,60.93,20.2897964087315,116.105079650879
1,60.94,20.2931297086179,116.147994995117
1,60.95,20.2964630085044,116.157531738281
1,60.96,20.2997963083908,116.171836853027
1,60.97,20.3031296082772,116.205215454102
1,60.98,20.3064629081637,116.243362426758
1,60.99,20.3097962080501,116.257667541504
1,61,20.3131295079365,116.286277770996
1,61.01,20.316462807823,116.281509399414
1,61.02,20.3197961077094,116.324424743652
1,61.03,20.3231294075958,116.353034973145
1,61.04,20.3264627074823,116.34349822998
1,61.05,20.3297960073687,116.419792175293
1,61.06,20.3331293072551,116.438865661621
1,61.07,20.3364626071416,116.453170776367
1,61.08,20.339795907028,116.496086120605
1,61.09,20.3431292069145,116.515159606934
1,61.1,20.3464625068009,116.524696350098
1,61.11,20.3497958066873,116.572380065918
1,61.12,20.3531291065738,116.586685180664
1,61.13,20.3564624064602,116.596221923828
1,61.14,20.3597957063466,116.643905639648
1,61.15,20.3631290062331,116.658210754395
1,61.16,20.3664623061195,116.667747497559
1,61.17,20.3697956060059,116.686820983887
1,61.18,20.3731289058924,116.705894470215
1,61.19,20.3764622057788,116.720199584961
1,61.2,20.3797955056652,116.720199584961
1,61.21,20.3831288055517,116.739273071289
1,61.22,20.3864621054381,116.734504699707
1,61.23,20.3897954053246,116.739273071289
1,61.24,20.393128705211,116.734504699707
1,61.25,20.3964620050974,116.758346557617
1,61.26,20.3997953049839,116.763114929199
1,61.27,20.4031286048703,116.744041442871
1,61.28,20.4064619047567,116.739273071289
1,61.29,20.4097952046432,116.758346557617
1,61.3,20.4131285045296,116.772651672363
1,61.31,20.416461804416,116.758346557617
1,61.32,20.4197951043025,116.767883300781
1,61.33,20.4231284041889,116.748809814453
1,61.34,20.4264617040753,116.763114929199
1,61.35,20.4297950039618,116.772651672363
1,61.36,20.4331283038482,116.739273071289
1,61.37,20.4364616037346,116.796493530273
1,61.38,20.4397949036211,116.791725158691
1,61.39,20.4431282035075,116.772651672363
1,61.4,20.446461503394,116.772651672363
1,61.41,20.4497948032804,116.782188415527
1,61.42,20.4531281031668,116.772651672363
1,61.43,20.4564614030533,116.796493530273
1,61.44,20.4597947029397,116.791725158691
1,61.45,20.4631280028261,116.767883300781
1,61.46,20.4664613027126,116.772651672363
1,61.47,20.469794602599,116.758346557617
1,61.48,20.4731279024854,116.753578186035
1,61.49,20.4764612023719,116.720199584961
1,61.5,20.4797945022583,116.729736328125
1,61.51,20.4831278021447,116.739273071289
1,61.52,20.4864611020312,116.710662841797
1,61.53,20.4897944019176,116.720199584961
1,61.54,20.493127701804,116.710662841797
1,61.55,20.4964610016905,116.710662841797
1,61.56,20.4997943015769,116.705894470215
1,61.57,20.5031276014633,116.720199584961
1,61.58,20.5064609013498,116.734504699707
1,61.59,20.5097942012362,116.734504699707
1,61.6,20.5131275011227,116.734504699707
1,61.61,20.5164608010091,116.748809814453
1,61.62,20.5197941008955,116.758346557617
1,61.63,20.523127400782,116.734504699707
1,61.64,20.5264607006684,116.753578186035
1,61.65,20.5297940005548,116.739273071289
1,61.66,20.5331273004413,116.720199584961
1,61.67,20.5364606003277,116.739273071289
1,61.68,20.5397939002141,116.748809814453
1,61.69,20.5431272001006,116.715431213379
1,61.7,20.546460499987,116.729736328125
1,61.71,20.5497937998734,116.729736328125
1,61.72,20.5531270997599,116.710662841797
1,61.73,20.5564603996463,116.715431213379
1,61.74,20.5597936995327,116.724967956543
1,61.75,20.5631269994192,116.705894470215
1,61.76,20.5664602993056,116.734504699707
1,61.77,20.5697935991921,116.748809814453
1,61.78,20.5731268990785,116.758346557617
1,61.79,20.5764601989649,116.782188415527
1,61.8,20.5797934988514,116.815567016602
1,61.81,20.5831267987378,116.83464050293
1,61.82,20.5864600986242,116.891860961914
1,61.83,20.5897933985107,116.877555847168
1,61.84,20.5931266983971,116.93000793457
1,61.85,20.5964599982835,116.944313049316
1,61.86,20.59979329817,116.958618164063
1,61.87,20.6031265980564,117.011070251465
1,61.88,20.6064598979428,117.001533508301
1,61.89,20.6097931978293,117.025375366211
1,61.9,20.6131264977157,117.053985595703
1,61.91,20.6164597976021,117.063522338867
1,61.92,20.6197930974886,117.053985595703
1,61.93,20.623126397375,117.106437683105
1,61.94,20.6264596972615,117.130279541016
1,61.95,20.6297929971479,117.106437683105
1,61.96,20.6331262970343,117.154121398926
1,61.97,20.6364595969208,117.154121398926
1,61.98,20.6397928968072,117.173194885254
1,61.99,20.6431261966936,117.182731628418
1,62,20.6464594965801,117.216110229492
1,62.01,20.6497927964665,117.249488830566
1,62.02,20.6531260963529,117.263793945313
1,62.03,20.6564593962394,117.301940917969
1,62.04,20.6597926961258,117.292404174805
1,62.05,20.6631259960122,117.325782775879
1,62.06,20.6664592958987,117.359161376953
1,62.07,20.6697925957851,117.359161376953
1,62.08,20.6731258956715,117.378234863281
1,62.09,20.676459195558,117.411613464355
1,62.1,20.6797924954444,117.411613464355
1,62.11,20.6831257953309,117.42115020752
1,62.12,20.6864590952173,117.435455322266
1,62.13,20.6897923951037,117.435455322266
1,62.14,20.6931256949902,117.464065551758
1,62.15,20.6964589948766,117.44499206543
1,62.16,20.699792294763,117.449760437012
1,62.17,20.7031255946495,117.449760437012
1,62.18,20.7064588945359,117.44499206543
1,62.19,20.7097921944223,117.449760437012
1,62.2,20.7131254943088,117.478370666504
1,62.21,20.7164587941952,117.473602294922
1,62.22,20.7197920940816,117.483139038086
1,62.23,20.7231253939681,117.502212524414
1,62.24,20.7264586938545,117.506980895996
1,62.25,20.729791993741,117.521286010742
1,62.26,20.7331252936274,117.56420135498
1,62.27,20.7364585935138,117.559432983398
1,62.28,20.7397918934003,117.588043212891
1,62.29,20.7431251932867,117.626190185547
1,62.3,20.7464584931731,117.635726928711
1,62.31,20.7497917930596,117.659568786621
1,62.32,20.753125092946,117.645263671875
1,62.33,20.7564583928324,117.673873901367
1,62.34,20.7597916927189,117.712020874023
1,62.35,20.7631249926053,117.712020874023
1,62.36,20.7664582924917,117.712020874023
1,62.37,20.7697915923782,117.72632598877
1,62.38,20.7731248922646,117.72632598877
1,62.39,20.776458192151,117.702484130859
1,62.4,20.7797914920375,117.740631103516
1,62.41,20.7831247919239,117.769241333008
1,62.42,20.7864580918103,117.769241333008
1,62.43,20.7897913916968,117.769241333008
1,62.44,20.7931246915832,117.82169342041
1,62.45,20.7964579914697,117.778778076172
1,62.46,20.7997912913561,117.84553527832
1,62.47,20.8031245912425,117.826461791992
1,62.48,20.806457891129,117.835998535156
1,62.49,20.8097911910154,117.883682250977
1,62.5,20.8131244909018,117.912292480469
1,62.51,20.8164577907883,117.883682250977
1,62.52,20.8197910906747,117.893218994141
1,62.53,20.8231243905611,117.931365966797
1,62.54,20.8264576904476,117.912292480469
1,62.55,20.829790990334,117.959976196289
1,62.56,20.8331242902204,117.959976196289
1,62.57,20.8364575901069,117.988586425781
1,62.58,20.8397908899933,117.988586425781
1,62.59,20.8431241898797,117.998123168945
1,62.6,20.8464574897662,118.036270141602
1,62.61,20.8497907896526,118.026733398438
1,62.62,20.8531240895391,118.026733398438
1,62.63,20.8564573894255,118.05534362793
1,62.64,20.8597906893119,118.064880371094
1,62.65,20.8631239891984,118.036270141602
1,62.66,20.8664572890848,118.093490600586
1,62.67,20.8697905889712,118.064880371094
1,62.68,20.8731238888577,118.083953857422
1,62.69,20.8764571887441,118.10302734375
1,62.7,20.8797904886305,118.112564086914
1,62.71,20.883123788517,118.112564086914
1,62.72,20.8864570884034,118.131637573242
1,62.73,20.8897903882898,118.160247802734
1,62.74,20.8931236881763,118.179321289063
1,62.75,20.8964569880627,118.188858032227
1,62.76,20.8997902879491,118.141174316406
1,62.77,20.9031235878356,118.188858032227
1,62.78,20.906456887722,118.179321289063
1,62.79,20.9097901876085,118.198394775391
1,62.8,20.9131234874949,118.236541748047
1,62.81,20.9164567873813,118.217468261719
1,62.82,20.9197900872678,118.265151977539
1,62.83,20.9231233871542,118.274688720703
1,62.84,20.9264566870406,118.274688720703
1,62.85,20.9297899869271,118.284225463867
1,62.86,20.9331232868135,118.274688720703
1,62.87,20.9364565866999,118.322372436523
1,62.88,20.9397898865864,118.322372436523
1,62.89,20.9431231864728,118.303298950195
1,62.9,20.9464564863592,118.331909179688
1,62.91,20.9497897862457,118.36051940918
1,62.92,20.9531230861321,118.331909179688
1,62.93,20.9564563860185,118.341445922852
1,62.94,20.959789685905,118.341445922852
1,62.95,20.9631229857914,118.36051940918
1,62.96,20.9664562856779,118.322372436523
1,62.97,20.9697895855643,118.36051940918
1,62.98,20.9731228854507,118.331909179688
1,62.99,20.9764561853372,118.312835693359
1,63,20.9797894852236,118.331909179688
1,63.01,20.98312278511,118.312835693359
1,63.02,20.9864560849965,118.322372436523
1,63.03,20.9897893848829,118.284225463867
1,63.04,20.9931226847693,118.293762207031
1,63.05,20.9964559846558,118.322372436523
1,63.06,20.9997892845422,118.303298950195
1,63.07,21.0031225844286,118.265151977539
1,63.08,21.0064558843151,118.265151977539
1,63.09,21.0097891842015,118.255615234375
1,63.1,21.0131224840879,118.217468261719
1,63.11,21.0164557839744,118.236541748047
1,63.12,21.0197890838608,118.198394775391
1,63.13,21.0231223837473,118.188858032227
1,63.14,21.0264556836337,118.169784545898
1,63.15,21.0297889835201,118.160247802734
1,63.16,21.0331222834066,118.131637573242
1,63.17,21.036455583293,118.112564086914
1,63.18,21.0397888831794,118.112564086914
1,63.19,21.0431221830659,118.093490600586
1,63.2,21.0464554829523,118.074417114258
1,63.21,21.0497887828387,118.10302734375
1,63.22,21.0531220827252,118.10302734375
1,63.23,21.0564553826116,118.083953857422
1,63.24,21.059788682498,118.093490600586
1,63.25,21.0631219823845,118.083953857422
1,63.26,21.0664552822709,118.112564086914
1,63.27,21.0697885821573,118.122100830078
1,63.28,21.0731218820438,118.15071105957
1,63.29,21.0764551819302,118.112564086914
1,63.3,21.0797884818166,118.141174316406
1,63.31,21.0831217817031,118.064880371094
1,63.32,21.0864550815895,118.131637573242
1,63.33,21.089788381476,118.122100830078
1,63.34,21.0931216813624,118.122100830078
1,63.35,21.0964549812488,118.083953857422
1,63.36,21.0997882811353,118.122100830078
1,63.37,21.1031215810217,118.093490600586
1,63.38,21.1064548809081,118.093490600586
1,63.39,21.1097881807946,118.05534362793
1,63.4,21.113121480681,118.064880371094
1,63.41,21.1164547805674,118.093490600586
1,63.42,21.1197880804539,118.045806884766
1,63.43,21.1231213803403,118.05534362793
1,63.44,21.1264546802267,118.017196655273
1,63.45,21.1297879801132,118.064880371094
1,63.46,21.1331212799996,118.093490600586
1,63.47,21.1364545798861,118.083953857422
1,63.48,21.1397878797725,118.05534362793
1,63.49,21.1431211796589,118.026733398438
1,63.5,21.1464544795454,118.036270141602
1,63.51,21.1497877794318,118.064880371094
1,63.52,21.1531210793182,118.064880371094
1,63.53,21.1564543792047,118.083953857422
1,63.54,21.1597876790911,118.064880371094
1,63.55,21.1631209789775,118.064880371094
1,63.56,21.166454278864,118.036270141602
1,63.57,21.1697875787504,118.017196655273
1,63.58,21.1731208786368,118.017196655273
1,63.59,21.1764541785233,117.988586425781
1,63.6,21.1797874784097,118.017196655273
1,63.61,21.1831207782961,117.969512939453
1,63.62,21.1864540781826,117.959976196289
1,63.63,21.189787378069,117.921829223633
1,63.64,21.1931206779554,117.902755737305
1,63.65,21.1964539778419,117.883682250977
1,63.66,21.1997872777283,117.855072021484
1,63.67,21.2031205776148,117.835998535156
1,63.68,21.2064538775012,117.835998535156
1,63.69,21.2097871773876,117.7978515625
1,63.7,21.2131204772741,117.807388305664
1,63.71,21.2164537771605,117.764472961426
1,63.72,21.2197870770469,117.735862731934
1,63.73,21.2231203769334,117.683410644531
1,63.74,21.2264536768198,117.673873901367
1,63.75,21.2297869767062,117.659568786621
1,63.76,21.2331202765927,117.626190185547
1,63.77,21.2364535764791,117.607116699219
1,63.78,21.2397868763655,117.573738098145
1,63.79,21.243120176252,117.535591125488
1,63.8,21.2464534761384,117.506980895996
1,63.81,21.2497867760248,117.459297180176
1,63.82,21.2531200759113,117.430686950684
1,63.83,21.2564533757977,117.402076721191
1,63.84,21.2597866756842,117.387771606445
1,63.85,21.2631199755706,117.335319519043
1,63.86,21.266453275457,117.306709289551
1,63.87,21.2697865753435,117.268562316895
1,63.88,21.2731198752299,117.216110229492
1,63.89,21.2764531751163,117.168426513672
1,63.9,21.2797864750028,117.120742797852
1,63.91,21.2831197748892,117.087364196777
1,63.92,21.2864530747756,117.049217224121
1,63.93,21.2897863746621,117.025375366211
1,63.94,21.2931196745485,116.958618164063
1,63.95,21.2964529744349,116.93000793457
1,63.96,21.2997862743214,116.863250732422
1,63.97,21.3031195742078,116.83464050293
1,63.98,21.3064528740942,116.791725158691
1,63.99,21.3097861739807,116.739273071289
1,64,21.3131194738671,116.691589355469
1,64.01,21.3164527737536,116.653442382813
1,64.02,21.31978607364,116.60099029541
1,64.03,21.3231193735264,116.5771484375
1,64.04,21.3264526734129,116.496086120605
1,64.05,21.3297859732993,116.462707519531
1,64.06,21.3331192731857,116.429328918457
1,64.07,21.3364525730722,116.362571716309
1,64.08,21.3397858729586,116.338729858398
1,64.09,21.343119172845,116.252899169922
1,64.1,21.3464524727315,116.22428894043
1,64.11,21.3497857726179,116.20044708252
1,64.12,21.3531190725043,116.128921508789
1,64.13,21.3564523723908,116.109848022461
1,64.14,21.3597856722772,116.066932678223
1,64.15,21.3631189721636,116.004943847656
1,64.16,21.3664522720501,115.962028503418
1,64.17,21.3697855719365,115.904808044434
1,64.18,21.373118871823,115.857124328613
1,64.19,21.3797854715958,115.804672241211
1,64.2,21.3831187714823,115.756988525391
1,64.22,21.3897853712551,115.647315979004
1,64.23,21.3931186711416,115.561485290527
1,64.24,21.396451971028,115.513801574707
1,64.25,21.3997852709144,115.451812744141
1,64.26,21.4031185708009,115.346908569336
1,64.28,21.4064518706873,115.246772766113
1,64.29,21.4131184704602,115.170478820801
