ééå±âÒêî,éûä‘[sec],à⁄ìÆó [mm],â◊èd[N]
1,0.01,0,5.96046447753906E-03
1,0.23,3.33329988643527E-03,-1.19209289550781E-02
1,0.24,6.66659977287054E-03,-1.13248825073242E-02
1,0.26,9.99989965930581E-03,-1.43051147460938E-02
1,0.27,1.66664994321764E-02,-1.43051147460938E-02
1,0.29,1.99997993186116E-02,-9.5367431640625E-03
1,0.3,2.33330992050469E-02,-6.55651092529297E-03
1,0.31,2.66663990914822E-02,-3.57627868652344E-03
1,0.32,2.99996989779174E-02,-5.96046447753906E-04
1,0.33,3.33329988643527E-02,0
1,0.34,0.036666298750788,2.38418579101563E-03
1,0.35,3.99995986372232E-02,-1.78813934326172E-03
1,0.36,4.33328985236585E-02,0
1,0.37,4.66661984100938E-02,-2.98023223876953E-03
1,0.38,4.99994982965291E-02,-2.38418579101563E-03
1,0.39,5.33327981829643E-02,-5.36441802978516E-03
1,0.4,5.66660980693996E-02,-7.74860382080078E-03
1,0.41,5.99993979558349E-02,-5.96046447753906E-03
1,0.42,6.33326978422702E-02,-2.98023223876953E-03
1,0.43,6.66659977287054E-02,-5.36441802978516E-03
1,0.44,6.99992976151407E-02,-4.17232513427734E-03
1,0.45,7.33325975015759E-02,-4.76837158203125E-03
1,0.46,7.66658973880112E-02,-5.96046447753906E-03
1,0.47,7.99991972744465E-02,-7.74860382080078E-03
1,0.48,8.33324971608818E-02,-4.17232513427734E-03
1,0.49,0.086665797047317,-5.96046447753906E-04
1,0.5,8.99990969337523E-02,-4.76837158203125E-03
1,0.51,9.33323968201876E-02,-3.57627868652344E-03
1,0.52,9.66656967066228E-02,-1.78813934326172E-03
1,0.53,9.99989965930581E-02,-2.38418579101563E-03
1,0.54,0.103332296479493,-4.76837158203125E-03
1,0.55,0.109998896252364,-7.15255737304688E-03
1,0.57,0.113332196138799,-9.5367431640625E-03
1,0.58,0.116665496025234,-8.94069671630859E-03
1,0.59,0.11999879591167,-8.94069671630859E-03
1,0.6,0.12666539568454,-9.5367431640625E-03
1,0.61,0.129998695570976,-1.43051147460938E-02
1,0.63,0.133331995457411,-1.60932540893555E-02
1,0.64,0.139998595230281,-1.49011611938477E-02
1,0.65,0.143331895116717,-1.37090682983398E-02
1,0.66,0.146665195003152,-1.07288360595703E-02
1,0.67,0.149998494889587,-1.13248825073242E-02
1,0.69,0.153331794776022,-1.31130218505859E-02
1,0.7,0.159998394548893,-1.60932540893555E-02
1,0.71,0.163331694435328,-1.07288360595703E-02
1,0.72,0.166664994321764,-1.31130218505859E-02
1,0.73,0.169998294208199,-1.43051147460938E-02
1,0.74,0.173331594094634,-1.96695327758789E-02
1,0.75,0.176664893981069,-1.66893005371094E-02
1,0.76,0.179998193867505,-1.78813934326172E-02
1,0.77,0.18333149375394,-1.60932540893555E-02
1,0.78,0.186664793640375,-1.37090682983398E-02
1,0.79,0.18999809352681,-1.60932540893555E-02
1,0.8,0.193331393413246,-0.019073486328125
1,0.81,0.196664693299681,-1.31130218505859E-02
1,0.82,0.199997993186116,-9.5367431640625E-03
1,0.83,0.203331293072552,-1.07288360595703E-02
1,0.84,0.206664592958987,-7.15255737304688E-03
1,0.85,0.209997892845422,-8.34465026855469E-03
1,0.86,0.213331192731857,-8.34465026855469E-03
1,0.87,0.216664492618293,-1.13248825073242E-02
1,0.88,0.219997792504728,-1.07288360595703E-02
1,0.89,0.223331092391163,-8.94069671630859E-03
1,0.9,0.226664392277598,-1.01327896118164E-02
1,0.91,0.229997692164034,-1.07288360595703E-02
1,0.92,0.233330992050469,-1.19209289550781E-02
1,0.93,0.236664291936904,-1.01327896118164E-02
1,0.94,0.239997591823339,-7.74860382080078E-03
1,0.95,0.243330891709775,-4.76837158203125E-03
1,0.96,0.24666419159621,-6.55651092529297E-03
1,0.97,0.249997491482645,-7.15255737304688E-03
1,0.98,0.253330791369081,-1.01327896118164E-02
1,0.99,0.256664091255516,-8.94069671630859E-03
1,1,0.259997391141951,-4.76837158203125E-03
1,1.01,0.263330691028386,-4.76837158203125E-03
1,1.02,0.266663990914822,-5.36441802978516E-03
1,1.03,0.269997290801257,-5.96046447753906E-03
1,1.04,0.273330590687692,-6.55651092529297E-03
1,1.05,0.276663890574127,-6.55651092529297E-03
1,1.06,0.279997190460563,-6.55651092529297E-03
1,1.07,0.283330490346998,-4.17232513427734E-03
1,1.08,0.286663790233433,-3.57627868652344E-03
1,1.09,0.289997090119869,-3.57627868652344E-03
1,1.1,0.293330390006304,-7.74860382080078E-03
1,1.11,0.296663689892739,-6.55651092529297E-03
1,1.12,0.299996989779174,-9.5367431640625E-03
1,1.13,0.30333028966561,-1.19209289550781E-02
1,1.14,0.306663589552045,-1.07288360595703E-02
1,1.15,0.30999688943848,-1.43051147460938E-02
1,1.16,0.313330189324915,-1.60932540893555E-02
1,1.17,0.316663489211351,-1.54972076416016E-02
1,1.18,0.319996789097786,-1.49011611938477E-02
1,1.19,0.323330088984221,-1.37090682983398E-02
1,1.2,0.326663388870657,-1.07288360595703E-02
1,1.21,0.329996688757092,-1.19209289550781E-02
1,1.22,0.333329988643527,-9.5367431640625E-03
1,1.23,0.336663288529962,-6.55651092529297E-03
1,1.24,0.339996588416398,-8.34465026855469E-03
1,1.25,0.343329888302833,-3.57627868652344E-03
1,1.26,0.346663188189268,-3.57627868652344E-03
1,1.27,0.349996488075703,-4.76837158203125E-03
1,1.28,0.353329787962139,-5.96046447753906E-04
1,1.29,0.356663087848574,-5.96046447753906E-04
1,1.3,0.359996387735009,0
1,1.31,0.363329687621445,3.57627868652344E-03
1,1.32,0.36666298750788,4.17232513427734E-03
1,1.33,0.369996287394315,5.36441802978516E-03
1,1.34,0.37332958728075,1.78813934326172E-03
1,1.35,0.376662887167186,4.17232513427734E-03
1,1.36,0.379996187053621,4.17232513427734E-03
1,1.37,0.383329486940056,2.38418579101563E-03
1,1.38,0.386662786826491,5.96046447753906E-04
1,1.39,0.389996086712927,1.19209289550781E-03
1,1.4,0.393329386599362,2.38418579101563E-03
1,1.41,0.396662686485797,5.96046447753906E-04
1,1.42,0.399995986372232,-5.96046447753906E-04
1,1.43,0.403329286258668,-1.78813934326172E-03
1,1.44,0.406662586145103,-2.38418579101563E-03
1,1.45,0.409995886031538,-4.76837158203125E-03
1,1.46,0.413329185917974,-4.17232513427734E-03
1,1.47,0.416662485804409,-5.36441802978516E-03
1,1.48,0.419995785690844,-2.38418579101563E-03
1,1.49,0.423329085577279,-1.78813934326172E-03
1,1.5,0.426662385463715,0
1,1.51,0.42999568535015,-2.38418579101563E-03
1,1.52,0.433328985236585,-4.17232513427734E-03
1,1.53,0.43666228512302,-4.17232513427734E-03
1,1.54,0.439995585009456,-5.36441802978516E-03
1,1.55,0.443328884895891,-6.55651092529297E-03
1,1.56,0.446662184782326,-5.36441802978516E-03
1,1.57,0.449995484668762,-5.96046447753906E-03
1,1.58,0.453328784555197,-7.15255737304688E-03
1,1.59,0.456662084441632,-5.96046447753906E-03
1,1.6,0.459995384328067,-7.15255737304688E-03
1,1.61,0.463328684214503,-2.38418579101563E-03
1,1.62,0.466661984100938,-2.38418579101563E-03
1,1.63,0.469995283987373,-5.36441802978516E-03
1,1.64,0.473328583873808,-5.36441802978516E-03
1,1.65,0.476661883760244,-7.74860382080078E-03
1,1.66,0.479995183646679,-4.76837158203125E-03
1,1.67,0.483328483533114,-7.15255737304688E-03
1,1.68,0.48666178341955,-9.5367431640625E-03
1,1.69,0.489995083305985,-1.31130218505859E-02
1,1.7,0.49332838319242,-1.37090682983398E-02
1,1.71,0.496661683078855,-1.37090682983398E-02
1,1.72,0.499994982965291,-1.54972076416016E-02
1,1.73,0.503328282851726,-1.43051147460938E-02
1,1.74,0.506661582738161,-1.19209289550781E-02
1,1.75,0.509994882624596,-1.37090682983398E-02
1,1.76,0.513328182511032,-1.13248825073242E-02
1,1.77,0.516661482397467,-5.96046447753906E-03
1,1.78,0.519994782283902,-5.96046447753906E-03
1,1.79,0.523328082170337,-8.94069671630859E-03
1,1.8,0.526661382056773,-4.17232513427734E-03
1,1.81,0.529994681943208,-6.55651092529297E-03
1,1.82,0.533327981829643,0
1,1.83,0.536661281716079,-1.19209289550781E-03
1,1.84,0.539994581602514,2.38418579101563E-03
1,1.85,0.543327881488949,2.98023223876953E-03
1,1.86,0.546661181375384,5.36441802978516E-03
1,1.87,0.54999448126182,8.34465026855469E-03
1,1.88,0.553327781148255,7.15255737304688E-03
1,1.89,0.55666108103469,1.01327896118164E-02
1,1.9,0.559994380921125,1.13248825073242E-02
1,1.91,0.563327680807561,1.07288360595703E-02
1,1.92,0.566660980693996,1.13248825073242E-02
1,1.93,0.569994280580431,1.13248825073242E-02
1,1.94,0.573327580466866,1.07288360595703E-02
1,1.95,0.576660880353302,8.94069671630859E-03
1,1.96,0.579994180239737,8.94069671630859E-03
1,1.97,0.583327480126172,8.94069671630859E-03
1,1.98,0.586660780012608,1.13248825073242E-02
1,1.99,0.589994079899043,6.55651092529297E-03
1,2,0.593327379785478,7.15255737304688E-03
1,2.01,0.596660679671913,4.17232513427734E-03
1,2.02,0.599993979558349,4.17232513427734E-03
1,2.03,0.603327279444784,1.19209289550781E-03
1,2.04,0.606660579331219,2.38418579101563E-03
1,2.05,0.609993879217654,1.19209289550781E-03
1,2.06,0.61332717910409,4.17232513427734E-03
1,2.07,0.616660478990525,5.96046447753906E-03
1,2.08,0.61999377887696,4.17232513427734E-03
1,2.09,0.623327078763396,5.96046447753906E-03
1,2.1,0.626660378649831,5.36441802978516E-03
1,2.11,0.629993678536266,8.94069671630859E-03
1,2.12,0.633326978422701,3.57627868652344E-03
1,2.13,0.636660278309137,2.98023223876953E-03
1,2.14,0.639993578195572,3.57627868652344E-03
1,2.15,0.643326878082007,-5.96046447753906E-04
1,2.16,0.646660177968442,-2.98023223876953E-03
1,2.17,0.649993477854878,-5.36441802978516E-03
1,2.18,0.653326777741313,-9.5367431640625E-03
1,2.19,0.656660077627748,-5.36441802978516E-03
1,2.2,0.659993377514184,-7.15255737304688E-03
1,2.21,0.663326677400619,-1.13248825073242E-02
1,2.22,0.666659977287054,-8.94069671630859E-03
1,2.23,0.669993277173489,-7.15255737304688E-03
1,2.24,0.673326577059925,-1.13248825073242E-02
1,2.25,0.67665987694636,-1.07288360595703E-02
1,2.26,0.679993176832795,-8.34465026855469E-03
1,2.27,0.68332647671923,-1.19209289550781E-02
1,2.28,0.686659776605666,-9.5367431640625E-03
1,2.29,0.689993076492101,-1.19209289550781E-02
1,2.3,0.693326376378536,-1.43051147460938E-02
1,2.31,0.696659676264971,-1.31130218505859E-02
1,2.32,0.699992976151407,-1.37090682983398E-02
1,2.33,0.703326276037842,-0.012516975402832
1,2.34,0.706659575924277,-1.01327896118164E-02
1,2.35,0.709992875810713,-1.01327896118164E-02
1,2.36,0.713326175697148,-1.43051147460938E-02
1,2.37,0.716659475583583,-1.31130218505859E-02
1,2.38,0.719992775470018,-7.74860382080078E-03
1,2.39,0.723326075356454,-9.5367431640625E-03
1,2.4,0.726659375242889,-8.94069671630859E-03
1,2.41,0.729992675129324,-9.5367431640625E-03
1,2.42,0.733325975015759,-9.5367431640625E-03
1,2.43,0.736659274902195,-9.5367431640625E-03
1,2.44,0.73999257478863,-8.34465026855469E-03
1,2.45,0.743325874675065,-9.5367431640625E-03
1,2.46,0.746659174561501,-8.34465026855469E-03
1,2.47,0.749992474447936,-7.15255737304688E-03
1,2.48,0.753325774334371,-7.74860382080078E-03
1,2.49,0.756659074220806,-8.34465026855469E-03
1,2.5,0.759992374107242,-5.96046447753906E-03
1,2.51,0.763325673993677,-3.57627868652344E-03
1,2.52,0.766658973880112,-6.55651092529297E-03
1,2.53,0.769992273766547,-7.15255737304688E-03
1,2.54,0.773325573652983,-7.15255737304688E-03
1,2.55,0.776658873539418,-5.96046447753906E-03
1,2.56,0.779992173425853,-7.74860382080078E-03
1,2.57,0.783325473312289,-7.15255737304688E-03
1,2.58,0.786658773198724,-5.36441802978516E-03
1,2.59,0.789992073085159,-4.76837158203125E-03
1,2.6,0.793325372971594,-6.55651092529297E-03
1,2.61,0.79665867285803,-8.34465026855469E-03
1,2.62,0.799991972744465,-8.94069671630859E-03
1,2.63,0.8033252726309,-6.55651092529297E-03
1,2.64,0.806658572517335,-3.57627868652344E-03
1,2.65,0.809991872403771,-3.57627868652344E-03
1,2.66,0.813325172290206,0
1,2.67,0.816658472176641,2.38418579101563E-03
1,2.68,0.819991772063077,2.38418579101563E-03
1,2.69,0.823325071949512,8.34465026855469E-03
1,2.7,0.826658371835947,5.96046447753906E-03
1,2.71,0.829991671722382,5.36441802978516E-03
1,2.72,0.833324971608818,8.34465026855469E-03
1,2.73,0.836658271495253,5.96046447753906E-03
1,2.74,0.839991571381688,1.01327896118164E-02
1,2.75,0.843324871268123,7.15255737304688E-03
1,2.76,0.846658171154559,2.38418579101563E-03
1,2.77,0.849991471040994,0
1,2.78,0.853324770927429,5.96046447753906E-04
1,2.79,0.856658070813864,0
1,2.8,0.8599913707003,2.38418579101563E-03
1,2.81,0.863324670586735,0
1,2.82,0.86665797047317,-4.76837158203125E-03
1,2.83,0.869991270359606,-8.34465026855469E-03
1,2.84,0.873324570246041,-1.13248825073242E-02
1,2.85,0.876657870132476,-1.43051147460938E-02
1,2.86,0.879991170018911,-1.43051147460938E-02
1,2.87,0.883324469905347,-1.66893005371094E-02
1,2.88,0.886657769791782,-1.49011611938477E-02
1,2.89,0.889991069678217,-1.60932540893555E-02
1,2.9,0.893324369564652,-2.20537185668945E-02
1,2.91,0.896657669451088,-2.14576721191406E-02
1,2.92,0.899990969337523,-2.14576721191406E-02
1,2.93,0.903324269223958,-2.32458114624023E-02
1,2.94,0.906657569110394,-2.20537185668945E-02
1,2.95,0.909990868996829,-2.08616256713867E-02
1,2.96,0.913324168883264,-1.66893005371094E-02
1,2.97,0.916657468769699,-2.02655792236328E-02
1,2.98,0.919990768656135,-0.019073486328125
1,2.99,0.92332406854257,-1.31130218505859E-02
1,3,0.926657368429005,-1.31130218505859E-02
1,3.01,0.92999066831544,-8.34465026855469E-03
1,3.02,0.933323968201876,-1.13248825073242E-02
1,3.03,0.936657268088311,-5.36441802978516E-03
1,3.04,0.939990567974746,-2.38418579101563E-03
1,3.05,0.943323867861182,4.76837158203125E-03
1,3.06,0.946657167747617,2.98023223876953E-03
1,3.07,0.949990467634052,7.74860382080078E-03
1,3.08,0.953323767520487,7.74860382080078E-03
1,3.09,0.956657067406923,6.55651092529297E-03
1,3.1,0.959990367293358,5.36441802978516E-03
1,3.11,0.963323667179793,7.74860382080078E-03
1,3.12,0.966656967066228,6.55651092529297E-03
1,3.13,0.969990266952664,9.5367431640625E-03
1,3.14,0.973323566839099,1.01327896118164E-02
1,3.15,0.976656866725534,1.31130218505859E-02
1,3.16,0.979990166611969,1.37090682983398E-02
1,3.17,0.983323466498405,1.07288360595703E-02
1,3.18,0.98665676638484,0.012516975402832
1,3.19,0.989990066271275,1.01327896118164E-02
1,3.2,0.993323366157711,1.07288360595703E-02
1,3.21,0.996656666044146,7.15255737304688E-03
1,3.22,0.999989965930581,9.5367431640625E-03
1,3.23,1.00332326581702,5.96046447753906E-03
1,3.24,1.00665656570345,8.34465026855469E-03
1,3.25,1.00998986558989,6.55651092529297E-03
1,3.26,1.01332316547632,0
1,3.27,1.01665646536276,-2.38418579101563E-03
1,3.28,1.01998976524919,-6.55651092529297E-03
1,3.29,1.02332306513563,-4.17232513427734E-03
1,3.3,1.02665636502206,-4.76837158203125E-03
1,3.31,1.0299896649085,-5.96046447753906E-03
1,3.32,1.03332296479493,-6.55651092529297E-03
1,3.33,1.03665626468137,-5.96046447753906E-03
1,3.34,1.0399895645678,-7.15255737304688E-03
1,3.35,1.04332286445424,-8.34465026855469E-03
1,3.36,1.04665616434067,-8.34465026855469E-03
1,3.37,1.04998946422711,-8.34465026855469E-03
1,3.38,1.05332276411355,-1.01327896118164E-02
1,3.39,1.05665606399998,-7.74860382080078E-03
1,3.4,1.05998936388642,-4.76837158203125E-03
1,3.41,1.06332266377285,-5.96046447753906E-03
1,3.42,1.06665596365929,-5.36441802978516E-03
1,3.43,1.06998926354572,-5.96046447753906E-03
1,3.44,1.07332256343216,-4.17232513427734E-03
1,3.45,1.07665586331859,-5.36441802978516E-03
1,3.46,1.07998916320503,-6.55651092529297E-03
1,3.47,1.08332246309146,-7.15255737304688E-03
1,3.48,1.0866557629779,-6.55651092529297E-03
1,3.49,1.08998906286433,-1.07288360595703E-02
1,3.5,1.09332236275077,-0.012516975402832
1,3.51,1.0966556626372,-1.37090682983398E-02
1,3.52,1.09998896252364,-1.54972076416016E-02
1,3.53,1.10332226241007,-1.13248825073242E-02
1,3.54,1.10665556229651,-0.012516975402832
1,3.55,1.10998886218295,-0.012516975402832
1,3.56,1.11332216206938,-8.94069671630859E-03
1,3.57,1.11665546195582,-1.13248825073242E-02
1,3.58,1.11998876184225,-5.36441802978516E-03
1,3.59,1.12332206172869,-7.15255737304688E-03
1,3.6,1.12665536161512,-5.36441802978516E-03
1,3.61,1.12998866150156,-5.36441802978516E-03
1,3.62,1.13332196138799,-4.17232513427734E-03
1,3.63,1.13665526127443,-1.19209289550781E-03
1,3.64,1.13998856116086,-1.19209289550781E-03
1,3.65,1.1433218610473,5.96046447753906E-04
1,3.66,1.14665516093373,2.98023223876953E-03
1,3.67,1.14998846082017,2.38418579101563E-03
1,3.68,1.1533217607066,3.57627868652344E-03
1,3.69,1.15665506059304,7.15255737304688E-03
1,3.7,1.15998836047947,5.96046447753906E-03
1,3.71,1.16332166036591,7.74860382080078E-03
1,3.72,1.16665496025234,8.94069671630859E-03
1,3.73,1.16998826013878,0.012516975402832
1,3.74,1.17332156002522,0.012516975402832
1,3.75,1.17665485991165,1.13248825073242E-02
1,3.76,1.17998815979809,1.66893005371094E-02
1,3.77,1.18332145968452,1.19209289550781E-02
1,3.78,1.18665475957096,1.43051147460938E-02
1,3.79,1.18998805945739,0.012516975402832
1,3.8,1.19332135934383,1.01327896118164E-02
1,3.81,1.19665465923026,0.012516975402832
1,3.82,1.1999879591167,1.31130218505859E-02
1,3.83,1.20332125900313,1.37090682983398E-02
1,3.84,1.20665455888957,1.49011611938477E-02
1,3.85,1.209987858776,1.49011611938477E-02
1,3.86,1.21332115866244,1.37090682983398E-02
1,3.87,1.21665445854887,1.43051147460938E-02
1,3.88,1.21998775843531,0.012516975402832
1,3.89,1.22332105832174,1.13248825073242E-02
1,3.9,1.22665435820818,1.07288360595703E-02
1,3.91,1.22998765809461,8.34465026855469E-03
1,3.92,1.23332095798105,8.34465026855469E-03
1,3.93,1.23665425786749,5.96046447753906E-03
1,3.94,1.23998755775392,4.17232513427734E-03
1,3.95,1.24332085764036,4.17232513427734E-03
1,3.96,1.24998745741323,4.17232513427734E-03
1,3.98,1.25332075729966,5.96046447753906E-04
1,3.99,1.2566540571861,-1.19209289550781E-03
1,4,1.25998735707253,2.38418579101563E-03
1,4.01,1.26332065695897,1.19209289550781E-03
1,4.02,1.26998725673184,1.19209289550781E-03
1,4.04,1.27332055661827,-2.98023223876953E-03
1,4.05,1.27998715639114,2.38418579101563E-03
1,4.06,1.28332045627758,5.96046447753906E-04
1,4.08,1.28665375616401,-3.57627868652344E-03
1,4.09,1.29332035593688,-5.96046447753906E-03
1,4.1,1.29665365582332,-5.36441802978516E-03
1,4.11,1.29998695570976,-4.76837158203125E-03
1,4.12,1.30332025559619,-1.13248825073242E-02
1,4.13,1.30665355548263,-1.07288360595703E-02
1,4.14,1.30998685536906,-9.5367431640625E-03
1,4.15,1.3133201552555,-0.012516975402832
1,4.16,1.31665345514193,-1.31130218505859E-02
1,4.17,1.31998675502837,-1.43051147460938E-02
1,4.18,1.3233200549148,-1.31130218505859E-02
1,4.19,1.32665335480124,-1.19209289550781E-02
1,4.2,1.32998665468767,-1.49011611938477E-02
1,4.21,1.33331995457411,-1.31130218505859E-02
1,4.22,1.33665325446054,-1.13248825073242E-02
1,4.23,1.33998655434698,-1.07288360595703E-02
1,4.24,1.34331985423341,-1.01327896118164E-02
1,4.25,1.34665315411985,-5.36441802978516E-03
1,4.26,1.34998645400628,-4.76837158203125E-03
1,4.27,1.35331975389272,2.98023223876953E-03
1,4.28,1.35665305377916,5.36441802978516E-03
1,4.29,1.35998635366559,6.55651092529297E-03
1,4.3,1.36331965355203,9.5367431640625E-03
1,4.31,1.36665295343846,1.13248825073242E-02
1,4.32,1.3699862533249,8.34465026855469E-03
1,4.33,1.37331955321133,5.36441802978516E-03
1,4.34,1.37665285309777,6.55651092529297E-03
1,4.35,1.3799861529842,7.15255737304688E-03
1,4.36,1.38331945287064,8.94069671630859E-03
1,4.37,1.38665275275707,8.94069671630859E-03
1,4.38,1.38998605264351,1.07288360595703E-02
1,4.39,1.39331935252994,9.5367431640625E-03
1,4.4,1.39665265241638,6.55651092529297E-03
1,4.41,1.39998595230281,6.55651092529297E-03
1,4.42,1.40331925218925,5.96046447753906E-03
1,4.43,1.40665255207568,6.55651092529297E-03
1,4.44,1.40998585196212,-1.19209289550781E-03
1,4.45,1.41331915184855,-1.78813934326172E-03
1,4.46,1.41665245173499,-1.78813934326172E-03
1,4.47,1.41998575162143,-6.55651092529297E-03
1,4.48,1.42331905150786,-7.74860382080078E-03
1,4.49,1.4266523513943,-1.19209289550781E-02
1,4.5,1.42998565128073,-1.07288360595703E-02
1,4.51,1.43331895116717,-1.43051147460938E-02
1,4.52,1.4366522510536,-1.66893005371094E-02
1,4.53,1.43998555094004,-0.019073486328125
1,4.54,1.44331885082647,-1.84774398803711E-02
1,4.55,1.44665215071291,-2.38418579101563E-02
1,4.56,1.44998545059934,-2.08616256713867E-02
1,4.57,1.45331875048578,-0.019073486328125
1,4.58,1.45665205037221,-1.60932540893555E-02
1,4.59,1.45998535025865,-1.31130218505859E-02
1,4.6,1.46331865014508,-1.19209289550781E-02
1,4.61,1.46665195003152,-1.07288360595703E-02
1,4.62,1.46998524991795,-0.012516975402832
1,4.63,1.47331854980439,-7.74860382080078E-03
1,4.64,1.47665184969082,-7.74860382080078E-03
1,4.65,1.47998514957726,-8.34465026855469E-03
1,4.66,1.4833184494637,-1.01327896118164E-02
1,4.67,1.48665174935013,-1.13248825073242E-02
1,4.68,1.48998504923657,-1.07288360595703E-02
1,4.69,1.493318349123,-1.43051147460938E-02
1,4.7,1.49665164900944,-1.43051147460938E-02
1,4.71,1.49998494889587,-1.54972076416016E-02
1,4.72,1.50331824878231,-1.07288360595703E-02
1,4.73,1.50665154866874,-1.37090682983398E-02
1,4.74,1.50998484855518,-1.19209289550781E-02
1,4.75,1.51331814844161,-1.43051147460938E-02
1,4.76,1.51665144832805,-1.43051147460938E-02
1,4.77,1.51998474821448,-1.49011611938477E-02
1,4.78,1.52331804810092,-1.54972076416016E-02
1,4.79,1.52665134798735,-1.54972076416016E-02
1,4.8,1.52998464787379,-1.19209289550781E-02
1,4.81,1.53331794776022,-1.43051147460938E-02
1,4.82,1.53665124764666,-1.66893005371094E-02
1,4.83,1.53998454753309,-1.84774398803711E-02
1,4.84,1.54331784741953,-1.78813934326172E-02
1,4.85,1.54665114730597,-2.02655792236328E-02
1,4.86,1.5499844471924,-0.019073486328125
1,4.87,1.55331774707884,-2.08616256713867E-02
1,4.88,1.55665104696527,-2.02655792236328E-02
1,4.89,1.55998434685171,-0.019073486328125
1,4.9,1.56331764673814,-1.49011611938477E-02
1,4.91,1.56665094662458,-1.37090682983398E-02
1,4.92,1.56998424651101,-1.37090682983398E-02
1,4.93,1.57331754639745,-1.49011611938477E-02
1,4.94,1.57665084628388,-1.54972076416016E-02
1,4.95,1.57998414617032,-1.07288360595703E-02
1,4.96,1.58331744605675,-8.34465026855469E-03
1,4.97,1.58665074594319,-8.94069671630859E-03
1,4.98,1.58998404582962,-9.5367431640625E-03
1,4.99,1.59331734571606,-8.94069671630859E-03
1,5,1.59665064560249,-8.94069671630859E-03
1,5.01,1.59998394548893,-7.74860382080078E-03
1,5.02,1.60331724537537,-5.36441802978516E-03
1,5.03,1.6066505452618,-5.96046447753906E-03
1,5.04,1.60998384514824,-4.17232513427734E-03
1,5.05,1.61331714503467,-4.17232513427734E-03
1,5.06,1.61665044492111,-4.76837158203125E-03
1,5.07,1.61998374480754,-4.17232513427734E-03
1,5.08,1.62331704469398,-1.19209289550781E-03
1,5.09,1.62665034458041,2.98023223876953E-03
1,5.1,1.62998364446685,1.19209289550781E-03
1,5.11,1.63331694435328,-2.38418579101563E-03
1,5.12,1.63665024423972,-5.96046447753906E-04
1,5.13,1.63998354412615,-2.38418579101563E-03
1,5.14,1.64331684401259,-1.78813934326172E-03
1,5.15,1.64665014389902,-2.38418579101563E-03
1,5.16,1.64998344378546,-7.15255737304688E-03
1,5.17,1.65331674367189,-1.07288360595703E-02
1,5.18,1.65665004355833,-1.01327896118164E-02
1,5.19,1.65998334344476,-9.5367431640625E-03
1,5.2,1.6633166433312,-8.94069671630859E-03
1,5.21,1.66664994321764,-1.07288360595703E-02
1,5.22,1.66998324310407,-8.94069671630859E-03
1,5.23,1.67331654299051,-1.07288360595703E-02
1,5.24,1.67664984287694,-1.01327896118164E-02
1,5.25,1.67998314276338,-8.94069671630859E-03
1,5.26,1.68331644264981,-6.55651092529297E-03
1,5.27,1.68664974253625,-8.34465026855469E-03
1,5.28,1.68998304242268,-7.74860382080078E-03
1,5.29,1.69331634230912,-7.15255737304688E-03
1,5.3,1.69664964219555,-7.15255737304688E-03
1,5.31,1.69998294208199,-5.96046447753906E-03
1,5.32,1.70331624196842,-4.76837158203125E-03
1,5.33,1.70664954185486,0
1,5.34,1.70998284174129,-5.96046447753906E-04
1,5.35,1.71331614162773,5.96046447753906E-04
1,5.36,1.71664944151416,4.76837158203125E-03
1,5.37,1.7199827414006,4.76837158203125E-03
1,5.38,1.72331604128703,7.15255737304688E-03
1,5.39,1.72664934117347,7.15255737304688E-03
1,5.4,1.72998264105991,7.74860382080078E-03
1,5.41,1.73331594094634,1.01327896118164E-02
1,5.42,1.73664924083278,8.94069671630859E-03
1,5.43,1.73998254071921,1.07288360595703E-02
1,5.44,1.74331584060565,9.5367431640625E-03
1,5.45,1.74664914049208,8.94069671630859E-03
1,5.46,1.74998244037852,8.94069671630859E-03
1,5.47,1.75331574026495,8.34465026855469E-03
1,5.48,1.75664904015139,9.5367431640625E-03
1,5.49,1.75998234003782,7.74860382080078E-03
1,5.5,1.76331563992426,8.34465026855469E-03
1,5.51,1.76664893981069,5.36441802978516E-03
1,5.52,1.76998223969713,-5.96046447753906E-04
1,5.53,1.77331553958356,-4.76837158203125E-03
1,5.54,1.77664883947,-7.15255737304688E-03
1,5.55,1.77998213935643,-8.34465026855469E-03
1,5.56,1.78331543924287,-1.13248825073242E-02
1,5.57,1.7866487391293,-1.07288360595703E-02
1,5.58,1.78998203901574,-1.72853469848633E-02
1,5.59,1.79331533890218,-1.54972076416016E-02
1,5.6,1.79664863878861,-1.37090682983398E-02
1,5.61,1.79998193867505,-1.31130218505859E-02
1,5.62,1.80331523856148,-1.07288360595703E-02
1,5.63,1.80664853844792,-1.19209289550781E-02
1,5.64,1.80998183833435,-1.31130218505859E-02
1,5.65,1.81331513822079,-1.13248825073242E-02
1,5.66,1.81664843810722,-0.012516975402832
1,5.67,1.81998173799366,-1.13248825073242E-02
1,5.68,1.82331503788009,-1.19209289550781E-02
1,5.69,1.82664833776653,-8.34465026855469E-03
1,5.7,1.82998163765296,-8.34465026855469E-03
1,5.71,1.8333149375394,-5.36441802978516E-03
1,5.72,1.83664823742583,-4.17232513427734E-03
1,5.73,1.83998153731227,-4.76837158203125E-03
1,5.74,1.8433148371987,4.17232513427734E-03
1,5.75,1.84664813708514,5.96046447753906E-04
1,5.76,1.84998143697158,5.36441802978516E-03
1,5.77,1.85331473685801,8.94069671630859E-03
1,5.78,1.85664803674445,7.74860382080078E-03
1,5.79,1.85998133663088,5.96046447753906E-03
1,5.8,1.86331463651732,9.5367431640625E-03
1,5.81,1.86664793640375,9.5367431640625E-03
1,5.82,1.86998123629019,1.19209289550781E-02
1,5.83,1.87331453617662,1.19209289550781E-02
1,5.84,1.87664783606306,9.5367431640625E-03
1,5.85,1.87998113594949,9.5367431640625E-03
1,5.86,1.88331443583593,8.94069671630859E-03
1,5.87,1.88664773572236,8.94069671630859E-03
1,5.88,1.8899810356088,5.96046447753906E-03
1,5.89,1.89331433549523,5.36441802978516E-03
1,5.9,1.89664763538167,7.15255737304688E-03
1,5.91,1.8999809352681,7.15255737304688E-03
1,5.92,1.90331423515454,6.55651092529297E-03
1,5.93,1.90664753504097,7.15255737304688E-03
1,5.94,1.90998083492741,3.57627868652344E-03
1,5.95,1.91331413481385,7.15255737304688E-03
1,5.96,1.91664743470028,7.74860382080078E-03
1,5.97,1.91998073458672,5.96046447753906E-03
1,5.98,1.92331403447315,8.94069671630859E-03
1,5.99,1.92664733435959,8.94069671630859E-03
1,6,1.92998063424602,8.94069671630859E-03
1,6.01,1.93331393413246,1.13248825073242E-02
1,6.02,1.93664723401889,1.19209289550781E-02
1,6.03,1.93998053390533,1.37090682983398E-02
1,6.04,1.94331383379176,1.31130218505859E-02
1,6.05,1.9466471336782,1.19209289550781E-02
1,6.06,1.94998043356463,1.13248825073242E-02
1,6.07,1.95331373345107,7.15255737304688E-03
1,6.08,1.9566470333375,8.34465026855469E-03
1,6.09,1.95998033322394,0.012516975402832
1,6.1,1.96331363311037,1.19209289550781E-02
1,6.11,1.96664693299681,1.31130218505859E-02
1,6.12,1.96998023288324,0.012516975402832
1,6.13,1.97331353276968,9.5367431640625E-03
1,6.14,1.97664683265612,6.55651092529297E-03
1,6.15,1.97998013254255,6.55651092529297E-03
1,6.16,1.98331343242899,4.76837158203125E-03
1,6.17,1.98664673231542,6.55651092529297E-03
1,6.18,1.98998003220186,9.5367431640625E-03
1,6.19,1.99331333208829,8.94069671630859E-03
1,6.2,1.99664663197473,1.07288360595703E-02
1,6.21,1.99997993186116,6.55651092529297E-03
1,6.22,2.0033132317476,4.17232513427734E-03
1,6.23,2.00664653163403,1.19209289550781E-03
1,6.24,2.00997983152047,0
1,6.25,2.0133131314069,0
1,6.26,2.01664643129334,-1.78813934326172E-03
1,6.27,2.01997973117977,-1.19209289550781E-03
1,6.28,2.02331303106621,-1.19209289550781E-03
1,6.29,2.02664633095264,-2.98023223876953E-03
1,6.3,2.02997963083908,-2.98023223876953E-03
1,6.31,2.03331293072552,-2.98023223876953E-03
1,6.32,2.03664623061195,-1.19209289550781E-03
1,6.33,2.03997953049839,-1.19209289550781E-03
1,6.34,2.04331283038482,-1.78813934326172E-03
1,6.35,2.04664613027126,0
1,6.36,2.04997943015769,-5.96046447753906E-04
1,6.37,2.05331273004413,1.78813934326172E-03
1,6.38,2.05664602993056,1.19209289550781E-03
1,6.39,2.059979329817,7.15255737304688E-03
1,6.4,2.06331262970343,8.34465026855469E-03
1,6.41,2.06664592958987,7.15255737304688E-03
1,6.42,2.0699792294763,7.74860382080078E-03
1,6.43,2.07331252936274,1.13248825073242E-02
1,6.44,2.07664582924917,8.34465026855469E-03
1,6.45,2.07997912913561,6.55651092529297E-03
1,6.46,2.08331242902204,5.96046447753906E-03
1,6.47,2.08664572890848,8.34465026855469E-03
1,6.48,2.08997902879491,8.34465026855469E-03
1,6.49,2.09331232868135,6.55651092529297E-03
1,6.5,2.09664562856779,7.74860382080078E-03
1,6.51,2.09997892845422,5.36441802978516E-03
1,6.52,2.10331222834066,8.34465026855469E-03
1,6.53,2.10664552822709,5.36441802978516E-03
1,6.54,2.10997882811353,4.17232513427734E-03
1,6.55,2.11331212799996,5.96046447753906E-03
1,6.56,2.1166454278864,4.76837158203125E-03
1,6.57,2.11997872777283,5.36441802978516E-03
1,6.58,2.12331202765927,8.94069671630859E-03
1,6.59,2.1266453275457,1.37090682983398E-02
1,6.6,2.12997862743214,1.49011611938477E-02
1,6.61,2.13331192731857,1.60932540893555E-02
1,6.62,2.13664522720501,1.84774398803711E-02
1,6.63,2.13997852709144,1.78813934326172E-02
1,6.64,2.14331182697788,1.78813934326172E-02
1,6.65,2.14664512686431,1.84774398803711E-02
1,6.66,2.14997842675075,1.72853469848633E-02
1,6.67,2.15331172663718,1.66893005371094E-02
1,6.68,2.15664502652362,1.43051147460938E-02
1,6.69,2.15997832641006,1.31130218505859E-02
1,6.7,2.16331162629649,1.19209289550781E-02
1,6.71,2.16664492618293,9.5367431640625E-03
1,6.72,2.16997822606936,7.74860382080078E-03
1,6.73,2.1733115259558,7.74860382080078E-03
1,6.74,2.17664482584223,1.07288360595703E-02
1,6.75,2.17997812572867,1.31130218505859E-02
1,6.76,2.1833114256151,1.13248825073242E-02
1,6.77,2.18664472550154,1.07288360595703E-02
1,6.78,2.18997802538797,1.01327896118164E-02
1,6.79,2.19331132527441,8.94069671630859E-03
1,6.8,2.19664462516084,8.94069671630859E-03
1,6.81,2.19997792504728,1.07288360595703E-02
1,6.82,2.20331122493371,7.15255737304688E-03
1,6.83,2.20664452482015,1.13248825073242E-02
1,6.84,2.20997782470658,8.94069671630859E-03
1,6.85,2.21331112459302,1.13248825073242E-02
1,6.86,2.21664442447945,0.012516975402832
1,6.87,2.21997772436589,1.43051147460938E-02
1,6.88,2.22331102425233,0.012516975402832
1,6.89,2.22664432413876,1.31130218505859E-02
1,6.9,2.2299776240252,1.07288360595703E-02
1,6.91,2.23331092391163,9.5367431640625E-03
1,6.92,2.23664422379807,1.13248825073242E-02
1,6.93,2.2399775236845,1.43051147460938E-02
1,6.94,2.24331082357094,1.31130218505859E-02
1,6.95,2.24664412345737,1.19209289550781E-02
1,6.96,2.24997742334381,1.01327896118164E-02
1,6.97,2.25331072323024,8.94069671630859E-03
1,6.98,2.25664402311668,7.74860382080078E-03
1,6.99,2.25997732300311,4.76837158203125E-03
1,7,2.26331062288955,4.17232513427734E-03
1,7.01,2.26664392277598,4.17232513427734E-03
1,7.02,2.26997722266242,0
1,7.03,2.27331052254885,0
1,7.04,2.27664382243529,-1.19209289550781E-03
1,7.05,2.27997712232172,5.96046447753906E-04
1,7.06,2.28331042220816,1.19209289550781E-03
1,7.07,2.2866437220946,2.38418579101563E-03
1,7.08,2.28997702198103,-2.98023223876953E-03
1,7.09,2.29331032186747,-1.19209289550781E-03
1,7.1,2.2966436217539,-1.78813934326172E-03
1,7.11,2.29997692164034,0
1,7.12,2.30331022152677,1.78813934326172E-03
1,7.13,2.30664352141321,-5.36441802978516E-03
1,7.14,2.30997682129964,-2.38418579101563E-03
1,7.15,2.31331012118608,-3.57627868652344E-03
1,7.16,2.31664342107251,-2.38418579101563E-03
1,7.17,2.31997672095895,5.96046447753906E-04
1,7.18,2.32331002084538,0
1,7.19,2.32664332073182,1.19209289550781E-03
1,7.2,2.32997662061825,-5.96046447753906E-04
1,7.21,2.33330992050469,-2.98023223876953E-03
1,7.22,2.33664322039112,-7.15255737304688E-03
1,7.23,2.33997652027756,-8.94069671630859E-03
1,7.24,2.343309820164,-6.55651092529297E-03
1,7.25,2.34997641993687,-1.07288360595703E-02
1,7.27,2.3533097198233,-1.01327896118164E-02
1,7.28,2.35664301970974,-1.13248825073242E-02
1,7.29,2.35997631959617,-9.5367431640625E-03
1,7.3,2.36330961948261,-1.07288360595703E-02
1,7.31,2.36997621925548,-1.31130218505859E-02
1,7.33,2.37330951914191,-1.72853469848633E-02
1,7.34,2.37997611891478,-1.54972076416016E-02
1,7.36,2.38330941880122,-1.72853469848633E-02
1,7.37,2.38664271868765,-1.84774398803711E-02
1,7.38,2.39330931846052,-0.019073486328125
1,7.39,2.39664261834696,-1.96695327758789E-02
1,7.4,2.39997591823339,-1.66893005371094E-02
1,7.41,2.40330921811983,-1.72853469848633E-02
1,7.42,2.40664251800627,-1.54972076416016E-02
1,7.43,2.4099758178927,-1.60932540893555E-02
1,7.44,2.41330911777914,-1.43051147460938E-02
1,7.45,2.41664241766557,-9.5367431640625E-03
1,7.46,2.41997571755201,-9.5367431640625E-03
1,7.47,2.42330901743844,-4.76837158203125E-03
1,7.48,2.42664231732488,-6.55651092529297E-03
1,7.49,2.42997561721131,-5.36441802978516E-03
1,7.5,2.43330891709775,-2.38418579101563E-03
1,7.51,2.43664221698418,-1.78813934326172E-03
1,7.52,2.43997551687062,5.36441802978516E-03
1,7.53,2.44330881675705,5.96046447753906E-03
1,7.54,2.44664211664349,7.74860382080078E-03
1,7.55,2.44997541652992,5.96046447753906E-03
1,7.56,2.45330871641636,5.96046447753906E-04
1,7.57,2.45664201630279,1.78813934326172E-03
1,7.58,2.45997531618923,8.34465026855469E-03
1,7.59,2.46330861607566,5.96046447753906E-03
1,7.6,2.4666419159621,8.34465026855469E-03
1,7.61,2.46997521584854,9.5367431640625E-03
1,7.62,2.47330851573497,1.07288360595703E-02
1,7.63,2.47664181562141,9.5367431640625E-03
1,7.64,2.47997511550784,8.94069671630859E-03
1,7.65,2.48330841539428,1.19209289550781E-02
1,7.66,2.48664171528071,1.01327896118164E-02
1,7.67,2.48997501516715,1.01327896118164E-02
1,7.68,2.49330831505358,1.13248825073242E-02
1,7.69,2.49664161494002,1.31130218505859E-02
1,7.7,2.49997491482645,1.31130218505859E-02
1,7.71,2.50330821471289,1.66893005371094E-02
1,7.72,2.50664151459932,1.60932540893555E-02
1,7.73,2.50997481448576,1.49011611938477E-02
1,7.74,2.51330811437219,1.60932540893555E-02
1,7.75,2.51664141425863,1.43051147460938E-02
1,7.76,2.51997471414506,2.08616256713867E-02
1,7.77,2.5233080140315,2.20537185668945E-02
1,7.78,2.52664131391793,2.62260437011719E-02
1,7.79,2.52997461380437,0.031590461730957
1,7.8,2.53330791369081,3.57627868652344E-02
1,7.81,2.53664121357724,4.29153442382813E-02
1,7.82,2.53997451346368,5.24520874023438E-02
1,7.83,2.54330781335011,6.31809234619141E-02
1,7.84,2.54664111323655,7.74860382080078E-02
1,7.85,2.54997441312298,9.05990600585938E-02
1,7.86,2.55330771300942,0.102519989013672
1,7.87,2.55664101289585,0.119805335998535
1,7.88,2.55997431278229,0.134110450744629
1,7.89,2.56330761266872,0.150799751281738
1,7.9,2.56664091255516,0.16629695892334
1,7.91,2.56997421244159,0.187158584594727
1,7.92,2.57330751232803,0.208020210266113
1,7.93,2.57664081221446,0.22590160369873
1,7.94,2.5799741121009,0.245571136474609
1,7.95,2.58330741198733,0.268816947937012
1,7.96,2.58664071187377,0.287890434265137
1,7.97,2.58997401176021,0.306963920593262
1,7.98,2.59330731164664,0.32961368560791
1,7.99,2.59664061153308,0.349283218383789
1,8,2.59997391141951,0.368952751159668
1,8.01,2.60330721130595,0.386238098144531
1,8.02,2.60664051119238,0.404119491577148
1,8.03,2.60997381107882,0.421404838562012
1,8.04,2.61330711096525,0.433921813964844
1,8.05,2.61664041085169,0.452995300292969
1,8.06,2.61997371073812,0.47147274017334
1,8.07,2.62330701062456,0.488758087158203
1,8.08,2.62664031051099,0.50961971282959
1,8.09,2.62997361039743,0.526309013366699
1,8.1,2.63330691028386,0.54776668548584
1,8.11,2.6366402101703,0.567436218261719
1,8.12,2.63997351005673,0.587701797485352
1,8.13,2.64330680994317,0.608563423156738
1,8.14,2.6466401098296,0.630617141723633
1,8.15,2.64997340971604,0.650286674499512
1,8.16,2.65330670960248,0.671148300170898
1,8.17,2.65664000948891,0.692605972290039
1,8.18,2.65997330937535,0.712871551513672
1,8.19,2.66330660926178,0.730752944946289
1,8.2,2.66663990914822,0.75221061706543
1,8.21,2.66997320903465,0.768899917602539
1,8.22,2.67330650892109,0.786185264587402
1,8.23,2.67663980880752,0.804662704467773
1,8.24,2.67997310869396,0.821948051452637
1,8.25,2.68330640858039,0.844597816467285
1,8.26,2.68663970846683,0.863075256347656
1,8.27,2.68997300835326,0.879168510437012
1,8.28,2.6933063082397,0.899434089660645
1,8.29,2.69663960812613,0.919699668884277
1,8.3,2.69997290801257,0.937581062316895
1,8.31,2.703306207899,0.958442687988281
1,8.32,2.70663950778544,0.973939895629883
1,8.33,2.70997280767187,0.992417335510254
1,8.34,2.71330610755831,1.01029872894287
1,8.35,2.71663940744475,1.0305643081665
1,8.36,2.71997270733118,1.05082988739014
1,8.37,2.72330600721762,1.07407569885254
1,8.38,2.72663930710405,1.09076499938965
1,8.39,2.72997260699049,1.1146068572998
1,8.4,2.73330590687692,1.13487243652344
1,8.41,2.73663920676336,1.15871429443359
1,8.42,2.73997250664979,1.18434429168701
1,8.43,2.74330580653623,1.20401382446289
1,8.44,2.74663910642266,1.2284517288208
1,8.45,2.7499724063091,1.24692916870117
1,8.46,2.75330570619553,1.26838684082031
1,8.47,2.75663900608197,1.28746032714844
1,8.48,2.7599723059684,1.30653381347656
1,8.49,2.76330560585484,1.32620334625244
1,8.5,2.76663890574127,1.34766101837158
1,8.51,2.76997220562771,1.36256217956543
1,8.52,2.77330550551414,1.38163566589355
1,8.53,2.77663880540058,1.39713287353516
1,8.54,2.77997210528702,1.41441822052002
1,8.55,2.78330540517345,1.43229961395264
1,8.56,2.78663870505989,1.4495849609375
1,8.57,2.78997200494632,1.46746635437012
1,8.58,2.79330530483276,1.48296356201172
1,8.59,2.79663860471919,1.49846076965332
1,8.6,2.79997190460563,1.51872634887695
1,8.61,2.80330520449206,1.53660774230957
1,8.62,2.8066385043785,1.55448913574219
1,8.63,2.80997180426493,1.57177448272705
1,8.64,2.81330510415137,1.59025192260742
1,8.65,2.8166384040378,1.60872936248779
1,8.66,2.81997170392424,1.62124633789063
1,8.67,2.82330500381067,1.63793563842773
1,8.68,2.82663830369711,1.65700912475586
1,8.69,2.82997160358354,1.67310237884521
1,8.7,2.83330490346998,1.68681144714355
1,8.71,2.83663820335642,1.70230865478516
1,8.72,2.83997150324285,1.71840190887451
1,8.73,2.84330480312929,1.74164772033691
1,8.74,2.84663810301572,1.75714492797852
1,8.75,2.84997140290216,1.77323818206787
1,8.76,2.85330470278859,1.79111957550049
1,8.77,2.85663800267503,1.80482864379883
1,8.78,2.85997130256146,1.82449817657471
1,8.79,2.8633046024479,1.84297561645508
1,8.8,2.86663790233433,1.86145305633545
1,8.81,2.86997120222077,1.87814235687256
1,8.82,2.8733045021072,1.89423561096191
1,8.83,2.87663780199364,1.91032886505127
1,8.84,2.87997110188007,1.92761421203613
1,8.85,2.88330440176651,1.944899559021
1,8.86,2.88663770165294,1.9603967666626
1,8.87,2.88997100153938,1.97708606719971
1,8.88,2.89330430142581,1.99317932128906
1,8.89,2.89663760131225,2.01046466827393
1,8.9,2.89997090119869,2.02596187591553
1,8.91,2.90330420108512,2.04265117645264
1,8.92,2.90663750097156,2.05695629119873
1,8.93,2.90997080085799,2.07185745239258
1,8.94,2.91330410074443,2.08735466003418
1,8.95,2.91663740063086,2.10285186767578
1,8.96,2.9199707005173,2.11894512176514
1,8.97,2.92330400040373,2.13265419006348
1,8.98,2.92663730029017,2.15113162994385
1,8.99,2.9299706001766,2.16841697692871
1,9,2.93330390006304,2.18451023101807
1,9.01,2.93663719994947,2.20417976379395
1,9.02,2.93997049983591,2.22086906433105
1,9.03,2.94330379972234,2.24113464355469
1,9.04,2.94663709960878,2.25841999053955
1,9.05,2.94997039949521,2.27391719818115
1,9.06,2.95330369938165,2.29060649871826
1,9.07,2.95663699926808,2.30967998504639
1,9.08,2.95997029915452,2.32696533203125
1,9.09,2.96330359904096,2.34246253967285
1,9.1,2.96663689892739,2.35974788665771
1,9.11,2.96997019881383,2.37464904785156
1,9.12,2.97330349870026,2.39014625549316
1,9.13,2.9766367985867,2.40623950958252
1,9.14,2.97997009847313,2.42471694946289
1,9.15,2.98330339835957,2.43842601776123
1,9.16,2.986636698246,2.45451927185059
1,9.17,2.98996999813244,2.47180461883545
1,9.18,2.99330329801887,2.48908996582031
1,9.19,2.99663659790531,2.50697135925293
1,9.2,2.99996989779174,2.52425670623779
1,9.21,3.00330319767818,2.53915786743164
1,9.22,3.00663649756461,2.5564432144165
1,9.23,3.00996979745105,2.57253646850586
1,9.24,3.01330309733748,2.59101390838623
1,9.25,3.01663639722392,2.60829925537109
1,9.26,3.01996969711035,2.62558460235596
1,9.27,3.02330299699679,2.64108180999756
1,9.28,3.02663629688323,2.65240669250488
1,9.29,3.02996959676966,2.66849994659424
1,9.3,3.0333028966561,2.68638134002686
1,9.31,3.03663619654253,2.7000904083252
1,9.32,3.03996949642897,2.72035598754883
1,9.33,3.0433027963154,2.73704528808594
1,9.34,3.04663609620184,2.75254249572754
1,9.35,3.04996939608827,2.76803970336914
1,9.36,3.05330269597471,2.7841329574585
1,9.37,3.05663599586114,2.80022621154785
1,9.38,3.05996929574758,2.8151273727417
1,9.39,3.06330259563401,2.83122062683105
1,9.4,3.06663589552045,2.84433364868164
1,9.41,3.06996919540688,2.85923480987549
1,9.42,3.07330249529332,2.87353992462158
1,9.43,3.07663579517975,2.88784503936768
1,9.44,3.07996909506619,2.90513038635254
1,9.45,3.08330239495263,2.92122364044189
1,9.46,3.08663569483906,2.93195247650146
1,9.47,3.0899689947255,2.94625759124756
1,9.48,3.09330229461193,2.95877456665039
1,9.49,3.09663559449837,2.97486782073975
1,9.5,3.0999688943848,2.99513339996338
1,9.51,3.10330219427124,3.013014793396
1,9.52,3.10663549415767,3.0285120010376
1,9.53,3.10996879404411,3.04579734802246
1,9.54,3.11330209393054,3.06129455566406
1,9.55,3.11663539381698,3.07977199554443
1,9.56,3.11996869370341,3.09467315673828
1,9.57,3.12330199358985,3.1125545501709
1,9.58,3.12663529347628,3.12864780426025
1,9.59,3.12996859336272,3.14533710479736
1,9.6,3.13330189324915,3.16023826599121
1,9.61,3.13663519313559,3.17811965942383
1,9.62,3.13996849302202,3.19182872772217
1,9.63,3.14330179290846,3.20613384246826
1,9.64,3.1466350927949,3.22520732879639
1,9.65,3.14996839268133,3.23474407196045
1,9.66,3.15330169256777,3.25441360473633
1,9.67,3.1566349924542,3.27050685882568
1,9.68,3.15996829234064,3.28600406646729
1,9.69,3.16330159222707,3.29971313476563
1,9.7,3.16663489211351,3.31759452819824
1,9.71,3.16996819199994,3.33487987518311
1,9.72,3.17330149188638,3.35335731506348
1,9.73,3.17663479177281,3.37183475494385
1,9.74,3.17996809165925,3.39329242706299
1,9.75,3.18330139154568,3.40938568115234
1,9.76,3.18663469143212,3.42905521392822
1,9.77,3.18996799131855,3.44812870025635
1,9.78,3.19330129120499,3.46660614013672
1,9.79,3.19663459109142,3.48925590515137
1,9.8,3.19996789097786,3.50534915924072
1,9.81,3.20330119086429,3.52263450622559
1,9.82,3.20663449075073,3.53991985321045
1,9.83,3.20996779063717,3.55541706085205
1,9.84,3.2133010905236,3.56972217559814
1,9.85,3.21663439041004,3.58700752258301
1,9.86,3.21996769029647,3.6013126373291
1,9.87,3.22330099018291,3.61323356628418
1,9.88,3.22663429006934,3.62753868103027
1,9.89,3.22996758995578,3.64184379577637
1,9.9,3.23330088984221,3.65197658538818
1,9.91,3.23663418972865,3.66926193237305
1,9.92,3.23996748961508,3.67999076843262
1,9.93,3.24330078950152,3.6919116973877
1,9.94,3.24663408938795,3.7086009979248
1,9.95,3.24996738927439,3.72052192687988
1,9.96,3.25330068916082,3.73721122741699
1,9.97,3.25663398904726,3.74972820281982
1,9.98,3.25996728893369,3.7616491317749
1,9.99,3.26330058882013,3.7771463394165
1,10,3.26663388870656,3.78906726837158
1,10.01,3.269967188593,3.80575656890869
1,10.02,3.27330048847944,3.82542610168457
1,10.03,3.27663378836587,3.83615493774414
1,10.04,3.27996708825231,3.85463237762451
1,10.05,3.28330038813874,3.87132167816162
1,10.06,3.28663368802518,3.88562679290771
1,10.07,3.28996698791161,3.90231609344482
1,10.08,3.29330028779805,3.92258167266846
1,10.09,3.29663358768448,3.94105911254883
1,10.1,3.29996688757092,3.95894050598145
1,10.11,3.30330018745735,3.97384166717529
1,10.12,3.30663348734379,3.98874282836914
1,10.13,3.30996678723022,4.00424003601074
1,10.14,3.31330008711666,4.02152538299561
1,10.15,3.31663338700309,4.0358304977417
1,10.16,3.31996668688953,4.05550003051758
1,10.17,3.32329998677596,4.06801700592041
1,10.18,3.3266332866624,4.08470630645752
1,10.19,3.32996658654884,4.09901142120361
1,10.2,3.33329988643527,4.11450862884521
1,10.21,3.33663318632171,4.13239002227783
1,10.22,3.33996648620814,4.1496753692627
1,10.23,3.34329978609458,4.16398048400879
1,10.24,3.34663308598101,4.17768955230713
1,10.25,3.34996638586745,4.19259071350098
1,10.26,3.35329968575388,4.20570373535156
1,10.27,3.35663298564032,4.22179698944092
1,10.28,3.35996628552675,4.23908233642578
1,10.29,3.36329958541319,4.25636768341064
1,10.3,3.36663288529962,4.27007675170898
1,10.31,3.36996618518606,4.28855419158936
1,10.32,3.37329948507249,4.30762767791748
1,10.33,3.37663278495893,4.32431697845459
1,10.34,3.37996608484536,4.33981418609619
1,10.35,3.3832993847318,4.35471534729004
1,10.36,3.38663268461823,4.37259674072266
1,10.37,3.38996598450467,4.386305809021
1,10.38,3.39329928439111,4.40239906311035
1,10.39,3.39663258427754,4.41551208496094
1,10.4,3.39996588416398,4.42981719970703
1,10.41,3.40329918405041,4.43994998931885
1,10.42,3.40663248393685,4.45663928985596
1,10.43,3.40996578382328,4.46677207946777
1,10.44,3.41329908370972,4.48346138000488
1,10.45,3.41663238359615,4.49776649475098
1,10.46,3.41996568348259,4.51147556304932
1,10.47,3.42329898336902,4.52935695648193
1,10.48,3.42663228325546,4.54127788543701
1,10.49,3.42996558314189,4.55200672149658
1,10.5,3.43329888302833,4.56333160400391
1,10.51,3.43663218291476,4.58061695098877
1,10.52,3.4399654828012,4.59492206573486
1,10.53,3.44329878268763,4.61220741271973
1,10.54,3.44663208257407,4.62651252746582
1,10.55,3.4499653824605,4.63962554931641
1,10.56,3.45329868234694,4.66048717498779
1,10.57,3.45663198223338,4.67479228973389
1,10.58,3.45996528211981,4.69207763671875
1,10.59,3.46329858200625,4.70995903015137
1,10.6,3.46663188189268,4.72545623779297
1,10.61,3.46996518177912,4.74035739898682
1,10.62,3.47329848166555,4.7534704208374
1,10.63,3.47663178155199,4.7767162322998
1,10.64,3.47996508143842,4.78923320770264
1,10.65,3.48329838132486,4.80592250823975
1,10.66,3.48663168121129,4.82738018035889
1,10.67,3.48996498109773,4.84049320220947
1,10.68,3.49329828098416,4.85897064208984
1,10.69,3.4966315808706,4.87327575683594
1,10.7,3.49996488075703,4.88936901092529
1,10.71,3.50329818064347,4.90665435791016
1,10.72,3.5066314805299,4.91797924041748
1,10.73,3.50996478041634,4.93049621582031
1,10.74,3.51329808030277,4.94182109832764
1,10.75,3.51663138018921,4.95731830596924
1,10.76,3.51996468007565,4.96983528137207
1,10.77,3.52329797996208,4.98533248901367
1,10.78,3.52663127984852,5.00082969665527
1,10.79,3.52996457973495,5.01394271850586
1,10.8,3.53329787962139,5.02824783325195
1,10.81,3.53663117950782,5.04374504089355
1,10.82,3.53996447939426,5.05983829498291
1,10.83,3.54329777928069,5.0729513168335
1,10.84,3.54996437905356,5.08427619934082
1,10.86,3.55329767894,5.10513782501221
1,10.87,3.55663097882643,5.1194429397583
1,10.88,3.55996427871287,5.13255596160889
1,10.89,3.5632975785993,5.14805316925049
1,10.9,3.56663087848574,5.15758991241455
1,10.91,3.56996417837217,5.16951084136963
1,10.92,3.57329747825861,5.18620014190674
1,10.93,3.57996407803148,5.19990921020508
1,10.95,3.58329737791792,5.22971153259277
1,10.96,3.58663067780435,5.24520874023438
1,10.97,3.58996397769079,5.25593757629395
1,10.98,3.59329727757722,5.26785850524902
1,10.99,3.59996387735009,5.28633594512939
1,11.01,3.60329717723653,5.31375408172607
1,11.02,3.6099637770094,5.3250789642334
1,11.03,3.61329707689583,5.33878803253174
1,11.04,3.61663037678227,5.35070896148682
1,11.06,3.6199636766687,5.37753105163574
1,11.07,3.62663027644157,5.38766384124756
1,11.08,3.62996357632801,5.39898872375488
1,11.09,3.63329687621445,5.41150569915771
1,11.1,3.63663017610088,5.42581081390381
1,11.11,3.63996347598732,5.43773174285889
1,11.12,3.64329677587375,5.45799732208252
1,11.13,3.64663007576019,5.46813011169434
1,11.14,3.64996337564662,5.47826290130615
1,11.16,3.65329667553306,5.50150871276855
1,11.17,3.65996327530593,5.51700592041016
1,11.18,3.66329657519236,5.52892684936523
1,11.19,3.6666298750788,5.53786754608154
1,11.2,3.66996317496523,5.54800033569336
1,11.21,3.67329647485167,5.5617094039917
1,11.22,3.6766297747381,5.57601451873779
1,11.23,3.67996307462454,5.58733940124512
1,11.24,3.68329637451097,5.60462474822998
1,11.25,3.68662967439741,5.6159496307373
1,11.26,3.68996297428384,5.62787055969238
1,11.27,3.69329627417028,5.64098358154297
1,11.28,3.69662957405671,5.6535005569458
1,11.29,3.69996287394315,5.6689977645874
1,11.3,3.70329617382959,5.68568706512451
1,11.31,3.70662947371602,5.69641590118408
1,11.32,3.70996277360246,5.7142972946167
1,11.33,3.71329607348889,5.73217868804932
1,11.34,3.71662937337533,5.74827194213867
1,11.35,3.71996267326176,5.76376914978027
1,11.36,3.7232959731482,5.77926635742188
1,11.37,3.72662927303463,5.79416751861572
1,11.38,3.72996257292107,5.80787658691406
1,11.39,3.7332958728075,5.81800937652588
1,11.4,3.73662917269394,5.82993030548096
1,11.41,3.73996247258037,5.84721565246582
1,11.42,3.74329577246681,5.85794448852539
1,11.43,3.74662907235324,5.87224960327148
1,11.44,3.74996237223968,5.88595867156982
1,11.45,3.75329567212611,5.89847564697266
1,11.46,3.75662897201255,5.91099262237549
1,11.47,3.75996227189898,5.92470169067383
1,11.48,3.76329557178542,5.93662261962891
1,11.49,3.76662887167186,5.95629215240479
1,11.5,3.76996217155829,5.97059726715088
1,11.51,3.77329547144473,5.99086284637451
1,11.52,3.77662877133116,6.00278377532959
1,11.53,3.7799620712176,6.02066516876221
1,11.54,3.78329537110403,6.03675842285156
1,11.55,3.78662867099047,6.04867935180664
1,11.56,3.7899619708769,6.06179237365723
1,11.57,3.79329527076334,6.0725212097168
1,11.58,3.79662857064977,6.08265399932861
1,11.59,3.79996187053621,6.09695911407471
1,11.6,3.80329517042264,6.10888004302979
1,11.61,3.80662847030908,6.12020492553711
1,11.62,3.80996177019551,6.13033771514893
1,11.63,3.81329507008195,6.13927841186523
1,11.64,3.81662836996838,6.1488151550293
1,11.65,3.81996166985482,6.15835189819336
1,11.66,3.82329496974126,6.17504119873047
1,11.67,3.82662826962769,6.18994235992432
1,11.68,3.82996156951413,6.20007514953613
1,11.69,3.83329486940056,6.21676445007324
1,11.7,3.836628169287,6.22928142547607
1,11.71,3.83996146917343,6.24418258666992
1,11.72,3.84329476905987,6.25908374786377
1,11.73,3.8466280689463,6.27458095550537
1,11.74,3.84996136883274,6.28769397735596
1,11.75,3.85329466871917,6.29901885986328
1,11.76,3.85662796860561,6.31630420684814
1,11.77,3.85996126849204,6.33299350738525
1,11.78,3.86329456837848,6.34610652923584
1,11.79,3.86662786826491,6.3621997833252
1,11.8,3.86996116815135,6.37590885162354
1,11.81,3.87329446803778,6.38902187347412
1,11.82,3.87662776792422,6.40153884887695
1,11.83,3.87996106781066,6.41524791717529
1,11.84,3.88329436769709,6.43074512481689
1,11.85,3.88662766758353,6.44087791442871
1,11.86,3.88996096746996,6.45458698272705
1,11.87,3.8932942673564,6.46710395812988
1,11.88,3.89662756724283,6.47842884063721
1,11.89,3.89996086712927,6.49392604827881
1,11.9,3.9032941670157,6.50942325592041
1,11.91,3.90662746690214,6.522536277771
1,11.92,3.90996076678857,6.53564929962158
1,11.93,3.91329406667501,6.54816627502441
1,11.94,3.91662736656144,6.55591487884521
1,11.95,3.91996066644788,6.56783580780029
1,11.96,3.92329396633431,6.58094882965088
1,11.97,3.92662726622075,6.59823417663574
1,11.98,3.92996056610718,6.61194324493408
1,11.99,3.93329386599362,6.62565231323242
1,12,3.93662716588005,6.63936138153076
1,12.01,3.93996046576649,6.65366649627686
1,12.02,3.94329376565293,6.6673755645752
1,12.03,3.94662706553936,6.67691230773926
1,12.04,3.9499603654258,6.69121742248535
1,12.05,3.95329366531223,6.70254230499268
1,12.06,3.95662696519867,6.71446323394775
1,12.07,3.9599602650851,6.72996044158936
1,12.08,3.96329356497154,6.7448616027832
1,12.09,3.96662686485797,6.75857067108154
1,12.1,3.96996016474441,6.77168369293213
1,12.11,3.97329346463084,6.78539276123047
1,12.12,3.97662676451728,6.7979097366333
1,12.13,3.97996006440371,6.80863857269287
1,12.14,3.98329336429015,6.82294368743896
1,12.15,3.98662666417658,6.83248043060303
1,12.16,3.98995996406302,6.84857368469238
1,12.17,3.99329326394945,6.86168670654297
1,12.18,3.99662656383589,6.87479972839355
1,12.19,3.99995986372232,6.88552856445313
1,12.2,4.00329316360876,6.89685344696045
1,12.21,4.0066264634952,6.9117546081543
1,12.22,4.00995976338163,6.92129135131836
1,12.23,4.01329306326807,6.93202018737793
1,12.24,4.0166263631545,6.94096088409424
1,12.25,4.01995966304094,6.95168972015381
1,12.26,4.02329296292737,6.96241855621338
1,12.27,4.02662626281381,6.97970390319824
1,12.28,4.02995956270024,6.99162483215332
1,12.29,4.03329286258668,7.00414180755615
1,12.3,4.03662616247311,7.01725482940674
1,12.31,4.03995946235955,7.02857971191406
1,12.32,4.04329276224598,7.04586505889893
1,12.33,4.04662606213242,7.0565938949585
1,12.34,4.04995936201885,7.06732273101807
1,12.35,4.05329266190529,7.08460807800293
1,12.36,4.05662596179172,7.09831714630127
1,12.37,4.05995926167816,7.1108341217041
1,12.38,4.06329256156459,7.1251392364502
1,12.39,4.06662586145103,7.13646411895752
1,12.4,4.06995916133747,7.14778900146484
1,12.41,4.0732924612239,7.16030597686768
1,12.42,4.07662576111034,7.17401504516602
1,12.43,4.07995906099677,7.18414783477783
1,12.44,4.08329236088321,7.19726085662842
1,12.45,4.08662566076964,7.21275806427002
1,12.46,4.08995896065608,7.22587108612061
1,12.47,4.09329226054251,7.23540782928467
1,12.48,4.09662556042895,7.25090503692627
1,12.49,4.09995886031538,7.26103782653809
1,12.5,4.10329216020182,7.27653503417969
1,12.51,4.10662546008825,7.29024410247803
1,12.52,4.10995875997469,7.30216503143311
1,12.53,4.11329205986112,7.31408596038818
1,12.54,4.11662535974756,7.32660293579102
1,12.55,4.11995865963399,7.33792781829834
1,12.56,4.12329195952043,7.35223293304443
1,12.57,4.12662525940686,7.36415386199951
1,12.58,4.1299585592933,7.37369060516357
1,12.59,4.13329185917974,7.38382339477539
1,12.6,4.13662515906617,7.3927640914917
1,12.61,4.13995845895261,7.40766525268555
1,12.62,4.14329175883904,7.41958618164063
1,12.63,4.14662505872548,7.4303150177002
1,12.64,4.14995835861191,7.44342803955078
1,12.65,4.15329165849835,7.46011734008789
1,12.66,4.15662495838478,7.4690580368042
1,12.67,4.15995825827122,7.48634338378906
1,12.68,4.16329155815765,7.5000524520874
1,12.69,4.16662485804409,7.51674175262451
1,12.7,4.16995815793052,7.53104686737061
1,12.71,4.17329145781696,7.54058361053467
1,12.72,4.17662475770339,7.55548477172852
1,12.73,4.17995805758983,7.57157802581787
1,12.74,4.18329135747626,7.59124755859375
1,12.75,4.1866246573627,7.6061487197876
1,12.76,4.18995795724913,7.61628150939941
1,12.77,4.19329125713557,7.62820243835449
1,12.78,4.19662455702201,7.64191150665283
1,12.79,4.19995785690844,7.65442848205566
1,12.8,4.20329115679488,7.67171382904053
1,12.81,4.20662445668131,7.68125057220459
1,12.82,4.20995775656775,7.69615173339844
1,12.83,4.21329105645418,7.7134370803833
1,12.84,4.21662435634062,7.72655010223389
1,12.85,4.21995765622705,7.7444314956665
1,12.86,4.22329095611349,7.75992870330811
1,12.87,4.22662425599992,7.77721405029297
1,12.88,4.22995755588636,7.79271125793457
1,12.89,4.23329085577279,7.81059265136719
1,12.9,4.23662415565923,7.82668590545654
1,12.91,4.23995745554566,7.84575939178467
1,12.92,4.2432907554321,7.86304473876953
1,12.93,4.24662405531853,7.8815221786499
1,12.94,4.24995735520497,7.90119171142578
1,12.95,4.25329065509141,7.91966915130615
1,12.96,4.25662395497784,7.93993473052979
1,12.97,4.25995725486428,7.95602798461914
1,12.98,4.26329055475071,7.9721212387085
1,12.99,4.26662385463715,7.98821449279785
1,13,4.26995715452358,8.00371170043945
1,13.01,4.27329045441002,8.01503658294678
1,13.02,4.27662375429645,8.02695751190186
1,13.03,4.27995705418289,8.04543495178223
1,13.04,4.28329035406932,8.06033611297607
1,13.05,4.28662365395576,8.07702541351318
1,13.06,4.28995695384219,8.09073448181152
1,13.07,4.29329025372863,8.10325145721436
1,13.08,4.29662355361506,8.12172889709473
1,13.09,4.2999568535015,8.13484191894531
1,13.1,4.30329015338793,8.14974308013916
1,13.11,4.30662345327437,8.16285610198975
1,13.12,4.3099567531608,8.17298889160156
1,13.13,4.31329005304724,8.18312168121338
1,13.14,4.31662335293368,8.19623470306396
1,13.15,4.31995665282011,8.21173191070557
1,13.16,4.32328995270655,8.22603702545166
1,13.17,4.32662325259298,8.2474946975708
1,13.18,4.32995655247942,8.26179981231689
1,13.19,4.33328985236585,8.27610492706299
1,13.2,4.33662315225229,8.29398632049561
1,13.21,4.33995645213872,8.30948352813721
1,13.22,4.34328975202516,8.32617282867432
1,13.23,4.34662305191159,8.34226608276367
1,13.24,4.34995635179803,8.3547830581665
1,13.25,4.35328965168446,8.36730003356934
1,13.26,4.3566229515709,8.38160514831543
1,13.27,4.35995625145733,8.39352607727051
1,13.28,4.36328955134377,8.4078311920166
1,13.29,4.3666228512302,8.41975212097168
1,13.3,4.36995615111664,8.43226909637451
1,13.31,4.37328945100307,8.44776630401611
1,13.32,4.37662275088951,8.45849514007568
1,13.33,4.37995605077595,8.47041606903076
1,13.34,4.38328935066238,8.48054885864258
1,13.35,4.38662265054882,8.49783420562744
1,13.36,4.38995595043525,8.506178855896
1,13.37,4.39328925032169,8.51809978485107
1,13.38,4.39662255020812,8.52823257446289
1,13.39,4.39995585009456,8.54134559631348
1,13.4,4.40328914998099,8.55624675750732
1,13.41,4.40662244986743,8.56637954711914
1,13.42,4.40995574975386,8.58187675476074
1,13.43,4.4132890496403,8.5914134979248
1,13.44,4.41662234952673,8.60869884490967
1,13.45,4.41995564941317,8.62479209899902
1,13.46,4.4232889492996,8.63850116729736
1,13.47,4.42662224918604,8.65459442138672
1,13.48,4.42995554907247,8.67009162902832
1,13.49,4.43328884895891,8.68439674377441
1,13.5,4.43662214884534,8.70108604431152
1,13.51,4.43995544873178,8.7130069732666
1,13.52,4.44328874861822,8.73029232025146
1,13.53,4.44662204850465,8.7428092956543
1,13.54,4.44995534839109,8.75294208526611
1,13.55,4.45328864827752,8.76724720001221
1,13.56,4.45662194816396,8.78214836120605
1,13.57,4.45995524805039,8.79466533660889
1,13.58,4.46328854793683,8.80897045135498
1,13.59,4.46662184782326,8.82565975189209
1,13.6,4.4699551477097,8.83698463439941
1,13.61,4.47328844759613,8.84711742401123
1,13.62,4.47662174748257,8.85963439941406
1,13.63,4.479955047369,8.87095928192139
1,13.64,4.48328834725544,8.8876485824585
1,13.65,4.48662164714187,8.89837741851807
1,13.66,4.48995494702831,8.90672206878662
1,13.67,4.49328824691474,8.91506671905518
1,13.68,4.49662154680118,8.92460346221924
1,13.69,4.49995484668762,8.93473625183105
1,13.7,4.50328814657405,8.94248485565186
1,13.71,4.50662144646049,8.95440578460693
1,13.72,4.50995474634692,8.96155834197998
1,13.73,4.51328804623336,8.96990299224854
1,13.74,4.51662134611979,8.98182392120361
1,13.75,4.51995464600623,8.99195671081543
1,13.76,4.52328794589266,9.002685546875
1,13.77,4.5266212457791,9.01639461517334
1,13.78,4.52995454566553,9.02771949768066
1,13.79,4.53328784555197,9.03844833374023
1,13.8,4.5366211454384,9.05156135559082
1,13.81,4.53995444532484,9.06050205230713
1,13.82,4.54328774521127,9.07301902770996
1,13.83,4.54662104509771,9.08613204956055
1,13.84,4.54995434498414,9.09626483917236
1,13.85,4.55328764487058,9.10520553588867
1,13.86,4.55662094475701,9.1177225112915
1,13.87,4.55995424464345,9.1320276260376
1,13.88,4.56328754452989,9.14514064788818
1,13.89,4.56662084441632,9.15586948394775
1,13.9,4.56995414430276,9.16481018066406
1,13.91,4.57328744418919,9.17553901672363
1,13.92,4.57662074407563,9.18745994567871
1,13.93,4.57995404396206,9.20116901397705
1,13.94,4.5832873438485,9.21189785003662
1,13.95,4.58662064373493,9.2238187789917
1,13.96,4.58995394362137,9.23812389373779
1,13.97,4.5932872435078,9.24766063690186
1,13.98,4.59662054339424,9.26375389099121
1,13.99,4.59995384328067,9.27984714508057
1,14,4.60328714316711,9.29355621337891
1,14.01,4.60662044305354,9.31024551391602
1,14.02,4.60995374293998,9.31918621063232
1,14.03,4.61328704282641,9.33229923248291
1,14.04,4.61662034271285,9.34302806854248
1,14.05,4.61995364259928,9.35614109039307
1,14.06,4.62328694248572,9.36686992645264
1,14.07,4.62662024237216,9.37759876251221
1,14.08,4.62995354225859,9.38594341278076
1,14.09,4.63328684214503,9.39548015594482
1,14.1,4.63662014203146,9.40561294555664
1,14.11,4.6399534419179,9.41693782806396
1,14.12,4.64328674180433,9.43005084991455
1,14.13,4.64662004169077,9.4449520111084
1,14.14,4.6499533415772,9.46164131164551
1,14.15,4.65328664146364,9.47654247283936
1,14.16,4.65661994135007,9.4980001449585
1,14.17,4.65995324123651,9.5212459564209
1,14.18,4.66328654112294,9.53912734985352
1,14.19,4.66661984100938,9.55879688262939
1,14.2,4.66995314089581,9.57489013671875
1,14.21,4.67328644078225,9.59396362304688
1,14.22,4.67661974066868,9.61065292358398
1,14.23,4.67995304055512,9.63449478149414
1,14.24,4.68328634044155,9.65595245361328
1,14.25,4.68661964032799,9.67144966125488
1,14.26,4.68995294021443,9.68575477600098
1,14.27,4.69328624010086,9.70184803009033
1,14.28,4.6966195399873,9.7203254699707
1,14.29,4.69995283987373,9.73522663116455
1,14.3,4.70328613976017,9.74893569946289
1,14.31,4.7066194396466,9.76204872131348
1,14.32,4.70995273953304,9.77456569671631
1,14.33,4.71328603941947,9.78410243988037
1,14.34,4.71661933930591,9.79721546173096
1,14.35,4.71995263919234,9.80913639068604
1,14.36,4.72328593907878,9.81986522674561
1,14.37,4.72661923896521,9.83536243438721
1,14.38,4.72995253885165,9.84609127044678
1,14.39,4.73328583873808,9.85860824584961
1,14.4,4.73661913862452,9.87112522125244
1,14.41,4.73995243851095,9.88543033599854
1,14.42,4.74328573839739,9.89854335784912
1,14.43,4.74661903828383,9.91404056549072
1,14.44,4.74995233817026,9.93072986602783
1,14.45,4.7532856380567,9.9414587020874
1,14.46,4.75661893794313,9.95635986328125
1,14.47,4.75995223782957,9.97185707092285
1,14.48,4.763285537716,9.98318195343018
1,14.49,4.76661883760244,9.99927520751953
1,14.5,4.76995213748887,10.0129842758179
1,14.51,4.77328543737531,10.0249052047729
1,14.52,4.77995203714818,10.039210319519
1,14.54,4.78328533703461,10.0761651992798
1,14.55,4.78661863692105,10.0886821746826
1,14.56,4.78995193680748,10.1041793823242
1,14.57,4.79328523669392,10.1226568222046
1,14.58,4.79661853658035,10.1357698440552
1,14.59,4.79995183646679,10.1488828659058
1,14.6,4.80328513635322,10.1631879806519
1,14.61,4.8099517361261,10.1763010025024
1,14.62,4.81328503601253,10.1882219314575
1,14.63,4.81661833589897,10.1995468139648
1,14.65,4.8199516357854,10.225772857666
1,14.66,4.82661823555827,10.2388858795166
1,14.67,4.82995153544471,10.2502107620239
1,14.68,4.83328483533114,10.2591514587402
1,14.69,4.83661813521758,10.2752447128296
1,14.7,4.83995143510401,10.2907419204712
1,14.71,4.84328473499045,10.305643081665
1,14.72,4.84661803487688,10.3229284286499
1,14.73,4.84995133476332,10.3378295898438
1,14.74,4.85328463464975,10.3515386581421
1,14.75,4.85661793453619,10.3640556335449
1,14.76,4.85995123442262,10.3771686553955
1,14.77,4.86328453430906,10.3902816772461
1,14.78,4.86661783419549,10.4063749313354
1,14.79,4.86995113408193,10.417103767395
1,14.8,4.87328443396837,10.4314088821411
1,14.81,4.8766177338548,10.4469060897827
1,14.82,4.87995103374124,10.4606151580811
1,14.83,4.88328433362767,10.4755163192749
1,14.84,4.88661763351411,10.4838609695435
1,14.85,4.88995093340054,10.4951858520508
1,14.86,4.89328423328698,10.5082988739014
1,14.87,4.89661753317341,10.5190277099609
1,14.88,4.89995083305985,10.5297565460205
1,14.89,4.90328413294628,10.5416774749756
1,14.9,4.90661743283272,10.5512142181396
1,14.91,4.90995073271915,10.5619430541992
1,14.92,4.91328403260559,10.5738639831543
1,14.93,4.91661733249202,10.5869770050049
1,14.94,4.91995063237846,10.5994939804077
1,14.95,4.92328393226489,10.6143951416016
1,14.96,4.92661723215133,10.6304883956909
1,14.97,4.92995053203776,10.6453895568848
1,14.98,4.9332838319242,10.6596946716309
1,14.99,4.93661713181064,10.6757879257202
1,15,4.93995043169707,10.6942653656006
1,15.01,4.94328373158351,10.7091665267944
1,15.02,4.94661703146994,10.7240676879883
1,15.03,4.94995033135638,10.7336044311523
1,15.04,4.95328363124281,10.7467174530029
1,15.05,4.95661693112925,10.758638381958
1,15.06,4.95995023101568,10.7741355895996
1,15.07,4.96328353090212,10.7872486114502
1,15.08,4.96661683078855,10.8051300048828
1,15.09,4.96995013067499,10.8194351196289
1,15.1,4.97328343056142,10.8343362808228
1,15.11,4.97661673044786,10.8474493026733
1,15.12,4.97995003033429,10.867714881897
1,15.13,4.98328333022073,10.8802318572998
1,15.14,4.98661663010716,10.8921527862549
1,15.15,4.9899499299936,10.906457901001
1,15.16,4.99328322988004,10.9153985977173
1,15.17,4.99661652976647,10.9326839447021
1,15.18,4.99994982965291,10.9434127807617
1,15.19,5.00328312953934,10.9595060348511
1,15.2,5.00661642942578,10.9708309173584
1,15.21,5.00994972931221,10.9803676605225
1,15.22,5.01328302919865,10.9905004501343
1,15.23,5.01661632908508,11.0030174255371
1,15.24,5.01994962897152,11.0167264938354
1,15.25,5.02328292885795,11.0286474227905
1,15.26,5.02661622874439,11.0381841659546
1,15.27,5.02994952863082,11.0512971878052
1,15.28,5.03328282851726,11.0626220703125
1,15.29,5.03661612840369,11.0769271850586
1,15.3,5.03994942829013,11.0912322998047
1,15.31,5.04328272817656,11.104941368103
1,15.32,5.046616028063,11.1174583435059
1,15.33,5.04994932794943,11.1293792724609
1,15.34,5.05328262783587,11.1448764801025
1,15.35,5.05661592772231,11.1597776412964
1,15.36,5.05994922760874,11.1711025238037
1,15.37,5.06328252749518,11.1830234527588
1,15.38,5.06661582738161,11.1985206604004
1,15.39,5.06994912726805,11.20924949646
1,15.4,5.07328242715448,11.2205743789673
1,15.41,5.07661572704092,11.2348794937134
1,15.42,5.07994902692735,11.2468004226685
1,15.43,5.08328232681379,11.2605094909668
1,15.44,5.08661562670022,11.2700462341309
1,15.45,5.08994892658666,11.2801790237427
1,15.46,5.09328222647309,11.2903118133545
1,15.47,5.09661552635953,11.2980604171753
1,15.48,5.09994882624596,11.3087892532349
1,15.49,5.1032821261324,11.3189220428467
1,15.5,5.10661542601883,11.3320350646973
1,15.51,5.10994872590527,11.3427639007568
1,15.52,5.1132820257917,11.3558769226074
1,15.53,5.11661532567814,11.3707780838013
1,15.54,5.11994862556458,11.3832950592041
1,15.55,5.12328192545101,11.3981962203979
1,15.56,5.12661522533745,11.4142894744873
1,15.57,5.12994852522388,11.4244222640991
1,15.58,5.13328182511032,11.4405155181885
1,15.59,5.13661512499675,11.4548206329346
1,15.6,5.13994842488319,11.4673376083374
1,15.61,5.14328172476962,11.4822387695313
1,15.62,5.14661502465606,11.4959478378296
1,15.63,5.14994832454249,11.5120410919189
1,15.64,5.15328162442893,11.523962020874
1,15.65,5.15661492431536,11.5346908569336
1,15.66,5.1599482242018,11.5472078323364
1,15.67,5.16328152408823,11.562705039978
1,15.68,5.16661482397467,11.5776062011719
1,15.69,5.1699481238611,11.5883350372314
1,15.7,5.17328142374754,11.6002559661865
1,15.71,5.17661472363397,11.6127729415894
1,15.72,5.17994802352041,11.6229057312012
1,15.73,5.18328132340685,11.6384029388428
1,15.74,5.18661462329328,11.6521120071411
1,15.75,5.18994792317972,11.6658210754395
1,15.76,5.19328122306615,11.6825103759766
1,15.77,5.19661452295259,11.6974115371704
1,15.78,5.19994782283902,11.7158889770508
1,15.79,5.20328112272546,11.7373466491699
1,15.8,5.20661442261189,11.7552280426025
1,15.81,5.20994772249833,11.7760896682739
1,15.82,5.21328102238476,11.7957592010498
1,15.83,5.2166143222712,11.8148326873779
1,15.84,5.21994762215763,11.8374824523926
1,15.85,5.22328092204407,11.8589401245117
1,15.86,5.2266142219305,11.8774175643921
1,15.87,5.22994752181694,11.899471282959
1,15.88,5.23328082170337,11.9179487228394
1,15.89,5.23661412158981,11.9346380233765
1,15.9,5.23994742147625,11.9543075561523
1,15.91,5.24328072136268,11.9686126708984
1,15.92,5.24661402124912,11.9847059249878
1,15.93,5.24994732113555,12.0025873184204
1,15.94,5.25328062102199,12.0121240615845
1,15.95,5.25661392090842,12.0258331298828
1,15.96,5.25994722079486,12.0395421981812
1,15.97,5.26328052068129,12.0538473129272
1,15.98,5.26661382056773,12.0723247528076
1,15.99,5.26994712045416,12.0824575424194
1,16,5.2732804203406,12.0967626571655
1,16.01,5.27661372022703,12.1086835861206
1,16.02,5.27994702011347,12.1217966079712
1,16.03,5.2832803199999,12.1390819549561
1,16.04,5.28661361988634,12.1474266052246
1,16.05,5.28994691977277,12.1623277664185
1,16.06,5.29328021965921,12.1748447418213
1,16.07,5.29661351954564,12.1927261352539
1,16.08,5.29994681943208,12.2058391571045
1,16.09,5.30328011931852,12.2207403182983
1,16.1,5.30661341920495,12.238621711731
1,16.11,5.30994671909139,12.2511386871338
1,16.12,5.31328001897782,12.2666358947754
1,16.13,5.31661331886426,12.282133102417
1,16.14,5.31994661875069,12.2988224029541
1,16.15,5.32327991863713,12.3167037963867
1,16.16,5.32661321852356,12.3327970504761
1,16.17,5.32994651841,12.3506784439087
1,16.18,5.33327981829643,12.3661756515503
1,16.19,5.33661311818287,12.3840570449829
1,16.2,5.3399464180693,12.3995542526245
1,16.21,5.34327971795574,12.4138593673706
1,16.22,5.34661301784217,12.4287605285645
1,16.23,5.34994631772861,12.4412775039673
1,16.24,5.35327961761504,12.4543905258179
1,16.25,5.35661291750148,12.4645233154297
1,16.26,5.35994621738791,12.4770402908325
1,16.27,5.36327951727435,12.4859809875488
1,16.28,5.36661281716079,12.4955177307129
1,16.29,5.36994611704722,12.5092267990112
1,16.3,5.37327941693366,12.5175714492798
1,16.31,5.37661271682009,12.5300884246826
1,16.32,5.37994601670653,12.5443935394287
1,16.33,5.38327931659296,12.5575065612793
1,16.34,5.3866126164794,12.5682353973389
1,16.35,5.38994591636583,12.5789642333984
1,16.36,5.39327921625227,12.592077255249
1,16.37,5.3966125161387,12.6075744628906
1,16.38,5.39994581602514,12.6200914382935
1,16.39,5.40327911591157,12.6373767852783
1,16.4,5.40661241579801,12.6534700393677
1,16.41,5.40994571568444,12.6665830612183
1,16.42,5.41327901557088,12.6820802688599
1,16.43,5.41661231545731,12.6975774765015
1,16.44,5.41994561534375,12.7106904983521
1,16.45,5.42327891523018,12.7255916595459
1,16.46,5.42661221511662,12.7404928207397
1,16.47,5.42994551500306,12.7559900283813
1,16.48,5.43327881488949,12.7685070037842
1,16.49,5.43661211477593,12.783408164978
1,16.5,5.43994541466236,12.8000974655151
1,16.51,5.4432787145488,12.8167867660522
1,16.52,5.44661201443523,12.8275156021118
1,16.53,5.44994531432167,12.8406286239624
1,16.54,5.4532786142081,12.851357460022
1,16.55,5.45661191409454,12.8638744354248
1,16.56,5.45994521398097,12.8781795501709
1,16.57,5.46327851386741,12.8895044326782
1,16.58,5.46661181375384,12.8966569900513
1,16.59,5.46994511364028,12.9091739654541
1,16.6,5.47327841352671,12.9199028015137
1,16.61,5.47661171341315,12.9294395446777
1,16.62,5.47994501329958,12.9431486129761
1,16.63,5.48327831318602,12.9532814025879
1,16.64,5.48661161307246,12.9640102386475
1,16.65,5.48994491295889,12.9705667495728
1,16.66,5.49327821284533,12.9818916320801
1,16.67,5.49661151273176,12.9914283752441
1,16.68,5.4999448126182,13.0003690719604
1,16.69,5.50327811250463,13.01109790802
1,16.7,5.50661141239107,13.0206346511841
1,16.71,5.5099447122775,13.0301713943481
1,16.72,5.51327801216394,13.0379199981689
1,16.73,5.51661131205037,13.0438804626465
1,16.74,5.51994461193681,13.0552053451538
1,16.75,5.52327791182324,13.0629539489746
1,16.76,5.52661121170968,13.0712985992432
1,16.77,5.52994451159611,13.0802392959595
1,16.78,5.53327781148255,13.090968132019
1,16.79,5.53661111136898,13.1022930145264
1,16.8,5.53994441125542,13.1160020828247
1,16.81,5.54327771114185,13.1332874298096
1,16.82,5.54661101102829,13.1446123123169
1,16.83,5.54994431091473,13.1559371948242
1,16.84,5.55327761080116,13.1726264953613
1,16.85,5.5566109106876,13.1887197494507
1,16.86,5.55994421057403,13.2042169570923
1,16.87,5.56327751046047,13.2215023040771
1,16.88,5.5666108103469,13.2346153259277
1,16.89,5.56994411023334,13.2536888122559
1,16.9,5.57327741011977,13.2685899734497
1,16.91,5.57661071000621,13.2858753204346
1,16.92,5.57994400989264,13.3019685745239
1,16.93,5.58327730977908,13.3144855499268
1,16.94,5.58661060966551,13.3299827575684
1,16.95,5.58994390955195,13.34547996521
1,16.96,5.59327720943838,13.3562088012695
1,16.97,5.59661050932482,13.3711099624634
1,16.98,5.59994380921125,13.3848190307617
1,16.99,5.60327710909769,13.3985280990601
1,17,5.60661040898412,13.4122371673584
1,17.01,5.60994370887056,13.4271383285522
1,17.02,5.613277008757,13.4414434432983
1,17.03,5.61661030864343,13.4503841400146
1,17.04,5.61994360852987,13.4676694869995
1,17.05,5.6232769084163,13.4825706481934
1,17.06,5.62661020830274,13.4962797164917
1,17.07,5.62994350818917,13.5147571563721
1,17.08,5.63327680807561,13.5308504104614
1,17.09,5.63661010796204,13.5499238967896
1,17.1,5.63994340784848,13.5672092437744
1,17.11,5.64327670773491,13.5838985443115
1,17.12,5.64661000762135,13.6041641235352
1,17.13,5.64994330750778,13.6172771453857
1,17.14,5.65327660739422,13.6387348175049
1,17.15,5.65660990728065,13.6524438858032
1,17.16,5.65994320716709,13.6750936508179
1,17.17,5.66327650705352,13.6899948120117
1,17.18,5.66660980693996,13.7060880661011
1,17.19,5.66994310682639,13.725757598877
1,17.2,5.67327640671283,13.7454271316528
1,17.21,5.67660970659927,13.7639045715332
1,17.22,5.6799430064857,13.7817859649658
1,17.23,5.68327630637214,13.8044357299805
1,17.24,5.68660960625857,13.8187408447266
1,17.25,5.68994290614501,13.8354301452637
1,17.26,5.69327620603144,13.8521194458008
1,17.27,5.69660950591788,13.8694047927856
1,17.28,5.69994280580431,13.883113861084
1,17.29,5.70327610569075,13.8968229293823
1,17.3,5.70660940557718,13.9117240905762
1,17.31,5.70994270546362,13.9236450195313
1,17.32,5.71327600535005,13.9379501342773
1,17.33,5.71660930523649,13.9540433883667
1,17.34,5.71994260512292,13.9701366424561
1,17.35,5.72327590500936,13.9886140823364
1,17.36,5.72660920489579,14.0053033828735
1,17.37,5.72994250478223,14.0202045440674
1,17.38,5.73327580466867,14.0380859375
1,17.39,5.7366091045551,14.0553712844849
1,17.4,5.73994240444154,14.072060585022
1,17.41,5.74327570432797,14.0911340713501
1,17.42,5.74660900421441,14.1042470932007
1,17.43,5.74994230410084,14.1161680221558
1,17.44,5.75327560398728,14.1334533691406
1,17.45,5.75660890387371,14.1507387161255
1,17.46,5.75994220376015,14.1680240631104
1,17.47,5.76327550364658,14.1805410385132
1,17.48,5.76660880353302,14.193058013916
1,17.49,5.76994210341945,14.2109394073486
1,17.5,5.77327540330589,14.224648475647
1,17.51,5.77660870319232,14.2383575439453
1,17.52,5.77994200307876,14.2526626586914
1,17.53,5.78327530296519,14.268159866333
1,17.54,5.78660860285163,14.2830610275269
1,17.55,5.78994190273806,14.3003463745117
1,17.56,5.7932752026245,14.3140554428101
1,17.57,5.79660850251094,14.3307447433472
1,17.58,5.79994180239737,14.3450498580933
1,17.59,5.80327510228381,14.3599510192871
1,17.6,5.80660840217024,14.3694877624512
1,17.61,5.80994170205668,14.3855810165405
1,17.62,5.81327500194311,14.3957138061523
1,17.63,5.81660830182955,14.4082307815552
1,17.64,5.81994160171598,14.4219398498535
1,17.65,5.82327490160242,14.4356489181519
1,17.66,5.82660820148885,14.4493579864502
1,17.67,5.82994150137529,14.459490776062
1,17.68,5.83327480126172,14.4702196121216
1,17.69,5.83660810114816,14.4815444946289
1,17.7,5.83994140103459,14.4952535629272
1,17.71,5.84327470092103,14.5077705383301
1,17.72,5.84660800080746,14.5173072814941
1,17.73,5.8499413006939,14.5351886749268
1,17.74,5.85327460058033,14.5494937896729
1,17.75,5.85660790046677,14.5649909973145
1,17.76,5.85994120035321,14.5787000656128
1,17.77,5.86327450023964,14.5930051803589
1,17.78,5.86660780012608,14.6108865737915
1,17.79,5.86994110001251,14.6269798278809
1,17.8,5.87327439989895,14.6400928497314
1,17.81,5.87660769978538,14.6645307540894
1,17.82,5.87994099967182,14.6818161010742
1,17.83,5.88327429955825,14.7008895874023
1,17.84,5.88660759944469,14.7181749343872
1,17.85,5.88994089933112,14.7366523742676
1,17.86,5.89327419921756,14.7521495819092
1,17.87,5.89660749910399,14.7664546966553
1,17.88,5.89994079899043,14.7819519042969
1,17.89,5.90327409887686,14.7950649261475
1,17.9,5.9066073987633,14.8153305053711
1,17.91,5.90994069864973,14.8320198059082
1,17.92,5.91327399853617,14.8415565490723
1,17.93,5.9166072984226,14.8570537567139
1,17.94,5.91994059830904,14.8677825927734
1,17.95,5.92327389819548,14.8820877075195
1,17.96,5.92994049796835,14.8963928222656
1,17.98,5.93327379785478,14.9106979370117
1,17.99,5.93660709774122,14.9226188659668
1,18,5.93994039762765,14.9369239807129
1,18.01,5.94660699740052,14.95361328125
1,18.02,5.94994029728696,14.9655342102051
1,18.04,5.95327359717339,14.9846076965332
1,18.05,5.95994019694626,14.9905681610107
1,18.06,5.9632734968327,15.0108337402344
1,18.08,5.96994009660557,15.0299072265625
1,18.1,5.973273396492,15.0537490844727
1,18.11,5.97993999626487,15.0609016418457
1,18.12,5.98327329615131,15.0716304779053
1,18.14,5.98993989592418,15.0895118713379
1,18.15,5.99327319581062,15.0978565216064
1,18.16,5.99660649569705,15.1073932647705
1,18.17,5.99993979558349,15.1169300079346
1,18.18,6.00327309546992,15.1312351226807
1,18.19,6.00660639535636,15.1383876800537
1,18.2,6.00993969524279,15.1538848876953
1,18.21,6.01327299512923,15.1669979095459
1,18.22,6.01660629501566,15.1801109313965
1,18.23,6.0199395949021,15.1956081390381
1,18.24,6.02327289478853,15.2111053466797
1,18.25,6.02660619467497,15.2254104614258
1,18.26,6.0299394945614,15.2361392974854
1,18.27,6.03327279444784,15.2468681335449
1,18.28,6.03660609433427,15.2623653411865
1,18.29,6.03993939422071,15.2790546417236
1,18.3,6.04327269410715,15.2885913848877
1,18.31,6.04660599399358,15.3017044067383
1,18.32,6.04993929388002,15.3112411499023
1,18.33,6.05327259376645,15.3231620788574
1,18.34,6.05660589365289,15.336275100708
1,18.35,6.05993919353932,15.338659286499
1,18.36,6.06327249342576,15.3601169586182
1,18.37,6.06660579331219,15.3708457946777
1,18.38,6.06993909319863,15.3851509094238
1,18.39,6.07327239308506,15.3934955596924
1,18.4,6.0766056929715,15.406608581543
1,18.41,6.07993899285793,15.4232978820801
1,18.42,6.08327229274437,15.4387950897217
1,18.43,6.0866055926308,15.4542922973633
1,18.44,6.08993889251724,15.4674053192139
1,18.45,6.09327219240367,15.4829025268555
1,18.46,6.09660549229011,15.5007839202881
1,18.47,6.09993879217654,15.5115127563477
1,18.48,6.10327209206298,15.5222415924072
1,18.49,6.10660539194942,15.5436992645264
1,18.5,6.10993869183585,15.559196472168
1,18.51,6.11327199172229,15.5770778656006
1,18.52,6.11660529160872,15.5949592590332
1,18.53,6.11993859149516,15.6092643737793
1,18.54,6.12327189138159,15.6271457672119
1,18.55,6.12660519126803,15.6426429748535
1,18.56,6.12993849115446,15.6605243682861
1,18.57,6.1332717910409,15.6688690185547
1,18.58,6.13660509092733,15.6867504119873
1,18.59,6.13993839081377,15.6962871551514
1,18.6,6.1432716907002,15.7058238983154
1,18.61,6.14660499058664,15.7153606414795
1,18.62,6.14993829047307,15.7368183135986
1,18.63,6.15327159035951,15.7487392425537
1,18.64,6.15660489024594,15.7582759857178
1,18.65,6.15993819013238,15.7797336578369
1,18.66,6.16327149001881,15.7928466796875
1,18.67,6.16660478990525,15.8131122589111
1,18.68,6.16993808979169,15.8309936523438
1,18.69,6.17327138967812,15.8476829528809
1,18.7,6.17660468956456,15.8703327178955
1,18.71,6.17993798945099,15.8905982971191
1,18.72,6.18327128933743,15.9096717834473
1,18.73,6.18660458922386,15.9335136413574
1,18.74,6.1899378891103,15.9561634063721
1,18.75,6.19327118899673,15.9716606140137
1,18.76,6.19660448888317,15.9978866577148
1,18.77,6.1999377887696,16.0181522369385
1,18.78,6.20327108865604,16.0348415374756
1,18.79,6.20660438854247,16.0515308380127
1,18.8,6.20993768842891,16.0646438598633
1,18.81,6.21327098831534,16.0753726959229
1,18.82,6.21660428820178,16.0908699035645
1,18.83,6.21993758808821,16.101598739624
1,18.84,6.22327088797465,16.1063671112061
1,18.85,6.22660418786108,16.1194801330566
1,18.86,6.22993748774752,16.1302089691162
1,18.87,6.23327078763396,16.1385536193848
1,18.88,6.23660408752039,16.1457061767578
1,18.89,6.23993738740683,16.1647796630859
1,18.9,6.24327068729326,16.1838531494141
1,18.91,6.2466039871797,16.1981582641602
1,18.92,6.24993728706613,16.2172317504883
1,18.93,6.25327058695257,16.2339210510254
1,18.94,6.256603886839,16.2553787231445
1,18.95,6.25993718672544,16.2649154663086
1,18.96,6.26327048661187,16.2839889526367
1,18.97,6.26660378649831,16.2982940673828
1,18.98,6.26993708638474,16.3137912750244
1,18.99,6.27327038627118,16.329288482666
1,19,6.27660368615761,16.3424015045166
1,19.01,6.27993698604405,16.3590908050537
1,19.02,6.28327028593048,16.3698196411133
1,19.03,6.28660358581692,16.3829326629639
1,19.04,6.28993688570336,16.3900852203369
1,19.05,6.29327018558979,16.3960456848145
1,19.06,6.29660348547623,16.402006149292
1,19.07,6.29993678536266,16.409158706665
1,19.08,6.3032700852491,16.4175033569336
1,19.09,6.30660338513553,16.4330005645752
1,19.1,6.30993668502197,16.4365768432617
1,19.11,6.3132699849084,16.4508819580078
1,19.12,6.31660328479484,16.4604187011719
1,19.13,6.31993658468127,16.4735317230225
1,19.14,6.32326988456771,16.4914131164551
1,19.15,6.32660318445414,16.5009498596191
1,19.16,6.32993648434058,16.5176391601563
1,19.17,6.33326978422701,16.5247917175293
1,19.18,6.33660308411345,16.5450572967529
1,19.19,6.33993638399989,16.5653228759766
1,19.2,6.34326968388632,16.5796279907227
1,19.21,6.34660298377275,16.6022777557373
1,19.22,6.34993628365919,16.6165828704834
1,19.23,6.35326958354563,16.6213512420654
1,19.24,6.35660288343206,16.636848449707
1,19.25,6.3599361833185,16.6583061218262
1,19.26,6.36326948320493,16.6761875152588
1,19.27,6.36660278309137,16.6845321655273
1,19.28,6.3699360829778,16.6952610015869
1,19.29,6.37326938286424,16.7131423950195
1,19.3,6.37660268275067,16.7310237884521
1,19.31,6.37993598263711,16.7441368103027
1,19.32,6.38326928252354,16.7632102966309
1,19.33,6.38660258240998,16.7763233184814
1,19.34,6.38993588229641,16.791820526123
1,19.35,6.39326918218285,16.8025493621826
1,19.36,6.39660248206928,16.8132781982422
1,19.37,6.39993578195572,16.8287754058838
1,19.38,6.40326908184215,16.8430805206299
1,19.39,6.40660238172859,16.8585777282715
1,19.4,6.40993568161502,16.8740749359131
1,19.41,6.41326898150146,16.8883800506592
1,19.42,6.4166022813879,16.9026851654053
1,19.43,6.41993558127433,16.9181823730469
1,19.44,6.42326888116077,16.934871673584
1,19.45,6.4266021810472,16.9527530670166
1,19.46,6.42993548093364,16.9682502746582
1,19.47,6.43326878082007,16.9861316680908
1,19.48,6.43660208070651,16.9992446899414
1,19.49,6.43993538059294,17.017126083374
1,19.5,6.44326868047938,17.0314311981201
1,19.51,6.44660198036581,17.0385837554932
1,19.52,6.44993528025225,17.0516967773438
1,19.53,6.45326858013868,17.0648097991943
1,19.54,6.45660188002512,17.0814990997314
1,19.55,6.45993517991155,17.0981884002686
1,19.56,6.46326847979799,17.1101093292236
1,19.57,6.46660177968442,17.1244144439697
1,19.58,6.46993507957086,17.1422958374023
1,19.59,6.47326837945729,17.1554088592529
1,19.6,6.47660167934373,17.1768665313721
1,19.61,6.47993497923017,17.1923637390137
1,19.62,6.4832682791166,17.2019004821777
1,19.63,6.48660157900304,17.2090530395508
1,19.64,6.48993487888947,17.2317028045654
1,19.65,6.49326817877591,17.242431640625
1,19.66,6.49660147866234,17.2567367553711
1,19.67,6.49993477854878,17.2662734985352
1,19.68,6.50326807843521,17.2793865203857
1,19.69,6.50660137832165,17.2889232635498
1,19.7,6.50993467820808,17.2984600067139
1,19.71,6.51326797809452,17.3234939575195
1,19.72,6.51660127798095,17.3342227935791
1,19.73,6.51993457786739,17.3497200012207
1,19.74,6.52326787775382,17.3652172088623
1,19.75,6.52660117764026,17.3830986022949
1,19.76,6.52993447752669,17.402172088623
1,19.77,6.53326777741313,17.4188613891602
1,19.78,6.53660107729957,17.4391269683838
1,19.79,6.539934377186,17.4474716186523
1,19.8,6.54326767707244,17.4641609191895
1,19.81,6.54660097695887,17.4784660339355
1,19.82,6.54993427684531,17.4927711486816
1,19.83,6.55326757673174,17.5106525421143
1,19.84,6.55660087661818,17.5249576568604
1,19.85,6.55993417650461,17.5368785858154
1,19.86,6.56326747639105,17.552375793457
1,19.87,6.56660077627748,17.5666809082031
1,19.88,6.56993407616392,17.5881385803223
1,19.89,6.57326737605035,17.6084041595459
1,19.9,6.57660067593679,17.622709274292
1,19.91,6.57993397582322,17.6453590393066
1,19.92,6.58326727570966,17.6644325256348
1,19.93,6.5866005755961,17.6882743835449
1,19.94,6.58993387548253,17.7097320556641
1,19.95,6.59326717536896,17.7264213562012
1,19.96,6.5966004752554,17.7466869354248
1,19.97,6.59993377514184,17.7621841430664
1,19.98,6.60326707502827,17.780065536499
1,19.99,6.60660037491471,17.7991390228271
1,20,6.60993367480114,17.8182125091553
1,20.01,6.61326697468758,17.8337097167969
1,20.02,6.61660027457401,17.8623199462891
1,20.03,6.61993357446045,17.8778171539307
1,20.04,6.62326687434688,17.8968906402588
1,20.05,6.62660017423332,17.9100036621094
1,20.06,6.62993347411975,17.9374217987061
1,20.07,6.63326677400619,17.9505348205566
1,20.08,6.63660007389262,17.9755687713623
1,20.09,6.63993337377906,17.9934501647949
1,20.1,6.64326667366549,18.0065631866455
1,20.11,6.64659997355193,18.0220603942871
1,20.12,6.64993327343836,18.0339813232422
1,20.13,6.6532665733248,18.0494785308838
1,20.14,6.65659987321123,18.0613994598389
1,20.15,6.65993317309767,18.0709362030029
1,20.16,6.66326647298411,18.0864334106445
1,20.17,6.66659977287054,18.1043148040771
1,20.18,6.66993307275698,18.1162357330322
1,20.19,6.67326637264341,18.1317329406738
1,20.2,6.67659967252985,18.1448459625244
1,20.21,6.67993297241628,18.160343170166
1,20.22,6.68326627230272,18.1746482849121
1,20.23,6.68659957218915,18.1829929351807
1,20.24,6.68993287207559,18.2044506072998
1,20.25,6.69326617196202,18.2175636291504
1,20.26,6.69659947184846,18.230676651001
1,20.27,6.69993277173489,18.2425975799561
1,20.28,6.70326607162133,18.2688236236572
1,20.29,6.70659937150776,18.2890892028809
1,20.3,6.7099326713942,18.308162689209
1,20.31,6.71326597128063,18.315315246582
1,20.32,6.71659927116707,18.3320045471191
1,20.33,6.7199325710535,18.3486938476563
1,20.34,6.72326587093994,18.3629989624023
1,20.35,6.72659917082638,18.3784961700439
1,20.36,6.72993247071281,18.3951854705811
1,20.37,6.73326577059925,18.4035301208496
1,20.38,6.73659907048568,18.4166431427002
1,20.39,6.73993237037212,18.4297561645508
1,20.4,6.74326567025855,18.4416770935059
1,20.41,6.74659897014499,18.4512138366699
1,20.42,6.74993227003142,18.4643268585205
1,20.43,6.75326556991786,18.4786319732666
1,20.44,6.75659886980429,18.5012817382813
1,20.45,6.75993216969073,18.5167789459229
1,20.46,6.76326546957716,18.5322761535645
1,20.47,6.7665987694636,18.5489654541016
1,20.48,6.76993206935003,18.5704231262207
1,20.49,6.77326536923647,18.5883045196533
1,20.5,6.7765986691229,18.6026096343994
1,20.51,6.77993196900934,18.620491027832
1,20.52,6.78326526889578,18.6383724212646
1,20.53,6.78659856878221,18.6610221862793
1,20.54,6.78993186866865,18.6812877655029
1,20.55,6.79326516855508,18.7027454376221
1,20.56,6.79659846844152,18.7230110168457
1,20.57,6.79993176832795,18.7468528747559
1,20.58,6.80326506821439,18.7623500823975
1,20.59,6.80659836810082,18.7921524047852
1,20.6,6.80993166798726,18.8100337982178
1,20.61,6.81326496787369,18.8302993774414
1,20.62,6.81659826776013,18.850564956665
1,20.63,6.81993156764656,18.8755989074707
1,20.64,6.823264867533,18.8910961151123
1,20.65,6.82659816741943,18.9101696014404
1,20.66,6.82993146730587,18.9208984375
1,20.67,6.83326476719231,18.9352035522461
1,20.68,6.83659806707874,18.9578533172607
1,20.69,6.83993136696517,18.9709663391113
1,20.7,6.84326466685161,18.9876556396484
1,20.71,6.84659796673805,18.9995765686035
1,20.72,6.84993126662448,19.0043449401855
1,20.73,6.85326456651092,19.0186500549316
1,20.74,6.85659786639735,19.0246105194092
1,20.75,6.85993116628379,19.0353393554688
1,20.76,6.86326446617022,19.0377235412598
1,20.77,6.86659776605666,19.0472602844238
1,20.78,6.86993106594309,19.0567970275879
1,20.79,6.87326436582953,19.071102142334
1,20.8,6.87659766571596,19.0818309783936
1,20.81,6.8799309656024,19.0925598144531
1,20.82,6.88326426548883,19.1032886505127
1,20.83,6.88659756537527,19.1187858581543
1,20.84,6.8899308652617,19.1283226013184
1,20.85,6.89326416514814,19.1390514373779
1,20.86,6.89659746503457,19.1473960876465
1,20.87,6.89993076492101,19.1569328308105
1,20.88,6.90326406480744,19.1593170166016
1,20.89,6.90659736469388,19.1700458526611
1,20.9,6.90993066458032,19.1712379455566
1,20.91,6.91326396446675,19.1807746887207
1,20.92,6.91659726435319,19.1843509674072
1,20.93,6.91993056423962,19.1938877105713
1,20.94,6.92326386412606,19.1974639892578
1,20.95,6.92659716401249,19.2022323608398
1,20.96,6.92993046389893,19.2058086395264
1,20.97,6.93326376378536,19.2165374755859
1,20.98,6.9365970636718,19.2320346832275
1,20.99,6.93993036355823,19.2451477050781
1,21,6.94326366344467,19.2523002624512
1,21.01,6.9465969633311,19.2654132843018
1,21.02,6.94993026321754,19.2809104919434
1,21.03,6.95326356310397,19.2892551422119
1,21.04,6.95659686299041,19.3071365356445
1,21.05,6.95993016287684,19.3238258361816
1,21.06,6.96326346276328,19.3428993225098
1,21.07,6.96659676264971,19.3500518798828
1,21.08,6.96993006253615,19.3655490875244
1,21.09,6.97326336242259,19.3798542022705
1,21.1,6.97659666230902,19.385814666748
1,21.11,6.97992996219546,19.3977355957031
1,21.12,6.98326326208189,19.4048881530762
1,21.13,6.98659656196833,19.4144248962402
1,21.14,6.98992986185476,19.4311141967773
1,21.15,6.9932631617412,19.4466114044189
1,21.16,6.99659646162763,19.4597244262695
1,21.17,6.99992976151407,19.4776058197021
1,21.18,7.0032630614005,19.4931030273438
1,21.19,7.00659636128694,19.5121765136719
1,21.2,7.00992966117337,19.524097442627
1,21.21,7.01326296105981,19.5407867431641
1,21.22,7.01659626094624,19.5527076721191
1,21.23,7.01992956083268,19.5682048797607
1,21.24,7.02326286071911,19.5837020874023
1,21.25,7.02659616060555,19.5944309234619
1,21.26,7.02992946049199,19.6075439453125
1,21.27,7.03326276037842,19.6230411529541
1,21.28,7.03659606026486,19.6385383605957
1,21.29,7.03992936015129,19.6611881256104
1,21.3,7.04326266003773,19.6707248687744
1,21.31,7.04659595992416,19.6981430053711
1,21.32,7.0499292598106,19.7160243988037
1,21.33,7.05326255969703,19.7362899780273
1,21.34,7.05659585958347,19.7625160217285
1,21.35,7.0599291594699,19.7911262512207
1,21.36,7.06326245935634,19.8137760162354
1,21.37,7.06659575924277,19.831657409668
1,21.38,7.06992905912921,19.8483467102051
1,21.39,7.07326235901564,19.8721885681152
1,21.4,7.07659565890208,19.8948383331299
1,21.41,7.07992895878852,19.913911819458
1,21.42,7.08326225867495,19.9365615844727
1,21.43,7.08659555856138,19.9449062347412
1,21.44,7.08992885844782,19.9663639068604
1,21.45,7.09326215833426,19.989013671875
1,21.46,7.09659545822069,20.0045108795166
1,21.47,7.09992875810713,20.0235843658447
1,21.48,7.10326205799356,20.0438499450684
1,21.49,7.10992865776643,20.0581550598145
1,21.5,7.11326195765287,20.0784206390381
1,21.52,7.1165952575393,20.1141834259033
1,21.53,7.11992855742574,20.1332569122314
1,21.54,7.12659515719861,20.1511383056641
1,21.55,7.12992845708504,20.1737880706787
1,21.57,7.13326175697148,20.2107429504395
1,21.58,7.13992835674435,20.2310085296631
1,21.59,7.14326165663078,20.2488899230957
1,21.6,7.14659495651722,20.2679634094238
1,21.61,7.14992825640365,20.2906131744385
1,21.63,7.15326155629009,20.3299522399902
1,21.64,7.15992815606296,20.3418731689453
1,21.65,7.1632614559494,20.3621387481689
1,21.66,7.16659475583583,20.3728675842285
1,21.67,7.16992805572227,20.3907489776611
1,21.68,7.1732613556087,20.4074382781982
1,21.69,7.17659465549514,20.4133987426758
1,21.7,7.17992795538157,20.4348564147949
1,21.71,7.18326125526801,20.4432010650635
1,21.72,7.18659455515444,20.4586982727051
1,21.73,7.18992785504088,20.4658508300781
1,21.74,7.19326115492731,20.4801559448242
1,21.75,7.19659445481375,20.4944610595703
1,21.76,7.19992775470018,20.5051898956299
1,21.77,7.20326105458662,20.521879196167
1,21.78,7.20659435447305,20.5302238464355
1,21.79,7.20992765435949,20.5397605895996
1,21.8,7.21326095424593,20.5552577972412
1,21.81,7.21659425413236,20.5671787261963
1,21.82,7.2199275540188,20.5850601196289
1,21.83,7.22326085390523,20.606517791748
1,21.84,7.22659415379167,20.6267833709717
1,21.85,7.2299274536781,20.6458568572998
1,21.86,7.23326075356454,20.6625461578369
1,21.87,7.23659405345097,20.6899642944336
1,21.88,7.23992735333741,20.7102298736572
1,21.89,7.24326065322384,20.7304954528809
1,21.9,7.24659395311028,20.747184753418
1,21.91,7.24992725299671,20.7638740539551
1,21.92,7.25326055288315,20.7805633544922
1,21.93,7.25659385276958,20.7996368408203
1,21.94,7.25992715265602,20.8103656768799
1,21.95,7.26326045254245,20.8306312561035
1,21.96,7.26659375242889,20.8473205566406
1,21.97,7.26992705231532,20.8580493927002
1,21.98,7.27326035220176,20.8663940429688
1,21.99,7.2765936520882,20.8771228790283
1,22,7.27992695197463,20.8926200866699
1,22.01,7.28326025186107,20.902156829834
1,22.02,7.2865935517475,20.9128856658936
1,22.03,7.28992685163394,20.9271907806396
1,22.04,7.29326015152037,20.9450721740723
1,22.05,7.29659345140681,20.9558010101318
1,22.06,7.29992675129324,20.9641456604004
1,22.07,7.30326005117968,20.984411239624
1,22.08,7.30659335106611,20.9939479827881
1,22.09,7.30992665095255,21.0094451904297
1,22.1,7.31325995083898,21.0249423980713
1,22.11,7.31659325072542,21.0404396057129
1,22.12,7.31992655061185,21.05712890625
1,22.13,7.32325985049829,21.0738182067871
1,22.14,7.32659315038473,21.0916996002197
1,22.15,7.32992645027116,21.1048126220703
1,22.16,7.33325975015759,21.1191177368164
1,22.17,7.33659305004403,21.13938331604
1,22.18,7.33992634993047,21.1501121520996
1,22.19,7.3432596498169,21.1656093597412
1,22.2,7.34659294970334,21.1763381958008
1,22.21,7.34992624958977,21.1870670318604
1,22.22,7.35325954947621,21.2001800537109
1,22.23,7.35659284936264,21.2156772613525
1,22.24,7.35992614924908,21.2299823760986
1,22.25,7.36325944913551,21.2442874908447
1,22.26,7.36659274902195,21.2609767913818
1,22.27,7.36992604890838,21.2681293487549
1,22.28,7.37325934879482,21.2836265563965
1,22.29,7.37659264868125,21.3050842285156
1,22.3,7.37992594856769,21.3181972503662
1,22.31,7.38325924845412,21.3420391082764
1,22.32,7.38659254834056,21.3563442230225
1,22.33,7.389925848227,21.3718414306641
1,22.34,7.39325914811343,21.3861465454102
1,22.35,7.39659244799986,21.4016437530518
1,22.36,7.3999257478863,21.4183330535889
1,22.37,7.40325904777274,21.435022354126
1,22.38,7.40659234765917,21.4493274688721
1,22.39,7.40992564754561,21.4672088623047
1,22.4,7.41325894743204,21.4791297912598
1,22.41,7.41659224731848,21.4970111846924
1,22.42,7.41992554720491,21.507740020752
1,22.43,7.42325884709135,21.5280055999756
1,22.44,7.42659214697778,21.5423107147217
1,22.45,7.42992544686422,21.5542316436768
1,22.46,7.43325874675065,21.5673446655273
1,22.47,7.43659204663709,21.5756893157959
1,22.48,7.43992534652352,21.5864181518555
1,22.49,7.44325864640996,21.5983390808105
1,22.5,7.44659194629639,21.6019153594971
1,22.51,7.44992524618283,21.6090679168701
1,22.52,7.45325854606926,21.6174125671387
1,22.53,7.4565918459557,21.6221809387207
1,22.54,7.45992514584214,21.6329097747803
1,22.55,7.46325844572857,21.6424465179443
1,22.56,7.46659174561501,21.6472148895264
1,22.57,7.46992504550144,21.6555595397949
1,22.58,7.47325834538788,21.662712097168
1,22.59,7.47659164527431,21.660327911377
1,22.6,7.47992494516075,21.6782093048096
1,22.61,7.48325824504718,21.6853618621826
1,22.62,7.48659154493362,21.6972827911377
1,22.63,7.48992484482005,21.7068195343018
1,22.64,7.49325814470649,21.7294692993164
1,22.65,7.49659144459292,21.7461585998535
1,22.66,7.49992474447936,21.7628479003906
1,22.67,7.50325804436579,21.7843055725098
1,22.68,7.50659134425223,21.8069553375244
1,22.69,7.50992464413866,21.8343734741211
1,22.7,7.5132579440251,21.8570232391357
1,22.71,7.51659124391153,21.8772888183594
1,22.72,7.51992454379797,21.8987464904785
1,22.73,7.52325784368441,21.9178199768066
1,22.74,7.52659114357084,21.9380855560303
1,22.75,7.52992444345728,21.9559669494629
1,22.76,7.53325774334371,21.977424621582
1,22.77,7.53659104323015,22.0036506652832
1,22.78,7.53992434311658,22.0227241516113
1,22.79,7.54325764300302,22.0358371734619
1,22.8,7.54659094288945,22.05491065979
1,22.81,7.54992424277589,22.0656394958496
1,22.82,7.55325754266232,22.0799446105957
1,22.83,7.55659084254876,22.0906734466553
1,22.84,7.55992414243519,22.1109390258789
1,22.85,7.56325744232163,22.1335887908936
1,22.86,7.56659074220806,22.1514701843262
1,22.87,7.5699240420945,22.1633911132813
1,22.88,7.57325734198094,22.1824645996094
1,22.89,7.57659064186737,22.200345993042
1,22.9,7.5799239417538,22.2110748291016
1,22.91,7.58325724164024,22.2349166870117
1,22.92,7.58659054152668,22.2492218017578
1,22.93,7.58992384141311,22.2659111022949
1,22.94,7.59325714129955,22.2837924957275
1,22.95,7.59659044118598,22.3004817962646
1,22.96,7.59992374107242,22.3183631896973
1,22.97,7.60325704095885,22.3314762115479
1,22.98,7.60659034084529,22.352933883667
1,22.99,7.60992364073172,22.3660469055176
1,23,7.61325694061816,22.3815441131592
1,23.01,7.61659024050459,22.3910808563232
1,23.02,7.61992354039103,22.4018096923828
1,23.03,7.62325684027746,22.4113464355469
1,23.04,7.6265901401639,22.4220752716064
1,23.05,7.62992344005033,22.4196910858154
1,23.06,7.63325673993677,22.4292278289795
1,23.07,7.63659003982321,22.4363803863525
1,23.08,7.63992333970964,22.4459171295166
1,23.09,7.64325663959607,22.4578380584717
1,23.1,7.64658993948251,22.4649906158447
1,23.11,7.64992323936895,22.4769115447998
1,23.12,7.65325653925538,22.4888324737549
1,23.13,7.65658983914182,22.5019454956055
1,23.14,7.65992313902825,22.5138664245605
1,23.15,7.66325643891469,22.5341320037842
1,23.16,7.66658973880112,22.5448608398438
1,23.17,7.66992303868756,22.5663185119629
1,23.18,7.67325633857399,22.5770473480225
1,23.19,7.67658963846043,22.5961208343506
1,23.2,7.67992293834686,22.6140022277832
1,23.21,7.6832562382333,22.6354598999023
1,23.22,7.68658953811973,22.6497650146484
1,23.23,7.68992283800617,22.6640701293945
1,23.24,7.6932561378926,22.6807594299316
1,23.25,7.69658943777904,22.6974487304688
1,23.26,7.69992273766547,22.7141380310059
1,23.27,7.70325603755191,22.7320194244385
1,23.28,7.70658933743835,22.7475166320801
1,23.29,7.70992263732478,22.7642059326172
1,23.3,7.71325593721122,22.7820873260498
1,23.31,7.71658923709765,22.8023529052734
1,23.32,7.71992253698409,22.8285789489746
1,23.33,7.72325583687052,22.8488445281982
1,23.34,7.72658913675696,22.8679180145264
1,23.35,7.72992243664339,22.883415222168
1,23.36,7.73325573652983,22.9012966156006
1,23.37,7.73658903641626,22.9167938232422
1,23.38,7.7399223363027,22.9358673095703
1,23.39,7.74325563618913,22.9525566101074
1,23.4,7.74658893607557,22.9716300964355
1,23.41,7.749922235962,22.9895114898682
1,23.42,7.75325553584844,23.0062007904053
1,23.43,7.75658883573487,23.0228900909424
1,23.44,7.75992213562131,23.038387298584
1,23.45,7.76325543550774,23.0574607849121
1,23.46,7.76658873539418,23.0693817138672
1,23.47,7.76992203528062,23.0801105499268
1,23.48,7.77325533516705,23.0991840362549
1,23.49,7.77658863505349,23.1170654296875
1,23.5,7.77992193493992,23.1266021728516
1,23.51,7.78325523482636,23.1385231018066
1,23.52,7.78658853471279,23.1552124023438
1,23.53,7.78992183459923,23.1683254241943
1,23.54,7.79325513448566,23.1719017028809
1,23.55,7.7965884343721,23.1897830963135
1,23.56,7.79992173425853,23.2040882110596
1,23.57,7.80325503414497,23.2148170471191
1,23.58,7.8065883340314,23.2303142547607
1,23.59,7.80992163391784,23.2422351837158
1,23.6,7.81325493380427,23.2565402984619
1,23.61,7.81658823369071,23.27561378479
1,23.62,7.81992153357715,23.2923030853271
1,23.63,7.82325483346358,23.3185291290283
1,23.64,7.82658813335002,23.3340263366699
1,23.65,7.82992143323645,23.3542919158936
1,23.66,7.83325473312289,23.3709812164307
1,23.67,7.83658803300932,23.3924388885498
1,23.68,7.83992133289576,23.4067440032959
1,23.69,7.84325463278219,23.421049118042
1,23.7,7.84658793266863,23.4401226043701
1,23.71,7.84992123255506,23.4544277191162
1,23.72,7.8532545324415,23.4675407409668
1,23.73,7.85658783232793,23.4854221343994
1,23.74,7.85992113221437,23.503303527832
1,23.75,7.8632544321008,23.5128402709961
1,23.76,7.86658773198724,23.5283374786377
1,23.77,7.86992103187367,23.5438346862793
1,23.78,7.87325433176011,23.5569477081299
1,23.79,7.87658763164654,23.5748291015625
1,23.8,7.87992093153298,23.5867500305176
1,23.81,7.88325423141941,23.6046314239502
1,23.82,7.88658753130585,23.6165523529053
1,23.83,7.88992083119228,23.6320495605469
1,23.84,7.89325413107872,23.6475467681885
1,23.85,7.89658743096516,23.6606597900391
1,23.86,7.89992073085159,23.6785411834717
1,23.87,7.90325403073803,23.6952304840088
1,23.88,7.90658733062446,23.7107276916504
1,23.89,7.9099206305109,23.7298011779785
1,23.9,7.91325393039733,23.7464904785156
1,23.91,7.91658723028377,23.7655639648438
1,23.92,7.9199205301702,23.7774848937988
1,23.93,7.92325383005664,23.7977504730225
1,23.94,7.92658712994307,23.8096714019775
1,23.95,7.92992042982951,23.8275527954102
1,23.96,7.93325372971594,23.8382816314697
1,23.97,7.93658702960238,23.8525867462158
1,23.98,7.93992032948881,23.8668918609619
1,23.99,7.94325362937525,23.883581161499
1,24,7.94658692926169,23.9026546478271
1,24.01,7.94992022914812,23.9193439483643
1,24.02,7.95325352903456,23.9348411560059
1,24.03,7.95658682892099,23.951530456543
1,24.04,7.95992012880743,23.9694118499756
1,24.05,7.96325342869386,23.9861011505127
1,24.06,7.9665867285803,24.0015983581543
1,24.07,7.96992002846673,24.0194797515869
1,24.08,7.97325332835317,24.0349769592285
1,24.09,7.9765866282396,24.0468978881836
1,24.1,7.97991992812604,24.0683555603027
1,24.11,7.98325322801247,24.0838527679443
1,24.12,7.98658652789891,24.0957736968994
1,24.13,7.98991982778534,24.1100788116455
1,24.14,7.99325312767178,24.1279602050781
1,24.15,7.99658642755821,24.1434574127197
1,24.16,7.99991972744465,24.1529941558838
1,24.17,8.00325302733108,24.1708755493164
1,24.18,8.00658632721752,24.186372756958
1,24.19,8.00991962710395,24.1971015930176
1,24.2,8.01325292699039,24.2197513580322
1,24.21,8.01658622687683,24.2340564727783
1,24.22,8.01991952676326,24.2519378662109
1,24.23,8.0232528266497,24.2710113525391
1,24.24,8.02658612653613,24.2924690246582
1,24.25,8.02991942642257,24.3079662322998
1,24.26,8.033252726309,24.3282318115234
1,24.27,8.03658602619544,24.3449211120605
1,24.28,8.03991932608187,24.3663787841797
1,24.29,8.04325262596831,24.3842601776123
1,24.3,8.04658592585474,24.4009494781494
1,24.31,8.04991922574118,24.4200229644775
1,24.32,8.05325252562761,24.4390964508057
1,24.33,8.05658582551405,24.4581699371338
1,24.34,8.05991912540048,24.4748592376709
1,24.35,8.06325242528692,24.49631690979
1,24.36,8.06658572517335,24.5082378387451
1,24.37,8.06991902505979,24.5237350463867
1,24.38,8.07325232494623,24.5404243469238
1,24.39,8.07658562483266,24.5511531829834
1,24.4,8.0799189247191,24.571418762207
1,24.41,8.08325222460553,24.5821475982666
1,24.42,8.08658552449197,24.6012210845947
1,24.43,8.0899188243784,24.6131420135498
1,24.44,8.09325212426484,24.6238708496094
1,24.45,8.09658542415127,24.6298313140869
1,24.46,8.09991872403771,24.6500968933105
1,24.47,8.10325202392414,24.6620178222656
1,24.48,8.10658532381058,24.6691703796387
1,24.49,8.10991862369701,24.6822834014893
1,24.5,8.11325192358345,24.6906280517578
1,24.51,8.11658522346988,24.7073173522949
1,24.52,8.11991852335632,24.7204303741455
1,24.53,8.12325182324276,24.7371196746826
1,24.54,8.12658512312919,24.7502326965332
1,24.55,8.12991842301562,24.7645378112793
1,24.56,8.13325172290206,24.7800350189209
1,24.57,8.13658502278849,24.7931480407715
1,24.58,8.13991832267493,24.8146057128906
1,24.59,8.14325162256137,24.8348712921143
1,24.6,8.1465849224478,24.8515605926514
1,24.61,8.14991822233424,24.874210357666
1,24.62,8.15325152222067,24.8968601226807
1,24.63,8.15658482210711,24.9159336090088
1,24.64,8.15991812199354,24.946928024292
1,24.65,8.16325142187998,24.9683856964111
1,24.66,8.16658472176641,24.9946117401123
1,24.67,8.16991802165285,25.0136852264404
1,24.68,8.17325132153928,25.0327587127686
1,24.69,8.17658462142572,25.0613689422607
1,24.7,8.17991792131215,25.0804424285889
1,24.71,8.18325122119859,25.0911712646484
1,24.72,8.18658452108502,25.1078605651855
1,24.73,8.18991782097146,25.1209735870361
1,24.74,8.19325112085789,25.1352787017822
1,24.75,8.19658442074433,25.1519680023193
1,24.76,8.19991772063077,25.1638889312744
1,24.77,8.2032510205172,25.1758098602295
1,24.78,8.20658432040364,25.1877307891846
1,24.79,8.20991762029007,25.1996517181396
1,24.8,8.21325092017651,25.2151489257813
1,24.81,8.21658422006294,25.2377986907959
1,24.82,8.21991751994938,25.252103805542
1,24.83,8.22325081983581,25.2723693847656
1,24.84,8.22658411972225,25.2819061279297
1,24.85,8.22991741960868,25.3057479858398
1,24.86,8.23325071949512,25.3188610076904
1,24.87,8.23658401938155,25.3403186798096
1,24.88,8.23991731926799,25.3629684448242
1,24.89,8.24658391904086,25.3832340240479
1,24.9,8.24991721892729,25.409460067749
1,24.92,8.25325051881373,25.4404544830322
1,24.93,8.2599171185866,25.4595279693604
1,24.95,8.26325041847304,25.4940986633301
1,24.96,8.26991701824591,25.5131721496582
1,24.98,8.27325031813234,25.5429744720459
1,24.99,8.27991691790521,25.559663772583
1,25,8.28325021779165,25.5739688873291
1,25.02,8.28991681756452,25.6025791168213
1,25.03,8.29325011745095,25.6180763244629
1,25.04,8.29658341733739,25.632381439209
1,25.05,8.29991671722382,25.6502628326416
1,25.06,8.30325001711026,25.6669521331787
1,25.07,8.30658331699669,25.6860256195068
1,25.08,8.30991661688313,25.7015228271484
1,25.09,8.31324991676956,25.7277488708496
1,25.1,8.316583216656,25.7444381713867
1,25.11,8.31991651654244,25.7682800292969
1,25.12,8.32324981642887,25.780200958252
1,25.13,8.32658311631531,25.8028507232666
1,25.14,8.32991641620174,25.8207321166992
1,25.15,8.33324971608818,25.8421897888184
1,25.16,8.33658301597461,25.85768699646
1,25.17,8.33991631586105,25.8791446685791
1,25.18,8.34324961574748,25.8910655975342
1,25.19,8.34658291563392,25.9125232696533
1,25.2,8.34991621552035,25.9280204772949
1,25.21,8.35324951540679,25.937557220459
1,25.22,8.35658281529322,25.9554386138916
1,25.23,8.35991611517966,25.9673595428467
1,25.24,8.36324941506609,25.9852409362793
1,25.25,8.36658271495253,25.9947776794434
1,25.26,8.36991601483897,26.0138511657715
1,25.27,8.3732493147254,26.0233879089355
1,25.28,8.37658261461183,26.0412693023682
1,25.29,8.37991591449827,26.0591506958008
1,25.3,8.3832492143847,26.0710716247559
1,25.31,8.38658251427114,26.090145111084
1,25.32,8.38991581415758,26.1020660400391
1,25.33,8.39324911404401,26.1223316192627
1,25.34,8.39658241393045,26.1330604553223
1,25.35,8.39991571381688,26.1592864990234
1,25.36,8.40324901370332,26.1735916137695
1,25.37,8.40658231358975,26.1962413787842
1,25.38,8.40991561347619,26.2153148651123
1,25.39,8.41324891336262,26.2367725372314
1,25.4,8.41658221324906,26.2558460235596
1,25.41,8.41991551313549,26.2749195098877
1,25.42,8.42324881302193,26.2928009033203
1,25.43,8.42658211290836,26.3130664825439
1,25.44,8.4299154127948,26.3297557830811
1,25.45,8.43324871268123,26.3452529907227
1,25.46,8.43658201256767,26.3607501983643
1,25.47,8.4399153124541,26.3738632202148
1,25.48,8.44324861234054,26.3917446136475
1,25.49,8.44658191222698,26.4012813568115
1,25.5,8.44991521211341,26.4167785644531
1,25.51,8.45324851199985,26.4286994934082
1,25.52,8.45658181188628,26.4453887939453
1,25.53,8.45991511177272,26.4549255371094
1,25.54,8.46324841165915,26.4692306518555
1,25.55,8.46658171154559,26.479959487915
1,25.56,8.46991501143202,26.4883041381836
1,25.57,8.47324831131846,26.5002250671387
1,25.58,8.47658161120489,26.5097618103027
1,25.59,8.47991491109133,26.5192985534668
1,25.6,8.48324821097776,26.5336036682129
1,25.61,8.4865815108642,26.543140411377
1,25.62,8.48991481075064,26.5634059906006
1,25.63,8.49324811063707,26.5777111053467
1,25.64,8.4965814105235,26.5944004058838
1,25.65,8.49991471040994,26.6110897064209
1,25.66,8.50324801029637,26.6313552856445
1,25.67,8.50658131018281,26.6468524932861
1,25.68,8.50991461006925,26.6730785369873
1,25.69,8.51324790995568,26.6885757446289
1,25.7,8.51658120984212,26.7064571380615
1,25.71,8.51991450972855,26.7255306243896
1,25.72,8.52324780961499,26.7434120178223
1,25.73,8.52658110950142,26.7648696899414
1,25.74,8.52991440938786,26.785135269165
1,25.75,8.53324770927429,26.8054008483887
1,25.76,8.53658100916073,26.8220901489258
1,25.77,8.53991430904716,26.8495082855225
1,25.78,8.5432476089336,26.8733501434326
1,25.79,8.54658090882003,26.8900394439697
1,25.8,8.54991420870647,26.9126892089844
1,25.81,8.5532475085929,26.930570602417
1,25.82,8.55658080847934,26.9508361816406
1,25.83,8.55991410836577,26.9603729248047
1,25.84,8.56324740825221,26.9794464111328
1,25.85,8.56658070813865,26.9961357116699
1,25.86,8.56991400802508,27.0044803619385
1,25.87,8.57324730791152,27.0199775695801
1,25.88,8.57658060779795,27.0402431488037
1,25.89,8.57991390768439,27.0557403564453
1,25.9,8.58324720757082,27.0688533782959
1,25.91,8.58658050745726,27.087926864624
1,25.92,8.58991380734369,27.1022319793701
1,25.93,8.59324710723013,27.1201133728027
1,25.94,8.59658040711656,27.1379947662354
1,25.95,8.599913707003,27.16064453125
1,25.96,8.60324700688943,27.1797180175781
1,25.97,8.60658030677587,27.2011756896973
1,25.98,8.6099136066623,27.2214412689209
1,25.99,8.61324690654874,27.2417068481445
1,26,8.61658020643518,27.2631645202637
1,26.01,8.61991350632161,27.2798538208008
1,26.02,8.62324680620804,27.2929668426514
1,26.03,8.62658010609448,27.3191928863525
1,26.04,8.62991340598091,27.3287296295166
1,26.05,8.63324670586735,27.3442268371582
1,26.06,8.63658000575379,27.3597240447998
1,26.07,8.63991330564022,27.3752212524414
1,26.08,8.64324660552666,27.393102645874
1,26.09,8.64657990541309,27.4026393890381
1,26.1,8.64991320529953,27.4205207824707
1,26.11,8.65324650518596,27.4288654327393
1,26.12,8.6565798050724,27.4443626403809
1,26.13,8.65991310495883,27.4622440338135
1,26.14,8.66324640484527,27.4777412414551
1,26.15,8.6665797047317,27.4944305419922
1,26.16,8.66991300461814,27.5146961212158
1,26.17,8.67324630450457,27.536153793335
1,26.18,8.67657960439101,27.5588035583496
1,26.19,8.67991290427744,27.5850296020508
1,26.2,8.68324620416388,27.6052951812744
1,26.21,8.68657950405031,27.6279449462891
1,26.22,8.68991280393675,27.6434421539307
1,26.23,8.69324610382319,27.6648998260498
1,26.24,8.69657940370962,27.6815891265869
1,26.25,8.69991270359606,27.698278427124
1,26.26,8.70324600348249,27.7125835418701
1,26.27,8.70657930336893,27.7292728424072
1,26.28,8.70991260325536,27.7435779571533
1,26.29,8.7132459031418,27.7543067932129
1,26.3,8.71657920302823,27.7698040008545
1,26.31,8.71991250291467,27.7841091156006
1,26.32,8.7232458028011,27.7936458587646
1,26.33,8.72657910268754,27.8186798095703
1,26.34,8.72991240257397,27.8270244598389
1,26.35,8.73324570246041,27.846097946167
1,26.36,8.73657900234685,27.8615951538086
1,26.37,8.73991230223328,27.8806686401367
1,26.38,8.74324560211971,27.8949737548828
1,26.39,8.74657890200615,27.9152393341064
1,26.4,8.74991220189258,27.928352355957
1,26.41,8.75324550177902,27.9486179351807
1,26.42,8.75657880166546,27.9653072357178
1,26.43,8.75991210155189,27.9831886291504
1,26.44,8.76324540143833,28.005838394165
1,26.45,8.76657870132476,28.0177593231201
1,26.46,8.7699120012112,28.0356407165527
1,26.47,8.77324530109763,28.0451774597168
1,26.48,8.77657860098407,28.0559062957764
1,26.49,8.7799119008705,28.0666351318359
1,26.5,8.78324520075694,28.076171875
1,26.51,8.78657850064337,28.0845165252686
1,26.52,8.78991180052981,28.0916690826416
1,26.53,8.79324510041624,28.1047821044922
1,26.54,8.79657840030268,28.1238555908203
1,26.55,8.79991170018911,28.1310081481934
1,26.56,8.80324500007555,28.146505355835
1,26.57,8.80657829996198,28.156042098999
1,26.58,8.80991159984842,28.1715393066406
1,26.59,8.81324489973486,28.1846523284912
1,26.6,8.81657819962129,28.2025337219238
1,26.61,8.81991149950773,28.2180309295654
1,26.62,8.82324479939416,28.235912322998
1,26.63,8.8265780992806,28.2549858093262
1,26.64,8.82991139916703,28.2752513885498
1,26.65,8.83324469905347,28.2883644104004
1,26.66,8.8365779989399,28.306245803833
1,26.67,8.83991129882634,28.3288955688477
1,26.68,8.84324459871277,28.3479690551758
1,26.69,8.84657789859921,28.3646583557129
1,26.7,8.84991119848564,28.3944606781006
1,26.71,8.85324449837208,28.4111499786377
1,26.72,8.85657779825851,28.4433364868164
1,26.73,8.85991109814495,28.4659862518311
1,26.74,8.86324439803139,28.4874439239502
1,26.75,8.86657769791782,28.5100936889648
1,26.76,8.86991099780425,28.5279750823975
1,26.77,8.87324429769069,28.5494327545166
1,26.78,8.87657759757712,28.5696983337402
1,26.79,8.87991089746356,28.5887718200684
1,26.8,8.88324419735,28.6078453063965
1,26.81,8.88657749723643,28.6269187927246
1,26.82,8.88991079712287,28.6412239074707
1,26.83,8.8932440970093,28.6614894866943
1,26.84,8.89657739689574,28.6805629730225
1,26.85,8.89991069678217,28.7020206451416
1,26.86,8.90324399666861,28.7187099456787
1,26.87,8.90657729655504,28.7389755249023
1,26.88,8.90991059644148,28.7532806396484
1,26.89,8.91324389632791,28.7652015686035
1,26.9,8.91657719621435,28.7854671478271
1,26.91,8.91991049610078,28.8009643554688
1,26.92,8.92324379598722,28.8212299346924
1,26.93,8.92657709587365,28.839111328125
1,26.94,8.92991039576009,28.8605690002441
1,26.95,8.93324369564652,28.8760662078857
1,26.96,8.93657699553296,28.8951396942139
1,26.97,8.9399102954194,28.916597366333
1,26.98,8.94324359530583,28.9356708526611
1,26.99,8.94657689519227,28.9535522460938
1,27,8.9499101950787,28.9666652679443
1,27.01,8.95324349496514,28.984546661377
1,27.02,8.95657679485157,29.0083885192871
1,27.03,8.95991009473801,29.0215015411377
1,27.04,8.96324339462444,29.0369987487793
1,27.05,8.96657669451088,29.0560722351074
1,27.06,8.96990999439731,29.066801071167
1,27.07,8.97324329428375,29.0822982788086
1,27.08,8.97657659417018,29.0989875793457
1,27.09,8.97990989405662,29.1228294372559
1,27.1,8.98324319394306,29.1383266448975
1,27.11,8.98657649382949,29.1538238525391
1,27.12,8.98990979371592,29.1669368743896
1,27.13,8.99324309360236,29.1848182678223
1,27.14,8.99657639348879,29.2015075683594
1,27.15,8.99990969337523,29.2158126831055
1,27.16,9.00324299326167,29.2336940765381
1,27.17,9.0065762931481,29.2515754699707
1,27.18,9.00990959303454,29.2634963989258
1,27.19,9.01324289292097,29.2825698852539
1,27.2,9.01657619280741,29.296875
1,27.21,9.01990949269384,29.3147563934326
1,27.22,9.02324279258028,29.3290615081787
1,27.23,9.02657609246671,29.3457508087158
1,27.24,9.02990939235315,29.3600559234619
1,27.25,9.03324269223958,29.3803215026855
1,27.26,9.03657599212602,29.3958187103271
1,27.27,9.03990929201245,29.4113159179688
1,27.28,9.04324259189889,29.4327735900879
1,27.29,9.04657589178532,29.4375419616699
1,27.3,9.04990919167176,29.4661521911621
1,27.31,9.05324249155819,29.4971466064453
1,27.32,9.05657579144463,29.5233726501465
1,27.33,9.05990909133107,29.5352935791016
1,27.34,9.0632423912175,29.5448303222656
1,27.35,9.06657569110394,29.5567512512207
1,27.36,9.06990899099037,29.5782089233398
1,27.37,9.07324229087681,29.5925140380859
1,27.38,9.07657559076324,29.606819152832
1,27.39,9.07990889064968,29.6330451965332
1,27.4,9.08324219053611,29.6401977539063
1,27.41,9.08657549042255,29.6592712402344
1,27.42,9.08990879030898,29.6711921691895
1,27.43,9.09324209019542,29.6831130981445
1,27.44,9.09657539008185,29.7093391418457
1,27.45,9.09990868996829,29.7093391418457
1,27.46,9.10324198985472,29.7260284423828
1,27.47,9.10657528974116,29.7403335571289
1,27.48,9.1099085896276,29.7689437866211
1,27.49,9.11324188951403,29.7760963439941
1,27.5,9.11657518940046,29.7904014587402
1,27.51,9.1199084892869,29.8118591308594
1,27.52,9.12324178917333,29.8333168029785
1,27.53,9.12657508905977,29.8452377319336
1,27.54,9.12990838894621,29.8571586608887
1,27.55,9.13324168883264,29.8690795898438
1,27.56,9.13657498871908,29.8810005187988
1,27.57,9.13990828860551,29.8976898193359
1,27.58,9.14324158849195,29.9072265625
1,27.59,9.14657488837838,29.909610748291
1,27.6,9.14990818826482,29.9310684204102
1,27.61,9.15324148815125,29.9310684204102
1,27.62,9.15657478803769,29.9429893493652
1,27.63,9.15990808792412,29.9549102783203
1,27.64,9.16324138781056,29.9715995788574
1,27.65,9.16657468769699,29.9859046936035
1,27.66,9.16990798758343,30.0073623657227
1,27.67,9.17324128746986,30.0312042236328
1,27.68,9.1765745873563,30.0455093383789
1,27.69,9.17990788724273,30.059814453125
1,27.7,9.18324118712917,30.0741195678711
1,27.71,9.18657448701561,30.0765037536621
1,27.72,9.18990778690204,30.1003456115723
1,27.73,9.19324108678848,30.1122665405273
1,27.74,9.19657438667491,30.1241874694824
1,27.75,9.19990768656135,30.1361083984375
1,27.76,9.20324098644778,30.1551818847656
1,27.77,9.20657428633422,30.1623344421387
1,27.78,9.20990758622065,30.1814079284668
1,27.79,9.21324088610709,30.1885604858398
1,27.8,9.21657418599352,30.2004814147949
1,27.81,9.21990748587996,30.210018157959
1,27.82,9.22324078576639,30.2362442016602
1,27.83,9.22657408565283,30.2433967590332
1,27.84,9.22990738553927,30.2624702453613
1,27.85,9.2332406854257,30.2624702453613
1,27.86,9.23657398531213,30.2910804748535
1,27.87,9.23990728519857,30.3077697753906
1,27.88,9.243240585085,30.3220748901367
1,27.89,9.24657388497144,30.3459167480469
1,27.9,9.24990718485788,30.357837677002
1,27.91,9.25324048474431,30.364990234375
1,27.92,9.25657378463075,30.3769111633301
1,27.93,9.25990708451718,30.4055213928223
1,27.94,9.26324038440362,30.4245948791504
1,27.95,9.26657368429005,30.4388999938965
1,27.96,9.26990698417649,30.4484367370605
1,27.97,9.27324028406292,30.4603576660156
1,27.98,9.27657358394936,30.4818153381348
1,27.99,9.27990688383579,30.517578125
1,28,9.28324018372223,30.524730682373
1,28.01,9.28657348360866,30.5366516113281
1,28.02,9.2899067834951,30.5485725402832
1,28.03,9.29324008338153,30.5724143981934
1,28.04,9.29657338326797,30.5962562561035
1,28.05,9.2999066831544,30.6105613708496
1,28.06,9.30323998304084,30.6224822998047
1,28.07,9.30657328292728,30.6367874145508
1,28.08,9.30990658281371,30.665397644043
1,28.09,9.31323988270015,30.6820869445801
1,28.1,9.31657318258658,30.7154655456543
1,28.11,9.31990648247302,30.7297706604004
1,28.12,9.32323978235945,30.7512283325195
1,28.13,9.32657308224589,30.7703018188477
1,28.14,9.32990638213232,30.7846069335938
1,28.15,9.33323968201876,30.8108329772949
1,28.16,9.33657298190519,30.8394432067871
1,28.17,9.33990628179163,30.8537483215332
1,28.18,9.34323958167806,30.8728218078613
1,28.19,9.3465728815645,30.8942794799805
1,28.2,9.34990618145093,30.9157371520996
1,28.21,9.35323948133737,30.9348106384277
1,28.22,9.35657278122381,30.9538841247559
1,28.23,9.35990608111024,30.9896469116211
1,28.24,9.36323938099667,31.0087203979492
1,28.25,9.36657268088311,31.0349464416504
1,28.26,9.36990598076954,31.0635566711426
1,28.27,9.37323928065598,31.0945510864258
1,28.28,9.37657258054242,31.1136245727539
1,28.29,9.37990588042885,31.1422348022461
1,28.3,9.38323918031529,31.1565399169922
1,28.31,9.38657248020172,31.1875343322754
1,28.32,9.38990578008816,31.2018394470215
1,28.33,9.39323907997459,31.2304496765137
1,28.34,9.39657237986103,31.2447547912598
1,28.35,9.39990567974746,31.2542915344238
1,28.36,9.4032389796339,31.282901763916
1,28.37,9.40657227952033,31.3067436218262
1,28.38,9.40990557940677,31.3162803649902
1,28.39,9.4132388792932,31.3353538513184
1,28.4,9.41657217917964,31.3544273376465
1,28.41,9.41990547906607,31.3711166381836
1,28.42,9.42323877895251,31.3949584960938
1,28.43,9.42990537872538,31.4188003540039
1,28.45,9.43323867861182,31.4521789550781
1,28.46,9.43657197849825,31.4712524414063
1,28.47,9.43990527838469,31.5046310424805
1,28.48,9.44657187815756,31.5141677856445
1,28.49,9.44990517804399,31.5308570861816
1,28.51,9.45323847793043,31.5737724304199
1,28.52,9.4599050777033,31.5952301025391
1,28.53,9.46323837758973,31.6047668457031
1,28.54,9.46657167747617,31.6214561462402
1,28.55,9.4699049773626,31.6286087036133
1,28.57,9.47657157713548,31.6548347473145
1,28.58,9.47990487702191,31.6452980041504
1,28.59,9.48323817690834,31.6667556762695
1,28.61,9.48990477668121,31.6762924194336
1,28.62,9.49323807656765,31.6834449768066
1,28.63,9.49657137645409,31.6834449768066
1,28.64,9.49990467634052,31.6882133483887
1,28.65,9.50323797622696,31.6977500915527
1,28.66,9.50657127611339,31.7144393920898
1,28.67,9.50990457599983,31.7263603210449
1,28.68,9.51323787588626,31.740665435791
1,28.69,9.5165711757727,31.7597389221191
1,28.7,9.51990447565913,31.7692756652832
1,28.71,9.52323777554557,31.7955017089844
1,28.72,9.526571075432,31.8193435668945
1,28.73,9.52990437531844,31.8217277526855
1,28.74,9.53323767520487,31.8527221679688
1,28.75,9.53657097509131,31.8789482116699
1,28.76,9.53990427497774,31.9051742553711
1,28.77,9.54323757486418,31.9337844848633
1,28.78,9.54657087475061,31.9504737854004
1,28.79,9.54990417463705,31.9766998291016
1,28.8,9.55323747452349,31.9910049438477
1,28.81,9.55657077440992,32.0076942443848
1,28.82,9.55990407429636,32.0243835449219
1,28.83,9.56323737418279,32.04345703125
1,28.84,9.56657067406923,32.0601463317871
1,28.85,9.56990397395566,32.0792198181152
1,28.86,9.5732372738421,32.0982933044434
1,28.87,9.57657057372853,32.1054458618164
1,28.88,9.57990387361497,32.1245193481445
1,28.89,9.5832371735014,32.1388244628906
1,28.9,9.58657047338784,32.1412086486816
1,28.91,9.58990377327427,32.1483612060547
1,28.92,9.59323707316071,32.1674346923828
1,28.93,9.59657037304714,32.1602821350098
1,28.94,9.59990367293358,32.1722030639648
1,28.95,9.60323697282002,32.1769714355469
1,28.96,9.60657027270645,32.191276550293
1,28.97,9.60990357259288,32.193660736084
1,28.98,9.61323687247932,32.200813293457
1,28.99,9.61657017236575,32.2103500366211
1,29,9.61990347225219,32.203197479248
1,29.01,9.62323677213863,32.2079658508301
1,29.02,9.62657007202506,32.2294235229492
1,29.03,9.6299033719115,32.2270393371582
1,29.04,9.63323667179793,32.2318077087402
1,29.05,9.63656997168437,32.2246551513672
1,29.06,9.6399032715708,32.2437286376953
1,29.07,9.64323657145724,32.2628021240234
1,29.08,9.64656987134367,32.2771072387695
1,29.09,9.64990317123011,32.2937965393066
1,29.1,9.65323647111654,32.3104858398438
1,29.11,9.65656977100298,32.3152542114258
1,29.12,9.65990307088941,32.341480255127
1,29.13,9.66323637077585,32.3581695556641
1,29.14,9.66656967066228,32.3867797851563
1,29.15,9.66990297054872,32.4034690856934
1,29.16,9.67323627043515,32.4177742004395
1,29.17,9.67656957032159,32.4392318725586
1,29.18,9.67990287020803,32.4726104736328
1,29.19,9.68323617009446,32.4869155883789
1,29.2,9.6865694699809,32.5179100036621
1,29.21,9.68990276986733,32.5393676757813
1,29.22,9.69323606975377,32.5703620910645
1,29.23,9.6965693696402,32.5822830200195
1,29.24,9.69990266952664,32.5894355773926
1,29.25,9.70323596941307,32.6156616210938
1,29.26,9.70656926929951,32.646656036377
1,29.27,9.70990256918594,32.660961151123
1,29.28,9.71323586907238,32.6728820800781
1,29.29,9.71656916895881,32.6895713806152
1,29.3,9.71990246884525,32.6991081237793
1,29.31,9.72323576873169,32.7229499816895
1,29.32,9.72656906861812,32.7491760253906
1,29.33,9.72990236850456,32.7610969543457
1,29.34,9.73323566839099,32.7825546264648
1,29.35,9.73656896827742,32.7944755554199
1,29.36,9.73990226816386,32.8183174133301
1,29.37,9.7432355680503,32.8540802001953
1,29.38,9.74656886793673,32.8803062438965
1,29.39,9.74990216782317,32.8993797302246
1,29.4,9.7532354677096,32.9160690307617
1,29.41,9.75656876759604,32.9399108886719
1,29.42,9.75990206748247,32.966136932373
1,29.43,9.76323536736891,32.9995155334473
1,29.44,9.76656866725534,33.0281257629395
1,29.45,9.76990196714178,33.0543518066406
1,29.46,9.77323526702821,33.0710411071777
1,29.47,9.77656856691465,33.0972671508789
1,29.48,9.77990186680108,33.113956451416
1,29.49,9.78323516668752,33.1377983093262
1,29.5,9.78656846657395,33.1544876098633
1,29.51,9.78990176646039,33.1711769104004
1,29.52,9.79323506634682,33.1807136535645
1,29.53,9.79656836623326,33.1997871398926
1,29.54,9.7999016661197,33.2140922546387
1,29.55,9.80323496600613,33.2283973693848
1,29.56,9.80656826589257,33.2379341125488
1,29.57,9.809901565779,33.2498550415039
1,29.58,9.81323486566544,33.271312713623
1,29.59,9.81656816555187,33.2880020141602
1,29.6,9.81990146543831,33.3023071289063
1,29.61,9.82323476532474,33.3213806152344
1,29.62,9.82656806521118,33.3404541015625
1,29.63,9.82990136509761,33.3547592163086
1,29.64,9.83323466498405,33.3642959594727
1,29.65,9.83656796487048,33.3690643310547
1,29.66,9.83990126475692,33.3809852600098
1,29.67,9.84323456464335,33.3976745605469
1,29.68,9.84656786452979,33.411979675293
1,29.69,9.84990116441623,33.419132232666
1,29.7,9.85323446430266,33.4429740905762
1,29.71,9.85656776418909,33.4429740905762
1,29.72,9.85990106407553,33.4644317626953
1,29.73,9.86323436396196,33.4644317626953
1,29.74,9.8665676638484,33.4811210632324
1,29.75,9.86990096373484,33.4954261779785
1,29.76,9.87323426362127,33.4978103637695
1,29.77,9.87656756350771,33.5192680358887
1,29.78,9.87990086339414,33.5407257080078
1,29.79,9.88323416328058,33.5597991943359
1,29.8,9.88656746316701,33.576488494873
1,29.81,9.88990076305345,33.5931777954102
1,29.82,9.89323406293988,33.6194038391113
1,29.83,9.89656736282632,33.6241722106934
1,29.84,9.89990066271275,33.6456298828125
1,29.85,9.90323396259919,33.6718559265137
1,29.86,9.90656726248562,33.6790084838867
1,29.87,9.90990056237206,33.7076187133789
1,29.88,9.91323386225849,33.724308013916
1,29.89,9.91656716214493,33.7433815002441
1,29.9,9.91990046203136,33.7719917297363
1,29.91,9.9232337619178,33.7791442871094
1,29.92,9.92656706180424,33.8029861450195
1,29.93,9.92990036169067,33.8244438171387
1,29.94,9.93323366157711,33.8387489318848
1,29.95,9.93656696146354,33.8530540466309
1,29.96,9.93990026134998,33.8625907897949
1,29.97,9.94323356123641,33.8840484619141
1,29.98,9.94656686112285,33.8983535766602
1,29.99,9.94990016100928,33.9078903198242
1,30,9.95323346089572,33.9245796203613
1,30.01,9.95656676078215,33.9365005493164
1,30.02,9.95990006066859,33.9603424072266
1,30.03,9.96323336055502,33.9698791503906
1,30.04,9.96656666044146,33.9961051940918
1,30.05,9.9698999603279,34.0080261230469
1,30.06,9.97323326021433,34.027099609375
1,30.07,9.97656656010077,34.0461730957031
1,30.08,9.9798998599872,34.0604782104492
1,30.09,9.98323315987363,34.0819358825684
1,30.1,9.98656645976007,34.0843200683594
1,30.11,9.98989975964651,34.1010093688965
1,30.12,9.99323305953294,34.1057777404785
1,30.13,9.99656635941938,34.1343879699707
1,30.14,9.99989965930581,34.1463088989258
1,30.15,10.0032329591922,34.1558456420898
1,30.16,10.0065662590787,34.177303314209
1,30.17,10.0098995589651,34.1963768005371
1,30.18,10.0132328588516,34.2130661010742
1,30.19,10.016566158738,34.2226028442383
1,30.2,10.0198994586244,34.2369079589844
1,30.21,10.0232327585109,34.2535972595215
1,30.22,10.0265660583973,34.2726707458496
1,30.23,10.0298993582837,34.2917442321777
1,30.24,10.0332326581702,34.2845916748047
1,30.25,10.0365659580566,34.3132019042969
1,30.26,10.039899257943,34.327507019043
1,30.27,10.0432325578295,34.334659576416
1,30.28,10.0465658577159,34.3418121337891
1,30.29,10.0498991576023,34.3537330627441
1,30.3,10.0532324574888,34.3704223632813
1,30.31,10.0565657573752,34.3799591064453
1,30.32,10.0598990572616,34.3918800354004
1,30.33,10.0632323571481,34.4038009643555
1,30.34,10.0665656570345,34.4085693359375
1,30.35,10.069898956921,34.4252586364746
1,30.36,10.0732322568074,34.4371795654297
1,30.37,10.0765655566938,34.4491004943848
1,30.38,10.0798988565803,34.4729423522949
1,30.39,10.0832321564667,34.48486328125
1,30.4,10.0865654563531,34.492015838623
1,30.41,10.0898987562396,34.5087051391602
1,30.42,10.093232056126,34.5253944396973
1,30.43,10.0965653560124,34.5396995544434
1,30.44,10.0998986558989,34.5611572265625
1,30.45,10.1032319557853,34.5897674560547
1,30.46,10.1065652556717,34.5945358276367
1,30.47,10.1098985555582,34.6207618713379
1,30.48,10.1132318554446,34.642219543457
1,30.49,10.116565155331,34.6517562866211
1,30.5,10.1198984552175,34.6803665161133
1,30.51,10.1232317551039,34.6875190734863
1,30.52,10.1265650549904,34.7208976745605
1,30.53,10.1298983548768,34.7232818603516
1,30.54,10.1332316547632,34.7471237182617
1,30.55,10.1365649546497,34.7638130187988
1,30.56,10.1398982545361,34.7805023193359
1,30.57,10.1432315544225,34.797191619873
1,30.58,10.146564854309,34.8067283630371
1,30.59,10.1498981541954,34.8258018493652
1,30.6,10.1532314540818,34.8615646362305
1,30.61,10.1565647539683,34.8782539367676
1,30.62,10.1598980538547,34.8973274230957
1,30.63,10.1632313537411,34.9164009094238
1,30.64,10.1665646536276,34.935474395752
1,30.65,10.169897953514,34.945011138916
1,30.66,10.1732312534004,34.9712371826172
1,30.67,10.1765645532869,34.9855422973633
1,30.68,10.1798978531733,34.9903106689453
1,30.69,10.1832311530598,35.0189208984375
1,30.7,10.1865644529462,35.0379943847656
1,30.71,10.1898977528326,35.0713729858398
1,30.72,10.1932310527191,35.0785255432129
1,30.73,10.1965643526055,35.102367401123
1,30.74,10.1998976524919,35.1119041442871
1,30.75,10.2032309523784,35.1285934448242
1,30.76,10.2065642522648,35.1452827453613
1,30.77,10.2098975521512,35.1619720458984
1,30.78,10.2132308520377,35.1715087890625
1,30.79,10.2165641519241,35.2001190185547
1,30.8,10.2198974518105,35.2144241333008
1,30.81,10.223230751697,35.243034362793
1,30.82,10.2265640515834,35.2573394775391
1,30.83,10.2298973514698,35.2787971496582
1,30.84,10.2332306513563,35.3026390075684
1,30.85,10.2365639512427,35.3240966796875
1,30.86,10.2398972511292,35.3527069091797
1,30.87,10.2432305510156,35.3765487670898
1,30.88,10.246563850902,35.400390625
1,30.89,10.2498971507885,35.4123115539551
1,30.9,10.2532304506749,35.4433059692383
1,30.91,10.2565637505613,35.4695320129395
1,30.92,10.2598970504478,35.4790687561035
1,30.93,10.2632303503342,35.5100631713867
1,30.94,10.2665636502206,35.5243682861328
1,30.95,10.2698969501071,35.545825958252
1,30.96,10.2732302499935,35.5672836303711
1,30.97,10.2765635498799,35.6006622314453
1,30.98,10.2798968497664,35.6268882751465
1,30.99,10.2832301496528,35.6507301330566
1,31,10.2865634495392,35.6698036193848
1,31.01,10.2898967494257,35.6864929199219
1,31.02,10.2932300493121,35.707950592041
1,31.03,10.2965633491986,35.7270240783691
1,31.04,10.299896649085,35.7556343078613
1,31.05,10.3032299489714,35.7675552368164
1,31.06,10.3065632488579,35.7866287231445
1,31.07,10.3098965487443,35.8152389526367
1,31.08,10.3132298486307,35.8295440673828
1,31.09,10.3165631485172,35.8462333679199
1,31.1,10.3198964484036,35.8700752258301
1,31.11,10.32322974829,35.8843803405762
1,31.12,10.3265630481765,35.8963012695313
1,31.13,10.3298963480629,35.9082221984863
1,31.14,10.3332296479493,35.9129905700684
1,31.15,10.3365629478358,35.9225273132324
1,31.16,10.3398962477222,35.9272956848145
1,31.17,10.3432295476086,35.9463691711426
1,31.18,10.3465628474951,35.9416007995605
1,31.19,10.3498961473815,35.9582901000977
1,31.2,10.3532294472679,35.9654426574707
1,31.21,10.3565627471544,35.9749794006348
1,31.22,10.3598960470408,35.9821319580078
1,31.23,10.3632293469273,35.9940528869629
1,31.24,10.3665626468137,36.0107421875
1,31.25,10.3698959467001,36.0274314880371
1,31.26,10.3732292465866,36.0417366027832
1,31.27,10.376562546473,36.0536575317383
1,31.28,10.3798958463594,36.0751152038574
1,31.29,10.3832291462459,36.0941886901855
1,31.3,10.3865624461323,36.1084938049316
1,31.31,10.3898957460187,36.1299514770508
1,31.32,10.3932290459052,36.1394882202148
1,31.33,10.3965623457916,36.158561706543
1,31.34,10.399895645678,36.1824035644531
1,31.35,10.4032289455645,36.2014770507813
1,31.36,10.4065622454509,36.2348556518555
1,31.37,10.4098955453373,36.2563133239746
1,31.38,10.4132288452238,36.2968444824219
1,31.39,10.4165621451102,36.320686340332
1,31.4,10.4198954449967,36.3421440124512
1,31.41,10.4232287448831,36.3707542419434
1,31.42,10.4265620447695,36.3826751708984
1,31.43,10.429895344656,36.4041328430176
1,31.44,10.4332286445424,36.4208221435547
1,31.45,10.4365619444288,36.4398956298828
1,31.46,10.4398952443153,36.461353302002
1,31.47,10.4432285442017,36.4828109741211
1,31.48,10.4465618440881,36.4875793457031
1,31.49,10.4498951439746,36.4995002746582
1,31.5,10.453228443861,36.5185737609863
1,31.51,10.4565617437474,36.5304946899414
1,31.52,10.4598950436339,36.5495681762695
1,31.53,10.4632283435203,36.5614891052246
1,31.54,10.4665616434067,36.5734100341797
1,31.55,10.4698949432932,36.5924835205078
1,31.56,10.4732282431796,36.5996360778809
1,31.57,10.4765615430661,36.613941192627
1,31.58,10.4798948429525,36.618709564209
1,31.59,10.4832281428389,36.6306304931641
1,31.6,10.4865614427254,36.6425514221191
1,31.61,10.4898947426118,36.6377830505371
1,31.62,10.4932280424982,36.6353988647461
1,31.63,10.4965613423847,36.6497039794922
1,31.64,10.4998946422711,36.6640090942383
1,31.65,10.5032279421575,36.6711616516113
1,31.66,10.506561242044,36.6663932800293
1,31.67,10.5098945419304,36.6687774658203
1,31.68,10.5132278418168,36.6950035095215
1,31.69,10.5165611417033,36.6878509521484
1,31.7,10.5198944415897,36.6950035095215
1,31.71,10.5232277414761,36.7093086242676
1,31.72,10.5265610413626,36.7164611816406
1,31.73,10.529894341249,36.7188453674316
1,31.74,10.5332276411355,36.7212295532227
1,31.75,10.5365609410219,36.7403030395508
1,31.76,10.5398942409083,36.7259979248047
1,31.77,10.5432275407948,36.7331504821777
1,31.78,10.5465608406812,36.7474555969238
1,31.79,10.5498941405676,36.7522239685059
1,31.8,10.5532274404541,36.7617607116699
1,31.81,10.5565607403405,36.771297454834
1,31.82,10.5598940402269,36.7927551269531
1,31.83,10.5632273401134,36.8118286132813
1,31.84,10.5665606399998,36.8213653564453
1,31.85,10.5698939398862,36.8571281433105
1,31.86,10.5732272397727,36.8595123291016
1,31.87,10.5765605396591,36.8809700012207
1,31.88,10.5798938395455,36.9143486022949
1,31.89,10.583227139432,36.9358062744141
1,31.9,10.5865604393184,36.9477272033691
1,31.91,10.5898937392049,36.9715690612793
1,31.92,10.5932270390913,36.9930267333984
1,31.93,10.5965603389777,37.0144844055176
1,31.94,10.5998936388642,37.0407104492188
1,31.95,10.6032269387506,37.0645523071289
1,31.96,10.606560238637,37.0931625366211
1,31.97,10.6098935385235,37.1074676513672
1,31.98,10.6132268384099,37.1289253234863
1,31.99,10.6165601382963,37.1551513671875
1,32,10.6198934381828,37.1885299682617
1,32.01,10.6265600379556,37.2195243835449
1,32.02,10.6298933378421,37.2552871704102
1,32.04,10.6332266377285,37.3172760009766
1,32.05,10.6398932375014,37.3435020446777
1,32.06,10.6432265373878,37.379264831543
1,32.07,10.6465598372743,37.4078750610352
1,32.08,10.6498931371607,37.4317169189453
1,32.1,10.6532264370471,37.4841690063477
1,32.11,10.65989303682,37.5008583068848
1,32.12,10.6632263367064,37.534236907959
1,32.13,10.6665596365929,37.5556945800781
1,32.14,10.6698929364793,37.5628471374512
1,32.15,10.6732262363657,37.5843048095703
1,32.16,10.6765595362522,37.6033782958984
1,32.17,10.6798928361386,37.6224517822266
1,32.18,10.683226136025,37.6415252685547
1,32.19,10.6865594359115,37.6558303833008
1,32.2,10.6898927357979,37.6653671264648
1,32.21,10.6932260356843,37.684440612793
1,32.22,10.6965593355708,37.7058982849121
1,32.23,10.6998926354572,37.7249717712402
1,32.24,10.7032259353437,37.7440452575684
1,32.25,10.7065592352301,37.7607345581055
1,32.26,10.7098925351165,37.7845764160156
1,32.27,10.713225835003,37.7988815307617
1,32.28,10.7165591348894,37.8251075744629
1,32.29,10.7198924347758,37.837028503418
1,32.3,10.7232257346623,37.841796875
1,32.31,10.7265590345487,37.8680229187012
1,32.32,10.7298923344351,37.8894805908203
1,32.33,10.7332256343216,37.9085540771484
1,32.34,10.736558934208,37.9252433776855
1,32.35,10.7398922340944,37.9347801208496
1,32.36,10.7432255339809,37.9467010498047
1,32.37,10.7465588338673,37.9538536071777
1,32.38,10.7498921337537,37.9657745361328
1,32.39,10.7532254336402,37.9681587219238
1,32.4,10.7565587335266,37.9848480224609
1,32.41,10.7598920334131,37.996768951416
1,32.42,10.7632253332995,37.999153137207
1,32.43,10.7665586331859,38.0110740661621
1,32.44,10.7698919330724,38.0063056945801
1,32.45,10.7732252329588,38.0229949951172
1,32.46,10.7765585328452,38.0325317382813
1,32.47,10.7798918327317,38.0373001098633
1,32.48,10.7832251326181,38.0539894104004
1,32.49,10.7865584325045,38.0563735961914
1,32.5,10.789891732391,38.0778312683105
1,32.51,10.7932250322774,38.0897521972656
1,32.52,10.7965583321638,38.1064414978027
1,32.53,10.7998916320503,38.1255149841309
1,32.54,10.8032249319367,38.151741027832
1,32.55,10.8065582318231,38.1708145141602
1,32.56,10.8098915317096,38.1946563720703
1,32.57,10.813224831596,38.2256507873535
1,32.58,10.8165581314825,38.2471084594727
1,32.59,10.8198914313689,38.2709503173828
1,32.6,10.8232247312553,38.2828712463379
1,32.61,10.8265580311418,38.3090972900391
1,32.62,10.8298913310282,38.3353233337402
1,32.63,10.8332246309146,38.3543968200684
1,32.64,10.8365579308011,38.3615493774414
1,32.65,10.8398912306875,38.3758544921875
1,32.66,10.8432245305739,38.3996963500977
1,32.67,10.8465578304604,38.4140014648438
1,32.68,10.8498911303468,38.4330749511719
1,32.69,10.8532244302332,38.4283065795898
1,32.7,10.8565577301197,38.4426116943359
1,32.71,10.8598910300061,38.454532623291
1,32.72,10.8632243298925,38.4640693664551
1,32.73,10.866557629779,38.4783744812012
1,32.74,10.8698909296654,38.4879112243652
1,32.75,10.8732242295519,38.4926795959473
1,32.76,10.8765575294383,38.4950637817383
1,32.77,10.8798908293247,38.4998321533203
1,32.78,10.8832241292112,38.4998321533203
1,32.79,10.8865574290976,38.4998321533203
1,32.8,10.889890728984,38.5189056396484
1,32.81,10.8932240288705,38.5403633117676
1,32.82,10.8965573287569,38.5522842407227
1,32.83,10.8998906286433,38.5499000549316
1,32.84,10.9032239285298,38.5570526123047
1,32.85,10.9065572284162,38.5713577270508
1,32.86,10.9098905283026,38.5880470275879
1,32.87,10.9132238281891,38.607120513916
1,32.88,10.9165571280755,38.6214256286621
1,32.89,10.9198904279619,38.6428833007813
1,32.9,10.9232237278484,38.6548042297363
1,32.91,10.9265570277348,38.6810302734375
1,32.92,10.9298903276213,38.6929512023926
1,32.93,10.9332236275077,38.7167930603027
1,32.94,10.9365569273941,38.7310981750488
1,32.95,10.9398902272806,38.7477874755859
1,32.96,10.943223527167,38.762092590332
1,32.97,10.9465568270534,38.7787818908691
1,32.98,10.9498901269399,38.7883186340332
1,32.99,10.9532234268263,38.7978553771973
1,33,10.9565567267127,38.8121604919434
1,33.01,10.9598900265992,38.8288497924805
1,33.02,10.9632233264856,38.8383865356445
1,33.03,10.966556626372,38.8574600219727
1,33.04,10.9698899262585,38.8646125793457
1,33.05,10.9732232261449,38.8860702514648
1,33.06,10.9765565260313,38.8884544372559
1,33.07,10.9798898259178,38.914680480957
1,33.08,10.9832231258042,38.9194488525391
1,33.09,10.9865564256907,38.9409065246582
1,33.1,10.9898897255771,38.9552116394043
1,33.11,10.9932230254635,38.9719009399414
1,33.12,10.99655632535,39.0005111694336
1,33.13,10.9998896252364,39.0148162841797
1,33.14,11.0032229251228,39.0315055847168
1,33.15,11.0065562250093,39.0529632568359
1,33.16,11.0098895248957,39.064884185791
1,33.17,11.0132228247821,39.0887260437012
1,33.18,11.0165561246686,39.1149520874023
1,33.19,11.019889424555,39.1244888305664
1,33.2,11.0232227244414,39.1530990600586
1,33.21,11.0265560243279,39.1578674316406
1,33.22,11.0298893242143,39.1840934753418
1,33.23,11.0332226241007,39.2007827758789
1,33.24,11.0365559239872,39.222240447998
1,33.25,11.0398892238736,39.2508506774902
1,33.26,11.0432225237601,39.2746925354004
1,33.27,11.0465558236465,39.2866134643555
1,33.28,11.0498891235329,39.3056869506836
1,33.29,11.0532224234194,39.3199920654297
1,33.3,11.0565557233058,39.3366813659668
1,33.31,11.0598890231922,39.360523223877
1,33.32,11.0632223230787,39.3843650817871
1,33.33,11.0665556229651,39.3986701965332
1,33.34,11.0698889228515,39.4129753112793
1,33.35,11.073222222738,39.4248962402344
1,33.36,11.0765555226244,39.4439697265625
1,33.37,11.0798888225108,39.4725799560547
1,33.38,11.0832221223973,39.4868850708008
1,33.39,11.0865554222837,39.4964218139648
1,33.4,11.0898887221701,39.5298004150391
1,33.41,11.0932220220566,39.5393371582031
1,33.42,11.096555321943,39.5560264587402
1,33.43,11.0998886218295,39.5822525024414
1,33.44,11.1032219217159,39.6013259887695
1,33.45,11.1065552216023,39.6275520324707
1,33.46,11.1098885214888,39.6394729614258
1,33.47,11.1132218213752,39.6633148193359
1,33.48,11.1165551212616,39.675235748291
1,33.49,11.1198884211481,39.7014617919922
1,33.5,11.1232217210345,39.7038459777832
1,33.51,11.1265550209209,39.7276878356934
1,33.52,11.1298883208074,39.7467613220215
1,33.53,11.1332216206938,39.7539138793945
1,33.54,11.1365549205802,39.7896766662598
1,33.55,11.1398882204667,39.7849082946777
1,33.56,11.1432215203531,39.8159027099609
1,33.57,11.1465548202395,39.825439453125
1,33.58,11.149888120126,39.8421287536621
1,33.59,11.1532214200124,39.8492813110352
1,33.6,11.1565547198988,39.8588180541992
1,33.61,11.1598880197853,39.8659706115723
1,33.62,11.1632213196717,39.8850440979004
1,33.63,11.1665546195582,39.8898124694824
1,33.64,11.1698879194446,39.9065017700195
1,33.65,11.173221219331,39.9112701416016
1,33.66,11.1765545192175,39.9327278137207
1,33.67,11.1798878191039,39.9470329284668
1,33.68,11.1832211189903,39.973258972168
1,33.69,11.1865544188768,39.985179901123
1,33.7,11.1898877187632,39.9971008300781
1,33.71,11.1932210186496,40.0233268737793
1,33.72,11.1965543185361,40.0519371032715
1,33.73,11.1998876184225,40.0614738464355
1,33.74,11.2032209183089,40.0876998901367
1,33.75,11.2065542181954,40.0876998901367
1,33.76,11.2098875180818,40.0900840759277
1,33.77,11.2132208179682,40.0781631469727
1,33.78,11.2165541178547,40.0757789611816
1,33.79,11.2198874177411,40.0614738464355
1,33.8,11.2232207176276,40.0805473327637
1,33.81,11.226554017514,40.0733947753906
1,33.82,11.2298873174004,40.0805473327637
1,33.83,11.2332206172869,40.0686264038086
1,33.84,11.2365539171733,40.0710105895996
1,33.85,11.2398872170597,40.0853157043457
1,33.86,11.2432205169462,40.0996208190918
1,33.87,11.2465538168326,40.1186943054199
1,33.88,11.249887116719,40.137767791748
1,33.89,11.2532204166055,40.1616096496582
1,33.9,11.2565537164919,40.1878356933594
1,33.91,11.2598870163783,40.2092933654785
1,33.92,11.2632203162648,40.2379035949707
1,33.93,11.2665536161512,40.2641296386719
1,33.94,11.2698869160377,40.290355682373
1,33.95,11.2732202159241,40.3237342834473
1,33.96,11.2765535158105,40.3451919555664
1,33.97,11.279886815697,40.3809547424316
1,33.98,11.2832201155834,40.4024124145508
1,33.99,11.2865534154698,40.433406829834
1,34,11.2898867153563,40.4548645019531
1,34.01,11.2932200152427,40.4691696166992
1,34.02,11.2965533151291,40.4906272888184
1,34.03,11.2998866150156,40.5192375183105
1,34.04,11.303219914902,40.5263900756836
1,34.05,11.3065532147884,40.5693054199219
1,34.06,11.3098865146749,40.583610534668
1,34.07,11.3132198145613,40.6026840209961
1,34.08,11.3165531144477,40.6217575073242
1,34.09,11.3198864143342,40.6384468078613
1,34.1,11.3232197142206,40.6622886657715
1,34.11,11.326553014107,40.6789779663086
1,34.12,11.3298863139935,40.6861305236816
1,34.13,11.3332196138799,40.7075881958008
1,34.14,11.3365529137664,40.7123565673828
1,34.15,11.3398862136528,40.7147407531738
1,34.16,11.3432195135392,40.7290458679199
1,34.17,11.3465528134257,40.748119354248
1,34.18,11.3498861133121,40.748119354248
1,34.19,11.3532194131985,40.7600402832031
1,34.2,11.356552713085,40.7814979553223
1,34.21,11.3598860129714,40.7981872558594
1,34.22,11.3632193128578,40.8101081848145
1,34.23,11.3665526127443,40.8434867858887
1,34.24,11.3698859126307,40.8673286437988
1,34.25,11.3732192125171,40.888786315918
1,34.26,11.3765525124036,40.9150123596191
1,34.27,11.37988581229,40.9340858459473
1,34.28,11.3832191121764,40.9674644470215
1,34.29,11.3865524120629,40.9865379333496
1,34.3,11.3898857119493,41.0103797912598
1,34.31,11.3932190118358,41.048526763916
1,34.32,11.3965523117222,41.0771369934082
1,34.33,11.3998856116086,41.0890579223633
1,34.34,11.4032189114951,41.1200523376465
1,34.35,11.4065522113815,41.1581993103027
1,34.36,11.4098855112679,41.191577911377
1,34.37,11.4132188111544,41.2178039550781
1,34.38,11.4165521110408,41.2368774414063
1,34.39,11.4198854109272,41.2654876708984
1,34.4,11.4232187108137,41.2917137145996
1,34.41,11.4265520107001,41.3060188293457
1,34.42,11.4298853105865,41.3370132446289
1,34.43,11.433218610473,41.356086730957
1,34.44,11.4365519103594,41.3727760314941
1,34.45,11.4398852102458,41.4037704467773
1,34.46,11.4432185101323,41.4180755615234
1,34.47,11.4465518100187,41.4395332336426
1,34.48,11.4498851099052,41.4514541625977
1,34.49,11.4532184097916,41.4657592773438
1,34.5,11.456551709678,41.501522064209
1,34.51,11.4598850095645,41.5205955505371
1,34.52,11.4632183094509,41.5349006652832
1,34.53,11.4665516093373,41.5611267089844
1,34.54,11.4698849092238,41.5706634521484
1,34.55,11.4732182091102,41.5992736816406
1,34.56,11.4765515089966,41.6111946105957
1,34.57,11.4798848088831,41.6278839111328
1,34.58,11.4832181087695,41.6421890258789
1,34.59,11.4865514086559,41.661262512207
1,34.6,11.4898847085424,41.6684150695801
1,34.61,11.4932180084288,41.6827201843262
1,34.62,11.4965513083152,41.7065620422363
1,34.63,11.4998846082017,41.7160987854004
1,34.64,11.5032179080881,41.7256355285645
1,34.65,11.5065512079746,41.7494773864746
1,34.66,11.509884507861,41.7685508728027
1,34.67,11.5132178077474,41.7828559875488
1,34.68,11.5165511076339,41.7971611022949
1,34.69,11.5198844075203,41.811466217041
1,34.7,11.5232177074067,41.8305397033691
1,34.71,11.5265510072932,41.8424606323242
1,34.72,11.5298843071796,41.8615341186523
1,34.73,11.533217607066,41.8710708618164
1,34.74,11.5365509069525,41.8901443481445
1,34.75,11.5398842068389,41.8925285339355
1,34.76,11.5432175067253,41.9044494628906
1,34.77,11.5465508066118,41.9163703918457
1,34.78,11.5498841064982,41.9330596923828
1,34.79,11.5532174063846,41.9378280639648
1,34.8,11.5565507062711,41.9521331787109
1,34.81,11.5598840061575,41.964054107666
1,34.82,11.563217306044,41.9735908508301
1,34.83,11.5665506059304,41.9974327087402
1,34.84,11.5698839058168,42.0045852661133
1,34.85,11.5732172057033,42.0260429382324
1,34.86,11.5765505055897,42.0475006103516
1,34.87,11.5798838054761,42.0618057250977
1,34.88,11.5832171053626,42.0999526977539
1,34.89,11.586550405249,42.1261787414551
1,34.9,11.5898837051354,42.1524047851563
1,34.91,11.5932170050219,42.1643257141113
1,34.92,11.5965503049083,42.1905517578125
1,34.93,11.5998836047947,42.2143936157227
1,34.94,11.6032169046812,42.2286987304688
1,34.95,11.6065502045676,42.259693145752
1,34.96,11.609883504454,42.266845703125
1,34.97,11.6132168043405,42.3049926757813
1,34.98,11.6165501042269,42.3240661621094
1,34.99,11.6198834041134,42.3407554626465
1,35,11.6232167039998,42.3669815063477
1,35.01,11.6265500038862,42.3884391784668
1,35.02,11.6298833037727,42.4098968505859
1,35.03,11.6332166036591,42.4408912658691
1,35.04,11.6365499035455,42.4456596374512
1,35.05,11.639883203432,42.4742698669434
1,35.06,11.6432165033184,42.4957275390625
1,35.07,11.6465498032048,42.5100326538086
1,35.08,11.6498831030913,42.5219535827637
1,35.09,11.6532164029777,42.5386428833008
1,35.1,11.6565497028641,42.5601005554199
1,35.11,11.6598830027506,42.574405670166
1,35.12,11.663216302637,42.5910949707031
1,35.13,11.6665496025234,42.6077842712402
1,35.14,11.6698829024099,42.6149368286133
1,35.15,11.6732162022963,42.6268577575684
1,35.16,11.6765495021828,42.6483154296875
1,35.17,11.6798828020692,42.6721572875977
1,35.18,11.6832161019556,42.6888465881348
1,35.19,11.6865494018421,42.7079200744629
1,35.2,11.6898827017285,42.722225189209
1,35.21,11.6932160016149,42.7341461181641
1,35.22,11.6965493015014,42.7556037902832
1,35.23,11.6998826013878,42.7865982055664
1,35.24,11.7032159012742,42.7842140197754
1,35.25,11.7065492011607,42.8175926208496
1,35.26,11.7098825010471,42.8390502929688
1,35.27,11.7132158009335,42.8676605224609
1,35.28,11.71654910082,42.872428894043
1,35.29,11.7198824007064,42.8867340087891
1,35.3,11.7232157005928,42.9081916809082
1,35.31,11.7298823003657,42.9272651672363
1,35.33,11.7332156002522,42.9439544677734
1,35.34,11.7365489001386,42.9558753967285
1,35.35,11.739882200025,42.9677963256836
1,35.36,11.7465487997979,42.9630279541016
1,35.37,11.7498820996843,42.9797172546387
1,35.39,11.7532153995708,43.0178642272949
1,35.4,11.7598819993436,43.0440902709961
1,35.41,11.7632152992301,43.0560111999512
1,35.42,11.7665485991165,43.0703163146973
1,35.43,11.7698818990029,43.0989265441895
1,35.44,11.7732151988894,43.1251525878906
1,35.45,11.7765484987758,43.1370735168457
1,35.46,11.7798817986622,43.1466102600098
1,35.47,11.7832150985487,43.1704521179199
1,35.48,11.7865483984351,43.2014465332031
1,35.49,11.7898816983216,43.2109832763672
1,35.5,11.793214998208,43.2252883911133
1,35.51,11.7965482980944,43.2395935058594
1,35.52,11.7998815979809,43.2610511779785
1,35.53,11.8032148978673,43.2848930358887
1,35.54,11.8065481977537,43.3135032653809
1,35.55,11.8098814976402,43.3182716369629
1,35.56,11.8132147975266,43.339729309082
1,35.57,11.816548097413,43.3659553527832
1,35.58,11.8198813972995,43.3897972106934
1,35.59,11.8232146971859,43.4184074401855
1,35.6,11.8265479970723,43.4327125549316
1,35.61,11.8298812969588,43.4565544128418
1,35.62,11.8332145968452,43.4684753417969
1,35.63,11.8365478967316,43.4970855712891
1,35.64,11.8398811966181,43.5185432434082
1,35.65,11.8432144965045,43.5447692871094
1,35.66,11.846547796391,43.5495376586914
1,35.67,11.8498810962774,43.5853004455566
1,35.68,11.8532143961638,43.6091423034668
1,35.69,11.8565476960503,43.6305999755859
1,35.7,11.8598809959367,43.6592102050781
1,35.71,11.8632142958231,43.6806678771973
1,35.72,11.8665475957096,43.7068939208984
1,35.73,11.869880895596,43.7283515930176
1,35.74,11.8732141954824,43.7521934509277
1,35.75,11.8765474953689,43.7664985656738
1,35.76,11.8798807952553,43.790340423584
1,35.77,11.8832140951417,43.8094139099121
1,35.78,11.8865473950282,43.8356399536133
1,35.79,11.8898806949146,43.8523292541504
1,35.8,11.893213994801,43.8666343688965
1,35.81,11.8965472946875,43.8952445983887
1,35.82,11.8998805945739,43.9167022705078
1,35.83,11.9032138944604,43.9357757568359
1,35.84,11.9065471943468,43.9572334289551
1,35.85,11.9098804942332,43.9691543579102
1,35.86,11.9132137941197,43.9810752868652
1,35.87,11.9165470940061,43.9953804016113
1,35.88,11.9198803938925,44.0049171447754
1,35.89,11.923213693779,44.0263748168945
1,35.9,11.9265469936654,44.0526008605957
1,35.91,11.9298802935518,44.0669059753418
1,35.92,11.9332135934383,44.0764427185059
1,35.93,11.9365468933247,44.100284576416
1,35.94,11.9398801932111,44.1217422485352
1,35.95,11.9432134930976,44.1336631774902
1,35.96,11.946546792984,44.1408157348633
1,35.97,11.9498800928704,44.1598892211914
1,35.98,11.9532133927569,44.1813468933105
1,35.99,11.9565466926433,44.1908836364746
1,36,11.9598799925297,44.2123413085938
1,36.01,11.9632132924162,44.2314147949219
1,36.02,11.9665465923026,44.243335723877
1,36.03,11.9698798921891,44.2695617675781
1,36.04,11.9732131920755,44.2957878112793
1,36.05,11.9765464919619,44.3077087402344
1,36.06,11.9798797918484,44.3315505981445
1,36.07,11.9832130917348,44.3458557128906
1,36.08,11.9865463916212,44.3696975708008
1,36.09,11.9898796915077,44.398307800293
1,36.1,11.9932129913941,44.403076171875
1,36.11,11.9965462912805,44.4269180297852
1,36.12,11.999879591167,44.4364547729492
1,36.13,12.0032128910534,44.4698333740234
1,36.14,12.0065461909398,44.4865226745605
1,36.15,12.0098794908263,44.5175170898438
1,36.16,12.0132127907127,44.5461273193359
1,36.17,12.0165460905991,44.5723533630371
1,36.18,12.0198793904856,44.5985794067383
1,36.19,12.023212690372,44.6271896362305
1,36.2,12.0265459902585,44.6486473083496
1,36.21,12.0298792901449,44.6772575378418
1,36.22,12.0332125900313,44.703483581543
1,36.23,12.0365458899178,44.7177886962891
1,36.24,12.0398791898042,44.7463989257813
1,36.25,12.0432124896906,44.7535514831543
1,36.26,12.0465457895771,44.7750091552734
1,36.27,12.0498790894635,44.7940826416016
1,36.28,12.0532123893499,44.8131561279297
1,36.29,12.0565456892364,44.8298454284668
1,36.3,12.0598789891228,44.8322296142578
1,36.31,12.0632122890092,44.865608215332
1,36.32,12.0665455888957,44.8727607727051
1,36.33,12.0698788887821,44.8846817016602
1,36.34,12.0732121886685,44.8966026306152
1,36.35,12.076545488555,44.8989868164063
1,36.36,12.0798787884414,44.9156761169434
1,36.37,12.0832120883279,44.9275970458984
1,36.38,12.0865453882143,44.9490547180176
1,36.39,12.0898786881007,44.9514389038086
1,36.4,12.0932119879872,44.9895858764648
1,36.41,12.0965452878736,45.0015068054199
1,36.42,12.09987858776,45.0396537780762
1,36.43,12.1032118876465,45.0634956359863
1,36.44,12.1065451875329,45.0801849365234
1,36.45,12.1098784874193,45.1135635375977
1,36.46,12.1132117873058,45.1540946960449
1,36.47,12.1165450871922,45.170783996582
1,36.48,12.1198783870786,45.2136993408203
1,36.49,12.1232116869651,45.2399253845215
1,36.5,12.1265449868515,45.2613830566406
1,36.51,12.1298782867379,45.2852249145508
1,36.52,12.1332115866244,45.3042984008789
1,36.53,12.1365448865108,45.313835144043
1,36.54,12.1398781863973,45.3424453735352
1,36.55,12.1432114862837,45.3543663024902
1,36.56,12.1465447861701,45.3639030456543
1,36.57,12.1498780860566,45.3758239746094
1,36.58,12.153211385943,45.3996658325195
1,36.59,12.1565446858294,45.4163551330566
1,36.6,12.1598779857159,45.4235076904297
1,36.61,12.1632112856023,45.4330444335938
1,36.62,12.1665445854887,45.4497337341309
1,36.63,12.1698778853752,45.464038848877
1,36.64,12.1732111852616,45.4831123352051
1,36.65,12.176544485148,45.4926490783691
1,36.66,12.1798777850345,45.4950332641602
1,36.67,12.1832110849209,45.5069541931152
1,36.68,12.1865443848073,45.5307960510254
1,36.69,12.1898776846938,45.5522537231445
1,36.7,12.1932109845802,45.5594062805176
1,36.71,12.1965442844667,45.5689430236816
1,36.72,12.1998775843531,45.6023216247559
1,36.73,12.2032108842395,45.623779296875
1,36.74,12.206544184126,45.6500053405762
1,36.75,12.2098774840124,45.6571578979492
1,36.76,12.2132107838988,45.6929206848145
1,36.77,12.2165440837853,45.7215309143066
1,36.78,12.2198773836717,45.7358360290527
1,36.79,12.2232106835581,45.7596778869629
1,36.8,12.2265439834446,45.7882881164551
1,36.81,12.229877283331,45.8025932312012
1,36.82,12.2332105832174,45.8335876464844
1,36.83,12.2365438831039,45.8455085754395
1,36.84,12.2398771829903,45.8717346191406
1,36.85,12.2432104828767,45.8931922912598
1,36.86,12.2465437827632,45.9051132202148
1,36.87,12.2498770826496,45.9098815917969
1,36.88,12.2532103825361,45.926570892334
1,36.89,12.2565436824225,45.9504127502441
1,36.9,12.2598769823089,45.9623336791992
1,36.91,12.2632102821954,45.9599494934082
1,36.92,12.2665435820818,45.9718704223633
1,36.93,12.2698768819682,45.9790229797363
1,36.94,12.2732101818547,45.9980964660645
1,36.95,12.2765434817411,46.0076332092285
1,36.96,12.2798767816275,46.0219383239746
1,36.97,12.283210081514,46.0433959960938
1,36.98,12.2865433814004,46.0624694824219
1,36.99,12.2898766812868,46.074390411377
1,37,12.2932099811733,46.086311340332
1,37.01,12.2965432810597,46.1125373840332
1,37.02,12.2998765809461,46.1292266845703
1,37.03,12.3032098808326,46.1649894714355
1,37.04,12.306543180719,46.1792945861816
1,37.05,12.3098764806055,46.2007522583008
1,37.06,12.3132097804919,46.2174415588379
1,37.07,12.3165430803783,46.241283416748
1,37.08,12.3198763802648,46.2651252746582
1,37.09,12.3232096801512,46.2794303894043
1,37.1,12.3265429800376,46.3008880615234
1,37.11,12.3298762799241,46.3128089904785
1,37.12,12.3332095798105,46.3318824768066
1,37.13,12.3365428796969,46.3485717773438
1,37.14,12.3398761795834,46.3581085205078
1,37.15,12.3432094794698,46.3771820068359
1,37.16,12.3465427793562,46.3771820068359
1,37.17,12.3498760792427,46.391487121582
1,37.18,12.3532093791291,46.4153289794922
1,37.19,12.3565426790155,46.4248657226563
1,37.2,12.359875978902,46.4344024658203
1,37.21,12.3632092787884,46.4463233947754
1,37.22,12.3665425786749,46.4558601379395
1,37.23,12.3698758785613,46.4677810668945
1,37.24,12.3732091784477,46.4892387390137
1,37.25,12.3765424783342,46.4987754821777
1,37.26,12.3798757782206,46.5083122253418
1,37.27,12.383209078107,46.5202331542969
1,37.28,12.3865423779935,46.536922454834
1,37.29,12.3898756778799,46.546459197998
1,37.3,12.3932089777663,46.5536117553711
1,37.31,12.3965422776528,46.5703010559082
1,37.32,12.3998755775392,46.5846061706543
1,37.33,12.4032088774256,46.5965270996094
1,37.34,12.4065421773121,46.6084480285645
1,37.35,12.4098754771985,46.6227531433105
1,37.36,12.4132087770849,46.6418266296387
1,37.37,12.4165420769714,46.6680526733398
1,37.38,12.4198753768578,46.696662902832
1,37.39,12.4232086767443,46.7205047607422
1,37.4,12.4265419766307,46.7348098754883
1,37.41,12.4298752765171,46.7634201049805
1,37.42,12.4332085764036,46.7872619628906
1,37.43,12.43654187629,46.8206405639648
1,37.44,12.4398751761764,46.849250793457
1,37.45,12.4432084760629,46.8707084655762
1,37.46,12.4465417759493,46.8873977661133
1,37.47,12.4498750758357,46.9112396240234
1,37.48,12.4532083757222,46.9326972961426
1,37.49,12.4565416756086,46.9422340393066
1,37.5,12.459874975495,46.9684600830078
1,37.51,12.4632082753815,46.9875335693359
1,37.52,12.4665415752679,46.994686126709
1,37.53,12.4698748751543,47.0161437988281
1,37.54,12.4732081750408,47.0352172851563
1,37.55,12.4765414749272,47.0566749572754
1,37.56,12.4798747748137,47.0685958862305
1,37.57,12.4832080747001,47.0948219299316
1,37.58,12.4865413745865,47.1067428588867
1,37.59,12.489874674473,47.1305847167969
1,37.6,12.4932079743594,47.1615791320801
1,37.61,12.4965412742458,47.1663475036621
1,37.62,12.4998745741323,47.2068786621094
1,37.63,12.5032078740187,47.2187995910645
1,37.64,12.5065411739051,47.2426414489746
1,37.65,12.5098744737916,47.2569465637207
1,37.66,12.513207773678,47.2831726074219
1,37.67,12.5165410735644,47.309398651123
1,37.68,12.5198743734509,47.3284721374512
1,37.69,12.5232076733373,47.3594665527344
1,37.7,12.5265409732237,47.3761558532715
1,37.71,12.5298742731102,47.3976135253906
1,37.72,12.5332075729966,47.4214553833008
1,37.73,12.5365408728831,47.4381446838379
1,37.74,12.5398741727695,47.457218170166
1,37.75,12.5432074726559,47.4882125854492
1,37.76,12.5465407725424,47.5049018859863
1,37.77,12.5498740724288,47.5335121154785
1,37.78,12.5532073723152,47.5502014160156
1,37.79,12.5565406722017,47.5740432739258
1,37.8,12.5598739720881,47.5931167602539
1,37.81,12.5632072719745,47.605037689209
1,37.82,12.566540571861,47.6264953613281
1,37.83,12.5698738717474,47.6455688476563
1,37.84,12.5732071716338,47.6622581481934
1,37.85,12.5765404715203,47.6765632629395
1,37.86,12.5798737714067,47.6932525634766
1,37.87,12.5832070712931,47.7099418640137
1,37.88,12.5865403711796,47.7242469787598
1,37.89,12.589873671066,47.7457046508789
1,37.9,12.5932069709525,47.764778137207
1,37.91,12.5965402708389,47.7766990661621
1,37.92,12.5998735707253,47.8076934814453
1,37.93,12.6032068706118,47.8124618530273
1,37.94,12.6065401704982,47.8386878967285
1,37.95,12.6098734703846,47.8529930114746
1,37.96,12.6132067702711,47.8744506835938
1,37.97,12.6165400701575,47.8887557983398
1,37.98,12.6198733700439,47.914981842041
1,37.99,12.6232066699304,47.9364395141602
1,38,12.6265399698168,47.9555130004883
1,38.01,12.6298732697032,47.9793548583984
1,38.02,12.6332065695897,48.0008125305176
1,38.03,12.6365398694761,48.0175018310547
1,38.04,12.6398731693625,48.0246543884277
1,38.05,12.643206469249,48.0413436889648
1,38.06,12.6465397691354,48.067569732666
1,38.07,12.6498730690219,48.0890274047852
1,38.08,12.6532063689083,48.1200218200684
1,38.09,12.6565396687947,48.1390953063965
1,38.1,12.6598729686812,48.1748580932617
1,38.11,12.6632062685676,48.1891632080078
1,38.12,12.666539568454,48.220157623291
1,38.13,12.6698728683405,48.2535362243652
1,38.14,12.6732061682269,48.2749938964844
1,38.15,12.6765394681133,48.2988357543945
1,38.16,12.6798727679998,48.3322143554688
1,38.17,12.6832060678862,48.3536720275879
1,38.18,12.6865393677726,48.375129699707
1,38.19,12.6898726676591,48.4108924865723
1,38.2,12.6932059675455,48.4228134155273
1,38.21,12.6965392674319,48.4585762023926
1,38.22,12.6998725673184,48.4895706176758
1,38.23,12.7032058672048,48.52294921875
1,38.24,12.7065391670913,48.5587120056152
1,38.25,12.7098724669777,48.5873222351074
1,38.26,12.7132057668641,48.6063957214355
1,38.27,12.7165390667506,48.6373901367188
1,38.28,12.719872366637,48.675537109375
1,38.29,12.7232056665234,48.7089157104492
1,38.3,12.7265389664099,48.7303733825684
1,38.31,12.7298722662963,48.7565994262695
1,38.32,12.7332055661827,48.7685203552246
1,38.33,12.7365388660692,48.7995147705078
1,38.34,12.7398721659556,48.825740814209
1,38.35,12.743205465842,48.832893371582
1,38.36,12.7465387657285,48.8591194152832
1,38.37,12.7498720656149,48.8710403442383
1,38.38,12.7532053655013,48.8829612731934
1,38.39,12.7565386653878,48.8877296447754
1,38.4,12.7598719652742,48.9115715026855
1,38.41,12.7632052651607,48.9211082458496
1,38.42,12.7665385650471,48.9425659179688
1,38.43,12.7698718649335,48.9473342895508
1,38.44,12.77320516482,48.9687919616699
1,38.45,12.7765384647064,48.983097076416
1,38.46,12.7798717645928,48.9950180053711
1,38.47,12.7832050644793,49.0188598632813
1,38.48,12.7865383643657,49.0283966064453
1,38.49,12.7898716642521,49.0450859069824
1,38.5,12.7932049641386,49.0593910217285
1,38.51,12.796538264025,49.0760803222656
1,38.52,12.7998715639114,49.0808486938477
1,38.53,12.8032048637979,49.0927696228027
1,38.54,12.8065381636843,49.0975379943848
1,38.55,12.8098714635707,49.1142272949219
1,38.56,12.8132047634572,49.128532409668
1,38.57,12.8165380633436,49.128532409668
1,38.58,12.81987136323,49.1428375244141
1,38.59,12.8232046631165,49.1619110107422
1,38.6,12.8265379630029,49.1738319396973
1,38.61,12.8298712628894,49.1786003112793
1,38.62,12.8332045627758,49.1833686828613
1,38.63,12.8365378626622,49.2000579833984
1,38.64,12.8398711625487,49.2143630981445
1,38.65,12.8432044624351,49.2310523986816
1,38.66,12.849871062208,49.2334365844727
1,38.68,12.8532043620944,49.2572784423828
1,38.69,12.8565376619808,49.2715835571289
1,38.7,12.8598709618673,49.290657043457
1,38.71,12.8632042617537,49.293041229248
1,38.72,12.8665375616401,49.3311882019043
1,38.73,12.8698708615266,49.3478775024414
1,38.74,12.873204161413,49.3645668029785
1,38.75,12.8798707611859,49.3812561035156
1,38.77,12.8832040610723,49.4265556335449
1,38.78,12.8865373609588,49.4551658630371
1,38.79,12.8898706608452,49.4718551635742
1,38.8,12.8965372606181,49.4885444641113
1,38.81,12.8998705605045,49.5076179504395
1,38.83,12.9032038603909,49.5576858520508
1,38.84,12.9098704601638,49.586296081543
1,38.85,12.9132037600502,49.598217010498
1,38.86,12.9165370599367,49.6149063110352
1,38.88,12.9198703598231,49.6459007263184
1,38.89,12.926536959596,49.6459007263184
1,38.9,12.9298702594824,49.6649742126465
1,38.91,12.9332035593688,49.6792793273926
1,38.92,12.9365368592553,49.6888160705566
1,38.93,12.9398701591417,49.7078895568848
1,38.94,12.9432034590282,49.7245788574219
1,38.95,12.9465367589146,49.7317314147949
1,38.96,12.949870058801,49.736499786377
1,38.98,12.9532033586875,49.7794151306152
1,38.99,12.9598699584603,49.7913360595703
1,39,12.9632032583468,49.8151779174805
1,39.01,12.9665365582332,49.8247146606445
1,39.02,12.9698698581196,49.8557090759277
1,39.03,12.9732031580061,49.8771667480469
1,39.04,12.9765364578925,49.889087677002
1,39.05,12.9798697577789,49.9129295349121
1,39.06,12.9832030576654,49.9415397644043
1,39.07,12.9865363575518,49.9510765075684
1,39.08,12.9898696574382,49.9749183654785
1,39.09,12.9932029573247,49.9963760375977
1,39.1,12.9965362572111,50.0035285949707
1,39.11,12.9998695570976,50.0106811523438
1,39.12,13.003202856984,50.0392913818359
1,39.13,13.0065361568704,50.051212310791
1,39.14,13.0098694567569,50.0631332397461
1,39.15,13.0132027566433,50.0726699829102
1,39.16,13.0165360565297,50.0941276550293
1,39.17,13.0198693564162,50.0988960266113
1,39.18,13.0232026563026,50.1203536987305
1,39.19,13.026535956189,50.1370429992676
1,39.2,13.0298692560755,50.1465797424316
1,39.21,13.0332025559619,50.1585006713867
1,39.22,13.0365358558483,50.1680374145508
1,39.23,13.0398691557348,50.199031829834
1,39.24,13.0432024556212,50.2181053161621
1,39.25,13.0465357555076,50.2324104309082
1,39.26,13.0498690553941,50.2490997314453
1,39.27,13.0532023552805,50.2634048461914
1,39.28,13.056535655167,50.2824783325195
1,39.29,13.0598689550534,50.3063201904297
1,39.3,13.0632022549398,50.3158569335938
1,39.31,13.0665355548263,50.3349304199219
1,39.32,13.0698688547127,50.346851348877
1,39.33,13.0732021545991,50.3706932067871
1,39.34,13.0765354544856,50.3754615783691
1,39.35,13.079868754372,50.4064559936523
1,39.36,13.0832020542584,50.4231452941895
1,39.37,13.0865353541449,50.4350662231445
1,39.38,13.0898686540313,50.4446029663086
1,39.39,13.0932019539177,50.4612922668457
1,39.4,13.0965352538042,50.4684448242188
1,39.41,13.0998685536906,50.4732131958008
1,39.42,13.103201853577,50.4922866821289
1,39.43,13.1065351534635,50.4946708679199
1,39.44,13.1098684533499,50.511360168457
1,39.45,13.1132017532364,50.5256652832031
1,39.46,13.1165350531228,50.5328178405762
1,39.47,13.1198683530092,50.5352020263672
1,39.48,13.1232016528957,50.5471229553223
1,39.49,13.1265349527821,50.5542755126953
1,39.5,13.1298682526685,50.5638122558594
1,39.51,13.133201552555,50.5709648132324
1,39.52,13.1365348524414,50.5757331848145
1,39.53,13.1398681523278,50.5924224853516
1,39.54,13.1432014522143,50.6114959716797
1,39.55,13.1465347521007,50.6186485290527
1,39.56,13.1498680519871,50.6401062011719
1,39.57,13.1532013518736,50.6591796875
1,39.58,13.15653465176,50.6854057312012
1,39.59,13.1598679516464,50.6949424743652
1,39.6,13.1632012515329,50.7020950317383
1,39.61,13.1665345514193,50.7211685180664
1,39.62,13.1698678513058,50.7330894470215
1,39.63,13.1732011511922,50.7473945617676
1,39.64,13.1765344510786,50.7473945617676
1,39.65,13.1798677509651,50.7736206054688
1,39.66,13.1832010508515,50.7831573486328
1,39.67,13.1865343507379,50.8022308349609
1,39.68,13.1898676506244,50.811767578125
1,39.69,13.1932009505108,50.8284568786621
1,39.7,13.1965342503972,50.8427619934082
1,39.71,13.1998675502837,50.8570671081543
1,39.72,13.2032008501701,50.8809089660645
1,39.73,13.2065341500565,50.8737564086914
1,39.74,13.209867449943,50.8856773376465
1,39.75,13.2132007498294,50.8975982666016
1,39.76,13.2165340497158,50.8999824523926
1,39.77,13.2198673496023,50.9095191955566
1,39.78,13.2232006494887,50.9214401245117
1,39.79,13.2265339493752,50.9214401245117
1,39.8,13.2298672492616,50.9309768676758
1,39.81,13.233200549148,50.9309768676758
1,39.82,13.2365338490345,50.9405136108398
1,39.83,13.2398671489209,50.9476661682129
1,39.84,13.2432004488073,50.9476661682129
1,39.85,13.2465337486938,50.9524345397949
1,39.86,13.2498670485802,50.961971282959
1,39.87,13.2532003484666,50.9786605834961
1,39.88,13.2565336483531,50.9810447692871
1,39.89,13.2598669482395,51.0072708129883
1,39.9,13.2632002481259,51.0334968566895
1,39.91,13.2665335480124,51.0382652282715
1,39.92,13.2698668478988,51.0478019714355
1,39.93,13.2732001477852,51.0764122009277
1,39.94,13.2765334476717,51.0978698730469
1,39.95,13.2798667475581,51.124095916748
1,39.96,13.2832000474446,51.1336326599121
1,39.97,13.286533347331,51.1717796325684
1,39.98,13.2898666472174,51.1813163757324
1,39.99,13.2931999471039,51.2003898620605
1,40,13.2965332469903,51.2170791625977
1,40.01,13.2998665468767,51.2599945068359
1,40.02,13.3031998467632,51.2790679931641
1,40.03,13.3065331466496,51.2862205505371
1,40.04,13.309866446536,51.2957572937012
1,40.05,13.3131997464225,51.3029098510742
1,40.06,13.3165330463089,51.3243675231934
1,40.07,13.3198663461953,51.3362884521484
1,40.08,13.3231996460818,51.3482093811035
1,40.09,13.3265329459682,51.3458251953125
1,40.1,13.3298662458546,51.3672828674316
1,40.11,13.3331995457411,51.3648986816406
1,40.12,13.3365328456275,51.3744354248047
1,40.13,13.339866145514,51.3863563537598
1,40.14,13.3431994454004,51.4030456542969
1,40.15,13.3465327452868,51.429271697998
1,40.16,13.3498660451733,51.4507293701172
1,40.17,13.3531993450597,51.4578819274902
1,40.18,13.3565326449461,51.4769554138184
1,40.19,13.3598659448326,51.4864921569824
1,40.2,13.363199244719,51.5127182006836
1,40.21,13.3665325446054,51.5365600585938
1,40.22,13.3698658444919,51.5437126159668
1,40.23,13.3731991443783,51.5604019165039
1,40.24,13.3765324442647,51.5842437744141
1,40.25,13.3798657441512,51.6009330749512
1,40.26,13.3831990440376,51.6128540039063
1,40.27,13.386532343924,51.6390800476074
1,40.28,13.3898656438105,51.6653060913086
1,40.29,13.3931989436969,51.6796112060547
1,40.3,13.3965322435834,51.6915321350098
1,40.31,13.3998655434698,51.7082214355469
1,40.32,13.4031988433562,51.727294921875
1,40.33,13.4065321432427,51.732063293457
1,40.34,13.4098654431291,51.7511367797852
1,40.35,13.4131987430155,51.7559051513672
1,40.36,13.416532042902,51.7821311950684
1,40.37,13.4198653427884,51.7845153808594
1,40.38,13.4231986426748,51.8012046813965
1,40.39,13.4265319425613,51.8250465393066
1,40.4,13.4298652424477,51.8298149108887
1,40.41,13.4331985423341,51.8298149108887
1,40.42,13.4365318422206,51.8488883972168
1,40.43,13.439865142107,51.8703460693359
1,40.44,13.4431984419934,51.872730255127
1,40.45,13.4465317418799,51.8894195556641
1,40.46,13.4498650417663,51.9084930419922
1,40.47,13.4531983416528,51.9227981567383
1,40.48,13.4565316415392,51.9418716430664
1,40.49,13.4598649414256,51.9585609436035
1,40.5,13.4631982413121,51.9800186157227
1,40.51,13.4665315411985,51.9895553588867
1,40.52,13.4698648410849,52.0133972167969
1,40.53,13.4731981409714,52.030086517334
1,40.54,13.4765314408578,52.0539283752441
1,40.55,13.4798647407442,52.0634651184082
1,40.56,13.4831980406307,52.0896911621094
1,40.57,13.4865313405171,52.1063804626465
1,40.58,13.4898646404035,52.1230697631836
1,40.59,13.49319794029,52.1302223205566
1,40.6,13.4965312401764,52.1469116210938
1,40.61,13.4998645400628,52.1659851074219
1,40.62,13.5031978399493,52.18505859375
1,40.63,13.5065311398357,52.2089004516602
1,40.64,13.5098644397222,52.2327423095703
1,40.65,13.5131977396086,52.2470474243164
1,40.66,13.516531039495,52.2685050964355
1,40.67,13.5198643393815,52.2899627685547
1,40.68,13.5231976392679,52.3066520690918
1,40.69,13.5265309391543,52.3257255554199
1,40.7,13.5298642390408,52.344799041748
1,40.71,13.5331975389272,52.3710250854492
1,40.72,13.5365308388136,52.4044036865234
1,40.73,13.5398641387001,52.4163246154785
1,40.74,13.5431974385865,52.4449348449707
1,40.75,13.5465307384729,52.4663925170898
1,40.76,13.5498640383594,52.483081817627
1,40.77,13.5531973382458,52.5069236755371
1,40.78,13.5565306381322,52.5259971618652
1,40.79,13.5598639380187,52.5593757629395
1,40.8,13.5631972379051,52.5975227355957
1,40.81,13.5665305377916,52.6094436645508
1,40.82,13.569863837678,52.649974822998
1,40.83,13.5731971375644,52.6714324951172
1,40.84,13.5765304374509,52.6857376098633
1,40.85,13.5798637373373,52.7143478393555
1,40.86,13.5831970372237,52.7310371398926
1,40.87,13.5865303371102,52.7405738830566
1,40.88,13.5898636369966,52.7596473693848
1,40.89,13.593196936883,52.7811050415039
1,40.9,13.5965302367695,52.802562713623
1,40.91,13.5998635366559,52.8120994567871
1,40.92,13.6031968365423,52.8359413146973
1,40.93,13.6065301364288,52.8478622436523
1,40.94,13.6098634363152,52.8693199157715
1,40.95,13.6131967362016,52.8836250305176
1,40.96,13.6165300360881,52.8979301452637
1,40.97,13.6198633359745,52.9170036315918
1,40.98,13.6231966358609,52.9265403747559
1,40.99,13.6265299357474,52.945613861084
1,41,13.6298632356338,52.9646873474121
1,41.01,13.6331965355203,52.9789924621582
1,41.02,13.6365298354067,52.9909133911133
1,41.03,13.6398631352931,53.0004501342773
1,41.04,13.6431964351796,53.0052185058594
1,41.05,13.646529735066,53.0266761779785
1,41.06,13.6498630349524,53.0338287353516
1,41.07,13.6531963348389,53.0409812927246
1,41.08,13.6565296347253,53.0529022216797
1,41.09,13.6598629346117,53.0672073364258
1,41.1,13.6631962344982,53.0791282653809
1,41.11,13.6665295343846,53.0791282653809
1,41.12,13.669862834271,53.0791282653809
1,41.13,13.6731961341575,53.0910491943359
1,41.14,13.6765294340439,53.098201751709
1,41.15,13.6798627339303,53.102970123291
1,41.16,13.6831960338168,53.105354309082
1,41.17,13.6865293337032,53.1196594238281
1,41.18,13.6898626335897,53.1244277954102
1,41.19,13.6931959334761,53.1315803527832
1,41.2,13.6965292333625,53.1411170959473
1,41.21,13.699862533249,53.1482696533203
1,41.22,13.7031958331354,53.1601905822754
1,41.23,13.7065291330218,53.1673431396484
1,41.24,13.7098624329083,53.1888008117676
1,41.25,13.7131957327947,53.2007217407227
1,41.26,13.7165290326811,53.2197952270508
1,41.27,13.7198623325676,53.2269477844238
1,41.28,13.723195632454,53.257942199707
1,41.29,13.7265289323404,53.2722473144531
1,41.3,13.7298622322269,53.2793998718262
1,41.31,13.7331955321133,53.2960891723633
1,41.32,13.7365288319998,53.3175468444824
1,41.33,13.7398621318862,53.3318519592285
1,41.34,13.7431954317726,53.3628463745117
1,41.35,13.7465287316591,53.3843040466309
1,41.36,13.7498620315455,53.3962249755859
1,41.37,13.7531953314319,53.412914276123
1,41.38,13.7565286313184,53.4272193908691
1,41.39,13.7598619312048,53.4391403198242
1,41.4,13.7631952310912,53.4629821777344
1,41.41,13.7665285309777,53.4677505493164
1,41.42,13.7698618308641,53.4796714782715
1,41.43,13.7731951307505,53.4915924072266
1,41.44,13.776528430637,53.5058975219727
1,41.45,13.7798617305234,53.5178184509277
1,41.46,13.7831950304098,53.5464286804199
1,41.47,13.7865283302963,53.558349609375
1,41.48,13.7898616301827,53.5726547241211
1,41.49,13.7931949300691,53.6012649536133
1,41.5,13.7965282299556,53.6155700683594
1,41.51,13.799861529842,53.6441802978516
1,41.52,13.8031948297285,53.6704063415527
1,41.53,13.8065281296149,53.6942481994629
1,41.54,13.8098614295013,53.7300109863281
1,41.55,13.8131947293878,53.7514686584473
1,41.56,13.8165280292742,53.7729263305664
1,41.57,13.8198613291606,53.7943840026855
1,41.58,13.8231946290471,53.8325309753418
1,41.59,13.8265279289335,53.8516044616699
1,41.6,13.8298612288199,53.870677947998
1,41.61,13.8331945287064,53.8945198059082
1,41.62,13.8365278285928,53.9159774780273
1,41.63,13.8398611284792,53.9326667785645
1,41.64,13.8431944283657,53.9469718933105
1,41.65,13.8465277282521,53.9684295654297
1,41.66,13.8498610281385,53.9851188659668
1,41.67,13.853194328025,54.0065765380859
1,41.68,13.8565276279114,54.013729095459
1,41.69,13.8598609277979,54.0280342102051
1,41.7,13.8631942276843,54.0471076965332
1,41.71,13.8665275275707,54.0661811828613
1,41.72,13.8698608274572,54.0852546691895
1,41.73,13.8731941273436,54.0947914123535
1,41.74,13.87652742723,54.1210174560547
1,41.75,13.8798607271165,54.1210174560547
1,41.76,13.8831940270029,54.1424751281738
1,41.77,13.8865273268893,54.161548614502
1,41.78,13.8898606267758,54.1782379150391
1,41.79,13.8931939266622,54.1949272155762
1,41.8,13.8965272265486,54.2235374450684
1,41.81,13.8998605264351,54.2378425598145
1,41.82,13.9031938263215,54.2593002319336
1,41.83,13.9065271262079,54.2926788330078
1,41.84,13.9098604260944,54.3093681335449
1,41.85,13.9131937259808,54.3427467346191
1,41.86,13.9165270258673,54.3594360351563
1,41.87,13.9198603257537,54.3856620788574
1,41.88,13.9231936256401,54.4071197509766
1,41.89,13.9265269255266,54.4285774230957
1,41.9,13.929860225413,54.4595718383789
1,41.91,13.9331935252994,54.469108581543
1,41.92,13.9365268251859,54.4857978820801
1,41.93,13.9398601250723,54.5167922973633
1,41.94,13.9431934249587,54.5382499694824
1,41.95,13.9465267248452,54.5549392700195
1,41.96,13.9498600247316,54.5716285705566
1,41.97,13.953193324618,54.5883178710938
1,41.98,13.9565266245045,54.6097755432129
1,41.99,13.9598599243909,54.628849029541
1,42,13.9631932242773,54.6503067016602
1,42.01,13.9665265241638,54.6669960021973
1,42.02,13.9698598240502,54.6789169311523
1,42.03,13.9731931239367,54.6956062316895
1,42.04,13.9765264238231,54.7194480895996
1,42.05,13.9798597237095,54.7337532043457
1,42.06,13.983193023596,54.7480583190918
1,42.07,13.9865263234824,54.7599792480469
1,42.08,13.9898596233688,54.7933578491211
1,42.09,13.9931929232553,54.8076629638672
1,42.1,13.9965262231417,54.8338890075684
1,42.11,13.9998595230281,54.8458099365234
1,42.12,14.0031928229146,54.8768043518066
1,42.13,14.006526122801,54.8911094665527
1,42.14,14.0098594226874,54.9173355102539
1,42.15,14.0131927225739,54.931640625
1,42.16,14.0165260224603,54.9578666687012
1,42.17,14.0198593223467,54.9769401550293
1,42.18,14.0231926222332,54.9983978271484
1,42.19,14.0265259221196,55.0055503845215
1,42.2,14.0298592220061,55.0150871276855
1,42.21,14.0331925218925,55.0341606140137
1,42.22,14.0365258217789,55.0603866577148
1,42.23,14.0398591216654,55.0675392150879
1,42.24,14.0431924215518,55.0723075866699
1,42.25,14.0465257214382,55.081844329834
1,42.26,14.0498590213247,55.0937652587891
1,42.27,14.0531923212111,55.1128387451172
1,42.28,14.0565256210975,55.1056861877441
1,42.29,14.059858920984,55.1319122314453
1,42.3,14.0631922208704,55.1438331604004
1,42.31,14.0665255207568,55.1509857177734
1,42.32,14.0698588206433,55.1581382751465
1,42.33,14.0731921205297,55.1772117614746
1,42.34,14.0765254204161,55.1891326904297
1,42.35,14.0798587203026,55.2058219909668
1,42.36,14.083192020189,55.2177429199219
1,42.37,14.0865253200755,55.232048034668
1,42.38,14.0898586199619,55.243968963623
1,42.39,14.0931919198483,55.2511215209961
1,42.4,14.0965252197348,55.2797317504883
1,42.41,14.0998585196212,55.2845001220703
1,42.42,14.1031918195076,55.2964210510254
1,42.43,14.1065251193941,55.3011894226074
1,42.44,14.1098584192805,55.3250312805176
1,42.45,14.1131917191669,55.3297996520996
1,42.46,14.1165250190534,55.3512573242188
1,42.47,14.1198583189398,55.3727149963379
1,42.48,14.1265249187127,55.389404296875
1,42.49,14.1298582185991,55.4203987121582
1,42.51,14.1331915184855,55.4609298706055
1,42.52,14.1398581182584,55.4752349853516
1,42.53,14.1431914181449,55.4966926574707
1,42.54,14.1465247180313,55.5181503295898
1,42.55,14.1498580179177,55.5324554443359
1,42.57,14.1531913178042,55.5729866027832
1,42.58,14.159857917577,55.5944442749023
1,42.59,14.1631912174635,55.6063652038574
1,42.6,14.1665245173499,55.6254386901855
1,42.61,14.1698578172363,55.6421279907227
1,42.62,14.1731911171228,55.6588172912598
1,42.63,14.1765244170092,55.6683540344238
1,42.64,14.1798577168956,55.689811706543
1,42.65,14.1831910167821,55.701732635498
1,42.66,14.1865243166685,55.7279586791992
1,42.67,14.1898576165549,55.7494163513184
1,42.68,14.1931909164414,55.7708740234375
1,42.69,14.1965242163278,55.7827949523926
1,42.7,14.1998575162143,55.8066368103027
1,42.71,14.2031908161007,55.8352470397949
1,42.72,14.2065241159871,55.854320526123
1,42.73,14.2098574158736,55.8733940124512
1,42.74,14.21319071576,55.8972358703613
1,42.75,14.2165240156464,55.9115409851074
1,42.76,14.2198573155329,55.9425354003906
1,42.77,14.2231906154193,55.9663772583008
1,42.78,14.2265239153057,55.9782981872559
1,42.79,14.2298572151922,56.002140045166
1,42.8,14.2331905150786,56.0235977172852
1,42.81,14.236523814965,56.0498237609863
1,42.82,14.2398571148515,56.0903549194336
1,42.83,14.2431904147379,56.0927391052246
1,42.84,14.2465237146243,56.1332702636719
1,42.85,14.2498570145108,56.145191192627
1,42.86,14.2531903143972,56.1690330505371
1,42.87,14.2565236142837,56.1857223510742
1,42.88,14.2598569141701,56.2024116516113
1,42.89,14.2631902140565,56.2191009521484
1,42.9,14.266523513943,56.2262535095215
1,42.91,14.2698568138294,56.2429428100586
1,42.92,14.2731901137158,56.2548637390137
1,42.93,14.2765234136023,56.2715530395508
1,42.94,14.2798567134887,56.2858581542969
1,42.95,14.2831900133751,56.302547454834
1,42.96,14.2865233132616,56.3335418701172
1,42.97,14.289856613148,56.3478469848633
1,42.98,14.2931899130344,56.3693046569824
1,42.99,14.2965232129209,56.3812255859375
1,43,14.2998565128073,56.4026832580566
1,43.01,14.3031898126937,56.4169883728027
1,43.02,14.3065231125802,56.4432144165039
1,43.03,14.3098564124666,56.464672088623
1,43.04,14.3131897123531,56.4813613891602
1,43.05,14.3165230122395,56.5123558044434
1,43.06,14.3198563121259,56.5290451049805
1,43.07,14.3231896120124,56.5409660339355
1,43.08,14.3265229118988,56.5552711486816
1,43.09,14.3298562117852,56.5743446350098
1,43.1,14.3331895116717,56.5910339355469
1,43.11,14.3365228115581,56.612491607666
1,43.12,14.3398561114445,56.6315650939941
1,43.13,14.343189411331,56.6482543945313
1,43.14,14.3465227112174,56.6649436950684
1,43.15,14.3498560111038,56.6935539245605
1,43.16,14.3531893109903,56.7197799682617
1,43.17,14.3565226108767,56.7483901977539
1,43.18,14.3598559107631,56.769847869873
1,43.19,14.3631892106496,56.8056106567383
1,43.2,14.366522510536,56.8318367004395
1,43.21,14.3698558104225,56.8628311157227
1,43.22,14.3731891103089,56.8795204162598
1,43.23,14.3765224101953,56.8938255310059
1,43.24,14.3798557100818,56.9319725036621
1,43.25,14.3831890099682,56.9462776184082
1,43.26,14.3865223098546,56.9820404052734
1,43.27,14.3898556097411,57.0106506347656
1,43.28,14.3931889096275,57.0368766784668
1,43.29,14.3965222095139,57.063102722168
1,43.3,14.3998555094004,57.0869445800781
1,43.31,14.4031888092868,57.1155548095703
1,43.32,14.4065221091732,57.1489334106445
1,43.33,14.4098554090597,57.1680068969727
1,43.34,14.4131887089461,57.1894645690918
1,43.35,14.4165220088325,57.215690612793
1,43.36,14.419855308719,57.2323799133301
1,43.37,14.4231886086054,57.2538375854492
1,43.38,14.4265219084918,57.2800636291504
1,43.39,14.4298552083783,57.3086738586426
1,43.4,14.4331885082647,57.3301315307617
1,43.41,14.4365218081512,57.3444366455078
1,43.42,14.4398551080376,57.3849678039551
1,43.43,14.443188407924,57.3825836181641
1,43.44,14.4465217078105,57.4159622192383
1,43.45,14.4498550076969,57.4278831481934
1,43.46,14.4531883075833,57.4398040771484
1,43.47,14.4565216074698,57.4588775634766
1,43.48,14.4598549073562,57.4874877929688
1,43.49,14.4631882072426,57.5017929077148
1,43.5,14.4665215071291,57.5089454650879
1,43.51,14.4698548070155,57.525634765625
1,43.52,14.4731881069019,57.5447082519531
1,43.53,14.4765214067884,57.5470924377441
1,43.54,14.4798547066748,57.5494766235352
1,43.55,14.4831880065613,57.5566291809082
1,43.56,14.4865213064477,57.5637817382813
1,43.57,14.4898546063341,57.5637817382813
1,43.58,14.4931879062206,57.5709342956543
1,43.59,14.496521206107,57.5780868530273
1,43.6,14.4998545059934,57.5733184814453
1,43.61,14.5031878058799,57.5780868530273
1,43.62,14.5065211057663,57.6090812683105
1,43.63,14.5098544056527,57.6114654541016
1,43.64,14.5131877055392,57.6162338256836
1,43.65,14.5165210054256,57.6233863830566
1,43.66,14.519854305312,57.6376914978027
1,43.67,14.5231876051985,57.6543807983398
1,43.68,14.5265209050849,57.671070098877
1,43.69,14.5298542049713,57.680606842041
1,43.7,14.5331875048578,57.6901435852051
1,43.71,14.5365208047442,57.7020645141602
1,43.72,14.5398541046306,57.7116012573242
1,43.73,14.5431874045171,57.7187538146973
1,43.74,14.5465207044035,57.7306747436523
1,43.75,14.54985400429,57.7282905578613
1,43.76,14.5531873041764,57.7330589294434
1,43.77,14.5565206040628,57.7330589294434
1,43.78,14.5598539039493,57.7306747436523
1,43.79,14.5631872038357,57.7163696289063
1,43.8,14.5665205037221,57.7330589294434
1,43.81,14.5698538036086,57.7330589294434
1,43.82,14.573187103495,57.7330589294434
1,43.83,14.5765204033814,57.7330589294434
1,43.84,14.5798537032679,57.7354431152344
1,43.85,14.5831870031543,57.7282905578613
1,43.86,14.5865203030407,57.7402114868164
1,43.87,14.5898536029272,57.7473640441895
1,43.88,14.5931869028136,57.7759742736816
1,43.89,14.5965202027,57.7807426452637
1,43.9,14.5998535025865,57.8022003173828
1,43.91,14.6031868024729,57.8117370605469
1,43.92,14.6065201023594,57.833194732666
1,43.93,14.6098534022458,57.8594207763672
1,43.94,14.6131867021322,57.8713417053223
1,43.95,14.6165200020187,57.8904151916504
1,43.96,14.6198533019051,57.9094886779785
1,43.97,14.6231866017915,57.9214096069336
1,43.98,14.626519901678,57.9476356506348
1,43.99,14.6298532015644,57.9547882080078
1,44,14.6331865014508,57.9977035522461
1,44.01,14.6365198013373,58.0024719238281
1,44.02,14.6398531012237,58.0167770385742
1,44.03,14.6431864011101,58.0310821533203
1,44.04,14.6465197009966,58.0477714538574
1,44.05,14.649853000883,58.0787658691406
1,44.06,14.6531863007695,58.1121444702148
1,44.07,14.6565196006559,58.1264495849609
1,44.08,14.6598529005423,58.1502914428711
1,44.09,14.6631862004288,58.1812858581543
1,44.1,14.6665195003152,58.2003593444824
1,44.11,14.6698528002016,58.2122802734375
1,44.12,14.6731861000881,58.2313537597656
1,44.13,14.6765193999745,58.2599639892578
1,44.14,14.6798526998609,58.28857421875
1,44.15,14.6831859997474,58.3195686340332
1,44.16,14.6865192996338,58.3386421203613
1,44.17,14.6898525995202,58.3600997924805
1,44.18,14.6931858994067,58.3744049072266
1,44.19,14.6965191992931,58.4030151367188
1,44.2,14.6998524991795,58.434009552002
1,44.21,14.703185799066,58.445930480957
1,44.22,14.7065190989524,58.4769248962402
1,44.23,14.7098523988388,58.4936141967773
1,44.24,14.7131856987253,58.5103034973145
1,44.25,14.7165189986117,58.5222244262695
1,44.26,14.7198522984982,58.5532188415527
1,44.27,14.7231855983846,58.5651397705078
1,44.28,14.726518898271,58.596134185791
1,44.29,14.7298521981575,58.6032867431641
1,44.3,14.7331854980439,58.6056709289551
1,44.31,14.7365187979303,58.6128234863281
1,44.32,14.7398520978168,58.6295127868652
1,44.33,14.7431853977032,58.6390495300293
1,44.34,14.7465186975896,58.6581230163574
1,44.35,14.7498519974761,58.6652755737305
1,44.36,14.7531852973625,58.6819648742676
1,44.37,14.7565185972489,58.6891174316406
1,44.38,14.7598518971354,58.6891174316406
1,44.39,14.7631851970218,58.7058067321777
1,44.4,14.7665184969082,58.7153434753418
1,44.41,14.7698517967947,58.7224960327148
1,44.42,14.7731850966811,58.7368011474609
1,44.43,14.7765183965676,58.746337890625
1,44.44,14.779851696454,58.7630271911621
1,44.45,14.7831849963404,58.7725639343262
1,44.46,14.7865182962269,58.7821006774902
1,44.47,14.7898515961133,58.7916374206543
1,44.48,14.7931848959997,58.8035583496094
1,44.49,14.7965181958862,58.8250160217285
1,44.5,14.7998514957726,58.8297843933105
1,44.51,14.803184795659,58.8345527648926
1,44.52,14.8065180955455,58.8130950927734
1,44.53,14.8098513954319,58.8536262512207
1,44.54,14.8131846953183,58.8774681091309
1,44.55,14.8165179952048,58.8655471801758
1,44.56,14.8198512950912,58.8798522949219
1,44.57,14.8231845949776,58.8893890380859
1,44.58,14.8265178948641,58.9275360107422
1,44.59,14.8298511947505,58.9370727539063
1,44.6,14.833184494637,58.9466094970703
1,44.61,14.8365177945234,58.9704513549805
1,44.62,14.8398510944098,58.9656829833984
1,44.63,14.8431843942963,58.9561462402344
1,44.64,14.8465176941827,58.9752197265625
1,44.65,14.8498509940691,58.9990615844727
1,44.66,14.8531842939556,59.0181350708008
1,44.67,14.856517593842,59.0372085571289
1,44.68,14.8598508937284,59.046745300293
1,44.69,14.8631841936149,59.0753555297852
1,44.7,14.8665174935013,59.0753555297852
1,44.71,14.8698507933877,59.0848922729492
1,44.72,14.8731840932742,59.0848922729492
1,44.73,14.8765173931606,59.0991973876953
1,44.74,14.879850693047,59.1278076171875
1,44.75,14.8831839929335,59.1182708740234
1,44.76,14.8865172928199,59.1278076171875
1,44.77,14.8898505927064,59.1373443603516
1,44.78,14.8931838925928,59.1516494750977
1,44.79,14.8965171924792,59.1516494750977
1,44.8,14.8998504923657,59.1564178466797
1,44.81,14.9031837922521,59.1659545898438
1,44.82,14.9065170921385,59.199333190918
1,44.83,14.909850392025,59.1802597045898
1,44.84,14.9131836919114,59.2041015625
1,44.85,14.9165169917978,59.208869934082
1,44.86,14.9198502916843,59.199333190918
1,44.87,14.9231835915707,59.2184066772461
1,44.88,14.9265168914571,59.2279434204102
1,44.89,14.9298501913436,59.2184066772461
1,44.9,14.93318349123,59.2422485351563
1,44.91,14.9365167911164,59.2327117919922
1,44.92,14.9398500910029,59.2517852783203
1,44.93,14.9431833908893,59.2613220214844
1,44.94,14.9465166907758,59.2660903930664
1,44.95,14.9498499906622,59.2613220214844
1,44.96,14.9531832905486,59.2660903930664
1,44.97,14.9565165904351,59.2851638793945
1,44.98,14.9598498903215,59.2899322509766
1,44.99,14.9631831902079,59.2851638793945
1,45,14.9665164900944,59.3137741088867
1,45.01,14.9698497899808,59.3185424804688
1,45.02,14.9731830898672,59.351921081543
1,45.03,14.9765163897537,59.3471527099609
1,45.04,14.9798496896401,59.361457824707
1,45.05,14.9831829895265,59.3709945678711
1,45.06,14.986516289413,59.4139099121094
1,45.07,14.9898495892994,59.4043731689453
1,45.08,14.9931828891858,59.4139099121094
1,45.09,14.9965161890723,59.4425201416016
1,45.1,14.9998494889587,59.4472885131836
1,45.11,15.0031827888452,59.4711303710938
1,45.12,15.0065160887316,59.4806671142578
1,45.13,15.009849388618,59.50927734375
1,45.14,15.0131826885045,59.5331192016602
1,45.15,15.0165159883909,59.5331192016602
1,45.16,15.0198492882773,59.5474243164063
1,45.17,15.0231825881638,59.5521926879883
1,45.18,15.0265158880502,59.5760345458984
1,45.19,15.0298491879366,59.5712661743164
1,45.2,15.0331824878231,59.5903396606445
1,45.21,15.0365157877095,59.5903396606445
1,45.22,15.0398490875959,59.6141815185547
1,45.23,15.0431823874824,59.5903396606445
1,45.24,15.0465156873688,59.6237182617188
1,45.25,15.0498489872552,59.6094131469727
1,45.26,15.0531822871417,59.6189498901367
1,45.27,15.0565155870281,59.6332550048828
1,45.28,15.0598488869146,59.6332550048828
1,45.29,15.063182186801,59.6284866333008
1,45.3,15.0665154866874,59.6237182617188
1,45.31,15.0698487865739,59.5951080322266
1,45.32,15.0731820864603,59.6284866333008
1,45.33,15.0765153863467,59.6284866333008
1,45.34,15.0798486862332,59.6475601196289
1,45.35,15.0831819861196,59.6475601196289
1,45.36,15.086515286006,59.6332550048828
1,45.37,15.0898485858925,59.6380233764648
1,45.38,15.0931818857789,59.657096862793
1,45.39,15.0965151856653,59.6427917480469
1,45.4,15.0998484855518,59.666633605957
1,45.41,15.1031817854382,59.6857070922852
1,45.42,15.1065150853246,59.666633605957
1,45.43,15.1098483852111,59.6952438354492
1,45.44,15.1131816850975,59.6904754638672
1,45.45,15.116514984984,59.7143173217773
1,45.46,15.1198482848704,59.6904754638672
1,45.47,15.1231815847568,59.7047805786133
1,45.48,15.1265148846433,59.7095489501953
1,45.49,15.1298481845297,59.7286224365234
1,45.5,15.1331814844161,59.7572326660156
1,45.51,15.1365147843026,59.7572326660156
1,45.52,15.139848084189,59.7667694091797
1,45.53,15.1431813840754,59.7763061523438
1,45.54,15.1465146839619,59.7810745239258
1,45.55,15.1498479838483,59.8001480102539
1,45.56,15.1531812837347,59.8049163818359
1,45.57,15.1565145836212,59.8287582397461
1,45.58,15.1598478835076,59.8478317260742
1,45.59,15.163181183394,59.8526000976563
1,45.6,15.1665144832805,59.8764419555664
1,45.61,15.1698477831669,59.8621368408203
1,45.62,15.1731810830534,59.8812103271484
1,45.63,15.1765143829398,59.9002838134766
1,45.64,15.1798476828262,59.8764419555664
1,45.65,15.1831809827127,59.8955154418945
1,45.66,15.1865142825991,59.9193572998047
1,45.67,15.1898475824855,59.9050521850586
1,45.68,15.193180882372,59.8907470703125
1,45.69,15.1965141822584,59.9145889282227
1,45.7,15.1998474821448,59.9098205566406
1,45.71,15.2031807820313,59.9050521850586
1,45.72,15.2065140819177,59.9288940429688
1,45.73,15.2098473818041,59.9145889282227
1,45.74,15.2131806816906,59.9193572998047
1,45.75,15.216513981577,59.9098205566406
1,45.76,15.2198472814634,59.9241256713867
1,45.77,15.2231805813499,59.9193572998047
1,45.78,15.2265138812363,59.9479675292969
1,45.79,15.2298471811228,59.9765777587891
1,45.8,15.2331804810092,59.9813461303711
1,45.81,15.2365137808956,59.9765777587891
1,45.82,15.2398470807821,59.9908828735352
1,45.83,15.2465136805549,60.0051879882813
1,45.84,15.2498469804414,60.0099563598633
1,45.86,15.2531802803278,60.0528717041016
1,45.87,15.2598468801007,60.0433349609375
1,45.89,15.2631801799871,60.0767135620117
1,45.9,15.26984677976,60.0767135620117
1,45.92,15.2731800796464,60.124397277832
1,45.93,15.2798466794193,60.1291656494141
1,45.94,15.2831799793057,60.1434707641602
1,45.96,15.2865132791921,60.1387023925781
1,45.97,15.293179878965,60.1625442504883
1,45.98,15.2965131788515,60.1768493652344
1,45.99,15.2998464787379,60.1673126220703
1,46,15.3031797786243,60.1959228515625
1,46.01,15.3065130785108,60.2102279663086
1,46.02,15.3098463783972,60.1959228515625
1,46.03,15.3131796782836,60.2006912231445
1,46.04,15.3165129781701,60.2149963378906
1,46.05,15.3198462780565,60.2054595947266
1,46.06,15.3231795779429,60.2102279663086
1,46.07,15.3265128778294,60.1911544799805
1,46.08,15.3298461777158,60.2149963378906
1,46.09,15.3331794776022,60.1911544799805
1,46.1,15.3365127774887,60.1911544799805
1,46.11,15.3398460773751,60.1959228515625
1,46.12,15.3431793772616,60.1959228515625
1,46.13,15.346512677148,60.2102279663086
1,46.14,15.3498459770344,60.1959228515625
1,46.15,15.3531792769209,60.1959228515625
1,46.16,15.3565125768073,60.1863861083984
1,46.17,15.3598458766937,60.1768493652344
1,46.18,15.3631791765802,60.1720809936523
1,46.19,15.3665124764666,60.1816177368164
1,46.2,15.369845776353,60.1720809936523
1,46.21,15.3731790762395,60.1577758789063
1,46.22,15.3765123761259,60.1816177368164
1,46.23,15.3798456760123,60.1768493652344
1,46.24,15.3831789758988,60.1387023925781
1,46.25,15.3865122757852,60.1530075073242
1,46.26,15.3898455756716,60.1339340209961
1,46.27,15.3931788755581,60.1625442504883
1,46.28,15.3965121754445,60.1530075073242
1,46.29,15.3998454753309,60.1482391357422
1,46.3,15.4031787752174,60.1673126220703
1,46.31,15.4065120751038,60.1577758789063
1,46.32,15.4098453749903,60.1482391357422
1,46.33,15.4131786748767,60.1530075073242
1,46.34,15.4165119747631,60.1482391357422
1,46.35,15.4198452746496,60.1482391357422
1,46.36,15.423178574536,60.1339340209961
1,46.37,15.4265118744224,60.1482391357422
1,46.38,15.4298451743089,60.1530075073242
1,46.39,15.4331784741953,60.124397277832
1,46.4,15.4365117740817,60.1530075073242
1,46.41,15.4398450739682,60.1530075073242
1,46.42,15.4431783738546,60.1816177368164
1,46.43,15.446511673741,60.1911544799805
1,46.44,15.4498449736275,60.1816177368164
1,46.45,15.4531782735139,60.2436065673828
1,46.46,15.4565115734003,60.2436065673828
1,46.47,15.4598448732868,60.2579116821289
1,46.48,15.4631781731732,60.267448425293
1,46.49,15.4665114730597,60.2817535400391
1,46.5,15.4698447729461,60.2912902832031
1,46.51,15.4731780728325,60.3103637695313
1,46.52,15.476511372719,60.3389739990234
1,46.53,15.4798446726054,60.3151321411133
1,46.54,15.4831779724918,60.3532791137695
1,46.55,15.4865112723783,60.3437423706055
1,46.56,15.4898445722647,60.3532791137695
1,46.57,15.4931778721511,60.3818893432617
1,46.58,15.4965111720376,60.3723526000977
1,46.59,15.499844471924,60.3914260864258
1,46.6,15.5031777718104,60.3818893432617
1,46.61,15.5065110716969,60.4104995727539
1,46.62,15.5098443715833,60.4152679443359
1,46.63,15.5131776714697,60.4104995727539
1,46.64,15.5165109713562,60.4391098022461
1,46.65,15.5198442712426,60.4391098022461
1,46.66,15.5231775711291,60.4438781738281
1,46.67,15.5265108710155,60.4724884033203
1,46.68,15.5298441709019,60.4677200317383
1,46.69,15.5331774707884,60.4963302612305
1,46.7,15.5365107706748,60.5344772338867
1,46.71,15.5398440705612,60.5344772338867
1,46.72,15.5431773704477,60.5392456054688
1,46.73,15.5465106703341,60.582160949707
1,46.74,15.5498439702205,60.5964660644531
1,46.75,15.553177270107,60.6203079223633
1,46.76,15.5565105699934,60.6250762939453
1,46.77,15.5598438698798,60.6679916381836
1,46.78,15.5631771697663,60.6870651245117
1,46.79,15.5665104696527,60.7204437255859
1,46.8,15.5698437695391,60.7490539550781
1,46.81,15.5731770694256,60.7728958129883
1,46.82,15.576510369312,60.7872009277344
1,46.83,15.5798436691985,60.8301162719727
1,46.84,15.5831769690849,60.8110427856445
1,46.85,15.5865102689713,60.8539581298828
1,46.86,15.5898435688578,60.8396530151367
1,46.87,15.5931768687442,60.8444213867188
1,46.88,15.5965101686306,60.887336730957
1,46.89,15.5998434685171,60.9064102172852
1,46.9,15.6031767684035,60.9302520751953
1,46.91,15.6065100682899,60.9350204467773
1,46.92,15.6098433681764,60.9350204467773
1,46.93,15.6131766680628,60.9636306762695
1,46.94,15.6165099679492,60.9779357910156
1,46.95,15.6198432678357,60.9874725341797
1,46.96,15.6231765677221,60.9922409057617
1,46.97,15.6265098676085,61.0065460205078
1,46.98,15.629843167495,61.0065460205078
1,46.99,15.6331764673814,61.039924621582
1,47,15.6365097672679,61.0542297363281
1,47.01,15.6398430671543,61.0685348510742
1,47.02,15.6431763670407,61.0971450805664
1,47.03,15.6465096669272,61.1066818237305
1,47.04,15.6498429668136,61.1257553100586
1,47.05,15.6531762667,61.1209869384766
1,47.06,15.6565095665865,61.1400604248047
1,47.07,15.6598428664729,61.1591339111328
1,47.08,15.6631761663593,61.1734390258789
1,47.09,15.6665094662458,61.2258911132813
1,47.1,15.6698427661322,61.2354278564453
1,47.11,15.6731760660186,61.2640380859375
1,47.12,15.6765093659051,61.2688064575195
1,47.13,15.6798426657915,61.2974166870117
1,47.14,15.6831759656779,61.3117218017578
1,47.15,15.6865092655644,61.3260269165039
1,47.16,15.6898425654508,61.3546371459961
1,47.17,15.6931758653373,61.34033203125
1,47.18,15.6965091652237,61.3689422607422
1,47.19,15.6998424651101,61.3832473754883
1,47.2,15.7031757649966,61.4070892333984
1,47.21,15.706509064883,61.4023208618164
1,47.22,15.7098423647694,61.3927841186523
1,47.23,15.7131756646559,61.4309310913086
1,47.24,15.7165089645423,61.4356994628906
1,47.25,15.7198422644287,61.4070892333984
1,47.26,15.7231755643152,61.4070892333984
1,47.27,15.7265088642016,61.4547729492188
1,47.28,15.729842164088,61.4452362060547
1,47.29,15.7331754639745,61.4595413208008
1,47.3,15.7365087638609,61.492919921875
1,47.31,15.7398420637473,61.497688293457
1,47.32,15.7431753636338,61.5310668945313
1,47.33,15.7465086635202,61.5406036376953
1,47.34,15.7498419634067,61.5549087524414
1,47.35,15.7531752632931,61.5644454956055
1,47.36,15.7565085631795,61.5882873535156
1,47.37,15.759841863066,61.6073608398438
1,47.38,15.7631751629524,61.6455078125
1,47.39,15.7665084628388,61.6550445556641
1,47.4,15.7698417627253,61.6645812988281
1,47.41,15.7731750626117,61.6741180419922
1,47.42,15.7765083624981,61.6979598999023
1,47.43,15.7798416623846,61.7170333862305
1,47.44,15.783174962271,61.7265701293945
1,47.45,15.7865082621574,61.7361068725586
1,47.46,15.7898415620439,61.7504119873047
1,47.47,15.7931748619303,61.7742538452148
1,47.48,15.7965081618167,61.7885589599609
1,47.49,15.7998414617032,61.8076324462891
1,47.5,15.8031747615896,61.8171691894531
1,47.51,15.8065080614761,61.8314743041992
1,47.52,15.8098413613625,61.8505477905273
1,47.53,15.8131746612489,61.8696212768555
1,47.54,15.8165079611354,61.8696212768555
1,47.55,15.8198412610218,61.8934631347656
1,47.56,15.8231745609082,61.9125366210938
1,47.57,15.8265078607947,61.9220733642578
1,47.58,15.8298411606811,61.945915222168
1,47.59,15.8331744605675,61.9888305664063
1,47.6,15.836507760454,62.0031356811523
1,47.61,15.8398410603404,62.0174407958984
1,47.62,15.8431743602268,62.0365142822266
1,47.63,15.8465076601133,62.0651245117188
1,47.64,15.8498409599997,62.0889663696289
1,47.65,15.8531742598861,62.1128082275391
1,47.66,15.8565075597726,62.1414184570313
1,47.67,15.859840859659,62.1414184570313
1,47.68,15.8631741595454,62.1509552001953
1,47.69,15.8665074594319,62.1604919433594
1,47.7,15.8698407593183,62.1557235717773
1,47.71,15.8731740592048,62.1747970581055
1,47.72,15.8765073590912,62.1604919433594
1,47.73,15.8798406589776,62.1986389160156
1,47.74,15.8831739588641,62.1747970581055
1,47.75,15.8865072587505,62.1843338012695
1,47.76,15.8898405586369,62.1843338012695
1,47.77,15.8931738585234,62.1557235717773
1,47.78,15.8965071584098,62.1652603149414
1,47.79,15.8998404582962,62.1461868286133
1,47.8,15.9031737581827,62.1557235717773
1,47.81,15.9065070580691,62.1652603149414
1,47.82,15.9098403579555,62.1461868286133
1,47.83,15.913173657842,62.1652603149414
1,47.84,15.9165069577284,62.1557235717773
1,47.85,15.9198402576149,62.1795654296875
1,47.86,15.9231735575013,62.1747970581055
1,47.87,15.9265068573877,62.1747970581055
1,47.88,15.9298401572742,62.1938705444336
1,47.89,15.9331734571606,62.2081756591797
1,47.9,15.936506757047,62.2272491455078
1,47.91,15.9398400569335,62.2272491455078
1,47.92,15.9431733568199,62.260627746582
1,47.93,15.9465066567063,62.2701644897461
1,47.94,15.9498399565928,62.2653961181641
1,47.95,15.9531732564792,62.2797012329102
1,47.96,15.9565065563656,62.3178482055664
1,47.97,15.9598398562521,62.3607635498047
1,47.98,15.9631731561385,62.3798370361328
1,47.99,15.9665064560249,62.408447265625
1,48,15.9698397559114,62.4322891235352
1,48.01,15.9731730557978,62.4418258666992
1,48.02,15.9765063556843,62.4465942382813
1,48.03,15.9798396555707,62.4990463256836
1,48.04,15.9831729554571,62.4895095825195
1,48.05,15.9865062553436,62.5133514404297
1,48.06,15.98983955523,62.5181198120117
1,48.07,15.9931728551164,62.5371932983398
1,48.08,15.9965061550029,62.5944137573242
1,48.09,15.9998394548893,62.6087188720703
1,48.1,16.0031727547757,62.6325607299805
1,48.11,16.0065060546622,62.6373291015625
1,48.12,16.0098393545486,62.6659393310547
1,48.13,16.013172654435,62.6659393310547
1,48.14,16.0165059543215,62.6754760742188
1,48.15,16.0198392542079,62.6945495605469
1,48.16,16.0231725540943,62.6993179321289
1,48.17,16.0265058539808,62.718391418457
1,48.18,16.0298391538672,62.7326965332031
1,48.19,16.0331724537537,62.7517700195313
1,48.2,16.0365057536401,62.7565383911133
1,48.21,16.0398390535265,62.7756118774414
1,48.22,16.043172353413,62.7851486206055
1,48.23,16.0465056532994,62.7946853637695
1,48.24,16.0498389531858,62.7994537353516
1,48.25,16.0531722530723,62.8185272216797
1,48.26,16.0565055529587,62.8185272216797
1,48.27,16.0598388528451,62.8328323364258
1,48.28,16.0631721527316,62.861442565918
1,48.29,16.066505452618,62.8852844238281
1,48.3,16.0698387525044,62.9138946533203
1,48.31,16.0731720523909,62.9138946533203
1,48.32,16.0765053522773,62.9329681396484
1,48.33,16.0798386521637,62.9520416259766
1,48.34,16.0831719520502,62.9663467407227
1,48.35,16.0865052519366,62.9997253417969
1,48.36,16.0898385518231,63.023567199707
1,48.37,16.0931718517095,63.0283355712891
1,48.38,16.0965051515959,63.0664825439453
1,48.39,16.0998384514824,63.0807876586914
1,48.4,16.1031717513688,63.0903244018555
1,48.41,16.1065050512552,63.0903244018555
1,48.42,16.1098383511417,63.1237030029297
1,48.43,16.1131716510281,63.1332397460938
1,48.44,16.1165049509145,63.1809234619141
1,48.45,16.119838250801,63.2095336914063
1,48.46,16.1231715506874,63.2190704345703
1,48.47,16.1265048505738,63.2238388061523
1,48.48,16.1298381504603,63.2190704345703
1,48.49,16.1331714503467,63.2429122924805
1,48.5,16.1365047502331,63.2429122924805
1,48.51,16.1398380501196,63.2667541503906
1,48.52,16.143171350006,63.2953643798828
1,48.53,16.1465046498925,63.2810592651367
1,48.54,16.1498379497789,63.2953643798828
1,48.55,16.1531712496653,63.319206237793
1,48.56,16.1565045495518,63.3478164672852
1,48.57,16.1598378494382,63.3478164672852
1,48.58,16.1631711493246,63.3478164672852
1,48.59,16.1665044492111,63.3382797241211
1,48.6,16.1698377490975,63.3811950683594
1,48.61,16.1731710489839,63.3859634399414
1,48.62,16.1765043488704,63.3811950683594
1,48.63,16.1798376487568,63.3859634399414
1,48.64,16.1831709486432,63.4193420410156
1,48.65,16.1865042485297,63.4336471557617
1,48.66,16.1898375484161,63.4288787841797
1,48.67,16.1931708483025,63.4908676147461
1,48.68,16.196504148189,63.5004043579102
1,48.69,16.1998374480754,63.5147094726563
1,48.7,16.2031707479618,63.5433197021484
1,48.71,16.2065040478483,63.5433197021484
1,48.72,16.2098373477347,63.5766983032227
1,48.73,16.2131706476212,63.6100769042969
1,48.74,16.2165039475076,63.633918762207
1,48.75,16.219837247394,63.6386871337891
1,48.76,16.2231705472805,63.6672973632813
1,48.77,16.2265038471669,63.6816024780273
1,48.78,16.2298371470533,63.6863708496094
1,48.79,16.2331704469398,63.7149810791016
1,48.8,16.2365037468262,63.7388229370117
1,48.81,16.2398370467126,63.7531280517578
1,48.82,16.2431703465991,63.7483596801758
1,48.83,16.2465036464855,63.786506652832
1,48.84,16.2498369463719,63.7912750244141
1,48.85,16.2531702462584,63.8055801391602
1,48.86,16.2565035461448,63.8246536254883
1,48.87,16.2598368460312,63.8771057128906
1,48.88,16.2631701459177,63.8771057128906
1,48.89,16.2665034458041,63.8866424560547
1,48.9,16.2698367456906,63.9152526855469
1,48.91,16.273170045577,63.9533996582031
1,48.92,16.2765033454634,63.9533996582031
1,48.93,16.2798366453499,63.9867782592773
1,48.94,16.2831699452363,63.9820098876953
1,48.95,16.2865032451227,64.0153884887695
1,48.96,16.2898365450092,64.0153884887695
1,48.97,16.2931698448956,64.0153884887695
1,48.98,16.296503144782,64.0344619750977
1,48.99,16.2998364446685,64.0678405761719
1,49,16.3031697445549,64.0869140625
1,49.01,16.3065030444413,64.0964508056641
1,49.02,16.3098363443278,64.0964508056641
1,49.03,16.3131696442142,64.0964508056641
1,49.04,16.3165029441006,64.1202926635742
1,49.05,16.3198362439871,64.1298294067383
1,49.06,16.3231695438735,64.1298294067383
1,49.07,16.32650284376,64.1345977783203
1,49.08,16.3298361436464,64.1489028930664
1,49.09,16.3331694435328,64.1393661499023
1,49.1,16.3365027434193,64.1584396362305
1,49.11,16.3398360433057,64.1632080078125
1,49.12,16.3431693431921,64.1632080078125
1,49.13,16.3465026430786,64.1727447509766
1,49.14,16.349835942965,64.1822814941406
1,49.15,16.3531692428514,64.1775131225586
1,49.16,16.3565025427379,64.1918182373047
1,49.17,16.3598358426243,64.2013549804688
1,49.18,16.3631691425107,64.1870498657227
1,49.19,16.3665024423972,64.2156600952148
1,49.2,16.3698357422836,64.2108917236328
1,49.21,16.37316904217,64.2299652099609
1,49.22,16.3765023420565,64.2490386962891
1,49.23,16.3798356419429,64.2776489257813
1,49.24,16.3831689418294,64.2967224121094
1,49.25,16.3865022417158,64.2824172973633
1,49.26,16.3898355416022,64.3062591552734
1,49.27,16.3931688414887,64.3157958984375
1,49.28,16.3965021413751,64.3634796142578
1,49.29,16.3998354412615,64.3682479858398
1,49.3,16.403168741148,64.396858215332
1,49.31,16.4098353409208,64.4016265869141
1,49.32,16.4131686408073,64.4159317016602
1,49.34,16.4165019406937,64.4350051879883
1,49.35,16.4198352405801,64.4445419311523
1,49.36,16.426501840353,64.4588470458984
1,49.37,16.4298351402394,64.4683837890625
1,49.39,16.4365017400123,64.5017623901367
1,49.4,16.4398350398988,64.5256042480469
1,49.41,16.4431683397852,64.5256042480469
1,49.42,16.4465016396716,64.5637512207031
1,49.43,16.4498349395581,64.5732879638672
1,49.45,16.4565015393309,64.5875930786133
1,49.46,16.4598348392174,64.6209716796875
1,49.47,16.4631681391038,64.6209716796875
1,49.48,16.4665014389902,64.6638870239258
1,49.49,16.4698347388767,64.6400451660156
1,49.5,16.4731680387631,64.692497253418
1,49.51,16.4765013386495,64.6734237670898
1,49.52,16.479834638536,64.702033996582
1,49.53,16.4831679384224,64.7163391113281
1,49.54,16.4865012383089,64.7115707397461
1,49.55,16.4898345381953,64.7115707397461
1,49.56,16.4931678380817,64.7211074829102
1,49.57,16.4965011379682,64.7401809692383
1,49.58,16.4998344378546,64.7401809692383
1,49.59,16.503167737741,64.7354125976563
1,49.6,16.5065010376275,64.7592544555664
1,49.61,16.5098343375139,64.7592544555664
1,49.62,16.5131676374003,64.7735595703125
1,49.63,16.5165009372868,64.7544860839844
1,49.64,16.5198342371732,64.7544860839844
1,49.65,16.5231675370596,64.7640228271484
1,49.66,16.5265008369461,64.7974014282227
1,49.67,16.5298341368325,64.7830963134766
1,49.68,16.5331674367189,64.7830963134766
1,49.69,16.5365007366054,64.8260116577148
1,49.7,16.5398340364918,64.8403167724609
1,49.71,16.5431673363782,64.8164749145508
1,49.72,16.5465006362647,64.8355484008789
1,49.73,16.5498339361511,64.8355484008789
1,49.74,16.5531672360376,64.849853515625
1,49.75,16.556500535924,64.8593902587891
1,49.76,16.5598338358104,64.8832321166992
1,49.77,16.5631671356969,64.8689270019531
1,49.78,16.5665004355833,64.8736953735352
1,49.79,16.5698337354697,64.8832321166992
1,49.8,16.5731670353562,64.8975372314453
1,49.81,16.5765003352426,64.8736953735352
1,49.82,16.579833635129,64.8880004882813
1,49.83,16.5831669350155,64.8880004882813
1,49.84,16.5865002349019,64.9070739746094
1,49.85,16.5898335347883,64.9452209472656
1,49.86,16.5931668346748,64.9309158325195
1,49.87,16.5965001345612,64.9547576904297
1,49.88,16.5998334344476,64.9452209472656
1,49.89,16.6031667343341,64.9833679199219
1,49.9,16.6065000342205,65.007209777832
1,49.91,16.609833334107,65.007209777832
1,49.92,16.6131666339934,65.0310516357422
1,49.93,16.6164999338798,65.0453567504883
1,49.94,16.6198332337663,65.0310516357422
1,49.95,16.6231665336527,65.0453567504883
1,49.96,16.6264998335391,65.0930404663086
1,49.97,16.6298331334256,65.0787353515625
1,49.98,16.633166433312,65.0882720947266
1,49.99,16.6364997331984,65.1121139526367
1,50,16.6398330330849,65.1121139526367
1,50.01,16.6431663329713,65.1311874389648
1,50.02,16.6464996328577,65.1264190673828
1,50.03,16.6498329327442,65.1168823242188
1,50.04,16.6531662326306,65.1121139526367
1,50.05,16.656499532517,65.1168823242188
1,50.06,16.6598328324035,65.1168823242188
1,50.07,16.6631661322899,65.159797668457
1,50.08,16.6664994321764,65.159797668457
1,50.09,16.6698327320628,65.1454925537109
1,50.1,16.6731660319492,65.159797668457
1,50.11,16.6764993318357,65.1741027832031
1,50.12,16.6798326317221,65.159797668457
1,50.13,16.6831659316085,65.1884078979492
1,50.14,16.686499231495,65.1741027832031
1,50.15,16.6898325313814,65.1884078979492
1,50.16,16.6931658312678,65.2074813842773
1,50.17,16.6964991311543,65.2122497558594
1,50.18,16.6998324310407,65.2265548706055
1,50.19,16.7031657309271,65.2217864990234
1,50.2,16.7064990308136,65.2122497558594
1,50.21,16.7098323307,65.2265548706055
1,50.22,16.7131656305864,65.2170181274414
1,50.23,16.7164989304729,65.2360916137695
1,50.24,16.7198322303593,65.2265548706055
1,50.25,16.7231655302458,65.2408599853516
1,50.26,16.7264988301322,65.2265548706055
1,50.27,16.7298321300186,65.2265548706055
1,50.28,16.7331654299051,65.2360916137695
1,50.29,16.7364987297915,65.2360916137695
1,50.3,16.7398320296779,65.2170181274414
1,50.31,16.7431653295644,65.2217864990234
1,50.32,16.7464986294508,65.2217864990234
1,50.33,16.7498319293372,65.2170181274414
1,50.34,16.7531652292237,65.2313232421875
1,50.35,16.7564985291101,65.2170181274414
1,50.36,16.7598318289965,65.1884078979492
1,50.37,16.763165128883,65.1836395263672
1,50.38,16.7664984287694,65.1693344116211
1,50.39,16.7698317286558,65.150260925293
1,50.4,16.7731650285423,65.150260925293
1,50.41,16.7764983284287,65.1454925537109
1,50.42,16.7798316283152,65.1359558105469
1,50.43,16.7831649282016,65.1454925537109
1,50.44,16.786498228088,65.150260925293
1,50.45,16.7898315279745,65.1359558105469
1,50.46,16.7931648278609,65.1311874389648
1,50.47,16.7964981277473,65.1454925537109
1,50.48,16.7998314276338,65.1693344116211
1,50.49,16.8031647275202,65.150260925293
1,50.5,16.8064980274066,65.155029296875
1,50.51,16.8098313272931,65.155029296875
1,50.52,16.8131646271795,65.1311874389648
1,50.53,16.8164979270659,65.1645660400391
1,50.54,16.8198312269524,65.150260925293
1,50.55,16.8231645268388,65.150260925293
1,50.56,16.8264978267252,65.150260925293
1,50.57,16.8298311266117,65.1359558105469
1,50.58,16.8331644264981,65.1645660400391
1,50.59,16.8364977263846,65.1693344116211
1,50.6,16.839831026271,65.1788711547852
1,50.61,16.8431643261574,65.155029296875
1,50.62,16.8464976260439,65.1788711547852
1,50.63,16.8498309259303,65.1741027832031
1,50.64,16.8531642258167,65.155029296875
1,50.65,16.8564975257032,65.1931762695313
1,50.66,16.8598308255896,65.159797668457
1,50.67,16.863164125476,65.1884078979492
1,50.68,16.8664974253625,65.2027130126953
1,50.69,16.8698307252489,65.2027130126953
1,50.7,16.8731640251353,65.2313232421875
1,50.71,16.8764973250218,65.2408599853516
1,50.72,16.8798306249082,65.2551651000977
1,50.73,16.8831639247946,65.2408599853516
1,50.74,16.8864972246811,65.2408599853516
1,50.75,16.8898305245675,65.2503967285156
1,50.76,16.893163824454,65.2694702148438
1,50.77,16.8964971243404,65.2599334716797
1,50.78,16.8998304242268,65.2885437011719
1,50.79,16.9031637241133,65.2742385864258
1,50.8,16.9064970239997,65.2790069580078
1,50.81,16.9098303238861,65.2647018432617
1,50.82,16.9131636237726,65.2599334716797
1,50.83,16.916496923659,65.2933120727539
1,50.84,16.9198302235454,65.2599334716797
1,50.85,16.9231635234319,65.2647018432617
1,50.86,16.9264968233183,65.2265548706055
1,50.87,16.9298301232047,65.2503967285156
1,50.88,16.9331634230912,65.2360916137695
1,50.89,16.9364967229776,65.2170181274414
1,50.9,16.939830022864,65.2074813842773
1,50.91,16.9431633227505,65.1979446411133
1,50.92,16.9464966226369,65.1931762695313
1,50.93,16.9498299225234,65.1979446411133
1,50.94,16.9531632224098,65.1836395263672
1,50.95,16.9564965222962,65.1836395263672
1,50.96,16.9598298221827,65.1693344116211
1,50.97,16.9631631220691,65.1645660400391
1,50.98,16.9664964219555,65.155029296875
1,50.99,16.969829721842,65.1836395263672
1,51,16.9731630217284,65.2074813842773
1,51.01,16.9764963216148,65.1884078979492
1,51.02,16.9798296215013,65.2027130126953
1,51.03,16.9831629213877,65.2217864990234
1,51.04,16.9864962212741,65.2217864990234
1,51.05,16.9898295211606,65.2122497558594
1,51.06,16.993162821047,65.2599334716797
1,51.07,16.9964961209334,65.2456283569336
1,51.08,16.9998294208199,65.2503967285156
1,51.09,17.0031627207063,65.2694702148438
1,51.1,17.0064960205927,65.2647018432617
1,51.11,17.0098293204792,65.2742385864258
1,51.12,17.0131626203656,65.2742385864258
1,51.13,17.0164959202521,65.2885437011719
1,51.14,17.0198292201385,65.2647018432617
1,51.15,17.0231625200249,65.2790069580078
1,51.16,17.0264958199114,65.2790069580078
1,51.17,17.0298291197978,65.2742385864258
1,51.18,17.0331624196842,65.2742385864258
1,51.19,17.0364957195707,65.2933120727539
1,51.2,17.0398290194571,65.2885437011719
1,51.21,17.0431623193435,65.2837753295898
1,51.22,17.04649561923,65.302848815918
1,51.23,17.0498289191164,65.3076171875
1,51.24,17.0531622190028,65.2980804443359
1,51.25,17.0564955188893,65.3171539306641
1,51.26,17.0598288187757,65.302848815918
1,51.27,17.0631621186621,65.3219223022461
1,51.28,17.0664954185486,65.3171539306641
1,51.29,17.069828718435,65.3266906738281
1,51.3,17.0731620183215,65.3171539306641
1,51.31,17.0764953182079,65.3314590454102
1,51.32,17.0798286180943,65.3696060180664
1,51.33,17.0831619179808,65.3791427612305
1,51.34,17.0864952178672,65.3696060180664
1,51.35,17.0898285177536,65.4172897338867
1,51.36,17.0931618176401,65.4220581054688
1,51.37,17.0964951175265,65.4315948486328
1,51.38,17.0998284174129,65.4268264770508
1,51.39,17.1031617172994,65.4363632202148
1,51.4,17.1064950171858,65.455436706543
1,51.41,17.1098283170722,65.4268264770508
1,51.42,17.1131616169587,65.4506683349609
1,51.43,17.1164949168451,65.4458999633789
1,51.44,17.1198282167315,65.4697418212891
1,51.45,17.123161516618,65.4697418212891
1,51.46,17.1264948165044,65.4745101928711
1,51.47,17.1298281163909,65.4697418212891
1,51.48,17.1331614162773,65.4697418212891
1,51.49,17.1364947161637,65.4935836791992
1,51.5,17.1398280160502,65.4888153076172
1,51.51,17.1431613159366,65.4935836791992
1,51.52,17.146494615823,65.5174255371094
1,51.53,17.1498279157095,65.4983520507813
1,51.54,17.1531612155959,65.4888153076172
1,51.55,17.1564945154823,65.5078887939453
1,51.56,17.1598278153688,65.4983520507813
1,51.57,17.1631611152552,65.5221939086914
1,51.58,17.1664944151416,65.5412673950195
1,51.59,17.1698277150281,65.5221939086914
1,51.6,17.1731610149145,65.5364990234375
1,51.61,17.1764943148009,65.5269622802734
1,51.62,17.1798276146874,65.5317306518555
1,51.63,17.1831609145738,65.5508041381836
1,51.64,17.1864942144603,65.5412673950195
1,51.65,17.1898275143467,65.5412673950195
1,51.66,17.1931608142331,65.5555725097656
1,51.67,17.1964941141196,65.5460357666016
1,51.68,17.199827414006,65.5412673950195
1,51.69,17.2031607138924,65.5460357666016
1,51.7,17.2064940137789,65.5317306518555
1,51.71,17.2098273136653,65.5364990234375
1,51.72,17.2131606135517,65.5364990234375
1,51.73,17.2164939134382,65.5698776245117
1,51.74,17.2198272133246,65.5651092529297
1,51.75,17.223160513211,65.5889511108398
1,51.76,17.2264938130975,65.5889511108398
1,51.77,17.2298271129839,65.5841827392578
1,51.78,17.2331604128704,65.5841827392578
1,51.79,17.2364937127568,65.61279296875
1,51.8,17.2398270126432,65.5937194824219
1,51.81,17.2431603125297,65.5937194824219
1,51.82,17.2464936124161,65.6414031982422
1,51.83,17.2498269123025,65.61279296875
1,51.84,17.253160212189,65.6270980834961
1,51.85,17.2564935120754,65.617561340332
1,51.86,17.2598268119618,65.6414031982422
1,51.87,17.2631601118483,65.6318664550781
1,51.88,17.2664934117347,65.6509399414063
1,51.89,17.2698267116211,65.6414031982422
1,51.9,17.2731600115076,65.6557083129883
1,51.91,17.276493311394,65.6747817993164
1,51.92,17.2798266112804,65.6604766845703
1,51.93,17.2831599111669,65.6652450561523
1,51.94,17.2864932110533,65.6890869140625
1,51.95,17.2898265109397,65.6652450561523
1,51.96,17.2931598108262,65.6890869140625
1,51.97,17.2964931107126,65.6795501708984
1,51.98,17.2998264105991,65.6747817993164
1,51.99,17.3031597104855,65.6938552856445
1,52,17.3064930103719,65.7033920288086
1,52.01,17.3098263102584,65.6843185424805
1,52.02,17.3131596101448,65.6795501708984
1,52.03,17.3164929100312,65.6843185424805
1,52.04,17.3198262099177,65.6652450561523
1,52.05,17.3231595098041,65.6604766845703
1,52.06,17.3264928096905,65.6604766845703
1,52.07,17.329826109577,65.6318664550781
1,52.08,17.3331594094634,65.6461715698242
1,52.09,17.3364927093498,65.6461715698242
1,52.1,17.3398260092363,65.6461715698242
1,52.11,17.3431593091227,65.6461715698242
1,52.12,17.3464926090091,65.6223297119141
1,52.13,17.3498259088956,65.6223297119141
1,52.14,17.353159208782,65.617561340332
1,52.15,17.3564925086685,65.617561340332
1,52.16,17.3598258085549,65.5937194824219
1,52.17,17.3631591084413,65.5841827392578
1,52.18,17.3664924083278,65.5794143676758
1,52.19,17.3698257082142,65.5794143676758
1,52.2,17.3731590081006,65.5746459960938
1,52.21,17.3764923079871,65.5746459960938
1,52.22,17.3798256078735,65.5412673950195
1,52.23,17.3831589077599,65.5317306518555
1,52.24,17.3864922076464,65.5174255371094
1,52.25,17.3898255075328,65.5031204223633
1,52.26,17.3931588074192,65.5031204223633
1,52.27,17.3964921073057,65.4888153076172
1,52.28,17.3998254071921,65.4840469360352
1,52.29,17.4031587070785,65.4697418212891
1,52.3,17.406492006965,65.4888153076172
1,52.31,17.4098253068514,65.4697418212891
1,52.32,17.4131586067379,65.4697418212891
1,52.33,17.4164919066243,65.4840469360352
1,52.34,17.4198252065107,65.4792785644531
1,52.35,17.4231585063972,65.4888153076172
1,52.36,17.4264918062836,65.4935836791992
1,52.37,17.42982510617,65.5078887939453
1,52.38,17.4331584060565,65.5317306518555
1,52.39,17.4364917059429,65.5221939086914
1,52.4,17.4398250058293,65.5364990234375
1,52.41,17.4431583057158,65.5317306518555
1,52.42,17.4464916056022,65.5317306518555
1,52.43,17.4498249054886,65.5269622802734
1,52.44,17.4531582053751,65.5317306518555
1,52.45,17.4564915052615,65.5460357666016
1,52.46,17.4598248051479,65.5317306518555
1,52.47,17.4631581050344,65.5221939086914
1,52.48,17.4664914049208,65.5364990234375
1,52.49,17.4698247048073,65.5460357666016
1,52.5,17.4731580046937,65.5651092529297
1,52.51,17.4764913045801,65.5603408813477
1,52.52,17.4798246044666,65.5698776245117
1,52.53,17.483157904353,65.5603408813477
1,52.54,17.4864912042394,65.5555725097656
1,52.55,17.4898245041259,65.5746459960938
1,52.56,17.4931578040123,65.5841827392578
1,52.57,17.4964911038987,65.5937194824219
1,52.58,17.4998244037852,65.5841827392578
1,52.59,17.5031577036716,65.5984878540039
1,52.6,17.506491003558,65.5937194824219
1,52.61,17.5098243034445,65.5937194824219
1,52.62,17.5131576033309,65.6270980834961
1,52.63,17.5164909032173,65.6414031982422
1,52.64,17.5198242031038,65.617561340332
1,52.65,17.5231575029902,65.6270980834961
1,52.66,17.5264908028767,65.6318664550781
1,52.67,17.5298241027631,65.6414031982422
1,52.68,17.5331574026495,65.6414031982422
1,52.69,17.536490702536,65.6509399414063
1,52.7,17.5398240024224,65.6461715698242
1,52.71,17.5431573023088,65.6652450561523
1,52.72,17.5464906021953,65.6604766845703
1,52.73,17.5498239020817,65.6604766845703
1,52.74,17.5531572019681,65.6652450561523
1,52.75,17.5564905018546,65.6604766845703
1,52.76,17.559823801741,65.6557083129883
1,52.77,17.5631571016274,65.6557083129883
1,52.78,17.5664904015139,65.6700134277344
1,52.79,17.5698237014003,65.6700134277344
1,52.8,17.5731570012867,65.6890869140625
1,52.81,17.5798236010596,65.6747817993164
1,52.83,17.5831569009461,65.6890869140625
1,52.84,17.5864902008325,65.6795501708984
1,52.85,17.5898235007189,65.6747817993164
1,52.86,17.5931568006054,65.6986236572266
1,52.87,17.5998234003782,65.6986236572266
1,52.89,17.6031567002647,65.7033920288086
1,52.9,17.6098233000375,65.7081604003906
1,52.91,17.613156599924,65.6890869140625
1,52.92,17.6164898998104,65.6986236572266
1,52.94,17.6198231996968,65.6986236572266
1,52.95,17.6264897994697,65.6747817993164
1,52.96,17.6298230993561,65.6938552856445
1,52.97,17.6331563992426,65.6890869140625
1,52.98,17.636489699129,65.7033920288086
1,52.99,17.6398229990155,65.6843185424805
1,53,17.6431562989019,65.6652450561523
1,53.01,17.6464895987883,65.6795501708984
1,53.02,17.6498228986748,65.6843185424805
1,53.03,17.6531561985612,65.6652450561523
1,53.04,17.6564894984476,65.6509399414063
1,53.05,17.6598227983341,65.6366348266602
1,53.06,17.6631560982205,65.6223297119141
1,53.07,17.6664893981069,65.6414031982422
1,53.08,17.6698226979934,65.6270980834961
1,53.09,17.6731559978798,65.61279296875
1,53.1,17.6764892977662,65.5889511108398
1,53.11,17.6798225976527,65.6032562255859
1,53.12,17.6831558975391,65.6032562255859
1,53.13,17.6864891974255,65.5937194824219
1,53.14,17.689822497312,65.5889511108398
1,53.15,17.6931557971984,65.5794143676758
1,53.16,17.6964890970849,65.5555725097656
1,53.17,17.6998223969713,65.5364990234375
1,53.18,17.7031556968577,65.5269622802734
1,53.19,17.7064889967442,65.4792785644531
1,53.2,17.7098222966306,65.4506683349609
1,53.21,17.713155596517,65.4029846191406
1,53.22,17.7164888964035,65.3743743896484
1,53.23,17.7198221962899,65.3362274169922
1,53.24,17.7231554961763,65.2647018432617
1,53.25,17.7264887960628,65.2360916137695
1,53.26,17.7298220959492,65.1407241821289
1,53.27,17.7331553958356,65.1264190673828
1,53.28,17.7364886957221,65.0835037231445
1,53.29,17.7398219956085,65.0215148925781
1,53.3,17.7431552954949,64.9738311767578
1,53.31,17.7464885953814,64.9213790893555
1,53.32,17.7498218952678,64.8593902587891
1,53.33,17.7531551951543,64.8260116577148
1,53.34,17.7564884950407,64.7735595703125
1,53.35,17.7598217949271,64.7544860839844
1,53.36,17.7631550948136,64.7258758544922
1,53.37,17.7664883947,64.697265625
1,53.38,17.7698216945864,64.6686553955078
1,53.39,17.7731549944729,64.6305084228516
1,53.4,17.7764882943593,64.6114349365234
1,53.41,17.7798215942457,64.5828247070313
1,53.42,17.7831548941322,64.5351409912109
1,53.43,17.7864881940186,64.5208358764648
1,53.44,17.789821493905,64.5160675048828
1,53.45,17.7931547937915,64.4779205322266
1,53.46,17.7964880936779,64.4540786743164
1,53.47,17.7998213935643,64.4350051879883
1,53.48,17.8031546934508,64.396858215332
1,53.49,17.8064879933372,64.3825531005859
1,53.5,17.8098212932236,64.3491744995117
1,53.51,17.8131545931101,64.3253326416016
1,53.52,17.8164878929965,64.3110275268555
1,53.53,17.819821192883,64.2776489257813
1,53.54,17.8231544927694,64.2681121826172
1,53.55,17.8264877926558,64.239501953125
1,53.56,17.8298210925423,64.239501953125
1,53.57,17.8331543924287,64.1965866088867
1,53.58,17.8364876923151,64.1679763793945
1,53.59,17.8398209922016,64.1679763793945
1,53.6,17.843154292088,64.1250610351563
1,53.61,17.8464875919744,64.1107559204102
1,53.62,17.8498208918609,64.0630722045898
1,53.63,17.8531541917473,64.0249252319336
1,53.64,17.8564874916337,64.0201568603516
1,53.65,17.8598207915202,63.9915466308594
1,53.66,17.8631540914066,63.939094543457
1,53.67,17.866487391293,63.9533996582031
1,53.68,17.8698206911795,63.934326171875
1,53.69,17.8731539910659,63.8914108276367
1,53.7,17.8764872909524,63.8818740844727
1,53.71,17.8798205908388,63.8675689697266
1,53.72,17.8831538907252,63.8532638549805
1,53.73,17.8864871906117,63.8151168823242
1,53.74,17.8898204904981,63.8389587402344
1,53.75,17.8931537903845,63.8246536254883
1,53.76,17.896487090271,63.8055801391602
1,53.77,17.8998203901574,63.7960433959961
1,53.78,17.9031536900438,63.7960433959961
1,53.79,17.9064869899303,63.786506652832
1,53.8,17.9098202898167,63.7674331665039
1,53.81,17.9131535897031,63.7674331665039
1,53.82,17.9164868895896,63.7722015380859
1,53.83,17.919820189476,63.7674331665039
1,53.84,17.9231534893625,63.7626647949219
1,53.85,17.9264867892489,63.7531280517578
1,53.86,17.9298200891353,63.7578964233398
1,53.87,17.9331533890218,63.7483596801758
1,53.88,17.9364866889082,63.7435913085938
1,53.89,17.9398199887946,63.7483596801758
1,53.9,17.9431532886811,63.7340545654297
1,53.91,17.9464865885675,63.7674331665039
1,53.92,17.9498198884539,63.7674331665039
1,53.93,17.9531531883404,63.7626647949219
1,53.94,17.9564864882268,63.7722015380859
1,53.95,17.9598197881132,63.7674331665039
1,53.96,17.9631530879997,63.7531280517578
1,53.97,17.9664863878861,63.7531280517578
1,53.98,17.9698196877725,63.7435913085938
1,53.99,17.973152987659,63.7483596801758
1,54,17.9764862875454,63.7435913085938
1,54.01,17.9798195874318,63.7197494506836
1,54.02,17.9831528873183,63.6959075927734
1,54.03,17.9864861872047,63.6816024780273
1,54.04,17.9898194870912,63.6816024780273
1,54.05,17.9931527869776,63.6816024780273
1,54.06,17.996486086864,63.6863708496094
1,54.07,17.9998193867505,63.6482238769531
1,54.08,18.0031526866369,63.6529922485352
1,54.09,18.0064859865233,63.6434555053711
1,54.1,18.0098192864098,63.633918762207
1,54.11,18.0131525862962,63.633918762207
1,54.12,18.0164858861826,63.624382019043
1,54.13,18.0198191860691,63.6196136474609
1,54.14,18.0231524859555,63.6005401611328
1,54.15,18.0264857858419,63.6053085327148
1,54.16,18.0298190857284,63.6196136474609
1,54.17,18.0331523856148,63.6100769042969
1,54.18,18.0364856855012,63.6005401611328
1,54.19,18.0398189853877,63.6005401611328
1,54.2,18.0431522852741,63.6148452758789
1,54.21,18.0464855851606,63.6100769042969
1,54.22,18.049818885047,63.6148452758789
1,54.23,18.0531521849334,63.6100769042969
1,54.24,18.0564854848199,63.5957717895508
1,54.25,18.0598187847063,63.6005401611328
1,54.26,18.0631520845927,63.6005401611328
1,54.27,18.0664853844792,63.5910034179688
1,54.28,18.0698186843656,63.5957717895508
1,54.29,18.073151984252,63.5671615600586
1,54.3,18.0764852841385,63.5766983032227
1,54.31,18.0798185840249,63.5528564453125
1,54.32,18.0831518839113,63.5528564453125
1,54.33,18.0864851837978,63.5433197021484
1,54.34,18.0898184836842,63.5433197021484
1,54.35,18.0931517835706,63.5576248168945
1,54.36,18.0964850834571,63.5480880737305
1,54.37,18.0998183833435,63.5385513305664
1,54.38,18.10315168323,63.5337829589844
1,54.39,18.1064849831164,63.5337829589844
1,54.4,18.1098182830028,63.5433197021484
1,54.41,18.1131515828893,63.5385513305664
1,54.42,18.1164848827757,63.5337829589844
1,54.43,18.1198181826621,63.5385513305664
1,54.44,18.1231514825486,63.5623931884766
1,54.45,18.126484782435,63.5576248168945
1,54.46,18.1298180823214,63.5528564453125
1,54.47,18.1331513822079,63.5576248168945
1,54.48,18.1364846820943,63.5671615600586
1,54.49,18.1398179819807,63.5671615600586
1,54.5,18.1431512818672,63.6005401611328
1,54.51,18.1464845817536,63.6148452758789
1,54.52,18.14981788164,63.6053085327148
1,54.53,18.1531511815265,63.6196136474609
1,54.54,18.1564844814129,63.629150390625
1,54.55,18.1598177812994,63.6053085327148
1,54.56,18.1631510811858,63.6005401611328
1,54.57,18.1664843810722,63.6005401611328
1,54.58,18.1698176809587,63.6053085327148
1,54.59,18.1731509808451,63.624382019043
1,54.6,18.1764842807315,63.6148452758789
1,54.61,18.179817580618,63.6053085327148
1,54.62,18.1831508805044,63.629150390625
1,54.63,18.1864841803908,63.6482238769531
1,54.64,18.1898174802773,63.6434555053711
1,54.65,18.1931507801637,63.6816024780273
1,54.66,18.1964840800501,63.6768341064453
1,54.67,18.1998173799366,63.6863708496094
1,54.68,18.203150679823,63.6911392211914
1,54.69,18.2064839797094,63.6959075927734
1,54.7,18.2098172795959,63.7006759643555
1,54.71,18.2131505794823,63.7102127075195
1,54.72,18.2164838793688,63.7006759643555
1,54.73,18.2198171792552,63.7531280517578
1,54.74,18.2231504791416,63.7435913085938
1,54.75,18.2264837790281,63.7340545654297
1,54.76,18.2298170789145,63.7435913085938
1,54.77,18.2331503788009,63.7483596801758
1,54.78,18.2364836786874,63.7531280517578
1,54.79,18.2398169785738,63.7483596801758
1,54.8,18.2431502784602,63.7483596801758
1,54.81,18.2464835783467,63.7531280517578
1,54.82,18.2498168782331,63.7531280517578
1,54.83,18.2531501781195,63.7626647949219
1,54.84,18.256483478006,63.7912750244141
1,54.85,18.2598167778924,63.7912750244141
1,54.86,18.2631500777789,63.7912750244141
1,54.87,18.2664833776653,63.8008117675781
1,54.88,18.2698166775517,63.8008117675781
1,54.89,18.2731499774382,63.8151168823242
1,54.9,18.2764832773246,63.8055801391602
1,54.91,18.279816577211,63.8341903686523
1,54.92,18.2831498770975,63.8628005981445
1,54.93,18.2864831769839,63.8628005981445
1,54.94,18.2898164768703,63.8580322265625
1,54.95,18.2931497767568,63.8866424560547
1,54.96,18.2964830766432,63.9009475708008
1,54.97,18.2998163765296,63.9009475708008
1,54.98,18.3031496764161,63.9438629150391
1,54.99,18.3064829763025,63.929557800293
1,55,18.3098162761889,63.9486312866211
1,55.01,18.3131495760754,63.9629364013672
1,55.02,18.3164828759618,63.9724731445313
1,55.03,18.3198161758482,63.9724731445313
1,55.04,18.3231494757347,63.9963150024414
1,55.05,18.3264827756211,63.9915466308594
1,55.06,18.3298160755076,64.0010833740234
1,55.07,18.333149375394,64.0106201171875
1,55.08,18.3364826752804,64.0249252319336
1,55.09,18.3398159751669,64.0392303466797
1,55.1,18.3431492750533,64.0392303466797
1,55.11,18.3464825749397,64.0487670898438
1,55.12,18.3498158748262,64.0726089477539
1,55.13,18.3531491747126,64.0726089477539
1,55.14,18.356482474599,64.0869140625
1,55.15,18.3598157744855,64.0869140625
1,55.16,18.3631490743719,64.1250610351563
1,55.17,18.3664823742583,64.1202926635742
1,55.18,18.3698156741448,64.1155242919922
1,55.19,18.3731489740312,64.1059875488281
1,55.2,18.3764822739176,64.1393661499023
1,55.21,18.3798155738041,64.1345977783203
1,55.22,18.3831488736905,64.1822814941406
1,55.23,18.386482173577,64.1775131225586
1,55.24,18.3898154734634,64.1822814941406
1,55.25,18.3931487733498,64.1727447509766
1,55.26,18.3964820732363,64.1918182373047
1,55.27,18.3998153731227,64.2013549804688
1,55.28,18.4031486730091,64.1965866088867
1,55.29,18.4064819728956,64.2156600952148
1,55.3,18.409815272782,64.2251968383789
1,55.31,18.4131485726684,64.1965866088867
1,55.32,18.4164818725549,64.1870498657227
1,55.33,18.4198151724413,64.2108917236328
1,55.34,18.4231484723277,64.1775131225586
1,55.35,18.4264817722142,64.1679763793945
1,55.36,18.4298150721006,64.1870498657227
1,55.37,18.433148371987,64.1822814941406
1,55.38,18.4364816718735,64.1775131225586
1,55.39,18.4398149717599,64.1918182373047
1,55.4,18.4431482716464,64.1727447509766
1,55.41,18.4464815715328,64.1727447509766
1,55.42,18.4498148714192,64.1870498657227
1,55.43,18.4531481713057,64.1775131225586
1,55.44,18.4564814711921,64.2061233520508
1,55.45,18.4598147710785,64.2251968383789
1,55.46,18.463148070965,64.2204284667969
1,55.47,18.4664813708514,64.239501953125
1,55.48,18.4698146707378,64.234733581543
1,55.49,18.4731479706243,64.2776489257813
1,55.5,18.4764812705107,64.244270324707
1,55.51,18.4798145703971,64.2824172973633
1,55.52,18.4831478702836,64.3014907836914
1,55.53,18.48648117017,64.2967224121094
1,55.54,18.4898144700564,64.3110275268555
1,55.55,18.4931477699429,64.3253326416016
1,55.56,18.4964810698293,64.3301010131836
1,55.57,18.4998143697158,64.3444061279297
1,55.58,18.5031476696022,64.3444061279297
1,55.59,18.5064809694886,64.3348693847656
1,55.6,18.5098142693751,64.3682479858398
1,55.61,18.5131475692615,64.39208984375
1,55.62,18.5164808691479,64.3825531005859
1,55.63,18.5198141690344,64.3682479858398
1,55.64,18.5231474689208,64.3777847290039
1,55.65,18.5264807688072,64.387321472168
1,55.66,18.5298140686937,64.4111633300781
1,55.67,18.5331473685801,64.4397735595703
1,55.68,18.5364806684665,64.4493103027344
1,55.69,18.539813968353,64.4683837890625
1,55.7,18.5431472682394,64.4588470458984
1,55.71,18.5464805681258,64.4731521606445
1,55.72,18.5498138680123,64.5017623901367
1,55.73,18.5531471678987,64.5017623901367
1,55.74,18.5564804677852,64.5065307617188
1,55.75,18.5598137676716,64.5303726196289
1,55.76,18.563147067558,64.5589828491211
1,55.77,18.5664803674445,64.5637512207031
1,55.78,18.5698136673309,64.5732879638672
1,55.79,18.5731469672173,64.6162033081055
1,55.8,18.5764802671038,64.6352767944336
1,55.81,18.5798135669902,64.6495819091797
1,55.82,18.5831468668766,64.6543502807617
1,55.83,18.5864801667631,64.6781921386719
1,55.84,18.5898134666495,64.692497253418
1,55.85,18.5931467665359,64.7115707397461
1,55.86,18.5964800664224,64.702033996582
1,55.87,18.5998133663088,64.7115707397461
1,55.88,18.6031466661952,64.7449493408203
1,55.89,18.6064799660817,64.7592544555664
1,55.9,18.6098132659681,64.7783279418945
1,55.91,18.6131465658546,64.7974014282227
1,55.92,18.616479865741,64.8117065429688
1,55.93,18.6198131656274,64.8164749145508
1,55.94,18.6231464655139,64.8260116577148
1,55.95,18.6264797654003,64.8784637451172
1,55.96,18.6298130652867,64.8927688598633
1,55.97,18.6331463651732,64.9023056030273
1,55.98,18.6364796650596,64.9213790893555
1,55.99,18.639812964946,64.9261474609375
1,56,18.6431462648325,64.9452209472656
1,56.01,18.6464795647189,64.9595260620117
1,56.02,18.6498128646053,64.9595260620117
1,56.03,18.6531461644918,64.9929046630859
1,56.04,18.6564794643782,64.997673034668
1,56.05,18.6598127642646,64.9929046630859
1,56.06,18.6631460641511,65.007209777832
1,56.07,18.6664793640375,65.007209777832
1,56.08,18.669812663924,65.00244140625
1,56.09,18.6731459638104,65.0262832641602
1,56.1,18.6764792636968,65.0262832641602
1,56.11,18.6798125635833,65.0262832641602
1,56.12,18.6831458634697,65.0167465209961
1,56.13,18.6864791633561,65.0119781494141
1,56.14,18.6898124632426,65.0119781494141
1,56.15,18.693145763129,65.007209777832
1,56.16,18.6964790630154,65.00244140625
1,56.17,18.6998123629019,64.9833679199219
1,56.18,18.7031456627883,64.9785995483398
1,56.19,18.7064789626747,64.9356842041016
1,56.2,18.7098122625612,64.8832321166992
1,56.21,18.7131455624476,64.8164749145508
1,56.22,18.716478862334,64.7687911987305
1,56.23,18.7198121622205,64.697265625
1,56.24,18.7231454621069,64.6114349365234
1,56.25,18.7264787619933,64.4922256469727
1,56.26,18.7298120618798,64.4111633300781
1,56.27,18.7331453617662,64.3348693847656
1,56.28,18.7364786616527,64.2204284667969
1,56.29,18.7398119615391,64.1250610351563
1,56.3,18.746478561312,64.0296936035156
1,56.31,18.7498118611984,63.9200210571289
1,56.33,18.7531451610848,63.7197494506836
1,56.34,18.7564784609713,63.5957717895508
1,56.35,18.7598117608577,63.4765625
1,56.36,18.7631450607441,63.3955001831055
1,56.37,18.769811660517,63.2905960083008
1,56.39,18.7731449604034,63.0950927734375
1,56.4,18.7798115601763,62.9854202270508
1,56.42,18.7831448600627,62.7851486206055
1,56.43,18.7864781599492,62.708854675293
1,56.44,18.7898114598356,62.5896453857422
1,56.45,18.7931447597221,62.4799728393555
