ééå±âÒêî,éûä‘[sec],à⁄ìÆó [mm],â◊èd[N]
1,0.01,0,1.19209289550781E-03
1,0.22,3.33329988643527E-03,-7.74860382080078E-03
1,0.25,6.66659977287054E-03,-0.012516975402832
1,0.26,9.99989965930581E-03,-1.43051147460938E-02
1,0.27,1.33331995457411E-02,-1.49011611938477E-02
1,0.28,1.66664994321764E-02,-1.13248825073242E-02
1,0.29,1.99997993186116E-02,-6.55651092529297E-03
1,0.3,2.33330992050469E-02,-4.76837158203125E-03
1,0.31,2.66663990914822E-02,-5.96046447753906E-04
1,0.32,2.99996989779174E-02,-3.57627868652344E-03
1,0.33,3.33329988643527E-02,-1.78813934326172E-03
1,0.34,0.036666298750788,-4.17232513427734E-03
1,0.35,3.99995986372232E-02,1.78813934326172E-03
1,0.36,4.33328985236585E-02,5.36441802978516E-03
1,0.37,4.66661984100938E-02,5.96046447753906E-04
1,0.38,4.99994982965291E-02,2.38418579101563E-03
1,0.39,5.33327981829643E-02,0
1,0.4,5.66660980693996E-02,-1.19209289550781E-03
1,0.41,5.99993979558349E-02,4.17232513427734E-03
1,0.42,6.33326978422702E-02,2.38418579101563E-03
1,0.43,6.66659977287054E-02,0
1,0.44,6.99992976151407E-02,-5.36441802978516E-03
1,0.45,7.33325975015759E-02,5.96046447753906E-04
1,0.46,7.66658973880112E-02,-2.98023223876953E-03
1,0.47,7.99991972744465E-02,0
1,0.48,8.33324971608818E-02,-5.96046447753906E-03
1,0.49,0.086665797047317,-6.55651092529297E-03
1,0.5,8.99990969337523E-02,-7.15255737304688E-03
1,0.51,9.33323968201876E-02,-1.01327896118164E-02
1,0.52,9.99989965930581E-02,-1.07288360595703E-02
1,0.53,0.103332296479493,-1.43051147460938E-02
1,0.55,0.106665596365929,-1.13248825073242E-02
1,0.56,0.109998896252364,-1.01327896118164E-02
1,0.57,0.116665496025234,-1.31130218505859E-02
1,0.58,0.11999879591167,-1.19209289550781E-02
1,0.59,0.123332095798105,-1.13248825073242E-02
1,0.6,0.12666539568454,-1.37090682983398E-02
1,0.61,0.129998695570976,-1.13248825073242E-02
1,0.62,0.133331995457411,-1.60932540893555E-02
1,0.63,0.136665295343846,-1.66893005371094E-02
1,0.64,0.139998595230281,-1.96695327758789E-02
1,0.65,0.143331895116717,-1.72853469848633E-02
1,0.66,0.146665195003152,-1.78813934326172E-02
1,0.67,0.149998494889587,-0.019073486328125
1,0.68,0.153331794776022,-1.84774398803711E-02
1,0.69,0.156665094662458,-2.02655792236328E-02
1,0.7,0.159998394548893,-1.96695327758789E-02
1,0.71,0.163331694435328,-1.66893005371094E-02
1,0.72,0.166664994321764,-1.43051147460938E-02
1,0.73,0.169998294208199,-1.54972076416016E-02
1,0.74,0.173331594094634,-1.37090682983398E-02
1,0.75,0.176664893981069,-8.94069671630859E-03
1,0.76,0.179998193867505,-6.55651092529297E-03
1,0.77,0.18333149375394,-8.94069671630859E-03
1,0.78,0.186664793640375,-7.15255737304688E-03
1,0.79,0.18999809352681,-6.55651092529297E-03
1,0.8,0.193331393413246,-2.98023223876953E-03
1,0.81,0.196664693299681,-2.98023223876953E-03
1,0.82,0.199997993186116,-5.36441802978516E-03
1,0.83,0.203331293072552,-3.57627868652344E-03
1,0.84,0.206664592958987,-2.38418579101563E-03
1,0.85,0.209997892845422,-2.98023223876953E-03
1,0.86,0.213331192731857,-1.19209289550781E-03
1,0.87,0.216664492618293,-5.96046447753906E-03
1,0.88,0.219997792504728,-5.96046447753906E-04
1,0.89,0.223331092391163,-1.78813934326172E-03
1,0.9,0.226664392277598,-4.76837158203125E-03
1,0.91,0.229997692164034,-5.96046447753906E-03
1,0.92,0.233330992050469,-8.94069671630859E-03
1,0.93,0.236664291936904,-1.01327896118164E-02
1,0.94,0.239997591823339,-8.94069671630859E-03
1,0.95,0.243330891709775,-5.96046447753906E-03
1,0.96,0.24666419159621,-7.74860382080078E-03
1,0.97,0.249997491482645,-5.36441802978516E-03
1,0.98,0.253330791369081,-8.94069671630859E-03
1,0.99,0.256664091255516,-8.94069671630859E-03
1,1,0.259997391141951,-8.94069671630859E-03
1,1.01,0.263330691028386,-0.012516975402832
1,1.02,0.266663990914822,-1.49011611938477E-02
1,1.03,0.269997290801257,-1.54972076416016E-02
1,1.04,0.273330590687692,-1.60932540893555E-02
1,1.05,0.276663890574127,-1.66893005371094E-02
1,1.06,0.279997190460563,-1.60932540893555E-02
1,1.07,0.283330490346998,-1.49011611938477E-02
1,1.08,0.286663790233433,-1.96695327758789E-02
1,1.09,0.289997090119869,-1.72853469848633E-02
1,1.1,0.293330390006304,-1.60932540893555E-02
1,1.11,0.296663689892739,-1.54972076416016E-02
1,1.12,0.299996989779174,-1.49011611938477E-02
1,1.13,0.30333028966561,-1.31130218505859E-02
1,1.14,0.306663589552045,-1.13248825073242E-02
1,1.15,0.30999688943848,-1.31130218505859E-02
1,1.16,0.313330189324915,-1.07288360595703E-02
1,1.17,0.316663489211351,-1.07288360595703E-02
1,1.18,0.319996789097786,-1.01327896118164E-02
1,1.19,0.323330088984221,-1.13248825073242E-02
1,1.2,0.326663388870657,-0.012516975402832
1,1.21,0.329996688757092,-1.01327896118164E-02
1,1.22,0.333329988643527,-0.012516975402832
1,1.23,0.336663288529962,-1.13248825073242E-02
1,1.24,0.339996588416398,-8.94069671630859E-03
1,1.25,0.343329888302833,-9.5367431640625E-03
1,1.26,0.346663188189268,-7.15255737304688E-03
1,1.27,0.349996488075703,-7.15255737304688E-03
1,1.28,0.353329787962139,-6.55651092529297E-03
1,1.29,0.356663087848574,-9.5367431640625E-03
1,1.3,0.359996387735009,-7.15255737304688E-03
1,1.31,0.363329687621445,-7.15255737304688E-03
1,1.32,0.36666298750788,-5.96046447753906E-03
1,1.33,0.369996287394315,-5.96046447753906E-03
1,1.34,0.37332958728075,-7.15255737304688E-03
1,1.35,0.376662887167186,-9.5367431640625E-03
1,1.36,0.379996187053621,-8.34465026855469E-03
1,1.37,0.383329486940056,-1.01327896118164E-02
1,1.38,0.386662786826491,-1.13248825073242E-02
1,1.39,0.389996086712927,-9.5367431640625E-03
1,1.4,0.393329386599362,-1.13248825073242E-02
1,1.41,0.396662686485797,-0.012516975402832
1,1.42,0.399995986372232,-1.31130218505859E-02
1,1.43,0.403329286258668,-1.31130218505859E-02
1,1.44,0.406662586145103,-1.13248825073242E-02
1,1.45,0.409995886031538,-1.84774398803711E-02
1,1.46,0.413329185917974,-2.08616256713867E-02
1,1.47,0.416662485804409,-2.08616256713867E-02
1,1.48,0.419995785690844,-2.14576721191406E-02
1,1.49,0.423329085577279,-2.38418579101563E-02
1,1.5,0.426662385463715,-2.44379043579102E-02
1,1.51,0.42999568535015,-2.68220901489258E-02
1,1.52,0.433328985236585,-0.025629997253418
1,1.53,0.43666228512302,-2.62260437011719E-02
1,1.54,0.439995585009456,-2.38418579101563E-02
1,1.55,0.443328884895891,-1.72853469848633E-02
1,1.56,0.446662184782326,-1.49011611938477E-02
1,1.57,0.449995484668762,-1.31130218505859E-02
1,1.58,0.453328784555197,-1.13248825073242E-02
1,1.59,0.456662084441632,-1.19209289550781E-02
1,1.6,0.459995384328067,-9.5367431640625E-03
1,1.61,0.463328684214503,-1.07288360595703E-02
1,1.62,0.466661984100938,-3.57627868652344E-03
1,1.63,0.469995283987373,-4.17232513427734E-03
1,1.64,0.473328583873808,-6.55651092529297E-03
1,1.65,0.476661883760244,-2.38418579101563E-03
1,1.66,0.479995183646679,5.96046447753906E-04
1,1.67,0.483328483533114,0
1,1.68,0.48666178341955,-5.96046447753906E-04
1,1.69,0.489995083305985,1.78813934326172E-03
1,1.7,0.49332838319242,-5.96046447753906E-04
1,1.71,0.496661683078855,5.96046447753906E-04
1,1.72,0.499994982965291,5.96046447753906E-04
1,1.73,0.503328282851726,-2.38418579101563E-03
1,1.74,0.506661582738161,-3.57627868652344E-03
1,1.75,0.509994882624596,-5.96046447753906E-03
1,1.76,0.513328182511032,-9.5367431640625E-03
1,1.77,0.516661482397467,-1.13248825073242E-02
1,1.78,0.519994782283902,-1.01327896118164E-02
1,1.79,0.523328082170337,-6.55651092529297E-03
1,1.8,0.526661382056773,-8.34465026855469E-03
1,1.81,0.529994681943208,-9.5367431640625E-03
1,1.82,0.533327981829643,-6.55651092529297E-03
1,1.83,0.536661281716079,-7.74860382080078E-03
1,1.84,0.539994581602514,-8.34465026855469E-03
1,1.85,0.543327881488949,-8.34465026855469E-03
1,1.86,0.546661181375384,-8.34465026855469E-03
1,1.87,0.54999448126182,-8.34465026855469E-03
1,1.88,0.553327781148255,-9.5367431640625E-03
1,1.89,0.55666108103469,-1.19209289550781E-02
1,1.9,0.559994380921125,-1.13248825073242E-02
1,1.91,0.563327680807561,-8.34465026855469E-03
1,1.92,0.566660980693996,-8.94069671630859E-03
1,1.93,0.569994280580431,-6.55651092529297E-03
1,1.94,0.573327580466866,-3.57627868652344E-03
1,1.95,0.576660880353302,-3.57627868652344E-03
1,1.96,0.579994180239737,1.78813934326172E-03
1,1.97,0.583327480126172,-5.96046447753906E-04
1,1.98,0.586660780012608,0
1,1.99,0.589994079899043,5.96046447753906E-04
1,2,0.593327379785478,-3.57627868652344E-03
1,2.01,0.596660679671913,-2.98023223876953E-03
1,2.02,0.599993979558349,-4.17232513427734E-03
1,2.03,0.603327279444784,-1.78813934326172E-03
1,2.04,0.606660579331219,-2.98023223876953E-03
1,2.05,0.609993879217654,-6.55651092529297E-03
1,2.06,0.61332717910409,-2.38418579101563E-03
1,2.07,0.616660478990525,-2.38418579101563E-03
1,2.08,0.61999377887696,-4.76837158203125E-03
1,2.09,0.623327078763396,-4.17232513427734E-03
1,2.1,0.626660378649831,-8.34465026855469E-03
1,2.11,0.629993678536266,-6.55651092529297E-03
1,2.12,0.633326978422701,-7.74860382080078E-03
1,2.13,0.636660278309137,-4.76837158203125E-03
1,2.14,0.639993578195572,-7.74860382080078E-03
1,2.15,0.643326878082007,-8.34465026855469E-03
1,2.16,0.646660177968442,-1.07288360595703E-02
1,2.17,0.649993477854878,-0.012516975402832
1,2.18,0.653326777741313,-1.01327896118164E-02
1,2.19,0.656660077627748,-1.07288360595703E-02
1,2.2,0.659993377514184,-1.13248825073242E-02
1,2.21,0.663326677400619,-1.01327896118164E-02
1,2.22,0.666659977287054,-1.37090682983398E-02
1,2.23,0.669993277173489,-1.78813934326172E-02
1,2.24,0.673326577059925,-2.20537185668945E-02
1,2.25,0.67665987694636,-2.32458114624023E-02
1,2.26,0.679993176832795,-1.84774398803711E-02
1,2.27,0.68332647671923,-1.54972076416016E-02
1,2.28,0.686659776605666,-1.66893005371094E-02
1,2.29,0.689993076492101,-1.49011611938477E-02
1,2.3,0.693326376378536,-1.43051147460938E-02
1,2.31,0.696659676264971,-0.012516975402832
1,2.32,0.699992976151407,-1.19209289550781E-02
1,2.33,0.703326276037842,-1.01327896118164E-02
1,2.34,0.706659575924277,-0.012516975402832
1,2.35,0.709992875810713,-7.74860382080078E-03
1,2.36,0.713326175697148,-8.94069671630859E-03
1,2.37,0.716659475583583,-8.34465026855469E-03
1,2.38,0.719992775470018,-7.74860382080078E-03
1,2.39,0.723326075356454,-5.96046447753906E-03
1,2.4,0.726659375242889,-7.74860382080078E-03
1,2.41,0.729992675129324,-1.01327896118164E-02
1,2.42,0.733325975015759,-6.55651092529297E-03
1,2.43,0.736659274902195,-8.94069671630859E-03
1,2.44,0.73999257478863,-8.34465026855469E-03
1,2.45,0.743325874675065,-7.74860382080078E-03
1,2.46,0.746659174561501,-7.15255737304688E-03
1,2.47,0.749992474447936,-7.74860382080078E-03
1,2.48,0.753325774334371,-1.01327896118164E-02
1,2.49,0.756659074220806,-1.13248825073242E-02
1,2.5,0.759992374107242,-1.01327896118164E-02
1,2.51,0.763325673993677,-1.31130218505859E-02
1,2.52,0.766658973880112,-1.54972076416016E-02
1,2.53,0.769992273766547,-2.20537185668945E-02
1,2.54,0.773325573652983,-2.08616256713867E-02
1,2.55,0.776658873539418,-2.02655792236328E-02
1,2.56,0.779992173425853,-2.20537185668945E-02
1,2.57,0.783325473312289,-2.14576721191406E-02
1,2.58,0.786658773198724,-1.54972076416016E-02
1,2.59,0.789992073085159,-1.54972076416016E-02
1,2.6,0.793325372971594,-1.19209289550781E-02
1,2.61,0.79665867285803,-0.012516975402832
1,2.62,0.799991972744465,-7.74860382080078E-03
1,2.63,0.8033252726309,-8.94069671630859E-03
1,2.64,0.806658572517335,-1.13248825073242E-02
1,2.65,0.809991872403771,-7.74860382080078E-03
1,2.66,0.813325172290206,-1.07288360595703E-02
1,2.67,0.816658472176641,-1.37090682983398E-02
1,2.68,0.819991772063077,-1.49011611938477E-02
1,2.69,0.823325071949512,-1.13248825073242E-02
1,2.7,0.826658371835947,-0.012516975402832
1,2.71,0.829991671722382,-1.49011611938477E-02
1,2.72,0.833324971608818,-1.54972076416016E-02
1,2.73,0.836658271495253,-1.72853469848633E-02
1,2.74,0.839991571381688,-1.49011611938477E-02
1,2.75,0.843324871268123,-1.96695327758789E-02
1,2.76,0.846658171154559,-2.08616256713867E-02
1,2.77,0.849991471040994,-2.68220901489258E-02
1,2.78,0.853324770927429,-3.27825546264648E-02
1,2.79,0.856658070813864,-2.86102294921875E-02
1,2.8,0.8599913707003,-2.92062759399414E-02
1,2.81,0.863324670586735,-3.03983688354492E-02
1,2.82,0.86665797047317,-2.50339508056641E-02
1,2.83,0.869991270359606,-0.025629997253418
1,2.84,0.873324570246041,-0.025629997253418
1,2.85,0.876657870132476,-2.14576721191406E-02
1,2.86,0.879991170018911,-0.019073486328125
1,2.87,0.883324469905347,-0.019073486328125
1,2.88,0.886657769791782,-1.43051147460938E-02
1,2.89,0.889991069678217,-0.012516975402832
1,2.9,0.893324369564652,-0.012516975402832
1,2.91,0.896657669451088,-1.37090682983398E-02
1,2.92,0.899990969337523,-1.43051147460938E-02
1,2.93,0.903324269223958,-1.13248825073242E-02
1,2.94,0.906657569110394,-1.07288360595703E-02
1,2.95,0.909990868996829,-1.31130218505859E-02
1,2.96,0.913324168883264,-1.43051147460938E-02
1,2.97,0.916657468769699,-1.43051147460938E-02
1,2.98,0.919990768656135,-0.012516975402832
1,2.99,0.92332406854257,-1.01327896118164E-02
1,3,0.926657368429005,-1.13248825073242E-02
1,3.01,0.92999066831544,-0.012516975402832
1,3.02,0.933323968201876,-1.66893005371094E-02
1,3.03,0.936657268088311,-1.49011611938477E-02
1,3.04,0.939990567974746,-1.07288360595703E-02
1,3.05,0.943323867861182,-1.13248825073242E-02
1,3.06,0.946657167747617,-8.94069671630859E-03
1,3.07,0.949990467634052,-1.07288360595703E-02
1,3.08,0.953323767520487,-1.19209289550781E-02
1,3.09,0.956657067406923,-1.19209289550781E-02
1,3.1,0.959990367293358,-1.13248825073242E-02
1,3.11,0.963323667179793,-5.96046447753906E-03
1,3.12,0.966656967066228,-7.74860382080078E-03
1,3.13,0.969990266952664,-8.34465026855469E-03
1,3.14,0.973323566839099,-7.15255737304688E-03
1,3.15,0.976656866725534,-1.01327896118164E-02
1,3.16,0.979990166611969,-1.19209289550781E-02
1,3.17,0.983323466498405,-1.19209289550781E-02
1,3.18,0.98665676638484,-1.31130218505859E-02
1,3.19,0.989990066271275,-1.31130218505859E-02
1,3.2,0.993323366157711,-0.019073486328125
1,3.21,0.996656666044146,-1.96695327758789E-02
1,3.22,0.999989965930581,-1.72853469848633E-02
1,3.23,1.00332326581702,-0.012516975402832
1,3.24,1.00665656570345,-0.012516975402832
1,3.25,1.00998986558989,-1.66893005371094E-02
1,3.26,1.01332316547632,-1.37090682983398E-02
1,3.27,1.01665646536276,-0.012516975402832
1,3.28,1.01998976524919,-1.31130218505859E-02
1,3.29,1.02332306513563,-0.012516975402832
1,3.3,1.02665636502206,-1.78813934326172E-02
1,3.31,1.0299896649085,-1.66893005371094E-02
1,3.32,1.03332296479493,-1.66893005371094E-02
1,3.33,1.03665626468137,-1.19209289550781E-02
1,3.34,1.0399895645678,-1.31130218505859E-02
1,3.35,1.04332286445424,-1.54972076416016E-02
1,3.36,1.04665616434067,-1.13248825073242E-02
1,3.37,1.04998946422711,-1.07288360595703E-02
1,3.38,1.05332276411355,-1.01327896118164E-02
1,3.39,1.05665606399998,-1.01327896118164E-02
1,3.4,1.05998936388642,-9.5367431640625E-03
1,3.41,1.06332266377285,-7.74860382080078E-03
1,3.42,1.06665596365929,-9.5367431640625E-03
1,3.43,1.06998926354572,-0.012516975402832
1,3.44,1.07332256343216,-1.13248825073242E-02
1,3.45,1.07665586331859,-1.01327896118164E-02
1,3.46,1.07998916320503,-6.55651092529297E-03
1,3.47,1.08332246309146,-1.07288360595703E-02
1,3.48,1.0866557629779,-1.43051147460938E-02
1,3.49,1.08998906286433,-0.019073486328125
1,3.5,1.09332236275077,-1.49011611938477E-02
1,3.51,1.0966556626372,-1.78813934326172E-02
1,3.52,1.09998896252364,-1.78813934326172E-02
1,3.53,1.10332226241007,-2.14576721191406E-02
1,3.54,1.10665556229651,-2.32458114624023E-02
1,3.55,1.10998886218295,-2.32458114624023E-02
1,3.56,1.11332216206938,-2.02655792236328E-02
1,3.57,1.11665546195582,-1.78813934326172E-02
1,3.58,1.11998876184225,-1.72853469848633E-02
1,3.59,1.12332206172869,-1.43051147460938E-02
1,3.6,1.12665536161512,-1.54972076416016E-02
1,3.61,1.12998866150156,-1.60932540893555E-02
1,3.62,1.13332196138799,-1.31130218505859E-02
1,3.63,1.13665526127443,-1.43051147460938E-02
1,3.64,1.13998856116086,-1.31130218505859E-02
1,3.65,1.1433218610473,-1.13248825073242E-02
1,3.66,1.14665516093373,-1.07288360595703E-02
1,3.67,1.14998846082017,-0.012516975402832
1,3.68,1.1533217607066,-0.012516975402832
1,3.69,1.15665506059304,-1.37090682983398E-02
1,3.7,1.15998836047947,-1.31130218505859E-02
1,3.71,1.16665496025234,-1.66893005371094E-02
1,3.72,1.16998826013878,-1.54972076416016E-02
1,3.74,1.17332156002522,-0.019073486328125
1,3.75,1.17665485991165,-2.08616256713867E-02
1,3.76,1.17998815979809,-0.019073486328125
1,3.77,1.18332145968452,-1.31130218505859E-02
1,3.78,1.18998805945739,-1.43051147460938E-02
1,3.8,1.19332135934383,-1.37090682983398E-02
1,3.81,1.1999879591167,-0.012516975402832
1,3.83,1.20332125900313,-1.54972076416016E-02
1,3.84,1.20665455888957,-1.96695327758789E-02
1,3.85,1.209987858776,-2.20537185668945E-02
1,3.86,1.21332115866244,-2.14576721191406E-02
1,3.87,1.21998775843531,-1.72853469848633E-02
1,3.88,1.22332105832174,-1.43051147460938E-02
1,3.89,1.22665435820818,-1.37090682983398E-02
1,3.9,1.22998765809461,-1.43051147460938E-02
1,3.91,1.23332095798105,-1.49011611938477E-02
1,3.92,1.23665425786749,-1.43051147460938E-02
1,3.94,1.24332085764036,-1.37090682983398E-02
1,3.95,1.24665415752679,-1.60932540893555E-02
1,3.96,1.24998745741323,-1.19209289550781E-02
1,3.97,1.25332075729966,-1.49011611938477E-02
1,3.98,1.2566540571861,-1.66893005371094E-02
1,3.99,1.25998735707253,-1.54972076416016E-02
1,4,1.26332065695897,-1.72853469848633E-02
1,4.01,1.2666539568454,-2.20537185668945E-02
1,4.02,1.26998725673184,-2.38418579101563E-02
1,4.03,1.27332055661827,-2.08616256713867E-02
1,4.04,1.27665385650471,-1.66893005371094E-02
1,4.05,1.27998715639114,-1.60932540893555E-02
1,4.06,1.28332045627758,-1.31130218505859E-02
1,4.07,1.28665375616401,-1.31130218505859E-02
1,4.08,1.28998705605045,-0.012516975402832
1,4.09,1.29332035593688,-1.37090682983398E-02
1,4.1,1.29665365582332,-1.31130218505859E-02
1,4.11,1.29998695570976,-0.012516975402832
1,4.12,1.30332025559619,-1.01327896118164E-02
1,4.13,1.30665355548263,-0.012516975402832
1,4.14,1.30998685536906,-1.07288360595703E-02
1,4.15,1.3133201552555,-0.012516975402832
1,4.16,1.31665345514193,-0.012516975402832
1,4.17,1.31998675502837,-1.13248825073242E-02
1,4.18,1.3233200549148,-1.37090682983398E-02
1,4.19,1.32665335480124,-1.01327896118164E-02
1,4.2,1.32998665468767,-1.01327896118164E-02
1,4.21,1.33331995457411,-0.012516975402832
1,4.22,1.33665325446054,-7.74860382080078E-03
1,4.23,1.33998655434698,-1.01327896118164E-02
1,4.24,1.34331985423341,-1.31130218505859E-02
1,4.25,1.34665315411985,-1.31130218505859E-02
1,4.26,1.34998645400628,-0.012516975402832
1,4.27,1.35331975389272,-1.43051147460938E-02
1,4.28,1.35665305377916,-1.49011611938477E-02
1,4.29,1.35998635366559,-1.54972076416016E-02
1,4.3,1.36331965355203,-0.019073486328125
1,4.31,1.36665295343846,-1.66893005371094E-02
1,4.32,1.3699862533249,-1.19209289550781E-02
1,4.33,1.37331955321133,-1.43051147460938E-02
1,4.34,1.37665285309777,-1.54972076416016E-02
1,4.35,1.3799861529842,-1.31130218505859E-02
1,4.36,1.38331945287064,-1.54972076416016E-02
1,4.37,1.38665275275707,-1.37090682983398E-02
1,4.38,1.38998605264351,-1.19209289550781E-02
1,4.39,1.39331935252994,-1.37090682983398E-02
1,4.4,1.39665265241638,-1.66893005371094E-02
1,4.41,1.39998595230281,-1.96695327758789E-02
1,4.42,1.40331925218925,-0.019073486328125
1,4.43,1.40665255207568,-1.78813934326172E-02
1,4.44,1.40998585196212,-2.02655792236328E-02
1,4.45,1.41331915184855,-1.96695327758789E-02
1,4.46,1.41665245173499,-2.14576721191406E-02
1,4.47,1.41998575162143,-1.60932540893555E-02
1,4.48,1.42331905150786,-0.019073486328125
1,4.49,1.4266523513943,-1.96695327758789E-02
1,4.5,1.42998565128073,-2.74181365966797E-02
1,4.51,1.43331895116717,-2.44379043579102E-02
1,4.52,1.4366522510536,-2.68220901489258E-02
1,4.53,1.43998555094004,-2.74181365966797E-02
1,4.54,1.44331885082647,-2.92062759399414E-02
1,4.55,1.44665215071291,-2.92062759399414E-02
1,4.56,1.44998545059934,-3.45706939697266E-02
1,4.57,1.45331875048578,-3.69548797607422E-02
1,4.58,1.45665205037221,-3.75509262084961E-02
1,4.59,1.45998535025865,-3.45706939697266E-02
1,4.6,1.46331865014508,-3.33786010742188E-02
1,4.61,1.46665195003152,-3.09944152832031E-02
1,4.62,1.46998524991795,-3.39746475219727E-02
1,4.63,1.47331854980439,-3.27825546264648E-02
1,4.64,1.47665184969082,-3.45706939697266E-02
1,4.65,1.47998514957726,-3.21865081787109E-02
1,4.66,1.4833184494637,-3.03983688354492E-02
1,4.67,1.48665174935013,-2.92062759399414E-02
1,4.68,1.48998504923657,-2.62260437011719E-02
1,4.69,1.493318349123,-2.74181365966797E-02
1,4.7,1.49665164900944,-2.68220901489258E-02
1,4.71,1.49998494889587,-2.08616256713867E-02
1,4.72,1.50331824878231,-2.20537185668945E-02
1,4.73,1.50665154866874,-1.72853469848633E-02
1,4.74,1.50998484855518,-1.72853469848633E-02
1,4.75,1.51331814844161,-1.37090682983398E-02
1,4.76,1.51665144832805,-1.43051147460938E-02
1,4.77,1.51998474821448,-1.31130218505859E-02
1,4.78,1.52331804810092,-8.94069671630859E-03
1,4.79,1.52665134798735,-1.19209289550781E-02
1,4.8,1.52998464787379,-1.31130218505859E-02
1,4.81,1.53331794776022,-1.19209289550781E-02
1,4.82,1.53665124764666,-1.13248825073242E-02
1,4.83,1.53998454753309,-7.15255737304688E-03
1,4.84,1.54331784741953,-8.34465026855469E-03
1,4.85,1.54665114730597,-7.15255737304688E-03
1,4.86,1.5499844471924,-1.19209289550781E-02
1,4.87,1.55331774707884,-1.13248825073242E-02
1,4.88,1.55665104696527,-1.13248825073242E-02
1,4.89,1.55998434685171,-1.31130218505859E-02
1,4.9,1.56331764673814,-1.01327896118164E-02
1,4.91,1.56665094662458,-1.01327896118164E-02
1,4.92,1.56998424651101,-1.31130218505859E-02
1,4.93,1.57331754639745,-1.54972076416016E-02
1,4.94,1.57665084628388,-1.37090682983398E-02
1,4.95,1.57998414617032,-1.19209289550781E-02
1,4.96,1.58331744605675,-9.5367431640625E-03
1,4.97,1.58665074594319,-7.74860382080078E-03
1,4.98,1.58998404582962,-9.5367431640625E-03
1,4.99,1.59331734571606,-8.94069671630859E-03
1,5,1.59665064560249,-7.15255737304688E-03
1,5.01,1.59998394548893,-8.94069671630859E-03
1,5.02,1.60331724537537,-7.15255737304688E-03
1,5.03,1.6066505452618,-9.5367431640625E-03
1,5.04,1.60998384514824,-1.07288360595703E-02
1,5.05,1.61331714503467,-1.19209289550781E-02
1,5.06,1.61665044492111,-1.07288360595703E-02
1,5.07,1.61998374480754,-7.15255737304688E-03
1,5.08,1.62331704469398,-7.15255737304688E-03
1,5.09,1.62665034458041,-6.55651092529297E-03
1,5.1,1.62998364446685,-3.57627868652344E-03
1,5.11,1.63331694435328,-4.76837158203125E-03
1,5.12,1.63665024423972,-3.57627868652344E-03
1,5.13,1.63998354412615,-3.57627868652344E-03
1,5.14,1.64331684401259,-1.78813934326172E-03
1,5.15,1.64665014389902,-1.78813934326172E-03
1,5.16,1.64998344378546,-6.55651092529297E-03
1,5.17,1.65331674367189,-2.38418579101563E-03
1,5.18,1.65665004355833,-1.78813934326172E-03
1,5.19,1.65998334344476,-2.38418579101563E-03
1,5.2,1.6633166433312,-5.36441802978516E-03
1,5.21,1.66664994321764,-1.78813934326172E-03
1,5.22,1.66998324310407,-1.78813934326172E-03
1,5.23,1.67331654299051,5.96046447753906E-04
1,5.24,1.67664984287694,-4.17232513427734E-03
1,5.25,1.67998314276338,-5.36441802978516E-03
1,5.26,1.68331644264981,-5.36441802978516E-03
1,5.27,1.68664974253625,-8.94069671630859E-03
1,5.28,1.68998304242268,-1.01327896118164E-02
1,5.29,1.69331634230912,-7.15255737304688E-03
1,5.3,1.69664964219555,-1.37090682983398E-02
1,5.31,1.69998294208199,-0.012516975402832
1,5.32,1.70331624196842,-1.07288360595703E-02
1,5.33,1.70664954185486,-1.31130218505859E-02
1,5.34,1.70998284174129,-1.01327896118164E-02
1,5.35,1.71331614162773,-7.74860382080078E-03
1,5.36,1.71664944151416,-9.5367431640625E-03
1,5.37,1.7199827414006,-8.34465026855469E-03
1,5.38,1.72331604128703,-7.74860382080078E-03
1,5.39,1.72664934117347,-8.94069671630859E-03
1,5.4,1.72998264105991,-8.34465026855469E-03
1,5.41,1.73331594094634,-7.74860382080078E-03
1,5.42,1.73664924083278,-9.5367431640625E-03
1,5.43,1.73998254071921,-4.76837158203125E-03
1,5.44,1.74331584060565,-5.96046447753906E-03
1,5.45,1.74664914049208,-5.36441802978516E-03
1,5.46,1.74998244037852,-6.55651092529297E-03
1,5.47,1.75331574026495,-8.34465026855469E-03
1,5.48,1.75664904015139,-8.34465026855469E-03
1,5.49,1.75998234003782,-6.55651092529297E-03
1,5.5,1.76331563992426,-7.15255737304688E-03
1,5.51,1.76664893981069,-5.96046447753906E-03
1,5.52,1.76998223969713,-5.96046447753906E-03
1,5.53,1.77331553958356,-7.74860382080078E-03
1,5.54,1.77664883947,-5.96046447753906E-03
1,5.55,1.77998213935643,-4.76837158203125E-03
1,5.56,1.78331543924287,-5.36441802978516E-03
1,5.57,1.7866487391293,-8.34465026855469E-03
1,5.58,1.78998203901574,-9.5367431640625E-03
1,5.59,1.79331533890218,-1.01327896118164E-02
1,5.6,1.79664863878861,-1.54972076416016E-02
1,5.61,1.79998193867505,-1.49011611938477E-02
1,5.62,1.80331523856148,-0.012516975402832
1,5.63,1.80664853844792,-1.13248825073242E-02
1,5.64,1.80998183833435,-9.5367431640625E-03
1,5.65,1.81331513822079,-8.94069671630859E-03
1,5.66,1.81664843810722,-7.74860382080078E-03
1,5.67,1.81998173799366,-3.57627868652344E-03
1,5.68,1.82331503788009,-2.38418579101563E-03
1,5.69,1.82664833776653,-4.17232513427734E-03
1,5.7,1.82998163765296,-5.36441802978516E-03
1,5.71,1.8333149375394,-7.74860382080078E-03
1,5.72,1.83664823742583,-4.17232513427734E-03
1,5.73,1.83998153731227,-7.74860382080078E-03
1,5.74,1.8433148371987,-3.57627868652344E-03
1,5.75,1.84664813708514,-4.17232513427734E-03
1,5.76,1.84998143697158,-4.17232513427734E-03
1,5.77,1.85331473685801,-3.57627868652344E-03
1,5.78,1.85664803674445,-3.57627868652344E-03
1,5.79,1.85998133663088,-4.17232513427734E-03
1,5.8,1.86331463651732,-6.55651092529297E-03
1,5.81,1.86664793640375,-7.15255737304688E-03
1,5.82,1.86998123629019,-7.15255737304688E-03
1,5.83,1.87331453617662,-8.94069671630859E-03
1,5.84,1.87664783606306,-7.74860382080078E-03
1,5.85,1.87998113594949,-5.36441802978516E-03
1,5.86,1.88331443583593,-7.15255737304688E-03
1,5.87,1.88664773572236,-6.55651092529297E-03
1,5.88,1.8899810356088,-4.17232513427734E-03
1,5.89,1.89331433549523,-8.94069671630859E-03
1,5.9,1.89664763538167,-6.55651092529297E-03
1,5.91,1.8999809352681,-8.34465026855469E-03
1,5.92,1.90331423515454,-8.34465026855469E-03
1,5.93,1.90664753504097,-1.19209289550781E-02
1,5.94,1.90998083492741,-1.07288360595703E-02
1,5.95,1.91331413481385,-1.49011611938477E-02
1,5.96,1.91664743470028,-1.49011611938477E-02
1,5.97,1.91998073458672,-1.19209289550781E-02
1,5.98,1.92331403447315,-1.37090682983398E-02
1,5.99,1.92664733435959,-1.19209289550781E-02
1,6,1.92998063424602,-1.31130218505859E-02
1,6.01,1.93331393413246,-1.49011611938477E-02
1,6.02,1.93664723401889,-1.54972076416016E-02
1,6.03,1.93998053390533,-1.13248825073242E-02
1,6.04,1.94331383379176,-9.5367431640625E-03
1,6.05,1.9466471336782,-0.012516975402832
1,6.06,1.94998043356463,-1.60932540893555E-02
1,6.07,1.95331373345107,-1.66893005371094E-02
1,6.08,1.9566470333375,-1.54972076416016E-02
1,6.09,1.95998033322394,-1.72853469848633E-02
1,6.1,1.96331363311037,-1.60932540893555E-02
1,6.11,1.96664693299681,-1.84774398803711E-02
1,6.12,1.96998023288324,-0.019073486328125
1,6.13,1.97331353276968,-0.019073486328125
1,6.14,1.97664683265612,-1.78813934326172E-02
1,6.15,1.97998013254255,-1.84774398803711E-02
1,6.16,1.98331343242899,-1.13248825073242E-02
1,6.17,1.98664673231542,-1.54972076416016E-02
1,6.18,1.98998003220186,-1.37090682983398E-02
1,6.19,1.99331333208829,-0.012516975402832
1,6.2,1.99664663197473,-1.13248825073242E-02
1,6.21,1.99997993186116,-1.01327896118164E-02
1,6.22,2.0033132317476,-8.34465026855469E-03
1,6.23,2.00664653163403,-7.74860382080078E-03
1,6.24,2.00997983152047,-8.34465026855469E-03
1,6.25,2.0133131314069,-8.34465026855469E-03
1,6.26,2.01664643129334,-7.74860382080078E-03
1,6.27,2.01997973117977,-4.17232513427734E-03
1,6.28,2.02331303106621,-4.76837158203125E-03
1,6.29,2.02664633095264,-8.34465026855469E-03
1,6.3,2.02997963083908,-7.15255737304688E-03
1,6.31,2.03331293072552,-7.15255737304688E-03
1,6.32,2.03664623061195,-8.34465026855469E-03
1,6.33,2.03997953049839,-1.07288360595703E-02
1,6.34,2.04331283038482,-9.5367431640625E-03
1,6.35,2.04664613027126,-1.43051147460938E-02
1,6.36,2.04997943015769,-1.78813934326172E-02
1,6.37,2.05331273004413,-2.26497650146484E-02
1,6.38,2.05664602993056,-2.20537185668945E-02
1,6.39,2.059979329817,-2.02655792236328E-02
1,6.4,2.06331262970343,-2.20537185668945E-02
1,6.41,2.06664592958987,-2.08616256713867E-02
1,6.42,2.0699792294763,-2.08616256713867E-02
1,6.43,2.07331252936274,-2.32458114624023E-02
1,6.44,2.07664582924917,-2.08616256713867E-02
1,6.45,2.07997912913561,-1.84774398803711E-02
1,6.46,2.08331242902204,-1.54972076416016E-02
1,6.47,2.08664572890848,-1.19209289550781E-02
1,6.48,2.08997902879491,-1.01327896118164E-02
1,6.49,2.09331232868135,-1.07288360595703E-02
1,6.5,2.09664562856779,-5.36441802978516E-03
1,6.51,2.09997892845422,-4.76837158203125E-03
1,6.52,2.10331222834066,-5.96046447753906E-03
1,6.53,2.10664552822709,-8.34465026855469E-03
1,6.54,2.10997882811353,-8.94069671630859E-03
1,6.55,2.11331212799996,-7.15255737304688E-03
1,6.56,2.1166454278864,-8.94069671630859E-03
1,6.57,2.11997872777283,-4.76837158203125E-03
1,6.58,2.12331202765927,-4.17232513427734E-03
1,6.59,2.1266453275457,-9.5367431640625E-03
1,6.6,2.12997862743214,-7.74860382080078E-03
1,6.61,2.13331192731857,-6.55651092529297E-03
1,6.62,2.13664522720501,-8.94069671630859E-03
1,6.63,2.13997852709144,-5.96046447753906E-03
1,6.64,2.14331182697788,-3.57627868652344E-03
1,6.65,2.14664512686431,-3.57627868652344E-03
1,6.66,2.14997842675075,-4.76837158203125E-03
1,6.67,2.15331172663718,-7.74860382080078E-03
1,6.68,2.15664502652362,-2.38418579101563E-03
1,6.69,2.15997832641006,-3.57627868652344E-03
1,6.7,2.16331162629649,-3.57627868652344E-03
1,6.71,2.16664492618293,-3.57627868652344E-03
1,6.72,2.16997822606936,-3.57627868652344E-03
1,6.73,2.1733115259558,-4.76837158203125E-03
1,6.74,2.17664482584223,-5.96046447753906E-03
1,6.75,2.17997812572867,-4.76837158203125E-03
1,6.76,2.1833114256151,0
1,6.77,2.18664472550154,-3.57627868652344E-03
1,6.78,2.18997802538797,2.98023223876953E-03
1,6.79,2.19331132527441,4.76837158203125E-03
1,6.8,2.19664462516084,8.94069671630859E-03
1,6.81,2.19997792504728,1.07288360595703E-02
1,6.82,2.20331122493371,8.94069671630859E-03
1,6.83,2.20664452482015,8.34465026855469E-03
1,6.84,2.20997782470658,6.55651092529297E-03
1,6.85,2.21331112459302,7.15255737304688E-03
1,6.86,2.21664442447945,6.55651092529297E-03
1,6.87,2.21997772436589,4.17232513427734E-03
1,6.88,2.22331102425233,6.55651092529297E-03
1,6.89,2.22664432413876,4.17232513427734E-03
1,6.9,2.2299776240252,5.96046447753906E-04
1,6.91,2.23331092391163,4.17232513427734E-03
1,6.92,2.23664422379807,5.36441802978516E-03
1,6.93,2.2399775236845,5.36441802978516E-03
1,6.94,2.24331082357094,5.96046447753906E-03
1,6.95,2.24664412345737,5.96046447753906E-03
1,6.96,2.24997742334381,3.57627868652344E-03
1,6.97,2.25331072323024,3.57627868652344E-03
1,6.98,2.25664402311668,2.98023223876953E-03
1,6.99,2.25997732300311,7.74860382080078E-03
1,7,2.26331062288955,6.55651092529297E-03
1,7.01,2.26664392277598,5.36441802978516E-03
1,7.02,2.26997722266242,7.15255737304688E-03
1,7.03,2.27331052254885,9.5367431640625E-03
1,7.04,2.27664382243529,9.5367431640625E-03
1,7.05,2.27997712232172,0.012516975402832
1,7.06,2.28331042220816,1.31130218505859E-02
1,7.07,2.2866437220946,1.37090682983398E-02
1,7.08,2.28997702198103,1.19209289550781E-02
1,7.09,2.29331032186747,1.07288360595703E-02
1,7.1,2.2966436217539,1.13248825073242E-02
1,7.11,2.29997692164034,0.012516975402832
1,7.12,2.30331022152677,1.13248825073242E-02
1,7.13,2.30664352141321,1.13248825073242E-02
1,7.14,2.30997682129964,1.13248825073242E-02
1,7.15,2.31331012118608,9.5367431640625E-03
1,7.16,2.31664342107251,1.01327896118164E-02
1,7.17,2.31997672095895,1.31130218505859E-02
1,7.18,2.32331002084538,0.012516975402832
1,7.19,2.32664332073182,0.012516975402832
1,7.2,2.32997662061825,1.31130218505859E-02
1,7.21,2.33330992050469,1.07288360595703E-02
1,7.22,2.33664322039112,9.5367431640625E-03
1,7.23,2.33997652027756,7.15255737304688E-03
1,7.24,2.343309820164,8.94069671630859E-03
1,7.25,2.34997641993687,8.94069671630859E-03
1,7.27,2.3533097198233,7.15255737304688E-03
1,7.28,2.35664301970974,8.34465026855469E-03
1,7.29,2.35997631959617,1.13248825073242E-02
1,7.3,2.36664291936904,8.94069671630859E-03
1,7.31,2.36997621925548,1.13248825073242E-02
1,7.33,2.37330951914191,1.43051147460938E-02
1,7.34,2.37997611891478,1.72853469848633E-02
1,7.35,2.38330941880122,1.66893005371094E-02
1,7.36,2.38664271868765,2.02655792236328E-02
1,7.37,2.38997601857409,1.54972076416016E-02
1,7.39,2.39330931846052,1.60932540893555E-02
1,7.4,2.39997591823339,1.60932540893555E-02
1,7.41,2.40330921811983,1.96695327758789E-02
1,7.43,2.4099758178927,2.14576721191406E-02
1,7.44,2.41330911777914,1.43051147460938E-02
1,7.45,2.41664241766557,1.60932540893555E-02
1,7.46,2.41997571755201,1.43051147460938E-02
1,7.47,2.42330901743844,1.54972076416016E-02
1,7.48,2.42664231732488,1.49011611938477E-02
1,7.49,2.42997561721131,1.54972076416016E-02
1,7.5,2.43330891709775,1.19209289550781E-02
1,7.51,2.43664221698418,9.5367431640625E-03
1,7.52,2.43997551687062,1.13248825073242E-02
1,7.53,2.44330881675705,9.5367431640625E-03
1,7.54,2.44664211664349,7.74860382080078E-03
1,7.55,2.44997541652992,6.55651092529297E-03
1,7.56,2.45330871641636,5.36441802978516E-03
1,7.57,2.45664201630279,5.36441802978516E-03
1,7.58,2.45997531618923,8.34465026855469E-03
1,7.59,2.46330861607566,2.38418579101563E-03
1,7.6,2.4666419159621,1.19209289550781E-03
1,7.61,2.46997521584854,-1.19209289550781E-03
1,7.62,2.47330851573497,5.96046447753906E-04
1,7.63,2.47664181562141,-4.76837158203125E-03
1,7.64,2.47997511550784,-5.96046447753906E-03
1,7.65,2.48330841539428,-5.36441802978516E-03
1,7.66,2.48664171528071,-7.74860382080078E-03
1,7.67,2.48997501516715,-7.74860382080078E-03
1,7.68,2.49330831505358,-6.55651092529297E-03
1,7.69,2.49664161494002,-6.55651092529297E-03
1,7.7,2.49997491482645,0
1,7.71,2.50330821471289,4.76837158203125E-03
1,7.72,2.50664151459932,5.96046447753906E-03
1,7.73,2.50997481448576,7.74860382080078E-03
1,7.74,2.51330811437219,7.15255737304688E-03
1,7.75,2.51664141425863,1.01327896118164E-02
1,7.76,2.51997471414506,8.94069671630859E-03
1,7.77,2.5233080140315,1.01327896118164E-02
1,7.78,2.52664131391793,9.5367431640625E-03
1,7.79,2.52997461380437,1.07288360595703E-02
1,7.8,2.53330791369081,7.74860382080078E-03
1,7.81,2.53664121357724,5.36441802978516E-03
1,7.82,2.53997451346368,7.15255737304688E-03
1,7.83,2.54330781335011,1.07288360595703E-02
1,7.84,2.54664111323655,8.34465026855469E-03
1,7.85,2.54997441312298,7.15255737304688E-03
1,7.86,2.55330771300942,6.55651092529297E-03
1,7.87,2.55664101289585,5.96046447753906E-03
1,7.88,2.55997431278229,1.13248825073242E-02
1,7.89,2.56330761266872,9.5367431640625E-03
1,7.9,2.56664091255516,6.55651092529297E-03
1,7.91,2.56997421244159,5.36441802978516E-03
1,7.92,2.57330751232803,5.96046447753906E-03
1,7.93,2.57664081221446,4.76837158203125E-03
1,7.94,2.5799741121009,2.98023223876953E-03
1,7.95,2.58330741198733,5.96046447753906E-04
1,7.96,2.58664071187377,-2.38418579101563E-03
1,7.97,2.58997401176021,0
1,7.98,2.59330731164664,0
1,7.99,2.59664061153308,2.98023223876953E-03
1,8,2.59997391141951,3.57627868652344E-03
1,8.01,2.60330721130595,2.98023223876953E-03
1,8.02,2.60664051119238,3.57627868652344E-03
1,8.03,2.60997381107882,7.15255737304688E-03
1,8.04,2.61330711096525,7.74860382080078E-03
1,8.05,2.61664041085169,8.34465026855469E-03
1,8.06,2.61997371073812,4.17232513427734E-03
1,8.07,2.62330701062456,3.57627868652344E-03
1,8.08,2.62664031051099,5.96046447753906E-03
1,8.09,2.62997361039743,4.76837158203125E-03
1,8.1,2.63330691028386,7.15255737304688E-03
1,8.11,2.6366402101703,3.57627868652344E-03
1,8.12,2.63997351005673,5.36441802978516E-03
1,8.13,2.64330680994317,7.74860382080078E-03
1,8.14,2.6466401098296,1.78813934326172E-03
1,8.15,2.64997340971604,2.38418579101563E-03
1,8.16,2.65330670960248,-1.78813934326172E-03
1,8.17,2.65664000948891,-4.17232513427734E-03
1,8.18,2.65997330937535,-2.98023223876953E-03
1,8.19,2.66330660926178,-1.19209289550781E-03
1,8.2,2.66663990914822,-2.98023223876953E-03
1,8.21,2.66997320903465,-1.19209289550781E-03
1,8.22,2.67330650892109,-2.98023223876953E-03
1,8.23,2.67663980880752,-1.78813934326172E-03
1,8.24,2.67997310869396,1.78813934326172E-03
1,8.25,2.68330640858039,3.57627868652344E-03
1,8.26,2.68663970846683,7.15255737304688E-03
1,8.27,2.68997300835326,5.36441802978516E-03
1,8.28,2.6933063082397,4.76837158203125E-03
1,8.29,2.69663960812613,9.5367431640625E-03
1,8.3,2.69997290801257,7.74860382080078E-03
1,8.31,2.703306207899,3.57627868652344E-03
1,8.32,2.70663950778544,5.96046447753906E-04
1,8.33,2.70997280767187,-3.57627868652344E-03
1,8.34,2.71330610755831,-6.55651092529297E-03
1,8.35,2.71663940744475,-7.74860382080078E-03
1,8.36,2.71997270733118,-9.5367431640625E-03
1,8.37,2.72330600721762,-1.07288360595703E-02
1,8.38,2.72663930710405,-1.13248825073242E-02
1,8.39,2.72997260699049,-1.31130218505859E-02
1,8.4,2.73330590687692,-1.19209289550781E-02
1,8.41,2.73663920676336,-1.60932540893555E-02
1,8.42,2.73997250664979,-1.54972076416016E-02
1,8.43,2.74330580653623,-1.19209289550781E-02
1,8.44,2.74663910642266,-8.34465026855469E-03
1,8.45,2.7499724063091,-6.55651092529297E-03
1,8.46,2.75330570619553,-2.38418579101563E-03
1,8.47,2.75663900608197,-1.78813934326172E-03
1,8.48,2.7599723059684,1.19209289550781E-03
1,8.49,2.76330560585484,5.96046447753906E-03
1,8.5,2.76663890574127,7.74860382080078E-03
1,8.51,2.76997220562771,6.55651092529297E-03
1,8.52,2.77330550551414,5.96046447753906E-03
1,8.53,2.77663880540058,6.55651092529297E-03
1,8.54,2.77997210528702,7.74860382080078E-03
1,8.55,2.78330540517345,1.01327896118164E-02
1,8.56,2.78663870505989,8.34465026855469E-03
1,8.57,2.78997200494632,1.07288360595703E-02
1,8.58,2.79330530483276,1.19209289550781E-02
1,8.59,2.79663860471919,9.5367431640625E-03
1,8.6,2.79997190460563,7.74860382080078E-03
1,8.61,2.80330520449206,1.01327896118164E-02
1,8.62,2.8066385043785,1.13248825073242E-02
1,8.63,2.80997180426493,1.07288360595703E-02
1,8.64,2.81330510415137,3.57627868652344E-03
1,8.65,2.8166384040378,1.78813934326172E-03
1,8.66,2.81997170392424,0
1,8.67,2.82330500381067,-5.96046447753906E-04
1,8.68,2.82663830369711,-1.19209289550781E-03
1,8.69,2.82997160358354,-6.55651092529297E-03
1,8.7,2.83330490346998,-8.94069671630859E-03
1,8.71,2.83663820335642,-8.94069671630859E-03
1,8.72,2.83997150324285,-7.74860382080078E-03
1,8.73,2.84330480312929,-5.36441802978516E-03
1,8.74,2.84663810301572,-6.55651092529297E-03
1,8.75,2.84997140290216,-1.01327896118164E-02
1,8.76,2.85330470278859,-1.13248825073242E-02
1,8.77,2.85663800267503,-1.31130218505859E-02
1,8.78,2.85997130256146,-1.13248825073242E-02
1,8.79,2.8633046024479,-0.012516975402832
1,8.8,2.86663790233433,-8.34465026855469E-03
1,8.81,2.86997120222077,-8.94069671630859E-03
1,8.82,2.8733045021072,-1.31130218505859E-02
1,8.83,2.87663780199364,-1.60932540893555E-02
1,8.84,2.87997110188007,-1.19209289550781E-02
1,8.85,2.88330440176651,-1.54972076416016E-02
1,8.86,2.88663770165294,-1.84774398803711E-02
1,8.87,2.88997100153938,-0.019073486328125
1,8.88,2.89330430142581,-2.08616256713867E-02
1,8.89,2.89663760131225,-1.78813934326172E-02
1,8.9,2.89997090119869,-1.66893005371094E-02
1,8.91,2.90330420108512,-1.49011611938477E-02
1,8.92,2.90663750097156,-1.60932540893555E-02
1,8.93,2.90997080085799,-1.60932540893555E-02
1,8.94,2.91330410074443,-1.31130218505859E-02
1,8.95,2.91663740063086,-1.49011611938477E-02
1,8.96,2.9199707005173,-1.54972076416016E-02
1,8.97,2.92330400040373,-1.43051147460938E-02
1,8.98,2.92663730029017,-1.49011611938477E-02
1,8.99,2.9299706001766,-1.13248825073242E-02
1,9,2.93330390006304,-1.54972076416016E-02
1,9.01,2.93663719994947,-0.019073486328125
1,9.02,2.93997049983591,-2.14576721191406E-02
1,9.03,2.94330379972234,-2.08616256713867E-02
1,9.04,2.94663709960878,-2.08616256713867E-02
1,9.05,2.94997039949521,-1.78813934326172E-02
1,9.06,2.95330369938165,-0.019073486328125
1,9.07,2.95663699926808,-1.31130218505859E-02
1,9.08,2.95997029915452,-1.37090682983398E-02
1,9.09,2.96330359904096,-1.07288360595703E-02
1,9.1,2.96663689892739,-1.19209289550781E-02
1,9.11,2.96997019881383,-8.34465026855469E-03
1,9.12,2.97330349870026,-1.07288360595703E-02
1,9.13,2.9766367985867,-8.34465026855469E-03
1,9.14,2.97997009847313,-1.01327896118164E-02
1,9.15,2.98330339835957,-7.15255737304688E-03
1,9.16,2.986636698246,-3.57627868652344E-03
1,9.17,2.98996999813244,-5.36441802978516E-03
1,9.18,2.99330329801887,-1.78813934326172E-03
1,9.19,2.99663659790531,-8.94069671630859E-03
1,9.2,2.99996989779174,-8.94069671630859E-03
1,9.21,3.00330319767818,-0.012516975402832
1,9.22,3.00663649756461,-1.01327896118164E-02
1,9.23,3.00996979745105,-0.012516975402832
1,9.24,3.01330309733748,-1.49011611938477E-02
1,9.25,3.01663639722392,-1.37090682983398E-02
1,9.26,3.01996969711035,-1.31130218505859E-02
1,9.27,3.02330299699679,-1.01327896118164E-02
1,9.28,3.02663629688323,-1.19209289550781E-02
1,9.29,3.02996959676966,-1.31130218505859E-02
1,9.3,3.0333028966561,-1.01327896118164E-02
1,9.31,3.03663619654253,-1.19209289550781E-02
1,9.32,3.03996949642897,-1.01327896118164E-02
1,9.33,3.0433027963154,-1.19209289550781E-02
1,9.34,3.04663609620184,-1.43051147460938E-02
1,9.35,3.04996939608827,-0.012516975402832
1,9.36,3.05330269597471,-1.43051147460938E-02
1,9.37,3.05663599586114,-1.60932540893555E-02
1,9.38,3.05996929574758,-1.49011611938477E-02
1,9.39,3.06330259563401,-1.60932540893555E-02
1,9.4,3.06663589552045,-1.54972076416016E-02
1,9.41,3.06996919540688,-1.49011611938477E-02
1,9.42,3.07330249529332,-0.012516975402832
1,9.43,3.07663579517975,-1.13248825073242E-02
1,9.44,3.07996909506619,-8.34465026855469E-03
1,9.45,3.08330239495263,-5.96046447753906E-03
1,9.46,3.08663569483906,-7.74860382080078E-03
1,9.47,3.0899689947255,-9.5367431640625E-03
1,9.48,3.09330229461193,-1.07288360595703E-02
1,9.49,3.09663559449837,-9.5367431640625E-03
1,9.5,3.0999688943848,-9.5367431640625E-03
1,9.51,3.10330219427124,-1.01327896118164E-02
1,9.52,3.10663549415767,-1.72853469848633E-02
1,9.53,3.10996879404411,-1.72853469848633E-02
1,9.54,3.11330209393054,-1.84774398803711E-02
1,9.55,3.11663539381698,-2.20537185668945E-02
1,9.56,3.11996869370341,-2.50339508056641E-02
1,9.57,3.12330199358985,-2.32458114624023E-02
1,9.58,3.12663529347628,-2.02655792236328E-02
1,9.59,3.12996859336272,-2.08616256713867E-02
1,9.6,3.13330189324915,-2.02655792236328E-02
1,9.61,3.13663519313559,-1.72853469848633E-02
1,9.62,3.13996849302202,-1.43051147460938E-02
1,9.63,3.14330179290846,-1.49011611938477E-02
1,9.64,3.1466350927949,-1.37090682983398E-02
1,9.65,3.14996839268133,-1.37090682983398E-02
1,9.66,3.15330169256777,-1.72853469848633E-02
1,9.67,3.1566349924542,-1.66893005371094E-02
1,9.68,3.15996829234064,-1.49011611938477E-02
1,9.69,3.16330159222707,-1.19209289550781E-02
1,9.7,3.16663489211351,-1.54972076416016E-02
1,9.71,3.16996819199994,-1.60932540893555E-02
1,9.72,3.17330149188638,-2.02655792236328E-02
1,9.73,3.17663479177281,-2.08616256713867E-02
1,9.74,3.17996809165925,-2.02655792236328E-02
1,9.75,3.18330139154568,-0.019073486328125
1,9.76,3.18663469143212,-2.02655792236328E-02
1,9.77,3.18996799131855,-2.08616256713867E-02
1,9.78,3.19330129120499,-2.02655792236328E-02
1,9.79,3.19663459109142,-1.96695327758789E-02
1,9.8,3.19996789097786,-1.60932540893555E-02
1,9.81,3.20330119086429,-1.37090682983398E-02
1,9.82,3.20663449075073,-9.5367431640625E-03
1,9.83,3.20996779063717,-1.01327896118164E-02
1,9.84,3.2133010905236,-1.01327896118164E-02
1,9.85,3.21663439041004,-8.34465026855469E-03
1,9.86,3.21996769029647,-9.5367431640625E-03
1,9.87,3.22330099018291,-8.94069671630859E-03
1,9.88,3.22663429006934,-8.34465026855469E-03
1,9.89,3.22996758995578,-3.57627868652344E-03
1,9.9,3.23330088984221,-7.15255737304688E-03
1,9.91,3.23663418972865,-4.76837158203125E-03
1,9.92,3.23996748961508,-4.76837158203125E-03
1,9.93,3.24330078950152,-1.78813934326172E-03
1,9.94,3.24663408938795,-2.98023223876953E-03
1,9.95,3.24996738927439,-2.38418579101563E-03
1,9.96,3.25330068916082,-5.36441802978516E-03
1,9.97,3.25663398904726,-7.15255737304688E-03
1,9.98,3.25996728893369,-5.96046447753906E-03
1,9.99,3.26330058882013,-4.76837158203125E-03
1,10,3.26663388870656,-7.74860382080078E-03
1,10.01,3.269967188593,-9.5367431640625E-03
1,10.02,3.27330048847944,-1.07288360595703E-02
1,10.03,3.27663378836587,-1.13248825073242E-02
1,10.04,3.27996708825231,-8.94069671630859E-03
1,10.05,3.28330038813874,-7.15255737304688E-03
1,10.06,3.28663368802518,-7.15255737304688E-03
1,10.07,3.28996698791161,-1.07288360595703E-02
1,10.08,3.29330028779805,-8.34465026855469E-03
1,10.09,3.29663358768448,-9.5367431640625E-03
1,10.1,3.29996688757092,-8.94069671630859E-03
1,10.11,3.30330018745735,-1.01327896118164E-02
1,10.12,3.30663348734379,-1.01327896118164E-02
1,10.13,3.30996678723022,-1.49011611938477E-02
1,10.14,3.31330008711666,-1.49011611938477E-02
1,10.15,3.31663338700309,-1.19209289550781E-02
1,10.16,3.31996668688953,-1.54972076416016E-02
1,10.17,3.32329998677596,-1.60932540893555E-02
1,10.18,3.3266332866624,-1.84774398803711E-02
1,10.19,3.32996658654884,-2.20537185668945E-02
1,10.2,3.33329988643527,-1.84774398803711E-02
1,10.21,3.33663318632171,-1.49011611938477E-02
1,10.22,3.33996648620814,-1.49011611938477E-02
1,10.23,3.34329978609458,-9.5367431640625E-03
1,10.24,3.34663308598101,-5.36441802978516E-03
1,10.25,3.34996638586745,-2.98023223876953E-03
1,10.26,3.35329968575388,0
1,10.27,3.35663298564032,1.19209289550781E-03
1,10.28,3.35996628552675,1.19209289550781E-03
1,10.29,3.36329958541319,5.36441802978516E-03
1,10.3,3.36663288529962,0
1,10.31,3.36996618518606,-2.38418579101563E-03
1,10.32,3.37329948507249,-1.78813934326172E-03
1,10.33,3.37663278495893,-5.96046447753906E-03
1,10.34,3.37996608484536,-4.76837158203125E-03
1,10.35,3.3832993847318,-4.17232513427734E-03
1,10.36,3.38663268461823,-5.36441802978516E-03
1,10.37,3.38996598450467,-8.94069671630859E-03
1,10.38,3.39329928439111,-1.37090682983398E-02
1,10.39,3.39663258427754,-1.66893005371094E-02
1,10.4,3.39996588416398,-1.43051147460938E-02
1,10.41,3.40329918405041,-1.54972076416016E-02
1,10.42,3.40663248393685,-1.60932540893555E-02
1,10.43,3.40996578382328,-0.019073486328125
1,10.44,3.41329908370972,-2.20537185668945E-02
1,10.45,3.41663238359615,-1.66893005371094E-02
1,10.46,3.41996568348259,-1.84774398803711E-02
1,10.47,3.42329898336902,-2.02655792236328E-02
1,10.48,3.42663228325546,-2.32458114624023E-02
1,10.49,3.42996558314189,-0.019073486328125
1,10.5,3.43329888302833,-1.72853469848633E-02
1,10.51,3.43663218291476,-1.66893005371094E-02
1,10.52,3.4399654828012,-1.84774398803711E-02
1,10.53,3.44329878268763,-1.66893005371094E-02
1,10.54,3.44663208257407,-1.54972076416016E-02
1,10.55,3.4499653824605,-0.012516975402832
1,10.56,3.45329868234694,-1.01327896118164E-02
1,10.57,3.45663198223338,-8.94069671630859E-03
1,10.58,3.45996528211981,-8.94069671630859E-03
1,10.59,3.46329858200625,-6.55651092529297E-03
1,10.6,3.46663188189268,-7.15255737304688E-03
1,10.61,3.46996518177912,-9.5367431640625E-03
1,10.62,3.47329848166555,-4.17232513427734E-03
1,10.63,3.47663178155199,-4.17232513427734E-03
1,10.64,3.47996508143842,0
1,10.65,3.48329838132486,1.78813934326172E-03
1,10.66,3.48663168121129,7.74860382080078E-03
1,10.67,3.48996498109773,8.34465026855469E-03
1,10.68,3.49329828098416,6.55651092529297E-03
1,10.69,3.4966315808706,8.94069671630859E-03
1,10.7,3.49996488075703,1.19209289550781E-02
1,10.71,3.50329818064347,1.19209289550781E-02
1,10.72,3.5066314805299,8.94069671630859E-03
1,10.73,3.50996478041634,7.74860382080078E-03
1,10.74,3.51329808030277,1.13248825073242E-02
1,10.75,3.51663138018921,1.19209289550781E-02
1,10.76,3.51996468007565,8.34465026855469E-03
1,10.77,3.52329797996208,2.98023223876953E-03
1,10.78,3.52996457973495,2.98023223876953E-03
1,10.79,3.53329787962139,0
1,10.8,3.53663117950782,-5.96046447753906E-03
1,10.82,3.53996447939426,-5.36441802978516E-03
1,10.83,3.54663107916713,-5.96046447753906E-04
1,10.84,3.54996437905356,-3.57627868652344E-03
1,10.85,3.55329767894,-1.19209289550781E-03
1,10.86,3.55663097882643,-2.98023223876953E-03
1,10.87,3.55996427871287,3.57627868652344E-03
1,10.88,3.5632975785993,6.55651092529297E-03
1,10.89,3.56663087848574,5.96046447753906E-03
1,10.9,3.56996417837217,4.76837158203125E-03
1,10.92,3.57663077814505,7.74860382080078E-03
1,10.93,3.57996407803148,5.96046447753906E-03
1,10.94,3.58329737791792,1.31130218505859E-02
1,10.95,3.58663067780435,1.19209289550781E-02
1,10.96,3.58996397769079,1.19209289550781E-02
1,10.97,3.59329727757722,5.96046447753906E-03
1,10.98,3.59663057746366,4.76837158203125E-03
1,10.99,3.59996387735009,8.94069671630859E-03
1,11,3.60329717723653,1.13248825073242E-02
1,11.01,3.60663047712296,0.012516975402832
1,11.02,3.6099637770094,1.37090682983398E-02
1,11.03,3.61329707689583,9.5367431640625E-03
1,11.04,3.61663037678227,1.19209289550781E-02
1,11.05,3.6199636766687,9.5367431640625E-03
1,11.06,3.62329697655514,1.19209289550781E-02
1,11.07,3.62663027644157,8.94069671630859E-03
1,11.08,3.62996357632801,5.36441802978516E-03
1,11.09,3.63329687621445,7.74860382080078E-03
1,11.1,3.63663017610088,6.55651092529297E-03
1,11.11,3.63996347598732,5.36441802978516E-03
1,11.12,3.64329677587375,1.13248825073242E-02
1,11.13,3.64663007576019,1.19209289550781E-02
1,11.14,3.64996337564662,1.07288360595703E-02
1,11.15,3.65329667553306,1.13248825073242E-02
1,11.16,3.65662997541949,0.012516975402832
1,11.17,3.65996327530593,1.49011611938477E-02
1,11.18,3.66329657519236,1.19209289550781E-02
1,11.19,3.6666298750788,1.43051147460938E-02
1,11.2,3.66996317496523,0.012516975402832
1,11.21,3.67329647485167,1.13248825073242E-02
1,11.22,3.6766297747381,1.19209289550781E-02
1,11.23,3.67996307462454,1.54972076416016E-02
1,11.24,3.68329637451097,1.13248825073242E-02
1,11.25,3.68662967439741,1.37090682983398E-02
1,11.26,3.68996297428384,1.37090682983398E-02
1,11.27,3.69329627417028,1.49011611938477E-02
1,11.28,3.69662957405671,1.31130218505859E-02
1,11.29,3.69996287394315,1.54972076416016E-02
1,11.3,3.70329617382959,1.37090682983398E-02
1,11.31,3.70662947371602,1.54972076416016E-02
1,11.32,3.70996277360246,0.012516975402832
1,11.33,3.71329607348889,1.07288360595703E-02
1,11.34,3.71662937337533,8.94069671630859E-03
1,11.35,3.71996267326176,0.012516975402832
1,11.36,3.7232959731482,0.012516975402832
1,11.37,3.72662927303463,1.13248825073242E-02
1,11.38,3.72996257292107,1.01327896118164E-02
1,11.39,3.7332958728075,8.94069671630859E-03
1,11.4,3.73662917269394,5.96046447753906E-03
1,11.41,3.73996247258037,7.15255737304688E-03
1,11.42,3.74329577246681,8.94069671630859E-03
1,11.43,3.74662907235324,9.5367431640625E-03
1,11.44,3.74996237223968,8.94069671630859E-03
1,11.45,3.75329567212611,5.96046447753906E-03
1,11.46,3.75662897201255,7.15255737304688E-03
1,11.47,3.75996227189898,2.98023223876953E-03
1,11.48,3.76329557178542,1.19209289550781E-03
1,11.49,3.76662887167186,1.19209289550781E-03
1,11.5,3.76996217155829,-1.19209289550781E-03
1,11.51,3.77329547144473,-4.76837158203125E-03
1,11.52,3.77662877133116,-5.96046447753906E-03
1,11.53,3.7799620712176,-5.96046447753906E-03
1,11.54,3.78329537110403,-6.55651092529297E-03
1,11.55,3.78662867099047,-5.36441802978516E-03
1,11.56,3.7899619708769,-4.17232513427734E-03
1,11.57,3.79329527076334,-3.57627868652344E-03
1,11.58,3.79662857064977,-6.55651092529297E-03
1,11.59,3.79996187053621,-1.78813934326172E-03
1,11.6,3.80329517042264,0
1,11.61,3.80662847030908,-1.19209289550781E-03
1,11.62,3.80996177019551,-4.17232513427734E-03
1,11.63,3.81329507008195,-3.57627868652344E-03
1,11.64,3.81662836996838,-1.19209289550781E-03
1,11.65,3.81996166985482,-7.15255737304688E-03
1,11.66,3.82329496974126,-7.15255737304688E-03
1,11.67,3.82662826962769,-9.5367431640625E-03
1,11.68,3.82996156951413,-8.34465026855469E-03
1,11.69,3.83329486940056,-9.5367431640625E-03
1,11.7,3.836628169287,-8.34465026855469E-03
1,11.71,3.83996146917343,-9.5367431640625E-03
1,11.72,3.84329476905987,-6.55651092529297E-03
1,11.73,3.8466280689463,-7.74860382080078E-03
1,11.74,3.84996136883274,-7.15255737304688E-03
1,11.75,3.85329466871917,-1.13248825073242E-02
1,11.76,3.85662796860561,-7.74860382080078E-03
1,11.77,3.85996126849204,-8.34465026855469E-03
1,11.78,3.86329456837848,-9.5367431640625E-03
1,11.79,3.86662786826491,-8.94069671630859E-03
1,11.8,3.86996116815135,-9.5367431640625E-03
1,11.81,3.87329446803778,-0.012516975402832
1,11.82,3.87662776792422,-1.84774398803711E-02
1,11.83,3.87996106781066,-2.02655792236328E-02
1,11.84,3.88329436769709,-0.019073486328125
1,11.85,3.88662766758353,-2.26497650146484E-02
1,11.86,3.88996096746996,-2.08616256713867E-02
1,11.87,3.8932942673564,-2.14576721191406E-02
1,11.88,3.89662756724283,-1.96695327758789E-02
1,11.89,3.89996086712927,-0.019073486328125
1,11.9,3.9032941670157,-0.019073486328125
1,11.91,3.90662746690214,-1.96695327758789E-02
1,11.92,3.90996076678857,-1.31130218505859E-02
1,11.93,3.91329406667501,-2.02655792236328E-02
1,11.94,3.91662736656144,-0.019073486328125
1,11.95,3.91996066644788,-1.31130218505859E-02
1,11.96,3.92329396633431,-1.84774398803711E-02
1,11.97,3.92662726622075,-1.72853469848633E-02
1,11.98,3.92996056610718,-1.84774398803711E-02
1,11.99,3.93329386599362,-1.60932540893555E-02
1,12,3.93662716588005,-1.54972076416016E-02
1,12.01,3.93996046576649,-1.84774398803711E-02
1,12.02,3.94329376565293,-1.84774398803711E-02
1,12.03,3.94662706553936,-2.02655792236328E-02
1,12.04,3.9499603654258,-2.14576721191406E-02
1,12.05,3.95329366531223,-2.32458114624023E-02
1,12.06,3.95662696519867,-2.20537185668945E-02
1,12.07,3.9599602650851,-2.80141830444336E-02
1,12.08,3.96329356497154,-2.50339508056641E-02
1,12.09,3.96662686485797,-2.62260437011719E-02
1,12.1,3.96996016474441,-0.025629997253418
1,12.11,3.97329346463084,-0.025629997253418
1,12.12,3.97662676451728,-2.74181365966797E-02
1,12.13,3.97996006440371,-2.44379043579102E-02
1,12.14,3.98329336429015,-2.32458114624023E-02
1,12.15,3.98662666417658,-1.96695327758789E-02
1,12.16,3.98995996406302,-2.44379043579102E-02
1,12.17,3.99329326394945,-2.38418579101563E-02
1,12.18,3.99662656383589,-2.26497650146484E-02
1,12.19,3.99995986372232,-0.019073486328125
1,12.2,4.00329316360876,-2.02655792236328E-02
1,12.21,4.0066264634952,-1.78813934326172E-02
1,12.22,4.00995976338163,-1.54972076416016E-02
1,12.23,4.01329306326807,-1.84774398803711E-02
1,12.24,4.0166263631545,-1.84774398803711E-02
1,12.25,4.01995966304094,-1.72853469848633E-02
1,12.26,4.02329296292737,-2.20537185668945E-02
1,12.27,4.02662626281381,-1.84774398803711E-02
1,12.28,4.02995956270024,-2.02655792236328E-02
1,12.29,4.03329286258668,-2.20537185668945E-02
1,12.3,4.03662616247311,-2.38418579101563E-02
1,12.31,4.03995946235955,-2.02655792236328E-02
1,12.32,4.04329276224598,-2.14576721191406E-02
1,12.33,4.04662606213242,-2.20537185668945E-02
1,12.34,4.04995936201885,-2.26497650146484E-02
1,12.35,4.05329266190529,-2.26497650146484E-02
1,12.36,4.05662596179172,-2.14576721191406E-02
1,12.37,4.05995926167816,-2.50339508056641E-02
1,12.38,4.06329256156459,-2.74181365966797E-02
1,12.39,4.06662586145103,-2.26497650146484E-02
1,12.4,4.06995916133747,-2.74181365966797E-02
1,12.41,4.0732924612239,-2.68220901489258E-02
1,12.42,4.07662576111034,-2.74181365966797E-02
1,12.43,4.07995906099677,-2.68220901489258E-02
1,12.44,4.08329236088321,-2.62260437011719E-02
1,12.45,4.08662566076964,-2.68220901489258E-02
1,12.46,4.08995896065608,-2.80141830444336E-02
1,12.47,4.09329226054251,-2.74181365966797E-02
1,12.48,4.09662556042895,-2.38418579101563E-02
1,12.49,4.09995886031538,-2.20537185668945E-02
1,12.5,4.10329216020182,-2.26497650146484E-02
1,12.51,4.10662546008825,-2.08616256713867E-02
1,12.52,4.10995875997469,-2.20537185668945E-02
1,12.53,4.11329205986112,-0.025629997253418
1,12.54,4.11662535974756,-2.74181365966797E-02
1,12.55,4.11995865963399,-2.44379043579102E-02
1,12.56,4.12329195952043,-2.62260437011719E-02
1,12.57,4.12662525940686,-2.38418579101563E-02
1,12.58,4.1299585592933,-2.86102294921875E-02
1,12.59,4.13329185917974,-2.86102294921875E-02
1,12.6,4.13662515906617,-2.80141830444336E-02
1,12.61,4.13995845895261,-3.03983688354492E-02
1,12.62,4.14329175883904,-2.92062759399414E-02
1,12.63,4.14662505872548,-3.21865081787109E-02
1,12.64,4.14995835861191,-3.33786010742188E-02
1,12.65,4.15329165849835,-3.45706939697266E-02
1,12.66,4.15662495838478,-3.27825546264648E-02
1,12.67,4.15995825827122,-3.21865081787109E-02
1,12.68,4.16329155815765,-2.92062759399414E-02
1,12.69,4.16662485804409,-2.86102294921875E-02
1,12.7,4.16995815793052,-2.62260437011719E-02
1,12.71,4.17329145781696,-2.50339508056641E-02
1,12.72,4.17662475770339,-2.02655792236328E-02
1,12.73,4.17995805758983,-1.96695327758789E-02
1,12.74,4.18329135747626,-1.37090682983398E-02
1,12.75,4.1866246573627,-1.37090682983398E-02
1,12.76,4.18995795724913,-1.31130218505859E-02
1,12.77,4.19329125713557,-1.37090682983398E-02
1,12.78,4.19662455702201,-1.31130218505859E-02
1,12.79,4.19995785690844,-1.19209289550781E-02
1,12.8,4.20329115679488,-0.012516975402832
1,12.81,4.20662445668131,-9.5367431640625E-03
1,12.82,4.20995775656775,-9.5367431640625E-03
1,12.83,4.21329105645418,-1.13248825073242E-02
1,12.84,4.21662435634062,-1.07288360595703E-02
1,12.85,4.21995765622705,-1.31130218505859E-02
1,12.86,4.22329095611349,-1.13248825073242E-02
1,12.87,4.22662425599992,-7.74860382080078E-03
1,12.88,4.22995755588636,-7.74860382080078E-03
1,12.89,4.23329085577279,-5.96046447753906E-03
1,12.9,4.23662415565923,-4.76837158203125E-03
1,12.91,4.23995745554566,-5.96046447753906E-04
1,12.92,4.2432907554321,0
1,12.93,4.24662405531853,0
1,12.94,4.24995735520497,-4.76837158203125E-03
1,12.95,4.25329065509141,-5.36441802978516E-03
1,12.96,4.25662395497784,-5.36441802978516E-03
1,12.97,4.25995725486428,-2.98023223876953E-03
1,12.98,4.26329055475071,-1.78813934326172E-03
1,12.99,4.26662385463715,-3.57627868652344E-03
1,13,4.26995715452358,-5.96046447753906E-03
1,13.01,4.27329045441002,-7.15255737304688E-03
1,13.02,4.27662375429645,-7.74860382080078E-03
1,13.03,4.27995705418289,-7.74860382080078E-03
1,13.04,4.28329035406932,-1.13248825073242E-02
1,13.05,4.28662365395576,-1.31130218505859E-02
1,13.06,4.28995695384219,-1.37090682983398E-02
1,13.07,4.29329025372863,-1.60932540893555E-02
1,13.08,4.29662355361506,-1.72853469848633E-02
1,13.09,4.2999568535015,-1.54972076416016E-02
1,13.1,4.30329015338793,-1.78813934326172E-02
1,13.11,4.30662345327437,-2.02655792236328E-02
1,13.12,4.3099567531608,-2.02655792236328E-02
1,13.13,4.31329005304724,-2.32458114624023E-02
1,13.14,4.31662335293368,-2.26497650146484E-02
1,13.15,4.31995665282011,-2.50339508056641E-02
1,13.16,4.32328995270655,-2.20537185668945E-02
1,13.17,4.32662325259298,-1.84774398803711E-02
1,13.18,4.32995655247942,-1.60932540893555E-02
1,13.19,4.33328985236585,-0.012516975402832
1,13.2,4.33662315225229,-1.01327896118164E-02
1,13.21,4.33995645213872,-7.15255737304688E-03
1,13.22,4.34328975202516,-4.17232513427734E-03
1,13.23,4.34662305191159,-1.78813934326172E-03
1,13.24,4.34995635179803,-3.57627868652344E-03
1,13.25,4.35328965168446,2.98023223876953E-03
1,13.26,4.3566229515709,4.76837158203125E-03
1,13.27,4.35995625145733,4.17232513427734E-03
1,13.28,4.36328955134377,1.19209289550781E-02
1,13.29,4.3666228512302,1.43051147460938E-02
1,13.3,4.36995615111664,1.37090682983398E-02
1,13.31,4.37328945100307,1.07288360595703E-02
1,13.32,4.37662275088951,0.012516975402832
1,13.33,4.37995605077595,1.49011611938477E-02
1,13.34,4.38328935066238,1.54972076416016E-02
1,13.35,4.38662265054882,8.94069671630859E-03
1,13.36,4.38995595043525,1.07288360595703E-02
1,13.37,4.39328925032169,8.94069671630859E-03
1,13.38,4.39662255020812,7.15255737304688E-03
1,13.39,4.39995585009456,8.34465026855469E-03
1,13.4,4.40328914998099,9.5367431640625E-03
1,13.41,4.40662244986743,7.74860382080078E-03
1,13.42,4.40995574975386,5.36441802978516E-03
1,13.43,4.4132890496403,7.15255737304688E-03
1,13.44,4.41662234952673,8.34465026855469E-03
1,13.45,4.41995564941317,4.76837158203125E-03
1,13.46,4.4232889492996,6.55651092529297E-03
1,13.47,4.42662224918604,6.55651092529297E-03
1,13.48,4.42995554907247,7.15255737304688E-03
1,13.49,4.43328884895891,4.17232513427734E-03
1,13.5,4.43662214884534,1.19209289550781E-03
1,13.51,4.43995544873178,5.36441802978516E-03
1,13.52,4.44328874861822,5.96046447753906E-03
1,13.53,4.44662204850465,0
1,13.54,4.44995534839109,1.78813934326172E-03
1,13.55,4.45328864827752,0
1,13.56,4.45662194816396,1.78813934326172E-03
1,13.57,4.45995524805039,2.98023223876953E-03
1,13.58,4.46328854793683,2.98023223876953E-03
1,13.59,4.46662184782326,3.57627868652344E-03
1,13.6,4.4699551477097,3.57627868652344E-03
1,13.61,4.47328844759613,4.76837158203125E-03
1,13.62,4.47662174748257,0
1,13.63,4.479955047369,5.96046447753906E-04
1,13.64,4.48328834725544,-5.96046447753906E-04
1,13.65,4.48662164714187,-5.96046447753906E-04
1,13.66,4.48995494702831,-2.38418579101563E-03
1,13.67,4.49328824691474,-4.17232513427734E-03
1,13.68,4.49662154680118,-1.78813934326172E-03
1,13.69,4.49995484668762,-5.96046447753906E-04
1,13.7,4.50328814657405,-5.96046447753906E-04
1,13.71,4.50662144646049,-5.36441802978516E-03
1,13.72,4.50995474634692,-5.96046447753906E-03
1,13.73,4.51328804623336,-3.57627868652344E-03
1,13.74,4.51662134611979,-5.36441802978516E-03
1,13.75,4.51995464600623,-5.96046447753906E-03
1,13.76,4.52328794589266,-4.76837158203125E-03
1,13.77,4.5266212457791,-4.17232513427734E-03
1,13.78,4.52995454566553,-4.76837158203125E-03
1,13.79,4.53328784555197,-5.96046447753906E-04
1,13.8,4.5366211454384,5.96046447753906E-04
1,13.81,4.53995444532484,0
1,13.82,4.54328774521127,0
1,13.83,4.54662104509771,-5.36441802978516E-03
1,13.84,4.54995434498414,5.96046447753906E-04
1,13.85,4.55328764487058,0
1,13.86,4.55662094475701,3.57627868652344E-03
1,13.87,4.55995424464345,5.36441802978516E-03
1,13.88,4.56328754452989,1.13248825073242E-02
1,13.89,4.56662084441632,1.07288360595703E-02
1,13.9,4.56995414430276,0.012516975402832
1,13.91,4.57328744418919,1.13248825073242E-02
1,13.92,4.57662074407563,1.49011611938477E-02
1,13.93,4.57995404396206,1.54972076416016E-02
1,13.94,4.5832873438485,1.60932540893555E-02
1,13.95,4.58662064373493,1.01327896118164E-02
1,13.96,4.58995394362137,8.34465026855469E-03
1,13.97,4.5932872435078,7.15255737304688E-03
1,13.98,4.59662054339424,6.55651092529297E-03
1,13.99,4.59995384328067,4.76837158203125E-03
1,14,4.60328714316711,5.36441802978516E-03
1,14.01,4.60662044305354,4.17232513427734E-03
1,14.02,4.60995374293998,1.78813934326172E-03
1,14.03,4.61328704282641,5.36441802978516E-03
1,14.04,4.61995364259928,2.98023223876953E-03
1,14.06,4.62662024237216,8.94069671630859E-03
1,14.07,4.62995354225859,8.94069671630859E-03
1,14.08,4.63328684214503,5.36441802978516E-03
1,14.09,4.63662014203146,5.96046447753906E-03
1,14.11,4.6399534419179,1.07288360595703E-02
1,14.12,4.64662004169077,8.94069671630859E-03
1,14.13,4.6499533415772,2.38418579101563E-03
1,14.15,4.65328664146364,5.96046447753906E-03
1,14.16,4.65995324123651,6.55651092529297E-03
1,14.17,4.66328654112294,0.012516975402832
1,14.18,4.66661984100938,0.019073486328125
1,14.19,4.66995314089581,2.14576721191406E-02
1,14.21,4.67328644078225,2.74181365966797E-02
1,14.22,4.67995304055512,3.39746475219727E-02
1,14.23,4.68328634044155,4.11272048950195E-02
1,14.24,4.68661964032799,4.23192977905273E-02
1,14.25,4.68995294021443,4.82797622680664E-02
1,14.26,4.69328624010086,5.42402267456055E-02
1,14.27,4.6966195399873,6.25848770141602E-02
1,14.28,4.69995283987373,7.03334808349609E-02
1,14.29,4.70328613976017,7.68899917602539E-02
1,14.3,4.7066194396466,8.40425491333008E-02
1,14.31,4.70995273953304,9.35792922973633E-02
1,14.32,4.71328603941947,0.100135803222656
1,14.33,4.71661933930591,0.109672546386719
1,14.34,4.71995263919234,0.120401382446289
1,14.35,4.72328593907878,0.129938125610352
1,14.36,4.72661923896521,0.138282775878906
1,14.37,4.72995253885165,0.144839286804199
1,14.38,4.73328583873808,0.153779983520508
1,14.39,4.73661913862452,0.16331672668457
1,14.4,4.73995243851095,0.172853469848633
1,14.41,4.74328573839739,0.184774398803711
1,14.42,4.74661903828383,0.191330909729004
1,14.43,4.74995233817026,0.197887420654297
1,14.44,4.7532856380567,0.206828117370605
1,14.45,4.75661893794313,0.213980674743652
1,14.46,4.75995223782957,0.224709510803223
1,14.47,4.763285537716,0.23186206817627
1,14.48,4.76661883760244,0.240802764892578
1,14.49,4.76995213748887,0.250935554504395
1,14.5,4.77328543737531,0.257492065429688
1,14.51,4.77661873726174,0.267624855041504
1,14.52,4.77995203714818,0.276565551757813
1,14.53,4.78328533703461,0.287890434265137
1,14.54,4.78661863692105,0.300407409667969
1,14.55,4.78995193680748,0.305771827697754
1,14.56,4.79328523669392,0.314116477966309
1,14.57,4.79661853658035,0.321865081787109
1,14.58,4.79995183646679,0.331401824951172
1,14.59,4.80328513635322,0.338554382324219
1,14.6,4.80661843623966,0.350475311279297
1,14.61,4.8099517361261,0.358223915100098
1,14.62,4.81328503601253,0.36776065826416
1,14.63,4.81661833589897,0.375509262084961
1,14.64,4.8199516357854,0.385046005249023
1,14.65,4.82328493567184,0.394582748413086
1,14.66,4.82661823555827,0.407695770263672
1,14.67,4.82995153544471,0.419020652770996
1,14.68,4.83328483533114,0.429153442382813
1,14.69,4.83661813521758,0.440478324890137
1,14.7,4.83995143510401,0.45478343963623
1,14.71,4.84328473499045,0.461339950561523
1,14.72,4.84661803487688,0.470876693725586
1,14.73,4.84995133476332,0.479817390441895
1,14.74,4.85328463464975,0.49293041229248
1,14.75,4.85661793453619,0.498294830322266
1,14.76,4.85995123442262,0.50663948059082
1,14.77,4.86328453430906,0.518560409545898
1,14.78,4.86661783419549,0.529289245605469
1,14.79,4.86995113408193,0.5340576171875
1,14.8,4.87328443396837,0.543594360351563
1,14.81,4.8766177338548,0.548958778381348
1,14.82,4.87995103374124,0.55849552154541
1,14.83,4.88328433362767,0.570416450500488
1,14.84,4.88661763351411,0.581741333007813
1,14.85,4.88995093340054,0.593662261962891
1,14.86,4.89328423328698,0.605583190917969
1,14.87,4.89661753317341,0.614523887634277
1,14.88,4.89995083305985,0.627636909484863
1,14.89,4.90328413294628,0.643730163574219
1,14.9,4.90661743283272,0.654458999633789
1,14.91,4.90995073271915,0.661015510559082
1,14.92,4.91328403260559,0.674128532409668
1,14.93,4.91661733249202,0.682473182678223
1,14.94,4.91995063237846,0.692009925842285
1,14.95,4.92328393226489,0.702738761901855
1,14.96,4.92661723215133,0.714659690856934
1,14.97,4.92995053203776,0.723600387573242
1,14.98,4.9332838319242,0.733137130737305
1,14.99,4.93661713181064,0.742673873901367
1,15,4.93995043169707,0.755786895751953
1,15.01,4.94328373158351,0.768303871154785
1,15.02,4.94661703146994,0.775456428527832
1,15.03,4.94995033135638,0.784993171691895
1,15.04,4.95328363124281,0.795125961303711
1,15.05,4.95661693112925,0.804662704467773
1,15.06,4.95995023101568,0.813603401184082
1,15.07,4.96328353090212,0.822544097900391
1,15.08,4.96661683078855,0.836849212646484
1,15.09,4.96995013067499,0.844597816467285
1,15.1,4.97328343056142,0.853538513183594
1,15.11,4.97661673044786,0.861883163452148
1,15.12,4.97995003033429,0.872611999511719
1,15.13,4.98328333022073,0.88036060333252
1,15.14,4.98661663010716,0.892281532287598
1,15.15,4.9899499299936,0.900626182556152
1,15.16,4.99328322988004,0.911951065063477
1,15.17,4.99661652976647,0.921487808227539
1,15.18,4.99994982965291,0.932216644287109
1,15.19,5.00328312953934,0.945329666137695
1,15.2,5.00661642942578,0.956058502197266
1,15.21,5.00994972931221,0.963211059570313
1,15.22,5.01328302919865,0.974535942077637
1,15.23,5.01661632908508,0.982880592346191
1,15.24,5.01994962897152,0.997185707092285
1,15.25,5.02328292885795,1.00314617156982
1,15.26,5.02661622874439,1.01447105407715
1,15.27,5.02994952863082,1.02221965789795
1,15.28,5.03328282851726,1.0305643081665
1,15.29,5.03661612840369,1.03890895843506
1,15.3,5.03994942829013,1.05142593383789
1,15.31,5.04328272817656,1.05977058410645
1,15.32,5.046616028063,1.07109546661377
1,15.33,5.04994932794943,1.08003616333008
1,15.34,5.05328262783587,1.08897686004639
1,15.35,5.05661592772231,1.0991096496582
1,15.36,5.05994922760874,1.10983848571777
1,15.37,5.06328252749518,1.12056732177734
1,15.38,5.06661582738161,1.13129615783691
1,15.39,5.06994912726805,1.14262104034424
1,15.4,5.07328242715448,1.15036964416504
1,15.41,5.07661572704092,1.16109848022461
1,15.42,5.07994902692735,1.17063522338867
1,15.43,5.08328232681379,1.18494033813477
1,15.44,5.08661562670022,1.19626522064209
1,15.45,5.08994892658666,1.20162963867188
1,15.46,5.09328222647309,1.21116638183594
1,15.47,5.09661552635953,1.21772289276123
1,15.48,5.09994882624596,1.22904777526855
1,15.49,5.1032821261324,1.23143196105957
1,15.5,5.10661542601883,1.23679637908936
1,15.51,5.10994872590527,1.24812126159668
1,15.52,5.1132820257917,1.25527381896973
1,15.53,5.11661532567814,1.26361846923828
1,15.54,5.11994862556458,1.27553939819336
1,15.55,5.12328192545101,1.28448009490967
1,15.56,5.12661522533745,1.29461288452148
1,15.57,5.12994852522388,1.30355358123779
1,15.58,5.13328182511032,1.31130218505859
1,15.59,5.13661512499675,1.32262706756592
1,15.6,5.13994842488319,1.33275985717773
1,15.61,5.14328172476962,1.34408473968506
1,15.62,5.14661502465606,1.3577938079834
1,15.63,5.14994832454249,1.36852264404297
1,15.64,5.15328162442893,1.37984752655029
1,15.65,5.15661492431536,1.39057636260986
1,15.66,5.1599482242018,1.40190124511719
1,15.67,5.16328152408823,1.41739845275879
1,15.68,5.16661482397467,1.42991542816162
1,15.69,5.1699481238611,1.44124031066895
1,15.7,5.17328142374754,1.45196914672852
1,15.71,5.17661472363397,1.46627426147461
1,15.72,5.17994802352041,1.47759914398193
1,15.73,5.18328132340685,1.48952007293701
1,15.74,5.18661462329328,1.50501728057861
1,15.75,5.18994792317972,1.51515007019043
1,15.76,5.19328122306615,1.52647495269775
1,15.77,5.19661452295259,1.53958797454834
1,15.78,5.19994782283902,1.54972076416016
1,15.79,5.20328112272546,1.56641006469727
1,15.8,5.20661442261189,1.5789270401001
1,15.81,5.20994772249833,1.59025192260742
1,15.82,5.21328102238476,1.60157680511475
1,15.83,5.2166143222712,1.61230564117432
1,15.84,5.21994762215763,1.61945819854736
1,15.85,5.22328092204407,1.62899494171143
1,15.86,5.2266142219305,1.63912773132324
1,15.87,5.22994752181694,1.64568424224854
1,15.88,5.23328082170337,1.65402889251709
1,15.89,5.23661412158981,1.66237354278564
1,15.9,5.23994742147625,1.66594982147217
1,15.91,5.24328072136268,1.68025493621826
1,15.92,5.24661402124912,1.68204307556152
1,15.93,5.24994732113555,1.69038772583008
1,15.94,5.25328062102199,1.69813632965088
1,15.95,5.25661392090842,1.70886516571045
1,15.96,5.25994722079486,1.71542167663574
1,15.97,5.26328052068129,1.72793865203857
1,15.98,5.26661382056773,1.73807144165039
1,15.99,5.26994712045416,1.74403190612793
1,16,5.2732804203406,1.75416469573975
1,16.01,5.27661372022703,1.76608562469482
1,16.02,5.27994702011347,1.77681446075439
1,16.03,5.2832803199999,1.79111957550049
1,16.04,5.28661361988634,1.80423259735107
1,16.05,5.28994691977277,1.81376934051514
1,16.06,5.29328021965921,1.82628631591797
1,16.07,5.29661351954564,1.83939933776855
1,16.08,5.29994681943208,1.84893608093262
1,16.09,5.30328011931852,1.86264514923096
1,16.1,5.30661341920495,1.8763542175293
1,16.11,5.30994671909139,1.88767910003662
1,16.12,5.31328001897782,1.89721584320068
1,16.13,5.31661331886426,1.91032886505127
1,16.14,5.31994661875069,1.92224979400635
1,16.15,5.32327991863713,1.93238258361816
1,16.16,5.32661321852356,1.94311141967773
1,16.17,5.32994651841,1.94907188415527
1,16.18,5.33327981829643,1.95980072021484
1,16.19,5.33661311818287,1.96576118469238
1,16.2,5.3399464180693,1.9758939743042
1,16.21,5.34327971795574,1.98602676391602
1,16.22,5.34661301784217,1.99437141418457
1,16.23,5.34994631772861,2.00510025024414
1,16.24,5.35327961761504,2.0146369934082
1,16.25,5.35661291750148,2.02059745788574
1,16.26,5.35994621738791,2.03132629394531
1,16.27,5.36327951727435,2.04622745513916
1,16.28,5.36661281716079,2.05397605895996
1,16.29,5.36994611704722,2.05814838409424
1,16.3,5.37327941693366,2.07126140594482
1,16.31,5.37661271682009,2.07901000976563
1,16.32,5.37994601670653,2.09033489227295
1,16.33,5.38327931659296,2.10046768188477
1,16.34,5.3866126164794,2.1129846572876
1,16.35,5.38994591636583,2.12311744689941
1,16.36,5.39327921625227,2.13027000427246
1,16.37,5.3966125161387,2.14517116546631
1,16.38,5.39994581602514,2.14874744415283
1,16.39,5.40327911591157,2.16007232666016
1,16.4,5.40661241579801,2.16484069824219
1,16.41,5.40994571568444,2.17556953430176
1,16.42,5.41327901557088,2.18510627746582
1,16.43,5.41661231545731,2.19106674194336
1,16.44,5.41994561534375,2.20417976379395
1,16.45,5.42327891523018,2.21312046051025
1,16.46,5.42661221511662,2.22265720367432
1,16.47,5.42994551500306,2.23278999328613
1,16.48,5.43327881488949,2.24053859710693
1,16.49,5.43661211477593,2.24888324737549
1,16.5,5.43994541466236,2.25961208343506
1,16.51,5.4432787145488,2.27153301239014
1,16.52,5.44661201443523,2.28047370910645
1,16.53,5.44994531432167,2.29179859161377
1,16.54,5.4532786142081,2.29954719543457
1,16.55,5.45661191409454,2.30789184570313
1,16.56,5.45994521398097,2.31683254241943
1,16.57,5.46327851386741,2.32875347137451
1,16.58,5.46661181375384,2.33769416809082
1,16.59,5.46994511364028,2.35140323638916
1,16.6,5.47327841352671,2.36093997955322
1,16.61,5.47661171341315,2.37464904785156
1,16.62,5.47994501329958,2.38656997680664
1,16.63,5.48327831318602,2.39729881286621
1,16.64,5.48661161307246,2.40802764892578
1,16.65,5.48994491295889,2.41577625274658
1,16.66,5.49327821284533,2.42888927459717
1,16.67,5.49661151273176,2.43723392486572
1,16.68,5.4999448126182,2.44796276092529
1,16.69,5.50327811250463,2.45988368988037
1,16.7,5.50661141239107,2.46524810791016
1,16.71,5.5099447122775,2.47716903686523
1,16.72,5.51327801216394,2.48610973358154
1,16.73,5.51661131205037,2.49624252319336
1,16.74,5.51994461193681,2.5099515914917
1,16.75,5.52327791182324,2.52127647399902
1,16.76,5.52661121170968,2.53200531005859
1,16.77,5.52994451159611,2.54392623901367
1,16.78,5.53327781148255,2.55763530731201
1,16.79,5.53661111136898,2.57253646850586
1,16.8,5.53994441125542,2.5862455368042
1,16.81,5.54327771114185,2.59995460510254
1,16.82,5.54661101102829,2.60889530181885
1,16.83,5.54994431091473,2.61962413787842
1,16.84,5.55327761080116,2.63690948486328
1,16.85,5.5566109106876,2.64763832092285
1,16.86,5.55994421057403,2.65717506408691
1,16.87,5.56327751046047,2.66969203948975
1,16.88,5.5666108103469,2.68340110778809
1,16.89,5.56994411023334,2.69472599029541
1,16.9,5.57327741011977,2.70485877990723
1,16.91,5.57661071000621,2.71856784820557
1,16.92,5.57994400989264,2.72870063781738
1,16.93,5.58327730977908,2.73942947387695
1,16.94,5.58661060966551,2.74896621704102
1,16.95,5.58994390955195,2.75909900665283
1,16.96,5.59327720943838,2.76684761047363
1,16.97,5.59661050932482,2.7775764465332
1,16.98,5.59994380921125,2.78770923614502
1,16.99,5.60327710909769,2.7996301651001
1,17,5.60661040898412,2.80976295471191
1,17.01,5.60994370887056,2.82108783721924
1,17.02,5.613277008757,2.82824039459229
1,17.03,5.61661030864343,2.84194946289063
1,17.04,5.61994360852987,2.85148620605469
1,17.05,5.6232769084163,2.86281108856201
1,17.06,5.62661020830274,2.87294387817383
1,17.07,5.62994350818917,2.88188457489014
1,17.08,5.63327680807561,2.8914213180542
1,17.09,5.63661010796204,2.90155410766602
1,17.1,5.63994340784848,2.91407108306885
1,17.11,5.64327670773491,2.9224157333374
1,17.12,5.64661000762135,2.93135643005371
1,17.13,5.64994330750778,2.94268131256104
1,17.14,5.65327660739422,2.95162200927734
1,17.15,5.65660990728065,2.96652317047119
1,17.16,5.65994320716709,2.97784805297852
1,17.17,5.66327650705352,2.99215316772461
1,17.18,5.66660980693996,3.0052661895752
1,17.19,5.66994310682639,3.01778316497803
1,17.2,5.67327640671283,3.02672386169434
1,17.21,5.67660970659927,3.04102897644043
1,17.22,5.6799430064857,3.05354595184326
1,17.23,5.68327630637214,3.0672550201416
1,17.24,5.68660960625857,3.07798385620117
1,17.25,5.68994290614501,3.09109687805176
1,17.26,5.69327620603144,3.10122966766357
1,17.27,5.69660950591788,3.11613082885742
1,17.28,5.69994280580431,3.12924385070801
1,17.29,5.70327610569075,3.13758850097656
1,17.3,5.70660940557718,3.15189361572266
1,17.31,5.70994270546362,3.16202640533447
1,17.32,5.71327600535005,3.17096710205078
1,17.33,5.71660930523649,3.18229198455811
1,17.34,5.71994260512292,3.18944454193115
1,17.35,5.72327590500936,3.204345703125
1,17.36,5.72660920489579,3.21507453918457
1,17.37,5.72994250478223,3.22461128234863
1,17.38,5.73327580466867,3.23474407196045
1,17.39,5.7366091045551,3.24487686157227
1,17.4,5.73994240444154,3.25918197631836
1,17.41,5.74660900421441,3.26991081237793
1,17.42,5.74994230410084,3.27765941619873
1,17.44,5.75327560398728,3.29732894897461
1,17.45,5.75994220376015,3.30507755279541
1,17.46,5.76327550364658,3.31699848175049
1,17.47,5.76660880353302,3.32891941070557
1,17.48,5.76994210341945,3.34262847900391
1,17.5,5.77327540330589,3.36170196533203
1,17.51,5.77994200307876,3.37421894073486
1,17.52,5.78327530296519,3.38912010192871
1,17.53,5.78660860285163,3.39627265930176
1,17.54,5.78994190273806,3.40938568115234
1,17.55,5.7932752026245,3.42190265655518
1,17.56,5.79660850251094,3.4332275390625
1,17.57,5.79994180239737,3.44336032867432
1,17.58,5.80327510228381,3.45826148986816
1,17.59,5.80660840217024,3.46660614013672
1,17.6,5.80994170205668,3.47673892974854
1,17.61,5.81327500194311,3.48508358001709
1,17.62,5.81660830182955,3.49462032318115
1,17.63,5.81994160171598,3.50534915924072
1,17.64,5.82327490160242,3.51607799530029
1,17.65,5.82660820148885,3.52382659912109
1,17.66,5.82994150137529,3.53395938873291
1,17.67,5.83327480126172,3.54170799255371
1,17.68,5.83660810114816,3.55362892150879
1,17.69,5.83994140103459,3.56137752532959
1,17.7,5.84327470092103,3.5703182220459
1,17.71,5.84660800080746,3.57985496520996
1,17.72,5.8499413006939,3.58998775482178
1,17.73,5.85327460058033,3.60310077667236
1,17.74,5.85660790046677,3.60846519470215
1,17.75,5.85994120035321,3.61740589141846
1,17.76,5.86327450023964,3.62873077392578
1,17.77,5.86660780012608,3.63707542419434
1,17.78,5.86994110001251,3.64720821380615
1,17.79,5.87327439989895,3.65495681762695
1,17.8,5.87660769978538,3.66806983947754
1,17.81,5.87994099967182,3.67879867553711
1,17.82,5.88327429955825,3.69012355804443
1,17.83,5.88660759944469,3.6996603012085
1,17.84,5.88994089933112,3.71158123016357
1,17.85,5.89327419921756,3.72052192687988
1,17.86,5.89660749910399,3.72946262359619
1,17.87,5.89994079899043,3.74257564544678
1,17.88,5.90327409887686,3.74794006347656
1,17.89,5.9066073987633,3.75986099243164
1,17.9,5.90994069864973,3.76999378204346
1,17.91,5.91327399853617,3.78012657165527
1,17.92,5.9166072984226,3.79085540771484
1,17.93,5.91994059830904,3.80098819732666
1,17.94,5.92327389819548,3.81529331207275
1,17.95,5.92660719808191,3.82483005523682
1,17.96,5.92994049796835,3.83257865905762
1,17.97,5.93327379785478,3.84271144866943
1,17.98,5.93660709774122,3.85642051696777
1,17.99,5.93994039762765,3.86953353881836
1,18,5.94327369751409,3.88264656066895
1,18.01,5.94660699740052,3.89337539672852
1,18.02,5.94994029728696,3.90112400054932
1,18.03,5.95327359717339,3.91304492950439
1,18.04,5.95660689705983,3.92496585845947
1,18.05,5.95994019694626,3.93390655517578
1,18.06,5.9632734968327,3.95059585571289
1,18.07,5.96660679671913,3.96370887756348
1,18.08,5.96994009660557,3.97384166717529
1,18.09,5.973273396492,3.97920608520508
1,18.1,5.97660669637844,3.99172306060791
1,18.11,5.97993999626487,4.006028175354
1,18.12,5.98327329615131,4.01556491851807
1,18.13,5.98660659603775,4.02987003326416
1,18.14,5.98993989592418,4.03881072998047
1,18.15,5.99327319581062,4.04834747314453
1,18.16,5.99660649569705,4.06146049499512
1,18.17,5.99993979558349,4.07397747039795
1,18.18,6.00327309546992,4.07874584197998
1,18.19,6.00660639535636,4.09424304962158
1,18.2,6.00993969524279,4.10318374633789
1,18.21,6.01327299512923,4.11331653594971
1,18.22,6.01660629501566,4.12464141845703
1,18.23,6.0199395949021,4.13835048675537
1,18.24,6.02327289478853,4.14550304412842
1,18.25,6.02660619467497,4.15682792663574
1,18.26,6.0299394945614,4.16576862335205
1,18.27,6.03327279444784,4.17053699493408
1,18.28,6.03660609433427,4.18305397033691
1,18.29,6.03993939422071,4.19080257415771
1,18.3,6.04327269410715,4.20510768890381
1,18.31,6.04660599399358,4.21464443206787
1,18.32,6.04993929388002,4.22358512878418
1,18.33,6.05327259376645,4.23669815063477
1,18.34,6.05660589365289,4.24623489379883
1,18.35,6.05993919353932,4.25517559051514
1,18.36,6.06327249342576,4.26948070526123
1,18.37,6.06660579331219,4.27961349487305
1,18.38,6.06993909319863,4.29630279541016
1,18.39,6.07327239308506,4.30405139923096
1,18.4,6.0766056929715,4.3177604675293
1,18.41,6.07993899285793,4.33027744293213
1,18.42,6.08327229274437,4.34279441833496
1,18.43,6.0866055926308,4.35590744018555
1,18.44,6.08993889251724,4.37080860137939
1,18.45,6.09327219240367,4.38511371612549
1,18.46,6.09660549229011,4.39584255218506
1,18.47,6.09993879217654,4.41014766693115
1,18.48,6.10327209206298,4.42206859588623
1,18.49,6.10660539194942,4.43637371063232
1,18.5,6.10993869183585,4.44650650024414
1,18.51,6.11327199172229,4.45365905761719
1,18.52,6.11660529160872,4.46975231170654
1,18.53,6.11993859149516,4.47988510131836
1,18.54,6.12327189138159,4.49120998382568
1,18.55,6.12660519126803,4.50015068054199
1,18.56,6.12993849115446,4.50968742370605
1,18.57,6.1332717910409,4.52220439910889
1,18.58,6.13660509092733,4.52995300292969
1,18.59,6.13993839081377,4.54306602478027
1,18.6,6.1432716907002,4.55081462860107
1,18.61,6.14660499058664,4.56273555755615
1,18.62,6.14993829047307,4.57763671875
1,18.63,6.15327159035951,4.59074974060059
1,18.64,6.15660489024594,4.60445880889893
1,18.65,6.15993819013238,4.61757183074951
1,18.66,6.16327149001881,4.63008880615234
1,18.67,6.16660478990525,4.64081764221191
1,18.68,6.16993808979169,4.65154647827148
1,18.69,6.17327138967812,4.66227531433105
1,18.7,6.17660468956456,4.6694278717041
1,18.71,6.17993798945099,4.6771764755249
1,18.72,6.18327128933743,4.68909740447998
1,18.73,6.18660458922386,4.7004222869873
1,18.74,6.1899378891103,4.71115112304688
1,18.75,6.19327118899673,4.71889972686768
1,18.76,6.19660448888317,4.72784042358398
1,18.77,6.1999377887696,4.73618507385254
1,18.78,6.20327108865604,4.75108623504639
1,18.79,6.20660438854247,4.75943088531494
1,18.8,6.20993768842891,4.76956367492676
1,18.81,6.21327098831534,4.78208065032959
1,18.82,6.21660428820178,4.79221343994141
1,18.83,6.21993758808821,4.80115413665771
1,18.84,6.22327088797465,4.81009483337402
1,18.85,6.22660418786108,4.82141971588135
1,18.86,6.22993748774752,4.83393669128418
1,18.87,6.23327078763396,4.83930110931396
1,18.88,6.23660408752039,4.84943389892578
1,18.89,6.23993738740683,4.86314296722412
1,18.9,6.24327068729326,4.86910343170166
1,18.91,6.2466039871797,4.88162040710449
1,18.92,6.24993728706613,4.89175319671631
1,18.93,6.25327058695257,4.90128993988037
1,18.94,6.256603886839,4.91023063659668
1,18.95,6.25993718672544,4.92572784423828
1,18.96,6.26327048661187,4.94062900543213
1,18.97,6.26660378649831,4.9513578414917
1,18.98,6.26993708638474,4.96327877044678
1,18.99,6.27327038627118,4.96864318847656
1,19,6.27660368615761,4.97758388519287
1,19.01,6.27993698604405,4.9889087677002
1,19.02,6.28327028593048,4.99486923217773
1,19.03,6.28660358581692,5.00738620758057
1,19.04,6.28993688570336,5.01334667205811
1,19.05,6.29327018558979,5.02645969390869
1,19.06,6.29660348547623,5.03599643707275
1,19.07,6.29993678536266,5.04791736602783
1,19.08,6.3032700852491,5.05328178405762
1,19.09,6.30660338513553,5.06877899169922
1,19.1,6.30993668502197,5.07950782775879
1,19.11,6.3132699849084,5.08725643157959
1,19.12,6.31660328479484,5.09500503540039
1,19.13,6.31993658468127,5.10752201080322
1,19.14,6.32326988456771,5.1194429397583
1,19.15,6.32660318445414,5.13315200805664
1,19.16,6.32993648434058,5.14388084411621
1,19.17,6.33326978422701,5.15401363372803
1,19.18,6.33660308411345,5.16295433044434
1,19.19,6.33993638399989,5.17547130584717
1,19.2,6.34326968388632,5.18620014190674
1,19.21,6.34660298377275,5.19454479217529
1,19.22,6.34993628365919,5.2034854888916
1,19.23,6.35326958354563,5.21361827850342
1,19.24,6.35660288343206,5.22136688232422
1,19.25,6.3599361833185,5.23209571838379
1,19.26,6.36326948320493,5.24222850799561
1,19.27,6.36660278309137,5.25355339050293
1,19.28,6.3699360829778,5.26785850524902
1,19.29,6.37326938286424,5.27620315551758
1,19.3,6.37660268275067,5.28812408447266
1,19.31,6.37993598263711,5.29706478118896
1,19.32,6.38326928252354,5.30719757080078
1,19.33,6.38660258240998,5.31792640686035
1,19.34,6.38993588229641,5.32865524291992
1,19.35,6.39326918218285,5.33938407897949
1,19.36,6.39660248206928,5.35130500793457
1,19.37,6.39993578195572,5.36322593688965
1,19.38,6.40326908184215,5.37574291229248
1,19.39,6.40660238172859,5.38647174835205
1,19.4,6.40993568161502,5.39600849151611
1,19.41,6.41326898150146,5.40494918823242
1,19.42,6.4166022813879,5.41508197784424
1,19.43,6.41993558127433,5.42104244232178
1,19.44,6.42326888116077,5.43713569641113
1,19.45,6.4266021810472,5.4478645324707
1,19.46,6.42993548093364,5.45978546142578
1,19.47,6.43326878082007,5.46693801879883
1,19.48,6.43660208070651,5.48005104064941
1,19.49,6.43993538059294,5.48601150512695
1,19.5,6.44326868047938,5.49852848052979
1,19.51,6.44660198036581,5.51164150238037
1,19.52,6.44993528025225,5.51700592041016
1,19.53,6.45326858013868,5.52773475646973
1,19.54,6.45660188002512,5.53667545318604
1,19.55,6.45993517991155,5.54800033569336
1,19.56,6.46326847979799,5.55694103240967
1,19.57,6.46660177968442,5.57303428649902
1,19.58,6.46993507957086,5.57959079742432
1,19.59,6.47326837945729,5.59568405151367
1,19.6,6.47660167934373,5.60581684112549
1,19.61,6.47993497923017,5.61952590942383
1,19.62,6.4832682791166,5.63144683837891
1,19.63,6.48660157900304,5.64336776733398
1,19.64,6.48993487888947,5.65767288208008
1,19.65,6.49326817877591,5.66840171813965
1,19.66,6.49660147866234,5.68211078643799
1,19.67,6.49993477854878,5.69522380828857
1,19.68,6.50326807843521,5.70237636566162
1,19.69,6.50660137832165,5.70952892303467
1,19.7,6.50993467820808,5.72383403778076
1,19.71,6.51326797809452,5.73098659515381
1,19.72,6.51660127798095,5.74707984924316
1,19.73,6.51993457786739,5.75721263885498
1,19.74,6.52326787775382,5.76674938201904
1,19.75,6.52660117764026,5.7750940322876
1,19.76,6.52993447752669,5.7905912399292
1,19.77,6.53326777741313,5.80132007598877
1,19.78,6.53660107729957,5.81324100494385
1,19.79,6.539934377186,5.83171844482422
1,19.8,6.54326767707244,5.84781169891357
1,19.81,6.54660097695887,5.85973262786865
1,19.82,6.54993427684531,5.87105751037598
1,19.83,6.55326757673174,5.88536262512207
1,19.84,6.55660087661818,5.90145587921143
1,19.85,6.55993417650461,5.91814517974854
1,19.86,6.56326747639105,5.93185424804688
1,19.87,6.56660077627748,5.94735145568848
1,19.88,6.56993407616392,5.96284866333008
1,19.89,6.57326737605035,5.97357749938965
1,19.9,6.57660067593679,5.98430633544922
1,19.91,6.57993397582322,5.99563121795654
1,19.92,6.58326727570966,6.00516796112061
1,19.93,6.5866005755961,6.01351261138916
1,19.94,6.58993387548253,6.02126121520996
1,19.95,6.59326717536896,6.03377819061279
1,19.96,6.5966004752554,6.04569911956787
1,19.97,6.59993377514184,6.05463981628418
1,19.98,6.60326707502827,6.064772605896
1,19.99,6.60660037491471,6.07430934906006
1,20,6.60993367480114,6.0802698135376
1,20.01,6.61326697468758,6.08980655670166
1,20.02,6.61660027457401,6.10113143920898
1,20.03,6.61993357446045,6.11186027526855
1,20.04,6.62326687434688,6.12616539001465
1,20.05,6.62660017423332,6.12974166870117
1,20.06,6.62993347411975,6.13987445831299
1,20.07,6.63326677400619,6.14762306213379
1,20.08,6.63660007389262,6.16073608398438
1,20.09,6.63993337377906,6.17444515228271
1,20.1,6.64326667366549,6.18100166320801
1,20.11,6.64659997355193,6.19292259216309
1,20.12,6.64993327343836,6.19888305664063
1,20.13,6.6532665733248,6.21438026428223
1,20.14,6.65659987321123,6.22391700744629
1,20.15,6.65993317309767,6.23226165771484
1,20.16,6.66326647298411,6.23881816864014
1,20.17,6.66659977287054,6.25014305114746
1,20.18,6.66993307275698,6.26206398010254
1,20.19,6.67326637264341,6.2716007232666
1,20.2,6.67659967252985,6.28471374511719
1,20.21,6.67993297241628,6.29603862762451
1,20.22,6.68326627230272,6.30199909210205
1,20.23,6.68659957218915,6.31093978881836
1,20.24,6.68993287207559,6.32226467132568
1,20.25,6.69326617196202,6.33180141448975
1,20.26,6.69659947184846,6.34372234344482
1,20.27,6.69993277173489,6.3556432723999
1,20.28,6.70326607162133,6.36398792266846
1,20.29,6.70659937150776,6.37233257293701
1,20.3,6.7099326713942,6.38246536254883
1,20.31,6.71326597128063,6.38961791992188
1,20.32,6.71659927116707,6.40392303466797
1,20.33,6.7199325710535,6.41703605651855
1,20.34,6.72326587093994,6.42716884613037
1,20.35,6.72659917082638,6.44147396087646
1,20.36,6.72993247071281,6.4539909362793
1,20.37,6.73326577059925,6.46591186523438
1,20.38,6.73659907048568,6.4772367477417
1,20.39,6.73993237037212,6.48796558380127
1,20.4,6.74326567025855,6.49929046630859
1,20.41,6.74659897014499,6.5082311630249
1,20.42,6.74993227003142,6.52074813842773
1,20.43,6.75326556991786,6.53266906738281
1,20.44,6.75659886980429,6.54339790344238
1,20.45,6.75993216969073,6.55472278594971
1,20.46,6.76326546957716,6.56485557556152
1,20.47,6.7665987694636,6.57141208648682
1,20.48,6.76993206935003,6.58512115478516
1,20.49,6.77326536923647,6.59346580505371
1,20.5,6.7765986691229,6.60181045532227
1,20.51,6.77993196900934,6.61194324493408
1,20.52,6.78326526889578,6.62505626678467
1,20.53,6.78659856878221,6.63399696350098
1,20.54,6.78993186866865,6.64412975311279
1,20.55,6.79326516855508,6.65187835693359
1,20.56,6.79659846844152,6.66379928588867
1,20.57,6.79993176832795,6.67095184326172
1,20.58,6.80326506821439,6.67929649353027
1,20.59,6.80659836810082,6.68704509735107
1,20.6,6.80993166798726,6.69658184051514
1,20.61,6.81326496787369,6.69896602630615
1,20.62,6.81659826776013,6.70373439788818
1,20.63,6.81993156764656,6.70492649078369
1,20.64,6.823264867533,6.71148300170898
1,20.65,6.82659816741943,6.71744346618652
1,20.66,6.82993146730587,6.71803951263428
1,20.67,6.83326476719231,6.72638416290283
1,20.68,6.83659806707874,6.73472881317139
1,20.69,6.83993136696517,6.74784183502197
1,20.7,6.84326466685161,6.75737857818604
1,20.71,6.84659796673805,6.77049160003662
1,20.72,6.84993126662448,6.78002834320068
1,20.73,6.85326456651092,6.79314136505127
1,20.74,6.85659786639735,6.80625438690186
1,20.75,6.85993116628379,6.81817531585693
1,20.76,6.86659776605666,6.83069229125977
1,20.77,6.86993106594309,6.84261322021484
1,20.79,6.87326436582953,6.86526298522949
1,20.8,6.87659766571596,6.87777996063232
1,20.81,6.8799309656024,6.88910484313965
1,20.82,6.88326426548883,6.90162181854248
1,20.83,6.8899308652617,6.91354274749756
1,20.85,6.89326416514814,6.93798065185547
1,20.86,6.89993076492101,6.94751739501953
1,20.88,6.90326406480744,6.9659948348999
1,20.89,6.90659736469388,6.97612762451172
1,20.9,6.90993066458032,6.98268413543701
1,20.91,6.91659726435319,6.99520111083984
1,20.92,6.91993056423962,7.00712203979492
1,20.93,6.92326386412606,7.01606273651123
1,20.94,6.92659716401249,7.02857971191406
1,20.95,6.92993046389893,7.03930854797363
1,20.96,6.93326376378536,7.0500373840332
1,20.97,6.9365970636718,7.06374645233154
1,20.98,6.93993036355823,7.07149505615234
1,20.99,6.94326366344467,7.08699226379395
1,21,6.9465969633311,7.09891319274902
1,21.01,6.94993026321754,7.11321830749512
1,21.02,6.95326356310397,7.12692737579346
1,21.03,6.95659686299041,7.13884830474854
1,21.04,6.95993016287684,7.15494155883789
1,21.05,6.96326346276328,7.16745853424072
1,21.06,6.96659676264971,7.18057155609131
1,21.07,6.96993006253615,7.1948766708374
1,21.08,6.97326336242259,7.20322132110596
1,21.09,6.97659666230902,7.21573829650879
1,21.1,6.97992996219546,7.22527503967285
1,21.11,6.98326326208189,7.23838806152344
1,21.12,6.98659656196833,7.24732875823975
1,21.13,6.98992986185476,7.25865364074707
1,21.14,6.9932631617412,7.26819038391113
1,21.15,6.99659646162763,7.2789192199707
1,21.16,6.99992976151407,7.28905200958252
1,21.17,7.0032630614005,7.30037689208984
1,21.18,7.00659636128694,7.31348991394043
1,21.19,7.00992966117337,7.32362270355225
1,21.2,7.01326296105981,7.33315944671631
1,21.21,7.01659626094624,7.34031200408936
1,21.22,7.01992956083268,7.35163688659668
1,21.23,7.02326286071911,7.36355781555176
1,21.24,7.02659616060555,7.3695182800293
1,21.25,7.02992946049199,7.38143920898438
1,21.26,7.03326276037842,7.39216804504395
1,21.27,7.03659606026486,7.40468502044678
1,21.28,7.03992936015129,7.41839408874512
1,21.29,7.04326266003773,7.4303150177002
1,21.3,7.04659595992416,7.44640827178955
1,21.31,7.0499292598106,7.45892524719238
1,21.32,7.05326255969703,7.46846199035645
1,21.33,7.05659585958347,7.48097896575928
1,21.34,7.0599291594699,7.48872756958008
1,21.35,7.06326245935634,7.50124454498291
1,21.36,7.06659575924277,7.51137733459473
1,21.37,7.06992905912921,7.51972198486328
1,21.38,7.07326235901564,7.52627849578857
1,21.39,7.07659565890208,7.54117965698242
1,21.4,7.07992895878852,7.55250453948975
1,21.41,7.08326225867495,7.56561756134033
1,21.42,7.08659555856138,7.57515430450439
1,21.43,7.08992885844782,7.58826732635498
1,21.44,7.09326215833426,7.59541988372803
1,21.45,7.09659545822069,7.60674476623535
1,21.46,7.09992875810713,7.61806964874268
1,21.47,7.10326205799356,7.62939453125
1,21.48,7.10659535788,7.63893127441406
1,21.49,7.10992865776643,7.65025615692139
1,21.5,7.11326195765287,7.65979290008545
1,21.51,7.1165952575393,7.67052173614502
1,21.52,7.11992855742574,7.68303871154785
1,21.53,7.12326185731217,7.69197940826416
1,21.54,7.12659515719861,7.69853591918945
1,21.55,7.12992845708504,7.7056884765625
1,21.56,7.13326175697148,7.71641731262207
1,21.57,7.13659505685791,7.72655010223389
1,21.58,7.13992835674435,7.73787498474121
1,21.59,7.14326165663078,7.74681568145752
1,21.6,7.14659495651722,7.75516033172607
1,21.61,7.14992825640365,7.76529312133789
1,21.62,7.15326155629009,7.77542591094971
1,21.63,7.15659485617653,7.78794288635254
1,21.64,7.15992815606296,7.79807567596436
1,21.65,7.1632614559494,7.80761241912842
1,21.66,7.16659475583583,7.8195333480835
1,21.67,7.16992805572227,7.8350305557251
1,21.68,7.1732613556087,7.84575939178467
1,21.69,7.17659465549514,7.85470008850098
1,21.7,7.17992795538157,7.87198543548584
1,21.71,7.18326125526801,7.88211822509766
1,21.72,7.18659455515444,7.89225101470947
1,21.73,7.18992785504088,7.90715217590332
1,21.74,7.19326115492731,7.91728496551514
1,21.75,7.19659445481375,7.92741775512695
1,21.76,7.19992775470018,7.93635845184326
1,21.77,7.20326105458662,7.94827938079834
1,21.78,7.20659435447305,7.95900821685791
1,21.79,7.20992765435949,7.9721212387085
1,21.8,7.21326095424593,7.98404216766357
1,21.81,7.21659425413236,7.99596309661865
1,21.82,7.2199275540188,8.0108642578125
1,21.83,7.22326085390523,8.02278518676758
1,21.84,7.22659415379167,8.0341100692749
1,21.85,7.2299274536781,8.04603099822998
1,21.86,7.23326075356454,8.05795192718506
1,21.87,7.23659405345097,8.06927680969238
1,21.88,7.23992735333741,8.08119773864746
1,21.89,7.24326065322384,8.09609889984131
1,21.9,7.24659395311028,8.10623168945313
1,21.91,7.24992725299671,8.11874866485596
1,21.92,7.25326055288315,8.13007354736328
1,21.93,7.25659385276958,8.14080238342285
1,21.94,7.25992715265602,8.15212726593018
1,21.95,7.26326045254245,8.15808773040771
1,21.96,7.26659375242889,8.16941261291504
1,21.97,7.26992705231532,8.17835330963135
1,21.98,7.27326035220176,8.18908214569092
1,21.99,7.2765936520882,8.19802284240723
1,22,7.27992695197463,8.20934772491455
1,22.01,7.28326025186107,8.21828842163086
1,22.02,7.2865935517475,8.22842121124268
1,22.03,7.28992685163394,8.23497772216797
1,22.04,7.29326015152037,8.24034214019775
1,22.05,7.29659345140681,8.2474946975708
1,22.06,7.29992675129324,8.25703144073486
1,22.07,7.30326005117968,8.26418399810791
1,22.08,7.30659335106611,8.27431678771973
1,22.09,7.30992665095255,8.28564167022705
1,22.1,7.31325995083898,8.2927942276001
1,22.11,7.31659325072542,8.29994678497314
1,22.12,7.31992655061185,8.31127166748047
1,22.13,7.32325985049829,8.32140445709229
1,22.14,7.32659315038473,8.32855701446533
1,22.15,7.32992645027116,8.34107398986816
1,22.16,7.33325975015759,8.3458423614502
1,22.17,7.33659305004403,8.35657119750977
1,22.18,7.33992634993047,8.36610794067383
1,22.19,7.3432596498169,8.3768367767334
1,22.2,7.34659294970334,8.38518142700195
1,22.21,7.34992624958977,8.39471817016602
1,22.22,7.35325954947621,8.40425491333008
1,22.23,7.35659284936264,8.41319561004639
1,22.24,7.35992614924908,8.42094421386719
1,22.25,7.36325944913551,8.43226909637451
1,22.26,7.36659274902195,8.43822956085205
1,22.27,7.36992604890838,8.44776630401611
1,22.28,7.37325934879482,8.45789909362793
1,22.29,7.37659264868125,8.46803188323975
1,22.3,7.37992594856769,8.47756862640381
1,22.31,7.38325924845412,8.49068164825439
1,22.32,7.38659254834056,8.50021839141846
1,22.33,7.389925848227,8.50677490234375
1,22.34,7.39325914811343,8.51750373840332
1,22.35,7.39659244799986,8.53121280670166
1,22.36,7.3999257478863,8.54194164276123
1,22.37,7.40325904777274,8.55386257171631
1,22.38,7.40659234765917,8.56697559356689
1,22.39,7.40992564754561,8.57830047607422
1,22.4,7.41325894743204,8.59081745147705
1,22.41,7.41659224731848,8.60631465911865
1,22.42,7.41992554720491,8.6212158203125
1,22.43,7.42325884709135,8.63373279571533
1,22.44,7.42659214697778,8.64803791046143
1,22.45,7.42992544686422,8.66234302520752
1,22.46,7.43325874675065,8.68022441864014
1,22.47,7.43659204663709,8.69572162628174
1,22.48,7.43992534652352,8.70823860168457
1,22.49,7.44325864640996,8.72433185577393
1,22.5,7.44659194629639,8.73327255249023
1,22.51,7.44992524618283,8.74519348144531
1,22.52,7.45325854606926,8.75174999237061
1,22.53,7.4565918459557,8.76247882843018
1,22.54,7.45992514584214,8.77320766448975
1,22.55,7.46325844572857,8.78274440765381
1,22.56,7.46659174561501,8.79168510437012
1,22.57,7.46992504550144,8.79883766174316
1,22.58,7.47325834538788,8.80718231201172
1,22.59,7.47659164527431,8.81612300872803
1,22.6,7.47992494516075,8.83102416992188
1,22.61,7.48325824504718,8.84175300598145
1,22.62,7.48659154493362,8.85546207427979
1,22.63,7.48992484482005,8.86380672454834
1,22.64,7.49325814470649,8.8810920715332
1,22.65,7.49659144459292,8.89420509338379
1,22.66,7.49992474447936,8.90672206878662
1,22.67,7.50325804436579,8.91923904418945
1,22.68,7.50659134425223,8.92877578735352
1,22.69,7.50992464413866,8.94010066986084
1,22.7,7.5132579440251,8.95023345947266
1,22.71,7.51659124391153,8.96334648132324
1,22.72,7.51992454379797,8.97347927093506
1,22.73,7.52325784368441,8.98480415344238
1,22.74,7.52659114357084,8.99851322174072
1,22.75,7.52992444345728,9.01162624359131
1,22.76,7.53325774334371,9.01997089385986
1,22.77,7.53659104323015,9.03010368347168
1,22.78,7.53992434311658,9.04500484466553
1,22.79,7.54325764300302,9.05632972717285
1,22.8,7.54659094288945,9.07003879547119
1,22.81,7.54992424277589,9.07957553863525
1,22.82,7.55325754266232,9.09149646759033
1,22.83,7.55659084254876,9.10103321075439
1,22.84,7.55992414243519,9.11116600036621
1,22.85,7.56325744232163,9.11831855773926
1,22.86,7.56659074220806,9.12964344024658
1,22.87,7.5699240420945,9.13858413696289
1,22.88,7.57325734198094,9.14633274078369
1,22.89,7.57659064186737,9.15706157684326
1,22.9,7.5799239417538,9.16421413421631
1,22.91,7.58325724164024,9.17613506317139
1,22.92,7.58659054152668,9.1850757598877
1,22.93,7.58992384141311,9.194016456604
1,22.94,7.59325714129955,9.20295715332031
1,22.95,7.59659044118598,9.21130180358887
1,22.96,7.59992374107242,9.22441482543945
1,22.97,7.60325704095885,9.23335552215576
1,22.98,7.60659034084529,9.24229621887207
1,22.99,7.60992364073172,9.25183296203613
1,23,7.61325694061816,9.26315784454346
1,23.01,7.61659024050459,9.27746295928955
1,23.02,7.61992354039103,9.28997993469238
1,23.03,7.62325684027746,9.30309295654297
1,23.04,7.6265901401639,9.31918621063232
1,23.05,7.62992344005033,9.32693481445313
1,23.06,7.63325673993677,9.33945178985596
1,23.07,7.63659003982321,9.35137271881104
1,23.08,7.63992333970964,9.36508178710938
1,23.09,7.64325663959607,9.37700271606445
1,23.1,7.64658993948251,9.38594341278076
1,23.11,7.64992323936895,9.39488410949707
1,23.12,7.65325653925538,9.40561294555664
1,23.13,7.65658983914182,9.41574573516846
1,23.14,7.65992313902825,9.42647457122803
1,23.15,7.66325643891469,9.43839550018311
1,23.16,7.66658973880112,9.44852828979492
1,23.17,7.66992303868756,9.46164131164551
1,23.18,7.67325633857399,9.4759464263916
1,23.19,7.67658963846043,9.48667526245117
1,23.2,7.67992293834686,9.49680805206299
1,23.21,7.6832562382333,9.50872898101807
1,23.22,7.68658953811973,9.52601432800293
1,23.23,7.68992283800617,9.53197479248047
1,23.24,7.6932561378926,9.54568386077881
1,23.25,7.69658943777904,9.55462455749512
1,23.26,7.69992273766547,9.56892967224121
1,23.27,7.70325603755191,9.57727432250977
1,23.28,7.70658933743835,9.58919525146484
1,23.29,7.70992263732478,9.59455966949463
1,23.3,7.71325593721122,9.60707664489746
1,23.31,7.71658923709765,9.61899757385254
1,23.32,7.71992253698409,9.62615013122559
1,23.33,7.72325583687052,9.6362829208374
1,23.34,7.72658913675696,9.64522361755371
1,23.35,7.72992243664339,9.65237617492676
1,23.36,7.73325573652983,9.66429710388184
1,23.37,7.73658903641626,9.67681407928467
1,23.38,7.7399223363027,9.68754291534424
1,23.39,7.74325563618913,9.70125198364258
1,23.4,7.74658893607557,9.7125768661499
1,23.41,7.749922235962,9.72449779510498
1,23.42,7.75325553584844,9.73641872406006
1,23.43,7.75658883573487,9.74774360656738
1,23.44,7.75992213562131,9.75728034973145
1,23.45,7.76325543550774,9.765625
1,23.46,7.76658873539418,9.77396965026855
1,23.47,7.76992203528062,9.78410243988037
1,23.48,7.77325533516705,9.79244709014893
1,23.49,7.77658863505349,9.80198383331299
1,23.5,7.77992193493992,9.81688499450684
1,23.51,7.78325523482636,9.82940196990967
1,23.52,7.78658853471279,9.83893871307373
1,23.53,7.78992183459923,9.85264778137207
1,23.54,7.79325513448566,9.86218452453613
1,23.55,7.7965884343721,9.87231731414795
1,23.56,7.79992173425853,9.88185405731201
1,23.57,7.80325503414497,9.89019870758057
1,23.58,7.8065883340314,9.89913940429688
1,23.59,7.80992163391784,9.91225242614746
1,23.6,7.81325493380427,9.92417335510254
1,23.61,7.81658823369071,9.93669033050537
1,23.62,7.81992153357715,9.94563102722168
1,23.63,7.82325483346358,9.96112823486328
1,23.64,7.82658813335002,9.97364521026611
1,23.65,7.82992143323645,9.98556613922119
1,23.66,7.83325473312289,9.99569892883301
1,23.67,7.83658803300932,10.0076198577881
1,23.68,7.83992133289576,10.0195407867432
1,23.69,7.84325463278219,10.0308656692505
1,23.7,7.84658793266863,10.0404024124146
1,23.71,7.84992123255506,10.0487470626831
1,23.72,7.8532545324415,10.0582838058472
1,23.73,7.85658783232793,10.07080078125
1,23.74,7.85992113221437,10.0803375244141
1,23.75,7.8632544321008,10.0934505462646
1,23.76,7.86658773198724,10.102391242981
1,23.77,7.86992103187367,10.1166963577271
1,23.78,7.87325433176011,10.1286172866821
1,23.79,7.87658763164654,10.1423263549805
1,23.8,7.87992093153298,10.1572275161743
1,23.81,7.88325423141941,10.1709365844727
1,23.82,7.88658753130585,10.18226146698
1,23.83,7.88992083119228,10.1929903030396
1,23.84,7.89325413107872,10.2084875106812
1,23.85,7.89658743096516,10.2192163467407
1,23.86,7.89992073085159,10.2323293685913
1,23.87,7.90325403073803,10.2448463439941
1,23.88,7.90658733062446,10.2603435516357
1,23.89,7.9099206305109,10.2734565734863
1,23.9,7.91325393039733,10.2853775024414
1,23.91,7.91658723028377,10.300874710083
1,23.92,7.9199205301702,10.3110074996948
1,23.93,7.92325383005664,10.3253126144409
1,23.94,7.92658712994307,10.3384256362915
1,23.95,7.92992042982951,10.3479623794556
1,23.96,7.93325372971594,10.3569030761719
1,23.97,7.93658702960238,10.3747844696045
1,23.98,7.93992032948881,10.3873014450073
1,23.99,7.94325362937525,10.3950500488281
1,24,7.94658692926169,10.4081630706787
1,24.01,7.94992022914812,10.414719581604
1,24.02,7.95325352903456,10.4278326034546
1,24.03,7.95658682892099,10.4367733001709
1,24.04,7.95992012880743,10.4492902755737
1,24.05,7.96325342869386,10.4647874832153
1,24.06,7.9665867285803,10.4731321334839
1,24.07,7.96992002846673,10.485053062439
1,24.08,7.97325332835317,10.4993581771851
1,24.09,7.9765866282396,10.5130672454834
1,24.1,7.97991992812604,10.528564453125
1,24.11,7.98325322801247,10.5404853820801
1,24.12,7.98658652789891,10.5530023574829
1,24.13,7.98991982778534,10.5631351470947
1,24.14,7.99325312767178,10.5792284011841
1,24.15,7.99658642755821,10.5959177017212
1,24.16,7.99991972744465,10.6090307235718
1,24.17,8.00325302733108,10.6269121170044
1,24.18,8.00658632721752,10.6382369995117
1,24.19,8.00991962710395,10.6513500213623
1,24.2,8.01325292699039,10.6626749038696
1,24.21,8.01658622687683,10.673999786377
1,24.22,8.01991952676326,10.6871128082275
1,24.23,8.0232528266497,10.6984376907349
1,24.24,8.02658612653613,10.7097625732422
1,24.25,8.02991942642257,10.7187032699585
1,24.26,8.033252726309,10.7288360595703
1,24.27,8.03658602619544,10.7389688491821
1,24.28,8.03991932608187,10.7473134994507
1,24.29,8.04658592585474,10.7592344284058
1,24.3,8.04991922574118,10.7675790786743
1,24.32,8.05325252562761,10.7878446578979
1,24.33,8.05991912540048,10.7985734939575
1,24.34,8.06325242528692,10.8104944229126
1,24.35,8.06658572517335,10.8242034912109
1,24.36,8.06991902505979,10.8331441879272
1,24.38,8.07325232494623,10.8510255813599
1,24.39,8.0799189247191,10.8599662780762
1,24.4,8.08325222460553,10.870099067688
1,24.41,8.08658552449197,10.8802318572998
1,24.42,8.0899188243784,10.8915567398071
1,24.43,8.09325212426484,10.9022855758667
1,24.44,8.09658542415127,10.913610458374
1,24.45,8.09991872403771,10.9285116195679
1,24.46,8.10325202392414,10.945200920105
1,24.47,8.10658532381058,10.9612941741943
1,24.48,8.10991862369701,10.9779834747314
1,24.49,8.11325192358345,10.991096496582
1,24.5,8.11658522346988,11.0095739364624
1,24.51,8.11991852335632,11.0256671905518
1,24.52,8.12325182324276,11.0435485839844
1,24.53,8.12658512312919,11.056661605835
1,24.54,8.12991842301562,11.0715627670288
1,24.55,8.13325172290206,11.0858678817749
1,24.56,8.13658502278849,11.1007690429688
1,24.57,8.13991832267493,11.1162662506104
1,24.58,8.14325162256137,11.1323595046997
1,24.59,8.1465849224478,11.1466646194458
1,24.6,8.14991822233424,11.1645460128784
1,24.61,8.15325152222067,11.177659034729
1,24.62,8.15658482210711,11.1943483352661
1,24.63,8.15991812199354,11.2080574035645
1,24.64,8.16325142187998,11.2217664718628
1,24.65,8.16658472176641,11.2342834472656
1,24.66,8.16991802165285,11.2432241439819
1,24.67,8.17325132153928,11.2485885620117
1,24.68,8.17658462142572,11.257529258728
1,24.69,8.17991792131215,11.2700462341309
1,24.7,8.18325122119859,11.2825632095337
1,24.71,8.18658452108502,11.29150390625
1,24.72,8.18991782097146,11.2968683242798
1,24.73,8.19325112085789,11.3070011138916
1,24.74,8.19658442074433,11.3159418106079
1,24.75,8.19991772063077,11.3248825073242
1,24.76,8.2032510205172,11.3332271575928
1,24.77,8.20658432040364,11.3439559936523
1,24.78,8.20991762029007,11.3487243652344
1,24.79,8.21325092017651,11.3570690155029
1,24.8,8.21658422006294,11.3630294799805
1,24.81,8.21991751994938,11.3731622695923
1,24.82,8.22325081983581,11.3826990127563
1,24.83,8.22658411972225,11.3922357559204
1,24.84,8.22991741960868,11.3964080810547
1,24.85,8.23325071949512,11.4047527313232
1,24.86,8.23658401938155,11.4130973815918
1,24.87,8.23991731926799,11.4196538925171
1,24.88,8.24325061915443,11.4315748214722
1,24.89,8.24658391904086,11.4405155181885
1,24.9,8.24991721892729,11.4476680755615
1,24.91,8.25325051881373,11.4595890045166
1,24.92,8.25658381870016,11.4655494689941
1,24.93,8.2599171185866,11.4810466766357
1,24.94,8.26325041847304,11.4881992340088
1,24.95,8.26658371835947,11.4983320236206
1,24.96,8.26991701824591,11.5060806274414
1,24.97,8.27325031813234,11.51442527771
1,24.98,8.27658361801878,11.5227699279785
1,24.99,8.27991691790521,11.5358829498291
1,25,8.28325021779165,11.5472078323364
1,25.01,8.28658351767808,11.5543603897095
1,25.02,8.28991681756452,11.5621089935303
1,25.03,8.29325011745095,11.5692615509033
1,25.04,8.29658341733739,11.5823745727539
1,25.05,8.29991671722382,11.591911315918
1,25.06,8.30325001711026,11.6044282913208
1,25.07,8.30658331699669,11.6151571273804
1,25.08,8.30991661688313,11.6270780563354
1,25.09,8.31324991676956,11.6437673568726
1,25.1,8.316583216656,11.6539001464844
1,25.11,8.31991651654244,11.6699934005737
1,25.12,8.32324981642887,11.6837024688721
1,25.13,8.32658311631531,11.7003917694092
1,25.14,8.32991641620174,11.7111206054688
1,25.15,8.33324971608818,11.7230415344238
1,25.16,8.33658301597461,11.7361545562744
1,25.17,8.33991631586105,11.7450952529907
1,25.18,8.34324961574748,11.7558240890503
1,25.19,8.34658291563392,11.7665529251099
1,25.2,8.34991621552035,11.7772817611694
1,25.21,8.35324951540679,11.7868185043335
1,25.22,8.35658281529322,11.792778968811
1,25.23,8.35991611517966,11.8035078048706
1,25.24,8.36324941506609,11.8130445480347
1,25.25,8.36658271495253,11.8190050125122
1,25.26,8.36991601483897,11.826753616333
1,25.27,8.3732493147254,11.8297338485718
1,25.28,8.37658261461183,11.8350982666016
1,25.29,8.37991591449827,11.8410587310791
1,25.3,8.3832492143847,11.8458271026611
1,25.31,8.38658251427114,11.8517875671387
1,25.32,8.38991581415758,11.8559598922729
1,25.33,8.39324911404401,11.865496635437
1,25.34,8.39658241393045,11.8750333786011
1,25.35,8.39991571381688,11.8875503540039
1,25.36,8.40324901370332,11.897087097168
1,25.37,8.40658231358975,11.9078159332275
1,25.38,8.40991561347619,11.9191408157349
1,25.39,8.41324891336262,11.9328498840332
1,25.4,8.41658221324906,11.9465589523315
1,25.41,8.41991551313549,11.9662284851074
1,25.42,8.42324881302193,11.979341506958
1,25.43,8.42658211290836,11.9930505752563
1,25.44,8.4299154127948,12.0085477828979
1,25.45,8.43324871268123,12.0222568511963
1,25.46,8.43658201256767,12.0407342910767
1,25.47,8.4399153124541,12.0556354522705
1,25.48,8.44324861234054,12.0735168457031
1,25.49,8.44658191222698,12.0890140533447
1,25.5,8.44991521211341,12.1021270751953
1,25.51,8.45324851199985,12.1164321899414
1,25.52,8.45658181188628,12.1283531188965
1,25.53,8.45991511177272,12.1390819549561
1,25.54,8.46324841165915,12.1557712554932
1,25.55,8.46658171154559,12.1629238128662
1,25.56,8.46991501143202,12.175440788269
1,25.57,8.47324831131846,12.1843814849854
1,25.58,8.47658161120489,12.1951103210449
1,25.59,8.47991491109133,12.2076272964478
1,25.6,8.48324821097776,12.2183561325073
1,25.61,8.4865815108642,12.2308731079102
1,25.62,8.48991481075064,12.2451782226563
1,25.63,8.49324811063707,12.2529268264771
1,25.64,8.4965814105235,12.2654438018799
1,25.65,8.49991471040994,12.2803449630737
1,25.66,8.50324801029637,12.2916698455811
1,25.67,8.50658131018281,12.3053789138794
1,25.68,8.50991461006925,12.3149156570435
1,25.69,8.51324790995568,12.3250484466553
1,25.7,8.51658120984212,12.3381614685059
1,25.71,8.51991450972855,12.3482942581177
1,25.72,8.52324780961499,12.3560428619385
1,25.73,8.52658110950142,12.3673677444458
1,25.74,8.52991440938786,12.3792886734009
1,25.75,8.53324770927429,12.3852491378784
1,25.76,8.53658100916073,12.3941898345947
1,25.77,8.53991430904716,12.4073028564453
1,25.78,8.5432476089336,12.4198198318481
1,25.79,8.54658090882003,12.4305486679077
1,25.8,8.54991420870647,12.4436616897583
1,25.81,8.5532475085929,12.4508142471313
1,25.82,8.55658080847934,12.4615430831909
1,25.83,8.55991410836577,12.4704837799072
1,25.84,8.56324740825221,12.4800205230713
1,25.85,8.56658070813865,12.4895572662354
1,25.86,8.56991400802508,12.4961137771606
1,25.87,8.57324730791152,12.5056505203247
1,25.88,8.57658060779795,12.5151872634888
1,25.89,8.57991390768439,12.5277042388916
1,25.9,8.58324720757082,12.5396251678467
1,25.91,8.58658050745726,12.5521421432495
1,25.92,8.58991380734369,12.5634670257568
1,25.93,8.59324710723013,12.5759840011597
1,25.94,8.59658040711656,12.5879049301147
1,25.95,8.599913707003,12.6028060913086
1,25.96,8.60324700688943,12.6183032989502
1,25.97,8.60658030677587,12.6338005065918
1,25.98,8.6099136066623,12.6481056213379
1,25.99,8.61324690654874,12.6606225967407
1,26,8.61658020643518,12.6749277114868
1,26.01,8.61991350632161,12.6862525939941
1,26.02,8.62324680620804,12.7023458480835
1,26.03,8.62658010609448,12.7124786376953
1,26.04,8.62991340598091,12.7273797988892
1,26.05,8.63324670586735,12.7363204956055
1,26.06,8.63658000575379,12.7518177032471
1,26.07,8.63991330564022,12.7613544464111
1,26.08,8.64324660552666,12.7732753753662
1,26.09,8.64657990541309,12.7893686294556
1,26.1,8.64991320529953,12.8060579299927
1,26.11,8.65324650518596,12.814998626709
1,26.12,8.6565798050724,12.8263235092163
1,26.13,8.65991310495883,12.8382444381714
1,26.14,8.66324640484527,12.8543376922607
1,26.15,8.6665797047317,12.8597021102905
1,26.16,8.66991300461814,12.8710269927979
1,26.17,8.67324630450457,12.8817558288574
1,26.18,8.67657960439101,12.8918886184692
1,26.19,8.67991290427744,12.9002332687378
1,26.2,8.68324620416388,12.9145383834839
1,26.21,8.68657950405031,12.9246711730957
1,26.22,8.68991280393675,12.9342079162598
1,26.23,8.69324610382319,12.9449367523193
1,26.24,8.69657940370962,12.9526853561401
1,26.25,8.69991270359606,12.9663944244385
1,26.26,8.70324600348249,12.977123260498
1,26.27,8.70657930336893,12.9902362823486
1,26.28,8.70991260325536,13.0009651184082
1,26.29,8.7132459031418,13.0122900009155
1,26.3,8.71657920302823,13.0242109298706
1,26.31,8.71991250291467,13.0355358123779
1,26.32,8.7232458028011,13.0510330200195
1,26.33,8.72657910268754,13.0617618560791
1,26.34,8.72991240257397,13.0718946456909
1,26.35,8.73324570246041,13.0832195281982
1,26.36,8.73657900234685,13.0957365036011
1,26.37,8.73991230223328,13.1052732467651
1,26.38,8.74324560211971,13.1136178970337
1,26.39,8.74657890200615,13.1213665008545
1,26.4,8.74991220189258,13.1368637084961
1,26.41,8.75324550177902,13.1422281265259
1,26.42,8.75657880166546,13.1523609161377
1,26.43,8.75991210155189,13.1607055664063
1,26.44,8.76324540143833,13.1726264953613
1,26.45,8.76657870132476,13.1833553314209
1,26.46,8.7699120012112,13.1911039352417
1,26.47,8.77324530109763,13.1994485855103
1,26.48,8.77657860098407,13.2137537002563
1,26.49,8.7799119008705,13.2244825363159
1,26.5,8.78324520075694,13.23401927948
1,26.51,8.78657850064337,13.2495164871216
1,26.52,8.78991180052981,13.2620334625244
1,26.53,8.79324510041624,13.2745504379272
1,26.54,8.79657840030268,13.2870674133301
1,26.55,8.79991170018911,13.3031606674194
1,26.56,8.80324500007555,13.31627368927
1,26.57,8.80657829996198,13.3287906646729
1,26.58,8.80991159984842,13.3424997329712
1,26.59,8.81324489973486,13.3556127548218
1,26.6,8.81657819962129,13.3675336837769
1,26.61,8.81991149950773,13.3830308914185
1,26.62,8.82324479939416,13.396143913269
1,26.63,8.8265780992806,13.4152173995972
1,26.64,8.82991139916703,13.4283304214478
1,26.65,8.83324469905347,13.4474039077759
1,26.66,8.8365779989399,13.461709022522
1,26.67,8.83991129882634,13.4789943695068
1,26.68,8.84324459871277,13.4944915771484
1,26.69,8.84657789859921,13.5093927383423
1,26.7,8.84991119848564,13.5248899459839
1,26.71,8.85324449837208,13.536810874939
1,26.72,8.85657779825851,13.5499238967896
1,26.73,8.85991109814495,13.5654211044312
1,26.74,8.86324439803139,13.5791301727295
1,26.75,8.86657769791782,13.5904550552368
1,26.76,8.86991099780425,13.6035680770874
1,26.77,8.87324429769069,13.6172771453857
1,26.78,8.87657759757712,13.6280059814453
1,26.79,8.87991089746356,13.6440992355347
1,26.8,8.88324419735,13.6584043502808
1,26.81,8.88657749723643,13.6685371398926
1,26.82,8.88991079712287,13.6804580688477
1,26.83,8.8932440970093,13.6888027191162
1,26.84,8.89657739689574,13.7019157409668
1,26.85,8.89991069678217,13.7186050415039
1,26.86,8.90324399666861,13.730525970459
1,26.87,8.90657729655504,13.7406587600708
1,26.88,8.90991059644148,13.7519836425781
1,26.89,8.91324389632791,13.7627124786377
1,26.9,8.91657719621435,13.7752294540405
1,26.91,8.91991049610078,13.7925148010254
1,26.92,8.92324379598722,13.8026475906372
1,26.93,8.92657709587365,13.81516456604
1,26.94,8.92991039576009,13.8288736343384
1,26.95,8.93324369564652,13.8390064239502
1,26.96,8.93657699553296,13.8521194458008
1,26.97,8.9399102954194,13.8640403747559
1,26.98,8.94324359530583,13.8765573501587
1,26.99,8.94657689519227,13.8866901397705
1,27,8.9499101950787,13.8962268829346
1,27.01,8.95324349496514,13.9081478118896
1,27.02,8.95657679485157,13.9182806015015
1,27.03,8.95991009473801,13.9278173446655
1,27.04,8.96324339462444,13.9379501342773
1,27.05,8.96657669451088,13.9534473419189
1,27.06,8.96990999439731,13.9647722244263
1,27.07,8.97324329428375,13.9772891998291
1,27.08,8.97657659417018,13.9915943145752
1,27.09,8.97990989405662,14.0023231506348
1,27.1,8.98324319394306,14.0166282653809
1,27.11,8.98657649382949,14.0297412872314
1,27.12,8.98990979371592,14.0410661697388
1,27.13,8.99324309360236,14.0529870986938
1,27.14,8.99657639348879,14.0655040740967
1,27.15,8.99990969337523,14.0810012817383
1,27.16,9.00324299326167,14.0982866287231
1,27.17,9.0065762931481,14.1090154647827
1,27.18,9.00990959303454,14.1197443008423
1,27.19,9.01324289292097,14.1334533691406
1,27.2,9.01657619280741,14.1483545303345
1,27.21,9.01990949269384,14.1626596450806
1,27.22,9.02324279258028,14.1793489456177
1,27.23,9.02657609246671,14.188289642334
1,27.24,9.02990939235315,14.2002105712891
1,27.25,9.03324269223958,14.2109394073486
1,27.26,9.03657599212602,14.222264289856
1,27.27,9.03990929201245,14.2347812652588
1,27.28,9.04324259189889,14.2431259155273
1,27.29,9.04657589178532,14.2544507980347
1,27.3,9.04990919167176,14.2627954483032
1,27.31,9.05324249155819,14.2693519592285
1,27.32,9.05657579144463,14.2788887023926
1,27.33,9.05990909133107,14.2854452133179
1,27.34,9.0632423912175,14.2955780029297
1,27.35,9.06657569110394,14.3063068389893
1,27.36,9.06990899099037,14.3152475357056
1,27.37,9.07324229087681,14.3265724182129
1,27.38,9.07657559076324,14.338493347168
1,27.39,9.07990889064968,14.3557786941528
1,27.4,9.08324219053611,14.3712759017944
1,27.41,9.08657549042255,14.3861770629883
1,27.42,9.08990879030898,14.3957138061523
1,27.43,9.09324209019542,14.4082307815552
1,27.44,9.09657539008185,14.4243240356445
1,27.45,9.09990868996829,14.4410133361816
1,27.46,9.10324198985472,14.45472240448
1,27.47,9.10657528974116,14.4660472869873
1,27.48,9.1099085896276,14.4743919372559
1,27.49,9.11324188951403,14.4898891448975
1,27.5,9.11657518940046,14.5024061203003
1,27.51,9.1199084892869,14.5155191421509
1,27.52,9.12324178917333,14.5262479782104
1,27.53,9.12657508905977,14.5375728607178
1,27.54,9.12990838894621,14.5518779754639
1,27.55,9.13324168883264,14.5620107650757
1,27.56,9.13657498871908,14.5739316940308
1,27.57,9.13990828860551,14.5846605300903
1,27.58,9.14657488837838,14.5995616912842
1,27.59,9.14990818826482,14.6156549453735
1,27.61,9.15324148815125,14.6442651748657
1,27.62,9.15990808792412,14.6591663360596
1,27.63,9.16324138781056,14.6740674972534
1,27.64,9.16657468769699,14.6865844726563
1,27.65,9.16990798758343,14.7050619125366
1,27.67,9.17324128746986,14.7289037704468
1,27.68,9.17990788724273,14.7414207458496
1,27.69,9.18324118712917,14.7473812103271
1,27.7,9.18657448701561,14.7593021392822
1,27.71,9.18990778690204,14.7724151611328
1,27.73,9.19657438667491,14.7974491119385
1,27.74,9.19990768656135,14.8093700408936
1,27.75,9.20324098644778,14.8200988769531
1,27.76,9.20657428633422,14.8308277130127
1,27.77,9.20990758622065,14.8308277130127
1,27.78,9.21324088610709,14.8427486419678
1,27.79,9.21657418599352,14.8558616638184
1,27.8,9.21990748587996,14.8653984069824
1,27.81,9.22324078576639,14.876127243042
1,27.82,9.22657408565283,14.8892402648926
1,27.83,9.22990738553927,14.9023532867432
1,27.84,9.2332406854257,14.9095058441162
1,27.85,9.23657398531213,14.9226188659668
1,27.86,9.23990728519857,14.9393081665039
1,27.87,9.243240585085,14.951229095459
1,27.88,9.24657388497144,14.9643421173096
1,27.89,9.24990718485788,14.9714946746826
1,27.9,9.25324048474431,14.9846076965332
1,27.91,9.25657378463075,14.9941444396973
1,27.92,9.25990708451718,15.0108337402344
1,27.93,9.26324038440362,15.0227546691895
1,27.94,9.26657368429005,15.033483505249
1,27.95,9.26990698417649,15.0454044342041
1,27.96,9.27324028406292,15.0609016418457
1,27.97,9.27657358394936,15.0668621063232
1,27.98,9.27990688383579,15.0883197784424
1,27.99,9.28324018372223,15.0978565216064
1,28,9.28657348360866,15.1097774505615
1,28.01,9.2899067834951,15.1228904724121
1,28.02,9.29324008338153,15.1383876800537
1,28.03,9.29657338326797,15.1431560516357
1,28.04,9.2999066831544,15.1538848876953
1,28.05,9.30323998304084,15.1586532592773
1,28.06,9.30657328292728,15.1753425598145
1,28.07,9.30990658281371,15.1896476745605
1,28.08,9.31323988270015,15.2003765106201
1,28.09,9.31657318258658,15.2099132537842
1,28.1,9.31990648247302,15.2194499969482
1,28.11,9.32323978235945,15.2337551116943
1,28.12,9.32657308224589,15.2456760406494
1,28.13,9.32990638213232,15.2587890625
1,28.14,9.33323968201876,15.2683258056641
1,28.15,9.33657298190519,15.2850151062012
1,28.16,9.33990628179163,15.3005123138428
1,28.17,9.34323958167806,15.3136253356934
1,28.18,9.3465728815645,15.3279304504395
1,28.19,9.34990618145093,15.3434276580811
1,28.2,9.35323948133737,15.3458118438721
1,28.21,9.35657278122381,15.3613090515137
1,28.22,9.35990608111024,15.3696537017822
1,28.23,9.36323938099667,15.3911113739014
1,28.24,9.36657268088311,15.4030323028564
1,28.25,9.36990598076954,15.416145324707
1,28.26,9.37323928065598,15.4268741607666
1,28.27,9.37657258054242,15.4435634613037
1,28.28,9.37990588042885,15.4554843902588
1,28.29,9.38323918031529,15.4638290405273
1,28.3,9.38657248020172,15.4745578765869
1,28.31,9.38990578008816,15.486478805542
1,28.32,9.39323907997459,15.493631362915
1,28.33,9.39657237986103,15.5079364776611
1,28.34,9.39990567974746,15.5234336853027
1,28.35,9.4032389796339,15.5365467071533
1,28.36,9.40657227952033,15.5436992645264
1,28.37,9.40990557940677,15.5520439147949
1,28.38,9.4132388792932,15.5627727508545
1,28.39,9.41657217917964,15.5782699584961
1,28.4,9.41990547906607,15.5925750732422
1,28.41,9.42323877895251,15.6068801879883
1,28.42,9.42657207883894,15.6152248382568
1,28.43,9.42990537872538,15.6271457672119
1,28.44,9.43323867861182,15.6378746032715
1,28.45,9.43657197849825,15.6474113464355
1,28.46,9.43990527838469,15.6605243682861
1,28.47,9.44323857827112,15.6724452972412
1,28.48,9.44657187815756,15.6795978546143
1,28.49,9.44990517804399,15.6927108764648
1,28.5,9.45323847793043,15.7010555267334
1,28.51,9.45657177781686,15.711784362793
1,28.52,9.4599050777033,15.721321105957
1,28.53,9.46323837758973,15.7356262207031
1,28.54,9.46657167747617,15.7427787780762
1,28.55,9.4699049773626,15.7582759857178
1,28.56,9.47323827724904,15.7666206359863
1,28.57,9.47657157713548,15.7833099365234
1,28.58,9.47990487702191,15.794038772583
1,28.59,9.48323817690834,15.8202648162842
1,28.6,9.48657147679478,15.8298015594482
1,28.61,9.48990477668121,15.8452987670898
1,28.62,9.49323807656765,15.8548355102539
1,28.63,9.49657137645409,15.8703327178955
1,28.64,9.49990467634052,15.8894062042236
1,28.65,9.50323797622696,15.9037113189697
1,28.66,9.50657127611339,15.9120559692383
1,28.67,9.50990457599983,15.9299373626709
1,28.68,9.51323787588626,15.9370899200439
1,28.69,9.5165711757727,15.949010848999
1,28.7,9.51990447565913,15.9561634063721
1,28.71,9.52323777554557,15.9752368927002
1,28.72,9.526571075432,15.9859657287598
1,28.73,9.52990437531844,15.9931182861328
1,28.74,9.53323767520487,16.0086154937744
1,28.75,9.53657097509131,16.021728515625
1,28.76,9.53990427497774,16.0419940948486
1,28.77,9.54323757486418,16.0610675811768
1,28.78,9.54657087475061,16.0741806030273
1,28.79,9.54990417463705,16.09206199646
1,28.8,9.55323747452349,16.1051750183105
1,28.81,9.55657077440992,16.1230564117432
1,28.82,9.55990407429636,16.1421298980713
1,28.83,9.56323737418279,16.1600112915039
1,28.84,9.56657067406923,16.181468963623
1,28.85,9.56990397395566,16.1910057067871
1,28.86,9.5732372738421,16.2041187286377
1,28.87,9.57657057372853,16.2148475646973
1,28.88,9.57990387361497,16.2351131439209
1,28.89,9.5832371735014,16.2529945373535
1,28.9,9.58657047338784,16.2637233734131
1,28.91,9.58990377327427,16.2792205810547
1,28.92,9.59323707316071,16.2935256958008
1,28.93,9.59657037304714,16.3114070892334
1,28.94,9.59990367293358,16.3328647613525
1,28.95,9.60323697282002,16.3495540618896
1,28.96,9.60657027270645,16.3650512695313
1,28.97,9.60990357259288,16.3793563842773
1,28.98,9.61323687247932,16.4008140563965
1,28.99,9.61657017236575,16.4175033569336
1,29,9.61990347225219,16.4401531219482
1,29.01,9.62323677213863,16.4604187011719
1,29.02,9.62657007202506,16.4794921875
1,29.03,9.6299033719115,16.4997577667236
1,29.04,9.63323667179793,16.5140628814697
1,29.05,9.63656997168437,16.5367126464844
1,29.06,9.6399032715708,16.552209854126
1,29.07,9.64323657145724,16.5724754333496
1,29.08,9.64656987134367,16.5832042694092
1,29.09,9.64990317123011,16.5975093841553
1,29.1,9.65323647111654,16.6141986846924
1,29.11,9.65656977100298,16.627311706543
1,29.12,9.65990307088941,16.636848449707
1,29.13,9.66323637077585,16.6475772857666
1,29.14,9.66656967066228,16.6583061218262
1,29.15,9.66990297054872,16.6690349578857
1,29.16,9.67323627043515,16.6761875152588
1,29.17,9.67656957032159,16.6809558868408
1,29.18,9.67990287020803,16.6940689086914
1,29.19,9.68323617009446,16.704797744751
1,29.2,9.6865694699809,16.711950302124
1,29.21,9.68990276986733,16.7202949523926
1,29.22,9.69323606975377,16.7274475097656
1,29.23,9.6965693696402,16.7346000671387
1,29.24,9.69990266952664,16.7512893676758
1,29.25,9.70323596941307,16.7655944824219
1,29.26,9.70656926929951,16.7751312255859
1,29.27,9.70990256918594,16.789436340332
1,29.28,9.71323586907238,16.7977809906006
1,29.29,9.71656916895881,16.8073177337646
1,29.3,9.71990246884525,16.8263912200928
1,29.31,9.72323576873169,16.8406963348389
1,29.32,9.72656906861812,16.857385635376
1,29.33,9.72990236850456,16.8716907501221
1,29.34,9.73323566839099,16.8824195861816
1,29.35,9.73656896827742,16.8967247009277
1,29.36,9.73990226816386,16.9157981872559
1,29.37,9.7432355680503,16.9312953948975
1,29.38,9.74656886793673,16.9456005096436
1,29.39,9.74990216782317,16.9587135314941
1,29.4,9.7532354677096,16.9706344604492
1,29.41,9.75656876759604,16.9849395751953
1,29.42,9.75990206748247,16.9992446899414
1,29.43,9.76323536736891,17.0135498046875
1,29.44,9.76656866725534,17.019510269165
1,29.45,9.76990196714178,17.0254707336426
1,29.46,9.77323526702821,17.0373916625977
1,29.47,9.77656856691465,17.0493125915527
1,29.48,9.77990186680108,17.0564651489258
1,29.49,9.78323516668752,17.0671939849854
1,29.5,9.78656846657395,17.0767307281494
1,29.51,9.78990176646039,17.092227935791
1,29.52,9.79323506634682,17.1017646789551
1,29.53,9.79656836623326,17.1136856079102
1,29.54,9.7999016661197,17.1244144439697
1,29.55,9.80323496600613,17.1422958374023
1,29.56,9.80656826589257,17.1577930450439
1,29.57,9.809901565779,17.1756744384766
1,29.58,9.81323486566544,17.1887874603271
1,29.59,9.81656816555187,17.2019004821777
1,29.6,9.81990146543831,17.2257423400879
1,29.61,9.82323476532474,17.2388553619385
1,29.62,9.82656806521118,17.2519683837891
1,29.63,9.82990136509761,17.2686576843262
1,29.64,9.83323466498405,17.2889232635498
1,29.65,9.83656796487048,17.3020362854004
1,29.66,9.83990126475692,17.319917678833
1,29.67,9.84323456464335,17.3366069793701
1,29.68,9.84656786452979,17.3389911651611
1,29.69,9.84990116441623,17.3592567443848
1,29.7,9.85323446430266,17.3687934875488
1,29.71,9.85656776418909,17.3795223236084
1,29.72,9.85990106407553,17.39501953125
1,29.73,9.86323436396196,17.4045562744141
1,29.74,9.8665676638484,17.4188613891602
1,29.75,9.86990096373484,17.4272060394287
1,29.76,9.87323426362127,17.4438953399658
1,29.77,9.87656756350771,17.4570083618164
1,29.78,9.87990086339414,17.474889755249
1,29.79,9.88323416328058,17.4868106842041
1,29.8,9.88656746316701,17.5034999847412
1,29.81,9.88990076305345,17.5142288208008
1,29.82,9.89323406293988,17.5321102142334
1,29.83,9.89656736282632,17.5440311431885
1,29.84,9.89990066271275,17.5571441650391
1,29.85,9.90323396259919,17.5654888153076
1,29.86,9.90656726248562,17.5845623016357
1,29.87,9.90990056237206,17.5917148590088
1,29.88,9.91323386225849,17.6048278808594
1,29.89,9.91656716214493,17.6107883453369
1,29.9,9.91990046203136,17.625093460083
1,29.91,9.9232337619178,17.6405906677246
1,29.92,9.92656706180424,17.6513195037842
1,29.93,9.92990036169067,17.6584720611572
1,29.94,9.93323366157711,17.6692008972168
1,29.95,9.93656696146354,17.6823139190674
1,29.96,9.93990026134998,17.6966190338135
1,29.97,9.94323356123641,17.7085399627686
1,29.98,9.94656686112285,17.7180767059326
1,29.99,9.94990016100928,17.7359580993652
1,30,9.95323346089572,17.7478790283203
1,30.01,9.95656676078215,17.7586078643799
1,30.02,9.95990006066859,17.770528793335
1,30.03,9.96323336055502,17.78244972229
1,30.04,9.96656666044146,17.7884101867676
1,30.05,9.9698999603279,17.8027153015137
1,30.06,9.97323326021433,17.8194046020508
1,30.07,9.97656656010077,17.8313255310059
1,30.08,9.9798998599872,17.8420543670654
1,30.09,9.98323315987363,17.855167388916
1,30.1,9.98656645976007,17.8670883178711
1,30.11,9.98989975964651,17.8813934326172
1,30.12,9.99323305953294,17.8897380828857
1,30.13,9.99656635941938,17.8980827331543
1,30.14,9.99989965930581,17.9088115692139
1,30.15,10.0032329591922,17.9195404052734
1,30.16,10.0065662590787,17.932653427124
1,30.17,10.0098995589651,17.9445743560791
1,30.18,10.0132328588516,17.9505348205566
1,30.19,10.016566158738,17.9624557495117
1,30.2,10.0198994586244,17.9827213287354
1,30.21,10.0232327585109,17.9922580718994
1,30.22,10.0265660583973,18.0041790008545
1,30.23,10.0298993582837,18.0220603942871
1,30.24,10.0332326581702,18.0363655090332
1,30.25,10.0365659580566,18.0542469024658
1,30.26,10.039899257943,18.0709362030029
1,30.27,10.0432325578295,18.0840492248535
1,30.28,10.0465658577159,18.1019306182861
1,30.29,10.0498991576023,18.1186199188232
1,30.3,10.0532324574888,18.1412696838379
1,30.31,10.0565657573752,18.1591510772705
1,30.32,10.0598990572616,18.1734561920166
1,30.33,10.0632323571481,18.1901454925537
1,30.34,10.0665656570345,18.2104110717773
1,30.35,10.069898956921,18.2199478149414
1,30.36,10.0732322568074,18.2414054870605
1,30.37,10.0765655566938,18.2604789733887
1,30.38,10.0798988565803,18.2688236236572
1,30.39,10.0832321564667,18.2867050170898
1,30.4,10.0865654563531,18.3069705963135
1,30.41,10.0898987562396,18.3248519897461
1,30.42,10.093232056126,18.3355808258057
1,30.43,10.0965653560124,18.3570384979248
1,30.44,10.0998986558989,18.3701515197754
1,30.45,10.1032319557853,18.383264541626
1,30.46,10.1065652556717,18.4011459350586
1,30.47,10.1098985555582,18.4118747711182
1,30.48,10.1132318554446,18.4321403503418
1,30.49,10.116565155331,18.4476375579834
1,30.5,10.1198984552175,18.463134765625
1,30.51,10.1232317551039,18.4750556945801
1,30.52,10.1265650549904,18.4869766235352
1,30.53,10.1298983548768,18.4977054595947
1,30.54,10.1332316547632,18.5084342956543
1,30.55,10.1365649546497,18.5215473175049
1,30.56,10.1398982545361,18.5286998748779
1,30.57,10.1432315544225,18.5441970825195
1,30.58,10.146564854309,18.5596942901611
1,30.59,10.1498981541954,18.5751914978027
1,30.6,10.1532314540818,18.5847282409668
1,30.61,10.1565647539683,18.5990333557129
1,30.62,10.1598980538547,18.610954284668
1,30.63,10.1632313537411,18.6169147491455
1,30.64,10.1665646536276,18.6371803283691
1,30.65,10.169897953514,18.6502933502197
1,30.66,10.1732312534004,18.6550617218018
1,30.67,10.1765645532869,18.6669826507568
1,30.68,10.1798978531733,18.6741352081299
1,30.69,10.1832311530598,18.690824508667
1,30.7,10.1865644529462,18.7015533447266
1,30.71,10.1898977528326,18.7110900878906
1,30.72,10.1932310527191,18.7230110168457
1,30.73,10.1965643526055,18.7325477600098
1,30.74,10.1998976524919,18.7504291534424
1,30.75,10.2032309523784,18.7575817108154
1,30.76,10.2065642522648,18.7647342681885
1,30.77,10.2098975521512,18.7778472900391
1,30.78,10.2132308520377,18.7873840332031
1,30.79,10.2165641519241,18.7945365905762
1,30.8,10.2198974518105,18.8052654266357
1,30.81,10.223230751697,18.8231468200684
1,30.82,10.2265640515834,18.8350677490234
1,30.83,10.2298973514698,18.8422203063965
1,30.84,10.2332306513563,18.8553333282471
1,30.85,10.2365639512427,18.8648700714111
1,30.86,10.2398972511292,18.8803672790527
1,30.87,10.2432305510156,18.8922882080078
1,30.88,10.246563850902,18.9030170440674
1,30.89,10.2498971507885,18.9197063446045
1,30.9,10.2532304506749,18.9292430877686
1,30.91,10.2565637505613,18.9423561096191
1,30.92,10.2598970504478,18.9554691314697
1,30.93,10.2632303503342,18.9709663391113
1,30.94,10.2665636502206,18.9864635467529
1,30.95,10.2698969501071,19.0043449401855
1,30.96,10.2732302499935,19.0174579620361
1,30.97,10.2765635498799,19.0341472625732
1,30.98,10.2798968497664,19.0484523773193
1,30.99,10.2832301496528,19.0639495849609
1,31,10.2865634495392,19.078254699707
1,31.01,10.2898967494257,19.0937519073486
1,31.02,10.2932300493121,19.1080570220947
1,31.03,10.2965633491986,19.1247463226318
1,31.04,10.299896649085,19.1426277160645
1,31.05,10.3032299489714,19.1545486450195
1,31.06,10.3065632488579,19.1712379455566
1,31.07,10.3098965487443,19.1819667816162
1,31.08,10.3132298486307,19.2058086395264
1,31.09,10.3165631485172,19.223690032959
1,31.1,10.3198964484036,19.2379951477051
1,31.11,10.32322974829,19.2558765411377
1,31.12,10.3298963480629,19.2713737487793
1,31.13,10.3332296479493,19.2892551422119
1,31.14,10.3365629478358,19.3107128143311
1,31.16,10.3398962477222,19.3452835083008
1,31.17,10.3465628474951,19.3691253662109
1,31.18,10.3498961473815,19.383430480957
1,31.19,10.3532294472679,19.4048881530762
1,31.2,10.3565627471544,19.4156169891357
1,31.21,10.3598960470408,19.4287300109863
1,31.22,10.3632293469273,19.456148147583
1,31.23,10.3665626468137,19.4692611694336
1,31.24,10.3698959467001,19.4847583770752
1,31.26,10.3732292465866,19.5026397705078
1,31.27,10.3798958463594,19.5229053497314
1,31.28,10.3832291462459,19.5395946502686
1,31.29,10.3865624461323,19.5467472076416
1,31.3,10.3898957460187,19.5646286010742
1,31.31,10.3932290459052,19.5741653442383
1,31.32,10.3965623457916,19.5872783660889
1,31.33,10.399895645678,19.606351852417
1,31.34,10.4032289455645,19.6254253387451
1,31.35,10.4065622454509,19.6349620819092
1,31.36,10.4098955453373,19.6516513824463
1,31.37,10.4132288452238,19.6671485900879
1,31.38,10.4165621451102,19.676685333252
1,31.39,10.4198954449967,19.7005271911621
1,31.4,10.4232287448831,19.7148323059082
1,31.41,10.4265620447695,19.7350978851318
1,31.42,10.429895344656,19.7434425354004
1,31.43,10.4332286445424,19.763708114624
1,31.44,10.4365619444288,19.7815895080566
1,31.45,10.4398952443153,19.7863578796387
1,31.46,10.4432285442017,19.8042392730713
1,31.47,10.4465618440881,19.8209285736084
1,31.48,10.4498951439746,19.841194152832
1,31.49,10.453228443861,19.8531150817871
1,31.5,10.4565617437474,19.8698043823242
1,31.51,10.4598950436339,19.8829174041748
1,31.52,10.4632283435203,19.8948383331299
1,31.53,10.4665616434067,19.9127197265625
1,31.54,10.4698949432932,19.9210643768311
1,31.55,10.4732282431796,19.9329853057861
1,31.56,10.4765615430661,19.9449062347412
1,31.57,10.4798948429525,19.9627876281738
1,31.58,10.4832281428389,19.9770927429199
1,31.59,10.4865614427254,19.9949741363525
1,31.6,10.4898947426118,20.0033187866211
1,31.61,10.4932280424982,20.0223922729492
1,31.62,10.4965613423847,20.0426578521729
1,31.63,10.4998946422711,20.0581550598145
1,31.64,10.5032279421575,20.068883895874
1,31.65,10.506561242044,20.0843811035156
1,31.66,10.5098945419304,20.0974941253662
1,31.67,10.5132278418168,20.1117992401123
1,31.68,10.5165611417033,20.1296806335449
1,31.69,10.5198944415897,20.1427936553955
1,31.7,10.5232277414761,20.1570987701416
1,31.71,10.5265610413626,20.1702117919922
1,31.72,10.529894341249,20.1833248138428
1,31.73,10.5332276411355,20.1904773712158
1,31.74,10.5365609410219,20.2012062072754
1,31.75,10.5398942409083,20.211935043335
1,31.76,10.5432275407948,20.22385597229
1,31.77,10.5465608406812,20.2322006225586
1,31.78,10.5498941405676,20.2476978302002
1,31.79,10.5532274404541,20.2500820159912
1,31.8,10.5565607403405,20.2727317810059
1,31.81,10.5598940402269,20.2834606170654
1,31.82,10.5632273401134,20.294189453125
1,31.83,10.5665606399998,20.3073024749756
1,31.84,10.5698939398862,20.3180313110352
1,31.85,10.5732272397727,20.3359127044678
1,31.86,10.5765605396591,20.3478336334229
1,31.87,10.5798938395455,20.366907119751
1,31.88,10.583227139432,20.3871726989746
1,31.89,10.5865604393184,20.4062461853027
1,31.9,10.5898937392049,20.4193592071533
1,31.91,10.5932270390913,20.4336643218994
1,31.92,10.5965603389777,20.451545715332
1,31.93,10.5998936388642,20.4706192016602
1,31.94,10.6032269387506,20.4861164093018
1,31.95,10.606560238637,20.4944610595703
1,31.96,10.6098935385235,20.5159187316895
1,31.97,10.6132268384099,20.5254554748535
1,31.98,10.6165601382963,20.5445289611816
1,31.99,10.6198934381828,20.5540657043457
1,32,10.6232267380692,20.5624103546143
1,32.01,10.6265600379556,20.5671787261963
1,32.02,10.6298933378421,20.5886363983154
1,32.03,10.6332266377285,20.6005573272705
1,32.04,10.6365599376149,20.6148624420166
1,32.05,10.6398932375014,20.6303596496582
1,32.06,10.6432265373878,20.6422805786133
1,32.07,10.6465598372743,20.6637382507324
1,32.08,10.6498931371607,20.679235458374
1,32.09,10.6532264370471,20.6923484802246
1,32.1,10.6565597369336,20.7090377807617
1,32.11,10.65989303682,20.7269191741943
1,32.12,10.6632263367064,20.7459926605225
1,32.13,10.6665596365929,20.7626819610596
1,32.14,10.6698929364793,20.7793712615967
1,32.15,10.6732262363657,20.7936763763428
1,32.16,10.6765595362522,20.8091735839844
1,32.17,10.6798928361386,20.8306312561035
1,32.18,10.683226136025,20.8425521850586
1,32.19,10.6865594359115,20.8580493927002
1,32.2,10.6898927357979,20.8747386932373
1,32.21,10.6932260356843,20.8926200866699
1,32.22,10.6965593355708,20.9009647369385
1,32.23,10.6998926354572,20.9164619445801
1,32.24,10.7032259353437,20.9236145019531
1,32.25,10.7065592352301,20.9379196166992
1,32.26,10.7098925351165,20.9426879882813
1,32.27,10.713225835003,20.9522247314453
1,32.28,10.7165591348894,20.9653377532959
1,32.29,10.7198924347758,20.986795425415
1,32.3,10.7232257346623,20.9951400756836
1,32.31,10.7265590345487,21.0058689117432
1,32.32,10.7298923344351,21.0189819335938
1,32.33,10.7332256343216,21.0273265838623
1,32.34,10.736558934208,21.0452079772949
1,32.35,10.7398922340944,21.0607051849365
1,32.36,10.7432255339809,21.0762023925781
1,32.37,10.7465588338673,21.0869312286377
1,32.38,10.7498921337537,21.1095809936523
1,32.39,10.7532254336402,21.1250782012939
1,32.4,10.7565587335266,21.1405754089355
1,32.41,10.7598920334131,21.1548805236816
1,32.42,10.7632253332995,21.1811065673828
1,32.43,10.7665586331859,21.1942195892334
1,32.44,10.7698919330724,21.2085247039795
1,32.45,10.7732252329588,21.2216377258301
1,32.46,10.7765585328452,21.2430953979492
1,32.47,10.7798918327317,21.2585926055908
1,32.48,10.7832251326181,21.28005027771
1,32.49,10.7865584325045,21.2943553924561
1,32.5,10.789891732391,21.3050842285156
1,32.51,10.7932250322774,21.3217735290527
1,32.52,10.7965583321638,21.3396549224854
1,32.53,10.7998916320503,21.3563442230225
1,32.54,10.8032249319367,21.3718414306641
1,32.55,10.8065582318231,21.3837623596191
1,32.56,10.8098915317096,21.3932991027832
1,32.57,10.813224831596,21.4087963104248
1,32.58,10.8165581314825,21.4219093322754
1,32.59,10.8198914313689,21.4278697967529
1,32.6,10.8232247312553,21.4469432830811
1,32.61,10.8265580311418,21.4529037475586
1,32.62,10.8298913310282,21.4672088623047
1,32.63,10.8332246309146,21.4731693267822
1,32.64,10.8365579308011,21.4934349060059
1,32.65,10.8398912306875,21.5005874633789
1,32.66,10.8432245305739,21.5184688568115
1,32.67,10.8465578304604,21.5291976928711
1,32.68,10.8498911303468,21.5470790863037
1,32.69,10.8532244302332,21.5578079223633
1,32.7,10.8565577301197,21.5685367584229
1,32.71,10.8598910300061,21.58522605896
1,32.72,10.8632243298925,21.5983390808105
1,32.73,10.866557629779,21.6114521026611
1,32.74,10.8698909296654,21.6221809387207
1,32.75,10.8732242295519,21.6352939605713
1,32.76,10.8765575294383,21.6460227966309
1,32.77,10.8798908293247,21.6543674468994
1,32.78,10.8832241292112,21.672248840332
1,32.79,10.8865574290976,21.6817855834961
1,32.8,10.889890728984,21.6972827911377
1,32.81,10.8932240288705,21.7199325561523
1,32.82,10.8965573287569,21.7354297637939
1,32.83,10.8998906286433,21.7568874359131
1,32.84,10.9032239285298,21.7723846435547
1,32.85,10.9065572284162,21.7902660369873
1,32.86,10.9098905283026,21.8093395233154
1,32.87,10.9132238281891,21.8296051025391
1,32.88,10.9165571280755,21.8403339385986
1,32.89,10.9198904279619,21.8594074249268
1,32.9,10.9232237278484,21.8844413757324
1,32.91,10.9265570277348,21.8987464904785
1,32.92,10.9298903276213,21.9154357910156
1,32.93,10.9332236275077,21.9297409057617
1,32.94,10.9365569273941,21.9380855560303
1,32.95,10.9398902272806,21.9583511352539
1,32.96,10.943223527167,21.970272064209
1,32.97,10.9465568270534,21.9869613647461
1,32.98,10.9498901269399,22.0000743865967
1,32.99,10.9532234268263,22.0108032226563
1,33,10.9565567267127,22.0263004302979
1,33.01,10.9598900265992,22.0394134521484
1,33.02,10.9632233264856,22.0584869384766
1,33.03,10.966556626372,22.0680236816406
1,33.04,10.9698899262585,22.0811367034912
1,33.05,10.9732232261449,22.0930576324463
1,33.06,10.9765565260313,22.1049785614014
1,33.07,10.9798898259178,22.122859954834
1,33.08,10.9832231258042,22.1431255340576
1,33.09,10.9865564256907,22.1586227416992
1,33.1,10.9898897255771,22.1753120422363
1,33.11,10.9932230254635,22.1872329711914
1,33.12,10.99655632535,22.2146511077881
1,33.13,10.9998896252364,22.2265720367432
1,33.14,11.0032229251228,22.2468376159668
1,33.15,11.0065562250093,22.2587585449219
1,33.16,11.0098895248957,22.282600402832
1,33.17,11.0132228247821,22.2969055175781
1,33.18,11.0165561246686,22.3147869110107
1,33.19,11.019889424555,22.3278999328613
1,33.2,11.0232227244414,22.3433971405029
1,33.21,11.0265560243279,22.3517417907715
1,33.22,11.0298893242143,22.3720073699951
1,33.23,11.0332226241007,22.3863124847412
1,33.24,11.0365559239872,22.3970413208008
1,33.25,11.0398892238736,22.4113464355469
1,33.26,11.0432225237601,22.4196910858154
1,33.27,11.0465558236465,22.428035736084
1,33.28,11.0498891235329,22.4435329437256
1,33.29,11.0532224234194,22.4542617797852
1,33.3,11.0565557233058,22.4649906158447
1,33.31,11.0598890231922,22.4792957305908
1,33.32,11.0632223230787,22.4924087524414
1,33.33,11.0665556229651,22.50075340271
1,33.34,11.0698889228515,22.5234031677246
1,33.35,11.073222222738,22.5317478179932
1,33.36,11.0765555226244,22.5472450256348
1,33.37,11.0798888225108,22.5687026977539
1,33.38,11.0832221223973,22.5818157196045
1,33.39,11.0865554222837,22.5985050201416
1,33.4,11.0898887221701,22.6140022277832
1,33.41,11.0932220220566,22.6294994354248
1,33.42,11.096555321943,22.6473808288574
1,33.43,11.0998886218295,22.658109664917
1,33.44,11.1032219217159,22.6700305938721
1,33.45,11.1065552216023,22.6807594299316
1,33.46,11.1098885214888,22.6914882659912
1,33.47,11.1132218213752,22.7057933807373
1,33.48,11.1165551212616,22.7129459381104
1,33.49,11.1198884211481,22.7224826812744
1,33.5,11.1232217210345,22.7391719818115
1,33.51,11.1265550209209,22.7487087249756
1,33.52,11.1298883208074,22.7689743041992
1,33.53,11.1332216206938,22.7808952331543
1,33.54,11.1365549205802,22.7940082550049
1,33.55,11.1398882204667,22.80592918396
1,33.56,11.1432215203531,22.8297710418701
1,33.57,11.1465548202395,22.8369235992432
1,33.58,11.149888120126,22.8619575500488
1,33.59,11.1532214200124,22.8738784790039
1,33.6,11.1565547198988,22.883415222168
1,33.61,11.1598880197853,22.9036808013916
1,33.62,11.1632213196717,22.9132175445557
1,33.63,11.1665546195582,22.9310989379883
1,33.64,11.1698879194446,22.9489803314209
1,33.65,11.173221219331,22.963285446167
1,33.66,11.1765545192175,22.9775905609131
1,33.67,11.1798878191039,22.9990482330322
1,33.68,11.1832211189903,23.0145454406738
1,33.69,11.1865544188768,23.038387298584
1,33.7,11.1898877187632,23.045539855957
1,33.71,11.1932210186496,23.0705738067627
1,33.72,11.1965543185361,23.0860710144043
1,33.73,11.1998876184225,23.1027603149414
1,33.74,11.2032209183089,23.123025894165
1,33.75,11.2065542181954,23.1361389160156
1,33.76,11.2098875180818,23.1528282165527
1,33.77,11.2132208179682,23.1695175170898
1,33.78,11.2165541178547,23.1850147247314
1,33.79,11.2198874177411,23.1969356536865
1,33.8,11.2232207176276,23.2195854187012
1,33.81,11.226554017514,23.2386589050293
1,33.82,11.2298873174004,23.2565402984619
1,33.83,11.2332206172869,23.273229598999
1,33.84,11.2365539171733,23.2887268066406
1,33.85,11.2398872170597,23.3042240142822
1,33.86,11.2432205169462,23.3125686645508
1,33.87,11.2465538168326,23.3364105224609
1,33.88,11.249887116719,23.350715637207
1,33.89,11.2532204166055,23.3674049377441
1,33.9,11.2565537164919,23.3769416809082
1,33.91,11.2598870163783,23.3960151672363
1,33.92,11.2632203162648,23.4150886535645
1,33.93,11.2665536161512,23.4270095825195
1,33.94,11.2698869160377,23.4425067901611
1,33.95,11.2732202159241,23.4580039978027
1,33.96,11.2765535158105,23.4723091125488
1,33.97,11.279886815697,23.4889984130859
1,33.98,11.2832201155834,23.4997272491455
1,33.99,11.2865534154698,23.5140323638916
1,34,11.2898867153563,23.5235691070557
1,34.01,11.2932200152427,23.5378742218018
1,34.02,11.2965533151291,23.5509872436523
1,34.03,11.2998866150156,23.5629081726074
1,34.04,11.303219914902,23.5819816589355
1,34.05,11.3065532147884,23.5879421234131
1,34.06,11.3098865146749,23.5998630523682
1,34.07,11.3132198145613,23.6153602600098
1,34.08,11.3165531144477,23.6308574676514
1,34.09,11.3198864143342,23.6427783966064
1,34.1,11.3232197142206,23.6618518829346
1,34.11,11.326553014107,23.6809253692627
1,34.12,11.3298863139935,23.6916542053223
1,34.13,11.3332196138799,23.7083435058594
1,34.14,11.3365529137664,23.7190723419189
1,34.15,11.3398862136528,23.726224899292
1,34.16,11.3432195135392,23.7393379211426
1,34.17,11.3465528134257,23.7417221069336
1,34.18,11.3498861133121,23.7560272216797
1,34.19,11.3532194131985,23.7679481506348
1,34.2,11.356552713085,23.7798690795898
1,34.21,11.3598860129714,23.796558380127
1,34.22,11.3632193128578,23.808479309082
1,34.23,11.3665526127443,23.8215923309326
1,34.24,11.3698859126307,23.8418579101563
1,34.25,11.3732192125171,23.8609313964844
1,34.26,11.3765525124036,23.8800048828125
1,34.27,11.37988581229,23.8966941833496
1,34.28,11.3832191121764,23.9145755767822
1,34.29,11.3865524120629,23.9300727844238
1,34.3,11.3898857119493,23.951530456543
1,34.31,11.3932190118358,23.9694118499756
1,34.32,11.3965523117222,23.9884853363037
1,34.33,11.3998856116086,24.0063667297363
1,34.34,11.4032189114951,24.0218639373779
1,34.35,11.4065522113815,24.0421295166016
1,34.36,11.4098855112679,24.0468978881836
1,34.37,11.4132188111544,24.0659713745117
1,34.38,11.4165521110408,24.0886211395264
1,34.39,11.4198854109272,24.106502532959
1,34.4,11.4232187108137,24.1267681121826
1,34.41,11.4265520107001,24.1422653198242
1,34.42,11.4298853105865,24.1553783416748
1,34.43,11.433218610473,24.1720676422119
1,34.44,11.4365519103594,24.188756942749
1,34.45,11.4398852102458,24.2090225219727
1,34.46,11.4432185101323,24.2257118225098
1,34.47,11.4465518100187,24.2388248443604
1,34.48,11.4498851099052,24.2555141448975
1,34.49,11.4532184097916,24.2674350738525
1,34.5,11.456551709678,24.2888927459717
1,34.51,11.4598850095645,24.3055820465088
1,34.52,11.4632183094509,24.3186950683594
1,34.53,11.4665516093373,24.336576461792
1,34.54,11.4698849092238,24.3496894836426
1,34.55,11.4732182091102,24.3663787841797
1,34.56,11.4765515089966,24.3866443634033
1,34.57,11.4798848088831,24.4045257568359
1,34.58,11.4832181087695,24.4224071502686
1,34.59,11.4865514086559,24.4390964508057
1,34.6,11.4898847085424,24.4510173797607
1,34.61,11.4932180084288,24.4629383087158
1,34.62,11.4965513083152,24.486780166626
1,34.63,11.4998846082017,24.5070457458496
1,34.64,11.5032179080881,24.5213508605957
1,34.65,11.5065512079746,24.5463848114014
1,34.66,11.509884507861,24.5583057403564
1,34.67,11.5132178077474,24.5809555053711
1,34.68,11.5165511076339,24.5988368988037
1,34.69,11.5198844075203,24.6202945709229
1,34.7,11.5232177074067,24.63698387146
1,34.71,11.5298843071796,24.6655941009521
1,34.73,11.533217607066,24.7097015380859
1,34.74,11.5365509069525,24.7299671173096
1,34.75,11.5398842068389,24.7466564178467
1,34.76,11.5465508066118,24.7752666473389
1,34.77,11.5498841064982,24.789571762085
1,34.79,11.5532174063846,24.8229503631592
1,34.8,11.5598840061575,24.8432159423828
1,34.81,11.563217306044,24.8599052429199
1,34.82,11.5665506059304,24.876594543457
1,34.83,11.5698839058168,24.8873233795166
1,34.85,11.5732172057033,24.9314308166504
1,34.86,11.5798838054761,24.9528884887695
1,34.87,11.5832171053626,24.9767303466797
1,34.88,11.586550405249,24.9886512756348
1,34.89,11.5898837051354,25.0148773193359
1,34.9,11.5932170050219,25.0303745269775
1,34.91,11.5965503049083,25.0506401062012
1,34.92,11.5998836047947,25.0732898712158
1,34.93,11.6032169046812,25.0899791717529
1,34.94,11.6065502045676,25.1185894012451
1,34.95,11.609883504454,25.1317024230957
1,34.96,11.6132168043405,25.1531600952148
1,34.97,11.6165501042269,25.169849395752
1,34.98,11.6198834041134,25.1877307891846
1,34.99,11.6232167039998,25.2032279968262
1,35,11.6265500038862,25.2223014831543
1,35.01,11.6298833037727,25.2342224121094
1,35.02,11.6332166036591,25.2449512481689
1,35.03,11.6365499035455,25.2556800842285
1,35.04,11.639883203432,25.2652168273926
1,35.05,11.6432165033184,25.2723693847656
1,35.06,11.6465498032048,25.2878665924072
1,35.07,11.6498831030913,25.2974033355713
1,35.08,11.6532164029777,25.3069400787354
1,35.09,11.6565497028641,25.3140926361084
1,35.1,11.6598830027506,25.322437286377
1,35.11,11.663216302637,25.3379344940186
1,35.12,11.6665496025234,25.3593921661377
1,35.13,11.6698829024099,25.3748893737793
1,35.14,11.6732162022963,25.3927707672119
1,35.15,11.6765495021828,25.409460067749
1,35.16,11.6798828020692,25.4297256469727
1,35.17,11.6832161019556,25.4416465759277
1,35.18,11.6865494018421,25.4714488983154
1,35.19,11.6898827017285,25.4833698272705
1,35.2,11.6932160016149,25.4976749420166
1,35.21,11.6965493015014,25.5215167999268
1,35.22,11.6998826013878,25.5322456359863
1,35.23,11.7032159012742,25.554895401001
1,35.24,11.7065492011607,25.5680084228516
1,35.25,11.7098825010471,25.5894660949707
1,35.26,11.7132158009335,25.6025791168213
1,35.27,11.71654910082,25.6192684173584
1,35.28,11.7198824007064,25.6311893463135
1,35.29,11.7232157005928,25.6466865539551
1,35.3,11.7265490004793,25.6621837615967
1,35.31,11.7298823003657,25.6681442260742
1,35.32,11.7332156002522,25.6848335266113
1,35.33,11.7365489001386,25.7015228271484
1,35.34,11.739882200025,25.7158279418945
1,35.35,11.7432154999115,25.7277488708496
1,35.36,11.7465487997979,25.7372856140137
1,35.37,11.7498820996843,25.7492065429688
1,35.38,11.7532153995708,25.7647037506104
1,35.39,11.7565486994572,25.7766246795654
1,35.4,11.7598819993436,25.7968902587891
1,35.41,11.7632152992301,25.8195400238037
1,35.42,11.7665485991165,25.8314609527588
1,35.43,11.7698818990029,25.8505344390869
1,35.44,11.7732151988894,25.867223739624
1,35.45,11.7765484987758,25.8839130401611
1,35.46,11.7798817986622,25.9053707122803
1,35.47,11.7832150985487,25.9232521057129
1,35.48,11.7865483984351,25.944709777832
1,35.49,11.7898816983216,25.9566307067871
1,35.5,11.793214998208,25.9721279144287
1,35.51,11.7965482980944,25.9876251220703
1,35.52,11.7998815979809,25.9935855865479
1,35.53,11.8032148978673,26.0162353515625
1,35.54,11.8065481977537,26.0317325592041
1,35.55,11.8098814976402,26.0436534881592
1,35.56,11.8132147975266,26.0519981384277
1,35.57,11.816548097413,26.0603427886963
1,35.58,11.8198813972995,26.0782241821289
1,35.59,11.8232146971859,26.0841846466064
1,35.6,11.8265479970723,26.1008739471436
1,35.61,11.8298812969588,26.1068344116211
1,35.62,11.8332145968452,26.1211395263672
1,35.63,11.8365478967316,26.1366367340088
1,35.64,11.8398811966181,26.1569023132324
1,35.65,11.8432144965045,26.1664390563965
1,35.66,11.846547796391,26.1867046356201
1,35.67,11.8498810962774,26.2105464935303
1,35.68,11.8532143961638,26.2260437011719
1,35.69,11.8565476960503,26.2451171875
1,35.7,11.8598809959367,26.2629985809326
1,35.71,11.8632142958231,26.2904167175293
1,35.72,11.8665475957096,26.3071060180664
1,35.73,11.869880895596,26.3345241546631
1,35.74,11.8732141954824,26.3524055480957
1,35.75,11.8765474953689,26.3714790344238
1,35.76,11.8798807952553,26.3869762420654
1,35.77,11.8832140951417,26.4096260070801
1,35.78,11.8865473950282,26.4251232147217
1,35.79,11.8898806949146,26.4441967010498
1,35.8,11.893213994801,26.4561176300049
1,35.81,11.8965472946875,26.4644622802734
1,35.82,11.8998805945739,26.477575302124
1,35.83,11.9032138944604,26.4859199523926
1,35.84,11.9065471943468,26.4942646026611
1,35.85,11.9098804942332,26.5097618103027
1,35.86,11.9132137941197,26.5157222747803
1,35.87,11.9165470940061,26.5216827392578
1,35.88,11.9198803938925,26.5324115753174
1,35.89,11.923213693779,26.5395641326904
1,35.9,11.9265469936654,26.5514850616455
1,35.91,11.9298802935518,26.5562534332275
1,35.92,11.9332135934383,26.5622138977051
1,35.93,11.9365468933247,26.5634059906006
1,35.94,11.9398801932111,26.5586376190186
1,35.95,11.9432134930976,26.5657901763916
1,35.96,11.946546792984,26.5753269195557
1,35.97,11.9498800928704,26.5812873840332
1,35.98,11.9532133927569,26.5812873840332
1,35.99,11.9565466926433,26.5908241271973
1,36,11.9598799925297,26.5991687774658
1,36.01,11.9632132924162,26.6170501708984
1,36.02,11.9665465923026,26.627779006958
1,36.03,11.9698798921891,26.6408920288086
1,36.04,11.9732131920755,26.6492366790771
1,36.05,11.9765464919619,26.6587734222412
1,36.06,11.9798797918484,26.6790390014648
1,36.07,11.9832130917348,26.695728302002
1,36.08,11.9865463916212,26.7088413238525
1,36.09,11.9898796915077,26.7279148101807
1,36.1,11.9932129913941,26.7469882965088
1,36.11,11.9965462912805,26.7612934112549
1,36.12,11.999879591167,26.7839431762695
1,36.13,12.0032128910534,26.8006324768066
1,36.14,12.0065461909398,26.8220901489258
1,36.15,12.0098794908263,26.8411636352539
1,36.16,12.0132127907127,26.8566608428955
1,36.17,12.0165460905991,26.8673896789551
1,36.18,12.0198793904856,26.8971920013428
1,36.19,12.023212690372,26.9150733947754
1,36.2,12.0265459902585,26.9341468811035
1,36.21,12.0298792901449,26.9508361816406
1,36.22,12.0332125900313,26.9651412963867
1,36.23,12.0365458899178,26.9806385040283
1,36.24,12.0398791898042,26.9985198974609
1,36.25,12.0432124896906,27.012825012207
1,36.26,12.0465457895771,27.0342826843262
1,36.27,12.0498790894635,27.0485877990723
1,36.28,12.0532123893499,27.0628929138184
1,36.29,12.0565456892364,27.0724296569824
1,36.3,12.0598789891228,27.0926952362061
1,36.31,12.0632122890092,27.1046161651611
1,36.32,12.0665455888957,27.1272659301758
1,36.33,12.0698788887821,27.1439552307129
1,36.34,12.0732121886685,27.165412902832
1,36.35,12.076545488555,27.1797180175781
1,36.36,12.0798787884414,27.2023677825928
1,36.37,12.0832120883279,27.2250175476074
1,36.38,12.0865453882143,27.2440910339355
1,36.39,12.0898786881007,27.2607803344727
1,36.4,12.0932119879872,27.2810459136963
1,36.41,12.0965452878736,27.3120403289795
1,36.42,12.09987858776,27.3311138153076
1,36.43,12.1032118876465,27.3525714874268
1,36.44,12.1065451875329,27.3728370666504
1,36.45,12.1098784874193,27.4026393890381
1,36.46,12.1132117873058,27.4181365966797
1,36.47,12.1165450871922,27.4384021759033
1,36.48,12.1198783870786,27.4538993835449
1,36.49,12.1232116869651,27.4825096130371
1,36.5,12.1265449868515,27.4991989135742
1,36.51,12.1298782867379,27.5182723999023
1,36.52,12.1332115866244,27.5373458862305
1,36.53,12.1365448865108,27.5492668151855
1,36.54,12.1398781863973,27.5743007659912
1,36.55,12.1432114862837,27.5969505310059
1,36.56,12.1465447861701,27.6148319244385
1,36.57,12.1498780860566,27.6398658752441
1,36.58,12.153211385943,27.6577472686768
1,36.59,12.1565446858294,27.6815891265869
1,36.6,12.1598779857159,27.7030467987061
1,36.61,12.1632112856023,27.7185440063477
1,36.62,12.1665445854887,27.7400016784668
1,36.63,12.1698778853752,27.7590751647949
1,36.64,12.1732111852616,27.7769565582275
1,36.65,12.176544485148,27.7936458587646
1,36.66,12.1798777850345,27.8079509735107
1,36.67,12.1832110849209,27.8329849243164
1,36.68,12.1865443848073,27.8496742248535
1,36.69,12.1898776846938,27.8615951538086
1,36.7,12.1932109845802,27.8794765472412
1,36.71,12.1965442844667,27.8925895690918
1,36.72,12.1998775843531,27.9092788696289
1,36.73,12.2032108842395,27.9295444488525
1,36.74,12.206544184126,27.9498100280762
1,36.75,12.2098774840124,27.9641151428223
1,36.76,12.2132107838988,27.9784202575684
1,36.77,12.2165440837853,27.998685836792
1,36.78,12.2198773836717,28.0165672302246
1,36.79,12.2232106835581,28.0380249023438
1,36.8,12.2265439834446,28.0666351318359
1,36.81,12.229877283331,28.0916690826416
1,36.82,12.2332105832174,28.1143188476563
1,36.83,12.2365438831039,28.1286239624023
1,36.84,12.2398771829903,28.151273727417
1,36.85,12.2432104828767,28.1739234924316
1,36.86,12.2465437827632,28.1941890716553
1,36.87,12.2498770826496,28.2108783721924
1,36.88,12.2532103825361,28.2251834869385
1,36.89,12.2565436824225,28.2406806945801
1,36.9,12.2598769823089,28.2621383666992
1,36.91,12.2632102821954,28.2740592956543
1,36.92,12.2665435820818,28.2943248748779
1,36.93,12.2698768819682,28.311014175415
1,36.94,12.2732101818547,28.3277034759521
1,36.95,12.2765434817411,28.3491611480713
1,36.96,12.2798767816275,28.3682346343994
1,36.97,12.283210081514,28.3896923065186
1,36.98,12.2865433814004,28.4099578857422
1,36.99,12.2898766812868,28.4278392791748
1,37,12.2932099811733,28.4421443939209
1,37.01,12.2965432810597,28.46360206604
1,37.02,12.2998765809461,28.4874439239502
1,37.03,12.3032098808326,28.5029411315918
1,37.04,12.306543180719,28.5196304321289
1,37.05,12.3098764806055,28.5351276397705
1,37.06,12.3132097804919,28.5446643829346
1,37.07,12.3165430803783,28.5601615905762
1,37.08,12.3198763802648,28.5708904266357
1,37.09,12.3232096801512,28.5887718200684
1,37.1,12.3265429800376,28.60426902771
1,37.11,12.3298762799241,28.6149978637695
1,37.12,12.3332095798105,28.6269187927246
1,37.13,12.3365428796969,28.6412239074707
1,37.14,12.3398761795834,28.6555290222168
1,37.15,12.3432094794698,28.6662578582764
1,37.16,12.3465427793562,28.6757946014404
1,37.17,12.3498760792427,28.6853313446045
1,37.18,12.3532093791291,28.6996364593506
1,37.19,12.3565426790155,28.7044048309326
1,37.2,12.359875978902,28.7282466888428
1,37.21,12.3632092787884,28.7401676177979
1,37.22,12.3665425786749,28.7544727325439
1,37.23,12.3698758785613,28.766393661499
1,37.24,12.3732091784477,28.7830829620361
1,37.25,12.3765424783342,28.7950038909912
1,37.26,12.3798757782206,28.8069248199463
1,37.27,12.383209078107,28.8236141204834
1,37.28,12.3865423779935,28.839111328125
1,37.29,12.3898756778799,28.8498401641846
1,37.3,12.3932089777663,28.8617610931396
1,37.31,12.3965422776528,28.8808345794678
1,37.32,12.3998755775392,28.8927555084229
1,37.33,12.4032088774256,28.9058685302734
1,37.34,12.4065421773121,28.9177894592285
1,37.35,12.4098754771985,28.9285182952881
1,37.36,12.4132087770849,28.9428234100342
1,37.37,12.4165420769714,28.9511680603027
1,37.38,12.4198753768578,28.9690494537354
1,37.39,12.4232086767443,28.986930847168
1,37.4,12.4265419766307,28.998851776123
1,37.41,12.4298752765171,29.0071964263916
1,37.42,12.4332085764036,29.0274620056152
1,37.43,12.43654187629,29.0441513061523
1,37.44,12.4398751761764,29.0608406066895
1,37.45,12.4432084760629,29.0751457214355
1,37.46,12.4465417759493,29.0882587432861
1,37.47,12.4498750758357,29.1085243225098
1,37.48,12.4532083757222,29.1144847869873
1,37.49,12.4565416756086,29.141902923584
1,37.5,12.459874975495,29.1526317596436
1,37.51,12.4632082753815,29.1717052459717
1,37.52,12.4665415752679,29.1883945465088
1,37.53,12.4698748751543,29.1955471038818
1,37.54,12.4732081750408,29.2205810546875
1,37.55,12.4765414749272,29.2313098907471
1,37.56,12.4798747748137,29.2539596557617
1,37.57,12.4832080747001,29.2634963989258
1,37.58,12.4865413745865,29.2766094207764
1,37.59,12.489874674473,29.2956829071045
1,37.6,12.4932079743594,29.3159484863281
1,37.61,12.4965412742458,29.3302536010742
1,37.62,12.4998745741323,29.3540954589844
1,37.63,12.5032078740187,29.3684005737305
1,37.64,12.5065411739051,29.3838977813721
1,37.65,12.5098744737916,29.4041633605957
1,37.66,12.513207773678,29.4172763824463
1,37.67,12.5165410735644,29.4375419616699
1,37.68,12.5198743734509,29.451847076416
1,37.69,12.5232076733373,29.4685363769531
1,37.7,12.5265409732237,29.4876098632813
1,37.71,12.5298742731102,29.5019149780273
1,37.72,12.5332075729966,29.5257568359375
1,37.73,12.5365408728831,29.5424461364746
1,37.74,12.5398741727695,29.5591354370117
1,37.75,12.5432074726559,29.5901298522949
1,37.76,12.5465407725424,29.604434967041
1,37.77,12.5498740724288,29.6306610107422
1,37.78,12.5532073723152,29.6401977539063
1,37.79,12.5565406722017,29.6640396118164
1,37.8,12.5598739720881,29.6950340270996
1,37.81,12.5632072719745,29.7117233276367
1,37.82,12.566540571861,29.7427177429199
1,37.83,12.5698738717474,29.7665596008301
1,37.84,12.5732071716338,29.7880172729492
1,37.85,12.5765404715203,29.8118591308594
1,37.86,12.5798737714067,29.8333168029785
1,37.87,12.5832070712931,29.8738479614258
1,37.88,12.5865403711796,29.8905372619629
1,37.89,12.589873671066,29.914379119873
1,37.9,12.5932069709525,29.9382209777832
1,37.91,12.5965402708389,29.9763679504395
1,37.92,12.5998735707253,29.9906730651855
1,37.93,12.6032068706118,30.0168991088867
1,37.94,12.6065401704982,30.0359725952148
1,37.95,12.6098734703846,30.0502777099609
1,37.96,12.6132067702711,30.0812721252441
1,37.97,12.6165400701575,30.1003456115723
1,37.98,12.6198733700439,30.1194190979004
1,37.99,12.6232066699304,30.1456451416016
1,38,12.6265399698168,30.1504135131836
1,38.01,12.6298732697032,30.1861763000488
1,38.02,12.6332065695897,30.1933288574219
1,38.03,12.6365398694761,30.21240234375
1,38.04,12.6398731693625,30.2290916442871
1,38.05,12.643206469249,30.2433967590332
1,38.06,12.6465397691354,30.2624702453613
1,38.07,12.6498730690219,30.2720069885254
1,38.08,12.6532063689083,30.2863121032715
1,38.09,12.6565396687947,30.3053855895996
1,38.1,12.6598729686812,30.3196907043457
1,38.11,12.6632062685676,30.3339958190918
1,38.12,12.6698728683405,30.3483009338379
1,38.14,12.6732061682269,30.3864479064941
1,38.15,12.6765394681133,30.3959846496582
1,38.16,12.6798727679998,30.4079055786133
1,38.17,12.6832060678862,30.4293632507324
1,38.18,12.6865393677726,30.4579734802246
1,38.19,12.6898726676591,30.4698944091797
1,38.2,12.6932059675455,30.4913520812988
1,38.21,12.6998725673184,30.512809753418
1,38.22,12.7032058672048,30.5294990539551
1,38.24,12.7065391670913,30.5485725402832
1,38.25,12.7098724669777,30.5819511413574
1,38.26,12.7165390667506,30.5962562561035
1,38.27,12.719872366637,30.6057929992676
1,38.28,12.7232056665234,30.6272506713867
1,38.29,12.7265389664099,30.6367874145508
1,38.3,12.7298722662963,30.6487083435059
1,38.31,12.7332055661827,30.670166015625
1,38.32,12.7365388660692,30.674934387207
1,38.33,12.7398721659556,30.6820869445801
1,38.34,12.743205465842,30.6963920593262
1,38.35,12.7465387657285,30.7178497314453
1,38.36,12.7498720656149,30.7369232177734
1,38.37,12.7532053655013,30.7488441467285
1,38.38,12.7565386653878,30.7655334472656
1,38.39,12.7598719652742,30.7655334472656
1,38.4,12.7632052651607,30.7917594909668
1,38.41,12.7665385650471,30.7989120483398
1,38.42,12.7698718649335,30.820369720459
1,38.43,12.77320516482,30.8346748352051
1,38.44,12.7765384647064,30.8609008789063
1,38.45,12.7798717645928,30.8799743652344
1,38.46,12.7832050644793,30.9014320373535
1,38.47,12.7865383643657,30.9109687805176
1,38.48,12.7898716642521,30.9443473815918
1,38.49,12.7932049641386,30.9586524963379
1,38.5,12.796538264025,30.975341796875
1,38.51,12.7998715639114,31.0039520263672
1,38.52,12.8032048637979,31.0277938842773
1,38.53,12.8065381636843,31.0468673706055
1,38.54,12.8098714635707,31.0540199279785
1,38.55,12.8132047634572,31.0778617858887
1,38.56,12.8165380633436,31.0921669006348
1,38.57,12.81987136323,31.1183929443359
1,38.58,12.8232046631165,31.1279296875
1,38.59,12.8265379630029,31.1470031738281
1,38.6,12.8298712628894,31.1565399169922
1,38.61,12.8332045627758,31.1684608459473
1,38.62,12.8365378626622,31.1875343322754
1,38.63,12.8398711625487,31.2018394470215
1,38.64,12.8432044624351,31.2161445617676
1,38.65,12.8465377623215,31.2185287475586
1,38.66,12.849871062208,31.2280654907227
1,38.67,12.8532043620944,31.2566757202148
1,38.68,12.8565376619808,31.2685966491699
1,38.69,12.8598709618673,31.285285949707
1,38.7,12.8632042617537,31.2900543212891
1,38.71,12.8665375616401,31.3067436218262
1,38.72,12.8698708615266,31.3138961791992
1,38.73,12.873204161413,31.3234329223633
1,38.74,12.8765374612995,31.3377380371094
1,38.75,12.8798707611859,31.3544273376465
1,38.76,12.8832040610723,31.3782691955566
1,38.77,12.8865373609588,31.3878059387207
1,38.78,12.8898706608452,31.3973426818848
1,38.79,12.8932039607316,31.4211845397949
1,38.8,12.8965372606181,31.4188003540039
1,38.81,12.8998705605045,31.43310546875
1,38.82,12.9032038603909,31.4521789550781
1,38.83,12.9065371602774,31.4712524414063
1,38.84,12.9098704601638,31.4903259277344
1,38.85,12.9132037600502,31.5022468566895
1,38.86,12.9165370599367,31.5356254577637
1,38.87,12.9198703598231,31.5475463867188
1,38.88,12.9232036597095,31.5690040588379
1,38.89,12.926536959596,31.5737724304199
1,38.9,12.9298702594824,31.5952301025391
1,38.91,12.9332035593688,31.6143035888672
1,38.92,12.9365368592553,31.6214561462402
1,38.93,12.9398701591417,31.6476821899414
1,38.94,12.9432034590282,31.6596031188965
1,38.95,12.9465367589146,31.6691398620605
1,38.96,12.949870058801,31.6786766052246
1,38.97,12.9532033586875,31.6929817199707
1,38.98,12.9565366585739,31.7120552062988
1,38.99,12.9598699584603,31.7263603210449
1,39,12.9632032583468,31.7263603210449
1,39.01,12.9665365582332,31.7502021789551
1,39.02,12.9698698581196,31.7764282226563
1,39.03,12.9732031580061,31.7931175231934
1,39.04,12.9765364578925,31.8121910095215
1,39.05,12.9798697577789,31.8241119384766
1,39.06,12.9832030576654,31.8622589111328
1,39.07,12.9865363575518,31.8741798400879
1,39.08,12.9898696574382,31.895637512207
1,39.09,12.9932029573247,31.9147109985352
1,39.1,12.9965362572111,31.9290161132813
1,39.11,12.9998695570976,31.9600105285645
1,39.12,13.003202856984,31.9790840148926
1,39.13,13.0065361568704,31.9981575012207
1,39.14,13.0098694567569,32.0124626159668
1,39.15,13.0132027566433,32.050609588623
1,39.16,13.0165360565297,32.0816040039063
1,39.17,13.0198693564162,32.1102142333984
1,39.18,13.0232026563026,32.1316719055176
1,39.19,13.026535956189,32.1602821350098
1,39.2,13.0298692560755,32.1841239929199
1,39.21,13.0332025559619,32.2127342224121
1,39.22,13.0365358558483,32.2270393371582
1,39.23,13.0398691557348,32.2389602661133
1,39.24,13.0432024556212,32.2532653808594
1,39.25,13.0465357555076,32.2842597961426
1,39.26,13.0498690553941,32.2890281677246
1,39.27,13.0532023552805,32.3033332824707
1,39.28,13.056535655167,32.3128700256348
1,39.29,13.0598689550534,32.3224067687988
1,39.3,13.0632022549398,32.3390960693359
1,39.31,13.0665355548263,32.3581695556641
1,39.32,13.0698688547127,32.3796272277832
1,39.33,13.0732021545991,32.3915481567383
1,39.34,13.0765354544856,32.4177742004395
1,39.35,13.079868754372,32.4344635009766
1,39.36,13.0832020542584,32.4654579162598
1,39.37,13.0865353541449,32.4773788452148
1,39.38,13.0898686540313,32.494068145752
1,39.39,13.0932019539177,32.5250625610352
1,39.4,13.0965352538042,32.5393676757813
1,39.41,13.0998685536906,32.5489044189453
1,39.42,13.103201853577,32.5870513916016
1,39.43,13.1065351534635,32.6037406921387
1,39.44,13.1098684533499,32.6156616210938
1,39.45,13.1132017532364,32.6347351074219
1,39.46,13.1165350531228,32.646656036377
1,39.47,13.1198683530092,32.6681137084961
1,39.48,13.1232016528957,32.6800346374512
1,39.49,13.1265349527821,32.6943397521973
1,39.5,13.1298682526685,32.7038764953613
1,39.51,13.133201552555,32.7014923095703
1,39.52,13.1365348524414,32.7253341674805
1,39.53,13.1398681523278,32.7515602111816
1,39.54,13.1432014522143,32.7777862548828
1,39.55,13.1465347521007,32.7920913696289
1,39.56,13.1498680519871,32.806396484375
1,39.57,13.1532013518736,32.8159332275391
1,39.58,13.15653465176,32.8445434570313
1,39.59,13.1598679516464,32.8731536865234
1,39.6,13.1632012515329,32.8874588012695
1,39.61,13.1665345514193,32.9160690307617
1,39.62,13.1698678513058,32.9399108886719
1,39.63,13.1732011511922,32.9685211181641
1,39.64,13.1765344510786,32.9780578613281
1,39.65,13.1798677509651,33.0066680908203
1,39.66,13.1832010508515,33.0519676208496
1,39.67,13.1865343507379,33.0853462219238
1,39.68,13.1898676506244,33.109188079834
1,39.69,13.1932009505108,33.1330299377441
1,39.7,13.1965342503972,33.1568717956543
1,39.71,13.1998675502837,33.1783294677734
1,39.72,13.2032008501701,33.2260131835938
1,39.73,13.2065341500565,33.2498550415039
1,39.74,13.209867449943,33.271312713623
1,39.75,13.2132007498294,33.2832336425781
1,39.76,13.2165340497158,33.3142280578613
1,39.77,13.2198673496023,33.3237648010254
1,39.78,13.2232006494887,33.3499908447266
1,39.79,13.2265339493752,33.3523750305176
1,39.8,13.2298672492616,33.3786010742188
1,39.81,13.233200549148,33.3809852600098
1,39.82,13.2365338490345,33.409595489502
1,39.83,13.2398671489209,33.419132232666
1,39.84,13.2432004488073,33.4334373474121
1,39.85,13.2465337486938,33.4453582763672
1,39.86,13.2498670485802,33.4572792053223
1,39.87,13.2532003484666,33.4692001342773
1,39.88,13.2565336483531,33.4811210632324
1,39.89,13.2598669482395,33.4954261779785
1,39.9,13.2632002481259,33.5144996643066
1,39.91,13.2665335480124,33.5216522216797
1,39.92,13.2698668478988,33.5383415222168
1,39.93,13.2732001477852,33.5454940795898
1,39.94,13.2765334476717,33.5693359375
1,39.95,13.2798667475581,33.574104309082
1,39.96,13.2832000474446,33.576488494873
1,39.97,13.286533347331,33.5931777954102
1,39.98,13.2898666472174,33.6027145385742
1,39.99,13.2931999471039,33.6098670959473
1,40,13.2965332469903,33.6122512817383
1,40.01,13.2998665468767,33.6217880249023
1,40.02,13.3031998467632,33.6432456970215
1,40.03,13.3065331466496,33.6527824401855
1,40.04,13.309866446536,33.6503982543945
1,40.05,13.3131997464225,33.6718559265137
1,40.06,13.3165330463089,33.6766242980957
1,40.07,13.3198663461953,33.7052345275879
1,40.08,13.3231996460818,33.7028503417969
1,40.09,13.3265329459682,33.721923828125
1,40.1,13.3298662458546,33.7338447570801
1,40.11,13.3331995457411,33.7433815002441
1,40.12,13.3365328456275,33.7743759155273
1,40.13,13.339866145514,33.7862968444824
1,40.14,13.3431994454004,33.7934494018555
1,40.15,13.3465327452868,33.8149070739746
1,40.16,13.3498660451733,33.8411331176758
1,40.17,13.3531993450597,33.8506698608398
1,40.18,13.3565326449461,33.8602066040039
1,40.19,13.3598659448326,33.8840484619141
1,40.2,13.363199244719,33.8888168334961
1,40.21,13.3665325446054,33.8888168334961
1,40.22,13.3698658444919,33.9031219482422
1,40.23,13.3731991443783,33.9126586914063
1,40.24,13.3765324442647,33.9317321777344
1,40.25,13.3798657441512,33.9317321777344
1,40.26,13.3831990440376,33.9508056640625
1,40.27,13.386532343924,33.9674949645996
1,40.28,13.3898656438105,33.9913368225098
1,40.29,13.3931989436969,34.0127944946289
1,40.3,13.3965322435834,34.027099609375
1,40.31,13.3998655434698,34.0509414672852
1,40.32,13.4031988433562,34.0819358825684
1,40.33,13.4065321432427,34.0962409973145
1,40.34,13.4098654431291,34.1320037841797
1,40.35,13.4131987430155,34.1510772705078
1,40.36,13.416532042902,34.1701507568359
1,40.37,13.4198653427884,34.2059135437012
1,40.38,13.4231986426748,34.2178344726563
1,40.39,13.4265319425613,34.2416763305664
1,40.4,13.4298652424477,34.2798233032227
1,40.41,13.4331985423341,34.2917442321777
1,40.42,13.4365318422206,34.3084335327148
1,40.43,13.439865142107,34.3203544616699
1,40.44,13.4431984419934,34.3465805053711
1,40.45,13.4465317418799,34.3632698059082
1,40.46,13.4498650417663,34.3704223632813
1,40.47,13.4531983416528,34.3847274780273
1,40.48,13.4565316415392,34.4109535217285
1,40.49,13.4598649414256,34.4228744506836
1,40.5,13.4631982413121,34.4347953796387
1,40.51,13.4665315411985,34.4681739807129
1,40.52,13.4698648410849,34.477710723877
1,40.53,13.4731981409714,34.4944000244141
1,40.54,13.4765314408578,34.5087051391602
1,40.55,13.4798647407442,34.5301628112793
1,40.56,13.4831980406307,34.5635414123535
1,40.57,13.4865313405171,34.5849990844727
1,40.58,13.4898646404035,34.6159934997559
1,40.59,13.49319794029,34.642219543457
1,40.6,13.4965312401764,34.6589088439941
1,40.61,13.4998645400628,34.6851348876953
1,40.62,13.5031978399493,34.7304344177246
1,40.63,13.5065311398357,34.7495079040527
1,40.64,13.5098644397222,34.785270690918
1,40.65,13.5131977396086,34.8091125488281
1,40.66,13.516531039495,34.8353385925293
1,40.67,13.5198643393815,34.8591804504395
1,40.68,13.5231976392679,34.8949432373047
1,40.69,13.5265309391543,34.9164009094238
1,40.7,13.5298642390408,34.937858581543
1,40.71,13.5331975389272,34.947395324707
1,40.72,13.5365308388136,34.9783897399902
1,40.73,13.5398641387001,34.9926948547363
1,40.74,13.5431974385865,35.0117683410645
1,40.75,13.5465307384729,35.0236892700195
1,40.76,13.5498640383594,35.0475311279297
1,40.77,13.5531973382458,35.0618362426758
1,40.78,13.5565306381322,35.0785255432129
1,40.79,13.5598639380187,35.0832939147949
1,40.8,13.5631972379051,35.092830657959
1,40.81,13.5665305377916,35.1047515869141
1,40.82,13.569863837678,35.1214408874512
1,40.83,13.5731971375644,35.1381301879883
1,40.84,13.5765304374509,35.1524353027344
1,40.85,13.5798637373373,35.1619720458984
1,40.86,13.5831970372237,35.1834297180176
1,40.87,13.5865303371102,35.1929664611816
1,40.88,13.5898636369966,35.2048873901367
1,40.89,13.593196936883,35.2358818054199
1,40.9,13.5965302367695,35.247802734375
1,40.91,13.5998635366559,35.2692604064941
1,40.92,13.6031968365423,35.2883338928223
1,40.93,13.6065301364288,35.2978706359863
1,40.94,13.6098634363152,35.3288650512695
1,40.95,13.6131967362016,35.3431701660156
1,40.96,13.6165300360881,35.3741645812988
1,40.97,13.6198633359745,35.395622253418
1,40.98,13.6231966358609,35.4290008544922
1,40.99,13.6265299357474,35.4504585266113
1,41,13.6298632356338,35.4647636413574
1,41.01,13.6331965355203,35.4981422424316
1,41.02,13.6365298354067,35.5172157287598
1,41.03,13.6398631352931,35.5362892150879
1,41.04,13.6431964351796,35.552978515625
1,41.05,13.646529735066,35.5863571166992
1,41.06,13.6498630349524,35.6054306030273
1,41.07,13.6531963348389,35.6292724609375
1,41.08,13.6565296347253,35.6507301330566
1,41.09,13.6598629346117,35.6674194335938
1,41.1,13.6631962344982,35.6817245483398
1,41.11,13.6665295343846,35.703182220459
1,41.12,13.669862834271,35.7198715209961
1,41.13,13.6731961341575,35.7317924499512
1,41.14,13.6765294340439,35.7460975646973
1,41.15,13.6798627339303,35.7747077941895
1,41.16,13.6831960338168,35.7913970947266
1,41.17,13.6865293337032,35.8080863952637
1,41.18,13.6898626335897,35.8247756958008
1,41.19,13.6931959334761,35.8366966247559
1,41.2,13.6965292333625,35.853385925293
1,41.21,13.699862533249,35.8867645263672
1,41.22,13.7031958331354,35.9058380126953
1,41.23,13.7065291330218,35.9225273132324
1,41.24,13.7098624329083,35.9392166137695
1,41.25,13.7131957327947,35.9678268432617
1,41.26,13.7165290326811,35.9773635864258
1,41.27,13.7198623325676,36.0012054443359
1,41.28,13.723195632454,36.0226631164551
1,41.29,13.7265289323404,36.0345840454102
1,41.3,13.7298622322269,36.0584259033203
1,41.31,13.7331955321133,36.0751152038574
1,41.32,13.7365288319998,36.1108779907227
1,41.33,13.7398621318862,36.1204147338867
1,41.34,13.7431954317726,36.1323356628418
1,41.35,13.7465287316591,36.1442565917969
1,41.36,13.7498620315455,36.163330078125
1,41.37,13.7531953314319,36.1824035644531
1,41.38,13.7565286313184,36.1847877502441
1,41.39,13.7598619312048,36.2110137939453
1,41.4,13.7631952310912,36.2181663513184
1,41.41,13.7665285309777,36.2205505371094
1,41.42,13.7698618308641,36.2539291381836
1,41.43,13.7731951307505,36.2658500671387
1,41.44,13.776528430637,36.2753868103027
1,41.45,13.7798617305234,36.2896919250488
1,41.46,13.7831950304098,36.311149597168
1,41.47,13.7865283302963,36.3397598266602
1,41.48,13.7898616301827,36.3636016845703
1,41.49,13.7931949300691,36.3826751708984
1,41.5,13.799861529842,36.4041328430176
1,41.52,13.8031948297285,36.4565849304199
1,41.53,13.8065281296149,36.473274230957
1,41.54,13.8098614295013,36.4947319030762
1,41.55,13.8131947293878,36.5281105041504
1,41.56,13.8165280292742,36.5543365478516
1,41.57,13.8198613291606,36.5877151489258
1,41.58,13.8231946290471,36.6091728210449
1,41.59,13.8298612288199,36.6377830505371
1,41.6,13.8331945287064,36.6425514221191
1,41.61,13.8365278285928,36.6806983947754
1,41.63,13.8398611284792,36.7212295532227
1,41.64,13.8465277282521,36.7522239685059
1,41.65,13.8498610281385,36.7593765258789
1,41.66,13.853194328025,36.780834197998
1,41.67,13.8565276279114,36.7903709411621
1,41.68,13.8598609277979,36.8118286132813
1,41.69,13.8631942276843,36.8237495422363
1,41.7,13.8665275275707,36.8428230285645
1,41.71,13.8698608274572,36.8595123291016
1,41.73,13.87652742723,36.8785858154297
1,41.74,13.8798607271165,36.9143486022949
1,41.75,13.8831940270029,36.928653717041
1,41.76,13.8865273268893,36.9429588317871
1,41.77,13.8898606267758,36.9548797607422
1,41.78,13.8931939266622,36.9620323181152
1,41.79,13.8965272265486,36.9811058044434
1,41.8,13.8998605264351,36.9954109191895
1,41.81,13.9031938263215,37.0025634765625
1,41.82,13.9065271262079,37.0311737060547
1,41.83,13.9098604260944,37.0454788208008
1,41.84,13.9131937259808,37.0645523071289
1,41.85,13.9165270258673,37.074089050293
1,41.86,13.9198603257537,37.081241607666
1,41.87,13.9231936256401,37.1026992797852
1,41.88,13.9265269255266,37.1313095092773
1,41.89,13.929860225413,37.1456146240234
1,41.9,13.9331935252994,37.1670722961426
1,41.91,13.9365268251859,37.1837615966797
1,41.92,13.9398601250723,37.2099876403809
1,41.93,13.9431934249587,37.2314453125
1,41.94,13.9465267248452,37.2552871704102
1,41.95,13.9498600247316,37.2743606567383
1,41.96,13.953193324618,37.2958183288574
1,41.97,13.9565266245045,37.3291969299316
1,41.98,13.9598599243909,37.3578071594238
1,41.99,13.9631932242773,37.376880645752
1,42,13.9665265241638,37.4007225036621
1,42.01,13.9698598240502,37.4174118041992
1,42.02,13.9731931239367,37.4627113342285
1,42.03,13.9765264238231,37.4770164489746
1,42.04,13.9798597237095,37.4984741210938
1,42.05,13.983193023596,37.5103950500488
1,42.06,13.9865263234824,37.5485420227051
1,42.07,13.9898596233688,37.5676155090332
1,42.08,13.9931929232553,37.5938415527344
1,42.09,13.9965262231417,37.6081466674805
1,42.1,13.9998595230281,37.6296043395996
1,42.11,14.0031928229146,37.6462936401367
1,42.12,14.006526122801,37.6701354980469
1,42.13,14.0098594226874,37.696361541748
1,42.14,14.0131927225739,37.7225875854492
1,42.15,14.0165260224603,37.7297401428223
1,42.16,14.0198593223467,37.7488136291504
1,42.17,14.0231926222332,37.7655029296875
1,42.18,14.0265259221196,37.7941131591797
1,42.19,14.0298592220061,37.8131866455078
1,42.2,14.0331925218925,37.837028503418
1,42.21,14.0365258217789,37.8537178039551
1,42.22,14.0398591216654,37.8608703613281
1,42.23,14.0431924215518,37.8847122192383
1,42.24,14.0465257214382,37.9157066345215
1,42.25,14.0498590213247,37.9300117492676
1,42.26,14.0531923212111,37.9395484924316
1,42.27,14.0565256210975,37.9800796508789
1,42.28,14.059858920984,37.992000579834
1,42.29,14.0631922208704,38.0063056945801
1,42.3,14.0665255207568,38.0277633666992
1,42.31,14.0698588206433,38.0444526672363
1,42.32,14.0731921205297,38.0778312683105
1,42.33,14.0765254204161,38.1016731262207
1,42.34,14.0798587203026,38.1159782409668
1,42.35,14.083192020189,38.1278991699219
1,42.36,14.0865253200755,38.1588935852051
1,42.37,14.0898586199619,38.1803512573242
1,42.38,14.0931919198483,38.1827354431152
1,42.39,14.0965252197348,38.2041931152344
1,42.4,14.0998585196212,38.2304191589355
1,42.41,14.1031918195076,38.2423400878906
1,42.42,14.1065251193941,38.2518768310547
1,42.43,14.1098584192805,38.2709503173828
1,42.44,14.1131917191669,38.2900238037109
1,42.45,14.1165250190534,38.3090972900391
1,42.46,14.1198583189398,38.3496284484863
1,42.47,14.1231916188262,38.3591651916504
1,42.48,14.1265249187127,38.3853912353516
1,42.49,14.1298582185991,38.3925437927246
1,42.5,14.1331915184855,38.4068489074707
1,42.51,14.136524818372,38.4402275085449
1,42.52,14.1398581182584,38.4616851806641
1,42.53,14.1431914181449,38.4879112243652
1,42.54,14.1465247180313,38.5093688964844
1,42.55,14.1498580179177,38.5308265686035
1,42.56,14.1531913178042,38.5427474975586
1,42.57,14.1565246176906,38.5618209838867
1,42.58,14.159857917577,38.5856628417969
1,42.59,14.1631912174635,38.611888885498
1,42.6,14.1665245173499,38.6333465576172
1,42.61,14.1698578172363,38.6476516723633
1,42.62,14.1731911171228,38.6571884155273
1,42.63,14.1765244170092,38.6881828308105
1,42.64,14.1798577168956,38.7120246887207
1,42.65,14.1831910167821,38.7310981750488
1,42.66,14.1865243166685,38.752555847168
1,42.67,14.1898576165549,38.762092590332
1,42.68,14.1931909164414,38.7787818908691
1,42.69,14.1965242163278,38.8026237487793
1,42.7,14.1998575162143,38.8312339782715
1,42.71,14.2031908161007,38.8526916503906
1,42.72,14.2065241159871,38.8693809509277
1,42.73,14.2098574158736,38.8908386230469
1,42.74,14.21319071576,38.917064666748
1,42.75,14.2165240156464,38.9409065246582
1,42.76,14.2198573155329,38.9623641967773
1,42.77,14.2231906154193,38.9981269836426
1,42.78,14.2265239153057,39.0148162841797
1,42.79,14.2298572151922,39.0362739562988
1,42.8,14.2331905150786,39.057731628418
1,42.81,14.236523814965,39.0791893005371
1,42.82,14.2398571148515,39.0863418579102
1,42.83,14.2431904147379,39.1101837158203
1,42.84,14.2465237146243,39.1340255737305
1,42.85,14.2498570145108,39.1459465026855
1,42.86,14.2531903143972,39.1530990600586
1,42.87,14.2565236142837,39.1745567321777
1,42.88,14.2598569141701,39.1960144042969
1,42.89,14.2631902140565,39.215087890625
1,42.9,14.266523513943,39.2246246337891
1,42.91,14.2698568138294,39.2413139343262
1,42.92,14.2731901137158,39.2580032348633
1,42.93,14.2765234136023,39.2818450927734
1,42.94,14.2798567134887,39.3080711364746
1,42.95,14.2831900133751,39.3271446228027
1,42.96,14.2865233132616,39.3462181091309
1,42.97,14.289856613148,39.374828338623
1,42.98,14.2931899130344,39.3915176391602
1,42.99,14.2965232129209,39.4225120544434
1,43,14.2998565128073,39.4487380981445
1,43.01,14.3031898126937,39.4749641418457
1,43.02,14.3065231125802,39.4988059997559
1,43.03,14.3098564124666,39.525032043457
1,43.04,14.3131897123531,39.5393371582031
1,43.05,14.3165230122395,39.5607948303223
1,43.06,14.3198563121259,39.5894050598145
1,43.07,14.3231896120124,39.6108627319336
1,43.08,14.3265229118988,39.6323204040527
1,43.09,14.3298562117852,39.6561622619629
1,43.1,14.3331895116717,39.670467376709
1,43.11,14.3365228115581,39.6847724914551
1,43.12,14.3398561114445,39.7109985351563
1,43.13,14.343189411331,39.7372245788574
1,43.14,14.3465227112174,39.7562980651855
1,43.15,14.3498560111038,39.7610664367676
1,43.16,14.3531893109903,39.7920608520508
1,43.17,14.3565226108767,39.8159027099609
1,43.18,14.3598559107631,39.832592010498
1,43.19,14.3631892106496,39.8564338684082
1,43.2,14.366522510536,39.8755073547363
1,43.21,14.3698558104225,39.9017333984375
1,43.22,14.3731891103089,39.9184226989746
1,43.23,14.3765224101953,39.9422645568848
1,43.24,14.3798557100818,39.9589538574219
1,43.25,14.3831890099682,39.980411529541
1,43.26,14.3865223098546,40.0042533874512
1,43.27,14.3898556097411,40.0304794311523
1,43.28,14.3931889096275,40.0447845458984
1,43.29,14.3965222095139,40.0543212890625
1,43.3,14.3998555094004,40.0662422180176
1,43.31,14.4031888092868,40.0900840759277
1,43.32,14.4065221091732,40.1020050048828
1,43.33,14.4098554090597,40.1163101196289
1,43.34,14.4131887089461,40.128231048584
1,43.35,14.4165220088325,40.1496887207031
1,43.36,14.419855308719,40.1687622070313
1,43.37,14.4231886086054,40.1806831359863
1,43.38,14.4265219084918,40.2021408081055
1,43.39,14.4298552083783,40.2164459228516
1,43.4,14.4331885082647,40.2331352233887
1,43.41,14.4365218081512,40.2498245239258
1,43.42,14.4398551080376,40.2712821960449
1,43.43,14.443188407924,40.287971496582
1,43.44,14.4465217078105,40.3022766113281
1,43.45,14.4498550076969,40.3237342834473
1,43.46,14.4531883075833,40.3261184692383
1,43.47,14.4565216074698,40.3571128845215
1,43.48,14.4598549073562,40.3809547424316
1,43.49,14.4631882072426,40.4167175292969
1,43.5,14.4665215071291,40.433406829834
1,43.51,14.4698548070155,40.4644012451172
1,43.52,14.4731881069019,40.4930114746094
1,43.53,14.4765214067884,40.5097007751465
1,43.54,14.4798547066748,40.5335426330566
1,43.55,14.4831880065613,40.5550003051758
1,43.56,14.4865213064477,40.583610534668
1,43.57,14.4898546063341,40.6074523925781
1,43.58,14.4931879062206,40.6360626220703
1,43.59,14.496521206107,40.6575202941895
1,43.6,14.4998545059934,40.6908988952637
1,43.61,14.5031878058799,40.7147407531738
1,43.62,14.5065211057663,40.733814239502
1,43.63,14.5098544056527,40.748119354248
1,43.64,14.5131877055392,40.7791137695313
1,43.65,14.5165210054256,40.7981872558594
1,43.66,14.519854305312,40.8077239990234
1,43.67,14.5231876051985,40.8172607421875
1,43.68,14.5265209050849,40.8530235290527
1,43.69,14.5298542049713,40.8697128295898
1,43.7,14.5331875048578,40.8768653869629
1,43.71,14.5365208047442,40.8840179443359
1,43.72,14.5398541046306,40.9173965454102
1,43.73,14.5431874045171,40.9269332885742
1,43.74,14.5465207044035,40.9507751464844
1,43.75,14.54985400429,40.9650802612305
1,43.76,14.5531873041764,40.9793853759766
1,43.77,14.5565206040628,40.9936904907227
1,43.78,14.5598539039493,41.0270690917969
1,43.79,14.5631872038357,41.043758392334
1,43.8,14.5665205037221,41.053295135498
1,43.81,14.5698538036086,41.0938262939453
1,43.82,14.573187103495,41.1057472229004
1,43.83,14.5765204033814,41.1248207092285
1,43.84,14.5798537032679,41.1462783813477
1,43.85,14.5831870031543,41.1677360534668
1,43.86,14.5865203030407,41.205883026123
1,43.87,14.5898536029272,41.2273406982422
1,43.88,14.5931869028136,41.2487983703613
1,43.89,14.5965202027,41.2726402282715
1,43.9,14.5998535025865,41.2988662719727
1,43.91,14.6031868024729,41.3060188293457
1,43.92,14.6065201023594,41.3346290588379
1,43.93,14.6098534022458,41.353702545166
1,43.94,14.6131867021322,41.3727760314941
1,43.95,14.6165200020187,41.3870811462402
1,43.96,14.6198533019051,41.4013862609863
1,43.97,14.6231866017915,41.4204597473145
1,43.98,14.626519901678,41.4514541625977
1,43.99,14.6298532015644,41.4705276489258
1,44,14.6331865014508,41.4919853210449
1,44.01,14.6365198013373,41.501522064209
1,44.02,14.6398531012237,41.5372848510742
1,44.03,14.6431864011101,41.5635108947754
1,44.04,14.6465197009966,41.5825843811035
1,44.05,14.649853000883,41.5968894958496
1,44.06,14.6531863007695,41.6302680969238
1,44.07,14.6565196006559,41.663646697998
1,44.08,14.6598529005423,41.6803359985352
1,44.09,14.6631862004288,41.6994094848633
1,44.1,14.6665195003152,41.7256355285645
1,44.11,14.6698528002016,41.7590141296387
1,44.12,14.6731861000881,41.7780876159668
1,44.13,14.6765193999745,41.801929473877
1,44.14,14.6798526998609,41.811466217041
1,44.15,14.6831859997474,41.8400764465332
1,44.16,14.6865192996338,41.8663024902344
1,44.17,14.6898525995202,41.8853759765625
1,44.18,14.6931858994067,41.9068336486816
1,44.19,14.6965191992931,41.9139862060547
1,44.2,14.6998524991795,41.9306755065918
1,44.21,14.703185799066,41.9449806213379
1,44.22,14.7065190989524,41.961669921875
1,44.23,14.7098523988388,41.9902801513672
1,44.24,14.7131856987253,41.9878959655762
1,44.25,14.7165189986117,42.0045852661133
1,44.26,14.7198522984982,42.0212745666504
1,44.27,14.7231855983846,42.0451164245605
1,44.28,14.726518898271,42.0570373535156
1,44.29,14.7298521981575,42.0689582824707
1,44.3,14.7331854980439,42.0928001403809
1,44.31,14.7365187979303,42.1047210693359
1,44.32,14.7398520978168,42.121410369873
1,44.33,14.7431853977032,42.1357154846191
1,44.34,14.7465186975896,42.1452522277832
1,44.35,14.7498519974761,42.1643257141113
1,44.36,14.7531852973625,42.1929359436035
1,44.37,14.7565185972489,42.2000885009766
1,44.38,14.7598518971354,42.2120094299316
1,44.39,14.7631851970218,42.2334671020508
1,44.4,14.7665184969082,42.2501564025879
1,44.41,14.7698517967947,42.259693145752
1,44.42,14.7731850966811,42.2883033752441
1,44.43,14.7765183965676,42.3192977905273
1,44.44,14.779851696454,42.3312187194824
1,44.45,14.7831849963404,42.3574447631836
1,44.46,14.7865182962269,42.3932075500488
1,44.47,14.7898515961133,42.412281036377
1,44.48,14.7931848959997,42.4408912658691
1,44.49,14.7965181958862,42.4575805664063
1,44.5,14.7998514957726,42.5004959106445
1,44.51,14.803184795659,42.5195693969727
1,44.52,14.8065180955455,42.5410270690918
1,44.53,14.8098513954319,42.564868927002
1,44.54,14.8131846953183,42.5815582275391
1,44.55,14.8165179952048,42.6054000854492
1,44.56,14.8198512950912,42.6340103149414
1,44.57,14.8231845949776,42.6554679870605
1,44.58,14.8265178948641,42.6769256591797
1,44.59,14.8298511947505,42.6888465881348
1,44.6,14.833184494637,42.7079200744629
1,44.61,14.8365177945234,42.731761932373
1,44.62,14.8398510944098,42.7603721618652
1,44.63,14.8431843942963,42.7722930908203
1,44.64,14.8465176941827,42.7985191345215
1,44.65,14.8498509940691,42.8128242492676
1,44.66,14.8531842939556,42.8414344787598
1,44.67,14.856517593842,42.8652763366699
1,44.68,14.8598508937284,42.884349822998
1,44.69,14.8631841936149,42.9105758666992
1,44.7,14.8665174935013,42.9391860961914
1,44.71,14.8698507933877,42.9415702819824
1,44.72,14.8731840932742,42.9773330688477
1,44.73,14.8765173931606,43.0083274841309
1,44.74,14.879850693047,43.025016784668
1,44.75,14.8831839929335,43.0440902709961
1,44.76,14.8865172928199,43.0822372436523
1,44.77,14.8898505927064,43.0989265441895
1,44.78,14.8931838925928,43.1251525878906
1,44.79,14.8965171924792,43.1513786315918
1,44.8,14.8998504923657,43.1680679321289
1,44.81,14.9031837922521,43.189525604248
1,44.82,14.9065170921385,43.2085990905762
1,44.83,14.909850392025,43.2443618774414
1,44.84,14.9131836919114,43.2610511779785
1,44.85,14.9165169917978,43.2801246643066
1,44.86,14.9198502916843,43.3063507080078
1,44.87,14.9231835915707,43.332576751709
1,44.88,14.9265168914571,43.3468818664551
1,44.89,14.9298501913436,43.3731079101563
1,44.9,14.93318349123,43.3874130249023
1,44.91,14.9365167911164,43.4064865112305
1,44.92,14.9398500910029,43.4350967407227
1,44.93,14.9431833908893,43.4565544128418
1,44.94,14.9465166907758,43.4732437133789
1,44.95,14.9498499906622,43.489933013916
1,44.96,14.9531832905486,43.5209274291992
1,44.97,14.9565165904351,43.5400009155273
1,44.98,14.9598498903215,43.5590744018555
1,44.99,14.9665164900944,43.5757637023926
1,45,14.9698497899808,43.5948371887207
1,45.02,14.9731830898672,43.637752532959
1,45.03,14.9798496896401,43.6615943908691
1,45.04,14.9831829895265,43.6854362487793
1,45.05,14.986516289413,43.6902046203613
1,45.06,14.9898495892994,43.7378883361816
1,45.08,14.9931828891858,43.7736511230469
1,45.09,14.9998494889587,43.785572052002
1,45.1,15.0031827888452,43.8094139099121
1,45.12,15.009849388618,43.8618659973145
1,45.13,15.0131826885045,43.8809394836426
1,45.14,15.0165159883909,43.8904762268066
1,45.15,15.0198492882773,43.9214706420898
1,45.16,15.0231825881638,43.9548492431641
1,45.17,15.0265158880502,43.9834594726563
1,45.18,15.0298491879366,44.0073013305664
1,45.19,15.0331824878231,44.0239906311035
1,45.2,15.0365157877095,44.0549850463867
1,45.21,15.0398490875959,44.0788269042969
1,45.22,15.0431823874824,44.100284576416
1,45.23,15.0465156873688,44.1360473632813
1,45.24,15.0498489872552,44.1646575927734
1,45.25,15.0531822871417,44.1932678222656
1,45.26,15.0565155870281,44.2314147949219
1,45.27,15.0598488869146,44.2695617675781
1,45.28,15.063182186801,44.3029403686523
1,45.29,15.0665154866874,44.3339347839355
1,45.3,15.0698487865739,44.3720817565918
1,45.31,15.0731820864603,44.398307800293
1,45.32,15.0765153863467,44.4269180297852
1,45.33,15.0798486862332,44.4722175598145
1,45.34,15.0831819861196,44.4984436035156
1,45.35,15.086515286006,44.5222854614258
1,45.36,15.0898485858925,44.5437431335449
1,45.37,15.0931818857789,44.5699691772461
1,45.38,15.0965151856653,44.6009635925293
1,45.39,15.0998484855518,44.6200370788574
1,45.4,15.1031817854382,44.6462631225586
1,45.41,15.1065150853246,44.6844100952148
1,45.42,15.1098483852111,44.6915626525879
1,45.43,15.1131816850975,44.713020324707
1,45.44,15.116514984984,44.7320938110352
1,45.45,15.1198482848704,44.7463989257813
1,45.46,15.1231815847568,44.7845458984375
1,45.47,15.1265148846433,44.8036193847656
1,45.48,15.1298481845297,44.8083877563477
1,45.49,15.1331814844161,44.8298454284668
1,45.5,15.1365147843026,44.8393821716309
1,45.51,15.139848084189,44.86083984375
1,45.52,15.1431813840754,44.8822975158691
1,45.53,15.1465146839619,44.8894500732422
1,45.54,15.1498479838483,44.8966026306152
1,45.55,15.1531812837347,44.9061393737793
1,45.56,15.1565145836212,44.9204444885254
1,45.57,15.1598478835076,44.9275970458984
1,45.58,15.163181183394,44.9395179748535
1,45.59,15.1665144832805,44.9538230895996
1,45.6,15.1698477831669,44.9609756469727
1,45.61,15.1731810830534,44.9681282043457
1,45.62,15.1765143829398,44.9776649475098
1,45.63,15.1798476828262,44.9967384338379
1,45.64,15.1831809827127,44.9967384338379
1,45.65,15.1865142825991,45.011043548584
1,45.66,15.1898475824855,45.015811920166
1,45.67,15.193180882372,45.0348854064941
1,45.68,15.1965141822584,45.0491905212402
1,45.69,15.1998474821448,45.0611114501953
1,45.7,15.2031807820313,45.0801849365234
1,45.71,15.2065140819177,45.0992584228516
1,45.72,15.2098473818041,45.1207160949707
1,45.73,15.2131806816906,45.1326370239258
1,45.74,15.216513981577,45.158863067627
1,45.75,15.2198472814634,45.1779365539551
1,45.76,15.2231805813499,45.1898574829102
1,45.77,15.2265138812363,45.2184677124023
1,45.78,15.2298471811228,45.2423095703125
1,45.79,15.2331804810092,45.2804565429688
1,45.8,15.2365137808956,45.2971458435059
1,45.81,15.2398470807821,45.318603515625
1,45.82,15.2431803806685,45.3376770019531
1,45.83,15.2465136805549,45.3734397888184
1,45.84,15.2498469804414,45.4139709472656
1,45.85,15.2531802803278,45.4425811767578
1,45.86,15.2565135802142,45.464038848877
1,45.87,15.2598468801007,45.4902648925781
1,45.88,15.2631801799871,45.5284118652344
1,45.89,15.2665134798735,45.5427169799805
1,45.9,15.26984677976,45.5737113952637
1,45.91,15.2731800796464,45.5975532531738
1,45.92,15.2765133795328,45.621395111084
1,45.93,15.2798466794193,45.6357002258301
1,45.94,15.2831799793057,45.6643104553223
1,45.95,15.2865132791921,45.6809997558594
1,45.96,15.2898465790786,45.6929206848145
1,45.97,15.293179878965,45.7072257995605
1,45.98,15.2965131788515,45.7239151000977
1,45.99,15.2998464787379,45.7501411437988
1,46,15.3031797786243,45.778751373291
1,46.01,15.3065130785108,45.8002090454102
1,46.02,15.3098463783972,45.8216667175293
1,46.03,15.3131796782836,45.8431243896484
1,46.04,15.3165129781701,45.8717346191406
1,46.05,15.3198462780565,45.8955764770508
1,46.06,15.3231795779429,45.931339263916
1,46.07,15.3265128778294,45.9504127502441
1,46.08,15.3298461777158,45.9885597229004
1,46.09,15.3331794776022,46.0076332092285
1,46.1,15.3365127774887,46.0457801818848
1,46.11,15.3398460773751,46.0696220397949
1,46.12,15.3431793772616,46.086311340332
1,46.13,15.346512677148,46.1125373840332
1,46.14,15.3498459770344,46.1459159851074
1,46.15,15.3531792769209,46.1626052856445
1,46.16,15.3565125768073,46.1864471435547
1,46.17,15.3598458766937,46.2031364440918
1,46.18,15.3631791765802,46.2198257446289
1,46.19,15.3665124764666,46.236515045166
1,46.2,15.369845776353,46.2675094604492
1,46.21,15.3731790762395,46.2794303894043
1,46.22,15.3765123761259,46.2985038757324
1,46.23,15.3798456760123,46.2961196899414
1,46.24,15.3831789758988,46.3247299194336
1,46.25,15.3865122757852,46.3485717773438
1,46.26,15.3898455756716,46.3628768920898
1,46.27,15.3931788755581,46.3724136352539
1,46.28,15.3965121754445,46.38671875
1,46.29,15.3998454753309,46.4129447937012
1,46.3,15.4031787752174,46.4177131652832
1,46.31,15.4065120751038,46.4439392089844
1,46.32,15.4098453749903,46.4487075805664
1,46.33,15.4131786748767,46.4749336242676
1,46.34,15.4165119747631,46.5130805969238
1,46.35,15.4198452746496,46.5202331542969
1,46.36,15.423178574536,46.5488433837891
1,46.37,15.4265118744224,46.5822219848633
1,46.38,15.4298451743089,46.5989112854004
1,46.39,15.4331784741953,46.6251373291016
1,46.4,15.4365117740817,46.6370582580566
1,46.41,15.4398450739682,46.6823577880859
1,46.42,15.4431783738546,46.7061996459961
1,46.43,15.446511673741,46.7348098754883
1,46.44,15.4498449736275,46.7562675476074
1,46.45,15.4531782735139,46.7729568481445
1,46.46,15.4565115734003,46.8039512634277
1,46.47,15.4598448732868,46.8301773071289
1,46.48,15.4631781731732,46.8540191650391
1,46.49,15.4665114730597,46.8778610229492
1,46.5,15.4698447729461,46.9088554382324
1,46.51,15.4731780728325,46.9279289245605
1,46.52,15.476511372719,46.9446182250977
1,46.53,15.4798446726054,46.9732284545898
1,46.54,15.4831779724918,47.004222869873
1,46.55,15.4865112723783,47.0352172851563
1,46.56,15.4898445722647,47.0566749572754
1,46.57,15.4931778721511,47.0900535583496
1,46.58,15.4965111720376,47.1210479736328
1,46.59,15.499844471924,47.142505645752
1,46.6,15.5031777718104,47.1711158752441
1,46.61,15.5065110716969,47.1949577331543
1,46.62,15.5098443715833,47.2187995910645
1,46.63,15.5131776714697,47.2450256347656
1,46.64,15.5165109713562,47.2593307495117
1,46.65,15.5198442712426,47.2903251647949
1,46.66,15.5231775711291,47.309398651123
1,46.67,15.5265108710155,47.3332405090332
1,46.68,15.5298441709019,47.3570823669434
1,46.69,15.5331774707884,47.3761558532715
1,46.7,15.5365107706748,47.3880767822266
1,46.71,15.5398440705612,47.4190711975098
1,46.72,15.5431773704477,47.4429130554199
1,46.73,15.5465106703341,47.450065612793
1,46.74,15.5498439702205,47.4667549133301
1,46.75,15.553177270107,47.4858283996582
1,46.76,15.5565105699934,47.4977493286133
1,46.77,15.5598438698798,47.5072860717773
1,46.78,15.5631771697663,47.5192070007324
1,46.79,15.5665104696527,47.5311279296875
1,46.8,15.5698437695391,47.5430488586426
1,46.81,15.5731770694256,47.5573539733887
1,46.82,15.576510369312,47.5478172302246
1,46.83,15.5798436691985,47.5811958312988
1,46.84,15.5831769690849,47.5907325744629
1,46.85,15.5865102689713,47.5955009460449
1,46.86,15.5898435688578,47.5978851318359
1,46.87,15.5931768687442,47.6312637329102
1,46.88,15.5965101686306,47.6455688476563
1,46.89,15.5998434685171,47.6646423339844
1,46.9,15.6031767684035,47.6813316345215
1,46.91,15.6065100682899,47.7051734924316
1,46.92,15.6098433681764,47.7051734924316
1,46.93,15.6131766680628,47.7409362792969
1,46.94,15.6165099679492,47.760009765625
1,46.95,15.6198432678357,47.7862358093262
1,46.96,15.6231765677221,47.8100776672363
1,46.97,15.6265098676085,47.8267669677734
1,46.98,15.629843167495,47.8649139404297
1,46.99,15.6331764673814,47.8863716125488
1,47,15.6365097672679,47.9221343994141
1,47.01,15.6398430671543,47.9578971862793
1,47.02,15.6431763670407,47.9865074157715
1,47.03,15.6465096669272,48.0103492736816
1,47.04,15.6498429668136,48.0413436889648
1,47.05,15.6531762667,48.069953918457
1,47.06,15.6565095665865,48.1033325195313
1,47.07,15.6598428664729,48.1224060058594
1,47.08,15.6631761663593,48.1486320495605
1,47.09,15.6665094662458,48.1772422790527
1,47.1,15.6698427661322,48.1867790222168
1,47.11,15.6731760660186,48.215389251709
1,47.12,15.6765093659051,48.2439994812012
1,47.13,15.6798426657915,48.2511520385742
1,47.14,15.6831759656779,48.2678413391113
1,47.15,15.6865092655644,48.3083724975586
1,47.16,15.6898425654508,48.3131408691406
1,47.17,15.6931758653373,48.3393669128418
1,47.18,15.6965091652237,48.363208770752
1,47.19,15.6998424651101,48.375129699707
1,47.2,15.7031757649966,48.4061241149902
1,47.21,15.706509064883,48.4323501586914
1,47.22,15.7098423647694,48.4561920166016
1,47.23,15.7131756646559,48.4681129455566
1,47.24,15.7165089645423,48.5038757324219
1,47.25,15.7198422644287,48.530101776123
1,47.26,15.7231755643152,48.5515594482422
1,47.27,15.7265088642016,48.5873222351074
1,47.28,15.729842164088,48.6063957214355
1,47.29,15.7331754639745,48.6397743225098
1,47.3,15.7365087638609,48.6564636230469
1,47.31,15.7398420637473,48.6946105957031
1,47.32,15.7431753636338,48.7184524536133
1,47.33,15.7465086635202,48.7470626831055
1,47.34,15.7498419634067,48.7685203552246
1,47.35,15.7531752632931,48.7923622131348
1,47.36,15.7565085631795,48.825740814209
1,47.37,15.759841863066,48.8591194152832
1,47.38,15.7631751629524,48.8829612731934
1,47.39,15.7665084628388,48.8972663879395
1,47.4,15.7698417627253,48.9330291748047
1,47.41,15.7731750626117,48.9544868469238
1,47.42,15.7765083624981,48.978328704834
1,47.43,15.7798416623846,49.0069389343262
1,47.44,15.783174962271,49.0283966064453
1,47.45,15.7865082621574,49.0450859069824
1,47.46,15.7898415620439,49.0713119506836
1,47.47,15.7931748619303,49.0951538085938
1,47.48,15.7965081618167,49.138069152832
1,47.49,15.7998414617032,49.1571426391602
1,47.5,15.8031747615896,49.1666793823242
1,47.51,15.8065080614761,49.1881370544434
1,47.52,15.8098413613625,49.2143630981445
1,47.53,15.8131746612489,49.2334365844727
1,47.54,15.8165079611354,49.2572784423828
1,47.55,15.8198412610218,49.285888671875
1,47.56,15.8231745609082,49.3025779724121
1,47.57,15.8265078607947,49.3144989013672
1,47.58,15.8298411606811,49.3526458740234
1,47.59,15.8331744605675,49.3669509887695
1,47.6,15.836507760454,49.3764877319336
1,47.61,15.8398410603404,49.4027137756348
1,47.62,15.8431743602268,49.4384765625
1,47.63,15.8465076601133,49.4551658630371
1,47.64,15.8498409599997,49.4623184204102
1,47.65,15.8531742598861,49.5076179504395
1,47.66,15.8565075597726,49.5147705078125
1,47.67,15.859840859659,49.5409965515137
1,47.68,15.8631741595454,49.5696067810059
1,47.69,15.8665074594319,49.6006011962891
1,47.7,15.8698407593183,49.6339797973633
1,47.71,15.8731740592048,49.6554374694824
1,47.72,15.8765073590912,49.6816635131836
1,47.73,15.8798406589776,49.7031211853027
1,47.74,15.8831739588641,49.738883972168
1,47.75,15.8865072587505,49.7722625732422
1,47.76,15.8898405586369,49.8008728027344
1,47.77,15.8931738585234,49.8270988464355
1,47.78,15.8965071584098,49.8557090759277
1,47.79,15.8998404582962,49.8867034912109
1,47.8,15.9031737581827,49.9176979064941
1,47.81,15.9065070580691,49.9510765075684
1,47.82,15.9098403579555,49.9749183654785
1,47.83,15.913173657842,50.0035285949707
1,47.84,15.9165069577284,50.0369071960449
1,47.85,15.9198402576149,50.048828125
1,47.86,15.9231735575013,50.0893592834473
1,47.87,15.9265068573877,50.1108169555664
1,47.88,15.9298401572742,50.1489639282227
1,47.89,15.9331734571606,50.1680374145508
1,47.9,15.936506757047,50.1871109008789
1,47.91,15.9398400569335,50.2133369445801
1,47.92,15.9431733568199,50.2324104309082
1,47.93,15.9465066567063,50.2610206604004
1,47.94,15.9498399565928,50.2967834472656
1,47.95,15.9531732564792,50.3206253051758
1,47.96,15.9565065563656,50.3301620483398
1,47.97,15.9598398562521,50.356388092041
1,47.98,15.9631731561385,50.3897666931152
1,47.99,15.9665064560249,50.3993034362793
1,48,15.9698397559114,50.4279136657715
1,48.01,15.9731730557978,50.4350662231445
1,48.02,15.9765063556843,50.4636764526367
1,48.03,15.9798396555707,50.4803657531738
1,48.04,15.9831729554571,50.501823425293
1,48.05,15.9865062553436,50.513744354248
1,48.06,15.98983955523,50.5375862121582
1,48.07,15.9931728551164,50.5590438842773
1,48.08,15.9965061550029,50.5757331848145
1,48.09,15.9998394548893,50.5876541137695
1,48.1,16.0031727547757,50.6258010864258
1,48.11,16.0065060546622,50.6377220153809
1,48.12,16.0098393545486,50.654411315918
1,48.13,16.013172654435,50.666332244873
1,48.14,16.0165059543215,50.6854057312012
1,48.15,16.0198392542079,50.7092475891113
1,48.16,16.0231725540943,50.7330894470215
1,48.17,16.0265058539808,50.7569313049316
1,48.18,16.0298391538672,50.7783889770508
1,48.19,16.0331724537537,50.7926940917969
1,48.2,16.0365057536401,50.806999206543
1,48.21,16.0398390535265,50.8284568786621
1,48.22,16.043172353413,50.8308410644531
1,48.23,16.0465056532994,50.8570671081543
1,48.24,16.0498389531858,50.8809089660645
1,48.25,16.0531722530723,50.8975982666016
1,48.26,16.0565055529587,50.9166717529297
1,48.27,16.0598388528451,50.9309768676758
1,48.28,16.0631721527316,50.9452819824219
1,48.29,16.066505452618,50.961971282959
1,48.3,16.0698387525044,50.9738922119141
1,48.31,16.0731720523909,50.9881973266602
1,48.32,16.0765053522773,51.0001182556152
1,48.33,16.0798386521637,51.0191917419434
1,48.34,16.0831719520502,51.0430335998535
1,48.35,16.0865052519366,51.0716438293457
1,48.36,16.0898385518231,51.0859489440918
1,48.37,16.0931718517095,51.1074066162109
1,48.38,16.0965051515959,51.1407852172852
1,48.39,16.0998384514824,51.1598587036133
1,48.4,16.1031717513688,51.1908531188965
1,48.41,16.1065050512552,51.2313842773438
1,48.42,16.1098383511417,51.2480735778809
1,48.43,16.1131716510281,51.276683807373
1,48.44,16.1165049509145,51.3052940368652
1,48.45,16.119838250801,51.3148307800293
1,48.46,16.1231715506874,51.3529777526855
1,48.47,16.1265048505738,51.3720512390137
1,48.48,16.1298381504603,51.3911247253418
1,48.49,16.1331714503467,51.4030456542969
1,48.5,16.1365047502331,51.426887512207
1,48.51,16.1398380501196,51.4483451843262
1,48.52,16.143171350006,51.4626502990723
1,48.53,16.1498379497789,51.4745712280273
1,48.55,16.1531712496653,51.5007972717285
1,48.56,16.1565045495518,51.5198707580566
1,48.57,16.1598378494382,51.5389442443848
1,48.58,16.1665044492111,51.5556335449219
1,48.59,16.1698377490975,51.5937805175781
1,48.61,16.1731710489839,51.6414642333984
1,48.62,16.1798376487568,51.6629219055176
1,48.63,16.1831709486432,51.6867637634277
1,48.64,16.1865042485297,51.724910736084
1,48.65,16.1898375484161,51.7511367797852
1,48.67,16.196504148189,51.8035888671875
1,48.68,16.1998374480754,51.8274307250977
1,48.69,16.2031707479618,51.8512725830078
1,48.7,16.2065040478483,51.877498626709
1,48.71,16.2098373477347,51.9037246704102
1,48.72,16.2131706476212,51.9371032714844
1,48.73,16.2165039475076,51.9657135009766
1,48.74,16.219837247394,51.9943237304688
1,48.75,16.2231705472805,52.0086288452148
1,48.76,16.2265038471669,52.0420074462891
1,48.77,16.2298371470533,52.0658493041992
1,48.78,16.2331704469398,52.0968437194824
1,48.79,16.2365037468262,52.1016120910645
1,48.8,16.2398370467126,52.1326065063477
1,48.81,16.2431703465991,52.1588325500488
1,48.82,16.2465036464855,52.18505859375
1,48.83,16.2498369463719,52.2065162658691
1,48.84,16.2531702462584,52.2375106811523
1,48.85,16.2565035461448,52.2637367248535
1,48.86,16.2598368460312,52.2899627685547
1,48.87,16.2631701459177,52.3233413696289
1,48.88,16.2665034458041,52.342414855957
1,48.89,16.2698367456906,52.3614883422852
1,48.9,16.273170045577,52.4067878723145
1,48.91,16.2765033454634,52.4330139160156
1,48.92,16.2798366453499,52.4520874023438
1,48.93,16.2831699452363,52.4687767028809
1,48.94,16.2865032451227,52.5188446044922
1,48.95,16.2898365450092,52.5355339050293
1,48.96,16.2931698448956,52.5641441345215
1,48.97,16.296503144782,52.5760650634766
1,48.98,16.2998364446685,52.6070594787598
1,48.99,16.3031697445549,52.6285171508789
1,49,16.3065030444413,52.6738166809082
1,49.01,16.3098363443278,52.6928901672363
1,49.02,16.3131696442142,52.7119636535645
1,49.03,16.3165029441006,52.7358055114746
1,49.04,16.3198362439871,52.7453422546387
1,49.05,16.3231695438735,52.7834892272949
1,49.06,16.32650284376,52.802562713623
1,49.07,16.3298361436464,52.8216361999512
1,49.08,16.3331694435328,52.8550148010254
1,49.09,16.3365027434193,52.8669357299805
1,49.1,16.3398360433057,52.9146194458008
1,49.11,16.3431693431921,52.9241561889648
1,49.12,16.3465026430786,52.943229675293
1,49.13,16.349835942965,52.9694557189941
1,49.14,16.3531692428514,52.9909133911133
1,49.15,16.3565025427379,53.0219078063965
1,49.16,16.3598358426243,53.0409812927246
1,49.17,16.3631691425107,53.0743598937988
1,49.18,16.3665024423972,53.102970123291
1,49.19,16.3698357422836,53.1125068664551
1,49.2,16.37316904217,53.1387329101563
1,49.21,16.3765023420565,53.1601905822754
1,49.22,16.3798356419429,53.1840324401855
1,49.23,16.3831689418294,53.2031059265137
1,49.24,16.3865022417158,53.2293319702148
1,49.25,16.3898355416022,53.253173828125
1,49.26,16.3931688414887,53.2698631286621
1,49.27,16.3965021413751,53.2841682434082
1,49.28,16.3998354412615,53.3175468444824
1,49.29,16.403168741148,53.3342361450195
1,49.3,16.4065020410344,53.3509254455566
1,49.31,16.4098353409208,53.3747673034668
1,49.32,16.4131686408073,53.400993347168
1,49.33,16.4165019406937,53.408145904541
1,49.34,16.4198352405801,53.4296035766602
1,49.35,16.4231685404666,53.4415245056152
1,49.36,16.426501840353,53.4701347351074
1,49.37,16.4298351402394,53.4868240356445
1,49.38,16.4331684401259,53.4915924072266
1,49.39,16.4365017400123,53.5130500793457
1,49.4,16.4398350398988,53.5368919372559
1,49.41,16.4431683397852,53.5488128662109
1,49.42,16.4465016396716,53.565502166748
1,49.43,16.4498349395581,53.5941123962402
1,49.44,16.4531682394445,53.6036491394043
1,49.45,16.4565015393309,53.6274909973145
1,49.46,16.4598348392174,53.6561012268066
1,49.47,16.4631681391038,53.6751747131348
1,49.48,16.4665014389902,53.703784942627
1,49.49,16.4698347388767,53.7252426147461
1,49.5,16.4731680387631,53.7347793579102
1,49.51,16.4765013386495,53.7633895874023
1,49.52,16.479834638536,53.7681579589844
1,49.53,16.4831679384224,53.8015365600586
1,49.54,16.4865012383089,53.8325309753418
1,49.55,16.4898345381953,53.8468360900879
1,49.56,16.4931678380817,53.8730621337891
1,49.57,16.4965011379682,53.8969039916992
1,49.58,16.4998344378546,53.9159774780273
1,49.59,16.503167737741,53.9493560791016
1,49.6,16.5065010376275,53.9755821228027
1,49.61,16.5098343375139,53.9946556091309
1,49.62,16.5131676374003,54.023265838623
1,49.63,16.5165009372868,54.0399551391602
1,49.64,16.5198342371732,54.0614128112793
1,49.65,16.5231675370596,54.0852546691895
1,49.66,16.5265008369461,54.1234016418457
1,49.67,16.5298341368325,54.1424751281738
1,49.68,16.5331674367189,54.163932800293
1,49.69,16.5365007366054,54.1901588439941
1,49.7,16.5398340364918,54.2163848876953
1,49.71,16.5431673363782,54.2330741882324
1,49.72,16.5465006362647,54.2640686035156
1,49.73,16.5498339361511,54.2926788330078
1,49.74,16.5531672360376,54.3093681335449
1,49.75,16.556500535924,54.3403625488281
1,49.76,16.5598338358104,54.3761253356934
1,49.77,16.5631671356969,54.3975830078125
1,49.78,16.5665004355833,54.4238090515137
1,49.79,16.5698337354697,54.4452667236328
1,49.8,16.5731670353562,54.469108581543
1,49.81,16.5765003352426,54.5048713684082
1,49.82,16.579833635129,54.5239448547363
1,49.83,16.5831669350155,54.5549392700195
1,49.84,16.5865002349019,54.5692443847656
1,49.85,16.5898335347883,54.6026229858398
1,49.86,16.5931668346748,54.621696472168
1,49.87,16.5965001345612,54.6503067016602
1,49.88,16.5998334344476,54.6789169311523
1,49.89,16.6031667343341,54.7027587890625
1,49.9,16.6065000342205,54.7385215759277
1,49.91,16.609833334107,54.7456741333008
1,49.92,16.6131666339934,54.786205291748
1,49.93,16.6164999338798,54.8076629638672
1,49.94,16.6198332337663,54.8362731933594
1,49.95,16.6231665336527,54.8601150512695
1,49.96,16.6264998335391,54.8720359802246
1,49.97,16.6298331334256,54.9030303955078
1,49.98,16.633166433312,54.934024810791
1,49.99,16.6364997331984,54.9745559692383
1,50,16.6398330330849,54.9864768981934
1,50.01,16.6431663329713,55.0127029418945
1,50.02,16.6464996328577,55.0413131713867
1,50.03,16.6498329327442,55.0651550292969
1,50.04,16.6531662326306,55.088996887207
1,50.05,16.656499532517,55.1176071166992
1,50.06,16.6598328324035,55.1342964172363
1,50.07,16.6631661322899,55.1700592041016
1,50.08,16.6664994321764,55.1962852478027
1,50.09,16.6698327320628,55.2177429199219
1,50.1,16.6731660319492,55.243968963623
1,50.11,16.6764993318357,55.2701950073242
1,50.12,16.6798326317221,55.2892684936523
1,50.13,16.6831659316085,55.3107261657715
1,50.14,16.686499231495,55.3345680236816
1,50.15,16.6898325313814,55.3560256958008
1,50.16,16.6931658312678,55.391788482666
1,50.17,16.6964991311543,55.4108619689941
1,50.18,16.6998324310407,55.4227828979492
1,50.19,16.7031657309271,55.4466247558594
1,50.2,16.7064990308136,55.4752349853516
1,50.21,16.7098323307,55.4919242858887
1,50.22,16.7131656305864,55.5109977722168
1,50.23,16.7164989304729,55.537223815918
1,50.24,16.7198322303593,55.5729866027832
1,50.25,16.7231655302458,55.5944442749023
1,50.26,16.7264988301322,55.6254386901855
1,50.27,16.7298321300186,55.6468963623047
1,50.28,16.7331654299051,55.689811706543
1,50.29,16.7364987297915,55.7208061218262
1,50.3,16.7398320296779,55.7661056518555
1,50.31,16.7431653295644,55.7851791381836
1,50.32,16.7464986294508,55.8376312255859
1,50.33,16.7498319293372,55.8638572692871
1,50.34,16.7531652292237,55.8924674987793
1,50.35,16.7564985291101,55.9234619140625
1,50.36,16.7598318289965,55.9830665588379
1,50.37,16.763165128883,56.0140609741211
1,50.38,16.7664984287694,56.0450553894043
1,50.39,16.7698317286558,56.0808181762695
1,50.4,16.7731650285423,56.1189651489258
1,50.41,16.7764983284287,56.145191192627
1,50.42,16.7798316283152,56.1761856079102
1,50.43,16.7831649282016,56.2095642089844
1,50.44,16.786498228088,56.2429428100586
1,50.45,16.7898315279745,56.2715530395508
1,50.46,16.7931648278609,56.2882423400879
1,50.47,16.7964981277473,56.312084197998
1,50.48,16.7998314276338,56.3454627990723
1,50.49,16.8031647275202,56.3597679138184
1,50.5,16.8064980274066,56.3788414001465
1,50.51,16.8098313272931,56.3764572143555
1,50.52,16.8131646271795,56.4050674438477
1,50.53,16.8164979270659,56.4050674438477
1,50.54,16.8198312269524,56.4146041870117
1,50.55,16.8231645268388,56.4289093017578
1,50.56,16.8264978267252,56.4169883728027
1,50.57,16.8298311266117,56.4312934875488
1,50.58,16.8331644264981,56.4289093017578
1,50.59,16.8364977263846,56.4408302307129
1,50.6,16.839831026271,56.4408302307129
1,50.61,16.8431643261574,56.4384460449219
1,50.62,16.8464976260439,56.4336776733398
1,50.63,16.8498309259303,56.4312934875488
1,50.64,16.8531642258167,56.4265251159668
1,50.65,16.8564975257032,56.4289093017578
1,50.66,16.8598308255896,56.4336776733398
1,50.67,16.863164125476,56.4289093017578
1,50.68,16.8664974253625,56.4265251159668
1,50.69,16.8698307252489,56.4074516296387
1,50.7,16.8731640251353,56.3836097717285
1,50.71,16.8764973250218,56.3716888427734
1,50.72,16.8798306249082,56.3502311706543
1,50.73,16.8831639247946,56.3287734985352
1,50.74,16.8864972246811,56.2882423400879
1,50.75,16.8898305245675,56.2524795532227
1,50.76,16.893163824454,56.2119483947754
1,50.77,16.8964971243404,56.1833381652832
1,50.78,16.8998304242268,56.1404228210449
1,50.79,16.9031637241133,56.0975074768066
1,50.8,16.9064970239997,56.0474395751953
1,50.81,16.9098303238861,55.997371673584
1,50.82,16.9131636237726,55.9568405151367
1,50.83,16.916496923659,55.9067726135254
1,50.84,16.9198302235454,55.8638572692871
1,50.85,16.9231635234319,55.8018684387207
1,50.86,16.9264968233183,55.7565689086914
1,50.87,16.9298301232047,55.7041168212891
1,50.88,16.9331634230912,55.6492805480957
1,50.89,16.9364967229776,55.5896759033203
1,50.9,16.939830022864,55.5205345153809
1,50.91,16.9431633227505,55.4609298706055
1,50.92,16.9464966226369,55.4203987121582
1,50.93,16.9498299225234,55.3584098815918
1,50.94,16.9531632224098,55.3154945373535
1,50.95,16.9564965222962,55.2630424499512
1,50.96,16.9598298221827,55.2129745483398
1,50.97,16.9631631220691,55.1795959472656
1,50.98,16.9664964219555,55.1414489746094
1,50.99,16.969829721842,55.0985336303711
1,51,16.9731630217284,55.0627708435059
1,51.01,16.9764963216148,55.0246238708496
1,51.02,16.9798296215013,54.9888610839844
1,51.03,16.9831629213877,54.9602508544922
1,51.04,16.9864962212741,54.936408996582
1,51.05,16.9898295211606,54.926872253418
1,51.06,16.993162821047,54.9077987670898
1,51.07,16.9964961209334,54.8934936523438
1,51.08,16.9998294208199,54.8839569091797
1,51.09,17.0031627207063,54.9054145812988
1,51.1,17.0064960205927,54.9054145812988
1,51.11,17.0098293204792,54.9101829528809
1,51.12,17.0131626203656,54.9173355102539
1,51.13,17.0164959202521,54.924488067627
1,51.14,17.0198292201385,54.9483299255371
1,51.15,17.0231625200249,54.9674034118652
1,51.16,17.0264958199114,54.9912452697754
1,51.17,17.0298291197978,55.0174713134766
1,51.18,17.0331624196842,55.0436973571777
1,51.19,17.0364957195707,55.0651550292969
1,51.2,17.0398290194571,55.0961494445801
1,51.21,17.0431623193435,55.1319122314453
1,51.22,17.04649561923,55.1700592041016
1,51.23,17.0498289191164,55.1843643188477
1,51.24,17.0531622190028,55.2177429199219
1,51.25,17.0564955188893,55.239200592041
1,51.26,17.0598288187757,55.2654266357422
1,51.27,17.0631621186621,55.3107261657715
1,51.28,17.0664954185486,55.3321838378906
1,51.29,17.069828718435,55.3607940673828
1,51.3,17.0731620183215,55.3750991821289
1,51.31,17.0764953182079,55.4084777832031
1,51.32,17.0798286180943,55.4442405700684
1,51.33,17.0831619179808,55.4585456848145
1,51.34,17.0864952178672,55.4752349853516
1,51.35,17.0898285177536,55.4800033569336
1,51.36,17.0931618176401,55.5062294006348
1,51.37,17.0964951175265,55.5181503295898
1,51.38,17.0998284174129,55.5276870727539
1,51.39,17.1031617172994,55.546760559082
1,51.4,17.1064950171858,55.5634498596191
1,51.41,17.1098283170722,55.5658340454102
1,51.42,17.1131616169587,55.5920600891113
1,51.43,17.1164949168451,55.6015968322754
1,51.44,17.1198282167315,55.6230545043945
1,51.45,17.123161516618,55.6302070617676
1,51.46,17.1264948165044,55.6588172912598
1,51.47,17.1298281163909,55.6850433349609
1,51.48,17.1331614162773,55.7136535644531
1,51.49,17.1364947161637,55.7208061218262
1,51.5,17.1398280160502,55.7494163513184
1,51.51,17.1431613159366,55.7875633239746
1,51.52,17.146494615823,55.7971000671387
1,51.53,17.1498279157095,55.8233261108398
1,51.54,17.1531612155959,55.8328628540039
1,51.55,17.1564945154823,55.8638572692871
1,51.56,17.1598278153688,55.8853149414063
1,51.57,17.1631611152552,55.9139251708984
1,51.58,17.1664944151416,55.9329986572266
1,51.59,17.1698277150281,55.9520721435547
1,51.6,17.1731610149145,55.9782981872559
1,51.61,17.1764943148009,55.997371673584
1,51.62,17.1798276146874,56.0355186462402
1,51.63,17.1831609145738,56.0545921325684
1,51.64,17.1864942144603,56.0760498046875
1,51.65,17.1898275143467,56.0975074768066
1,51.66,17.1931608142331,56.1285018920898
1,51.67,17.1964941141196,56.147575378418
1,51.68,17.199827414006,56.1666488647461
1,51.69,17.2031607138924,56.1928749084473
1,51.7,17.2064940137789,56.2024116516113
1,51.71,17.2098273136653,56.2334060668945
1,51.72,17.2131606135517,56.2500953674316
1,51.73,17.2164939134382,56.2834739685059
1,51.74,17.2198272133246,56.2882423400879
1,51.75,17.223160513211,56.3263893127441
1,51.76,17.2264938130975,56.3549995422363
1,51.77,17.2298271129839,56.3693046569824
1,51.78,17.2331604128704,56.3955307006836
1,51.79,17.2364937127568,56.4360618591309
1,51.8,17.2398270126432,56.45751953125
1,51.81,17.2431603125297,56.4718246459961
1,51.82,17.2464936124161,56.5099716186523
1,51.83,17.2498269123025,56.5266609191895
1,51.84,17.253160212189,56.5528869628906
1,51.85,17.2564935120754,56.5958023071289
1,51.86,17.2598268119618,56.612491607666
1,51.87,17.2664934117347,56.6458702087402
1,51.88,17.2698267116211,56.6601753234863
1,51.9,17.2731600115076,56.7150115966797
1,51.91,17.2798266112804,56.7340850830078
1,51.92,17.2831599111669,56.755542755127
1,51.94,17.2898265109397,56.8056106567383
1,51.96,17.2931598108262,56.8461418151855
1,51.97,17.2998264105991,56.8628311157227
1,51.98,17.3031597104855,56.8771362304688
1,52,17.3064930103719,56.8985939025879
1,52.01,17.3098263102584,56.917667388916
1,52.02,17.3164929100312,56.9319725036621
1,52.03,17.3198262099177,56.9391250610352
1,52.04,17.3231595098041,56.9558143615723
1,52.05,17.3264928096905,56.9677352905273
1,52.06,17.329826109577,56.9820404052734
1,52.07,17.3331594094634,56.9963455200195
1,52.08,17.3364927093498,57.0321083068848
1,52.09,17.3398260092363,57.0416450500488
1,52.1,17.3431593091227,57.063102722168
1,52.11,17.3464926090091,57.075023651123
1,52.12,17.3498259088956,57.1084022521973
1,52.13,17.353159208782,57.1227073669434
1,52.14,17.3564925086685,57.1513175964355
1,52.15,17.3598258085549,57.1656227111816
1,52.16,17.3631591084413,57.1823120117188
1,52.17,17.3664924083278,57.2037696838379
1,52.18,17.3698257082142,57.215690612793
1,52.19,17.3731590081006,57.2371482849121
1,52.2,17.3764923079871,57.2657585144043
1,52.21,17.3798256078735,57.2800636291504
1,52.22,17.3831589077599,57.2967529296875
1,52.23,17.3864922076464,57.3086738586426
1,52.24,17.3898255075328,57.3253631591797
1,52.25,17.3931588074192,57.3563575744629
1,52.26,17.3964921073057,57.3563575744629
1,52.27,17.3998254071921,57.377815246582
1,52.28,17.4031587070785,57.4040412902832
1,52.29,17.406492006965,57.4016571044922
1,52.3,17.4098253068514,57.4278831481934
1,52.31,17.4131586067379,57.4469566345215
1,52.32,17.4164919066243,57.4612617492676
1,52.33,17.4198252065107,57.4684143066406
1,52.34,17.4231585063972,57.4827194213867
1,52.35,17.4264918062836,57.5041770935059
1,52.36,17.42982510617,57.518482208252
1,52.37,17.4331584060565,57.532787322998
1,52.38,17.4364917059429,57.5494766235352
1,52.39,17.4398250058293,57.5709342956543
1,52.4,17.4431583057158,57.5733184814453
1,52.41,17.4464916056022,57.6019287109375
1,52.42,17.4498249054886,57.6090812683105
1,52.43,17.4531582053751,57.6233863830566
1,52.44,17.4564915052615,57.6257705688477
1,52.45,17.4598248051479,57.6543807983398
1,52.46,17.4631581050344,57.6639175415039
1,52.47,17.4664914049208,57.6663017272949
1,52.48,17.4698247048073,57.671070098877
1,52.49,17.4731580046937,57.6925277709961
1,52.5,17.4764913045801,57.6996803283691
1,52.51,17.4798246044666,57.7092170715332
1,52.52,17.483157904353,57.7092170715332
1,52.53,17.4864912042394,57.7092170715332
1,52.54,17.4898245041259,57.7068328857422
1,52.55,17.4931578040123,57.7068328857422
1,52.56,17.4964911038987,57.7044486999512
1,52.57,17.4998244037852,57.6949119567871
1,52.58,17.5031577036716,57.682991027832
1,52.59,17.506491003558,57.6877593994141
1,52.6,17.5098243034445,57.671070098877
1,52.61,17.5131576033309,57.6543807983398
1,52.62,17.5164909032173,57.6233863830566
1,52.63,17.5198242031038,57.6090812683105
1,52.64,17.5231575029902,57.5900077819824
1,52.65,17.5264908028767,57.5709342956543
1,52.66,17.5298241027631,57.5447082519531
1,52.67,17.5331574026495,57.5065612792969
1,52.68,17.536490702536,57.4851036071777
1,52.69,17.5398240024224,57.4493408203125
1,52.7,17.5431573023088,57.4064254760742
1,52.71,17.5464906021953,57.3587417602539
1,52.72,17.5498239020817,57.3015213012695
1,52.73,17.5531572019681,57.2443008422852
1,52.74,17.5564905018546,57.1775436401367
1,52.75,17.559823801741,57.1036338806152
1,52.76,17.5631571016274,57.0344924926758
1,52.77,17.5664904015139,56.9510459899902
1,52.78,17.5698237014003,56.8699836730957
1,52.79,17.5731570012867,56.7746162414551
1,52.8,17.5764903011732,56.6864013671875
1,52.81,17.5798236010596,56.612491607666
1,52.82,17.5831569009461,56.5338134765625
1,52.83,17.5864902008325,56.4479827880859
1,52.84,17.5898235007189,56.3597679138184
1,52.85,17.5931568006054,56.307315826416
1,52.86,17.5964901004918,56.2262535095215
1,52.87,17.5998234003782,56.157112121582
1,52.88,17.6031567002647,56.0927391052246
1,52.89,17.6064900001511,56.0474395751953
1,52.9,17.6098233000375,55.994987487793
1,52.91,17.613156599924,55.9425354003906
1,52.92,17.6164898998104,55.8924674987793
1,52.93,17.6198231996968,55.854320526123
1,52.94,17.6231564995833,55.8042526245117
1,52.95,17.6264897994697,55.7684898376465
1,52.96,17.6298230993561,55.7327270507813
1,52.97,17.6331563992426,55.699348449707
1,52.98,17.636489699129,55.6659698486328
1,52.99,17.6398229990155,55.6445121765137
1,53,17.6431562989019,55.6230545043945
1,53.01,17.6464895987883,55.5944442749023
1,53.02,17.6498228986748,55.5849075317383
1,53.03,17.6531561985612,55.5729866027832
1,53.04,17.6564894984476,55.5706024169922
1,53.05,17.6598227983341,55.5682182312012
1,53.06,17.6631560982205,55.5825233459473
1,53.07,17.6664893981069,55.5801391601563
1,53.08,17.6698226979934,55.5801391601563
1,53.09,17.6731559978798,55.5944442749023
1,53.1,17.6764892977662,55.5968284606934
1,53.11,17.6798225976527,55.6159019470215
1,53.12,17.6831558975391,55.6325912475586
1,53.13,17.6864891974255,55.6302070617676
1,53.14,17.689822497312,55.6278228759766
1,53.15,17.6931557971984,55.6421279907227
1,53.16,17.6964890970849,55.6445121765137
1,53.17,17.6998223969713,55.6540489196777
1,53.18,17.7031556968577,55.6492805480957
1,53.19,17.7064889967442,55.6635856628418
1,53.2,17.7098222966306,55.6683540344238
1,53.21,17.713155596517,55.6659698486328
1,53.22,17.7164888964035,55.6516647338867
1,53.23,17.7198221962899,55.6683540344238
1,53.24,17.7231554961763,55.6540489196777
1,53.25,17.7264887960628,55.6397438049316
1,53.26,17.7298220959492,55.6182861328125
1,53.27,17.7331553958356,55.6087493896484
1,53.28,17.7364886957221,55.5849075317383
1,53.29,17.7398219956085,55.5562973022461
1,53.3,17.7431552954949,55.5253028869629
1,53.31,17.7464885953814,55.4966926574707
1,53.32,17.7498218952678,55.4704666137695
1,53.33,17.7531551951543,55.4418563842773
1,53.34,17.7564884950407,55.4060935974121
1,53.35,17.7598217949271,55.3560256958008
1,53.36,17.7631550948136,55.3441047668457
1,53.37,17.7664883947,55.3035736083984
1,53.38,17.7698216945864,55.2582740783691
1,53.39,17.7731549944729,55.2248954772949
1,53.4,17.7764882943593,55.1915168762207
1,53.41,17.7798215942457,55.1605224609375
1,53.42,17.7831548941322,55.1295280456543
1,53.43,17.7864881940186,55.1056861877441
1,53.44,17.789821493905,55.0699234008789
1,53.45,17.7931547937915,55.0413131713867
1,53.46,17.7964880936779,55.0270080566406
1,53.47,17.7998213935643,55.0127029418945
1,53.48,17.8031546934508,54.9864768981934
1,53.49,17.8064879933372,54.9697875976563
1,53.5,17.8098212932236,54.9602508544922
1,53.51,17.8131545931101,54.9626350402832
1,53.52,17.8164878929965,54.9435615539551
1,53.53,17.819821192883,54.9483299255371
1,53.54,17.8231544927694,54.938793182373
1,53.55,17.8264877926558,54.929256439209
1,53.56,17.8298210925423,54.936408996582
1,53.57,17.8331543924287,54.9435615539551
1,53.58,17.8364876923151,54.938793182373
1,53.59,17.8398209922016,54.9411773681641
1,53.6,17.843154292088,54.9411773681641
1,53.61,17.8464875919744,54.9411773681641
1,53.62,17.8498208918609,54.9435615539551
1,53.63,17.8531541917473,54.9459457397461
1,53.64,17.8564874916337,54.9435615539551
1,53.65,17.8598207915202,54.9507141113281
1,53.66,17.8631540914066,54.9602508544922
1,53.67,17.866487391293,54.9602508544922
1,53.68,17.8698206911795,54.9578666687012
1,53.69,17.8731539910659,54.9554824829102
1,53.7,17.8764872909524,54.9650192260742
1,53.71,17.8798205908388,54.9721717834473
1,53.72,17.8831538907252,54.9721717834473
1,53.73,17.8864871906117,54.9674034118652
1,53.74,17.8898204904981,54.9697875976563
1,53.75,17.8931537903845,54.9769401550293
1,53.76,17.896487090271,54.9817085266113
1,53.77,17.8998203901574,54.9864768981934
1,53.78,17.9031536900438,54.9983978271484
1,53.79,17.9064869899303,55.0127029418945
1,53.8,17.9098202898167,55.0222396850586
1,53.81,17.9131535897031,55.0365447998047
1,53.82,17.9164868895896,55.0389289855957
1,53.83,17.919820189476,55.0389289855957
1,53.84,17.9231534893625,55.0341606140137
1,53.85,17.9264867892489,55.0413131713867
1,53.86,17.9298200891353,55.0484657287598
1,53.87,17.9331533890218,55.0246238708496
1,53.88,17.9364866889082,55.0079345703125
1,53.89,17.9398199887946,55.0007820129395
1,53.9,17.9431532886811,55.0031661987305
1,53.91,17.9464865885675,54.9840927124023
1,53.92,17.9498198884539,54.9674034118652
1,53.93,17.9531531883404,54.9483299255371
1,53.94,17.9564864882268,54.936408996582
1,53.95,17.9598197881132,54.934024810791
1,53.96,17.9631530879997,54.926872253418
1,53.97,17.9664863878861,54.926872253418
1,53.98,17.9698196877725,54.9077987670898
1,53.99,17.973152987659,54.8982620239258
1,54,17.9764862875454,54.8839569091797
1,54.01,17.9798195874318,54.8791885375977
1,54.02,17.9831528873183,54.8648834228516
1,54.03,17.9864861872047,54.8601150512695
1,54.04,17.9898194870912,54.8458099365234
1,54.05,17.9931527869776,54.8338890075684
1,54.06,17.996486086864,54.8195838928223
1,54.07,17.9998193867505,54.8171997070313
1,54.08,18.0031526866369,54.7933578491211
1,54.09,18.0064859865233,54.786205291748
1,54.1,18.0098192864098,54.7599792480469
1,54.11,18.0131525862962,54.7504425048828
1,54.12,18.0164858861826,54.7361373901367
1,54.13,18.0198191860691,54.7266006469727
1,54.14,18.0231524859555,54.7170639038086
1,54.15,18.0264857858419,54.6979904174805
1,54.16,18.0298190857284,54.6836853027344
1,54.17,18.0331523856148,54.6765327453613
1,54.18,18.0364856855012,54.6646118164063
1,54.19,18.0398189853877,54.6622276306152
1,54.2,18.0431522852741,54.6574592590332
1,54.21,18.0464855851606,54.6622276306152
