ééå±âÒêî,éûä‘[sec],à⁄ìÆó [mm],â◊èd[N]
1,0.01,0,-1.01327896118164E-02
1,0.22,3.33329988643527E-03,3.57627868652344E-03
1,0.25,6.66659977287054E-03,8.94069671630859E-03
1,0.26,9.99989965930581E-03,8.34465026855469E-03
1,0.27,1.33331995457411E-02,9.5367431640625E-03
1,0.28,1.66664994321764E-02,8.94069671630859E-03
1,0.29,1.99997993186116E-02,1.07288360595703E-02
1,0.3,2.33330992050469E-02,9.5367431640625E-03
1,0.31,2.66663990914822E-02,1.43051147460938E-02
1,0.32,2.99996989779174E-02,1.54972076416016E-02
1,0.33,3.33329988643527E-02,0.019073486328125
1,0.34,0.036666298750788,1.84774398803711E-02
1,0.35,3.99995986372232E-02,1.78813934326172E-02
1,0.36,4.33328985236585E-02,1.96695327758789E-02
1,0.37,4.66661984100938E-02,2.02655792236328E-02
1,0.38,4.99994982965291E-02,1.84774398803711E-02
1,0.39,5.33327981829643E-02,2.02655792236328E-02
1,0.4,5.66660980693996E-02,2.08616256713867E-02
1,0.41,5.99993979558349E-02,2.08616256713867E-02
1,0.42,6.33326978422702E-02,2.08616256713867E-02
1,0.43,6.66659977287054E-02,2.08616256713867E-02
1,0.44,6.99992976151407E-02,0.019073486328125
1,0.45,7.33325975015759E-02,1.66893005371094E-02
1,0.46,7.66658973880112E-02,1.31130218505859E-02
1,0.47,7.99991972744465E-02,1.78813934326172E-02
1,0.48,8.33324971608818E-02,1.31130218505859E-02
1,0.49,0.086665797047317,1.72853469848633E-02
1,0.5,8.99990969337523E-02,1.72853469848633E-02
1,0.51,9.33323968201876E-02,1.43051147460938E-02
1,0.52,9.66656967066228E-02,1.66893005371094E-02
1,0.53,9.99989965930581E-02,1.49011611938477E-02
1,0.54,0.103332296479493,1.72853469848633E-02
1,0.55,0.106665596365929,1.49011611938477E-02
1,0.56,0.109998896252364,1.66893005371094E-02
1,0.57,0.116665496025234,1.60932540893555E-02
1,0.59,0.11999879591167,1.07288360595703E-02
1,0.6,0.123332095798105,8.34465026855469E-03
1,0.61,0.12666539568454,1.13248825073242E-02
1,0.62,0.133331995457411,7.74860382080078E-03
1,0.63,0.136665295343846,1.01327896118164E-02
1,0.65,0.139998595230281,7.15255737304688E-03
1,0.66,0.146665195003152,7.74860382080078E-03
1,0.67,0.149998494889587,1.01327896118164E-02
1,0.68,0.153331794776022,1.07288360595703E-02
1,0.69,0.156665094662458,1.07288360595703E-02
1,0.7,0.159998394548893,7.15255737304688E-03
1,0.71,0.163331694435328,1.13248825073242E-02
1,0.72,0.166664994321764,1.19209289550781E-02
1,0.73,0.169998294208199,1.43051147460938E-02
1,0.74,0.173331594094634,1.66893005371094E-02
1,0.75,0.176664893981069,1.54972076416016E-02
1,0.76,0.179998193867505,1.43051147460938E-02
1,0.77,0.18333149375394,1.43051147460938E-02
1,0.78,0.186664793640375,1.13248825073242E-02
1,0.79,0.18999809352681,1.43051147460938E-02
1,0.8,0.193331393413246,1.37090682983398E-02
1,0.81,0.196664693299681,1.01327896118164E-02
1,0.82,0.199997993186116,9.5367431640625E-03
1,0.83,0.203331293072552,9.5367431640625E-03
1,0.84,0.206664592958987,6.55651092529297E-03
1,0.85,0.209997892845422,5.36441802978516E-03
1,0.86,0.213331192731857,4.76837158203125E-03
1,0.87,0.216664492618293,5.96046447753906E-03
1,0.88,0.219997792504728,4.17232513427734E-03
1,0.89,0.223331092391163,5.36441802978516E-03
1,0.9,0.226664392277598,1.01327896118164E-02
1,0.91,0.229997692164034,8.94069671630859E-03
1,0.92,0.233330992050469,1.37090682983398E-02
1,0.93,0.236664291936904,1.37090682983398E-02
1,0.94,0.239997591823339,1.37090682983398E-02
1,0.95,0.243330891709775,1.60932540893555E-02
1,0.96,0.24666419159621,1.66893005371094E-02
1,0.97,0.249997491482645,1.54972076416016E-02
1,0.98,0.253330791369081,1.49011611938477E-02
1,0.99,0.256664091255516,1.54972076416016E-02
1,1,0.259997391141951,1.43051147460938E-02
1,1.01,0.263330691028386,1.54972076416016E-02
1,1.02,0.266663990914822,1.49011611938477E-02
1,1.03,0.269997290801257,1.37090682983398E-02
1,1.04,0.273330590687692,1.43051147460938E-02
1,1.05,0.276663890574127,1.72853469848633E-02
1,1.06,0.279997190460563,1.66893005371094E-02
1,1.07,0.283330490346998,2.02655792236328E-02
1,1.08,0.286663790233433,2.14576721191406E-02
1,1.09,0.289997090119869,1.96695327758789E-02
1,1.1,0.293330390006304,2.14576721191406E-02
1,1.11,0.296663689892739,2.20537185668945E-02
1,1.12,0.299996989779174,1.49011611938477E-02
1,1.13,0.30333028966561,1.31130218505859E-02
1,1.14,0.306663589552045,1.54972076416016E-02
1,1.15,0.30999688943848,1.60932540893555E-02
1,1.16,0.313330189324915,9.5367431640625E-03
1,1.17,0.316663489211351,1.07288360595703E-02
1,1.18,0.319996789097786,9.5367431640625E-03
1,1.19,0.323330088984221,1.13248825073242E-02
1,1.2,0.326663388870657,1.13248825073242E-02
1,1.21,0.329996688757092,1.13248825073242E-02
1,1.22,0.333329988643527,8.94069671630859E-03
1,1.23,0.336663288529962,1.19209289550781E-03
1,1.24,0.339996588416398,1.78813934326172E-03
1,1.25,0.343329888302833,8.34465026855469E-03
1,1.26,0.346663188189268,1.13248825073242E-02
1,1.27,0.349996488075703,1.07288360595703E-02
1,1.28,0.353329787962139,1.13248825073242E-02
1,1.29,0.356663087848574,1.37090682983398E-02
1,1.3,0.359996387735009,1.43051147460938E-02
1,1.31,0.363329687621445,0.019073486328125
1,1.32,0.36666298750788,2.50339508056641E-02
1,1.33,0.369996287394315,2.20537185668945E-02
1,1.34,0.37332958728075,2.68220901489258E-02
1,1.35,0.376662887167186,2.86102294921875E-02
1,1.36,0.379996187053621,2.68220901489258E-02
1,1.37,0.383329486940056,2.98023223876953E-02
1,1.38,0.386662786826491,3.03983688354492E-02
1,1.39,0.389996086712927,3.33786010742188E-02
1,1.4,0.393329386599362,3.09944152832031E-02
1,1.41,0.396662686485797,2.74181365966797E-02
1,1.42,0.399995986372232,2.80141830444336E-02
1,1.43,0.403329286258668,2.80141830444336E-02
1,1.44,0.406662586145103,3.03983688354492E-02
1,1.45,0.409995886031538,0.031590461730957
1,1.46,0.413329185917974,2.68220901489258E-02
1,1.47,0.416662485804409,2.32458114624023E-02
1,1.48,0.419995785690844,2.62260437011719E-02
1,1.49,0.423329085577279,2.08616256713867E-02
1,1.5,0.426662385463715,1.96695327758789E-02
1,1.51,0.42999568535015,1.49011611938477E-02
1,1.52,0.433328985236585,1.31130218505859E-02
1,1.53,0.43666228512302,0.012516975402832
1,1.54,0.439995585009456,8.94069671630859E-03
1,1.55,0.443328884895891,9.5367431640625E-03
1,1.56,0.446662184782326,9.5367431640625E-03
1,1.57,0.449995484668762,1.07288360595703E-02
1,1.58,0.453328784555197,9.5367431640625E-03
1,1.59,0.456662084441632,8.94069671630859E-03
1,1.6,0.459995384328067,6.55651092529297E-03
1,1.61,0.463328684214503,1.01327896118164E-02
1,1.62,0.466661984100938,8.94069671630859E-03
1,1.63,0.469995283987373,1.13248825073242E-02
1,1.64,0.473328583873808,7.15255737304688E-03
1,1.65,0.476661883760244,5.96046447753906E-03
1,1.66,0.479995183646679,4.76837158203125E-03
1,1.67,0.483328483533114,6.55651092529297E-03
1,1.68,0.48666178341955,5.36441802978516E-03
1,1.69,0.489995083305985,8.94069671630859E-03
1,1.7,0.49332838319242,1.13248825073242E-02
1,1.71,0.496661683078855,7.15255737304688E-03
1,1.72,0.499994982965291,8.34465026855469E-03
1,1.73,0.503328282851726,1.13248825073242E-02
1,1.74,0.506661582738161,8.94069671630859E-03
1,1.75,0.509994882624596,6.55651092529297E-03
1,1.76,0.513328182511032,1.01327896118164E-02
1,1.77,0.516661482397467,8.34465026855469E-03
1,1.78,0.519994782283902,6.55651092529297E-03
1,1.79,0.523328082170337,4.76837158203125E-03
1,1.8,0.526661382056773,7.74860382080078E-03
1,1.81,0.529994681943208,7.74860382080078E-03
1,1.82,0.533327981829643,0.012516975402832
1,1.83,0.536661281716079,1.43051147460938E-02
1,1.84,0.539994581602514,0.012516975402832
1,1.85,0.543327881488949,1.54972076416016E-02
1,1.86,0.546661181375384,1.66893005371094E-02
1,1.87,0.54999448126182,0.019073486328125
1,1.88,0.553327781148255,1.84774398803711E-02
1,1.89,0.55666108103469,1.66893005371094E-02
1,1.9,0.559994380921125,1.60932540893555E-02
1,1.91,0.563327680807561,1.66893005371094E-02
1,1.92,0.566660980693996,1.72853469848633E-02
1,1.93,0.569994280580431,0.019073486328125
1,1.94,0.573327580466866,1.49011611938477E-02
1,1.95,0.576660880353302,1.60932540893555E-02
1,1.96,0.579994180239737,1.60932540893555E-02
1,1.97,0.583327480126172,1.72853469848633E-02
1,1.98,0.586660780012608,1.43051147460938E-02
1,1.99,0.589994079899043,1.37090682983398E-02
1,2,0.593327379785478,1.43051147460938E-02
1,2.01,0.596660679671913,1.37090682983398E-02
1,2.02,0.599993979558349,1.19209289550781E-02
1,2.03,0.603327279444784,1.19209289550781E-02
1,2.04,0.606660579331219,8.34465026855469E-03
1,2.05,0.609993879217654,1.37090682983398E-02
1,2.06,0.61332717910409,0.012516975402832
1,2.07,0.616660478990525,8.94069671630859E-03
1,2.08,0.61999377887696,1.49011611938477E-02
1,2.09,0.623327078763396,1.13248825073242E-02
1,2.1,0.626660378649831,1.07288360595703E-02
1,2.11,0.629993678536266,1.01327896118164E-02
1,2.12,0.633326978422701,7.74860382080078E-03
1,2.13,0.636660278309137,5.36441802978516E-03
1,2.14,0.639993578195572,4.76837158203125E-03
1,2.15,0.643326878082007,4.17232513427734E-03
1,2.16,0.646660177968442,5.96046447753906E-03
1,2.17,0.649993477854878,8.34465026855469E-03
1,2.18,0.653326777741313,7.74860382080078E-03
1,2.19,0.656660077627748,8.34465026855469E-03
1,2.2,0.659993377514184,1.01327896118164E-02
1,2.21,0.663326677400619,1.07288360595703E-02
1,2.22,0.666659977287054,1.84774398803711E-02
1,2.23,0.669993277173489,1.66893005371094E-02
1,2.24,0.673326577059925,2.14576721191406E-02
1,2.25,0.67665987694636,2.32458114624023E-02
1,2.26,0.679993176832795,2.20537185668945E-02
1,2.27,0.68332647671923,2.50339508056641E-02
1,2.28,0.686659776605666,2.68220901489258E-02
1,2.29,0.689993076492101,2.92062759399414E-02
1,2.3,0.693326376378536,2.86102294921875E-02
1,2.31,0.696659676264971,0.025629997253418
1,2.32,0.699992976151407,2.20537185668945E-02
1,2.33,0.703326276037842,2.14576721191406E-02
1,2.34,0.706659575924277,2.20537185668945E-02
1,2.35,0.709992875810713,2.44379043579102E-02
1,2.36,0.713326175697148,1.96695327758789E-02
1,2.37,0.716659475583583,2.14576721191406E-02
1,2.38,0.719992775470018,1.78813934326172E-02
1,2.39,0.723326075356454,2.08616256713867E-02
1,2.4,0.726659375242889,0.019073486328125
1,2.41,0.729992675129324,2.14576721191406E-02
1,2.42,0.733325975015759,2.08616256713867E-02
1,2.43,0.736659274902195,1.31130218505859E-02
1,2.44,0.73999257478863,1.60932540893555E-02
1,2.45,0.743325874675065,0.012516975402832
1,2.46,0.746659174561501,1.31130218505859E-02
1,2.47,0.749992474447936,1.49011611938477E-02
1,2.48,0.753325774334371,1.37090682983398E-02
1,2.49,0.756659074220806,1.43051147460938E-02
1,2.5,0.759992374107242,1.84774398803711E-02
1,2.51,0.763325673993677,1.84774398803711E-02
1,2.52,0.766658973880112,2.38418579101563E-02
1,2.53,0.769992273766547,2.02655792236328E-02
1,2.54,0.773325573652983,2.26497650146484E-02
1,2.55,0.776658873539418,2.26497650146484E-02
1,2.56,0.779992173425853,0.025629997253418
1,2.57,0.783325473312289,2.50339508056641E-02
1,2.58,0.786658773198724,0.031590461730957
1,2.59,0.789992073085159,3.03983688354492E-02
1,2.6,0.793325372971594,3.03983688354492E-02
1,2.61,0.79665867285803,2.98023223876953E-02
1,2.62,0.799991972744465,3.21865081787109E-02
1,2.63,0.8033252726309,3.09944152832031E-02
1,2.64,0.806658572517335,3.27825546264648E-02
1,2.65,0.809991872403771,3.21865081787109E-02
1,2.66,0.813325172290206,2.98023223876953E-02
1,2.67,0.816658472176641,3.09944152832031E-02
1,2.68,0.819991772063077,2.68220901489258E-02
1,2.69,0.823325071949512,0.025629997253418
1,2.7,0.826658371835947,2.50339508056641E-02
1,2.71,0.829991671722382,2.68220901489258E-02
1,2.72,0.833324971608818,2.14576721191406E-02
1,2.73,0.836658271495253,2.20537185668945E-02
1,2.74,0.839991571381688,2.26497650146484E-02
1,2.75,0.843324871268123,2.08616256713867E-02
1,2.76,0.846658171154559,1.78813934326172E-02
1,2.77,0.849991471040994,2.08616256713867E-02
1,2.78,0.853324770927429,1.72853469848633E-02
1,2.79,0.856658070813864,1.84774398803711E-02
1,2.8,0.8599913707003,1.49011611938477E-02
1,2.81,0.863324670586735,1.49011611938477E-02
1,2.82,0.86665797047317,1.72853469848633E-02
1,2.83,0.869991270359606,1.66893005371094E-02
1,2.84,0.873324570246041,1.43051147460938E-02
1,2.85,0.876657870132476,1.54972076416016E-02
1,2.86,0.879991170018911,1.72853469848633E-02
1,2.87,0.883324469905347,1.72853469848633E-02
1,2.88,0.886657769791782,1.60932540893555E-02
1,2.89,0.889991069678217,1.43051147460938E-02
1,2.9,0.893324369564652,1.13248825073242E-02
1,2.91,0.896657669451088,1.19209289550781E-02
1,2.92,0.899990969337523,5.96046447753906E-03
1,2.93,0.903324269223958,2.98023223876953E-03
1,2.94,0.906657569110394,2.98023223876953E-03
1,2.95,0.909990868996829,-4.17232513427734E-03
1,2.96,0.913324168883264,-4.76837158203125E-03
1,2.97,0.916657468769699,-8.94069671630859E-03
1,2.98,0.919990768656135,-8.94069671630859E-03
1,2.99,0.92332406854257,-1.01327896118164E-02
1,3,0.926657368429005,-8.94069671630859E-03
1,3.01,0.92999066831544,-7.74860382080078E-03
1,3.02,0.933323968201876,-4.76837158203125E-03
1,3.03,0.936657268088311,-1.19209289550781E-03
1,3.04,0.939990567974746,-2.38418579101563E-03
1,3.05,0.943323867861182,0
1,3.06,0.946657167747617,5.96046447753906E-03
1,3.07,0.949990467634052,1.01327896118164E-02
1,3.08,0.953323767520487,9.5367431640625E-03
1,3.09,0.956657067406923,1.01327896118164E-02
1,3.1,0.959990367293358,1.01327896118164E-02
1,3.11,0.963323667179793,1.72853469848633E-02
1,3.12,0.966656967066228,2.02655792236328E-02
1,3.13,0.969990266952664,2.14576721191406E-02
1,3.14,0.973323566839099,2.08616256713867E-02
1,3.15,0.976656866725534,1.66893005371094E-02
1,3.16,0.979990166611969,1.66893005371094E-02
1,3.17,0.983323466498405,2.02655792236328E-02
1,3.18,0.98665676638484,2.08616256713867E-02
1,3.19,0.989990066271275,1.84774398803711E-02
1,3.2,0.993323366157711,1.43051147460938E-02
1,3.21,0.996656666044146,1.43051147460938E-02
1,3.22,0.999989965930581,1.13248825073242E-02
1,3.23,1.00332326581702,1.43051147460938E-02
1,3.24,1.00665656570345,1.60932540893555E-02
1,3.25,1.00998986558989,1.54972076416016E-02
1,3.26,1.01332316547632,1.78813934326172E-02
1,3.27,1.01665646536276,1.49011611938477E-02
1,3.28,1.01998976524919,1.72853469848633E-02
1,3.29,1.02332306513563,1.78813934326172E-02
1,3.3,1.02665636502206,2.08616256713867E-02
1,3.31,1.0299896649085,1.78813934326172E-02
1,3.32,1.03332296479493,2.02655792236328E-02
1,3.33,1.03665626468137,1.54972076416016E-02
1,3.34,1.0399895645678,1.84774398803711E-02
1,3.35,1.04332286445424,1.66893005371094E-02
1,3.36,1.04665616434067,1.78813934326172E-02
1,3.37,1.04998946422711,1.72853469848633E-02
1,3.38,1.05332276411355,1.54972076416016E-02
1,3.39,1.05665606399998,1.49011611938477E-02
1,3.4,1.05998936388642,1.01327896118164E-02
1,3.41,1.06332266377285,8.34465026855469E-03
1,3.42,1.06665596365929,9.5367431640625E-03
1,3.43,1.06998926354572,9.5367431640625E-03
1,3.44,1.07332256343216,8.94069671630859E-03
1,3.45,1.07665586331859,6.55651092529297E-03
1,3.46,1.07998916320503,1.01327896118164E-02
1,3.47,1.08332246309146,0.012516975402832
1,3.48,1.0866557629779,9.5367431640625E-03
1,3.49,1.08998906286433,1.54972076416016E-02
1,3.5,1.09332236275077,1.37090682983398E-02
1,3.51,1.0966556626372,1.07288360595703E-02
1,3.52,1.09998896252364,1.37090682983398E-02
1,3.53,1.10332226241007,1.54972076416016E-02
1,3.54,1.10665556229651,1.60932540893555E-02
1,3.55,1.10998886218295,1.54972076416016E-02
1,3.56,1.11332216206938,1.54972076416016E-02
1,3.57,1.11665546195582,1.43051147460938E-02
1,3.58,1.11998876184225,1.66893005371094E-02
1,3.59,1.12332206172869,1.19209289550781E-02
1,3.6,1.12665536161512,1.54972076416016E-02
1,3.61,1.13332196138799,1.43051147460938E-02
1,3.62,1.13665526127443,1.13248825073242E-02
1,3.64,1.13998856116086,1.60932540893555E-02
1,3.65,1.1433218610473,1.60932540893555E-02
1,3.66,1.14665516093373,1.66893005371094E-02
1,3.67,1.14998846082017,1.49011611938477E-02
1,3.68,1.15665506059304,1.66893005371094E-02
1,3.7,1.15998836047947,1.37090682983398E-02
1,3.71,1.16665496025234,1.37090682983398E-02
1,3.72,1.16998826013878,1.19209289550781E-02
1,3.74,1.17665485991165,8.34465026855469E-03
1,3.75,1.17998815979809,5.96046447753906E-03
1,3.76,1.18332145968452,6.55651092529297E-03
1,3.77,1.18665475957096,5.96046447753906E-03
1,3.78,1.18998805945739,7.15255737304688E-03
1,3.79,1.19332135934383,8.94069671630859E-03
1,3.8,1.19665465923026,5.36441802978516E-03
1,3.81,1.1999879591167,9.5367431640625E-03
1,3.82,1.20332125900313,1.13248825073242E-02
1,3.83,1.20665455888957,1.37090682983398E-02
1,3.84,1.209987858776,1.49011611938477E-02
1,3.85,1.21332115866244,1.66893005371094E-02
1,3.86,1.21665445854887,1.54972076416016E-02
1,3.87,1.21998775843531,1.54972076416016E-02
1,3.88,1.22332105832174,0.012516975402832
1,3.89,1.22665435820818,1.54972076416016E-02
1,3.9,1.22998765809461,1.43051147460938E-02
1,3.91,1.23332095798105,1.37090682983398E-02
1,3.92,1.23665425786749,1.43051147460938E-02
1,3.93,1.23998755775392,1.60932540893555E-02
1,3.94,1.24332085764036,1.37090682983398E-02
1,3.95,1.24665415752679,8.94069671630859E-03
1,3.96,1.24998745741323,1.07288360595703E-02
1,3.97,1.25332075729966,0.012516975402832
1,3.98,1.2566540571861,1.49011611938477E-02
1,3.99,1.25998735707253,0.012516975402832
1,4,1.26332065695897,7.74860382080078E-03
1,4.01,1.2666539568454,1.01327896118164E-02
1,4.02,1.26998725673184,7.74860382080078E-03
1,4.03,1.27332055661827,1.07288360595703E-02
1,4.04,1.27665385650471,1.13248825073242E-02
1,4.05,1.27998715639114,8.34465026855469E-03
1,4.06,1.28332045627758,0.012516975402832
1,4.07,1.28665375616401,7.74860382080078E-03
1,4.08,1.28998705605045,6.55651092529297E-03
1,4.09,1.29332035593688,1.01327896118164E-02
1,4.1,1.29665365582332,7.74860382080078E-03
1,4.11,1.29998695570976,8.34465026855469E-03
1,4.12,1.30332025559619,8.94069671630859E-03
1,4.13,1.30665355548263,1.07288360595703E-02
1,4.14,1.30998685536906,7.74860382080078E-03
1,4.15,1.3133201552555,1.13248825073242E-02
1,4.16,1.31665345514193,9.5367431640625E-03
1,4.17,1.31998675502837,8.34465026855469E-03
1,4.18,1.3233200549148,5.96046447753906E-03
1,4.19,1.32665335480124,7.74860382080078E-03
1,4.2,1.32998665468767,8.94069671630859E-03
1,4.21,1.33331995457411,1.01327896118164E-02
1,4.22,1.33665325446054,1.13248825073242E-02
1,4.23,1.33998655434698,9.5367431640625E-03
1,4.24,1.34331985423341,1.31130218505859E-02
1,4.25,1.34665315411985,0.012516975402832
1,4.26,1.34998645400628,1.19209289550781E-02
1,4.27,1.35331975389272,1.43051147460938E-02
1,4.28,1.35665305377916,1.19209289550781E-02
1,4.29,1.35998635366559,1.19209289550781E-02
1,4.3,1.36331965355203,1.49011611938477E-02
1,4.31,1.36665295343846,1.54972076416016E-02
1,4.32,1.3699862533249,1.31130218505859E-02
1,4.33,1.37331955321133,1.66893005371094E-02
1,4.34,1.37665285309777,1.54972076416016E-02
1,4.35,1.3799861529842,1.66893005371094E-02
1,4.36,1.38331945287064,1.60932540893555E-02
1,4.37,1.38665275275707,1.66893005371094E-02
1,4.38,1.38998605264351,1.96695327758789E-02
1,4.39,1.39331935252994,1.72853469848633E-02
1,4.4,1.39665265241638,1.72853469848633E-02
1,4.41,1.39998595230281,1.54972076416016E-02
1,4.42,1.40331925218925,1.54972076416016E-02
1,4.43,1.40665255207568,1.07288360595703E-02
1,4.44,1.40998585196212,1.31130218505859E-02
1,4.45,1.41331915184855,1.07288360595703E-02
1,4.46,1.41665245173499,1.31130218505859E-02
1,4.47,1.41998575162143,1.13248825073242E-02
1,4.48,1.42331905150786,1.60932540893555E-02
1,4.49,1.4266523513943,1.84774398803711E-02
1,4.5,1.42998565128073,1.78813934326172E-02
1,4.51,1.43331895116717,1.96695327758789E-02
1,4.52,1.4366522510536,2.02655792236328E-02
1,4.53,1.43998555094004,0.019073486328125
1,4.54,1.44331885082647,1.72853469848633E-02
1,4.55,1.44665215071291,1.78813934326172E-02
1,4.56,1.44998545059934,1.37090682983398E-02
1,4.57,1.45331875048578,1.49011611938477E-02
1,4.58,1.45665205037221,0.012516975402832
1,4.59,1.45998535025865,1.13248825073242E-02
1,4.6,1.46331865014508,1.01327896118164E-02
1,4.61,1.46665195003152,5.96046447753906E-04
1,4.62,1.46998524991795,4.76837158203125E-03
1,4.63,1.47331854980439,0
1,4.64,1.47665184969082,5.96046447753906E-04
1,4.65,1.47998514957726,3.57627868652344E-03
1,4.66,1.4833184494637,1.78813934326172E-03
1,4.67,1.48665174935013,5.96046447753906E-03
1,4.68,1.48998504923657,1.19209289550781E-03
1,4.69,1.493318349123,5.96046447753906E-03
1,4.7,1.49665164900944,2.38418579101563E-03
1,4.71,1.49998494889587,3.57627868652344E-03
1,4.72,1.50331824878231,4.76837158203125E-03
1,4.73,1.50665154866874,5.96046447753906E-03
1,4.74,1.50998484855518,5.36441802978516E-03
1,4.75,1.51331814844161,5.96046447753906E-03
1,4.76,1.51665144832805,9.5367431640625E-03
1,4.77,1.51998474821448,8.34465026855469E-03
1,4.78,1.52331804810092,8.94069671630859E-03
1,4.79,1.52665134798735,6.55651092529297E-03
1,4.8,1.52998464787379,8.34465026855469E-03
1,4.81,1.53331794776022,1.19209289550781E-03
1,4.82,1.53665124764666,0
1,4.83,1.53998454753309,-4.17232513427734E-03
1,4.84,1.54331784741953,-7.15255737304688E-03
1,4.85,1.54665114730597,-6.55651092529297E-03
1,4.86,1.5499844471924,-7.74860382080078E-03
1,4.87,1.55331774707884,-5.96046447753906E-03
1,4.88,1.55665104696527,-7.15255737304688E-03
1,4.89,1.55998434685171,-7.15255737304688E-03
1,4.9,1.56331764673814,-1.07288360595703E-02
1,4.91,1.56665094662458,-1.01327896118164E-02
1,4.92,1.56998424651101,-4.76837158203125E-03
1,4.93,1.57331754639745,-2.98023223876953E-03
1,4.94,1.57665084628388,-2.98023223876953E-03
1,4.95,1.57998414617032,0
1,4.96,1.58331744605675,2.98023223876953E-03
1,4.97,1.58665074594319,4.17232513427734E-03
1,4.98,1.58998404582962,8.34465026855469E-03
1,4.99,1.59331734571606,1.07288360595703E-02
1,5,1.59665064560249,0.012516975402832
1,5.01,1.59998394548893,1.01327896118164E-02
1,5.02,1.60331724537537,6.55651092529297E-03
1,5.03,1.6066505452618,8.94069671630859E-03
1,5.04,1.60998384514824,1.07288360595703E-02
1,5.05,1.61331714503467,1.07288360595703E-02
1,5.06,1.61665044492111,0.012516975402832
1,5.07,1.61998374480754,1.72853469848633E-02
1,5.08,1.62331704469398,2.14576721191406E-02
1,5.09,1.62665034458041,2.68220901489258E-02
1,5.1,1.62998364446685,3.45706939697266E-02
1,5.11,1.63331694435328,4.41074371337891E-02
1,5.12,1.63665024423972,4.88758087158203E-02
1,5.13,1.63998354412615,6.19888305664063E-02
1,5.14,1.64331684401259,6.25848770141602E-02
1,5.15,1.64665014389902,7.27176666259766E-02
1,5.16,1.64998344378546,7.98702239990234E-02
1,5.17,1.65331674367189,8.58306884765625E-02
1,5.18,1.65665004355833,9.77516174316406E-02
1,5.19,1.65998334344476,0.104308128356934
1,5.2,1.6633166433312,0.11742115020752
1,5.21,1.66664994321764,0.126957893371582
1,5.22,1.66998324310407,0.13887882232666
1,5.23,1.67331654299051,0.147819519042969
1,5.24,1.67664984287694,0.154972076416016
1,5.25,1.67998314276338,0.166893005371094
1,5.26,1.68331644264981,0.175237655639648
1,5.27,1.68664974253625,0.181198120117188
1,5.28,1.68998304242268,0.194311141967773
1,5.29,1.69331634230912,0.20146369934082
1,5.3,1.69664964219555,0.212788581848145
1,5.31,1.69998294208199,0.21815299987793
1,5.32,1.70331624196842,0.227689743041992
1,5.33,1.70664954185486,0.238418579101563
1,5.34,1.70998284174129,0.245571136474609
1,5.35,1.71331614162773,0.252127647399902
1,5.36,1.71664944151416,0.261068344116211
1,5.37,1.7199827414006,0.265836715698242
1,5.38,1.72331604128703,0.273585319519043
1,5.39,1.72664934117347,0.283122062683105
1,5.4,1.72998264105991,0.290870666503906
1,5.41,1.73331594094634,0.298023223876953
1,5.42,1.73664924083278,0.306963920593262
1,5.43,1.73998254071921,0.314116477966309
1,5.44,1.74331584060565,0.324249267578125
1,5.45,1.74664914049208,0.331401824951172
1,5.46,1.74998244037852,0.338554382324219
1,5.47,1.75331574026495,0.346899032592773
1,5.48,1.75664904015139,0.353455543518066
1,5.49,1.75998234003782,0.365972518920898
1,5.5,1.76331563992426,0.371336936950684
1,5.51,1.76664893981069,0.382065773010254
1,5.52,1.76998223969713,0.389218330383301
1,5.53,1.77331553958356,0.401139259338379
1,5.54,1.77664883947,0.409483909606934
1,5.55,1.77998213935643,0.41961669921875
1,5.56,1.78331543924287,0.43034553527832
1,5.57,1.7866487391293,0.441670417785645
1,5.58,1.78998203901574,0.450015068054199
1,5.59,1.79331533890218,0.460147857666016
1,5.6,1.79664863878861,0.469088554382324
1,5.61,1.79998193867505,0.475049018859863
1,5.62,1.80331523856148,0.487565994262695
1,5.63,1.80664853844792,0.494122505187988
1,5.64,1.80998183833435,0.503063201904297
1,5.65,1.81331513822079,0.510811805725098
1,5.66,1.81664843810722,0.516176223754883
1,5.67,1.81998173799366,0.520944595336914
1,5.68,1.82331503788009,0.526309013366699
1,5.69,1.82664833776653,0.531673431396484
1,5.7,1.82998163765296,0.540018081665039
1,5.71,1.8333149375394,0.548362731933594
1,5.72,1.83664823742583,0.556111335754395
1,5.73,1.83998153731227,0.563263893127441
1,5.74,1.8433148371987,0.569820404052734
1,5.75,1.84664813708514,0.578165054321289
1,5.76,1.84998143697158,0.590085983276367
1,5.77,1.85331473685801,0.59962272644043
1,5.78,1.85664803674445,0.606179237365723
1,5.79,1.85998133663088,0.614523887634277
1,5.8,1.86331463651732,0.621676445007324
1,5.81,1.86664793640375,0.631213188171387
1,5.82,1.86998123629019,0.639557838439941
1,5.83,1.87331453617662,0.644922256469727
1,5.84,1.87664783606306,0.657439231872559
1,5.85,1.87998113594949,0.664591789245605
1,5.86,1.88331443583593,0.674724578857422
1,5.87,1.88664773572236,0.690817832946777
1,5.88,1.8899810356088,0.700950622558594
1,5.89,1.89331433549523,0.711679458618164
1,5.9,1.89664763538167,0.719428062438965
1,5.91,1.8999809352681,0.725388526916504
1,5.92,1.90331423515454,0.73552131652832
1,5.93,1.90664753504097,0.744462013244629
1,5.94,1.90998083492741,0.757575035095215
1,5.95,1.91331413481385,0.765323638916016
1,5.96,1.91664743470028,0.779032707214355
1,5.97,1.91998073458672,0.784397125244141
1,5.98,1.92331403447315,0.793933868408203
1,5.99,1.92664733435959,0.802278518676758
1,6,1.92998063424602,0.81181526184082
1,6.01,1.93331393413246,0.817775726318359
1,6.02,1.93664723401889,0.826120376586914
1,6.03,1.93998053390533,0.836849212646484
1,6.04,1.94331383379176,0.8392333984375
1,6.05,1.9466471336782,0.847578048706055
1,6.06,1.94998043356463,0.859498977661133
1,6.07,1.95331373345107,0.865459442138672
1,6.08,1.9566470333375,0.870823860168457
1,6.09,1.95998033322394,0.879168510437012
1,6.1,1.96331363311037,0.88810920715332
1,6.11,1.96664693299681,0.898838043212891
1,6.12,1.96998023288324,0.907778739929199
1,6.13,1.97331353276968,0.911951065063477
1,6.14,1.97664683265612,0.920295715332031
1,6.15,1.97998013254255,0.928044319152832
1,6.16,1.98331343242899,0.936388969421387
1,6.17,1.98664673231542,0.944733619689941
1,6.18,1.98998003220186,0.95069408416748
1,6.19,1.99331333208829,0.959634780883789
1,6.2,1.99664663197473,0.96738338470459
1,6.21,1.99997993186116,0.975728034973145
1,6.22,2.0033132317476,0.978708267211914
1,6.23,2.00664653163403,0.992417335510254
1,6.24,2.00997983152047,1.00076198577881
1,6.25,2.0133131314069,1.00553035736084
1,6.26,2.01664643129334,1.01685523986816
1,6.27,2.01997973117977,1.02698802947998
1,6.28,2.02331303106621,1.03771686553955
1,6.29,2.02664633095264,1.04665756225586
1,6.3,2.02997963083908,1.05559825897217
1,6.31,2.03331293072552,1.06394290924072
1,6.32,2.03664623061195,1.07288360595703
1,6.33,2.03997953049839,1.08063220977783
1,6.34,2.04331283038482,1.08897686004639
1,6.35,2.04664613027126,1.10149383544922
1,6.36,2.04997943015769,1.10805034637451
1,6.37,2.05331273004413,1.11818313598633
1,6.38,2.05664602993056,1.1211633682251
1,6.39,2.059979329817,1.12414360046387
1,6.4,2.06331262970343,1.1366605758667
1,6.41,2.06664592958987,1.1444091796875
1,6.42,2.0699792294763,1.14917755126953
1,6.43,2.07331252936274,1.16288661956787
1,6.44,2.07664582924917,1.1676549911499
1,6.45,2.07997912913561,1.18017196655273
1,6.46,2.08331242902204,1.1897087097168
1,6.47,2.08664572890848,1.20162963867188
1,6.48,2.08997902879491,1.21057033538818
1,6.49,2.09331232868135,1.21772289276123
1,6.5,2.09664562856779,1.22606754302979
1,6.51,2.09997892845422,1.23143196105957
1,6.52,2.10331222834066,1.24037265777588
1,6.53,2.10664552822709,1.24871730804443
1,6.54,2.10997882811353,1.25706195831299
1,6.55,2.11331212799996,1.26481056213379
1,6.56,2.1166454278864,1.27077102661133
1,6.57,2.11997872777283,1.27494335174561
1,6.58,2.12331202765927,1.28269195556641
1,6.59,2.1266453275457,1.28686428070068
1,6.6,2.12997862743214,1.29580497741699
1,6.61,2.13331192731857,1.30236148834229
1,6.62,2.13664522720501,1.31189823150635
1,6.63,2.13997852709144,1.32143497467041
1,6.64,2.14331182697788,1.32918357849121
1,6.65,2.14664512686431,1.334547996521
1,6.66,2.14997842675075,1.34408473968506
1,6.67,2.15331172663718,1.35540962219238
1,6.68,2.15664502652362,1.36256217956543
1,6.69,2.15997832641006,1.37150287628174
1,6.7,2.16331162629649,1.37865543365479
1,6.71,2.16664492618293,1.38998031616211
1,6.72,2.16997822606936,1.39892101287842
1,6.73,2.1733115259558,1.40666961669922
1,6.74,2.17664482584223,1.40964984893799
1,6.75,2.17997812572867,1.42216682434082
1,6.76,2.1833114256151,1.43170356750488
1,6.77,2.18664472550154,1.4418363571167
1,6.78,2.18997802538797,1.44720077514648
1,6.79,2.19331132527441,1.4573335647583
1,6.8,2.19664462516084,1.46567821502686
1,6.81,2.19997792504728,1.47104263305664
1,6.82,2.20331122493371,1.48236751556396
1,6.83,2.20664452482015,1.48892402648926
1,6.84,2.20997782470658,1.4960765838623
1,6.85,2.21331112459302,1.49846076965332
1,6.86,2.21664442447945,1.50561332702637
1,6.87,2.21997772436589,1.51216983795166
1,6.88,2.22331102425233,1.51872634887695
1,6.89,2.22664432413876,1.52945518493652
1,6.9,2.23331092391163,1.53601169586182
1,6.91,2.23664422379807,1.54554843902588
1,6.93,2.2399775236845,1.55806541442871
1,6.94,2.24331082357094,1.56998634338379
1,6.95,2.24664412345737,1.58488750457764
1,6.96,2.24997742334381,1.59144401550293
1,6.97,2.25664402311668,1.60336494445801
1,6.99,2.25997732300311,1.62184238433838
1,7,2.26664392277598,1.62899494171143
1,7.01,2.26997722266242,1.63912773132324
1,7.03,2.27331052254885,1.65581703186035
1,7.04,2.27997712232172,1.66773796081543
1,7.05,2.28331042220816,1.67608261108398
1,7.06,2.2866437220946,1.68919563293457
1,7.07,2.28997702198103,1.69694423675537
1,7.08,2.29331032186747,1.71005725860596
1,7.09,2.2966436217539,1.71661376953125
1,7.1,2.29997692164034,1.72853469848633
1,7.11,2.30331022152677,1.73747539520264
1,7.12,2.30664352141321,1.74820423126221
1,7.13,2.30997682129964,1.75714492797852
1,7.14,2.31331012118608,1.7702579498291
1,7.15,2.31664342107251,1.77860260009766
1,7.16,2.31997672095895,1.78754329681396
1,7.17,2.32331002084538,1.79708003997803
1,7.18,2.32664332073182,1.80482864379883
1,7.19,2.32997662061825,1.81853771209717
1,7.2,2.33330992050469,1.82688236236572
1,7.21,2.33664322039112,1.83582305908203
1,7.22,2.33997652027756,1.84297561645508
1,7.23,2.343309820164,1.86026096343994
1,7.24,2.34664312005043,1.86741352081299
1,7.25,2.34997641993687,1.8763542175293
1,7.26,2.3533097198233,1.88589096069336
1,7.27,2.35664301970974,1.89661979675293
1,7.28,2.35997631959617,1.90556049346924
1,7.29,2.36330961948261,1.91688537597656
1,7.3,2.36664291936904,1.92761421203613
1,7.31,2.36997621925548,1.9371509552002
1,7.32,2.37330951914191,1.9460916519165
1,7.33,2.37664281902835,1.95622444152832
1,7.34,2.37997611891478,1.96337699890137
1,7.35,2.38330941880122,1.97231769561768
1,7.36,2.38664271868765,1.98185443878174
1,7.37,2.38997601857409,1.98721885681152
1,7.38,2.39330931846052,1.99437141418457
1,7.39,2.39664261834696,2.00331211090088
1,7.4,2.39997591823339,2.01165676116943
1,7.41,2.40330921811983,2.02000141143799
1,7.42,2.40664251800627,2.02715396881104
1,7.43,2.4099758178927,2.03788280487061
1,7.44,2.41330911777914,2.04741954803467
1,7.45,2.41664241766557,2.06112861633301
1,7.46,2.41997571755201,2.07006931304932
1,7.47,2.42330901743844,2.08020210266113
1,7.48,2.42664231732488,2.08914279937744
1,7.49,2.42997561721131,2.10106372833252
1,7.5,2.43330891709775,2.11358070373535
1,7.51,2.43664221698418,2.11894512176514
1,7.52,2.43997551687062,2.13086605072021
1,7.53,2.44330881675705,2.14040279388428
1,7.54,2.44664211664349,2.15291976928711
1,7.55,2.44997541652992,2.16245651245117
1,7.56,2.45330871641636,2.17556953430176
1,7.57,2.45664201630279,2.18331813812256
1,7.58,2.45997531618923,2.19225883483887
1,7.59,2.46330861607566,2.20060348510742
1,7.6,2.4666419159621,2.20715999603271
1,7.61,2.46997521584854,2.22146511077881
1,7.62,2.47330851573497,2.23159790039063
1,7.63,2.47664181562141,2.23994255065918
1,7.64,2.47997511550784,2.250075340271
1,7.65,2.48330841539428,2.25841999053955
1,7.66,2.48664171528071,2.26914882659912
1,7.67,2.48997501516715,2.27928161621094
1,7.68,2.49330831505358,2.288818359375
1,7.69,2.49664161494002,2.30252742767334
1,7.7,2.49997491482645,2.31266021728516
1,7.71,2.50330821471289,2.32338905334473
1,7.72,2.50664151459932,2.33352184295654
1,7.73,2.50997481448576,2.34782695770264
1,7.74,2.51330811437219,2.36272811889648
1,7.75,2.51664141425863,2.37166881561279
1,7.76,2.51997471414506,2.38299369812012
1,7.77,2.5233080140315,2.39133834838867
1,7.78,2.52664131391793,2.402663230896
1,7.79,2.52997461380437,2.41339206695557
1,7.8,2.53330791369081,2.42531299591064
1,7.81,2.53664121357724,2.43484973907471
1,7.82,2.53997451346368,2.44498252868652
1,7.83,2.54330781335011,2.45153903961182
1,7.84,2.54664111323655,2.46286392211914
1,7.85,2.54997441312298,2.47001647949219
1,7.86,2.55330771300942,2.47836112976074
1,7.87,2.55664101289585,2.48551368713379
1,7.88,2.55997431278229,2.49028205871582
1,7.89,2.56330761266872,2.50160694122314
1,7.9,2.56664091255516,2.51412391662598
1,7.91,2.56997421244159,2.52425670623779
1,7.92,2.57330751232803,2.53558158874512
1,7.93,2.57664081221446,2.54511833190918
1,7.94,2.5799741121009,2.54929065704346
1,7.95,2.58330741198733,2.56001949310303
1,7.96,2.58664071187377,2.57015228271484
1,7.97,2.58997401176021,2.58088111877441
1,7.98,2.59330731164664,2.59220600128174
1,7.99,2.59664061153308,2.59995460510254
1,8,2.59997391141951,2.61068344116211
1,8.01,2.60330721130595,2.62200832366943
1,8.02,2.60664051119238,2.63512134552002
1,8.03,2.60997381107882,2.6404857635498
1,8.04,2.61330711096525,2.65598297119141
1,8.05,2.61664041085169,2.66194343566895
1,8.06,2.61997371073812,2.66730785369873
1,8.07,2.62330701062456,2.68042087554932
1,8.08,2.62664031051099,2.68995761871338
1,8.09,2.62997361039743,2.70307064056396
1,8.1,2.63330691028386,2.71320343017578
1,8.11,2.6366402101703,2.72274017333984
1,8.12,2.63997351005673,2.73644924163818
1,8.13,2.64330680994317,2.74300575256348
1,8.14,2.6466401098296,2.75909900665283
1,8.15,2.64997340971604,2.7698278427124
1,8.16,2.65330670960248,2.77519226074219
1,8.17,2.65664000948891,2.78472900390625
1,8.18,2.65997330937535,2.79128551483154
1,8.19,2.66330660926178,2.7996301651001
1,8.2,2.66663990914822,2.81035900115967
1,8.21,2.66997320903465,2.81989574432373
1,8.22,2.67330650892109,2.83181667327881
1,8.23,2.67663980880752,2.84254550933838
1,8.24,2.67997310869396,2.85029411315918
1,8.25,2.68330640858039,2.86400318145752
1,8.26,2.68663970846683,2.87294387817383
1,8.27,2.68997300835326,2.88546085357666
1,8.28,2.6933063082397,2.89738178253174
1,8.29,2.69663960812613,2.90632247924805
1,8.3,2.69997290801257,2.91645526885986
1,8.31,2.703306207899,2.92479991912842
1,8.32,2.70663950778544,2.93850898742676
1,8.33,2.70997280767187,2.94864177703857
1,8.34,2.71330610755831,2.95937061309814
1,8.35,2.71663940744475,2.97129154205322
1,8.36,2.71997270733118,2.98202037811279
1,8.37,2.72330600721762,2.99930572509766
1,8.38,2.72663930710405,3.01003456115723
1,8.39,2.72997260699049,3.0219554901123
1,8.4,2.73330590687692,3.03149223327637
1,8.41,2.73663920676336,3.04043292999268
1,8.42,2.73997250664979,3.05235385894775
1,8.43,2.74330580653623,3.06487083435059
1,8.44,2.74663910642266,3.0750036239624
1,8.45,2.7499724063091,3.090500831604
1,8.46,2.75330570619553,3.10063362121582
1,8.47,2.75663900608197,3.11493873596191
1,8.48,2.7599723059684,3.12507152557373
1,8.49,2.76330560585484,3.1358003616333
1,8.5,2.76663890574127,3.1512975692749
1,8.51,2.76997220562771,3.16381454467773
1,8.52,2.77330550551414,3.17633152008057
1,8.53,2.77663880540058,3.19123268127441
1,8.54,2.77997210528702,3.20374965667725
1,8.55,2.78330540517345,3.2120943069458
1,8.56,2.78663870505989,3.22878360748291
1,8.57,2.78997200494632,3.23653221130371
1,8.58,2.79330530483276,3.24487686157227
1,8.59,2.79663860471919,3.25441360473633
1,8.6,2.79997190460563,3.26395034790039
1,8.61,2.80330520449206,3.27527523040771
1,8.62,2.8066385043785,3.28481197357178
1,8.63,2.80997180426493,3.29434871673584
1,8.64,2.81330510415137,3.30865383148193
1,8.65,2.8166384040378,3.31878662109375
1,8.66,2.81997170392424,3.32951545715332
1,8.67,2.82330500381067,3.34322452545166
1,8.68,2.82663830369711,3.35633754730225
1,8.69,2.82997160358354,3.36706638336182
1,8.7,2.83330490346998,3.38077545166016
1,8.71,2.83663820335642,3.38971614837646
1,8.72,2.83997150324285,3.40580940246582
1,8.73,2.84330480312929,3.41475009918213
1,8.74,2.84663810301572,3.42249870300293
1,8.75,2.84997140290216,3.43799591064453
1,8.76,2.85330470278859,3.44514846801758
1,8.77,2.85663800267503,3.45826148986816
1,8.78,2.85997130256146,3.46601009368896
1,8.79,2.8633046024479,3.47256660461426
1,8.8,2.86663790233433,3.48508358001709
1,8.81,2.86997120222077,3.49581241607666
1,8.82,2.8733045021072,3.50356101989746
1,8.83,2.87663780199364,3.51309776306152
1,8.84,2.87997110188007,3.52323055267334
1,8.85,2.88330440176651,3.53515148162842
1,8.86,2.88663770165294,3.54528427124023
1,8.87,2.88997100153938,3.55660915374756
1,8.88,2.89330430142581,3.56614589691162
1,8.89,2.89663760131225,3.58104705810547
1,8.9,2.89997090119869,3.58939170837402
1,8.91,2.90330420108512,3.59773635864258
1,8.92,2.90663750097156,3.60727310180664
1,8.93,2.90997080085799,3.61442565917969
1,8.94,2.91330410074443,3.62634658813477
1,8.95,2.91663740063086,3.63171100616455
1,8.96,2.9199707005173,3.64065170288086
1,8.97,2.92330400040373,3.65138053894043
1,8.98,2.92663730029017,3.65674495697021
1,8.99,2.9299706001766,3.66628170013428
1,9,2.93330390006304,3.67939472198486
1,9.01,2.93663719994947,3.69429588317871
1,9.02,2.93997049983591,3.70562076568604
1,9.03,2.94330379972234,3.71575355529785
1,9.04,2.94663709960878,3.72767448425293
1,9.05,2.94997039949521,3.74078750610352
1,9.06,2.95330369938165,3.74853610992432
1,9.07,2.95663699926808,3.7616491317749
1,9.08,2.95997029915452,3.76999378204346
1,9.09,2.96330359904096,3.78429889678955
1,9.1,2.96663689892739,3.79264354705811
1,9.11,2.96997019881383,3.80516052246094
1,9.12,2.97330349870026,3.814697265625
1,9.13,2.9766367985867,3.82125377655029
1,9.14,2.97997009847313,3.83377075195313
1,9.15,2.98330339835957,3.83853912353516
1,9.16,2.986636698246,3.84986400604248
1,9.17,2.98996999813244,3.85701656341553
1,9.18,2.99330329801887,3.87251377105713
1,9.19,2.99663659790531,3.88085842132568
1,9.2,2.99996989779174,3.89039516448975
1,9.21,3.00330319767818,3.89575958251953
1,9.22,3.00663649756461,3.90410423278809
1,9.23,3.00996979745105,3.9142370223999
1,9.24,3.01330309733748,3.9219856262207
1,9.25,3.01663639722392,3.93271446228027
1,9.26,3.01996969711035,3.94105911254883
1,9.27,3.02330299699679,3.94880771636963
1,9.28,3.02663629688323,3.95834445953369
1,9.29,3.02996959676966,3.96728515625
1,9.3,3.0333028966561,3.97264957427979
1,9.31,3.03663619654253,3.98099422454834
1,9.32,3.03996949642897,3.99112701416016
1,9.33,3.0433027963154,4.00006771087646
1,9.34,3.04663609620184,4.0125846862793
1,9.35,3.04996939608827,4.02510166168213
1,9.36,3.05330269597471,4.03702259063721
1,9.37,3.05663599586114,4.04715538024902
1,9.38,3.05996929574758,4.05490398406982
1,9.39,3.06330259563401,4.06861305236816
1,9.4,3.06663589552045,4.07576560974121
1,9.41,3.06996919540688,4.08947467803955
1,9.42,3.07330249529332,4.09543514251709
1,9.43,3.07663579517975,4.10497188568115
1,9.44,3.07996909506619,4.11093235015869
1,9.45,3.08330239495263,4.12106513977051
1,9.46,3.08663569483906,4.13417816162109
1,9.47,3.0899689947255,4.14192676544189
1,9.48,3.09330229461193,4.15325164794922
1,9.49,3.09663559449837,4.16457653045654
1,9.5,3.0999688943848,4.17053699493408
1,9.51,3.10330219427124,4.1806697845459
1,9.52,3.10663549415767,4.18901443481445
1,9.53,3.10996879404411,4.20093536376953
1,9.54,3.11330209393054,4.21047210693359
1,9.55,3.11663539381698,4.21762466430664
1,9.56,3.11996869370341,4.23192977905273
1,9.57,3.12330199358985,4.24325466156006
1,9.58,3.12663529347628,4.25457954406738
1,9.59,3.12996859336272,4.25994396209717
1,9.6,3.13330189324915,4.27007675170898
1,9.61,3.13663519313559,4.27901744842529
1,9.62,3.13996849302202,4.28855419158936
1,9.63,3.14330179290846,4.29868698120117
1,9.64,3.1466350927949,4.30822372436523
1,9.65,3.14996839268133,4.31835651397705
1,9.66,3.15330169256777,4.32789325714111
1,9.67,3.1566349924542,4.33802604675293
1,9.68,3.15996829234064,4.34696674346924
1,9.69,3.16330159222707,4.35948371887207
1,9.7,3.16663489211351,4.37021255493164
1,9.71,3.16996819199994,4.38094139099121
1,9.72,3.17330149188638,4.39167022705078
1,9.73,3.17663479177281,4.40061092376709
1,9.74,3.17996809165925,4.40895557403564
1,9.75,3.18330139154568,4.41789627075195
1,9.76,3.18663469143212,4.42802906036377
1,9.77,3.18996799131855,4.43339347839355
1,9.78,3.19330129120499,4.44769859313965
1,9.79,3.19663459109142,4.45187091827393
1,9.8,3.19996789097786,4.463791847229
1,9.81,3.20330119086429,4.47213649749756
1,9.82,3.20663449075073,4.47750091552734
1,9.83,3.20996779063717,4.48882579803467
1,9.84,3.2133010905236,4.49776649475098
1,9.85,3.21663439041004,4.50432300567627
1,9.86,3.21996769029647,4.51087951660156
1,9.87,3.22330099018291,4.52160835266113
1,9.88,3.22663429006934,4.5323371887207
1,9.89,3.22996758995578,4.54306602478027
1,9.9,3.23330088984221,4.55260276794434
1,9.91,3.23663418972865,4.56392765045166
1,9.92,3.23996748961508,4.57584857940674
1,9.93,3.24330078950152,4.58717346191406
1,9.94,3.24663408938795,4.59849834442139
1,9.95,3.24996738927439,4.60803508758545
1,9.96,3.25330068916082,4.61995601654053
1,9.97,3.25663398904726,4.6306848526001
1,9.98,3.25996728893369,4.63426113128662
1,9.99,3.26330058882013,4.64856624603271
1,10,3.26663388870656,4.65691089630127
1,10.01,3.269967188593,4.66406345367432
1,10.02,3.27330048847944,4.67300415039063
1,10.03,3.27663378836587,4.68134880065918
1,10.04,3.27996708825231,4.68850135803223
1,10.05,3.28330038813874,4.69624996185303
1,10.06,3.28663368802518,4.70519065856934
1,10.07,3.28996698791161,4.71651554107666
1,10.08,3.29330028779805,4.72307205200195
1,10.09,3.29663358768448,4.73499298095703
1,10.1,3.29996688757092,4.74035739898682
1,10.11,3.30330018745735,4.74929809570313
1,10.12,3.30663348734379,4.76360321044922
1,10.13,3.30996678723022,4.76956367492676
1,10.14,3.31330008711666,4.77910041809082
1,10.15,3.31663338700309,4.78923320770264
1,10.16,3.31996668688953,4.79638576507568
1,10.17,3.32329998677596,4.80771064758301
1,10.18,3.3266332866624,4.81724739074707
1,10.19,3.32996658654884,4.82618808746338
1,10.2,3.33329988643527,4.8375129699707
1,10.21,3.33663318632171,4.84764575958252
1,10.22,3.33996648620814,4.85539436340332
1,10.23,3.34329978609458,4.8673152923584
1,10.24,3.34663308598101,4.8750638961792
1,10.25,3.34996638586745,4.88817691802979
1,10.26,3.35329968575388,4.89652156829834
1,10.27,3.35663298564032,4.90427017211914
1,10.28,3.35996628552675,4.91738319396973
1,10.29,3.36329958541319,4.92751598358154
1,10.3,3.36663288529962,4.93705272674561
1,10.31,3.36996618518606,4.94301319122314
1,10.32,3.37329948507249,4.95195388793945
1,10.33,3.37663278495893,4.96268272399902
1,10.34,3.37996608484536,4.97341156005859
1,10.35,3.3832993847318,4.98056411743164
1,10.36,3.38663268461823,4.99367713928223
1,10.37,3.38996598450467,5.00321388244629
1,10.38,3.39663258427754,5.01692295074463
1,10.39,3.39996588416398,5.02586364746094
1,10.41,3.40329918405041,5.04732131958008
1,10.42,3.40663248393685,5.0652027130127
1,10.43,3.41329908370972,5.07593154907227
1,10.44,3.41663238359615,5.08308410644531
1,10.46,3.41996568348259,5.10096549987793
1,10.47,3.42663228325546,5.11288642883301
1,10.48,3.42996558314189,5.11705875396729
1,10.49,3.43329888302833,5.1271915435791
1,10.5,3.43663218291476,5.13315200805664
1,10.52,3.4399654828012,5.14328479766846
1,10.53,3.44663208257407,5.14745712280273
1,10.54,3.4499653824605,5.15878200531006
1,10.55,3.45329868234694,5.16653060913086
1,10.56,3.45663198223338,5.1724910736084
1,10.57,3.45996528211981,5.18202781677246
1,10.58,3.46329858200625,5.18918037414551
1,10.59,3.46663188189268,5.19752502441406
1,10.6,3.46996518177912,5.20825386047363
1,10.61,3.47329848166555,5.21183013916016
1,10.62,3.47663178155199,5.21838665008545
1,10.63,3.47996508143842,5.21957874298096
1,10.64,3.48329838132486,5.23090362548828
1,10.65,3.48663168121129,5.23805618286133
1,10.66,3.48996498109773,5.24461269378662
1,10.67,3.49329828098416,5.25593757629395
1,10.68,3.4966315808706,5.26189804077148
1,10.69,3.49996488075703,5.27024269104004
1,10.7,3.50329818064347,5.28097152709961
1,10.71,3.5066314805299,5.29348850250244
1,10.72,3.50996478041634,5.30421733856201
1,10.73,3.51329808030277,5.31196594238281
1,10.74,3.51663138018921,5.32686710357666
1,10.75,3.51996468007565,5.33640384674072
1,10.76,3.52329797996208,5.34713268280029
1,10.77,3.52663127984852,5.35666942596436
1,10.78,3.52996457973495,5.36680221557617
1,10.79,3.53329787962139,5.37991523742676
1,10.8,3.53663117950782,5.38885593414307
1,10.81,3.53996447939426,5.39839267730713
1,10.82,3.54329777928069,5.40733337402344
1,10.83,3.54663107916713,5.41925430297852
1,10.84,3.54996437905356,5.42819499969482
1,10.85,3.55329767894,5.43832778930664
1,10.86,3.55663097882643,5.44309616088867
1,10.87,3.55996427871287,5.45144081115723
1,10.88,3.5632975785993,5.46038150787354
1,10.89,3.56663087848574,5.46872615814209
1,10.9,3.56996417837217,5.4776668548584
1,10.91,3.57329747825861,5.48303127288818
1,10.92,3.57663077814505,5.49495220184326
1,10.93,3.57996407803148,5.49793243408203
1,10.94,3.58329737791792,5.51164150238037
1,10.95,3.58663067780435,5.51879405975342
1,10.96,3.58996397769079,5.52594661712646
1,10.97,3.59329727757722,5.53548336029053
1,10.98,3.59663057746366,5.54442405700684
1,10.99,3.59996387735009,5.55157661437988
1,11,3.60329717723653,5.56051731109619
1,11.01,3.60663047712296,5.57243824005127
1,11.02,3.6099637770094,5.58078289031982
1,11.03,3.61329707689583,5.58674335479736
1,11.04,3.61663037678227,5.59329986572266
1,11.05,3.6199636766687,5.60522079467773
1,11.06,3.62329697655514,5.61654567718506
1,11.07,3.62663027644157,5.62548637390137
1,11.08,3.62996357632801,5.63383102416992
1,11.09,3.63329687621445,5.64396381378174
1,11.1,3.63663017610088,5.65171241760254
1,11.11,3.63996347598732,5.66005706787109
1,11.12,3.64329677587375,5.6689977645874
1,11.13,3.64663007576019,5.6767463684082
1,11.14,3.64996337564662,5.684494972229
1,11.15,3.65329667553306,5.69283962249756
1,11.16,3.65662997541949,5.70356845855713
1,11.17,3.65996327530593,5.71489334106445
1,11.18,3.66329657519236,5.72919845581055
1,11.19,3.6666298750788,5.73813915252686
1,11.2,3.66996317496523,5.7518482208252
1,11.21,3.67329647485167,5.76436519622803
1,11.22,3.6766297747381,5.77569007873535
1,11.23,3.67996307462454,5.78343868255615
1,11.24,3.68329637451097,5.79595565795898
1,11.25,3.68662967439741,5.80787658691406
1,11.26,3.68996297428384,5.82396984100342
1,11.27,3.69329627417028,5.83469867706299
1,11.28,3.69662957405671,5.84542751312256
1,11.29,3.69996287394315,5.85436820983887
1,11.3,3.70329617382959,5.86926937103271
1,11.31,3.70662947371602,5.87761402130127
1,11.32,3.70996277360246,5.88715076446533
1,11.33,3.71329607348889,5.89728355407715
1,11.34,3.71662937337533,5.90682029724121
1,11.35,3.71996267326176,5.91695308685303
1,11.36,3.7232959731482,5.92410564422607
1,11.37,3.72662927303463,5.92947006225586
1,11.38,3.72996257292107,5.94079494476318
1,11.39,3.7332958728075,5.94615936279297
1,11.4,3.73662917269394,5.9586763381958
1,11.41,3.73996247258037,5.96880912780762
1,11.42,3.74329577246681,5.98430633544922
1,11.43,3.74662907235324,5.99563121795654
1,11.44,3.74996237223968,6.00934028625488
1,11.45,3.75329567212611,6.01828098297119
1,11.46,3.75662897201255,6.02781772613525
1,11.47,3.75996227189898,6.03735446929932
1,11.48,3.76329557178542,6.04689121246338
1,11.49,3.76662887167186,6.05344772338867
1,11.5,3.76996217155829,6.06238842010498
1,11.51,3.77329547144473,6.07192516326904
1,11.52,3.77662877133116,6.0725212097168
1,11.53,3.7799620712176,6.07907772064209
1,11.54,3.78329537110403,6.08623027801514
1,11.55,3.78662867099047,6.0957670211792
1,11.56,3.7899619708769,6.103515625
1,11.57,3.79329527076334,6.1112642288208
1,11.58,3.79662857064977,6.11960887908936
1,11.59,3.79996187053621,6.12020492553711
1,11.6,3.80329517042264,6.13152980804443
1,11.61,3.80662847030908,6.1410665512085
1,11.62,3.80996177019551,6.14821910858154
1,11.63,3.81329507008195,6.15537166595459
1,11.64,3.81662836996838,6.16550445556641
1,11.65,3.81996166985482,6.17086887359619
1,11.66,3.82329496974126,6.18338584899902
1,11.67,3.82662826962769,6.19173049926758
1,11.68,3.82996156951413,6.19888305664063
1,11.69,3.83329486940056,6.2108039855957
1,11.7,3.836628169287,6.22034072875977
1,11.71,3.83996146917343,6.23226165771484
1,11.72,3.84329476905987,6.2406063079834
1,11.73,3.8466280689463,6.25431537628174
1,11.74,3.84996136883274,6.26564025878906
1,11.75,3.85329466871917,6.27458095550537
1,11.76,3.85662796860561,6.28411769866943
1,11.77,3.85996126849204,6.29186630249023
1,11.78,3.86329456837848,6.3014030456543
1,11.79,3.86662786826491,6.31034374237061
1,11.8,3.86996116815135,6.32286071777344
1,11.81,3.87329446803778,6.33180141448975
1,11.82,3.87662776792422,6.34074211120605
1,11.83,3.87996106781066,6.34491443634033
1,11.84,3.88329436769709,6.35445117950439
1,11.85,3.88662766758353,6.36637210845947
1,11.86,3.88996096746996,6.36816024780273
1,11.87,3.8932942673564,6.37412071228027
1,11.88,3.89662756724283,6.38067722320557
1,11.89,3.89996086712927,6.38246536254883
1,11.9,3.9032941670157,6.39259815216064
1,11.91,3.90662746690214,6.39855861663818
1,11.92,3.90996076678857,6.40630722045898
1,11.93,3.91329406667501,6.41345977783203
1,11.94,3.91662736656144,6.42299652099609
1,11.95,3.91996066644788,6.43014907836914
1,11.96,3.92329396633431,6.43908977508545
1,11.97,3.92662726622075,6.45160675048828
1,11.98,3.92996056610718,6.45816326141357
1,11.99,3.93329386599362,6.46233558654785
1,12,3.93662716588005,6.46770000457764
1,12.01,3.93996046576649,6.47485256195068
1,12.02,3.94329376565293,6.47902488708496
1,12.03,3.94662706553936,6.4849853515625
1,12.04,3.9499603654258,6.49034976959229
1,12.05,3.95329366531223,6.50107860565186
1,12.06,3.95662696519867,6.50525093078613
1,12.07,3.9599602650851,6.51240348815918
1,12.08,3.96329356497154,6.51717185974121
1,12.09,3.96662686485797,6.52730464935303
1,12.1,3.96996016474441,6.53386116027832
1,12.11,3.97329346463084,6.54458999633789
1,12.12,3.97662676451728,6.54876232147217
1,12.13,3.97996006440371,6.55412673950195
1,12.14,3.98329336429015,6.56425952911377
1,12.15,3.98662666417658,6.57498836517334
1,12.16,3.98995996406302,6.5845251083374
1,12.17,3.99329326394945,6.5922737121582
1,12.18,3.99662656383589,6.60419464111328
1,12.19,3.99995986372232,6.61253929138184
1,12.2,4.00329316360876,6.61969184875488
1,12.21,4.0066264634952,6.63459300994873
1,12.22,4.00995976338163,6.64651393890381
1,12.23,4.01329306326807,6.65783882141113
1,12.24,4.0166263631545,6.66439533233643
1,12.25,4.01995966304094,6.67273998260498
1,12.26,4.02329296292737,6.6828727722168
1,12.27,4.02662626281381,6.68644905090332
1,12.28,4.02995956270024,6.69598579406738
1,12.29,4.03329286258668,6.70373439788818
1,12.3,4.03662616247311,6.71148300170898
1,12.31,4.03995946235955,6.71684741973877
1,12.32,4.04329276224598,6.72459602355957
1,12.33,4.04662606213242,6.73651695251465
1,12.34,4.04995936201885,6.74247741699219
1,12.35,4.05329266190529,6.75439834594727
1,12.36,4.05662596179172,6.75857067108154
1,12.37,4.05995926167816,6.76929950714111
1,12.38,4.06329256156459,6.77824020385742
1,12.39,4.06662586145103,6.7901611328125
1,12.4,4.06995916133747,6.80267810821533
1,12.41,4.0732924612239,6.81102275848389
1,12.42,4.07662576111034,6.82413578033447
1,12.43,4.07995906099677,6.83367252349854
1,12.44,4.08329236088321,6.84738159179688
1,12.45,4.08662566076964,6.85691833496094
1,12.46,4.08995896065608,6.86466693878174
1,12.47,4.09329226054251,6.87479972839355
1,12.48,4.09662556042895,6.88374042510986
1,12.49,4.09995886031538,6.89148902893066
1,12.5,4.10329216020182,6.90460205078125
1,12.51,4.10662546008825,6.91413879394531
1,12.52,4.10995875997469,6.92665576934814
1,12.53,4.11329205986112,6.93738460540771
1,12.54,4.11662535974756,6.94692134857178
1,12.55,4.11995865963399,6.95765018463135
1,12.56,4.12329195952043,6.97135925292969
1,12.57,4.12662525940686,6.98268413543701
1,12.58,4.1299585592933,6.99162483215332
1,12.59,4.13329185917974,7.00592994689941
1,12.6,4.13662515906617,7.01248645782471
1,12.61,4.13995845895261,7.02798366546631
1,12.62,4.14329175883904,7.04050064086914
1,12.63,4.14662505872548,7.05182552337646
1,12.64,4.14995835861191,7.0643424987793
1,12.65,4.15329165849835,7.07507133483887
1,12.66,4.15662495838478,7.08639621734619
1,12.67,4.15995825827122,7.09474086761475
1,12.68,4.16329155815765,7.10546970367432
1,12.69,4.16662485804409,7.11560249328613
1,12.7,4.16995815793052,7.12215900421143
1,12.71,4.17329145781696,7.13229179382324
1,12.72,4.17662475770339,7.13765621185303
1,12.73,4.17995805758983,7.1418285369873
1,12.74,4.18329135747626,7.15434551239014
1,12.75,4.1866246573627,7.1638822555542
1,12.76,4.18995795724913,7.16984272003174
1,12.77,4.19329125713557,7.18176364898682
1,12.78,4.19662455702201,7.18653202056885
1,12.79,4.19995785690844,7.19070434570313
1,12.8,4.20329115679488,7.20024108886719
1,12.81,4.20662445668131,7.210373878479
1,12.82,4.20995775656775,7.21931457519531
1,12.83,4.21329105645418,7.22706317901611
1,12.84,4.21662435634062,7.23600387573242
1,12.85,4.21995765622705,7.24494457244873
1,12.86,4.22329095611349,7.25090503692627
1,12.87,4.22662425599992,7.26401805877686
1,12.88,4.22995755588636,7.27295875549316
1,12.89,4.23329085577279,7.28368759155273
1,12.9,4.23662415565923,7.29143619537354
1,12.91,4.23995745554566,7.30276107788086
1,12.92,4.2432907554321,7.31587409973145
1,12.93,4.24662405531853,7.32541084289551
1,12.94,4.24995735520497,7.33733177185059
1,12.95,4.25329065509141,7.34984874725342
1,12.96,4.25662395497784,7.3617696762085
1,12.97,4.25995725486428,7.36892223358154
1,12.98,4.26329055475071,7.38084316253662
1,12.99,4.26662385463715,7.38859176635742
1,13,4.26995715452358,7.39574432373047
1,13.01,4.27329045441002,7.40587711334229
1,13.02,4.27662375429645,7.41243362426758
1,13.03,4.27995705418289,7.42077827453613
1,13.04,4.28329035406932,7.42912292480469
1,13.05,4.28662365395576,7.43508338928223
1,13.06,4.28995695384219,7.44760036468506
1,13.07,4.29329025372863,7.45475292205811
1,13.08,4.29662355361506,7.46309757232666
1,13.09,4.2999568535015,7.47144222259521
1,13.1,4.30329015338793,7.47501850128174
1,13.11,4.30662345327437,7.48991966247559
1,13.12,4.3099567531608,7.49766826629639
1,13.13,4.31329005304724,7.5078010559082
1,13.14,4.31662335293368,7.52091407775879
1,13.15,4.31995665282011,7.53343105316162
1,13.16,4.32328995270655,7.54237174987793
1,13.17,4.32662325259298,7.55488872528076
1,13.18,4.32995655247942,7.56442546844482
1,13.19,4.33328985236585,7.57575035095215
1,13.2,4.33662315225229,7.58707523345947
1,13.21,4.33995645213872,7.5984001159668
1,13.22,4.34328975202516,7.60972499847412
1,13.23,4.34662305191159,7.61926174163818
1,13.24,4.34995635179803,7.62879848480225
1,13.25,4.35328965168446,7.64071941375732
1,13.26,4.3566229515709,7.64727592468262
1,13.27,4.35995625145733,7.6591968536377
1,13.28,4.36328955134377,7.668137550354
1,13.29,4.3666228512302,7.67648220062256
1,13.3,4.36995615111664,7.68959522247314
1,13.31,4.37328945100307,7.69913196563721
1,13.32,4.37662275088951,7.71224498748779
1,13.33,4.37995605077595,7.72058963775635
1,13.34,4.38328935066238,7.73191452026367
1,13.35,4.38662265054882,7.74681568145752
1,13.36,4.38995595043525,7.7587366104126
1,13.37,4.39328925032169,7.77125358581543
1,13.38,4.39662255020812,7.77900218963623
1,13.39,4.39995585009456,7.78734683990479
1,13.4,4.40328914998099,7.79390335083008
1,13.41,4.40662244986743,7.80105590820313
1,13.42,4.40995574975386,7.80820846557617
1,13.43,4.4132890496403,7.8129768371582
1,13.44,4.41662234952673,7.81655311584473
1,13.45,4.41995564941317,7.82251358032227
1,13.46,4.4232889492996,7.82907009124756
1,13.47,4.42662224918604,7.83383846282959
1,13.48,4.42995554907247,7.84337520599365
1,13.49,4.43328884895891,7.85350799560547
1,13.5,4.43662214884534,7.85946846008301
1,13.51,4.43995544873178,7.86244869232178
1,13.52,4.44328874861822,7.87496566772461
1,13.53,4.44662204850465,7.87794589996338
1,13.54,4.44995534839109,7.8892707824707
1,13.55,4.45328864827752,7.8970193862915
1,13.56,4.45662194816396,7.9035758972168
1,13.57,4.45995524805039,7.90953636169434
1,13.58,4.46328854793683,7.91609287261963
1,13.59,4.46662184782326,7.92264938354492
1,13.6,4.4699551477097,7.92980194091797
1,13.61,4.47328844759613,7.93635845184326
1,13.62,4.47662174748257,7.94172286987305
1,13.63,4.479955047369,7.94649124145508
1,13.64,4.48328834725544,7.95483589172363
1,13.65,4.48662164714187,7.96377658843994
1,13.66,4.48995494702831,7.97390937805176
1,13.67,4.49328824691474,7.98046588897705
1,13.68,4.49662154680118,7.98821449279785
1,13.69,4.49995484668762,8.00073146820068
1,13.7,4.50328814657405,8.01026821136475
1,13.71,4.50662144646049,8.02516937255859
1,13.72,4.50995474634692,8.03649425506592
1,13.73,4.51328804623336,8.04483890533447
1,13.74,4.51662134611979,8.05377960205078
1,13.75,4.51995464600623,8.06927680969238
1,13.76,4.52328794589266,8.07762145996094
1,13.77,4.5266212457791,8.09073448181152
1,13.78,4.52995454566553,8.09848308563232
1,13.79,4.53328784555197,8.11100006103516
1,13.8,4.5366211454384,8.11755657196045
1,13.81,4.53995444532484,8.13066959381104
1,13.82,4.54328774521127,8.1402063369751
1,13.83,4.54662104509771,8.14855098724365
1,13.84,4.54995434498414,8.16106796264648
1,13.85,4.55328764487058,8.17179679870605
1,13.86,4.55662094475701,8.17537307739258
1,13.87,4.55995424464345,8.18729400634766
1,13.88,4.56662084441632,8.20040702819824
1,13.89,4.56995414430276,8.20636749267578
1,13.91,4.57328744418919,8.22901725769043
1,13.92,4.57662074407563,8.23497772216797
1,13.93,4.5832873438485,8.24630260467529
1,13.94,4.58662064373493,8.25464725494385
1,13.95,4.58995394362137,8.26716423034668
1,13.96,4.5932872435078,8.28027725219727
1,13.97,4.59662054339424,8.29100608825684
1,13.98,4.59995384328067,8.30233097076416
1,13.99,4.60328714316711,8.31425189971924
1,14,4.60662044305354,8.32676887512207
1,14.01,4.60995374293998,8.33868980407715
1,14.02,4.61328704282641,8.34882259368896
1,14.03,4.61662034271285,8.3547830581665
1,14.04,4.61995364259928,8.36610794067383
1,14.05,4.62328694248572,8.37624073028564
1,14.06,4.62662024237216,8.38994979858398
1,14.07,4.62995354225859,8.40127468109131
1,14.08,4.63328684214503,8.4155797958374
1,14.09,4.63662014203146,8.42630863189697
1,14.1,4.6399534419179,8.43644142150879
1,14.11,4.64328674180433,8.4453821182251
1,14.12,4.64662004169077,8.45909118652344
1,14.13,4.6499533415772,8.46803188323975
1,14.14,4.65328664146364,8.48174095153809
1,14.15,4.65661994135007,8.48948955535889
1,14.16,4.65995324123651,8.49902629852295
1,14.17,4.66328654112294,8.506178855896
1,14.18,4.66661984100938,8.51571559906006
1,14.19,4.66995314089581,8.52227210998535
1,14.2,4.67328644078225,8.53657722473145
1,14.21,4.67661974066868,8.54313373565674
1,14.22,4.67995304055512,8.55147838592529
1,14.23,4.68328634044155,8.5604190826416
1,14.24,4.68661964032799,8.56995582580566
1,14.25,4.68995294021443,8.58306884765625
1,14.26,4.69328624010086,8.59379768371582
1,14.27,4.6966195399873,8.60214233398438
1,14.28,4.69995283987373,8.60989093780518
1,14.29,4.70328613976017,8.62181186676025
1,14.3,4.7066194396466,8.62836837768555
1,14.31,4.70995273953304,8.63730907440186
1,14.32,4.71328603941947,8.64624977111816
1,14.33,4.71661933930591,8.65161418914795
1,14.34,4.71995263919234,8.66413116455078
1,14.35,4.72328593907878,8.67128372192383
1,14.36,4.72661923896521,8.67962837219238
1,14.37,4.72995253885165,8.68797302246094
1,14.38,4.73328583873808,8.69631767272949
1,14.39,4.73661913862452,8.70406627655029
1,14.4,4.73995243851095,8.7130069732666
1,14.41,4.74328573839739,8.72135162353516
1,14.42,4.74661903828383,8.73208045959473
1,14.43,4.74995233817026,8.74340534210205
1,14.44,4.7532856380567,8.74996185302734
1,14.45,4.75661893794313,8.76009464263916
1,14.46,4.75995223782957,8.76784324645996
1,14.47,4.763285537716,8.77916812896729
1,14.48,4.76661883760244,8.7893009185791
1,14.49,4.76995213748887,8.7970495223999
1,14.5,4.77328543737531,8.80837440490723
1,14.51,4.77661873726174,8.81791114807129
1,14.52,4.77995203714818,8.8268518447876
1,14.53,4.78328533703461,8.83877277374268
1,14.54,4.78661863692105,8.85188579559326
1,14.55,4.78995193680748,8.86440277099609
1,14.56,4.79328523669392,8.87274742126465
1,14.57,4.79661853658035,8.88407230377197
1,14.58,4.79995183646679,8.8953971862793
1,14.59,4.80328513635322,8.90612602233887
1,14.6,4.80661843623966,8.91745090484619
1,14.61,4.8099517361261,8.92519950866699
1,14.62,4.81328503601253,8.93831253051758
1,14.63,4.81661833589897,8.94784927368164
1,14.64,4.8199516357854,8.9573860168457
1,14.65,4.82328493567184,8.97228717803955
1,14.66,4.82661823555827,8.98122787475586
1,14.67,4.82995153544471,8.98838043212891
1,14.68,4.83328483533114,9.00089740753174
1,14.69,4.83661813521758,9.00804996490479
1,14.7,4.83995143510401,9.02235507965088
1,14.71,4.84328473499045,9.02831554412842
1,14.72,4.84661803487688,9.03904438018799
1,14.73,4.84995133476332,9.05036926269531
1,14.74,4.85328463464975,9.05930995941162
1,14.75,4.85661793453619,9.06467437744141
1,14.76,4.85995123442262,9.07242298126221
1,14.77,4.86328453430906,9.0789794921875
1,14.78,4.86661783419549,9.09030437469482
1,14.79,4.86995113408193,9.09805297851563
1,14.8,4.87328443396837,9.10520553588867
1,14.81,4.8766177338548,9.116530418396
1,14.82,4.87995103374124,9.12308692932129
1,14.83,4.88328433362767,9.13500785827637
1,14.84,4.88661763351411,9.14692878723145
1,14.85,4.88995093340054,9.15348529815674
1,14.86,4.89328423328698,9.16421413421631
1,14.87,4.89661753317341,9.17673110961914
1,14.88,4.89995083305985,9.18745994567871
1,14.89,4.90328413294628,9.19938087463379
1,14.9,4.90661743283272,9.20593738555908
1,14.91,4.90995073271915,9.21785831451416
1,14.92,4.91328403260559,9.23097133636475
1,14.93,4.91661733249202,9.2393159866333
1,14.94,4.91995063237846,9.2470645904541
1,14.95,4.92328393226489,9.25660133361816
1,14.96,4.92661723215133,9.27209854125977
1,14.97,4.92995053203776,9.27865505218506
1,14.98,4.9332838319242,9.28878784179688
1,14.99,4.93661713181064,9.29951667785645
1,15,4.93995043169707,9.30845737457275
1,15.01,4.94328373158351,9.31680202484131
1,15.02,4.94661703146994,9.32872295379639
1,15.03,4.94995033135638,9.33468341827393
1,15.04,4.95328363124281,9.34362411499023
1,15.05,4.95661693112925,9.35554504394531
1,15.06,4.95995023101568,9.36329364776611
1,15.07,4.96328353090212,9.37581062316895
1,15.08,4.96661683078855,9.38713550567627
1,15.09,4.96995013067499,9.39726829528809
1,15.1,4.97328343056142,9.40442085266113
1,15.11,4.97661673044786,9.41157341003418
1,15.12,4.97995003033429,9.42051410675049
1,15.13,4.98328333022073,9.4294548034668
1,15.14,4.98661663010716,9.43899154663086
1,15.15,4.9899499299936,9.44852828979492
1,15.16,4.99328322988004,9.45627689361572
1,15.17,4.99661652976647,9.46462154388428
1,15.18,4.99994982965291,9.47356224060059
1,15.19,5.00328312953934,9.48309898376465
1,15.2,5.00661642942578,9.49382781982422
1,15.21,5.00994972931221,9.50872898101807
1,15.22,5.01328302919865,9.51707363128662
1,15.23,5.01661632908508,9.53018665313721
1,15.24,5.01994962897152,9.54031944274902
1,15.25,5.02328292885795,9.54985618591309
1,15.26,5.02661622874439,9.56296920776367
1,15.27,5.02994952863082,9.57190990447998
1,15.28,5.03328282851726,9.57906246185303
1,15.29,5.03661612840369,9.59396362304688
1,15.3,5.03994942829013,9.60826873779297
1,15.31,5.04328272817656,9.62138175964355
1,15.32,5.046616028063,9.63330268859863
1,15.33,5.04994932794943,9.64820384979248
1,15.34,5.05328262783587,9.66548919677734
1,15.35,5.05661592772231,9.67502593994141
1,15.36,5.05994922760874,9.68337059020996
1,15.37,5.06328252749518,9.69886779785156
1,15.38,5.06661582738161,9.71019268035889
1,15.39,5.06994912726805,9.72092151641846
1,15.4,5.07328242715448,9.73284244537354
1,15.41,5.07661572704092,9.73820686340332
1,15.42,5.07994902692735,9.75191593170166
1,15.43,5.08328232681379,9.76145267486572
1,15.44,5.08661562670022,9.77098941802979
1,15.45,5.08994892658666,9.77933406829834
1,15.46,5.09328222647309,9.7888708114624
1,15.47,5.09661552635953,9.79900360107422
1,15.48,5.09994882624596,9.80675220489502
1,15.49,5.1032821261324,9.81986522674561
1,15.5,5.10661542601883,9.83178615570068
1,15.51,5.10994872590527,9.83893871307373
1,15.52,5.1132820257917,9.85085964202881
1,15.53,5.11661532567814,9.86397266387939
1,15.54,5.11994862556458,9.87231731414795
1,15.55,5.12328192545101,9.88185405731201
1,15.56,5.12661522533745,9.89019870758057
1,15.57,5.12994852522388,9.90033149719238
1,15.58,5.13328182511032,9.90748405456543
1,15.59,5.13661512499675,9.918212890625
1,15.6,5.13994842488319,9.92834568023682
1,15.61,5.14328172476962,9.93490219116211
1,15.62,5.14661502465606,9.9480152130127
1,15.63,5.14994832454249,9.95755195617676
1,15.64,5.15328162442893,9.96828079223633
1,15.65,5.15661492431536,9.97662544250488
1,15.66,5.1599482242018,9.98735427856445
1,15.67,5.16328152408823,9.99987125396729
1,15.68,5.16661482397467,10.0135803222656
1,15.69,5.1699481238611,10.0231170654297
1,15.7,5.17328142374754,10.0308656692505
1,15.71,5.17661472363397,10.0380182266235
1,15.72,5.17994802352041,10.0475549697876
1,15.73,5.18328132340685,10.0570917129517
1,15.74,5.18661462329328,10.068416595459
1,15.75,5.18994792317972,10.0815296173096
1,15.76,5.19328122306615,10.0934505462646
1,15.77,5.19661452295259,10.1053714752197
1,15.78,5.19994782283902,10.1178884506226
1,15.79,5.20328112272546,10.1339817047119
1,15.8,5.20661442261189,10.1494789123535
1,15.81,5.20994772249833,10.1625919342041
1,15.82,5.21328102238476,10.1763010025024
1,15.83,5.2166143222712,10.1864337921143
1,15.84,5.21994762215763,10.2013349533081
1,15.85,5.22328092204407,10.2126598358154
1,15.86,5.2266142219305,10.2269649505615
1,15.87,5.22994752181694,10.2412700653076
1,15.88,5.23328082170337,10.2525949478149
1,15.89,5.23661412158981,10.2657079696655
1,15.9,5.23994742147625,10.2794170379639
1,15.91,5.24328072136268,10.2925300598145
1,15.92,5.24661402124912,10.3104114532471
1,15.93,5.24994732113555,10.3265047073364
1,15.94,5.25328062102199,10.3408098220825
1,15.95,5.25661392090842,10.3515386581421
1,15.96,5.25994722079486,10.3652477264404
1,15.97,5.26328052068129,10.3777647018433
1,15.98,5.26661382056773,10.3956460952759
1,15.99,5.26994712045416,10.4093551635742
1,16,5.2732804203406,10.4260444641113
1,16.01,5.27661372022703,10.4361772537231
1,16.02,5.27994702011347,10.4492902755737
1,16.03,5.2832803199999,10.4659795761108
1,16.04,5.28661361988634,10.4784965515137
1,16.05,5.28994691977277,10.48743724823
1,16.06,5.29328021965921,10.5017423629761
1,16.07,5.29661351954564,10.5124711990356
1,16.08,5.29994681943208,10.5202198028564
1,16.09,5.30328011931852,10.5279684066772
1,16.1,5.30661341920495,10.5351209640503
1,16.11,5.30994671909139,10.5428695678711
1,16.12,5.31328001897782,10.5530023574829
1,16.13,5.31661331886426,10.5571746826172
1,16.14,5.31994661875069,10.5607509613037
1,16.15,5.32327991863713,10.5708837509155
1,16.16,5.32661321852356,10.5744600296021
1,16.17,5.32994651841,10.5780363082886
1,16.18,5.33327981829643,10.5905532836914
1,16.19,5.33661311818287,10.5923414230347
1,16.2,5.3399464180693,10.5983018875122
1,16.21,5.34327971795574,10.6042623519897
1,16.22,5.34661301784217,10.6132030487061
1,16.23,5.34994631772861,10.6233358383179
1,16.24,5.35327961761504,10.6352567672729
1,16.25,5.35661291750148,10.6406211853027
1,16.26,5.35994621738791,10.6507539749146
1,16.27,5.36327951727435,10.6585025787354
1,16.28,5.36661281716079,10.6656551361084
1,16.29,5.36994611704722,10.6751918792725
1,16.3,5.37327941693366,10.6841325759888
1,16.31,5.37661271682009,10.6930732727051
1,16.32,5.37994601670653,10.7032060623169
1,16.33,5.38327931659296,10.7097625732422
1,16.34,5.3866126164794,10.7210874557495
1,16.35,5.38994591636583,10.7282400131226
1,16.36,5.39327921625227,10.7407569885254
1,16.37,5.3966125161387,10.7479095458984
1,16.38,5.39994581602514,10.7532739639282
1,16.39,5.40327911591157,10.7604265213013
1,16.4,5.40661241579801,10.7699632644653
1,16.41,5.40994571568444,10.7789039611816
1,16.42,5.41327901557088,10.7860565185547
1,16.43,5.41661231545731,10.7932090759277
1,16.44,5.41994561534375,10.799765586853
1,16.45,5.42327891523018,10.8104944229126
1,16.46,5.42661221511662,10.8164548873901
1,16.47,5.42994551500306,10.828971862793
1,16.48,5.43327881488949,10.8391046524048
1,16.49,5.43661211477593,10.8510255813599
1,16.5,5.43994541466236,10.8599662780762
1,16.51,5.4432787145488,10.8706951141357
1,16.52,5.44661201443523,10.8855962753296
1,16.53,5.44994531432167,10.8969211578369
1,16.54,5.4532786142081,10.906457901001
1,16.55,5.45661191409454,10.9189748764038
1,16.56,5.45994521398097,10.9314918518066
1,16.57,5.46327851386741,10.9392404556274
1,16.58,5.46661181375384,10.9529495239258
1,16.59,5.46994511364028,10.9654664993286
1,16.6,5.47327841352671,10.9714269638062
1,16.61,5.47661171341315,10.9857320785522
1,16.62,5.47994501329958,10.9916925430298
1,16.63,5.48327831318602,11.0006332397461
1,16.64,5.48661161307246,11.0113620758057
1,16.65,5.48994491295889,11.0197067260742
1,16.66,5.49327821284533,11.0238790512085
1,16.67,5.49661151273176,11.0340118408203
1,16.68,5.4999448126182,11.0387802124023
1,16.69,5.50327811250463,11.0453367233276
1,16.7,5.50661141239107,11.0477209091187
1,16.71,5.5099447122775,11.0578536987305
1,16.72,5.51327801216394,11.061429977417
1,16.73,5.51661131205037,11.0679864883423
1,16.74,5.51994461193681,11.0739469528198
1,16.75,5.52327791182324,11.0805034637451
1,16.76,5.52661121170968,11.0900402069092
1,16.77,5.52994451159611,11.100172996521
1,16.78,5.53327781148255,11.1079216003418
1,16.79,5.53661111136898,11.1180543899536
1,16.8,5.53994441125542,11.1299753189087
1,16.81,5.54327771114185,11.1395120620728
1,16.82,5.54661101102829,11.1532211303711
1,16.83,5.54994431091473,11.1639499664307
1,16.84,5.55327761080116,11.1758708953857
1,16.85,5.5566109106876,11.1848115921021
1,16.86,5.55994421057403,11.1955404281616
1,16.87,5.56327751046047,11.2062692642212
1,16.88,5.5666108103469,11.2181901931763
1,16.89,5.56994411023334,11.2289190292358
1,16.9,5.57327741011977,11.2408399581909
1,16.91,5.57661071000621,11.2521648406982
1,16.92,5.57994400989264,11.2664699554443
1,16.93,5.58327730977908,11.2742185592651
1,16.94,5.58661060966551,11.2920999526978
1,16.95,5.58994390955195,11.3010406494141
1,16.96,5.59327720943838,11.3159418106079
1,16.97,5.59661050932482,11.3284587860107
1,16.98,5.59994380921125,11.3409757614136
1,16.99,5.60327710909769,11.3570690155029
1,17,5.60661040898412,11.3719701766968
1,17.01,5.60994370887056,11.3838911056519
1,17.02,5.613277008757,11.3999843597412
1,17.03,5.61661030864343,11.4113092422485
1,17.04,5.61994360852987,11.4232301712036
1,17.05,5.6232769084163,11.4375352859497
1,17.06,5.62661020830274,11.4500522613525
1,17.07,5.62994350818917,11.4601850509644
1,17.08,5.63327680807561,11.4691257476807
1,17.09,5.63661010796204,11.4768743515015
1,17.1,5.63994340784848,11.4881992340088
1,17.11,5.64327670773491,11.4941596984863
1,17.12,5.64661000762135,11.5060806274414
1,17.13,5.64994330750778,11.5197896957397
1,17.14,5.65327660739422,11.5287303924561
1,17.15,5.65660990728065,11.5376710891724
1,17.16,5.65994320716709,11.5489959716797
1,17.17,5.66327650705352,11.5609169006348
1,17.18,5.66660980693996,11.5722417831421
1,17.19,5.66994310682639,11.5847587585449
1,17.2,5.67327640671283,11.5996599197388
1,17.21,5.67660970659927,11.6103887557983
1,17.22,5.6799430064857,11.6175413131714
1,17.23,5.68660960625857,11.6300582885742
1,17.25,5.68994290614501,11.6580724716187
1,17.26,5.69660950591788,11.671781539917
1,17.27,5.69994280580431,11.6854906082153
1,17.28,5.70327610569075,11.7003917694092
1,17.3,5.70660940557718,11.7301940917969
1,17.31,5.71327600535005,11.7450952529907
1,17.32,5.71660930523649,11.7576122283936
1,17.33,5.71994260512292,11.7695331573486
1,17.34,5.72327590500936,11.780858039856
1,17.35,5.72660920489579,11.792778968811
1,17.36,5.72994250478223,11.7987394332886
1,17.37,5.73327580466867,11.8100643157959
1,17.38,5.7366091045551,11.8178129196167
1,17.4,5.73994240444154,11.8339061737061
1,17.41,5.74660900421441,11.8410587310791
1,17.42,5.74994230410084,11.8470191955566
1,17.43,5.75327560398728,11.8529796600342
1,17.44,5.75660890387371,11.8649005889893
1,17.45,5.75994220376015,11.8708610534668
1,17.46,5.76327550364658,11.8738412857056
1,17.47,5.76660880353302,11.8851661682129
1,17.48,5.76994210341945,11.8911266326904
1,17.49,5.77327540330589,11.9048357009888
1,17.5,5.77660870319232,11.9173526763916
1,17.51,5.77994200307876,11.9251012802124
1,17.52,5.78327530296519,11.9435787200928
1,17.53,5.78660860285163,11.9608640670776
1,17.54,5.78994190273806,11.9781494140625
1,17.55,5.7932752026245,11.9942426681519
1,17.56,5.79660850251094,12.0037794113159
1,17.57,5.79994180239737,12.0168924331665
1,17.58,5.80327510228381,12.0317935943604
1,17.59,5.80660840217024,12.0431184768677
1,17.6,5.80994170205668,12.0586156845093
1,17.61,5.81327500194311,12.0663642883301
1,17.62,5.81660830182955,12.0764970779419
1,17.63,5.81994160171598,12.0818614959717
1,17.64,5.82327490160242,12.0937824249268
1,17.65,5.82660820148885,12.0997428894043
1,17.66,5.82994150137529,12.1045112609863
1,17.67,5.83327480126172,12.1194124221802
1,17.68,5.83660810114816,12.1217966079712
1,17.69,5.83994140103459,12.1325254440308
1,17.7,5.84327470092103,12.1408700942993
1,17.71,5.84660800080746,12.1510028839111
1,17.72,5.8499413006939,12.1647119522095
1,17.73,5.85327460058033,12.1766328811646
1,17.74,5.85660790046677,12.1891498565674
1,17.75,5.85994120035321,12.1927261352539
1,17.76,5.86327450023964,12.2064352035522
1,17.77,5.86660780012608,12.2165679931641
1,17.78,5.86994110001251,12.2326612472534
1,17.79,5.87327439989895,12.241005897522
1,17.8,5.87660769978538,12.2499465942383
1,17.81,5.87994099967182,12.2624635696411
1,17.82,5.88327429955825,12.2720003128052
1,17.83,5.88660759944469,12.2791528701782
1,17.84,5.88994089933112,12.2946500778198
1,17.85,5.89327419921756,12.3018026351929
1,17.86,5.89660749910399,12.3119354248047
1,17.87,5.89994079899043,12.3190879821777
1,17.88,5.90327409887686,12.3238563537598
1,17.89,5.9066073987633,12.3375654220581
1,17.9,5.90994069864973,12.3482942581177
1,17.91,5.91327399853617,12.3566389083862
1,17.92,5.9166072984226,12.366771697998
1,17.93,5.91994059830904,12.3792886734009
1,17.94,5.92327389819548,12.3870372772217
1,17.95,5.92660719808191,12.3977661132813
1,17.96,5.92994049796835,12.4108791351318
1,17.97,5.93327379785478,12.4216079711914
1,17.98,5.93660709774122,12.4275684356689
1,17.99,5.93994039762765,12.4353170394897
1,18,5.94327369751409,12.4454498291016
1,18.01,5.94660699740052,12.4615430831909
1,18.02,5.94994029728696,12.4746561050415
1,18.03,5.95327359717339,12.4847888946533
1,18.04,5.95660689705983,12.4979019165039
1,18.05,5.95994019694626,12.5110149383545
1,18.06,5.9632734968327,12.5229358673096
1,18.07,5.96660679671913,12.5408172607422
1,18.08,5.96994009660557,12.5527381896973
1,18.09,5.973273396492,12.5700235366821
1,18.1,5.97660669637844,12.5789642333984
1,18.11,5.97993999626487,12.592077255249
1,18.12,5.98327329615131,12.6081705093384
1,18.13,5.98660659603775,12.6248598098755
1,18.14,5.98993989592418,12.6403570175171
1,18.15,5.99327319581062,12.6516819000244
1,18.16,5.99660649569705,12.662410736084
1,18.17,5.99993979558349,12.6731395721436
1,18.18,6.00327309546992,12.6898288726807
1,18.19,6.00660639535636,12.6993656158447
1,18.2,6.00993969524279,12.7148628234863
1,18.21,6.01327299512923,12.7255916595459
1,18.22,6.01660629501566,12.737512588501
1,18.23,6.0199395949021,12.7518177032471
1,18.24,6.02327289478853,12.7679109573364
1,18.25,6.02660619467497,12.7798318862915
1,18.26,6.0299394945614,12.7875804901123
1,18.27,6.03327279444784,12.8000974655151
1,18.28,6.03660609433427,12.8072500228882
1,18.29,6.03993939422071,12.819766998291
1,18.3,6.04327269410715,12.8269195556641
1,18.31,6.04660599399358,12.8400325775146
1,18.32,6.04993929388002,12.8501653671265
1,18.33,6.05327259376645,12.8644704818726
1,18.34,6.05660589365289,12.8710269927979
1,18.35,6.05993919353932,12.8787755966187
1,18.36,6.06327249342576,12.897253036499
1,18.37,6.06660579331219,12.9067897796631
1,18.38,6.06993909319863,12.926459312439
1,18.39,6.07327239308506,12.9365921020508
1,18.4,6.0766056929715,12.9491090774536
1,18.41,6.07993899285793,12.9646062850952
1,18.42,6.08327229274437,12.9783153533936
1,18.43,6.0866055926308,12.9956007003784
1,18.44,6.08993889251724,13.0116939544678
1,18.45,6.09327219240367,13.0248069763184
1,18.46,6.09660549229011,13.0325555801392
1,18.47,6.09993879217654,13.0456686019897
1,18.48,6.10327209206298,13.0581855773926
1,18.49,6.10660539194942,13.0724906921387
1,18.5,6.10993869183585,13.0850076675415
1,18.51,6.11327199172229,13.090968132019
1,18.52,6.11660529160872,13.1011009216309
1,18.53,6.11993859149516,13.1088495254517
1,18.54,6.12327189138159,13.117790222168
1,18.55,6.12660519126803,13.1285190582275
1,18.56,6.12993849115446,13.1416320800781
1,18.57,6.1332717910409,13.1505727767944
1,18.58,6.13660509092733,13.1618976593018
1,18.59,6.13993839081377,13.1672620773315
1,18.6,6.1432716907002,13.1779909133911
1,18.61,6.14660499058664,13.1863355636597
1,18.62,6.14993829047307,13.1970643997192
1,18.63,6.15327159035951,13.2066011428833
1,18.64,6.15660489024594,13.2185220718384
1,18.65,6.15993819013238,13.2298469543457
1,18.66,6.16327149001881,13.238787651062
1,18.67,6.16660478990525,13.2536888122559
1,18.68,6.16993808979169,13.2632255554199
1,18.69,6.17327138967812,13.2721662521362
1,18.7,6.17660468956456,13.2882595062256
1,18.71,6.17993798945099,13.2948160171509
1,18.72,6.18327128933743,13.3055448532104
1,18.73,6.18660458922386,13.318657875061
1,18.74,6.1899378891103,13.3287906646729
1,18.75,6.19327118899673,13.3413076400757
1,18.76,6.19660448888317,13.3484601974487
1,18.77,6.1999377887696,13.3609771728516
1,18.78,6.20327108865604,13.3746862411499
1,18.79,6.20660438854247,13.3872032165527
1,18.8,6.20993768842891,13.4003162384033
1,18.81,6.21327098831534,13.4176015853882
1,18.82,6.21660428820178,13.430118560791
1,18.83,6.21993758808821,13.4390592575073
1,18.84,6.22327088797465,13.4557485580444
1,18.85,6.22660418786108,13.4706497192383
1,18.86,6.22993748774752,13.4885311126709
1,18.87,6.23327078763396,13.5034322738647
1,18.88,6.23660408752039,13.5183334350586
1,18.89,6.23993738740683,13.5338306427002
1,18.9,6.24327068729326,13.5475397109985
1,18.91,6.2466039871797,13.5648250579834
1,18.92,6.24993728706613,13.5785341262817
1,18.93,6.25327058695257,13.5928392410278
1,18.94,6.256603886839,13.6053562164307
1,18.95,6.25993718672544,13.6137008666992
1,18.96,6.26327048661187,13.6268138885498
1,18.97,6.26660378649831,13.6357545852661
1,18.98,6.26993708638474,13.6429071426392
1,18.99,6.27327038627118,13.6548280715942
1,19,6.27660368615761,13.6673450469971
1,19.01,6.27993698604405,13.6762857437134
1,19.02,6.28327028593048,13.6840343475342
1,19.03,6.28660358581692,13.6995315551758
1,19.04,6.28993688570336,13.7108564376831
1,19.05,6.29327018558979,13.7221813201904
1,19.06,6.29660348547623,13.7335062026978
1,19.07,6.29993678536266,13.7442350387573
1,19.08,6.3032700852491,13.7591361999512
1,19.09,6.30660338513553,13.7680768966675
1,19.1,6.30993668502197,13.7817859649658
1,19.11,6.3132699849084,13.7925148010254
1,19.12,6.31660328479484,13.8020515441895
1,19.13,6.31993658468127,13.8115882873535
1,19.14,6.32326988456771,13.8264894485474
1,19.15,6.32660318445414,13.8348340988159
1,19.16,6.32993648434058,13.8503313064575
1,19.17,6.33326978422701,13.8586759567261
1,19.18,6.33660308411345,13.8682126998901
1,19.19,6.33993638399989,13.8825178146362
1,19.2,6.34326968388632,13.8944387435913
1,19.21,6.34660298377275,13.9081478118896
1,19.22,6.34993628365919,13.9182806015015
1,19.23,6.35326958354563,13.9307975769043
1,19.24,6.35660288343206,13.9421224594116
1,19.25,6.3599361833185,13.9534473419189
1,19.26,6.36326948320493,13.9641761779785
1,19.27,6.36660278309137,13.9760971069336
1,19.28,6.3699360829778,13.9880180358887
1,19.29,6.37326938286424,13.999342918396
1,19.3,6.37660268275067,14.0130519866943
1,19.31,6.37993598263711,14.0285491943359
1,19.32,6.38326928252354,14.040470123291
1,19.33,6.38660258240998,14.0523910522461
1,19.34,6.38993588229641,14.0655040740967
1,19.35,6.39326918218285,14.081597328186
1,19.36,6.39660248206928,14.0941143035889
1,19.37,6.39993578195572,14.1060352325439
1,19.38,6.40326908184215,14.1191482543945
1,19.39,6.40660238172859,14.1322612762451
1,19.4,6.40993568161502,14.1525268554688
1,19.41,6.41326898150146,14.1680240631104
1,19.42,6.4166022813879,14.1799449920654
1,19.43,6.41993558127433,14.193058013916
1,19.44,6.42326888116077,14.2037868499756
1,19.45,6.4266021810472,14.2210721969604
1,19.46,6.42993548093364,14.234185218811
1,19.47,6.43326878082007,14.2431259155273
1,19.48,6.43660208070651,14.2580270767212
1,19.49,6.43993538059294,14.2717361450195
1,19.5,6.44326868047938,14.2812728881836
1,19.51,6.44660198036581,14.2931938171387
1,19.52,6.44993528025225,14.3063068389893
1,19.53,6.45326858013868,14.3188238143921
1,19.54,6.45660188002512,14.3319368362427
1,19.55,6.45993517991155,14.345645904541
1,19.56,6.46326847979799,14.3563747406006
1,19.57,6.46660177968442,14.3700838088989
1,19.58,6.46993507957086,14.3861770629883
1,19.59,6.47326837945729,14.3980979919434
1,19.6,6.47660167934373,14.4082307815552
1,19.61,6.47993497923017,14.4219398498535
1,19.62,6.4832682791166,14.4290924072266
1,19.63,6.48660157900304,14.4392251968384
1,19.64,6.48993487888947,14.452338218689
1,19.65,6.49326817877591,14.461874961853
1,19.66,6.49660147866234,14.4737958908081
1,19.67,6.49993477854878,14.4821405410767
1,19.68,6.50326807843521,14.4928693771362
1,19.69,6.50660137832165,14.5071744918823
1,19.7,6.50993467820808,14.5161151885986
1,19.71,6.51326797809452,14.527440071106
1,19.72,6.51660127798095,14.5375728607178
1,19.73,6.51993457786739,14.5500898361206
1,19.74,6.52326787775382,14.5614147186279
1,19.75,6.52660117764026,14.573335647583
1,19.76,6.52993447752669,14.5882368087769
1,19.77,6.53326777741313,14.6031379699707
1,19.78,6.53660107729957,14.6198272705078
1,19.79,6.539934377186,14.6323442459106
1,19.8,6.54326767707244,14.6406888961792
1,19.81,6.54660097695887,14.6573781967163
1,19.82,6.54993427684531,14.6728754043579
1,19.83,6.55326757673174,14.6889686584473
1,19.84,6.55660087661818,14.6913528442383
1,19.85,6.55993417650461,14.7145986557007
1,19.86,6.56326747639105,14.7289037704468
1,19.87,6.56660077627748,14.7318840026855
1,19.88,6.56993407616392,14.7497653961182
1,19.89,6.57326737605035,14.7545337677002
1,19.9,6.57660067593679,14.7676467895508
1,19.91,6.57993397582322,14.7676467895508
1,19.92,6.58326727570966,14.7819519042969
1,19.93,6.5866005755961,14.796257019043
1,19.94,6.58993387548253,14.8046016693115
1,19.95,6.59326717536896,14.8105621337891
1,19.96,6.5966004752554,14.8248672485352
1,19.97,6.59993377514184,14.8403644561768
1,19.98,6.60326707502827,14.8522853851318
1,19.99,6.60660037491471,14.8630142211914
1,20,6.60993367480114,14.878511428833
1,20.01,6.61326697468758,14.8963928222656
1,20.02,6.61660027457401,14.9059295654297
1,20.03,6.61993357446045,14.9106979370117
1,20.04,6.62326687434688,14.9369239807129
1,20.05,6.62660017423332,14.9476528167725
1,20.06,6.62993347411975,14.955997467041
1,20.07,6.63326677400619,14.9703025817871
1,20.08,6.63660007389262,14.9750709533691
1,20.09,6.63993337377906,14.9929523468018
1,20.1,6.64326667366549,15.0036811828613
1,20.11,6.64659997355193,15.0084495544434
1,20.12,6.64993327343836,15.0251388549805
1,20.13,6.6532665733248,15.031099319458
1,20.14,6.65659987321123,15.0370597839355
1,20.15,6.65993317309767,15.0477886199951
1,20.16,6.66326647298411,15.0501728057861
1,20.17,6.66659977287054,15.0609016418457
1,20.18,6.66993307275698,15.0668621063232
1,20.19,6.67326637264341,15.0752067565918
1,20.2,6.67659967252985,15.0811672210693
1,20.21,6.67993297241628,15.0918960571289
1,20.22,6.68326627230272,15.103816986084
1,20.23,6.68659957218915,15.1145458221436
1,20.24,6.68993287207559,15.1288509368896
1,20.25,6.69326617196202,15.1371955871582
1,20.26,6.69659947184846,15.1419639587402
1,20.27,6.69993277173489,15.1610374450684
1,20.28,6.70326607162133,15.1705741882324
1,20.29,6.70659937150776,15.1824951171875
1,20.3,6.7099326713942,15.2015686035156
1,20.31,6.71326597128063,15.2111053466797
1,20.32,6.71659927116707,15.2301788330078
1,20.33,6.7199325710535,15.2385234832764
1,20.34,6.72326587093994,15.256404876709
1,20.35,6.72659917082638,15.2683258056641
1,20.36,6.72993247071281,15.2921676635742
1,20.37,6.73326577059925,15.3052806854248
1,20.38,6.73659907048568,15.3172016143799
1,20.39,6.73993237037212,15.333890914917
1,20.4,6.74326567025855,15.3446197509766
1,20.41,6.74659897014499,15.3541564941406
1,20.42,6.74993227003142,15.3696537017822
1,20.43,6.75326556991786,15.3768062591553
1,20.44,6.75659886980429,15.3911113739014
1,20.45,6.75993216969073,15.404224395752
1,20.46,6.76326546957716,15.411376953125
1,20.47,6.7665987694636,15.4232978820801
1,20.48,6.76993206935003,15.4328346252441
1,20.49,6.77326536923647,15.4411792755127
1,20.5,6.7765986691229,15.4519081115723
1,20.51,6.77993196900934,15.4602527618408
1,20.52,6.78326526889578,15.4793262481689
1,20.53,6.78659856878221,15.488862991333
1,20.54,6.78993186866865,15.4983997344971
1,20.55,6.79326516855508,15.5150890350342
1,20.56,6.79659846844152,15.5329704284668
1,20.57,6.79993176832795,15.5448913574219
1,20.58,6.80326506821439,15.5603885650635
1,20.59,6.80659836810082,15.5794620513916
1,20.6,6.80993166798726,15.5925750732422
1,20.61,6.81659826776013,15.6080722808838
1,20.63,6.81993156764656,15.6450271606445
1,20.64,6.823264867533,15.6569480895996
1,20.65,6.82659816741943,15.6736373901367
1,20.66,6.83326476719231,15.6962871551514
1,20.67,6.83659806707874,15.7082080841064
1,20.69,6.83993136696517,15.7344341278076
1,20.7,6.84659796673805,15.7511234283447
1,20.71,6.84993126662448,15.7618522644043
1,20.72,6.85326456651092,15.7809257507324
1,20.73,6.85659786639735,15.7952308654785
1,20.75,6.86326446617022,15.8238410949707
1,20.76,6.86659776605666,15.8429145812988
1,20.77,6.86993106594309,15.8548355102539
1,20.79,6.87659766571596,15.8905982971191
1,20.8,6.8799309656024,15.9120559692383
1,20.81,6.88326426548883,15.9239768981934
1,20.82,6.88659756537527,15.9382820129395
1,20.83,6.8899308652617,15.9633159637451
1,20.84,6.89326416514814,15.9728527069092
1,20.85,6.89659746503457,15.9943103790283
1,20.86,6.89993076492101,16.0098075866699
1,20.87,6.90326406480744,16.0205364227295
1,20.88,6.90659736469388,16.0396099090576
1,20.89,6.90993066458032,16.0539150238037
1,20.9,6.91326396446675,16.0706043243408
1,20.91,6.91659726435319,16.0872936248779
1,20.92,6.91993056423962,16.094446182251
1,20.93,6.92326386412606,16.1170959472656
1,20.94,6.92659716401249,16.1361694335938
1,20.95,6.92993046389893,16.1433219909668
1,20.96,6.93326376378536,16.1647796630859
1,20.97,6.9365970636718,16.1778926849365
1,20.98,6.93993036355823,16.1921977996826
1,20.99,6.94326366344467,16.2017345428467
1,21,6.9465969633311,16.2208080291748
1,21.01,6.94993026321754,16.2315368652344
1,21.02,6.95326356310397,16.249418258667
1,21.03,6.95659686299041,16.2601470947266
1,21.04,6.95993016287684,16.2684917449951
1,21.05,6.96326346276328,16.2827968597412
1,21.06,6.96659676264971,16.2935256958008
1,21.07,6.96993006253615,16.3066387176514
1,21.08,6.97326336242259,16.3149833679199
1,21.09,6.97659666230902,16.324520111084
1,21.1,6.97992996219546,16.3376331329346
1,21.11,6.98326326208189,16.3471698760986
1,21.12,6.98659656196833,16.3578987121582
1,21.13,6.98992986185476,16.3638591766357
1,21.14,6.9932631617412,16.3805484771729
1,21.15,6.99659646162763,16.3817405700684
1,21.16,6.99992976151407,16.3924694061279
1,21.17,7.0032630614005,16.406774520874
1,21.18,7.00659636128694,16.4151191711426
1,21.19,7.00992966117337,16.4258480072021
1,21.2,7.01326296105981,16.4425373077393
1,21.21,7.01659626094624,16.4556503295898
1,21.22,7.01992956083268,16.474723815918
1,21.23,7.02326286071911,16.484260559082
1,21.24,7.02659616060555,16.4973735809326
1,21.25,7.02992946049199,16.5045261383057
1,21.26,7.03326276037842,16.5224075317383
1,21.27,7.03659606026486,16.5319442749023
1,21.28,7.03992936015129,16.5414810180664
1,21.29,7.04326266003773,16.5534019470215
1,21.3,7.04659595992416,16.5665149688721
1,21.31,7.0499292598106,16.5796279907227
1,21.32,7.05326255969703,16.5927410125732
1,21.33,7.05659585958347,16.5975093841553
1,21.34,7.0599291594699,16.6058540344238
1,21.35,7.06326245935634,16.6261196136475
1,21.36,7.06659575924277,16.6380405426025
1,21.37,7.06992905912921,16.6499614715576
1,21.38,7.07326235901564,16.6678428649902
1,21.39,7.07659565890208,16.6785717010498
1,21.4,7.07992895878852,16.6964530944824
1,21.41,7.08326225867495,16.709566116333
1,21.42,7.08659555856138,16.7238712310791
1,21.43,7.08992885844782,16.7417526245117
1,21.44,7.09326215833426,16.7548656463623
1,21.45,7.09659545822069,16.7691707611084
1,21.46,7.09992875810713,16.777515411377
1,21.47,7.10326205799356,16.791820526123
1,21.48,7.10659535788,16.8073177337646
1,21.49,7.10992865776643,16.8251991271973
1,21.5,7.11326195765287,16.8299674987793
1,21.51,7.1165952575393,16.8383121490479
1,21.52,7.11992855742574,16.8466567993164
1,21.53,7.12326185731217,16.8585777282715
1,21.54,7.12659515719861,16.8704986572266
1,21.55,7.12992845708504,16.8800354003906
1,21.56,7.13326175697148,16.8919563293457
1,21.57,7.13659505685791,16.8967247009277
1,21.58,7.13992835674435,16.9110298156738
1,21.59,7.14326165663078,16.9217586517334
1,21.6,7.14659495651722,16.9360637664795
1,21.61,7.14992825640365,16.9467926025391
1,21.62,7.15326155629009,16.9658660888672
1,21.63,7.15659485617653,16.9777870178223
1,21.64,7.15992815606296,16.9920921325684
1,21.65,7.1632614559494,17.00758934021
1,21.66,7.16659475583583,17.0218944549561
1,21.67,7.16992805572227,17.0397758483887
1,21.68,7.1732613556087,17.0528888702393
1,21.69,7.17659465549514,17.0719623565674
1,21.7,7.17992795538157,17.0779228210449
1,21.71,7.18326125526801,17.094612121582
1,21.72,7.18659455515444,17.1053409576416
1,21.73,7.18992785504088,17.1184539794922
1,21.74,7.19326115492731,17.1339511871338
1,21.75,7.19659445481375,17.1422958374023
1,21.76,7.19992775470018,17.1494483947754
1,21.77,7.20326105458662,17.167329788208
1,21.78,7.20659435447305,17.1792507171631
1,21.79,7.20992765435949,17.1852111816406
1,21.8,7.21326095424593,17.1995162963867
1,21.81,7.21659425413236,17.2090530395508
1,21.82,7.2199275540188,17.2197818756104
1,21.83,7.22326085390523,17.2340869903564
1,21.84,7.22659415379167,17.2460079193115
1,21.85,7.2299274536781,17.2555446624756
1,21.86,7.23326075356454,17.2722339630127
1,21.87,7.23659405345097,17.2781944274902
1,21.88,7.23992735333741,17.2936916351318
1,21.89,7.24326065322384,17.3044204711914
1,21.9,7.24659395311028,17.3211097717285
1,21.91,7.24992725299671,17.3306465148926
1,21.92,7.25326055288315,17.3461437225342
1,21.93,7.25659385276958,17.3521041870117
1,21.94,7.25992715265602,17.3676013946533
1,21.95,7.26326045254245,17.3866748809814
1,21.96,7.26659375242889,17.39501953125
1,21.97,7.26992705231532,17.4140930175781
1,21.98,7.27326035220176,17.4248218536377
1,21.99,7.2765936520882,17.4450874328613
1,22,7.27992695197463,17.4570083618164
1,22.01,7.28326025186107,17.4713134765625
1,22.02,7.2865935517475,17.4868106842041
1,22.03,7.28992685163394,17.4963474273682
1,22.04,7.29326015152037,17.5142288208008
1,22.05,7.29659345140681,17.5309181213379
1,22.06,7.29992675129324,17.5440311431885
1,22.07,7.30326005117968,17.5595283508301
1,22.08,7.30659335106611,17.5702571868896
1,22.09,7.30992665095255,17.5881385803223
1,22.1,7.31325995083898,17.6024436950684
1,22.11,7.31659325072542,17.61794090271
1,22.12,7.31992655061185,17.6322460174561
1,22.13,7.32325985049829,17.6453590393066
1,22.14,7.32659315038473,17.6620483398438
1,22.15,7.32992645027116,17.6787376403809
1,22.16,7.33325975015759,17.695426940918
1,22.17,7.33659305004403,17.7121162414551
1,22.18,7.33992634993047,17.7311897277832
1,22.19,7.3432596498169,17.7490711212158
1,22.2,7.34659294970334,17.7693367004395
1,22.21,7.34992624958977,17.78244972229
1,22.22,7.35325954947621,17.7955627441406
1,22.23,7.35659284936264,17.8098678588867
1,22.24,7.35992614924908,17.8265571594238
1,22.25,7.36325944913551,17.8384780883789
1,22.26,7.36659274902195,17.8587436676025
1,22.27,7.36992604890838,17.8658962249756
1,22.28,7.37325934879482,17.8849697113037
1,22.29,7.37659264868125,17.8873538970947
1,22.3,7.37992594856769,17.9004669189453
1,22.31,7.38325924845412,17.9123878479004
1,22.32,7.38659254834056,17.9159641265869
1,22.33,7.389925848227,17.927885055542
1,22.34,7.39325914811343,17.9374217987061
1,22.35,7.39659244799986,17.9457664489746
1,22.36,7.3999257478863,17.9564952850342
1,22.37,7.40325904777274,17.9708003997803
1,22.38,7.40659234765917,17.9779529571533
1,22.39,7.40992564754561,17.9898738861084
1,22.4,7.41325894743204,18.0041790008545
1,22.41,7.41659224731848,18.0113315582275
1,22.42,7.41992554720491,18.0220603942871
1,22.43,7.42325884709135,18.0387496948242
1,22.44,7.42659214697778,18.0435180664063
1,22.45,7.42992544686422,18.0506706237793
1,22.46,7.43325874675065,18.0673599243164
1,22.47,7.43659204663709,18.075704574585
1,22.48,7.43992534652352,18.082857131958
1,22.49,7.44325864640996,18.1007385253906
1,22.5,7.44659194629639,18.1114673614502
1,22.51,7.44992524618283,18.1245803833008
1,22.52,7.45325854606926,18.1365013122559
1,22.53,7.4565918459557,18.1496143341064
1,22.54,7.45992514584214,18.1615352630615
1,22.55,7.46325844572857,18.1782245635986
1,22.56,7.46659174561501,18.1949138641357
1,22.57,7.46992504550144,18.2104110717773
1,22.58,7.47325834538788,18.2199478149414
1,22.59,7.47659164527431,18.2318687438965
1,22.6,7.47992494516075,18.2533264160156
1,22.61,7.48325824504718,18.2640552520752
1,22.62,7.48659154493362,18.2807445526123
1,22.63,7.48992484482005,18.2890892028809
1,22.64,7.49325814470649,18.3045864105225
1,22.65,7.49659144459292,18.317699432373
1,22.66,7.49992474447936,18.3272361755371
1,22.67,7.50325804436579,18.3331966400146
1,22.68,7.50659134425223,18.3522701263428
1,22.69,7.50992464413866,18.3641910552979
1,22.7,7.5132579440251,18.3784961700439
1,22.71,7.51659124391153,18.388032913208
1,22.72,7.51992454379797,18.3963775634766
1,22.73,7.52325784368441,18.4118747711182
1,22.74,7.52659114357084,18.4261798858643
1,22.75,7.52992444345728,18.4404850006104
1,22.76,7.53325774334371,18.4524059295654
1,22.77,7.53659104323015,18.4643268585205
1,22.78,7.53992434311658,18.4798240661621
1,22.79,7.54325764300302,18.4929370880127
1,22.8,7.54659094288945,18.5108184814453
1,22.81,7.54992424277589,18.5239315032959
1,22.82,7.55325754266232,18.540620803833
1,22.83,7.55659084254876,18.5585021972656
1,22.84,7.55992414243519,18.5739994049072
1,22.85,7.56325744232163,18.5859203338623
1,22.86,7.56659074220806,18.6073780059814
1,22.87,7.5699240420945,18.6252593994141
1,22.88,7.57325734198094,18.6395645141602
1,22.89,7.57659064186737,18.6610221862793
1,22.9,7.5799239417538,18.6800956726074
1,22.91,7.58325724164024,18.6944007873535
1,22.92,7.58659054152668,18.7218189239502
1,22.93,7.58992384141311,18.7385082244873
1,22.94,7.59325714129955,18.7587738037109
1,22.95,7.59659044118598,18.7814235687256
1,22.96,7.59992374107242,18.7969207763672
1,22.97,7.60325704095885,18.8124179840088
1,22.98,7.60659034084529,18.8362598419189
1,22.99,7.60992364073172,18.850564956665
1,23,7.61325694061816,18.8636779785156
1,23.01,7.61659024050459,18.8851356506348
1,23.02,7.61992354039103,18.8934803009033
1,23.03,7.62325684027746,18.9054012298584
1,23.04,7.6265901401639,18.9244747161865
1,23.05,7.62992344005033,18.9399719238281
1,23.06,7.63325673993677,18.9471244812012
1,23.07,7.63659003982321,18.9673900604248
1,23.08,7.63992333970964,18.9781188964844
1,23.09,7.64325663959607,18.9864635467529
1,23.1,7.64658993948251,19.0091133117676
1,23.11,7.64992323936895,19.0234184265137
1,23.12,7.65325653925538,19.0401077270508
1,23.13,7.65658983914182,19.0544128417969
1,23.14,7.65992313902825,19.0746784210205
1,23.15,7.66325643891469,19.0889835357666
1,23.16,7.66658973880112,19.0997123718262
1,23.17,7.66992303868756,19.1223621368408
1,23.18,7.67325633857399,19.1342830657959
1,23.19,7.67658963846043,19.1450119018555
1,23.2,7.67992293834686,19.1581249237061
1,23.21,7.6832562382333,19.1748142242432
1,23.22,7.68658953811973,19.1867351531982
1,23.23,7.68992283800617,19.1998481750488
1,23.24,7.6932561378926,19.2177295684814
1,23.25,7.69658943777904,19.228458404541
1,23.26,7.69992273766547,19.2391872406006
1,23.27,7.70325603755191,19.2582607269287
1,23.28,7.70658933743835,19.2701816558838
1,23.29,7.70992263732478,19.2916393280029
1,23.3,7.71325593721122,19.3023681640625
1,23.31,7.71658923709765,19.3130970001221
1,23.32,7.71992253698409,19.3321704864502
1,23.33,7.72325583687052,19.3428993225098
1,23.34,7.72658913675696,19.3536281585693
1,23.35,7.72992243664339,19.3619728088379
1,23.36,7.73325573652983,19.378662109375
1,23.37,7.73658903641626,19.3929672241211
1,23.38,7.7399223363027,19.4060802459717
1,23.39,7.74325563618913,19.4263458251953
1,23.4,7.74658893607557,19.4430351257324
1,23.41,7.749922235962,19.4573402404785
1,23.42,7.75325553584844,19.4704532623291
1,23.43,7.75658883573487,19.4895267486572
1,23.44,7.75992213562131,19.5062160491943
1,23.45,7.76325543550774,19.5157527923584
1,23.46,7.76658873539418,19.533634185791
1,23.47,7.76992203528062,19.5515155792236
1,23.48,7.77325533516705,19.5658206939697
1,23.49,7.77658863505349,19.5837020874023
1,23.5,7.77992193493992,19.5991992950439
1,23.51,7.78325523482636,19.6099281311035
1,23.52,7.78658853471279,19.6301937103271
1,23.53,7.78992183459923,19.6409225463867
1,23.54,7.79325513448566,19.6528434753418
1,23.55,7.7965884343721,19.6659564971924
1,23.56,7.79992173425853,19.679069519043
1,23.57,7.80325503414497,19.6897983551025
1,23.58,7.8065883340314,19.7029113769531
1,23.59,7.80992163391784,19.7160243988037
1,23.6,7.81325493380427,19.7279453277588
1,23.61,7.81658823369071,19.7410583496094
1,23.62,7.81992153357715,19.7470188140869
1,23.63,7.82325483346358,19.7601318359375
1,23.64,7.82658813335002,19.7792053222656
1,23.65,7.82992143323645,19.7958946228027
1,23.66,7.83325473312289,19.8090076446533
1,23.67,7.83658803300932,19.8221206665039
1,23.68,7.83992133289576,19.8400020599365
1,23.69,7.84325463278219,19.8507308959961
1,23.7,7.84658793266863,19.8686122894287
1,23.71,7.84992123255506,19.8888778686523
1,23.72,7.8532545324415,19.9079513549805
1,23.73,7.85658783232793,19.9210643768311
1,23.74,7.85992113221437,19.9317932128906
1,23.75,7.8632544321008,19.9568271636963
1,23.76,7.86658773198724,19.9699401855469
1,23.77,7.86992103187367,19.9806690216064
1,23.78,7.87325433176011,19.9925899505615
1,23.79,7.87658763164654,19.9973583221436
1,23.8,7.87992093153298,20.0164318084717
1,23.81,7.88325423141941,20.0259685516357
1,23.82,7.88658753130585,20.0402736663818
1,23.83,7.88992083119228,20.0557708740234
1,23.84,7.89325413107872,20.066499710083
1,23.85,7.89658743096516,20.0808048248291
1,23.86,7.89992073085159,20.0963020324707
1,23.87,7.90325403073803,20.1082229614258
1,23.88,7.90658733062446,20.1261043548584
1,23.89,7.9099206305109,20.1404094696045
1,23.9,7.91325393039733,20.1535224914551
1,23.91,7.91658723028377,20.1618671417236
1,23.92,7.9199205301702,20.1797485351563
1,23.93,7.92325383005664,20.1892852783203
1,23.94,7.92658712994307,20.2059745788574
1,23.95,7.92992042982951,20.2202796936035
1,23.96,7.93325372971594,20.2345848083496
1,23.97,7.93658702960238,20.2465057373047
1,23.98,7.93992032948881,20.2584266662598
1,23.99,7.94325362937525,20.2775001525879
1,24,7.94658692926169,20.2977657318115
1,24.01,7.94992022914812,20.3073024749756
1,24.02,7.95325352903456,20.3311443328857
1,24.03,7.95658682892099,20.3418731689453
1,24.04,7.95992012880743,20.3609466552734
1,24.05,7.96325342869386,20.3752517700195
1,24.06,7.9665867285803,20.3955173492432
1,24.07,7.96992002846673,20.4062461853027
1,24.08,7.97325332835317,20.4193592071533
1,24.09,7.9765866282396,20.4336643218994
1,24.1,7.97991992812604,20.442008972168
1,24.11,7.98325322801247,20.4551219940186
1,24.12,7.98658652789891,20.4694271087646
1,24.13,7.98991982778534,20.4849243164063
1,24.14,7.99325312767178,20.4968452453613
1,24.15,7.99658642755821,20.5087661743164
1,24.16,7.99991972744465,20.5206871032715
1,24.17,8.00325302733108,20.5278396606445
1,24.18,8.00658632721752,20.5385684967041
1,24.19,8.00991962710395,20.5516815185547
1,24.2,8.01325292699039,20.5624103546143
1,24.21,8.01658622687683,20.5683708190918
1,24.22,8.01991952676326,20.5850601196289
1,24.23,8.0232528266497,20.596981048584
1,24.24,8.02658612653613,20.6184387207031
1,24.25,8.033252726309,20.6303596496582
1,24.26,8.03658602619544,20.6506252288818
1,24.28,8.03991932608187,20.6840038299561
1,24.29,8.04325262596831,20.6959247589111
1,24.3,8.04658592585474,20.7173824310303
1,24.31,8.04991922574118,20.7352638244629
1,24.32,8.05658582551405,20.7555294036865
1,24.34,8.05991912540048,20.7901000976563
1,24.35,8.06658572517335,20.8127498626709
1,24.36,8.06991902505979,20.8306312561035
1,24.38,8.07658562483266,20.8592414855957
1,24.39,8.0799189247191,20.8735466003418
1,24.4,8.08325222460553,20.8830833435059
1,24.41,8.08658552449197,20.899772644043
1,24.42,8.0899188243784,20.9128856658936
1,24.43,8.09325212426484,20.9212303161621
1,24.44,8.09658542415127,20.9367275238037
1,24.45,8.09991872403771,20.9450721740723
1,24.46,8.10325202392414,20.9558010101318
1,24.47,8.10658532381058,20.9736824035645
1,24.48,8.10991862369701,20.982027053833
1,24.49,8.11325192358345,20.9951400756836
1,24.5,8.11658522346988,21.0022926330566
1,24.51,8.11991852335632,21.0130214691162
1,24.52,8.12325182324276,21.0201740264893
1,24.53,8.12658512312919,21.0297107696533
1,24.54,8.12991842301562,21.0452079772949
1,24.55,8.13325172290206,21.0559368133545
1,24.56,8.13658502278849,21.061897277832
1,24.57,8.13991832267493,21.0785865783691
1,24.58,8.14325162256137,21.0893154144287
1,24.59,8.1465849224478,21.1012363433838
1,24.6,8.14991822233424,21.1155414581299
1,24.61,8.15325152222067,21.127462387085
1,24.62,8.15658482210711,21.1417675018311
1,24.63,8.15991812199354,21.1548805236816
1,24.64,8.16325142187998,21.1751461029053
1,24.65,8.16658472176641,21.1930274963379
1,24.66,8.16991802165285,21.216869354248
1,24.67,8.17325132153928,21.2347507476807
1,24.68,8.17658462142572,21.2526321411133
1,24.69,8.17991792131215,21.28005027771
1,24.7,8.18325122119859,21.2931632995605
1,24.71,8.18658452108502,21.3122367858887
1,24.72,8.18991782097146,21.3301181793213
1,24.73,8.19325112085789,21.3491916656494
1,24.74,8.19658442074433,21.3623046875
1,24.75,8.19991772063077,21.3766098022461
1,24.76,8.2032510205172,21.3909149169922
1,24.77,8.20658432040364,21.4004516601563
1,24.78,8.20991762029007,21.4207172393799
1,24.79,8.21325092017651,21.4362144470215
1,24.8,8.21658422006294,21.44455909729
1,24.81,8.21991751994938,21.4612483978271
1,24.82,8.22325081983581,21.4731693267822
1,24.83,8.22658411972225,21.4850902557373
1,24.84,8.22991741960868,21.4970111846924
1,24.85,8.23325071949512,21.512508392334
1,24.86,8.23658401938155,21.5268135070801
1,24.87,8.23991731926799,21.5363502502441
1,24.88,8.24325061915443,21.5518474578857
1,24.89,8.24658391904086,21.5721130371094
1,24.9,8.24991721892729,21.592378616333
1,24.91,8.25325051881373,21.6078758239746
1,24.92,8.25658381870016,21.6281414031982
1,24.93,8.2599171185866,21.6388702392578
1,24.94,8.26325041847304,21.6567516326904
1,24.95,8.26658371835947,21.6782093048096
1,24.96,8.26991701824591,21.6937065124512
1,24.97,8.27325031813234,21.7151641845703
1,24.98,8.27658361801878,21.7270851135254
1,24.99,8.27991691790521,21.747350692749
1,25,8.28325021779165,21.7604637145996
1,25.01,8.28658351767808,21.7771530151367
1,25.02,8.28991681756452,21.7890739440918
1,25.03,8.29325011745095,21.8057632446289
1,25.04,8.29658341733739,21.822452545166
1,25.05,8.29991671722382,21.8331813812256
1,25.06,8.30325001711026,21.8451023101807
1,25.07,8.30658331699669,21.8582153320313
1,25.08,8.30991661688313,21.8725204467773
1,25.09,8.31324991676956,21.8832492828369
1,25.1,8.316583216656,21.89040184021
1,25.11,8.31991651654244,21.8987464904785
1,25.12,8.32324981642887,21.9118595123291
1,25.13,8.32658311631531,21.9237804412842
1,25.14,8.32991641620174,21.9404697418213
1,25.15,8.33324971608818,21.9500064849854
1,25.16,8.33658301597461,21.9666957855225
1,25.17,8.33991631586105,21.9786167144775
1,25.18,8.34324961574748,21.9845771789551
1,25.19,8.34658291563392,22.0000743865967
1,25.2,8.34991621552035,22.0143795013428
1,25.21,8.35324951540679,22.0239162445068
1,25.22,8.35658281529322,22.0417976379395
1,25.23,8.35991611517966,22.0572948455811
1,25.24,8.36324941506609,22.0704078674316
1,25.25,8.36658271495253,22.0847129821777
1,25.26,8.36991601483897,22.1025943756104
1,25.27,8.3732493147254,22.1157073974609
1,25.28,8.37658261461183,22.1347808837891
1,25.29,8.37991591449827,22.1455097198486
1,25.3,8.3832492143847,22.1586227416992
1,25.31,8.38658251427114,22.1753120422363
1,25.32,8.38991581415758,22.1908092498779
1,25.33,8.39324911404401,22.2039222717285
1,25.34,8.39658241393045,22.2134590148926
1,25.35,8.39991571381688,22.2325325012207
1,25.36,8.40324901370332,22.2408771514893
1,25.37,8.40658231358975,22.2623348236084
1,25.38,8.40991561347619,22.282600402832
1,25.39,8.41324891336262,22.2969055175781
1,25.4,8.41658221324906,22.3219394683838
1,25.41,8.41991551313549,22.3326683044434
1,25.42,8.42324881302193,22.348165512085
1,25.43,8.42658211290836,22.3720073699951
1,25.44,8.4299154127948,22.3898887634277
1,25.45,8.43324871268123,22.4030017852783
1,25.46,8.43658201256767,22.4268436431885
1,25.47,8.4399153124541,22.4423408508301
1,25.48,8.44324861234054,22.4614143371582
1,25.49,8.44658191222698,22.4757194519043
1,25.5,8.44991521211341,22.4888324737549
1,25.51,8.45324851199985,22.5090980529785
1,25.52,8.45658181188628,22.5198268890381
1,25.53,8.45991511177272,22.5353240966797
1,25.54,8.46324841165915,22.5484371185303
1,25.55,8.46658171154559,22.5710868835449
1,25.56,8.46991501143202,22.5865840911865
1,25.57,8.47324831131846,22.6032733917236
1,25.58,8.47658161120489,22.6163864135742
1,25.59,8.47991491109133,22.6354598999023
1,25.6,8.48324821097776,22.6497650146484
1,25.61,8.4865815108642,22.6712226867676
1,25.62,8.48991481075064,22.6891040802002
1,25.63,8.49324811063707,22.7022171020508
1,25.64,8.4965814105235,22.7212905883789
1,25.65,8.49991471040994,22.735595703125
1,25.66,8.50324801029637,22.7451324462891
1,25.67,8.50658131018281,22.7701663970947
1,25.68,8.50991461006925,22.7892398834229
1,25.69,8.51324790995568,22.8023529052734
1,25.7,8.51658120984212,22.8142738342285
1,25.71,8.51991450972855,22.8297710418701
1,25.72,8.52324780961499,22.8452682495117
1,25.73,8.52658110950142,22.8571891784668
1,25.74,8.52991440938786,22.8679180145264
1,25.75,8.53324770927429,22.8726863861084
1,25.76,8.53658100916073,22.890567779541
1,25.77,8.53991430904716,22.9048728942871
1,25.78,8.5432476089336,22.9179859161377
1,25.79,8.54658090882003,22.9287147521973
1,25.8,8.54991420870647,22.9406356811523
1,25.81,8.5532475085929,22.9501724243164
1,25.82,8.55658080847934,22.968053817749
1,25.83,8.55991410836577,22.9775905609131
1,25.84,8.56324740825221,22.9895114898682
1,25.85,8.56658070813865,23.0050086975098
1,25.86,8.56991400802508,23.0193138122559
1,25.87,8.57324730791152,23.0288505554199
1,25.88,8.57658060779795,23.0443477630615
1,25.89,8.57991390768439,23.0586528778076
1,25.9,8.58324720757082,23.0753421783447
1,25.91,8.58658050745726,23.0896472930908
1,25.92,8.58991380734369,23.1027603149414
1,25.93,8.59324710723013,23.118257522583
1,25.94,8.59658040711656,23.1289863586426
1,25.95,8.599913707003,23.1432914733887
1,25.96,8.60324700688943,23.1552124023438
1,25.97,8.60658030677587,23.1671333312988
1,25.98,8.6099136066623,23.190975189209
1,25.99,8.61324690654874,23.2052803039551
1,26,8.61658020643518,23.2219696044922
1,26.01,8.61991350632161,23.2303142547607
1,26.02,8.62324680620804,23.2505798339844
1,26.03,8.62658010609448,23.2672691345215
1,26.04,8.62991340598091,23.2839584350586
1,26.05,8.63324670586735,23.2970714569092
1,26.06,8.63658000575379,23.3161449432373
1,26.07,8.63991330564022,23.3304500579834
1,26.08,8.64324660552666,23.3471393585205
1,26.09,8.64657990541309,23.3685970306396
1,26.1,8.64991320529953,23.3864784240723
1,26.11,8.65324650518596,23.4019756317139
1,26.12,8.6565798050724,23.423433303833
1,26.13,8.65991310495883,23.4377384185791
1,26.14,8.66324640484527,23.4532356262207
1,26.15,8.6665797047317,23.4699249267578
1,26.16,8.66991300461814,23.4806537628174
1,26.17,8.67324630450457,23.49853515625
1,26.18,8.67657960439101,23.5116481781006
1,26.19,8.67991290427744,23.5211849212646
1,26.2,8.68324620416388,23.5390663146973
1,26.21,8.68657950405031,23.5509872436523
1,26.22,8.68991280393675,23.5593318939209
1,26.23,8.69324610382319,23.5748291015625
1,26.24,8.69657940370962,23.5867500305176
1,26.25,8.69991270359606,23.5939025878906
1,26.26,8.70324600348249,23.6117839813232
1,26.27,8.70657930336893,23.6201286315918
1,26.28,8.70991260325536,23.6344337463379
1,26.29,8.7132459031418,23.6451625823975
1,26.3,8.71657920302823,23.653507232666
1,26.31,8.71991250291467,23.6737728118896
1,26.32,8.7232458028011,23.6845016479492
1,26.33,8.72657910268754,23.6999988555908
1,26.34,8.72991240257397,23.7226486206055
1,26.35,8.73324570246041,23.7429141998291
1,26.36,8.73657900234685,23.7584114074707
1,26.37,8.73991230223328,23.7798690795898
1,26.38,8.74324560211971,23.8001346588135
1,26.39,8.74657890200615,23.8168239593506
1,26.4,8.74991220189258,23.8478183746338
1,26.41,8.75324550177902,23.8621234893799
1,26.42,8.75657880166546,23.8871574401855
1,26.43,8.75991210155189,23.9074230194092
1,26.44,8.76324540143833,23.9264965057373
1,26.45,8.76657870132476,23.949146270752
1,26.46,8.7699120012112,23.9658355712891
1,26.47,8.77324530109763,23.9801406860352
1,26.48,8.77657860098407,24.0015983581543
1,26.49,8.7799119008705,24.0159034729004
1,26.5,8.78324520075694,24.0325927734375
1,26.51,8.78657850064337,24.0504741668701
1,26.52,8.78991180052981,24.0695476531982
1,26.53,8.79324510041624,24.0814685821533
1,26.54,8.79657840030268,24.1029262542725
1,26.55,8.79991170018911,24.1172313690186
1,26.56,8.80324500007555,24.1351127624512
1,26.57,8.80657829996198,24.1518020629883
1,26.58,8.80991159984842,24.1661071777344
1,26.59,8.81324489973486,24.19114112854
1,26.6,8.81657819962129,24.2090225219727
1,26.61,8.81991149950773,24.2352485656738
1,26.62,8.82324479939416,24.2578983306885
1,26.63,8.8265780992806,24.2757797241211
1,26.64,8.82991139916703,24.3020057678223
1,26.65,8.83324469905347,24.3234634399414
1,26.66,8.8365779989399,24.341344833374
1,26.67,8.83991129882634,24.3604183197021
1,26.68,8.84324459871277,24.3771076202393
1,26.69,8.84657789859921,24.3985652923584
1,26.7,8.84991119848564,24.409294128418
1,26.71,8.85324449837208,24.4224071502686
1,26.72,8.85657779825851,24.4379043579102
1,26.73,8.85991109814495,24.4498252868652
1,26.74,8.86324439803139,24.4653224945068
1,26.75,8.86657769791782,24.4760513305664
1,26.76,8.86991099780425,24.4832038879395
1,26.77,8.87324429769069,24.5010852813721
1,26.78,8.87657759757712,24.5153903961182
1,26.79,8.87991089746356,24.5285034179688
1,26.8,8.88324419735,24.5392322540283
1,26.81,8.88657749723643,24.5499610900879
1,26.82,8.88991079712287,24.5630741119385
1,26.83,8.8932440970093,24.573802947998
1,26.84,8.89657739689574,24.5916843414307
1,26.85,8.89991069678217,24.6083736419678
1,26.86,8.90324399666861,24.6155261993408
1,26.87,8.90657729655504,24.6334075927734
1,26.88,8.90991059644148,24.6477127075195
1,26.89,8.91324389632791,24.6644020080566
1,26.9,8.91657719621435,24.6798992156982
1,26.91,8.91991049610078,24.6918201446533
1,26.92,8.92324379598722,24.7132778167725
1,26.93,8.92657709587365,24.7311592102051
1,26.94,8.92991039576009,24.7430801391602
1,26.95,8.93324369564652,24.7693061828613
1,26.96,8.93657699553296,24.7883796691895
1,26.97,8.9399102954194,24.796724319458
1,26.98,8.94324359530583,24.8181819915771
1,26.99,8.94657689519227,24.8372554779053
1,27,8.9499101950787,24.8515605926514
1,27.01,8.95324349496514,24.867057800293
1,27.02,8.95657679485157,24.8849391937256
1,27.03,8.95991009473801,24.8980522155762
1,27.04,8.96324339462444,24.9063968658447
1,27.05,8.96657669451088,24.9218940734863
1,27.06,8.96990999439731,24.9338150024414
1,27.07,8.97324329428375,24.9433517456055
1,27.08,8.97657659417018,24.9600410461426
1,27.09,8.97990989405662,24.9707698822021
1,27.1,8.98324319394306,24.9838829040527
1,27.11,8.98657649382949,25.0017642974854
1,27.12,8.98990979371592,25.0148773193359
1,27.13,8.99324309360236,25.0244140625
1,27.14,8.99657639348879,25.0399112701416
1,27.15,8.99990969337523,25.0566005706787
1,27.16,9.00324299326167,25.0720977783203
1,27.17,9.0065762931481,25.0875949859619
1,27.18,9.00990959303454,25.099515914917
1,27.19,9.01324289292097,25.10666847229
1,27.2,9.01657619280741,25.1305103302002
1,27.21,9.01990949269384,25.1460075378418
1,27.22,9.02324279258028,25.1543521881104
1,27.23,9.02657609246671,25.1829624176025
1,27.24,9.02990939235315,25.2032279968262
1,27.25,9.03324269223958,25.2211093902588
1,27.26,9.03657599212602,25.2461433410645
1,27.27,9.03990929201245,25.2616405487061
1,27.28,9.04324259189889,25.2771377563477
1,27.29,9.04657589178532,25.2950191497803
1,27.3,9.04990919167176,25.3129005432129
1,27.31,9.05324249155819,25.3283977508545
1,27.32,9.05657579144463,25.3450870513916
1,27.33,9.05990909133107,25.3570079803467
1,27.34,9.0632423912175,25.3725051879883
1,27.35,9.06657569110394,25.3975391387939
1,27.36,9.06990899099037,25.41184425354
1,27.37,9.07324229087681,25.4189968109131
1,27.38,9.07657559076324,25.4392623901367
1,27.39,9.07990889064968,25.4523754119873
1,27.4,9.08324219053611,25.4678726196289
1,27.41,9.08657549042255,25.477409362793
1,27.42,9.08990879030898,25.489330291748
1,27.43,9.09324209019542,25.5060195922852
1,27.44,9.09657539008185,25.5227088928223
1,27.45,9.09990868996829,25.5298614501953
1,27.46,9.10324198985472,25.5477428436279
1,27.47,9.10657528974116,25.5632400512695
1,27.48,9.1099085896276,25.5799293518066
1,27.49,9.11324188951403,25.5930423736572
1,27.5,9.11657518940046,25.6049633026123
1,27.51,9.1199084892869,25.6156921386719
1,27.52,9.12324178917333,25.637149810791
1,27.53,9.12657508905977,25.6454944610596
1,27.54,9.12990838894621,25.6502628326416
1,27.55,9.13324168883264,25.6657600402832
1,27.56,9.13657498871908,25.6717205047607
1,27.57,9.13990828860551,25.6836414337158
1,27.58,9.14324158849195,25.6919860839844
1,27.59,9.14657488837838,25.6967544555664
1,27.6,9.14990818826482,25.7015228271484
1,27.61,9.15324148815125,25.7062911987305
1,27.62,9.15657478803769,25.7062911987305
1,27.63,9.15990808792412,25.712251663208
1,27.64,9.16657468769699,25.7158279418945
1,27.66,9.16990798758343,25.7349014282227
1,27.67,9.17324128746986,25.7396697998047
1,27.68,9.1765745873563,25.7444381713867
1,27.69,9.17990788724273,25.7575511932373
1,27.7,9.18657448701561,25.7658958435059
1,27.72,9.19324108678848,25.8052349090576
1,27.73,9.19657438667491,25.8219242095947
1,27.74,9.19990768656135,25.8326530456543
1,27.75,9.20324098644778,25.8553028106689
1,27.77,9.20657428633422,25.8934497833252
1,27.78,9.21324088610709,25.9125232696533
1,27.79,9.21657418599352,25.9315967559814
1,27.81,9.22324078576639,25.9613990783691
1,27.82,9.22657408565283,25.9840488433838
1,27.83,9.22990738553927,26.0043144226074
1,27.84,9.2332406854257,26.0245800018311
1,27.85,9.23657398531213,26.0400772094727
1,27.87,9.23990728519857,26.0782241821289
1,27.88,9.24657388497144,26.097297668457
1,27.89,9.24990718485788,26.1223316192627
1,27.9,9.25324048474431,26.1366367340088
1,27.91,9.25657378463075,26.16286277771
1,27.92,9.25990708451718,26.1771678924561
1,27.93,9.26324038440362,26.1962413787842
1,27.94,9.26657368429005,26.2165069580078
1,27.95,9.26990698417649,26.2367725372314
1,27.96,9.27324028406292,26.2594223022461
1,27.97,9.27657358394936,26.2737274169922
1,27.98,9.27990688383579,26.2928009033203
1,27.99,9.28324018372223,26.3166427612305
1,28,9.28657348360866,26.3333320617676
1,28.01,9.2899067834951,26.3512134552002
1,28.02,9.29324008338153,26.3762474060059
1,28.03,9.29657338326797,26.395320892334
1,28.04,9.2999066831544,26.4120101928711
1,28.05,9.30323998304084,26.4275074005127
1,28.06,9.30657328292728,26.4441967010498
1,28.07,9.30990658281371,26.4620780944824
1,28.08,9.31323988270015,26.4787673950195
1,28.09,9.31657318258658,26.4918804168701
1,28.1,9.31990648247302,26.5169143676758
1,28.11,9.32323978235945,26.5324115753174
1,28.12,9.32657308224589,26.547908782959
1,28.13,9.32990638213232,26.5717506408691
1,28.14,9.33323968201876,26.5920162200928
1,28.15,9.33657298190519,26.6122817993164
1,28.16,9.33990628179163,26.6337394714355
1,28.17,9.34323958167806,26.6480445861816
1,28.18,9.3465728815645,26.6623497009277
1,28.19,9.34990618145093,26.6826152801514
1,28.2,9.35323948133737,26.7016887664795
1,28.21,9.35657278122381,26.710033416748
1,28.22,9.35990608111024,26.7326831817627
1,28.23,9.36323938099667,26.7505645751953
1,28.24,9.36657268088311,26.7612934112549
1,28.25,9.36990598076954,26.780366897583
1,28.26,9.37323928065598,26.7982482910156
1,28.27,9.37657258054242,26.8113613128662
1,28.28,9.37990588042885,26.8292427062988
1,28.29,9.38323918031529,26.8435478210449
1,28.3,9.38657248020172,26.862621307373
1,28.31,9.38990578008816,26.8769264221191
1,28.32,9.39323907997459,26.8959999084473
1,28.33,9.39657237986103,26.9055366516113
1,28.34,9.39990567974746,26.9246101379395
1,28.35,9.4032389796339,26.932954788208
1,28.36,9.40657227952033,26.9579887390137
1,28.37,9.40990557940677,26.9699096679688
1,28.38,9.4132388792932,26.9782543182373
1,28.39,9.41657217917964,27.003288269043
1,28.4,9.41990547906607,27.0211696624756
1,28.41,9.42323877895251,27.0366668701172
1,28.42,9.42657207883894,27.0593166351318
1,28.43,9.42990537872538,27.07839012146
1,28.44,9.43323867861182,27.0938873291016
1,28.45,9.43657197849825,27.1201133728027
1,28.46,9.43990527838469,27.1451473236084
1,28.47,9.44323857827112,27.155876159668
1,28.48,9.44657187815756,27.1832942962646
1,28.49,9.44990517804399,27.2035598754883
1,28.5,9.45323847793043,27.2226333618164
1,28.51,9.45657177781686,27.24289894104
1,28.52,9.4599050777033,27.2643566131592
1,28.53,9.46323837758973,27.2810459136963
1,28.54,9.46657167747617,27.3025035858154
1,28.55,9.4699049773626,27.315616607666
1,28.56,9.47323827724904,27.3299217224121
1,28.57,9.47657157713548,27.3489952087402
1,28.58,9.47990487702191,27.3668766021729
1,28.59,9.48323817690834,27.3787975311279
1,28.6,9.48657147679478,27.4002552032471
1,28.61,9.48990477668121,27.4193286895752
1,28.62,9.49323807656765,27.4384021759033
1,28.63,9.49657137645409,27.4598598480225
1,28.64,9.49990467634052,27.4765491485596
1,28.65,9.50323797622696,27.4908542633057
1,28.66,9.50657127611339,27.5099277496338
1,28.67,9.50990457599983,27.5278091430664
1,28.68,9.51323787588626,27.543306350708
1,28.69,9.5165711757727,27.5528430938721
1,28.7,9.51990447565913,27.5671482086182
1,28.71,9.52323777554557,27.5874137878418
1,28.72,9.526571075432,27.5993347167969
1,28.73,9.52990437531844,27.6076793670654
1,28.74,9.53323767520487,27.6267528533936
1,28.75,9.53657097509131,27.6398658752441
1,28.76,9.53990427497774,27.6529788970947
1,28.77,9.54323757486418,27.6696681976318
1,28.78,9.54657087475061,27.6792049407959
1,28.79,9.54990417463705,27.6947021484375
1,28.8,9.55323747452349,27.7054309844971
1,28.81,9.55657077440992,27.7137756347656
1,28.82,9.55990407429636,27.7280807495117
1,28.83,9.56323737418279,27.7388095855713
1,28.84,9.56657067406923,27.7507305145264
1,28.85,9.56990397395566,27.7578830718994
1,28.86,9.5732372738421,27.7745723724365
1,28.87,9.57657057372853,27.7805328369141
1,28.88,9.57990387361497,27.7912616729736
1,28.89,9.5832371735014,27.7984142303467
1,28.9,9.58657047338784,27.8162956237793
1,28.91,9.58990377327427,27.8270244598389
1,28.92,9.59323707316071,27.8317928314209
1,28.93,9.59657037304714,27.8449058532715
1,28.94,9.59990367293358,27.85325050354
1,28.95,9.60323697282002,27.8687477111816
1,28.96,9.60657027270645,27.8735160827637
1,28.97,9.60990357259288,27.8925895690918
1,28.98,9.61323687247932,27.9033184051514
1,28.99,9.61657017236575,27.9128551483154
1,29,9.61990347225219,27.9343128204346
1,29.01,9.62323677213863,27.9474258422852
1,29.02,9.62657007202506,27.9653072357178
1,29.03,9.6299033719115,27.9843807220459
1,29.04,9.63323667179793,28.001070022583
1,29.05,9.63656997168437,28.0141830444336
1,29.06,9.6399032715708,28.0344486236572
1,29.07,9.64323657145724,28.0451774597168
1,29.08,9.64656987134367,28.0678272247314
1,29.09,9.64990317123011,28.0797481536865
1,29.1,9.65323647111654,28.0988216400146
1,29.11,9.65656977100298,28.1155109405518
1,29.12,9.65990307088941,28.1310081481934
1,29.13,9.66323637077585,28.1453132629395
1,29.14,9.66656967066228,28.1608104705811
1,29.15,9.66990297054872,28.1763076782227
1,29.16,9.67323627043515,28.1929969787598
1,29.17,9.67656957032159,28.2084941864014
1,29.18,9.67990287020803,28.221607208252
1,29.19,9.68323617009446,28.2382965087891
1,29.2,9.6865694699809,28.2549858093262
1,29.21,9.68990276986733,28.2704830169678
1,29.22,9.69323606975377,28.2847881317139
1,29.23,9.6965693696402,28.301477432251
1,29.24,9.69990266952664,28.3181667327881
1,29.25,9.70323596941307,28.3277034759521
1,29.26,9.70656926929951,28.3443927764893
1,29.27,9.70990256918594,28.3646583557129
1,29.28,9.71323586907238,28.3777713775635
1,29.29,9.71656916895881,28.3932685852051
1,29.3,9.71990246884525,28.4135341644287
1,29.31,9.72323576873169,28.4314155578613
1,29.32,9.72656906861812,28.4481048583984
1,29.33,9.72990236850456,28.4743309020996
1,29.34,9.73323566839099,28.4910202026367
1,29.35,9.73656896827742,28.5089015960693
1,29.36,9.73990226816386,28.529167175293
1,29.37,9.7432355680503,28.5446643829346
1,29.38,9.74656886793673,28.5720825195313
1,29.39,9.74990216782317,28.5923480987549
1,29.4,9.7532354677096,28.613805770874
1,29.41,9.75656876759604,28.6364555358887
1,29.42,9.75990206748247,28.6602973937988
1,29.43,9.76323536736891,28.6877155303955
1,29.44,9.76656866725534,28.7115573883057
1,29.45,9.76990196714178,28.7365913391113
1,29.46,9.77323526702821,28.756856918335
1,29.47,9.77656856691465,28.7723541259766
1,29.48,9.77990186680108,28.8045406341553
1,29.49,9.78323516668752,28.8259983062744
1,29.5,9.78656846657395,28.8486480712891
1,29.51,9.78990176646039,28.8760662078857
1,29.52,9.79323506634682,28.9022922515869
1,29.53,9.79656836623326,28.921365737915
1,29.54,9.7999016661197,28.9475917816162
1,29.55,9.80323496600613,28.9738178253174
1,29.56,9.80656826589257,28.9928913116455
1,29.57,9.809901565779,29.0155410766602
1,29.58,9.81323486566544,29.0346145629883
1,29.59,9.81656816555187,29.0608406066895
1,29.6,9.81990146543831,29.0763378143311
1,29.61,9.82323476532474,29.1001796722412
1,29.62,9.82656806521118,29.1275978088379
1,29.63,9.82990136509761,29.1454792022705
1,29.64,9.83323466498405,29.1621685028076
1,29.65,9.83656796487048,29.1848182678223
1,29.66,9.83990126475692,29.1967391967773
1,29.67,9.84323456464335,29.2122364044189
1,29.68,9.84656786452979,29.2348861694336
1,29.69,9.84990116441623,29.2515754699707
1,29.7,9.85323446430266,29.2682647705078
1,29.71,9.85656776418909,29.2754173278809
1,29.72,9.85990106407553,29.292106628418
1,29.73,9.86323436396196,29.3135643005371
1,29.74,9.8665676638484,29.3242931365967
1,29.75,9.86990096373484,29.3409824371338
1,29.76,9.87323426362127,29.3517112731934
1,29.77,9.87656756350771,29.3684005737305
1,29.78,9.87990086339414,29.3779373168945
1,29.79,9.88323416328058,29.3946266174316
1,29.8,9.88656746316701,29.4113159179688
1,29.81,9.88990076305345,29.4268131256104
1,29.82,9.89323406293988,29.449462890625
1,29.83,9.89656736282632,29.456615447998
1,29.84,9.89990066271275,29.4804573059082
1,29.85,9.90323396259919,29.4971466064453
1,29.86,9.90656726248562,29.5162200927734
1,29.87,9.90990056237206,29.5352935791016
1,29.88,9.91323386225849,29.5519828796387
1,29.89,9.91656716214493,29.5639038085938
1,29.9,9.91990046203136,29.5925140380859
1,29.91,9.9232337619178,29.604434967041
1,29.92,9.92656706180424,29.6115875244141
1,29.93,9.92990036169067,29.6306610107422
1,29.94,9.93323366157711,29.6545028686523
1,29.95,9.93656696146354,29.6711921691895
1,29.96,9.93990026134998,29.6878814697266
1,29.97,9.94323356123641,29.6950340270996
1,29.98,9.94656686112285,29.7117233276367
1,29.99,9.94990016100928,29.7164916992188
1,30,9.95323346089572,29.7355651855469
1,30.01,9.95656676078215,29.7355651855469
1,30.02,9.95990006066859,29.7665596008301
1,30.03,9.96323336055502,29.7760963439941
1,30.04,9.96656666044146,29.7856330871582
1,30.05,9.9698999603279,29.8118591308594
1,30.06,9.97323326021433,29.8190116882324
1,30.07,9.97656656010077,29.8428535461426
1,30.08,9.9798998599872,29.8619270324707
1,30.09,9.98323315987363,29.8762321472168
1,30.1,9.98656645976007,29.8976898193359
1,30.11,9.98989975964651,29.9072265625
1,30.12,9.99323305953294,29.9286842346191
1,30.13,9.99656635941938,29.9406051635742
1,30.14,9.99989965930581,29.9668312072754
1,30.15,10.0032329591922,29.9882888793945
1,30.16,10.0065662590787,29.9930572509766
1,30.17,10.0098995589651,30.0264358520508
1,30.18,10.0132328588516,30.0359725952148
1,30.19,10.016566158738,30.0502777099609
1,30.2,10.0198994586244,30.064582824707
1,30.21,10.0232327585109,30.0860404968262
1,30.22,10.0265660583973,30.0955772399902
1,30.23,10.0298993582837,30.1194190979004
1,30.24,10.0332326581702,30.1384925842285
1,30.25,10.0365659580566,30.1504135131836
1,30.26,10.039899257943,30.1671028137207
1,30.27,10.0432325578295,30.1909446716309
1,30.28,10.0465658577159,30.1957130432129
1,30.29,10.0498991576023,30.2219390869141
1,30.3,10.0532324574888,30.2362442016602
1,30.31,10.0565657573752,30.2457809448242
1,30.32,10.0598990572616,30.2529335021973
1,30.33,10.0632323571481,30.2767753601074
1,30.34,10.0665656570345,30.3006172180176
1,30.35,10.069898956921,30.3006172180176
1,30.36,10.0732322568074,30.3125381469727
1,30.37,10.0765655566938,30.3316116333008
1,30.38,10.0798988565803,30.3483009338379
1,30.39,10.0832321564667,30.3459167480469
1,30.4,10.0865654563531,30.367374420166
1,30.41,10.0898987562396,30.3888320922852
1,30.42,10.093232056126,30.3936004638672
1,30.43,10.0965653560124,30.4102897644043
1,30.44,10.0998986558989,30.4412841796875
1,30.45,10.1032319557853,30.4436683654785
1,30.46,10.1065652556717,30.4675102233887
1,30.47,10.1098985555582,30.4818153381348
1,30.48,10.1132318554446,30.4937362670898
1,30.49,10.116565155331,30.510425567627
1,30.5,10.1198984552175,30.517578125
1,30.51,10.1232317551039,30.5485725402832
1,30.52,10.1265650549904,30.5604934692383
1,30.53,10.1298983548768,30.5747985839844
1,30.54,10.1332316547632,30.5986404418945
1,30.55,10.1365649546497,30.6057929992676
1,30.56,10.1398982545361,30.6153297424316
1,30.57,10.1432315544225,30.6367874145508
1,30.58,10.146564854309,30.6487083435059
1,30.59,10.1498981541954,30.6606292724609
1,30.6,10.1532314540818,30.6868553161621
1,30.61,10.1565647539683,30.6963920593262
1,30.62,10.1598980538547,30.7130813598633
1,30.63,10.1632313537411,30.7393074035645
1,30.64,10.1665646536276,30.7464599609375
1,30.65,10.169897953514,30.7703018188477
1,30.66,10.1732312534004,30.7869911193848
1,30.67,10.1765645532869,30.8012962341309
1,30.68,10.1798978531733,30.8108329772949
1,30.69,10.1832311530598,30.8442115783691
1,30.7,10.1865644529462,30.8537483215332
1,30.71,10.1898977528326,30.8775901794434
1,30.72,10.1932310527191,30.8942794799805
1,30.73,10.1965643526055,30.9181213378906
1,30.74,10.1998976524919,30.9324264526367
1,30.75,10.2032309523784,30.9562683105469
1,30.76,10.2065642522648,30.980110168457
1,30.77,10.2098975521512,31.0063362121582
1,30.78,10.2132308520377,31.0277938842773
1,30.79,10.2165641519241,31.0468673706055
1,30.8,10.2198974518105,31.0754776000977
1,30.81,10.223230751697,31.0921669006348
1,30.82,10.2265640515834,31.1064720153809
1,30.83,10.2298973514698,31.1517715454102
1,30.84,10.2332306513563,31.1660766601563
1,30.85,10.2365639512427,31.1851501464844
1,30.86,10.2398972511292,31.2185287475586
1,30.87,10.2432305510156,31.2328338623047
1,30.88,10.246563850902,31.2542915344238
1,30.89,10.2498971507885,31.275749206543
1,30.9,10.2532304506749,31.2972068786621
1,30.91,10.2565637505613,31.3091278076172
1,30.92,10.2598970504478,31.3186645507813
1,30.93,10.2632303503342,31.3401222229004
1,30.94,10.2665636502206,31.3377380371094
1,30.95,10.2698969501071,31.3615798950195
1,30.96,10.2732302499935,31.3639640808105
1,30.97,10.2765635498799,31.3687324523926
1,30.98,10.2798968497664,31.3925743103027
1,30.99,10.2832301496528,31.4044952392578
1,31,10.2865634495392,31.4450263977051
1,31.01,10.2898967494257,31.4521789550781
1,31.02,10.2965633491986,31.4664840698242
1,31.03,10.299896649085,31.4903259277344
1,31.04,10.3032299489714,31.4998626708984
1,31.06,10.3065632488579,31.5475463867188
1,31.07,10.3132298486307,31.5618515014648
1,31.08,10.3165631485172,31.592845916748
1,31.09,10.3198964484036,31.6047668457031
1,31.1,10.32322974829,31.6214561462402
1,31.11,10.3265630481765,31.6381454467773
1,31.12,10.3298963480629,31.6643714904785
1,31.13,10.3332296479493,31.6858291625977
1,31.14,10.3365629478358,31.7001342773438
1,31.16,10.3398962477222,31.73828125
1,31.17,10.3465628474951,31.7502021789551
1,31.18,10.3498961473815,31.7692756652832
1,31.19,10.3532294472679,31.7811965942383
1,31.2,10.3565627471544,31.7978858947754
1,31.21,10.3598960470408,31.8193435668945
1,31.22,10.3632293469273,31.8264961242676
1,31.23,10.3665626468137,31.8551063537598
1,31.24,10.3698959467001,31.8694114685059
1,31.25,10.3732292465866,31.898021697998
1,31.26,10.376562546473,31.9099426269531
1,31.27,10.3798958463594,31.9314002990723
1,31.28,10.3832291462459,31.9552421569824
1,31.29,10.3865624461323,31.9671630859375
1,31.3,10.3898957460187,31.9910049438477
1,31.31,10.3932290459052,32.0243835449219
1,31.32,10.3965623457916,32.0529937744141
1,31.33,10.399895645678,32.0792198181152
1,31.34,10.4032289455645,32.1006774902344
1,31.35,10.4065622454509,32.1388244628906
1,31.36,10.4098955453373,32.1674346923828
1,31.37,10.4132288452238,32.203197479248
1,31.38,10.4165621451102,32.2222709655762
1,31.39,10.4198954449967,32.2580337524414
1,31.4,10.4232287448831,32.2842597961426
1,31.41,10.4265620447695,32.3057174682617
1,31.42,10.429895344656,32.3247909545898
1,31.43,10.4332286445424,32.341480255127
1,31.44,10.4365619444288,32.3724746704102
1,31.45,10.4398952443153,32.3796272277832
1,31.46,10.4432285442017,32.3891639709473
1,31.47,10.4465618440881,32.4058532714844
1,31.48,10.4498951439746,32.4177742004395
1,31.49,10.453228443861,32.4463844299316
1,31.5,10.4565617437474,32.4511528015137
1,31.51,10.4598950436339,32.4463844299316
1,31.52,10.4632283435203,32.4702262878418
1,31.53,10.4665616434067,32.4845314025879
1,31.54,10.4698949432932,32.503604888916
1,31.55,10.4732282431796,32.508373260498
1,31.56,10.4765615430661,32.5250625610352
1,31.57,10.4798948429525,32.5369834899902
1,31.58,10.4832281428389,32.5584411621094
1,31.59,10.4865614427254,32.5679779052734
1,31.6,10.4898947426118,32.5751304626465
1,31.61,10.4932280424982,32.5870513916016
1,31.62,10.4965613423847,32.5942039489746
1,31.63,10.4998946422711,32.6061248779297
1,31.64,10.5032279421575,32.6228141784668
1,31.65,10.506561242044,32.6418876647949
1,31.66,10.5098945419304,32.646656036377
1,31.67,10.5132278418168,32.65380859375
1,31.68,10.5165611417033,32.6800346374512
1,31.69,10.5198944415897,32.6800346374512
1,31.7,10.5232277414761,32.6967239379883
1,31.71,10.5265610413626,32.7110290527344
1,31.72,10.529894341249,32.7205657958984
1,31.73,10.5332276411355,32.7396392822266
1,31.74,10.5365609410219,32.7491760253906
1,31.75,10.5398942409083,32.7658653259277
1,31.76,10.5432275407948,32.7754020690918
1,31.77,10.5465608406812,32.7801704406738
1,31.78,10.5498941405676,32.808780670166
1,31.79,10.5532274404541,32.8230857849121
1,31.8,10.5565607403405,32.8207015991211
1,31.81,10.5598940402269,32.8397750854492
1,31.82,10.5632273401134,32.8493118286133
1,31.83,10.5665606399998,32.8755378723145
1,31.84,10.5698939398862,32.8898429870605
1,31.85,10.5732272397727,32.8946113586426
1,31.86,10.5765605396591,32.9113006591797
1,31.87,10.5798938395455,32.9232215881348
1,31.88,10.583227139432,32.9256057739258
1,31.89,10.5865604393184,32.9470634460449
1,31.9,10.5898937392049,32.958984375
1,31.91,10.5932270390913,32.9804420471191
1,31.92,10.5965603389777,33.0018997192383
1,31.93,10.5998936388642,33.0114364624023
1,31.94,10.6032269387506,33.0400466918945
1,31.95,10.606560238637,33.0615043640137
1,31.96,10.6098935385235,33.0901145935059
1,31.97,10.6132268384099,33.113956451416
1,31.98,10.6165601382963,33.1377983093262
1,31.99,10.6198934381828,33.1711769104004
1,32,10.6232267380692,33.1878662109375
1,32.01,10.6265600379556,33.2093238830566
1,32.02,10.6298933378421,33.2474708557129
1,32.03,10.6332266377285,33.271312713623
1,32.04,10.6365599376149,33.2856178283691
1,32.05,10.6398932375014,33.3118438720703
1,32.06,10.6432265373878,33.3309173583984
1,32.07,10.6465598372743,33.3380699157715
1,32.08,10.6498931371607,33.3642959594727
1,32.09,10.6532264370471,33.3786010742188
1,32.1,10.6565597369336,33.3786010742188
1,32.11,10.65989303682,33.409595489502
1,32.12,10.6632263367064,33.414363861084
1,32.13,10.6665596365929,33.4358215332031
1,32.14,10.6698929364793,33.4358215332031
1,32.15,10.6732262363657,33.4644317626953
1,32.16,10.6765595362522,33.4715843200684
1,32.17,10.6798928361386,33.5097312927246
1,32.18,10.683226136025,33.5168838500977
1,32.19,10.6865594359115,33.5454940795898
1,32.2,10.6898927357979,33.5693359375
1,32.21,10.6932260356843,33.5931777954102
1,32.22,10.6965593355708,33.6098670959473
1,32.23,10.6998926354572,33.6551666259766
1,32.24,10.7032259353437,33.6718559265137
1,32.25,10.7065592352301,33.7004661560059
1,32.26,10.7098925351165,33.717155456543
1,32.27,10.713225835003,33.7505340576172
1,32.28,10.7165591348894,33.7672233581543
1,32.29,10.7198924347758,33.8053703308105
1,32.3,10.7232257346623,33.8339805603027
1,32.31,10.7265590345487,33.8506698608398
1,32.32,10.7298923344351,33.879280090332
1,32.33,10.7332256343216,33.9150428771973
1,32.34,10.736558934208,33.9269638061523
1,32.35,10.7398922340944,33.9484214782715
1,32.36,10.7432255339809,33.9674949645996
1,32.37,10.7465588338673,33.9889526367188
1,32.38,10.7498921337537,33.9937210083008
1,32.39,10.7532254336402,34.024715423584
1,32.4,10.7565587335266,34.0390205383301
1,32.41,10.7598920334131,34.0485572814941
1,32.42,10.7632253332995,34.0652465820313
1,32.43,10.7665586331859,34.0843200683594
1,32.44,10.7698919330724,34.0986251831055
1,32.45,10.7732252329588,34.1248512268066
1,32.46,10.7765585328452,34.1415405273438
1,32.47,10.7798918327317,34.1582298278809
1,32.48,10.7832251326181,34.1796875
1,32.49,10.7865584325045,34.2011451721191
1,32.5,10.789891732391,34.2106819152832
1,32.51,10.7932250322774,34.2369079589844
1,32.52,10.7965583321638,34.2535972595215
1,32.53,10.7998916320503,34.2750549316406
1,32.54,10.8032249319367,34.2917442321777
1,32.55,10.8065582318231,34.3084335327148
1,32.56,10.8098915317096,34.3203544616699
1,32.57,10.813224831596,34.3489646911621
1,32.58,10.8165581314825,34.3680381774902
1,32.59,10.8198914313689,34.3799591064453
1,32.6,10.8232247312553,34.3990325927734
1,32.61,10.8265580311418,34.4133377075195
1,32.62,10.8298913310282,34.4419479370117
1,32.63,10.8332246309146,34.4538688659668
1,32.64,10.8365579308011,34.4562530517578
1,32.65,10.8398912306875,34.482479095459
1,32.66,10.8432245305739,34.5063209533691
1,32.67,10.8465578304604,34.5158576965332
1,32.68,10.8498911303468,34.5349311828613
1,32.69,10.8532244302332,34.5563888549805
1,32.7,10.8565577301197,34.5754623413086
1,32.71,10.8598910300061,34.5849990844727
1,32.72,10.8632243298925,34.6231460571289
1,32.73,10.866557629779,34.639835357666
1,32.74,10.8698909296654,34.6660614013672
1,32.75,10.8732242295519,34.6827507019043
1,32.76,10.8765575294383,34.7065925598145
1,32.77,10.8798908293247,34.7232818603516
1,32.78,10.8832241292112,34.7399711608887
1,32.79,10.8865574290976,34.7709655761719
1,32.8,10.889890728984,34.7757339477539
1,32.81,10.8932240288705,34.8114967346191
1,32.82,10.8965573287569,34.8210334777832
1,32.83,10.8998906286433,34.8281860351563
1,32.84,10.9032239285298,34.8496437072754
1,32.85,10.9065572284162,34.8663330078125
1,32.86,10.9098905283026,34.8997116088867
1,32.87,10.9132238281891,34.9092483520508
1,32.88,10.9165571280755,34.9164009094238
1,32.89,10.9198904279619,34.935474395752
1,32.9,10.9232237278484,34.937858581543
1,32.91,10.9265570277348,34.9736213684082
1,32.92,10.9298903276213,34.9760055541992
1,32.93,10.9332236275077,34.9903106689453
1,32.94,10.9365569273941,35.0141525268555
1,32.95,10.9398902272806,35.0236892700195
1,32.96,10.943223527167,35.0499153137207
1,32.97,10.9465568270534,35.0546836853027
1,32.98,10.9498901269399,35.0713729858398
1,32.99,10.9532234268263,35.090446472168
1,33,10.9565567267127,35.1095199584961
1,33.01,10.9598900265992,35.1238250732422
1,33.02,10.9632233264856,35.1476669311523
1,33.03,10.966556626372,35.1572036743164
1,33.04,10.9698899262585,35.1929664611816
1,33.05,10.9732232261449,35.2168083190918
1,33.06,10.9765565260313,35.2287292480469
1,33.07,10.9798898259178,35.250186920166
1,33.08,10.9832231258042,35.2692604064941
1,33.09,10.9865564256907,35.2931022644043
1,33.1,10.9898897255771,35.3145599365234
1,33.11,10.9932230254635,35.3336334228516
1,33.12,10.99655632535,35.3574752807617
1,33.13,10.9998896252364,35.3837013244629
1,33.14,11.0032229251228,35.405158996582
1,33.15,11.0065562250093,35.4266166687012
1,33.16,11.0098895248957,35.4456901550293
1,33.17,11.0132228247821,35.4766845703125
1,33.18,11.0165561246686,35.4862213134766
1,33.19,11.019889424555,35.5195999145508
1,33.2,11.0232227244414,35.5339050292969
1,33.21,11.0265560243279,35.555362701416
1,33.22,11.0298893242143,35.5768203735352
1,33.23,11.0332226241007,35.6078147888184
1,33.24,11.0365559239872,35.6221199035645
1,33.25,11.0398892238736,35.6316566467285
1,33.26,11.0432225237601,35.6626510620117
1,33.27,11.0465558236465,35.6841087341309
1,33.28,11.0498891235329,35.698413848877
1,33.29,11.0532224234194,35.7174873352051
1,33.3,11.0565557233058,35.7365608215332
1,33.31,11.0598890231922,35.7604026794434
1,33.32,11.0632223230787,35.7794761657715
1,33.33,11.0665556229651,35.7913970947266
1,33.34,11.0698889228515,35.8200073242188
1,33.35,11.073222222738,35.8390808105469
1,33.36,11.0765555226244,35.853385925293
1,33.37,11.0798888225108,35.8843803405762
1,33.38,11.0832221223973,35.8843803405762
1,33.39,11.0865554222837,35.9010696411133
1,33.4,11.0898887221701,35.9272956848145
1,33.41,11.0932220220566,35.9296798706055
1,33.42,11.096555321943,35.9559059143066
1,33.43,11.0998886218295,35.9749794006348
1,33.44,11.1032219217159,35.9845161437988
1,33.45,11.1065552216023,35.9916687011719
1,33.46,11.1098885214888,36.017894744873
1,33.47,11.1132218213752,36.0298156738281
1,33.48,11.1165551212616,36.0488891601563
1,33.49,11.1198884211481,36.0584259033203
1,33.5,11.1232217210345,36.0703468322754
1,33.51,11.1265550209209,36.1013412475586
1,33.52,11.1298883208074,36.1156463623047
1,33.53,11.1332216206938,36.1323356628418
1,33.54,11.1365549205802,36.1490249633789
1,33.55,11.1398882204667,36.165714263916
1,33.56,11.1432215203531,36.1824035644531
1,33.57,11.1465548202395,36.2062454223633
1,33.58,11.149888120126,36.2324714660645
1,33.59,11.1532214200124,36.2443923950195
1,33.6,11.1565547198988,36.2658500671387
1,33.61,11.1598880197853,36.2896919250488
1,33.62,11.1632213196717,36.313533782959
1,33.63,11.1665546195582,36.3397598266602
1,33.64,11.1698879194446,36.3683700561523
1,33.65,11.173221219331,36.4017486572266
1,33.66,11.1765545192175,36.4160537719727
1,33.67,11.1798878191039,36.4351272583008
1,33.68,11.1832211189903,36.4804267883301
1,33.69,11.1865544188768,36.4947319030762
1,33.7,11.1898877187632,36.5018844604492
1,33.71,11.1932210186496,36.5400314331055
1,33.72,11.1965543185361,36.5662574768066
1,33.73,11.1998876184225,36.5734100341797
1,33.74,11.2032209183089,36.5972518920898
1,33.75,11.2065542181954,36.625862121582
1,33.76,11.2098875180818,36.6377830505371
1,33.77,11.2132208179682,36.6497039794922
1,33.78,11.2165541178547,36.6735458374023
1,33.79,11.2198874177411,36.6902351379395
1,33.8,11.2232207176276,36.7236137390137
1,33.81,11.226554017514,36.7403030395508
1,33.82,11.2298873174004,36.7546081542969
1,33.83,11.2332206172869,36.776065826416
1,33.84,11.2365539171733,36.7951393127441
1,33.85,11.2398872170597,36.8165969848633
1,33.86,11.2432205169462,36.8309020996094
1,33.87,11.2465538168326,36.8618965148926
1,33.88,11.249887116719,36.8809700012207
1,33.89,11.2532204166055,36.9000434875488
1,33.9,11.2565537164919,36.919116973877
1,33.91,11.2598870163783,36.9501113891602
1,33.92,11.2632203162648,36.9787216186523
1,33.93,11.2665536161512,36.9977951049805
1,33.94,11.2698869160377,37.0240211486816
1,33.95,11.2732202159241,37.0311737060547
1,33.96,11.2765535158105,37.0669364929199
1,33.97,11.279886815697,37.0693206787109
1,33.98,11.2832201155834,37.081241607666
1,33.99,11.2865534154698,37.1074676513672
1,34,11.2898867153563,37.1170043945313
1,34.01,11.2932200152427,37.1479988098145
1,34.02,11.2965533151291,37.1646881103516
1,34.03,11.2998866150156,37.1766090393066
1,34.04,11.303219914902,37.1932983398438
1,34.05,11.3065532147884,37.2171401977539
1,34.06,11.3098865146749,37.233829498291
1,34.07,11.3132198145613,37.2529029846191
1,34.08,11.3165531144477,37.2529029846191
1,34.09,11.3198864143342,37.3005867004395
1,34.1,11.3232197142206,37.3148918151855
1,34.11,11.326553014107,37.3363494873047
1,34.12,11.3298863139935,37.3530387878418
1,34.13,11.3332196138799,37.388801574707
1,34.14,11.3365529137664,37.4007225036621
1,34.15,11.3398862136528,37.4197959899902
1,34.16,11.3432195135392,37.4484062194824
1,34.17,11.3465528134257,37.4579429626465
1,34.18,11.3498861133121,37.4960899353027
1,34.19,11.3532194131985,37.5080108642578
1,34.2,11.356552713085,37.5223159790039
1,34.21,11.3598860129714,37.5509262084961
1,34.22,11.3632193128578,37.5652313232422
1,34.23,11.3665526127443,37.5747680664063
1,34.24,11.3698859126307,37.6081466674805
1,34.25,11.3732192125171,37.6248359680176
1,34.26,11.3765525124036,37.6367568969727
1,34.27,11.37988581229,37.6510620117188
1,34.28,11.3832191121764,37.6749038696289
1,34.29,11.3865524120629,37.691593170166
1,34.3,11.3898857119493,37.7106666564941
1,34.31,11.3932190118358,37.7488136291504
1,34.32,11.3965523117222,37.7655029296875
1,34.33,11.3998856116086,37.7821922302246
1,34.34,11.4032189114951,37.8179550170898
1,34.35,11.4065522113815,37.8274917602539
1,34.36,11.4098855112679,37.8537178039551
1,34.37,11.4165521110408,37.8775596618652
1,34.39,11.4198854109272,37.9252433776855
1,34.4,11.4232187108137,37.9443168640137
1,34.41,11.4265520107001,37.9586219787598
1,34.42,11.433218610473,37.992000579834
1,34.43,11.4365519103594,38.0134582519531
1,34.45,11.4398852102458,38.0563735961914
1,34.46,11.4465518100187,38.0730628967285
1,34.47,11.4498851099052,38.1112098693848
1,34.48,11.4532184097916,38.1255149841309
1,34.49,11.456551709678,38.1302833557129
1,34.51,11.4632183094509,38.1851196289063
1,34.52,11.4665516093373,38.1946563720703
1,34.53,11.4698849092238,38.2184982299805
1,34.55,11.4765515089966,38.2471084594727
1,34.56,11.4798848088831,38.2637977600098
1,34.57,11.4832181087695,38.2685661315918
1,34.58,11.4865514086559,38.297176361084
1,34.59,11.4898847085424,38.3257865905762
1,34.6,11.4932180084288,38.3377075195313
1,34.61,11.4965513083152,38.3663177490234
1,34.62,11.4998846082017,38.3687019348145
1,34.63,11.5032179080881,38.4020805358887
1,34.64,11.5065512079746,38.4163856506348
1,34.65,11.509884507861,38.4378433227539
1,34.66,11.5132178077474,38.459300994873
1,34.67,11.5165511076339,38.4688377380371
1,34.68,11.5198844075203,38.5069847106934
1,34.69,11.5232177074067,38.5236740112305
1,34.7,11.5265510072932,38.5475158691406
1,34.71,11.5298843071796,38.5665893554688
1,34.72,11.533217607066,38.5904312133789
1,34.73,11.5365509069525,38.611888885498
1,34.74,11.5398842068389,38.6381149291992
1,34.75,11.5432175067253,38.6500358581543
1,34.76,11.5465508066118,38.6834144592285
1,34.77,11.5498841064982,38.6929512023926
1,34.78,11.5532174063846,38.7239456176758
1,34.79,11.5565507062711,38.7430191040039
1,34.8,11.5598840061575,38.762092590332
1,34.81,11.563217306044,38.7883186340332
1,34.82,11.5665506059304,38.8097763061523
1,34.83,11.5698839058168,38.8193130493164
1,34.84,11.5732172057033,38.8526916503906
1,34.85,11.5765505055897,38.8741493225098
1,34.86,11.5798838054761,38.8884544372559
1,34.87,11.5832171053626,38.909912109375
1,34.88,11.586550405249,38.9385223388672
1,34.89,11.5898837051354,38.9599800109863
1,34.9,11.5932170050219,38.9838218688965
1,34.91,11.5965503049083,38.9957427978516
1,34.92,11.5998836047947,39.0219688415527
1,34.93,11.6032169046812,39.0410423278809
1,34.94,11.6065502045676,39.055347442627
1,34.95,11.609883504454,39.0720367431641
1,34.96,11.6132168043405,39.0934944152832
1,34.97,11.6165501042269,39.1030311584473
1,34.98,11.6198834041134,39.1173362731934
1,34.99,11.6232167039998,39.1459465026855
1,35,11.6265500038862,39.1483306884766
1,35.01,11.6298833037727,39.1721725463867
1,35.02,11.6332166036591,39.1912460327148
1,35.03,11.6365499035455,39.207935333252
1,35.04,11.639883203432,39.222240447998
1,35.05,11.6432165033184,39.2341613769531
1,35.06,11.6465498032048,39.2556190490723
1,35.07,11.6498831030913,39.2794609069824
1,35.08,11.6532164029777,39.2961502075195
1,35.09,11.6565497028641,39.3199920654297
1,35.1,11.6598830027506,39.3319129943848
1,35.11,11.663216302637,39.3438339233398
1,35.12,11.6665496025234,39.3533706665039
1,35.13,11.6698829024099,39.3867492675781
1,35.14,11.6732162022963,39.3986701965332
1,35.15,11.6765495021828,39.4225120544434
1,35.16,11.6798828020692,39.4439697265625
1,35.17,11.6832161019556,39.4487380981445
1,35.18,11.6865494018421,39.4892692565918
1,35.19,11.6898827017285,39.5083427429199
1,35.2,11.6932160016149,39.5321846008301
1,35.21,11.6965493015014,39.5631790161133
1,35.22,11.6998826013878,39.5774841308594
1,35.23,11.7032159012742,39.5965576171875
1,35.24,11.7065492011607,39.6299362182617
1,35.25,11.7098825010471,39.6490097045898
1,35.26,11.7132158009335,39.6585464477539
1,35.27,11.71654910082,39.6943092346191
1,35.28,11.7198824007064,39.7014617919922
1,35.29,11.7232157005928,39.7372245788574
1,35.3,11.7265490004793,39.7515296936035
1,35.31,11.7298823003657,39.7706031799316
1,35.32,11.7332156002522,39.7992134094238
1,35.33,11.7365489001386,39.818286895752
1,35.34,11.739882200025,39.832592010498
1,35.35,11.7432154999115,39.8492813110352
1,35.36,11.7465487997979,39.8755073547363
1,35.37,11.7498820996843,39.8874282836914
1,35.38,11.7532153995708,39.9184226989746
1,35.39,11.7565486994572,39.9303436279297
1,35.4,11.7598819993436,39.9589538574219
1,35.41,11.7632152992301,39.970874786377
1,35.42,11.7665485991165,39.9899482727051
1,35.43,11.7698818990029,40.0233268737793
1,35.44,11.7732151988894,40.0400161743164
1,35.45,11.7765484987758,40.0614738464355
1,35.46,11.7798817986622,40.0805473327637
1,35.47,11.7832150985487,40.1091575622559
1,35.48,11.7865483984351,40.1425361633301
1,35.49,11.7898816983216,40.1520729064941
1,35.5,11.793214998208,40.1759147644043
1,35.51,11.7965482980944,40.2164459228516
1,35.52,11.7998815979809,40.2331352233887
1,35.53,11.8032148978673,40.2545928955078
1,35.54,11.8065481977537,40.278434753418
1,35.55,11.8098814976402,40.2998924255371
1,35.56,11.8132147975266,40.3165817260742
1,35.57,11.816548097413,40.3428077697754
1,35.58,11.8198813972995,40.3523445129395
1,35.59,11.8232146971859,40.3761863708496
1,35.6,11.8265479970723,40.4000282287598
1,35.61,11.8298812969588,40.4047966003418
1,35.62,11.8332145968452,40.4191017150879
1,35.63,11.8365478967316,40.435791015625
1,35.64,11.8398811966181,40.4572486877441
1,35.65,11.8432144965045,40.4834747314453
1,35.66,11.846547796391,40.5001640319824
1,35.67,11.8498810962774,40.5144691467285
1,35.68,11.8532143961638,40.5454635620117
1,35.69,11.8565476960503,40.5669212341309
1,35.7,11.8598809959367,40.5764579772949
1,35.71,11.8632142958231,40.6050682067871
1,35.72,11.8665475957096,40.6265258789063
1,35.73,11.869880895596,40.6503677368164
1,35.74,11.8732141954824,40.6718254089355
1,35.75,11.8765474953689,40.6932830810547
1,35.76,11.8798807952553,40.7147407531738
1,35.77,11.8832140951417,40.738582611084
1,35.78,11.8865473950282,40.748119354248
1,35.79,11.8898806949146,40.7743453979492
1,35.8,11.893213994801,40.7886505126953
1,35.81,11.8965472946875,40.8220291137695
1,35.82,11.8998805945739,40.8363342285156
1,35.83,11.9032138944604,40.8506393432617
1,35.84,11.9065471943468,40.8744812011719
1,35.85,11.9098804942332,40.891170501709
1,35.86,11.9132137941197,40.9126281738281
1,35.87,11.9165470940061,40.9221649169922
1,35.88,11.9198803938925,40.9531593322754
1,35.89,11.923213693779,40.9770011901855
1,35.9,11.9265469936654,40.9817695617676
1,35.91,11.9298802935518,41.0079956054688
1,35.92,11.9332135934383,41.0223007202148
1,35.93,11.9365468933247,41.0318374633789
1,35.94,11.9398801932111,41.0556793212891
1,35.95,11.9432134930976,41.0676002502441
1,35.96,11.946546792984,41.0723686218262
1,35.97,11.9498800928704,41.1033630371094
1,35.98,11.9532133927569,41.1128997802734
1,35.99,11.9565466926433,41.1248207092285
1,36,11.9598799925297,41.1415100097656
1,36.01,11.9632132924162,41.1581993103027
1,36.02,11.9665465923026,41.1772727966309
1,36.03,11.9698798921891,41.1891937255859
1,36.04,11.9732131920755,41.2130355834961
1,36.05,11.9765464919619,41.2392616271973
1,36.06,11.9798797918484,41.2464141845703
1,36.07,11.9832130917348,41.2654876708984
1,36.08,11.9865463916212,41.2988662719727
1,36.09,11.9898796915077,41.3179397583008
1,36.1,11.9932129913941,41.3298606872559
1,36.11,11.9965462912805,41.3703918457031
1,36.12,11.999879591167,41.3894653320313
1,36.13,12.0032128910534,41.4133071899414
1,36.14,12.0065461909398,41.4347648620605
1,36.15,12.0098794908263,41.4633750915527
1,36.16,12.0132127907127,41.4896011352539
1,36.17,12.0165460905991,41.506290435791
1,36.18,12.0198793904856,41.5372848510742
1,36.19,12.023212690372,41.5420532226563
1,36.2,12.0265459902585,41.5658950805664
1,36.21,12.0298792901449,41.5873527526855
1,36.22,12.0332125900313,41.6064262390137
1,36.23,12.0365458899178,41.6278839111328
1,36.24,12.0398791898042,41.6469573974609
1,36.25,12.0432124896906,41.6755676269531
1,36.26,12.0465457895771,41.6898727416992
1,36.27,12.0498790894635,41.6994094848633
1,36.28,12.0532123893499,41.7304039001465
1,36.29,12.0565456892364,41.7590141296387
1,36.3,12.0598789891228,41.7685508728027
1,36.31,12.0632122890092,41.80908203125
1,36.32,12.0665455888957,41.8186187744141
1,36.33,12.0698788887821,41.8448448181152
1,36.34,12.0732121886685,41.8639183044434
1,36.35,12.076545488555,41.8925285339355
1,36.36,12.0798787884414,41.9139862060547
1,36.37,12.0832120883279,41.9473648071289
1,36.38,12.0865453882143,41.968822479248
1,36.39,12.0898786881007,41.9831275939941
1,36.4,12.0932119879872,42.0212745666504
1,36.41,12.0965452878736,42.0379638671875
1,36.42,12.09987858776,42.0522689819336
1,36.43,12.1032118876465,42.0856475830078
1,36.44,12.1065451875329,42.0999526977539
1,36.45,12.1098784874193,42.1142578125
1,36.46,12.1132117873058,42.1524047851563
1,36.47,12.1165450871922,42.1738624572754
1,36.48,12.1198783870786,42.1810150146484
1,36.49,12.1232116869651,42.2048568725586
1,36.5,12.1265449868515,42.2143936157227
1,36.51,12.1298782867379,42.2430038452148
1,36.52,12.1332115866244,42.266845703125
1,36.53,12.1365448865108,42.2763824462891
1,36.54,12.1398781863973,42.2930717468262
1,36.55,12.1432114862837,42.3121452331543
1,36.56,12.1465447861701,42.3431396484375
1,36.57,12.1498780860566,42.3526763916016
1,36.58,12.153211385943,42.3717498779297
1,36.59,12.1565446858294,42.4051284790039
1,36.6,12.1598779857159,42.41943359375
1,36.61,12.1632112856023,42.4289703369141
1,36.62,12.1665445854887,42.4599647521973
1,36.63,12.1698778853752,42.4742698669434
1,36.64,12.1732111852616,42.5171852111816
1,36.65,12.176544485148,42.5314903259277
1,36.66,12.1798777850345,42.5529479980469
1,36.67,12.1832110849209,42.576789855957
1,36.68,12.1865443848073,42.5887107849121
1,36.69,12.1898776846938,42.6340103149414
1,36.7,12.1932109845802,42.6506996154785
1,36.71,12.1965442844667,42.6697731018066
1,36.72,12.1998775843531,42.6912307739258
1,36.73,12.2032108842395,42.7103042602539
1,36.74,12.206544184126,42.731761932373
1,36.75,12.2098774840124,42.7651405334473
1,36.76,12.2132107838988,42.7842140197754
1,36.77,12.2165440837853,42.8009033203125
1,36.78,12.2198773836717,42.8247451782227
1,36.79,12.2232106835581,42.8438186645508
1,36.8,12.2265439834446,42.8485870361328
1,36.81,12.229877283331,42.884349822998
1,36.82,12.2332105832174,42.8986549377441
1,36.83,12.2365438831039,42.9105758666992
1,36.84,12.2398771829903,42.9487228393555
1,36.85,12.2432104828767,42.9701805114746
1,36.86,12.2465437827632,42.9844856262207
1,36.87,12.2498770826496,43.025016784668
1,36.88,12.2532103825361,43.0512428283691
1,36.89,12.2565436824225,43.0774688720703
1,36.9,12.2598769823089,43.1060791015625
1,36.91,12.2632102821954,43.1299209594727
1,36.92,12.2665435820818,43.1513786315918
1,36.93,12.2698768819682,43.189525604248
1,36.94,12.2732101818547,43.2252883911133
1,36.95,12.2765434817411,43.2467460632324
1,36.96,12.2798767816275,43.2896614074707
1,36.97,12.283210081514,43.3087348937988
1,36.98,12.2865433814004,43.337345123291
1,36.99,12.2898766812868,43.3802604675293
1,37,12.2932099811733,43.4064865112305
1,37.01,12.2965432810597,43.4422492980957
1,37.02,12.2998765809461,43.4732437133789
1,37.03,12.3032098808326,43.5066223144531
1,37.04,12.306543180719,43.5280799865723
1,37.05,12.3098764806055,43.5614585876465
1,37.06,12.3132097804919,43.5757637023926
1,37.07,12.3165430803783,43.6019897460938
1,37.08,12.3198763802648,43.6234474182129
1,37.09,12.3232096801512,43.632984161377
1,37.1,12.3265429800376,43.6639785766602
1,37.11,12.3298762799241,43.6806678771973
1,37.12,12.3332095798105,43.6878204345703
1,37.13,12.3365428796969,43.6949729919434
1,37.14,12.3398761795834,43.7211990356445
1,37.15,12.3432094794698,43.7235832214355
1,37.16,12.3465427793562,43.7521934509277
1,37.17,12.3498760792427,43.7545776367188
1,37.18,12.3532093791291,43.7617301940918
1,37.19,12.3565426790155,43.7712669372559
1,37.2,12.359875978902,43.7736511230469
1,37.21,12.3632092787884,43.8022613525391
1,37.22,12.3665425786749,43.8117980957031
1,37.23,12.3698758785613,43.8141822814941
1,37.24,12.3732091784477,43.8308715820313
1,37.25,12.3765424783342,43.8404083251953
1,37.26,12.3798757782206,43.8451766967773
1,37.27,12.383209078107,43.8618659973145
1,37.28,12.3865423779935,43.8857078552246
1,37.29,12.3898756778799,43.9071655273438
1,37.3,12.3932089777663,43.9119338989258
1,37.31,12.3965422776528,43.9167022705078
1,37.32,12.3998755775392,43.942928314209
1,37.33,12.4032088774256,43.9643859863281
1,37.34,12.4065421773121,43.9739227294922
1,37.35,12.4098754771985,43.9977645874023
1,37.36,12.4132087770849,44.0096855163574
1,37.37,12.4165420769714,44.0287590026855
1,37.38,12.4198753768578,44.0526008605957
1,37.39,12.4232086767443,44.0597534179688
1,37.4,12.4265419766307,44.0740585327148
1,37.41,12.4298752765171,44.100284576416
1,37.42,12.4332085764036,44.1169738769531
1,37.43,12.43654187629,44.1312789916992
1,37.44,12.4398751761764,44.1455841064453
1,37.45,12.4432084760629,44.1741943359375
1,37.46,12.4465417759493,44.1956520080566
1,37.47,12.4498750758357,44.2171096801758
1,37.48,12.4532083757222,44.248104095459
1,37.49,12.4565416756086,44.2790985107422
1,37.5,12.459874975495,44.2981719970703
1,37.51,12.4632082753815,44.3291664123535
1,37.52,12.4665415752679,44.3601608276367
1,37.53,12.4698748751543,44.3840026855469
1,37.54,12.4732081750408,44.4173812866211
1,37.55,12.4765414749272,44.4364547729492
1,37.56,12.4798747748137,44.4555282592773
1,37.57,12.4832080747001,44.4865226745605
1,37.58,12.4865413745865,44.5055961608887
1,37.59,12.489874674473,44.5270538330078
1,37.6,12.4932079743594,44.5556640625
1,37.61,12.4965412742458,44.5675849914551
1,37.62,12.4998745741323,44.5938110351563
1,37.63,12.5032078740187,44.6152687072754
1,37.64,12.5065411739051,44.6391105651855
1,37.65,12.5098744737916,44.6486473083496
1,37.66,12.513207773678,44.6772575378418
1,37.67,12.5165410735644,44.6939468383789
1,37.68,12.5198743734509,44.7249412536621
1,37.69,12.5232076733373,44.7535514831543
1,37.7,12.5265409732237,44.7797775268555
1,37.71,12.5298742731102,44.8083877563477
1,37.72,12.5332075729966,44.8346138000488
1,37.73,12.5365408728831,44.865608215332
1,37.74,12.5398741727695,44.8870658874512
1,37.75,12.5432074726559,44.9275970458984
1,37.76,12.5465407725424,44.9419021606445
1,37.77,12.5498740724288,44.9848175048828
1,37.78,12.5532073723152,45.006275177002
1,37.79,12.5565406722017,45.018196105957
1,37.8,12.5598739720881,45.0682640075684
1,37.81,12.5632072719745,45.0825691223145
1,37.82,12.566540571861,45.1040267944336
1,37.83,12.5698738717474,45.1326370239258
1,37.84,12.5732071716338,45.1564788818359
1,37.85,12.5765404715203,45.168399810791
1,37.86,12.5798737714067,45.1922416687012
1,37.87,12.5832070712931,45.2041625976563
1,37.88,12.5865403711796,45.2184677124023
1,37.89,12.589873671066,45.2470779418945
1,37.9,12.5932069709525,45.2613830566406
1,37.91,12.5965402708389,45.2685356140137
1,37.92,12.5998735707253,45.2876091003418
1,37.93,12.6032068706118,45.3019142150879
1,37.94,12.6065401704982,45.318603515625
1,37.95,12.6098734703846,45.3424453735352
1,37.96,12.6165400701575,45.3662872314453
1,37.98,12.6198733700439,45.4163551330566
1,37.99,12.6232066699304,45.4378128051758
1,38,12.6265399698168,45.4545021057129
1,38.01,12.6332065695897,45.4878807067871
1,38.02,12.6365398694761,45.5117225646973
1,38.04,12.6398731693625,45.5546379089355
1,38.05,12.6465397691354,45.5808639526367
1,38.06,12.6498730690219,45.621395111084
1,38.07,12.6532063689083,45.6333160400391
1,38.08,12.6565396687947,45.6595420837402
1,38.1,12.6598729686812,45.7119941711426
1,38.11,12.666539568454,45.7358360290527
1,38.12,12.6698728683405,45.7620620727539
1,38.14,12.6765394681133,45.8097457885742
1,38.15,12.6798727679998,45.8288192749023
1,38.16,12.6832060678862,45.8502769470215
1,38.17,12.6865393677726,45.8717346191406
1,38.18,12.6898726676591,45.8955764770508
1,38.19,12.6932059675455,45.926570892334
1,38.2,12.6965392674319,45.9575653076172
1,38.21,12.6998725673184,45.9742546081543
1,38.22,12.7032058672048,45.9957122802734
1,38.23,12.7065391670913,46.0219383239746
1,38.24,12.7098724669777,46.0457801818848
1,38.25,12.7132057668641,46.0672378540039
1,38.26,12.7165390667506,46.1053848266602
1,38.27,12.719872366637,46.1268424987793
1,38.28,12.7232056665234,46.1459159851074
1,38.29,12.7265389664099,46.1792945861816
1,38.3,12.7298722662963,46.1935997009277
1,38.31,12.7332055661827,46.2198257446289
1,38.32,12.7365388660692,46.2460517883301
1,38.33,12.7398721659556,46.2627410888672
1,38.34,12.743205465842,46.2770462036133
1,38.35,12.7465387657285,46.3008880615234
1,38.36,12.7498720656149,46.3271141052246
1,38.37,12.7532053655013,46.3509559631348
1,38.38,12.7565386653878,46.3604927062988
1,38.39,12.7598719652742,46.3676452636719
1,38.4,12.7632052651607,46.389102935791
1,38.41,12.7665385650471,46.4057922363281
1,38.42,12.7698718649335,46.4224815368652
1,38.43,12.77320516482,46.4391708374023
1,38.44,12.7765384647064,46.4439392089844
1,38.45,12.7798717645928,46.4487075805664
1,38.46,12.7832050644793,46.4630126953125
1,38.47,12.7865383643657,46.4701652526855
1,38.48,12.7898716642521,46.4844703674316
1,38.49,12.7932049641386,46.4916229248047
1,38.5,12.796538264025,46.4963912963867
1,38.51,12.7998715639114,46.5106964111328
1,38.52,12.8032048637979,46.5226173400879
1,38.53,12.8065381636843,46.532154083252
1,38.54,12.8098714635707,46.5655326843262
1,38.55,12.8132047634572,46.5703010559082
1,38.56,12.8165380633436,46.5965270996094
1,38.57,12.81987136323,46.6156005859375
1,38.58,12.8232046631165,46.6275215148926
1,38.59,12.8265379630029,46.6585159301758
1,38.6,12.8298712628894,46.6823577880859
1,38.61,12.8332045627758,46.694278717041
1,38.62,12.8365378626622,46.7276573181152
1,38.63,12.8398711625487,46.7491149902344
1,38.64,12.8432044624351,46.7753410339355
1,38.65,12.8465377623215,46.8063354492188
1,38.66,12.849871062208,46.8230247497559
1,38.67,12.8532043620944,46.8683242797852
1,38.68,12.8565376619808,46.8897819519043
1,38.69,12.8598709618673,46.9160079956055
1,38.7,12.8632042617537,46.9446182250977
1,38.71,12.8665375616401,46.9660758972168
1,38.72,12.8698708615266,47.0066070556641
1,38.73,12.873204161413,47.0280647277832
1,38.74,12.8765374612995,47.0542907714844
1,38.75,12.8798707611859,47.0685958862305
1,38.76,12.8832040610723,47.1091270446777
1,38.77,12.8865373609588,47.1210479736328
1,38.78,12.8898706608452,47.1377372741699
1,38.79,12.8932039607316,47.1830368041992
1,38.8,12.8965372606181,47.1925735473633
1,38.81,12.8998705605045,47.2116470336914
1,38.82,12.9032038603909,47.2378730773926
1,38.83,12.9065371602774,47.2640991210938
1,38.84,12.9098704601638,47.2784042358398
1,38.85,12.9132037600502,47.307014465332
1,38.86,12.9165370599367,47.3356246948242
1,38.87,12.9198703598231,47.3499298095703
1,38.88,12.9232036597095,47.3666191101074
1,38.89,12.926536959596,47.4071502685547
1,38.9,12.9298702594824,47.4357604980469
1,38.91,12.9332035593688,47.450065612793
1,38.92,12.9365368592553,47.4739074707031
1,38.93,12.9398701591417,47.5096702575684
1,38.94,12.9432034590282,47.5382804870605
1,38.95,12.9465367589146,47.5573539733887
1,38.96,12.949870058801,47.5931167602539
1,38.97,12.9532033586875,47.614574432373
1,38.98,12.9565366585739,47.6312637329102
1,38.99,12.9598699584603,47.6622581481934
1,39,12.9632032583468,47.6837158203125
1,39.01,12.9665365582332,47.7099418640137
1,39.02,12.9698698581196,47.7385520935059
1,39.03,12.9732031580061,47.764778137207
1,39.04,12.9765364578925,47.7814674377441
1,39.05,12.9798697577789,47.8219985961914
1,39.06,12.9832030576654,47.8410720825195
1,39.07,12.9865363575518,47.8625297546387
1,39.08,12.9898696574382,47.8935241699219
1,39.09,12.9932029573247,47.9245185852051
1,39.1,12.9965362572111,47.9340553283691
1,39.11,12.9998695570976,47.9722023010254
1,39.12,13.003202856984,47.9888916015625
1,39.13,13.0065361568704,48.0079650878906
1,39.14,13.0098694567569,48.0341911315918
1,39.15,13.0132027566433,48.062801361084
1,39.16,13.0165360565297,48.069953918457
1,39.17,13.0198693564162,48.1081008911133
1,39.18,13.0232026563026,48.1224060058594
1,39.19,13.026535956189,48.1438636779785
1,39.2,13.0298692560755,48.1653213500977
1,39.21,13.0332025559619,48.1939315795898
1,39.22,13.0365358558483,48.2177734375
1,39.23,13.0398691557348,48.2463836669922
1,39.24,13.0432024556212,48.2702255249023
1,39.25,13.0465357555076,48.2892990112305
1,39.26,13.0498690553941,48.3274459838867
1,39.27,13.0532023552805,48.3489036560059
1,39.28,13.056535655167,48.365592956543
1,39.29,13.0598689550534,48.4037399291992
1,39.3,13.0632022549398,48.4132766723633
1,39.31,13.0665355548263,48.4395027160645
1,39.32,13.0698688547127,48.4609603881836
1,39.33,13.0732021545991,48.4848022460938
1,39.34,13.0765354544856,48.515796661377
1,39.35,13.079868754372,48.530101776123
1,39.36,13.0832020542584,48.5634803771973
1,39.37,13.0865353541449,48.5801696777344
1,39.38,13.0898686540313,48.5944747924805
1,39.39,13.0932019539177,48.6230850219727
1,39.4,13.0965352538042,48.6469268798828
1,39.41,13.0998685536906,48.6636161804199
1,39.42,13.103201853577,48.6946105957031
1,39.43,13.1065351534635,48.7065315246582
1,39.44,13.1098684533499,48.7399101257324
1,39.45,13.1132017532364,48.7661361694336
1,39.46,13.1165350531228,48.7875938415527
1,39.47,13.1198683530092,48.8162040710449
1,39.48,13.1232016528957,48.8400459289551
1,39.49,13.1265349527821,48.8734245300293
1,39.5,13.1298682526685,48.8853454589844
1,39.51,13.133201552555,48.9354133605957
1,39.52,13.1365348524414,48.9497184753418
1,39.53,13.1398681523278,48.985481262207
1,39.54,13.1432014522143,49.0069389343262
1,39.55,13.1465347521007,49.0474700927734
1,39.56,13.1498680519871,49.0736961364746
1,39.57,13.1532013518736,49.0951538085938
1,39.58,13.15653465176,49.126148223877
1,39.59,13.1598679516464,49.1547584533691
1,39.6,13.1632012515329,49.1762161254883
1,39.61,13.1665345514193,49.2167472839355
1,39.62,13.1698678513058,49.2310523986816
1,39.63,13.1732011511922,49.2596626281738
1,39.64,13.1765344510786,49.2739677429199
1,39.65,13.1798677509651,49.3025779724121
1,39.66,13.1832010508515,49.3192672729492
1,39.67,13.1865343507379,49.3478775024414
1,39.68,13.1898676506244,49.3741035461426
1,39.69,13.1932009505108,49.3812561035156
1,39.7,13.1965342503972,49.4074821472168
1,39.71,13.1998675502837,49.4194030761719
1,39.72,13.2032008501701,49.4289398193359
1,39.73,13.2065341500565,49.4480133056641
1,39.74,13.209867449943,49.4647026062012
1,39.75,13.2132007498294,49.4766235351563
1,39.76,13.2165340497158,49.4885444641113
1,39.77,13.2198673496023,49.5052337646484
1,39.78,13.2232006494887,49.5219230651855
1,39.79,13.2265339493752,49.5362281799316
1,39.8,13.2298672492616,49.5648384094238
1,39.81,13.233200549148,49.5791435241699
1,39.82,13.2365338490345,49.595832824707
1,39.83,13.2398671489209,49.6149063110352
1,39.84,13.2432004488073,49.6387481689453
1,39.85,13.2465337486938,49.6721267700195
1,39.86,13.2498670485802,49.6840476989746
1,39.87,13.2532003484666,49.7102737426758
1,39.88,13.2565336483531,49.74365234375
1,39.89,13.2598669482395,49.748420715332
1,39.9,13.2632002481259,49.7674942016602
1,39.91,13.2665335480124,49.7817993164063
1,39.92,13.2698668478988,49.8008728027344
1,39.93,13.2732001477852,49.8151779174805
1,39.94,13.2765334476717,49.8199462890625
1,39.95,13.2798667475581,49.8557090759277
1,39.96,13.2832000474446,49.8676300048828
1,39.97,13.286533347331,49.8819351196289
1,39.98,13.2898666472174,49.893856048584
1,39.99,13.2931999471039,49.9176979064941
1,40,13.2965332469903,49.9367713928223
1,40.01,13.2998665468767,49.9486923217773
1,40.02,13.3031998467632,49.9653816223145
1,40.03,13.3065331466496,49.9916076660156
1,40.04,13.309866446536,50.0130653381348
1,40.05,13.3131997464225,50.0345230102539
1,40.06,13.3165330463089,50.055980682373
1,40.07,13.3198663461953,50.0750541687012
1,40.08,13.3231996460818,50.0893592834473
1,40.09,13.3265329459682,50.1084327697754
1,40.1,13.3298662458546,50.1275062561035
1,40.11,13.3331995457411,50.1537322998047
1,40.12,13.3365328456275,50.1656532287598
1,40.13,13.339866145514,50.1871109008789
1,40.14,13.3431994454004,50.194263458252
1,40.15,13.3465327452868,50.2181053161621
1,40.16,13.3498660451733,50.2252578735352
1,40.17,13.3531993450597,50.2514839172363
1,40.18,13.3565326449461,50.2610206604004
1,40.19,13.3598659448326,50.2705574035645
1,40.2,13.363199244719,50.2943992614746
1,40.21,13.3665325446054,50.3087043762207
1,40.22,13.3698658444919,50.3277778625488
1,40.23,13.3731991443783,50.3396987915039
1,40.24,13.3765324442647,50.3730773925781
1,40.25,13.3798657441512,50.3969192504883
1,40.26,13.3831990440376,50.4231452941895
1,40.27,13.386532343924,50.4493713378906
1,40.28,13.3898656438105,50.4612922668457
1,40.29,13.3931989436969,50.4922866821289
1,40.3,13.3965322435834,50.5256652832031
1,40.31,13.3998655434698,50.5495071411133
1,40.32,13.4031988433562,50.5709648132324
1,40.33,13.4065321432427,50.6043434143066
1,40.34,13.4098654431291,50.6281852722168
1,40.35,13.4131987430155,50.656795501709
1,40.36,13.416532042902,50.6806373596191
1,40.37,13.4198653427884,50.7044792175293
1,40.38,13.4231986426748,50.7473945617676
1,40.39,13.4265319425613,50.7616996765137
1,40.4,13.4298652424477,50.7831573486328
1,40.41,13.4331985423341,50.818920135498
1,40.42,13.4365318422206,50.8356094360352
1,40.43,13.439865142107,50.8642196655273
1,40.44,13.4431984419934,50.8856773376465
1,40.45,13.4465317418799,50.9047508239746
1,40.46,13.4498650417663,50.9238243103027
1,40.47,13.4531983416528,50.9500503540039
1,40.48,13.4565316415392,50.96435546875
1,40.49,13.4598649414256,50.9929656982422
1,40.5,13.4631982413121,51.0144233703613
1,40.51,13.4665315411985,51.0358810424805
1,40.52,13.4698648410849,51.0740280151367
1,40.53,13.4731981409714,51.0907173156738
1,40.54,13.4765314408578,51.112174987793
1,40.55,13.4798647407442,51.1455535888672
1,40.56,13.4831980406307,51.1741638183594
1,40.57,13.4865313405171,51.1932373046875
1,40.58,13.4898646404035,51.2361526489258
1,40.59,13.49319794029,51.2528419494629
1,40.6,13.4965312401764,51.3005256652832
1,40.61,13.4998645400628,51.3148307800293
1,40.62,13.5031978399493,51.3386726379395
1,40.63,13.5065311398357,51.3720512390137
1,40.64,13.5098644397222,51.3911247253418
1,40.65,13.5131977396086,51.4101982116699
1,40.66,13.516531039495,51.4507293701172
1,40.67,13.5198643393815,51.4674186706543
1,40.68,13.5231976392679,51.4864921569824
1,40.69,13.5265309391543,51.5174865722656
1,40.7,13.5298642390408,51.5413284301758
1,40.71,13.5331975389272,51.5556335449219
1,40.72,13.5365308388136,51.5866279602051
1,40.73,13.5398641387001,51.6009330749512
1,40.74,13.5431974385865,51.6104698181152
1,40.75,13.5465307384729,51.6438484191895
1,40.76,13.5498640383594,51.6700744628906
1,40.77,13.5531973382458,51.6819953918457
1,40.78,13.5565306381322,51.7010688781738
1,40.79,13.5598639380187,51.729679107666
1,40.8,13.5631972379051,51.7582893371582
1,40.81,13.5665305377916,51.7868995666504
1,40.82,13.569863837678,51.8012046813965
1,40.83,13.5731971375644,51.8274307250977
1,40.84,13.5765304374509,51.8441200256348
1,40.85,13.5798637373373,51.8679618835449
1,40.86,13.5831970372237,51.9013404846191
1,40.87,13.5865303371102,51.9204139709473
1,40.88,13.5898636369966,51.9275665283203
1,40.89,13.593196936883,51.9609451293945
1,40.9,13.5965302367695,51.9728660583496
1,40.91,13.5998635366559,51.9990921020508
1,40.92,13.6031968365423,52.0229339599609
1,40.93,13.6065301364288,52.039623260498
1,40.94,13.6098634363152,52.0586967468262
1,40.95,13.6131967362016,52.0777702331543
1,40.96,13.6165300360881,52.1063804626465
1,40.97,13.6198633359745,52.1230697631836
1,40.98,13.6231966358609,52.1326065063477
1,40.99,13.6265299357474,52.1659851074219
1,41,13.6298632356338,52.177906036377
1,41.01,13.6331965355203,52.192211151123
1,41.02,13.6365298354067,52.2136688232422
1,41.03,13.6398631352931,52.2232055664063
1,41.04,13.6431964351796,52.2351264953613
1,41.05,13.646529735066,52.2494316101074
1,41.06,13.6498630349524,52.2637367248535
1,41.07,13.6531963348389,52.2708892822266
1,41.08,13.6565296347253,52.3018836975098
1,41.09,13.6598629346117,52.3090362548828
1,41.1,13.6631962344982,52.3185729980469
1,41.11,13.6665295343846,52.332878112793
1,41.12,13.669862834271,52.3591041564941
1,41.13,13.6731961341575,52.3710250854492
1,41.14,13.6765294340439,52.3900985717773
1,41.15,13.6798627339303,52.4091720581055
1,41.16,13.6831960338168,52.4139404296875
1,41.17,13.6865293337032,52.4449348449707
1,41.18,13.6898626335897,52.4544715881348
1,41.19,13.6931959334761,52.483081817627
1,41.2,13.6965292333625,52.497386932373
1,41.21,13.699862533249,52.5236129760742
1,41.22,13.7031958331354,52.5569915771484
1,41.23,13.7065291330218,52.5689125061035
1,41.24,13.7098624329083,52.6094436645508
1,41.25,13.7131957327947,52.6309013366699
1,41.26,13.7165290326811,52.647590637207
1,41.27,13.7198623325676,52.6881217956543
1,41.28,13.723195632454,52.7000427246094
1,41.29,13.7265289323404,52.7286529541016
1,41.3,13.7298622322269,52.7548789978027
1,41.31,13.7331955321133,52.7739524841309
1,41.32,13.7365288319998,52.802562713623
1,41.33,13.7398621318862,52.8144836425781
1,41.34,13.7431954317726,52.8430938720703
1,41.35,13.7465287316591,52.8478622436523
1,41.36,13.7498620315455,52.8764724731445
1,41.37,13.7531953314319,52.9003143310547
1,41.38,13.7565286313184,52.9026985168457
1,41.39,13.7598619312048,52.9289245605469
1,41.4,13.7631952310912,52.940845489502
1,41.41,13.7665285309777,52.952766418457
1,41.42,13.7698618308641,52.9885292053223
1,41.43,13.7731951307505,53.0028343200684
1,41.44,13.776528430637,53.0266761779785
1,41.45,13.7798617305234,53.0529022216797
1,41.46,13.7831950304098,53.0719757080078
1,41.47,13.7865283302963,53.0910491943359
1,41.48,13.7898616301827,53.1268119812012
1,41.49,13.7931949300691,53.1387329101563
1,41.5,13.7965282299556,53.1816482543945
1,41.51,13.799861529842,53.2031059265137
1,41.52,13.8031948297285,53.2341003417969
1,41.53,13.8065281296149,53.2650947570801
1,41.54,13.8098614295013,53.2841682434082
1,41.55,13.8165280292742,53.3056259155273
1,41.57,13.8198613291606,53.3485412597656
1,41.58,13.8231946290471,53.3676147460938
1,41.59,13.8265279289335,53.3962249755859
1,41.6,13.8331945287064,53.40576171875
1,41.61,13.8365278285928,53.4224510192871
1,41.63,13.8398611284792,53.4510612487793
1,41.64,13.8431944283657,53.4605979919434
1,41.65,13.8465277282521,53.4796714782715
1,41.66,13.8498610281385,53.4939765930176
1,41.67,13.8565276279114,53.5202026367188
1,41.69,13.8631942276843,53.551197052002
1,41.7,13.8665275275707,53.5774230957031
1,41.71,13.8698608274572,53.5964965820313
1,41.73,13.87652742723,53.6346435546875
1,41.74,13.8798607271165,53.6513328552246
1,41.75,13.8831940270029,53.6632537841797
1,41.76,13.8865273268893,53.6870956420898
1,41.77,13.8898606267758,53.708553314209
1,41.78,13.8931939266622,53.7347793579102
1,41.79,13.8965272265486,53.7443161010742
1,41.8,13.8998605264351,53.7586212158203
1,41.81,13.9031938263215,53.7753105163574
1,41.82,13.9065271262079,53.7991523742676
1,41.83,13.9098604260944,53.8182258605957
1,41.84,13.9131937259808,53.8349151611328
1,41.85,13.9165270258673,53.8444519042969
1,41.86,13.9198603257537,53.8468360900879
1,41.87,13.9231936256401,53.865909576416
1,41.88,13.9265269255266,53.8754463195801
1,41.89,13.929860225413,53.9040565490723
1,41.9,13.9331935252994,53.9159774780273
1,41.91,13.9365268251859,53.9326667785645
1,41.92,13.9398601250723,53.9422035217285
1,41.93,13.9431934249587,53.9779663085938
1,41.94,13.9465267248452,53.9946556091309
1,41.95,13.9498600247316,54.0065765380859
1,41.96,13.953193324618,54.0423393249512
1,41.97,13.9565266245045,54.0590286254883
1,41.98,13.9598599243909,54.0852546691895
1,41.99,13.9631932242773,54.1138648986816
1,42,13.9665265241638,54.1353225708008
1,42.01,13.9698598240502,54.168701171875
1,42.02,13.9731931239367,54.1996955871582
1,42.03,13.9765264238231,54.2235374450684
1,42.04,13.9798597237095,54.2593002319336
1,42.05,13.983193023596,54.2974472045898
1,42.06,13.9865263234824,54.328441619873
1,42.07,13.9898596233688,54.3498992919922
1,42.08,13.9931929232553,54.3951988220215
1,42.09,13.9965262231417,54.4238090515137
1,42.1,13.9998595230281,54.4428825378418
1,42.11,14.0031928229146,54.478645324707
1,42.12,14.006526122801,54.5120239257813
1,42.13,14.0098594226874,54.5310974121094
1,42.14,14.0131927225739,54.5597076416016
1,42.15,14.0165260224603,54.5692443847656
1,42.16,14.0198593223467,54.5763969421387
1,42.17,14.0231926222332,54.5978546142578
1,42.18,14.0265259221196,54.6073913574219
1,42.19,14.0298592220061,54.624080657959
1,42.2,14.0331925218925,54.62646484375
1,42.21,14.0365258217789,54.62646484375
1,42.22,14.0398591216654,54.633617401123
1,42.23,14.0431924215518,54.633617401123
1,42.24,14.0465257214382,54.624080657959
1,42.25,14.0498590213247,54.633617401123
1,42.26,14.0531923212111,54.633617401123
1,42.27,14.0565256210975,54.6431541442871
1,42.28,14.059858920984,54.6360015869141
1,42.29,14.0631922208704,54.624080657959
1,42.3,14.0665255207568,54.6383857727051
1,42.31,14.0698588206433,54.628849029541
1,42.32,14.0731921205297,54.633617401123
1,42.33,14.0765254204161,54.62646484375
1,42.34,14.0798587203026,54.633617401123
1,42.35,14.083192020189,54.6383857727051
1,42.36,14.0865253200755,54.6383857727051
1,42.37,14.0898586199619,54.6479225158691
1,42.38,14.0931919198483,54.6455383300781
1,42.39,14.0965252197348,54.6598434448242
1,42.4,14.0998585196212,54.6622276306152
1,42.41,14.1031918195076,54.6646118164063
1,42.42,14.1065251193941,54.6789169311523
1,42.43,14.1098584192805,54.6693801879883
1,42.44,14.1131917191669,54.6669960021973
1,42.45,14.1165250190534,54.6646118164063
1,42.46,14.1198583189398,54.6503067016602
1,42.47,14.1231916188262,54.6503067016602
1,42.48,14.1265249187127,54.6503067016602
1,42.49,14.1298582185991,54.6431541442871
1,42.5,14.1331915184855,54.6407699584961
1,42.51,14.136524818372,54.6383857727051
1,42.52,14.1398581182584,54.6360015869141
1,42.53,14.1431914181449,54.628849029541
1,42.54,14.1465247180313,54.633617401123
1,42.55,14.1498580179177,54.6360015869141
1,42.56,14.1531913178042,54.6383857727051
1,42.57,14.1565246176906,54.6503067016602
1,42.58,14.159857917577,54.6693801879883
1,42.59,14.1631912174635,54.6765327453613
1,42.6,14.1665245173499,54.7027587890625
1,42.61,14.1698578172363,54.7099113464355
1,42.62,14.1731911171228,54.7409057617188
1,42.63,14.1765244170092,54.7528266906738
1,42.64,14.1798577168956,54.7528266906738
1,42.65,14.1831910167821,54.7909736633301
1,42.66,14.1865243166685,54.7981262207031
1,42.67,14.1898576165549,54.8076629638672
1,42.68,14.1931909164414,54.8124313354492
1,42.69,14.1965242163278,54.8171997070313
1,42.7,14.1998575162143,54.8195838928223
1,42.71,14.2031908161007,54.8195838928223
1,42.72,14.2065241159871,54.8148155212402
1,42.73,14.2098574158736,54.8005104064941
1,42.74,14.21319071576,54.8076629638672
1,42.75,14.2165240156464,54.786205291748
1,42.76,14.2198573155329,54.7933578491211
1,42.77,14.2231906154193,54.779052734375
1,42.78,14.2265239153057,54.771900177002
1,42.79,14.2298572151922,54.779052734375
1,42.8,14.2331905150786,54.781436920166
1,42.81,14.236523814965,54.7957420349121
1,42.82,14.2398571148515,54.7957420349121
1,42.83,14.2431904147379,54.8124313354492
1,42.84,14.2465237146243,54.8243522644043
1,42.85,14.2498570145108,54.8434257507324
1,42.86,14.2531903143972,54.8553466796875
1,42.87,14.2565236142837,54.8696517944336
1,42.88,14.2598569141701,54.8863410949707
1,42.89,14.2631902140565,54.8934936523438
1,42.9,14.266523513943,54.934024810791
1,42.91,14.2698568138294,54.9459457397461
1,42.92,14.2731901137158,54.9626350402832
1,42.93,14.2765234136023,54.9793243408203
1,42.94,14.2798567134887,54.9983978271484
1,42.95,14.2831900133751,55.0150871276855
1,42.96,14.2865233132616,55.0293922424316
1,42.97,14.289856613148,55.0580024719238
1,42.98,14.2931899130344,55.0675392150879
1,42.99,14.2965232129209,55.091381072998
1,43,14.2998565128073,55.1104545593262
1,43.01,14.3031898126937,55.1128387451172
1,43.02,14.3065231125802,55.1390647888184
1,43.03,14.3098564124666,55.1557540893555
1,43.04,14.3131897123531,55.1533699035645
1,43.05,14.3165230122395,55.1652908325195
1,43.06,14.3198563121259,55.1676750183105
1,43.07,14.3231896120124,55.1939010620117
1,43.08,14.3265229118988,55.2058219909668
1,43.09,14.3298562117852,55.2105903625488
1,43.1,14.3331895116717,55.232048034668
1,43.11,14.3365228115581,55.239200592041
1,43.12,14.3398561114445,55.2487373352051
1,43.13,14.343189411331,55.2868843078613
1,43.14,14.3465227112174,55.2940368652344
1,43.15,14.3498560111038,55.3107261657715
1,43.16,14.3531893109903,55.3226470947266
1,43.17,14.3565226108767,55.3464889526367
1,43.18,14.3598559107631,55.3536415100098
1,43.19,14.3631892106496,55.3584098815918
1,43.2,14.366522510536,55.3798675537109
1,43.21,14.3698558104225,55.391788482666
1,43.22,14.3731891103089,55.4037094116211
1,43.23,14.3765224101953,55.4299354553223
1,43.24,14.3798557100818,55.4442405700684
1,43.25,14.3831890099682,55.4656982421875
1,43.26,14.3865223098546,55.4728507995605
1,43.27,14.3898556097411,55.4966926574707
1,43.28,14.3931889096275,55.5276870727539
1,43.29,14.3965222095139,55.537223815918
1,43.3,14.3998555094004,55.549144744873
1,43.31,14.4031888092868,55.5682182312012
1,43.32,14.4065221091732,55.5825233459473
1,43.33,14.4098554090597,55.6015968322754
1,43.34,14.4131887089461,55.6135177612305
1,43.35,14.4165220088325,55.6373596191406
1,43.36,14.419855308719,55.6445121765137
1,43.37,14.4231886086054,55.6635856628418
1,43.38,14.4265219084918,55.692195892334
1,43.39,14.4298552083783,55.7136535644531
1,43.4,14.4331885082647,55.7279586791992
1,43.41,14.4365218081512,55.7470321655273
1,43.42,14.4398551080376,55.7589530944824
1,43.43,14.443188407924,55.7923316955566
1,43.44,14.4465217078105,55.8042526245117
1,43.45,14.4498550076969,55.8209419250488
1,43.46,14.4531883075833,55.849552154541
1,43.47,14.4565216074698,55.854320526123
1,43.48,14.4598549073562,55.8662414550781
1,43.49,14.4631882072426,55.8948516845703
1,43.5,14.4665215071291,55.9020042419434
1,43.51,14.4698548070155,55.9282302856445
1,43.52,14.4731881069019,55.9306144714355
1,43.53,14.4765214067884,55.9616088867188
1,43.54,14.4798547066748,55.9568405151367
1,43.55,14.4831880065613,55.9782981872559
1,43.56,14.4865213064477,55.992603302002
1,43.57,14.4898546063341,56.004524230957
1,43.58,14.4931879062206,56.0092926025391
1,43.59,14.496521206107,56.0331344604492
1,43.6,14.4998545059934,56.0402870178223
1,43.61,14.5031878058799,56.0545921325684
1,43.62,14.5065211057663,56.0688972473145
1,43.63,14.5098544056527,56.0808181762695
1,43.64,14.5131877055392,56.0951232910156
1,43.65,14.5165210054256,56.1165809631348
1,43.66,14.519854305312,56.1285018920898
1,43.67,14.5231876051985,56.157112121582
1,43.68,14.5265209050849,56.1666488647461
1,43.69,14.5298542049713,56.2000274658203
1,43.7,14.5331875048578,56.2167167663574
1,43.71,14.5365208047442,56.2429428100586
1,43.72,14.5398541046306,56.2500953674316
1,43.73,14.5431874045171,56.2691688537598
1,43.74,14.5465207044035,56.2906265258789
1,43.75,14.54985400429,56.312084197998
1,43.76,14.5531873041764,56.3144683837891
1,43.77,14.5565206040628,56.3430786132813
1,43.78,14.5598539039493,56.3406944274902
1,43.79,14.5631872038357,56.3693046569824
1,43.8,14.5665205037221,56.3883781433105
1,43.81,14.5698538036086,56.4098358154297
1,43.82,14.573187103495,56.4169883728027
1,43.83,14.5765204033814,56.4479827880859
1,43.84,14.5798537032679,56.452751159668
1,43.85,14.5831870031543,56.5004348754883
1,43.86,14.5865203030407,56.5099716186523
1,43.87,14.5898536029272,56.5195083618164
1,43.88,14.5931869028136,56.5576553344727
1,43.89,14.5965202027,56.5719604492188
1,43.9,14.5998535025865,56.5981864929199
1,43.91,14.6031868024729,56.610107421875
1,43.92,14.6065201023594,56.614875793457
1,43.93,14.6098534022458,56.6339492797852
1,43.94,14.6131867021322,56.6411018371582
1,43.95,14.6165200020187,56.6577911376953
1,43.96,14.6198533019051,56.6601753234863
1,43.97,14.6231866017915,56.6720962524414
1,43.98,14.626519901678,56.6768646240234
1,43.99,14.6298532015644,56.6935539245605
1,44,14.6331865014508,56.7078590393066
1,44.01,14.6365198013373,56.7197799682617
1,44.02,14.6398531012237,56.7293167114258
1,44.03,14.6431864011101,56.7412376403809
1,44.04,14.6465197009966,56.7436218261719
1,44.05,14.649853000883,56.7722320556641
1,44.06,14.6531863007695,56.7746162414551
1,44.07,14.6565196006559,56.7746162414551
1,44.08,14.6598529005423,56.7889213562012
1,44.09,14.6631862004288,56.7913055419922
1,44.1,14.6665195003152,56.7936897277832
1,44.11,14.6698528002016,56.8008422851563
1,44.12,14.6731861000881,56.8056106567383
1,44.13,14.6765193999745,56.8032264709473
1,44.14,14.6798526998609,56.8127632141113
1,44.15,14.6831859997474,56.8175315856934
1,44.16,14.6865192996338,56.8151473999023
1,44.17,14.6898525995202,56.8175315856934
1,44.18,14.6931858994067,56.8270683288574
1,44.19,14.6965191992931,56.8246841430664
1,44.2,14.6998524991795,56.8246841430664
1,44.21,14.703185799066,56.8151473999023
1,44.22,14.7065190989524,56.8032264709473
1,44.23,14.7098523988388,56.7913055419922
1,44.24,14.7131856987253,56.760311126709
1,44.25,14.7165189986117,56.7388534545898
1,44.26,14.7198522984982,56.6816329956055
1,44.27,14.7231855983846,56.605339050293
1,44.28,14.726518898271,56.5266609191895
1,44.29,14.7298521981575,56.4265251159668
1,44.3,14.7331854980439,56.300163269043
1,44.31,14.7365187979303,56.1952590942383
1,44.32,14.7398520978168,56.0688972473145
1,44.33,14.7431853977032,55.9377670288086
1,44.34,14.7465186975896,55.8066368103027
1,44.35,14.7498519974761,55.6731224060059
1,44.36,14.7531852973625,55.5658340454102
1,44.37,14.7565185972489,55.4680824279785
1,44.38,14.7598518971354,55.3655624389648
1,44.39,14.7631851970218,55.2797317504883
1,44.4,14.7665184969082,55.2034378051758
1,44.41,14.7698517967947,55.1366806030273
1,44.42,14.7731850966811,55.0746917724609
1,44.43,14.7765183965676,55.0222396850586
1,44.44,14.779851696454,54.9769401550293
1,44.45,14.7831849963404,54.9530982971191
1,44.46,14.7865182962269,54.924488067627
1,44.47,14.7898515961133,54.8911094665527
1,44.48,14.7931848959997,54.8839569091797
1,44.49,14.7965181958862,54.8696517944336
1,44.5,14.7998514957726,54.8577308654785
1,44.51,14.803184795659,54.8577308654785
1,44.52,14.8065180955455,54.8505783081055
1,44.53,14.8098513954319,54.8481941223145
1,44.54,14.8131846953183,54.8601150512695
1,44.55,14.8165179952048,54.8505783081055
1,44.56,14.8198512950912,54.8696517944336
1,44.57,14.8231845949776,54.8577308654785
1,44.58,14.8265178948641,54.8601150512695
1,44.59,14.8298511947505,54.8696517944336
1,44.6,14.833184494637,54.8624992370605
1,44.61,14.8365177945234,54.8672676086426
1,44.62,14.8398510944098,54.8624992370605
1,44.63,14.8431843942963,54.8672676086426
1,44.64,14.8465176941827,54.8672676086426
1,44.65,14.8498509940691,54.8553466796875
1,44.66,14.8531842939556,54.8624992370605
1,44.67,14.856517593842,54.8648834228516
1,44.68,14.8598508937284,54.8696517944336
1,44.69,14.8631841936149,54.8696517944336
1,44.7,14.8665174935013,54.8720359802246
1,44.71,14.8698507933877,54.8791885375977
1,44.72,14.8731840932742,54.8768043518066
1,44.73,14.8765173931606,54.8744201660156
1,44.74,14.879850693047,54.8648834228516
1,44.75,14.8831839929335,54.8863410949707
1,44.76,14.8865172928199,54.8768043518066
1,44.77,14.8898505927064,54.8720359802246
1,44.78,14.8931838925928,54.8720359802246
1,44.79,14.8965171924792,54.8624992370605
1,44.8,14.8998504923657,54.8744201660156
1,44.81,14.9031837922521,54.8696517944336
1,44.82,14.9065170921385,54.8624992370605
1,44.83,14.909850392025,54.8577308654785
1,44.84,14.9165169917978,54.8505783081055
1,44.86,14.9198502916843,54.8362731933594
1,44.87,14.9231835915707,54.8410415649414
1,44.88,14.9265168914571,54.8243522644043
1,44.89,14.93318349123,54.8124313354492
1,44.9,14.9365167911164,54.8100471496582
1,44.92,14.9398500910029,54.774284362793
1,44.93,14.9465166907758,54.7623634338379
1,44.94,14.9498499906622,54.7623634338379
1,44.95,14.9531832905486,54.7313690185547
1,44.96,14.9565165904351,54.7266006469727
1,44.97,14.9598498903215,54.7003746032715
1,44.98,14.9631831902079,54.6932220458984
1,44.99,14.9665164900944,54.6693801879883
1,45,14.9698497899808,54.633617401123
1,45.01,14.9731830898672,54.628849029541
1,45.02,14.9765163897537,54.6050071716309
1,45.03,14.9798496896401,54.5907020568848
1,45.04,14.9831829895265,54.5644760131836
1,45.05,14.986516289413,54.5430183410645
1,45.06,14.9898495892994,54.5406341552734
1,45.07,14.9931828891858,54.5239448547363
1,45.08,14.9965161890723,54.5191764831543
1,45.09,14.9998494889587,54.4953346252441
1,45.1,15.0031827888452,54.4834136962891
1,45.11,15.0065160887316,54.478645324707
1,45.12,15.009849388618,54.4619560241699
1,45.13,15.0131826885045,54.4548034667969
1,45.14,15.0165159883909,54.4404983520508
1,45.15,15.0198492882773,54.4452667236328
1,45.16,15.0231825881638,54.4333457946777
1,45.17,15.0265158880502,54.4190406799316
1,45.18,15.0298491879366,54.4166564941406
1,45.19,15.0331824878231,54.4095039367676
1,45.2,15.0365157877095,54.3975830078125
1,45.21,15.0398490875959,54.3975830078125
1,45.22,15.0431823874824,54.3904304504395
1,45.23,15.0465156873688,54.3832778930664
1,45.24,15.0498489872552,54.3951988220215
1,45.25,15.0531822871417,54.3856620788574
1,45.26,15.0565155870281,54.3856620788574
1,45.27,15.0598488869146,54.3761253356934
1,45.28,15.063182186801,54.3737411499023
1,45.29,15.0665154866874,54.3785095214844
1,45.3,15.0698487865739,54.3808937072754
1,45.31,15.0731820864603,54.3570518493652
1,45.32,15.0765153863467,54.3785095214844
1,45.33,15.0798486862332,54.3737411499023
1,45.34,15.0831819861196,54.3594360351563
1,45.35,15.086515286006,54.3713569641113
1,45.36,15.0898485858925,54.3785095214844
1,45.37,15.0931818857789,54.3785095214844
1,45.38,15.0965151856653,54.3665885925293
1,45.39,15.0998484855518,54.3856620788574
1,45.4,15.1031817854382,54.3856620788574
1,45.41,15.1065150853246,54.3904304504395
1,45.42,15.1098483852111,54.4047355651855
1,45.43,15.1131816850975,54.3999671936035
1,45.44,15.116514984984,54.4023513793945
1,45.45,15.1198482848704,54.4166564941406
1,45.46,15.1231815847568,54.4190406799316
1,45.47,15.1265148846433,54.4309616088867
1,45.48,15.1298481845297,54.4357299804688
1,45.49,15.1331814844161,54.4333457946777
1,45.5,15.1365147843026,54.4500350952148
1,45.51,15.139848084189,54.4476509094238
1,45.52,15.1431813840754,54.4381141662598
1,45.53,15.1465146839619,54.4428825378418
1,45.54,15.1498479838483,54.4428825378418
1,45.55,15.1531812837347,54.4500350952148
1,45.56,15.1565145836212,54.4428825378418
1,45.57,15.1598478835076,54.4476509094238
1,45.58,15.163181183394,54.4524192810059
1,45.59,15.1665144832805,54.4571876525879
1,45.6,15.1698477831669,54.4476509094238
1,45.61,15.1731810830534,54.4571876525879
1,45.62,15.1765143829398,54.4524192810059
1,45.63,15.1798476828262,54.4357299804688
1,45.64,15.1831809827127,54.4404983520508
1,45.65,15.1865142825991,54.4381141662598
1,45.66,15.1898475824855,54.4357299804688
1,45.67,15.193180882372,54.4357299804688
1,45.68,15.1965141822584,54.4285774230957
1,45.69,15.1998474821448,54.4309616088867
1,45.7,15.2031807820313,54.4190406799316
1,45.71,15.2065140819177,54.4142723083496
1,45.72,15.2098473818041,54.4071197509766
1,45.73,15.2131806816906,54.3880462646484
1,45.74,15.216513981577,54.3785095214844
1,45.75,15.2198472814634,54.3737411499023
1,45.76,15.2231805813499,54.3475151062012
1,45.77,15.2265138812363,54.328441619873
1,45.78,15.2298471811228,54.316520690918
1,45.79,15.2331804810092,54.2950630187988
1,45.8,15.2365137808956,54.2712211608887
1,45.81,15.2398470807821,54.2473793029785
1,45.82,15.2431803806685,54.2259216308594
1,45.83,15.2465136805549,54.1949272155762
1,45.84,15.2498469804414,54.163932800293
1,45.85,15.2531802803278,54.1305541992188
1,45.86,15.2565135802142,54.1043281555176
1,45.87,15.2598468801007,54.0733337402344
1,45.88,15.2631801799871,54.0399551391602
1,45.89,15.2665134798735,53.9970397949219
1,45.9,15.26984677976,53.9565086364746
1,45.91,15.2731800796464,53.9326667785645
1,45.92,15.2765133795328,53.9016723632813
1,45.93,15.2798466794193,53.868293762207
1,45.94,15.2831799793057,53.8325309753418
1,45.95,15.2865132791921,53.7991523742676
