ééå±âÒêî,éûä‘[sec],à⁄ìÆó [mm],â◊èd[N]
1,0.01,0,-5.96046447753906E-03
1,0.23,3.33329988643527E-03,5.36441802978516E-03
1,0.24,6.66659977287054E-03,7.15255737304688E-03
1,0.26,9.99989965930581E-03,2.38418579101563E-03
1,0.27,1.66664994321764E-02,-3.57627868652344E-03
1,0.28,1.99997993186116E-02,-7.15255737304688E-03
1,0.29,2.33330992050469E-02,-1.01327896118164E-02
1,0.31,2.66663990914822E-02,-1.49011611938477E-02
1,0.32,2.99996989779174E-02,-1.37090682983398E-02
1,0.33,3.33329988643527E-02,-1.43051147460938E-02
1,0.34,3.99995986372232E-02,-0.012516975402832
1,0.35,4.33328985236585E-02,-1.54972076416016E-02
1,0.37,4.66661984100938E-02,-1.78813934326172E-02
1,0.38,4.99994982965291E-02,-0.012516975402832
1,0.39,5.33327981829643E-02,-1.43051147460938E-02
1,0.4,5.99993979558349E-02,-1.72853469848633E-02
1,0.41,6.33326978422702E-02,-1.37090682983398E-02
1,0.43,6.66659977287054E-02,-1.60932540893555E-02
1,0.44,7.33325975015759E-02,-1.72853469848633E-02
1,0.45,7.66658973880112E-02,-1.49011611938477E-02
1,0.46,7.99991972744465E-02,-1.19209289550781E-02
1,0.47,8.33324971608818E-02,-1.13248825073242E-02
1,0.48,0.086665797047317,-9.5367431640625E-03
1,0.49,8.99990969337523E-02,-8.94069671630859E-03
1,0.5,9.33323968201876E-02,-6.55651092529297E-03
1,0.51,9.66656967066228E-02,-5.36441802978516E-03
1,0.52,9.99989965930581E-02,0
1,0.53,0.103332296479493,3.57627868652344E-03
1,0.54,0.106665596365929,4.17232513427734E-03
1,0.55,0.109998896252364,5.36441802978516E-03
1,0.56,0.113332196138799,5.96046447753906E-03
1,0.57,0.116665496025234,1.19209289550781E-03
1,0.58,0.11999879591167,2.98023223876953E-03
1,0.59,0.123332095798105,-2.98023223876953E-03
1,0.6,0.12666539568454,-5.36441802978516E-03
1,0.61,0.129998695570976,-1.19209289550781E-03
1,0.62,0.133331995457411,-2.38418579101563E-03
1,0.63,0.136665295343846,-1.19209289550781E-03
1,0.64,0.139998595230281,-2.38418579101563E-03
1,0.65,0.143331895116717,-1.19209289550781E-03
1,0.66,0.146665195003152,0
1,0.67,0.149998494889587,0
1,0.68,0.153331794776022,-1.78813934326172E-03
1,0.69,0.156665094662458,-1.19209289550781E-03
1,0.7,0.159998394548893,3.57627868652344E-03
1,0.71,0.163331694435328,3.57627868652344E-03
1,0.72,0.166664994321764,-5.96046447753906E-04
1,0.73,0.169998294208199,-5.36441802978516E-03
1,0.74,0.173331594094634,-4.76837158203125E-03
1,0.75,0.176664893981069,-8.94069671630859E-03
1,0.76,0.179998193867505,-5.36441802978516E-03
1,0.77,0.18333149375394,-7.15255737304688E-03
1,0.78,0.186664793640375,-1.01327896118164E-02
1,0.79,0.18999809352681,-1.01327896118164E-02
1,0.8,0.193331393413246,-1.07288360595703E-02
1,0.81,0.196664693299681,-1.31130218505859E-02
1,0.82,0.199997993186116,-6.55651092529297E-03
1,0.83,0.203331293072552,-6.55651092529297E-03
1,0.84,0.206664592958987,-6.55651092529297E-03
1,0.85,0.209997892845422,-5.36441802978516E-03
1,0.86,0.213331192731857,-5.36441802978516E-03
1,0.87,0.216664492618293,-4.76837158203125E-03
1,0.88,0.219997792504728,-5.36441802978516E-03
1,0.89,0.223331092391163,-7.74860382080078E-03
1,0.9,0.226664392277598,-1.19209289550781E-02
1,0.91,0.229997692164034,-0.012516975402832
1,0.92,0.233330992050469,-1.37090682983398E-02
1,0.93,0.236664291936904,-1.37090682983398E-02
1,0.94,0.239997591823339,-1.01327896118164E-02
1,0.95,0.243330891709775,-0.012516975402832
1,0.96,0.24666419159621,-1.43051147460938E-02
1,0.97,0.249997491482645,-1.60932540893555E-02
1,0.98,0.253330791369081,-2.08616256713867E-02
1,0.99,0.256664091255516,-1.43051147460938E-02
1,1,0.259997391141951,-1.37090682983398E-02
1,1.01,0.263330691028386,-1.72853469848633E-02
1,1.02,0.266663990914822,-1.60932540893555E-02
1,1.03,0.269997290801257,-1.84774398803711E-02
1,1.04,0.273330590687692,-1.72853469848633E-02
1,1.05,0.276663890574127,-1.96695327758789E-02
1,1.06,0.279997190460563,-1.84774398803711E-02
1,1.07,0.283330490346998,-2.32458114624023E-02
1,1.08,0.286663790233433,-2.20537185668945E-02
1,1.09,0.289997090119869,-2.50339508056641E-02
1,1.1,0.293330390006304,-2.80141830444336E-02
1,1.11,0.296663689892739,-0.025629997253418
1,1.12,0.299996989779174,-2.80141830444336E-02
1,1.13,0.30333028966561,-3.27825546264648E-02
1,1.14,0.306663589552045,-0.031590461730957
1,1.15,0.30999688943848,-3.69548797607422E-02
1,1.16,0.313330189324915,-3.63588333129883E-02
1,1.17,0.316663489211351,-3.21865081787109E-02
1,1.18,0.319996789097786,-3.09944152832031E-02
1,1.19,0.323330088984221,-3.27825546264648E-02
1,1.2,0.326663388870657,-3.45706939697266E-02
1,1.21,0.329996688757092,-3.45706939697266E-02
1,1.22,0.333329988643527,-3.21865081787109E-02
1,1.23,0.336663288529962,-3.09944152832031E-02
1,1.24,0.339996588416398,-2.74181365966797E-02
1,1.25,0.343329888302833,-0.025629997253418
1,1.26,0.346663188189268,-2.62260437011719E-02
1,1.27,0.349996488075703,-2.32458114624023E-02
1,1.28,0.353329787962139,-0.019073486328125
1,1.29,0.356663087848574,-1.72853469848633E-02
1,1.3,0.359996387735009,-1.43051147460938E-02
1,1.31,0.363329687621445,-1.66893005371094E-02
1,1.32,0.36666298750788,-1.19209289550781E-02
1,1.33,0.369996287394315,-1.49011611938477E-02
1,1.34,0.37332958728075,-1.01327896118164E-02
1,1.35,0.376662887167186,-1.37090682983398E-02
1,1.36,0.379996187053621,-1.37090682983398E-02
1,1.37,0.383329486940056,-1.43051147460938E-02
1,1.38,0.386662786826491,-2.02655792236328E-02
1,1.39,0.389996086712927,-1.96695327758789E-02
1,1.4,0.393329386599362,-1.78813934326172E-02
1,1.41,0.396662686485797,-1.49011611938477E-02
1,1.42,0.399995986372232,-1.72853469848633E-02
1,1.43,0.403329286258668,-2.02655792236328E-02
1,1.44,0.406662586145103,-1.84774398803711E-02
1,1.45,0.409995886031538,-1.96695327758789E-02
1,1.46,0.413329185917974,-1.78813934326172E-02
1,1.47,0.416662485804409,-1.96695327758789E-02
1,1.48,0.419995785690844,-0.019073486328125
1,1.49,0.423329085577279,-2.14576721191406E-02
1,1.5,0.426662385463715,-0.019073486328125
1,1.51,0.42999568535015,-1.66893005371094E-02
1,1.52,0.433328985236585,-1.49011611938477E-02
1,1.53,0.43666228512302,-1.31130218505859E-02
1,1.54,0.439995585009456,-1.31130218505859E-02
1,1.55,0.443328884895891,-1.19209289550781E-02
1,1.56,0.446662184782326,-7.15255737304688E-03
1,1.57,0.449995484668762,-7.15255737304688E-03
1,1.58,0.453328784555197,-2.38418579101563E-03
1,1.59,0.456662084441632,-4.76837158203125E-03
1,1.6,0.459995384328067,-4.17232513427734E-03
1,1.61,0.463328684214503,-4.17232513427734E-03
1,1.62,0.466661984100938,-4.17232513427734E-03
1,1.63,0.469995283987373,-4.76837158203125E-03
1,1.64,0.473328583873808,-0.012516975402832
1,1.65,0.476661883760244,-1.31130218505859E-02
1,1.66,0.479995183646679,-1.72853469848633E-02
1,1.67,0.483328483533114,-2.20537185668945E-02
1,1.68,0.48666178341955,-0.025629997253418
1,1.69,0.489995083305985,-2.98023223876953E-02
1,1.7,0.49332838319242,-3.03983688354492E-02
1,1.71,0.496661683078855,-0.031590461730957
1,1.72,0.499994982965291,-3.45706939697266E-02
1,1.73,0.503328282851726,-3.39746475219727E-02
1,1.74,0.506661582738161,-2.98023223876953E-02
1,1.75,0.509994882624596,-3.09944152832031E-02
1,1.76,0.513328182511032,-2.62260437011719E-02
1,1.77,0.516661482397467,-2.68220901489258E-02
1,1.78,0.519994782283902,-2.32458114624023E-02
1,1.79,0.523328082170337,-2.20537185668945E-02
1,1.8,0.526661382056773,-2.26497650146484E-02
1,1.81,0.529994681943208,-1.72853469848633E-02
1,1.82,0.533327981829643,-1.49011611938477E-02
1,1.83,0.536661281716079,-1.72853469848633E-02
1,1.84,0.539994581602514,-1.31130218505859E-02
1,1.85,0.543327881488949,-1.49011611938477E-02
1,1.86,0.546661181375384,-1.31130218505859E-02
1,1.87,0.54999448126182,-1.31130218505859E-02
1,1.88,0.553327781148255,-1.31130218505859E-02
1,1.89,0.55666108103469,-1.43051147460938E-02
1,1.9,0.559994380921125,-1.01327896118164E-02
1,1.91,0.563327680807561,-1.01327896118164E-02
1,1.92,0.566660980693996,-1.37090682983398E-02
1,1.93,0.569994280580431,-1.31130218505859E-02
1,1.94,0.573327580466866,-1.54972076416016E-02
1,1.95,0.576660880353302,-1.78813934326172E-02
1,1.96,0.579994180239737,-1.78813934326172E-02
1,1.97,0.583327480126172,-1.60932540893555E-02
1,1.98,0.586660780012608,-2.20537185668945E-02
1,1.99,0.589994079899043,-2.26497650146484E-02
1,2,0.593327379785478,-2.38418579101563E-02
1,2.01,0.596660679671913,-2.32458114624023E-02
1,2.02,0.599993979558349,-2.32458114624023E-02
1,2.03,0.603327279444784,-2.38418579101563E-02
1,2.04,0.606660579331219,-2.44379043579102E-02
1,2.05,0.609993879217654,-2.68220901489258E-02
1,2.06,0.61332717910409,-2.80141830444336E-02
1,2.07,0.616660478990525,-2.86102294921875E-02
1,2.08,0.61999377887696,-2.98023223876953E-02
1,2.09,0.623327078763396,-2.86102294921875E-02
1,2.1,0.626660378649831,-3.03983688354492E-02
1,2.11,0.629993678536266,-3.03983688354492E-02
1,2.12,0.633326978422701,-2.68220901489258E-02
1,2.13,0.636660278309137,-2.50339508056641E-02
1,2.14,0.639993578195572,-1.96695327758789E-02
1,2.15,0.643326878082007,-2.44379043579102E-02
1,2.16,0.646660177968442,-2.26497650146484E-02
1,2.17,0.649993477854878,-0.019073486328125
1,2.18,0.653326777741313,-0.019073486328125
1,2.19,0.656660077627748,-2.02655792236328E-02
1,2.2,0.659993377514184,-2.44379043579102E-02
1,2.21,0.663326677400619,-2.14576721191406E-02
1,2.22,0.666659977287054,-2.32458114624023E-02
1,2.23,0.669993277173489,-2.32458114624023E-02
1,2.24,0.673326577059925,-2.38418579101563E-02
1,2.25,0.67665987694636,-0.025629997253418
1,2.26,0.679993176832795,-2.68220901489258E-02
1,2.27,0.68332647671923,-2.62260437011719E-02
1,2.28,0.686659776605666,-2.68220901489258E-02
1,2.29,0.689993076492101,-2.98023223876953E-02
1,2.3,0.693326376378536,-2.74181365966797E-02
1,2.31,0.696659676264971,-2.80141830444336E-02
1,2.32,0.699992976151407,-2.68220901489258E-02
1,2.33,0.703326276037842,-2.92062759399414E-02
1,2.34,0.706659575924277,-2.98023223876953E-02
1,2.35,0.709992875810713,-2.80141830444336E-02
1,2.36,0.713326175697148,-2.68220901489258E-02
1,2.37,0.716659475583583,-2.50339508056641E-02
1,2.38,0.719992775470018,-2.38418579101563E-02
1,2.39,0.723326075356454,-2.50339508056641E-02
1,2.4,0.726659375242889,-2.32458114624023E-02
1,2.41,0.729992675129324,-2.32458114624023E-02
1,2.42,0.733325975015759,-2.38418579101563E-02
1,2.43,0.736659274902195,-2.32458114624023E-02
1,2.44,0.73999257478863,-2.14576721191406E-02
1,2.45,0.743325874675065,-1.84774398803711E-02
1,2.46,0.746659174561501,-1.37090682983398E-02
1,2.47,0.749992474447936,-1.54972076416016E-02
1,2.48,0.753325774334371,-1.43051147460938E-02
1,2.49,0.756659074220806,-1.72853469848633E-02
1,2.5,0.759992374107242,-0.012516975402832
1,2.51,0.763325673993677,-1.60932540893555E-02
1,2.52,0.766658973880112,-1.37090682983398E-02
1,2.53,0.769992273766547,-2.14576721191406E-02
1,2.54,0.773325573652983,-1.72853469848633E-02
1,2.55,0.776658873539418,-0.019073486328125
1,2.56,0.779992173425853,-2.32458114624023E-02
1,2.57,0.783325473312289,-2.20537185668945E-02
1,2.58,0.786658773198724,-2.74181365966797E-02
1,2.59,0.789992073085159,-2.68220901489258E-02
1,2.6,0.793325372971594,-2.86102294921875E-02
1,2.61,0.79665867285803,-3.09944152832031E-02
1,2.62,0.799991972744465,-2.98023223876953E-02
1,2.63,0.8033252726309,-2.80141830444336E-02
1,2.64,0.806658572517335,-2.68220901489258E-02
1,2.65,0.809991872403771,-2.68220901489258E-02
1,2.66,0.813325172290206,-2.80141830444336E-02
1,2.67,0.816658472176641,-2.02655792236328E-02
1,2.68,0.819991772063077,-1.66893005371094E-02
1,2.69,0.823325071949512,-0.019073486328125
1,2.7,0.826658371835947,-1.49011611938477E-02
1,2.71,0.829991671722382,-1.54972076416016E-02
1,2.72,0.833324971608818,-1.37090682983398E-02
1,2.73,0.836658271495253,-1.01327896118164E-02
1,2.74,0.839991571381688,-8.94069671630859E-03
1,2.75,0.843324871268123,-8.94069671630859E-03
1,2.76,0.846658171154559,-6.55651092529297E-03
1,2.77,0.849991471040994,-1.78813934326172E-03
1,2.78,0.853324770927429,-3.57627868652344E-03
1,2.79,0.856658070813864,-5.96046447753906E-04
1,2.8,0.8599913707003,-5.96046447753906E-04
1,2.81,0.863324670586735,-2.98023223876953E-03
1,2.82,0.86665797047317,-5.36441802978516E-03
1,2.83,0.869991270359606,-5.96046447753906E-03
1,2.84,0.873324570246041,-4.17232513427734E-03
1,2.85,0.876657870132476,-7.15255737304688E-03
1,2.86,0.879991170018911,-7.15255737304688E-03
1,2.87,0.883324469905347,-8.34465026855469E-03
1,2.88,0.886657769791782,-9.5367431640625E-03
1,2.89,0.889991069678217,-0.012516975402832
1,2.9,0.893324369564652,-1.49011611938477E-02
1,2.91,0.896657669451088,-1.49011611938477E-02
1,2.92,0.899990969337523,-1.72853469848633E-02
1,2.93,0.903324269223958,-2.50339508056641E-02
1,2.94,0.906657569110394,-2.32458114624023E-02
1,2.95,0.909990868996829,-0.025629997253418
1,2.96,0.913324168883264,-2.02655792236328E-02
1,2.97,0.916657468769699,-2.38418579101563E-02
1,2.98,0.919990768656135,-2.44379043579102E-02
1,2.99,0.92332406854257,-2.38418579101563E-02
1,3,0.926657368429005,-2.32458114624023E-02
1,3.01,0.92999066831544,-1.96695327758789E-02
1,3.02,0.933323968201876,-1.54972076416016E-02
1,3.03,0.936657268088311,-1.31130218505859E-02
1,3.04,0.939990567974746,-8.94069671630859E-03
1,3.05,0.943323867861182,-1.07288360595703E-02
1,3.06,0.946657167747617,-8.94069671630859E-03
1,3.07,0.949990467634052,-1.19209289550781E-03
1,3.08,0.953323767520487,-4.76837158203125E-03
1,3.09,0.956657067406923,-5.96046447753906E-04
1,3.1,0.959990367293358,-5.96046447753906E-04
1,3.11,0.963323667179793,-4.76837158203125E-03
1,3.12,0.966656967066228,-4.17232513427734E-03
1,3.13,0.969990266952664,-4.76837158203125E-03
1,3.14,0.973323566839099,-7.74860382080078E-03
1,3.15,0.976656866725534,-5.96046447753906E-03
1,3.16,0.979990166611969,-6.55651092529297E-03
1,3.17,0.983323466498405,-8.34465026855469E-03
1,3.18,0.98665676638484,-8.94069671630859E-03
1,3.19,0.989990066271275,-8.34465026855469E-03
1,3.2,0.993323366157711,-7.74860382080078E-03
1,3.21,0.996656666044146,-0.012516975402832
1,3.22,0.999989965930581,-1.07288360595703E-02
1,3.23,1.00332326581702,-0.012516975402832
1,3.24,1.00665656570345,-1.37090682983398E-02
1,3.25,1.00998986558989,-1.43051147460938E-02
1,3.26,1.01332316547632,-1.49011611938477E-02
1,3.27,1.01665646536276,-1.54972076416016E-02
1,3.28,1.01998976524919,-1.13248825073242E-02
1,3.29,1.02332306513563,-1.01327896118164E-02
1,3.3,1.02665636502206,-8.94069671630859E-03
1,3.31,1.0299896649085,-1.07288360595703E-02
1,3.32,1.03332296479493,-1.19209289550781E-02
1,3.33,1.03665626468137,-1.07288360595703E-02
1,3.34,1.0399895645678,-1.13248825073242E-02
1,3.35,1.04332286445424,-1.19209289550781E-02
1,3.36,1.04665616434067,-1.54972076416016E-02
1,3.37,1.04998946422711,-1.37090682983398E-02
1,3.38,1.05332276411355,-1.43051147460938E-02
1,3.39,1.05665606399998,-1.60932540893555E-02
1,3.4,1.05998936388642,-1.37090682983398E-02
1,3.41,1.06332266377285,-1.13248825073242E-02
1,3.42,1.06665596365929,-9.5367431640625E-03
1,3.43,1.06998926354572,-1.13248825073242E-02
1,3.44,1.07332256343216,-1.13248825073242E-02
1,3.45,1.07665586331859,-1.31130218505859E-02
1,3.46,1.07998916320503,-8.94069671630859E-03
1,3.47,1.08332246309146,-1.43051147460938E-02
1,3.48,1.0866557629779,-0.012516975402832
1,3.49,1.09332236275077,-1.37090682983398E-02
1,3.51,1.0966556626372,-1.43051147460938E-02
1,3.52,1.09998896252364,-1.60932540893555E-02
1,3.53,1.10332226241007,-1.84774398803711E-02
1,3.54,1.10665556229651,-2.14576721191406E-02
1,3.55,1.11332216206938,-1.78813934326172E-02
1,3.56,1.11665546195582,-1.84774398803711E-02
1,3.57,1.11998876184225,-1.78813934326172E-02
1,3.58,1.12332206172869,-1.72853469848633E-02
1,3.59,1.12665536161512,-1.72853469848633E-02
1,3.6,1.12998866150156,-1.19209289550781E-02
1,3.62,1.13665526127443,-7.15255737304688E-03
1,3.63,1.13998856116086,-8.94069671630859E-03
1,3.64,1.1433218610473,-8.34465026855469E-03
1,3.65,1.14665516093373,-7.74860382080078E-03
1,3.66,1.14998846082017,-7.15255737304688E-03
1,3.67,1.1533217607066,-7.74860382080078E-03
1,3.68,1.15665506059304,-8.34465026855469E-03
1,3.69,1.15998836047947,-7.74860382080078E-03
1,3.7,1.16332166036591,-8.94069671630859E-03
1,3.71,1.16665496025234,-8.34465026855469E-03
1,3.72,1.16998826013878,-8.34465026855469E-03
1,3.73,1.17332156002522,-1.07288360595703E-02
1,3.74,1.17665485991165,-1.07288360595703E-02
1,3.75,1.17998815979809,-1.01327896118164E-02
1,3.76,1.18332145968452,-8.94069671630859E-03
1,3.77,1.18665475957096,-1.13248825073242E-02
1,3.78,1.18998805945739,-6.55651092529297E-03
1,3.79,1.19332135934383,-6.55651092529297E-03
1,3.8,1.19665465923026,-5.96046447753906E-03
1,3.81,1.1999879591167,-4.76837158203125E-03
1,3.82,1.20332125900313,-8.94069671630859E-03
1,3.83,1.20665455888957,-8.34465026855469E-03
1,3.84,1.209987858776,-9.5367431640625E-03
1,3.85,1.21332115866244,-0.012516975402832
1,3.86,1.21665445854887,-1.19209289550781E-02
1,3.87,1.21998775843531,-1.19209289550781E-02
1,3.88,1.22332105832174,-1.07288360595703E-02
1,3.89,1.22665435820818,-0.012516975402832
1,3.9,1.22998765809461,-9.5367431640625E-03
1,3.91,1.23332095798105,-1.19209289550781E-02
1,3.92,1.23665425786749,-7.15255737304688E-03
1,3.93,1.23998755775392,-9.5367431640625E-03
1,3.94,1.24332085764036,-1.13248825073242E-02
1,3.95,1.24665415752679,-7.15255737304688E-03
1,3.96,1.24998745741323,-8.94069671630859E-03
1,3.97,1.25332075729966,-4.76837158203125E-03
1,3.98,1.2566540571861,-4.76837158203125E-03
1,3.99,1.25998735707253,-4.17232513427734E-03
1,4,1.26332065695897,-5.96046447753906E-04
1,4.01,1.2666539568454,-1.19209289550781E-03
1,4.02,1.26998725673184,-3.57627868652344E-03
1,4.03,1.27332055661827,-4.17232513427734E-03
1,4.04,1.27665385650471,-2.98023223876953E-03
1,4.05,1.27998715639114,-8.34465026855469E-03
1,4.06,1.28332045627758,-8.34465026855469E-03
1,4.07,1.28665375616401,-1.43051147460938E-02
1,4.08,1.28998705605045,-0.012516975402832
1,4.09,1.29332035593688,-1.13248825073242E-02
1,4.1,1.29665365582332,-1.19209289550781E-02
1,4.11,1.29998695570976,-1.13248825073242E-02
1,4.12,1.30332025559619,-1.13248825073242E-02
1,4.13,1.30665355548263,-9.5367431640625E-03
1,4.14,1.30998685536906,-0.012516975402832
1,4.15,1.3133201552555,-1.13248825073242E-02
1,4.16,1.31665345514193,-8.94069671630859E-03
1,4.17,1.31998675502837,-1.07288360595703E-02
1,4.18,1.3233200549148,-6.55651092529297E-03
1,4.19,1.32665335480124,-7.15255737304688E-03
1,4.2,1.32998665468767,-4.76837158203125E-03
1,4.21,1.33331995457411,-5.36441802978516E-03
1,4.22,1.33665325446054,-5.36441802978516E-03
1,4.23,1.33998655434698,-8.34465026855469E-03
1,4.24,1.34331985423341,-9.5367431640625E-03
1,4.25,1.34665315411985,-1.07288360595703E-02
1,4.26,1.34998645400628,-1.37090682983398E-02
1,4.27,1.35331975389272,-1.13248825073242E-02
1,4.28,1.35665305377916,-1.13248825073242E-02
1,4.29,1.35998635366559,-1.01327896118164E-02
1,4.3,1.36331965355203,-1.01327896118164E-02
1,4.31,1.36665295343846,-8.34465026855469E-03
1,4.32,1.3699862533249,-8.34465026855469E-03
1,4.33,1.37331955321133,-3.57627868652344E-03
1,4.34,1.37665285309777,-2.38418579101563E-03
1,4.35,1.3799861529842,-2.38418579101563E-03
1,4.36,1.38331945287064,-5.96046447753906E-04
1,4.37,1.38665275275707,4.76837158203125E-03
1,4.38,1.38998605264351,1.78813934326172E-03
1,4.39,1.39331935252994,4.76837158203125E-03
1,4.4,1.39665265241638,4.76837158203125E-03
1,4.41,1.39998595230281,5.96046447753906E-03
1,4.42,1.40331925218925,3.57627868652344E-03
1,4.43,1.40665255207568,1.78813934326172E-03
1,4.44,1.40998585196212,0
1,4.45,1.41331915184855,-2.38418579101563E-03
1,4.46,1.41665245173499,0
1,4.47,1.41998575162143,2.38418579101563E-03
1,4.48,1.42331905150786,5.96046447753906E-04
1,4.49,1.4266523513943,0
1,4.5,1.42998565128073,-2.98023223876953E-03
1,4.51,1.43331895116717,-1.78813934326172E-03
1,4.52,1.4366522510536,-4.76837158203125E-03
1,4.53,1.43998555094004,-2.98023223876953E-03
1,4.54,1.44331885082647,-8.34465026855469E-03
1,4.55,1.44665215071291,-6.55651092529297E-03
1,4.56,1.44998545059934,-6.55651092529297E-03
1,4.57,1.45331875048578,-7.74860382080078E-03
1,4.58,1.45665205037221,-8.94069671630859E-03
1,4.59,1.45998535025865,-7.15255737304688E-03
1,4.6,1.46331865014508,-1.07288360595703E-02
1,4.61,1.46665195003152,-7.15255737304688E-03
1,4.62,1.46998524991795,-8.34465026855469E-03
1,4.63,1.47331854980439,-2.98023223876953E-03
1,4.64,1.47665184969082,-5.96046447753906E-03
1,4.65,1.47998514957726,-4.76837158203125E-03
1,4.66,1.4833184494637,-7.74860382080078E-03
1,4.67,1.48665174935013,-8.34465026855469E-03
1,4.68,1.48998504923657,-9.5367431640625E-03
1,4.69,1.493318349123,-6.55651092529297E-03
1,4.7,1.49665164900944,-8.34465026855469E-03
1,4.71,1.49998494889587,-7.74860382080078E-03
1,4.72,1.50331824878231,-5.96046447753906E-03
1,4.73,1.50665154866874,-7.15255737304688E-03
1,4.74,1.50998484855518,-8.94069671630859E-03
1,4.75,1.51331814844161,-7.15255737304688E-03
1,4.76,1.51665144832805,-5.36441802978516E-03
1,4.77,1.51998474821448,-8.94069671630859E-03
1,4.78,1.52331804810092,-6.55651092529297E-03
1,4.79,1.52665134798735,-7.74860382080078E-03
1,4.8,1.52998464787379,-2.38418579101563E-03
1,4.81,1.53331794776022,-5.96046447753906E-04
1,4.82,1.53665124764666,-5.36441802978516E-03
1,4.83,1.53998454753309,0
1,4.84,1.54331784741953,2.38418579101563E-03
1,4.85,1.54665114730597,0
1,4.86,1.5499844471924,-1.78813934326172E-03
1,4.87,1.55331774707884,-1.19209289550781E-03
1,4.88,1.55665104696527,-2.38418579101563E-03
1,4.89,1.55998434685171,-2.38418579101563E-03
1,4.9,1.56331764673814,-5.96046447753906E-03
1,4.91,1.56665094662458,-4.76837158203125E-03
1,4.92,1.56998424651101,-5.36441802978516E-03
1,4.93,1.57331754639745,-2.38418579101563E-03
1,4.94,1.57665084628388,1.78813934326172E-03
1,4.95,1.57998414617032,-4.76837158203125E-03
1,4.96,1.58331744605675,-6.55651092529297E-03
1,4.97,1.58665074594319,-1.01327896118164E-02
1,4.98,1.58998404582962,-8.34465026855469E-03
1,4.99,1.59331734571606,-5.96046447753906E-03
1,5,1.59665064560249,2.98023223876953E-03
1,5.01,1.59998394548893,0
1,5.02,1.60331724537537,0
1,5.03,1.6066505452618,0
1,5.04,1.60998384514824,-2.38418579101563E-03
1,5.05,1.61331714503467,1.19209289550781E-03
1,5.06,1.61665044492111,2.38418579101563E-03
1,5.07,1.61998374480754,4.76837158203125E-03
1,5.08,1.62331704469398,1.19209289550781E-03
1,5.09,1.62665034458041,4.76837158203125E-03
1,5.1,1.62998364446685,-1.78813934326172E-03
1,5.11,1.63331694435328,-6.55651092529297E-03
1,5.12,1.63665024423972,-5.36441802978516E-03
1,5.13,1.63998354412615,-7.15255737304688E-03
1,5.14,1.64331684401259,-8.34465026855469E-03
1,5.15,1.64665014389902,-1.19209289550781E-02
1,5.16,1.64998344378546,-1.43051147460938E-02
1,5.17,1.65331674367189,-1.60932540893555E-02
1,5.18,1.65665004355833,-1.78813934326172E-02
1,5.19,1.65998334344476,-2.08616256713867E-02
1,5.2,1.6633166433312,-2.26497650146484E-02
1,5.21,1.66664994321764,-2.26497650146484E-02
1,5.22,1.66998324310407,-0.025629997253418
1,5.23,1.67331654299051,-2.50339508056641E-02
1,5.24,1.67664984287694,-2.44379043579102E-02
1,5.25,1.67998314276338,-2.80141830444336E-02
1,5.26,1.68331644264981,-2.80141830444336E-02
1,5.27,1.68664974253625,-2.92062759399414E-02
1,5.28,1.68998304242268,-2.80141830444336E-02
1,5.29,1.69331634230912,-2.80141830444336E-02
1,5.3,1.69664964219555,-2.68220901489258E-02
1,5.31,1.69998294208199,-2.68220901489258E-02
1,5.32,1.70331624196842,-2.50339508056641E-02
1,5.33,1.70664954185486,-2.74181365966797E-02
1,5.34,1.70998284174129,-2.32458114624023E-02
1,5.35,1.71331614162773,-2.14576721191406E-02
1,5.36,1.71664944151416,-1.96695327758789E-02
1,5.37,1.7199827414006,-1.78813934326172E-02
1,5.38,1.72331604128703,-1.72853469848633E-02
1,5.39,1.72664934117347,-1.19209289550781E-02
1,5.4,1.72998264105991,-1.49011611938477E-02
1,5.41,1.73331594094634,-1.01327896118164E-02
1,5.42,1.73664924083278,-1.07288360595703E-02
1,5.43,1.73998254071921,-1.01327896118164E-02
1,5.44,1.74331584060565,-1.84774398803711E-02
1,5.45,1.74664914049208,-1.78813934326172E-02
1,5.46,1.74998244037852,-2.32458114624023E-02
1,5.47,1.75331574026495,-2.26497650146484E-02
1,5.48,1.75664904015139,-0.025629997253418
1,5.49,1.75998234003782,-0.025629997253418
1,5.5,1.76331563992426,-2.62260437011719E-02
1,5.51,1.76664893981069,-2.98023223876953E-02
1,5.52,1.76998223969713,-2.74181365966797E-02
1,5.53,1.77331553958356,-3.03983688354492E-02
1,5.54,1.77664883947,-0.031590461730957
1,5.55,1.77998213935643,-3.33786010742188E-02
1,5.56,1.78331543924287,-3.39746475219727E-02
1,5.57,1.7866487391293,-3.45706939697266E-02
1,5.58,1.78998203901574,-3.63588333129883E-02
1,5.59,1.79331533890218,-3.57627868652344E-02
1,5.6,1.79664863878861,-3.45706939697266E-02
1,5.61,1.79998193867505,-3.27825546264648E-02
1,5.62,1.80331523856148,-3.27825546264648E-02
1,5.63,1.80664853844792,-3.33786010742188E-02
1,5.64,1.80998183833435,-2.80141830444336E-02
1,5.65,1.81331513822079,-2.38418579101563E-02
1,5.66,1.81664843810722,-1.19209289550781E-02
1,5.67,1.81998173799366,-7.74860382080078E-03
1,5.68,1.82331503788009,-5.96046447753906E-04
1,5.69,1.82664833776653,7.15255737304688E-03
1,5.7,1.82998163765296,1.78813934326172E-02
1,5.71,1.8333149375394,2.80141830444336E-02
1,5.72,1.83664823742583,4.11272048950195E-02
1,5.73,1.83998153731227,5.66244125366211E-02
1,5.74,1.8433148371987,6.73532485961914E-02
1,5.75,1.84664813708514,7.98702239990234E-02
1,5.76,1.84998143697158,8.82148742675781E-02
1,5.77,1.85331473685801,0.103116035461426
1,5.78,1.85664803674445,0.116825103759766
1,5.79,1.85998133663088,0.129938125610352
1,5.8,1.86331463651732,0.143647193908691
1,5.81,1.86664793640375,0.159740447998047
1,5.82,1.86998123629019,0.179409980773926
1,5.83,1.87331453617662,0.196099281311035
1,5.84,1.87664783606306,0.216960906982422
1,5.85,1.87998113594949,0.234246253967285
1,5.86,1.88331443583593,0.251531600952148
1,5.87,1.88664773572236,0.27000904083252
1,5.88,1.8899810356088,0.287890434265137
1,5.89,1.89331433549523,0.310540199279785
1,5.9,1.89664763538167,0.331401824951172
1,5.91,1.8999809352681,0.347495079040527
1,5.92,1.90331423515454,0.369548797607422
1,5.93,1.90664753504097,0.388026237487793
1,5.94,1.90998083492741,0.407099723815918
1,5.95,1.91331413481385,0.430941581726074
1,5.96,1.91664743470028,0.450611114501953
1,5.97,1.91998073458672,0.467896461486816
1,5.98,1.92331403447315,0.489354133605957
1,5.99,1.92664733435959,0.507831573486328
1,6,1.92998063424602,0.522136688232422
1,6.01,1.93331393413246,0.542402267456055
1,6.02,1.93664723401889,0.55849552154541
1,6.03,1.93998053390533,0.576376914978027
1,6.04,1.94331383379176,0.599026679992676
1,6.05,1.9466471336782,0.621676445007324
1,6.06,1.94998043356463,0.642538070678711
1,6.07,1.95331373345107,0.663995742797852
1,6.08,1.9566470333375,0.685453414916992
1,6.09,1.95998033322394,0.706911087036133
1,6.1,1.96331363311037,0.726580619812012
1,6.11,1.96664693299681,0.745654106140137
1,6.12,1.96998023288324,0.767707824707031
1,6.13,1.97331353276968,0.791549682617188
1,6.14,1.97664683265612,0.812411308288574
1,6.15,1.97998013254255,0.834465026855469
1,6.16,1.98331343242899,0.853538513183594
1,6.17,1.98664673231542,0.871419906616211
1,6.18,1.98998003220186,0.891685485839844
1,6.19,1.99331333208829,0.911951065063477
1,6.2,1.99664663197473,0.936985015869141
1,6.21,1.99997993186116,0.956058502197266
1,6.22,2.0033132317476,0.977516174316406
1,6.23,2.00664653163403,0.995993614196777
1,6.24,2.00997983152047,1.02043151855469
1,6.25,2.0133131314069,1.03592872619629
1,6.26,2.01664643129334,1.05679035186768
1,6.27,2.01997973117977,1.06990337371826
1,6.28,2.02331303106621,1.08420848846436
1,6.29,2.02664633095264,1.10328197479248
1,6.3,2.02997963083908,1.12235546112061
1,6.31,2.03331293072552,1.14083290100098
1,6.32,2.03664623061195,1.15931034088135
1,6.33,2.03997953049839,1.17361545562744
1,6.34,2.04331283038482,1.19268894195557
1,6.35,2.04664613027126,1.20580196380615
1,6.36,2.04997943015769,1.22368335723877
1,6.37,2.05331273004413,1.23560428619385
1,6.38,2.05664602993056,1.25408172607422
1,6.39,2.059979329817,1.26659870147705
1,6.4,2.06331262970343,1.27911567687988
1,6.41,2.06664592958987,1.29401683807373
1,6.42,2.0699792294763,1.3124942779541
1,6.43,2.07331252936274,1.33037567138672
1,6.44,2.07664582924917,1.34646892547607
1,6.45,2.07997912913561,1.36494636535645
1,6.46,2.08331242902204,1.38461589813232
1,6.47,2.08664572890848,1.40547752380371
1,6.48,2.08997902879491,1.42276287078857
1,6.49,2.09331232868135,1.44243240356445
1,6.5,2.09664562856779,1.45792961120605
1,6.51,2.09997892845422,1.47581100463867
1,6.52,2.10331222834066,1.49309635162354
1,6.53,2.10664552822709,1.50799751281738
1,6.54,2.10997882811353,1.52587890625
1,6.55,2.11331212799996,1.54554843902588
1,6.56,2.1166454278864,1.56700611114502
1,6.57,2.11997872777283,1.58071517944336
1,6.58,2.12331202765927,1.60038471221924
1,6.59,2.1266453275457,1.61826610565186
1,6.6,2.12997862743214,1.63495540618896
1,6.61,2.13331192731857,1.6552209854126
1,6.62,2.13664522720501,1.67369842529297
1,6.63,2.13997852709144,1.69098377227783
1,6.64,2.14331182697788,1.71005725860596
1,6.65,2.14664512686431,1.73270702362061
1,6.66,2.14997842675075,1.75058841705322
1,6.67,2.15331172663718,1.7702579498291
1,6.68,2.15664502652362,1.78694725036621
1,6.69,2.15997832641006,1.80184841156006
1,6.7,2.16331162629649,1.81913375854492
1,6.71,2.16664492618293,1.8388032913208
1,6.72,2.16997822606936,1.85966491699219
1,6.73,2.1733115259558,1.87575817108154
1,6.74,2.17664482584223,1.89363956451416
1,6.75,2.17997812572867,1.91092491149902
1,6.76,2.1833114256151,1.92880630493164
1,6.77,2.18664472550154,1.9460916519165
1,6.78,2.19331132527441,1.96516513824463
1,6.8,2.19664462516084,2.00271606445313
1,6.81,2.19997792504728,2.02059745788574
1,6.82,2.20331122493371,2.03609466552734
1,6.83,2.20664452482015,2.05516815185547
1,6.84,2.21331112459302,2.07364559173584
1,6.85,2.21664442447945,2.09152698516846
1,6.86,2.21997772436589,2.11000442504883
1,6.87,2.22331102425233,2.12907791137695
1,6.88,2.22664432413876,2.1517276763916
1,6.89,2.2299776240252,2.16782093048096
1,6.91,2.23664422379807,2.20239162445068
1,6.92,2.2399775236845,2.2202730178833
1,6.93,2.24331082357094,2.23934650421143
1,6.94,2.24664412345737,2.25424766540527
1,6.95,2.24997742334381,2.27391719818115
1,6.96,2.25331072323024,2.28941440582275
1,6.97,2.25664402311668,2.31087207794189
1,6.98,2.25997732300311,2.327561378479
1,6.99,2.26331062288955,2.34305858612061
1,7,2.26664392277598,2.35974788665771
1,7.01,2.26997722266242,2.37822532653809
1,7.02,2.27331052254885,2.39551067352295
1,7.03,2.27664382243529,2.41458415985107
1,7.04,2.27997712232172,2.43067741394043
1,7.05,2.28331042220816,2.44975090026855
1,7.06,2.2866437220946,2.46345996856689
1,7.07,2.28997702198103,2.48134136199951
1,7.08,2.29331032186747,2.50339508056641
1,7.09,2.2966436217539,2.5177001953125
1,7.1,2.29997692164034,2.53617763519287
1,7.11,2.30331022152677,2.55346298217773
1,7.12,2.30664352141321,2.57134437561035
1,7.13,2.30997682129964,2.58922576904297
1,7.14,2.31331012118608,2.61008739471436
1,7.15,2.31664342107251,2.62558460235596
1,7.16,2.31997672095895,2.64763832092285
1,7.17,2.32331002084538,2.66969203948975
1,7.18,2.32664332073182,2.68459320068359
1,7.19,2.32997662061825,2.70843505859375
1,7.2,2.33330992050469,2.72870063781738
1,7.21,2.33664322039112,2.75015830993652
1,7.22,2.33997652027756,2.77340412139893
1,7.23,2.343309820164,2.7930736541748
1,7.24,2.34664312005043,2.81751155853271
1,7.25,2.34997641993687,2.8383731842041
1,7.26,2.3533097198233,2.86281108856201
1,7.27,2.35664301970974,2.88724899291992
1,7.28,2.35997631959617,2.90274620056152
1,7.29,2.36330961948261,2.92301177978516
1,7.3,2.36664291936904,2.9444694519043
1,7.31,2.36997621925548,2.96354293823242
1,7.32,2.37330951914191,2.98500061035156
1,7.33,2.37664281902835,3.0052661895752
1,7.34,2.37997611891478,3.0285120010376
1,7.35,2.38330941880122,3.04818153381348
1,7.36,2.38664271868765,3.06487083435059
1,7.37,2.38997601857409,3.08752059936523
1,7.38,2.39330931846052,3.10957431793213
1,7.39,2.39664261834696,3.13043594360352
1,7.4,2.39997591823339,3.15368175506592
1,7.41,2.40330921811983,3.17633152008057
1,7.42,2.40664251800627,3.19540500640869
1,7.43,2.4099758178927,3.21328639984131
1,7.44,2.41330911777914,3.23235988616943
1,7.45,2.41664241766557,3.25322151184082
1,7.46,2.41997571755201,3.26752662658691
1,7.47,2.42330901743844,3.28540802001953
1,7.48,2.42664231732488,3.30150127410889
1,7.49,2.42997561721131,3.3193826675415
1,7.5,2.43330891709775,3.33309173583984
1,7.51,2.43664221698418,3.35276126861572
1,7.52,2.43997551687062,3.36587429046631
1,7.53,2.44330881675705,3.38196754455566
1,7.54,2.44664211664349,3.39627265930176
1,7.55,2.44997541652992,3.40878963470459
1,7.56,2.45330871641636,3.42428684234619
1,7.57,2.45664201630279,3.43799591064453
1,7.58,2.45997531618923,3.45408916473389
1,7.59,2.46330861607566,3.4642219543457
1,7.6,2.4666419159621,3.47733497619629
1,7.61,2.46997521584854,3.4862756729126
1,7.62,2.47330851573497,3.50236892700195
1,7.63,2.47664181562141,3.5172700881958
1,7.64,2.47997511550784,3.53395938873291
1,7.65,2.48330841539428,3.54409217834473
1,7.66,2.48664171528071,3.56078147888184
1,7.67,2.48997501516715,3.57627868652344
1,7.68,2.49330831505358,3.58939170837402
1,7.69,2.49664161494002,3.60429286956787
1,7.7,2.49997491482645,3.62396240234375
1,7.71,2.50330821471289,3.63767147064209
1,7.72,2.50664151459932,3.65316867828369
1,7.73,2.50997481448576,3.67105007171631
1,7.74,2.51330811437219,3.68595123291016
1,7.75,2.51664141425863,3.71098518371582
1,7.76,2.51997471414506,3.72409820556641
1,7.77,2.5233080140315,3.74436378479004
1,7.78,2.52664131391793,3.75688076019287
1,7.79,2.52997461380437,3.77655029296875
1,7.8,2.53330791369081,3.79264354705811
1,7.81,2.53664121357724,3.81290912628174
1,7.82,2.53997451346368,3.83198261260986
1,7.83,2.54330781335011,3.84628772735596
1,7.84,2.54664111323655,3.86655330657959
1,7.85,2.54997441312298,3.88026237487793
1,7.86,2.55330771300942,3.89993190765381
1,7.87,2.55664101289585,3.91602516174316
1,7.88,2.55997431278229,3.93390655517578
1,7.89,2.56330761266872,3.94761562347412
1,7.9,2.56664091255516,3.96311283111572
1,7.91,2.56997421244159,3.98218631744385
1,7.92,2.57330751232803,3.99887561798096
1,7.93,2.57664081221446,4.01794910430908
1,7.94,2.5799741121009,4.0358304977417
1,7.95,2.58330741198733,4.04894351959229
1,7.96,2.58664071187377,4.06622886657715
1,7.97,2.58997401176021,4.08053398132324
1,7.98,2.59330731164664,4.09781932830811
1,7.99,2.59664061153308,4.11510467529297
1,8,2.59997391141951,4.12881374359131
1,8.01,2.60330721130595,4.14133071899414
1,8.02,2.60664051119238,4.15503978729248
1,8.03,2.60997381107882,4.17172908782959
1,8.04,2.61330711096525,4.18424606323242
1,8.05,2.61664041085169,4.20331954956055
1,8.06,2.61997371073812,4.21404838562012
1,8.07,2.62330701062456,4.23014163970947
1,8.08,2.62664031051099,4.25100326538086
1,8.09,2.62997361039743,4.26232814788818
1,8.1,2.63330691028386,4.28080558776855
1,8.11,2.6366402101703,4.29928302764893
1,8.12,2.63997351005673,4.31597232818604
1,8.13,2.64330680994317,4.33802604675293
1,8.14,2.6466401098296,4.35471534729004
1,8.15,2.64997340971604,4.37259674072266
1,8.16,2.65330670960248,4.39107418060303
1,8.17,2.65664000948891,4.41133975982666
1,8.18,2.65997330937535,4.43100929260254
1,8.19,2.66330660926178,4.44710254669189
1,8.2,2.66663990914822,4.46617603302002
1,8.21,2.66997320903465,4.48524951934814
1,8.22,2.67330650892109,4.50015068054199
1,8.23,2.67663980880752,4.52101230621338
1,8.24,2.67997310869396,4.53412532806396
1,8.25,2.68330640858039,4.55379486083984
1,8.26,2.68663970846683,4.56750392913818
1,8.27,2.68997300835326,4.58121299743652
1,8.28,2.6933063082397,4.6008825302124
1,8.29,2.69663960812613,4.61816787719727
1,8.3,2.69997290801257,4.63485717773438
1,8.31,2.703306207899,4.65452671051025
1,8.32,2.70663950778544,4.67061996459961
1,8.33,2.70997280767187,4.69028949737549
1,8.34,2.71330610755831,4.7069787979126
1,8.35,2.71663940744475,4.72486019134521
1,8.36,2.71997270733118,4.74750995635986
1,8.37,2.72330600721762,4.77015972137451
1,8.38,2.72663930710405,4.78804111480713
1,8.39,2.72997260699049,4.80949878692627
1,8.4,2.73330590687692,4.82678413391113
1,8.41,2.73663920676336,4.84585762023926
1,8.42,2.73997250664979,4.86373901367188
1,8.43,2.74330580653623,4.88400459289551
1,8.44,2.74663910642266,4.89532947540283
1,8.45,2.7499724063091,4.9126148223877
1,8.46,2.75330570619553,4.92870807647705
1,8.47,2.75663900608197,4.94778156280518
1,8.48,2.7599723059684,4.96149063110352
1,8.49,2.76330560585484,4.97579574584961
1,8.5,2.76663890574127,4.99367713928223
1,8.51,2.76997220562771,5.00679016113281
1,8.52,2.77330550551414,5.02288341522217
1,8.53,2.77663880540058,5.03838062286377
1,8.54,2.77997210528702,5.04970550537109
1,8.55,2.78330540517345,5.06699085235596
1,8.56,2.78663870505989,5.08129596710205
1,8.57,2.78997200494632,5.09798526763916
1,8.58,2.79330530483276,5.11705875396729
1,8.59,2.79663860471919,5.13255596160889
1,8.6,2.79997190460563,5.15341758728027
1,8.61,2.80330520449206,5.16772270202637
1,8.62,2.8066385043785,5.18798828125
1,8.63,2.80997180426493,5.20288944244385
1,8.64,2.81330510415137,5.21957874298096
1,8.65,2.8166384040378,5.23865222930908
1,8.66,2.81997170392424,5.25176525115967
1,8.67,2.82330500381067,5.2642822265625
1,8.68,2.82663830369711,5.27858734130859
1,8.69,2.82997160358354,5.28991222381592
1,8.7,2.83330490346998,5.30540943145752
1,8.71,2.83663820335642,5.31792640686035
1,8.72,2.83997150324285,5.33401966094971
1,8.73,2.84330480312929,5.34415245056152
1,8.74,2.84663810301572,5.35845756530762
1,8.75,2.84997140290216,5.3715705871582
1,8.76,2.85330470278859,5.38766384124756
1,8.77,2.85663800267503,5.40256500244141
1,8.78,2.85997130256146,5.41388988494873
1,8.79,2.8633046024479,5.42700290679932
1,8.8,2.86663790233433,5.4401159286499
1,8.81,2.86997120222077,5.45144081115723
1,8.82,2.8733045021072,5.46753406524658
1,8.83,2.87663780199364,5.48183917999268
1,8.84,2.87997110188007,5.49495220184326
1,8.85,2.88330440176651,5.50806522369385
1,8.86,2.88663770165294,5.52535057067871
1,8.87,2.88997100153938,5.54084777832031
1,8.88,2.89330430142581,5.55694103240967
1,8.89,2.89663760131225,5.57482242584229
1,8.9,2.89997090119869,5.58674335479736
1,8.91,2.90330420108512,5.60224056243896
1,8.92,2.90663750097156,5.61535358428955
1,8.93,2.90997080085799,5.63204288482666
1,8.94,2.91330410074443,5.64396381378174
1,8.95,2.91663740063086,5.66005706787109
1,8.96,2.9199707005173,5.67317008972168
1,8.97,2.92330400040373,5.68866729736328
1,8.98,2.92663730029017,5.70058822631836
1,8.99,2.9299706001766,5.71608543395996
1,9,2.93330390006304,5.73217868804932
1,9.01,2.93663719994947,5.74707984924316
1,9.02,2.93997049983591,5.76615333557129
1,9.03,2.94330379972234,5.78403472900391
1,9.04,2.94663709960878,5.79953193664551
1,9.05,2.94997039949521,5.81562519073486
1,9.06,2.95330369938165,5.83052635192871
1,9.07,2.95663699926808,5.84125518798828
1,9.08,2.95997029915452,5.85496425628662
1,9.09,2.96330359904096,5.86330890655518
1,9.1,2.96663689892739,5.87224960327148
1,9.11,2.96997019881383,5.8823823928833
1,9.12,2.97330349870026,5.88834285736084
1,9.13,2.9766367985867,5.90026378631592
1,9.14,2.97997009847313,5.91099262237549
1,9.15,2.98330339835957,5.9211254119873
1,9.16,2.986636698246,5.93304634094238
1,9.17,2.98996999813244,5.94377517700195
1,9.18,2.99330329801887,5.95688819885254
1,9.19,2.99663659790531,5.96880912780762
1,9.2,2.99996989779174,5.98132610321045
1,9.21,3.00330319767818,5.99443912506104
1,9.22,3.00663649756461,6.00457191467285
1,9.23,3.00996979745105,6.01708889007568
1,9.24,3.01330309733748,6.02900981903076
1,9.25,3.01663639722392,6.0427188873291
1,9.26,3.01996969711035,6.05463981628418
1,9.27,3.02330299699679,6.06715679168701
1,9.28,3.02663629688323,6.08205795288086
1,9.29,3.02996959676966,6.0957670211792
1,9.3,3.0333028966561,6.11603260040283
1,9.31,3.03663619654253,6.13272190093994
1,9.32,3.03996949642897,6.14821910858154
1,9.33,3.0433027963154,6.16312026977539
1,9.34,3.04663609620184,6.17623329162598
1,9.35,3.04996939608827,6.19411468505859
1,9.36,3.05330269597471,6.20841979980469
1,9.37,3.05663599586114,6.22451305389404
1,9.38,3.05996929574758,6.23345375061035
1,9.39,3.06330259563401,6.24954700469971
1,9.4,3.06663589552045,6.26981258392334
1,9.41,3.06996919540688,6.28352165222168
1,9.42,3.07330249529332,6.3014030456543
1,9.43,3.07663579517975,6.3169002532959
1,9.44,3.07996909506619,6.32941722869873
1,9.45,3.08330239495263,6.34372234344482
1,9.46,3.08663569483906,6.35623931884766
1,9.47,3.0899689947255,6.37292861938477
1,9.48,3.09330229461193,6.3854455947876
1,9.49,3.09663559449837,6.4009428024292
1,9.5,3.0999688943848,6.41584396362305
1,9.51,3.10330219427124,6.43074512481689
1,9.52,3.10663549415767,6.44683837890625
1,9.53,3.10996879404411,6.46591186523438
1,9.54,3.11330209393054,6.48200511932373
1,9.55,3.11663539381698,6.49869441986084
1,9.56,3.11996869370341,6.51419162750244
1,9.57,3.12330199358985,6.52730464935303
1,9.58,3.12663529347628,6.53982162475586
1,9.59,3.12996859336272,6.55531883239746
1,9.6,3.13330189324915,6.57320022583008
1,9.61,3.13663519313559,6.58512115478516
1,9.62,3.13996849302202,6.59704208374023
1,9.63,3.14330179290846,6.61373138427734
1,9.64,3.1466350927949,6.62803649902344
1,9.65,3.14996839268133,6.64472579956055
1,9.66,3.15330169256777,6.65664672851563
1,9.67,3.1566349924542,6.67273998260498
1,9.68,3.15996829234064,6.68168067932129
1,9.69,3.16330159222707,6.69419765472412
1,9.7,3.16663489211351,6.7061185836792
1,9.71,3.16996819199994,6.71625137329102
1,9.72,3.17330149188638,6.73413276672363
1,9.73,3.17663479177281,6.74664974212646
1,9.74,3.17996809165925,6.75797462463379
1,9.75,3.18330139154568,6.76929950714111
1,9.76,3.18663469143212,6.77943229675293
1,9.77,3.18996799131855,6.79433345794678
1,9.78,3.19330129120499,6.80327415466309
1,9.79,3.19663459109142,6.81459903717041
1,9.8,3.19996789097786,6.82353973388672
1,9.81,3.20330119086429,6.83367252349854
1,9.82,3.20663449075073,6.84678554534912
1,9.83,3.20996779063717,6.85811042785645
1,9.84,3.2133010905236,6.87062740325928
1,9.85,3.21663439041004,6.88135623931885
1,9.86,3.21996769029647,6.89446926116943
1,9.87,3.22330099018291,6.90639019012451
1,9.88,3.22663429006934,6.91711902618408
1,9.89,3.22996758995578,6.93202018737793
1,9.9,3.23330088984221,6.94870948791504
1,9.91,3.23663418972865,6.96003437042236
1,9.92,3.24330078950152,6.97433948516846
1,9.94,3.24663408938795,6.99758529663086
1,9.95,3.24996738927439,7.01308250427246
1,9.96,3.25330068916082,7.02798366546631
1,9.97,3.25996728893369,7.04467296600342
1,9.98,3.26330058882013,7.05718994140625
1,10,3.26663388870656,7.07864761352539
1,10.01,3.27330048847944,7.09235668182373
1,10.02,3.27663378836587,7.10129737854004
1,10.03,3.27996708825231,7.11143016815186
1,10.04,3.28330038813874,7.12394714355469
1,10.05,3.28663368802518,7.12990760803223
1,10.06,3.28996698791161,7.13825225830078
1,10.07,3.29330028779805,7.14957714080811
1,10.08,3.29663358768448,7.16269016265869
1,10.1,3.30330018745735,7.18057155609131
1,10.11,3.30663348734379,7.19130039215088
1,10.12,3.30996678723022,7.2014331817627
1,10.13,3.31330008711666,7.21454620361328
1,10.14,3.31663338700309,7.22706317901611
1,10.15,3.31996668688953,7.23898410797119
1,10.16,3.32329998677596,7.24732875823975
1,10.17,3.3266332866624,7.25865364074707
1,10.18,3.32996658654884,7.26699829101563
1,10.19,3.33329988643527,7.28130340576172
1,10.2,3.33663318632171,7.2944164276123
1,10.21,3.33996648620814,7.30395317077637
1,10.22,3.34329978609458,7.3164701461792
1,10.23,3.34663308598101,7.32719898223877
1,10.24,3.34996638586745,7.33852386474609
1,10.25,3.35329968575388,7.35044479370117
1,10.26,3.35663298564032,7.36534595489502
1,10.27,3.35996628552675,7.3772668838501
1,10.28,3.36329958541319,7.39037990570068
1,10.29,3.36663288529962,7.40289688110352
1,10.3,3.36996618518606,7.41183757781982
1,10.31,3.37329948507249,7.42733478546143
1,10.32,3.37663278495893,7.4392557144165
1,10.33,3.37996608484536,7.4535608291626
1,10.34,3.3832993847318,7.46190547943115
1,10.35,3.38663268461823,7.47799873352051
1,10.36,3.38996598450467,7.48991966247559
1,10.37,3.39329928439111,7.50243663787842
1,10.38,3.39663258427754,7.51972198486328
1,10.39,3.39996588416398,7.5298547744751
1,10.4,3.40329918405041,7.5453519821167
1,10.41,3.40663248393685,7.55190849304199
1,10.42,3.40996578382328,7.56621360778809
1,10.43,3.41329908370972,7.57336616516113
1,10.44,3.41663238359615,7.58528709411621
1,10.45,3.41996568348259,7.59541988372803
1,10.46,3.42329898336902,7.60376453399658
1,10.47,3.42663228325546,7.61628150939941
1,10.48,3.42996558314189,7.62343406677246
1,10.49,3.43329888302833,7.63356685638428
1,10.5,3.43663218291476,7.64608383178711
1,10.51,3.4399654828012,7.65740871429443
1,10.52,3.44329878268763,7.66456127166748
1,10.53,3.44663208257407,7.6758861541748
1,10.54,3.4499653824605,7.68542289733887
1,10.55,3.45329868234694,7.69555568695068
1,10.56,3.45663198223338,7.71105289459229
1,10.57,3.45996528211981,7.7211856842041
1,10.58,3.46329858200625,7.73251056671143
1,10.59,3.46663188189268,7.74562358856201
1,10.6,3.46996518177912,7.75575637817383
1,10.61,3.47329848166555,7.77006149291992
1,10.62,3.47663178155199,7.78019428253174
1,10.63,3.47996508143842,7.79509544372559
1,10.64,3.48329838132486,7.80820846557617
1,10.65,3.48663168121129,7.8195333480835
1,10.66,3.48996498109773,7.83324241638184
1,10.67,3.49329828098416,7.84456729888916
1,10.68,3.4966315808706,7.85946846008301
1,10.69,3.49996488075703,7.87258148193359
1,10.7,3.50329818064347,7.88509845733643
1,10.71,3.5066314805299,7.89523124694824
1,10.72,3.50996478041634,7.90834426879883
1,10.73,3.51329808030277,7.91966915130615
1,10.74,3.51663138018921,7.93635845184326
1,10.75,3.51996468007565,7.95066356658936
1,10.76,3.52329797996208,7.96318054199219
1,10.77,3.52663127984852,7.97867774963379
1,10.78,3.52996457973495,7.99119472503662
1,10.79,3.53329787962139,8.00549983978271
1,10.8,3.53663117950782,8.01801681518555
1,10.81,3.53996447939426,8.02934169769287
1,10.82,3.54329777928069,8.0406665802002
1,10.83,3.54663107916713,8.05318355560303
1,10.84,3.54996437905356,8.06808471679688
1,10.85,3.55329767894,8.08298587799072
1,10.86,3.55663097882643,8.09609889984131
1,10.87,3.55996427871287,8.10861587524414
1,10.88,3.5632975785993,8.12292098999023
1,10.89,3.56663087848574,8.1336498260498
1,10.9,3.56996417837217,8.14318656921387
1,10.91,3.57329747825861,8.1557035446167
1,10.92,3.57663077814505,8.16583633422852
1,10.93,3.57996407803148,8.17954540252686
1,10.94,3.58329737791792,8.18908214569092
1,10.95,3.58663067780435,8.19802284240723
1,10.96,3.58996397769079,8.21232795715332
1,10.97,3.59329727757722,8.22246074676514
1,10.98,3.59663057746366,8.23915004730225
1,10.99,3.59996387735009,8.25345516204834
1,11,3.60329717723653,8.26358795166016
1,11.01,3.60663047712296,8.2772970199585
1,11.02,3.6099637770094,8.29219818115234
1,11.03,3.61329707689583,8.30888748168945
1,11.04,3.61663037678227,8.32259654998779
1,11.05,3.6199636766687,8.33690166473389
1,11.06,3.62329697655514,8.34822654724121
1,11.07,3.62663027644157,8.3625316619873
1,11.08,3.62996357632801,8.37862491607666
1,11.09,3.63329687621445,8.39471817016602
1,11.1,3.63663017610088,8.40842723846436
1,11.11,3.63996347598732,8.4233283996582
1,11.12,3.64329677587375,8.43822956085205
1,11.13,3.64663007576019,8.45074653625488
1,11.14,3.64996337564662,8.46385955810547
1,11.15,3.65329667553306,8.47578048706055
1,11.16,3.65662997541949,8.49068164825439
1,11.17,3.65996327530593,8.49902629852295
1,11.18,3.66329657519236,8.5139274597168
1,11.19,3.6666298750788,8.52465629577637
1,11.2,3.66996317496523,8.53419303894043
1,11.21,3.67329647485167,8.54849815368652
1,11.22,3.6766297747381,8.55803489685059
1,11.23,3.67996307462454,8.56995582580566
1,11.24,3.68329637451097,8.583664894104
1,11.25,3.68662967439741,8.59379768371582
1,11.26,3.68996297428384,8.60512256622314
1,11.27,3.69329627417028,8.61763954162598
1,11.28,3.69662957405671,8.63194465637207
1,11.29,3.69996287394315,8.64624977111816
1,11.3,3.70329617382959,8.66115093231201
1,11.31,3.70662947371602,8.6742639541626
1,11.32,3.70996277360246,8.6897611618042
1,11.33,3.71329607348889,8.70048999786377
1,11.34,3.71662937337533,8.71241092681885
1,11.35,3.71996267326176,8.72671604156494
1,11.36,3.7232959731482,8.73744487762451
1,11.37,3.72662927303463,8.7505578994751
1,11.38,3.72996257292107,8.76247882843018
1,11.39,3.7332958728075,8.77857208251953
1,11.4,3.73662917269394,8.78810882568359
1,11.41,3.73996247258037,8.80002975463867
1,11.42,3.74329577246681,8.81612300872803
1,11.43,3.74662907235324,8.82744789123535
1,11.44,3.74996237223968,8.84413719177246
1,11.45,3.75329567212611,8.86142253875732
1,11.46,3.75662897201255,8.87691974639893
1,11.47,3.75996227189898,8.89003276824951
1,11.48,3.76329557178542,8.89837741851807
1,11.49,3.76662887167186,8.91327857971191
1,11.5,3.76996217155829,8.92460346221924
1,11.51,3.77329547144473,8.93235206604004
1,11.52,3.77662877133116,8.94427299499512
1,11.53,3.7799620712176,8.95559787750244
1,11.54,3.78329537110403,8.96871089935303
1,11.55,3.78662867099047,8.98063182830811
1,11.56,3.7899619708769,8.99255275726318
1,11.57,3.79329527076334,9.00149345397949
1,11.58,3.79662857064977,9.01699066162109
1,11.59,3.79996187053621,9.02950763702393
1,11.6,3.80329517042264,9.04262065887451
1,11.61,3.80662847030908,9.05454158782959
1,11.62,3.80996177019551,9.06825065612793
1,11.63,3.81329507008195,9.08076763153076
1,11.64,3.81662836996838,9.09388065338135
1,11.65,3.81996166985482,9.10520553588867
1,11.66,3.82329496974126,9.11831855773926
1,11.67,3.82662826962769,9.1320276260376
1,11.68,3.82996156951413,9.14216041564941
1,11.69,3.83329486940056,9.15348529815674
1,11.7,3.836628169287,9.16838645935059
1,11.71,3.83996146917343,9.1785192489624
1,11.72,3.84329476905987,9.18865203857422
1,11.73,3.8466280689463,9.20355319976807
1,11.74,3.84996136883274,9.22203063964844
1,11.75,3.85329466871917,9.23752784729004
1,11.76,3.85662796860561,9.25421714782715
1,11.77,3.85996126849204,9.26673412322998
1,11.78,3.86329456837848,9.28163528442383
1,11.79,3.86662786826491,9.29653644561768
1,11.8,3.86996116815135,9.31203365325928
1,11.81,3.87329446803778,9.3311071395874
1,11.82,3.87662776792422,9.34362411499023
1,11.83,3.87996106781066,9.36150550842285
1,11.84,3.88329436769709,9.37461853027344
1,11.85,3.88662766758353,9.39309597015381
1,11.86,3.88996096746996,9.40859317779541
1,11.87,3.8932942673564,9.42349433898926
1,11.88,3.89662756724283,9.44018363952637
1,11.89,3.89996086712927,9.45568084716797
1,11.9,3.9032941670157,9.46879386901855
1,11.91,3.90662746690214,9.48011875152588
1,11.92,3.90996076678857,9.49561595916748
1,11.93,3.91329406667501,9.50753688812256
1,11.94,3.91662736656144,9.51886177062988
1,11.95,3.91996066644788,9.53137874603271
1,11.96,3.92329396633431,9.54210758209229
1,11.97,3.92662726622075,9.55522060394287
1,11.98,3.92996056610718,9.56833362579346
1,11.99,3.93329386599362,9.58502292633057
1,12,3.93662716588005,9.59515571594238
1,12.01,3.93996046576649,9.60588455200195
1,12.02,3.94329376565293,9.61899757385254
1,12.03,3.94662706553936,9.63091850280762
1,12.04,3.9499603654258,9.64343547821045
1,12.05,3.95329366531223,9.65654850006104
1,12.06,3.95662696519867,9.67204570770264
1,12.07,3.9599602650851,9.68337059020996
1,12.08,3.96329356497154,9.69588756561279
1,12.09,3.96662686485797,9.70780849456787
1,12.1,3.96996016474441,9.72330570220947
1,12.11,3.97329346463084,9.73701477050781
1,12.12,3.97662676451728,9.74595546722412
1,12.13,3.97996006440371,9.75668430328369
1,12.14,3.98329336429015,9.76979732513428
1,12.15,3.98662666417658,9.78171825408936
1,12.16,3.98995996406302,9.7954273223877
1,12.17,3.99329326394945,9.80854034423828
1,12.18,3.99662656383589,9.82105731964111
1,12.19,3.99995986372232,9.83655452728271
1,12.2,4.00329316360876,9.84907150268555
1,12.21,4.0066264634952,9.86278057098389
1,12.22,4.00995976338163,9.87708568572998
1,12.23,4.01329306326807,9.89258289337158
1,12.24,4.0166263631545,9.91106033325195
1,12.25,4.01995966304094,9.92715358734131
1,12.26,4.02329296292737,9.93967056274414
1,12.27,4.02662626281381,9.95218753814697
1,12.28,4.02995956270024,9.96589660644531
1,12.29,4.03329286258668,9.97662544250488
1,12.3,4.03662616247311,9.99033451080322
1,12.31,4.03995946235955,10.0052356719971
1,12.32,4.04329276224598,10.0111961364746
1,12.33,4.04662606213242,10.029673576355
1,12.34,4.04995936201885,10.0445747375488
1,12.35,4.05329266190529,10.0541114807129
1,12.36,4.05662596179172,10.0702047348022
1,12.37,4.05995926167816,10.0839138031006
1,12.38,4.06329256156459,10.0970268249512
1,12.39,4.06662586145103,10.1101398468018
1,12.4,4.06995916133747,10.1238489151001
1,12.41,4.0732924612239,10.1393461227417
1,12.42,4.07662576111034,10.1500749588013
1,12.43,4.07995906099677,10.1625919342041
1,12.44,4.08329236088321,10.1745128631592
1,12.45,4.08662566076964,10.1888179779053
1,12.46,4.08995896065608,10.2007389068604
1,12.47,4.09329226054251,10.2174282073975
1,12.48,4.09662556042895,10.2323293685913
1,12.49,4.09995886031538,10.2424621582031
1,12.5,4.10329216020182,10.2555751800537
1,12.51,4.10662546008825,10.2674961090088
1,12.52,4.10995875997469,10.2841854095459
1,12.53,4.11329205986112,10.296106338501
1,12.54,4.11662535974756,10.3121995925903
1,12.55,4.11995865963399,10.3253126144409
1,12.56,4.12329195952043,10.3378295898438
1,12.57,4.12662525940686,10.3533267974854
1,12.58,4.1299585592933,10.3604793548584
1,12.59,4.13329185917974,10.3724002838135
1,12.6,4.13662515906617,10.380744934082
1,12.61,4.13995845895261,10.3920698165894
1,12.62,4.14329175883904,10.3956460952759
1,12.63,4.14662505872548,10.409951210022
1,12.64,4.14995835861191,10.417103767395
1,12.65,4.15329165849835,10.4290246963501
1,12.66,4.15662495838478,10.4385614395142
1,12.67,4.15995825827122,10.451078414917
1,12.68,4.16329155815765,10.4641914367676
1,12.69,4.16662485804409,10.4737281799316
1,12.7,4.16995815793052,10.4868412017822
1,12.71,4.17329145781696,10.5023384094238
1,12.72,4.17662475770339,10.5106830596924
1,12.73,4.17995805758983,10.5255842208862
1,12.74,4.18329135747626,10.5351209640503
1,12.75,4.1866246573627,10.5518102645874
1,12.76,4.18995795724913,10.5643272399902
1,12.77,4.19329125713557,10.5756521224976
1,12.78,4.19662455702201,10.5887651443481
1,12.79,4.19995785690844,10.601282119751
1,12.8,4.20329115679488,10.6155872344971
1,12.81,4.20662445668131,10.6275081634521
1,12.82,4.20995775656775,10.6430053710938
1,12.83,4.21329105645418,10.6519460678101
1,12.84,4.21662435634062,10.6668472290039
1,12.85,4.21995765622705,10.6865167617798
1,12.86,4.22329095611349,10.6972455978394
1,12.87,4.22662425599992,10.7109546661377
1,12.88,4.22995755588636,10.7252597808838
1,12.89,4.23329085577279,10.7365846633911
1,12.9,4.23662415565923,10.7485055923462
1,12.91,4.23995745554566,10.7580423355103
1,12.92,4.2432907554321,10.7651948928833
1,12.93,4.24662405531853,10.7753276824951
1,12.94,4.24995735520497,10.7830762863159
1,12.95,4.25329065509141,10.79261302948
1,12.96,4.25662395497784,10.8063220977783
1,12.97,4.25995725486428,10.8212232589722
1,12.98,4.26329055475071,10.8343362808228
1,12.99,4.26662385463715,10.8438730239868
1,13,4.26995715452358,10.8587741851807
1,13.01,4.27329045441002,10.8712911605835
1,13.02,4.27662375429645,10.8832120895386
1,13.03,4.27995705418289,10.8987092971802
1,13.04,4.28329035406932,10.9118223190308
1,13.05,4.28662365395576,10.9273195266724
1,13.06,4.28995695384219,10.9446048736572
1,13.07,4.29329025372863,10.9642744064331
1,13.08,4.29662355361506,10.9833478927612
1,13.09,4.2999568535015,11.0012292861938
1,13.1,4.30329015338793,11.0161304473877
1,13.11,4.30662345327437,11.0357999801636
1,13.12,4.3099567531608,11.0512971878052
1,13.13,4.31329005304724,11.0703706741333
1,13.14,4.31662335293368,11.0846757888794
1,13.15,4.31995665282011,11.100172996521
1,13.16,4.32328995270655,11.1186504364014
1,13.17,4.32662325259298,11.1329555511475
1,13.18,4.32995655247942,11.1538171768188
1,13.19,4.33328985236585,11.1675262451172
1,13.2,4.33662315225229,11.1830234527588
1,13.21,4.33995645213872,11.1967325210571
1,13.22,4.34328975202516,11.2098455429077
1,13.23,4.34662305191159,11.2271308898926
1,13.24,4.34995635179803,11.2414360046387
1,13.25,4.35328965168446,11.2533569335938
1,13.26,4.35995625145733,11.2694501876831
1,13.27,4.36328955134377,11.2783908843994
1,13.29,4.3666228512302,11.3075971603394
1,13.3,4.36995615111664,11.3224983215332
1,13.31,4.37328945100307,11.3403797149658
1,13.32,4.37662275088951,11.3534927368164
1,13.33,4.38328935066238,11.3725662231445
1,13.35,4.38662265054882,11.4095211029053
1,13.36,4.39328925032169,11.4285945892334
1,13.37,4.39662255020812,11.4482641220093
1,13.39,4.39995585009456,11.478066444397
1,13.4,4.40662244986743,11.4965438842773
1,13.41,4.40995574975386,11.5126371383667
1,13.42,4.4132890496403,11.5334987640381
1,13.43,4.41662234952673,11.5483999252319
1,13.44,4.41995564941317,11.5644931793213
1,13.45,4.4232889492996,11.5799903869629
1,13.46,4.42662224918604,11.5936994552612
1,13.47,4.42995554907247,11.6026401519775
1,13.48,4.43328884895891,11.6217136383057
1,13.49,4.43662214884534,11.635422706604
1,13.5,4.43995544873178,11.6515159606934
1,13.51,4.44328874861822,11.6646289825439
1,13.52,4.44662204850465,11.676549911499
1,13.53,4.44995534839109,11.6938352584839
1,13.54,4.45328864827752,11.7063522338867
1,13.55,4.45662194816396,11.7254257202148
1,13.56,4.45995524805039,11.7403268814087
1,13.57,4.46328854793683,11.7528438568115
1,13.58,4.46662184782326,11.7701292037964
1,13.59,4.4699551477097,11.7814540863037
1,13.6,4.47328844759613,11.7957592010498
1,13.61,4.47662174748257,11.8112564086914
1,13.62,4.479955047369,11.8273496627808
1,13.63,4.48328834725544,11.8368864059448
1,13.64,4.48662164714187,11.8488073348999
1,13.65,4.48995494702831,11.8601322174072
1,13.66,4.49328824691474,11.8768215179443
1,13.67,4.49662154680118,11.8911266326904
1,13.68,4.49995484668762,11.9048357009888
1,13.69,4.50328814657405,11.9215250015259
1,13.7,4.50662144646049,11.9346380233765
1,13.71,4.50995474634692,11.9471549987793
1,13.72,4.51328804623336,11.9620561599731
1,13.73,4.51662134611979,11.976957321167
1,13.74,4.51995464600623,11.98410987854
1,13.75,4.52328794589266,11.9954347610474
1,13.76,4.5266212457791,12.0061635971069
1,13.77,4.52995454566553,12.0174884796143
1,13.78,4.53328784555197,12.0276212692261
1,13.79,4.5366211454384,12.0401382446289
1,13.8,4.53995444532484,12.0502710342407
1,13.81,4.54328774521127,12.0598077774048
1,13.82,4.54662104509771,12.0711326599121
1,13.83,4.54995434498414,12.0842456817627
1,13.84,4.55328764487058,12.093186378479
1,13.85,4.55662094475701,12.1051073074341
1,13.86,4.55995424464345,12.1206045150757
1,13.87,4.56328754452989,12.131929397583
1,13.88,4.56662084441632,12.1414661407471
1,13.89,4.56995414430276,12.1545791625977
1,13.9,4.57328744418919,12.168288230896
1,13.91,4.57662074407563,12.1790170669556
1,13.92,4.57995404396206,12.1963024139404
1,13.93,4.5832873438485,12.209415435791
1,13.94,4.58662064373493,12.2225284576416
1,13.95,4.58995394362137,12.2398138046265
1,13.96,4.5932872435078,12.2547149658203
1,13.97,4.59662054339424,12.2678279876709
1,13.98,4.59995384328067,12.2815370559692
1,13.99,4.60328714316711,12.2952461242676
1,14,4.60662044305354,12.3095512390137
1,14.01,4.60995374293998,12.320876121521
1,14.02,4.61328704282641,12.3292207717896
1,14.03,4.61662034271285,12.3417377471924
1,14.04,4.61995364259928,12.354850769043
1,14.05,4.62328694248572,12.362003326416
1,14.06,4.62662024237216,12.3721361160278
1,14.07,4.62995354225859,12.3810768127441
1,14.08,4.63328684214503,12.3924016952515
1,14.09,4.63662014203146,12.4025344848633
1,14.1,4.6399534419179,12.4090909957886
1,14.11,4.64328674180433,12.4239921569824
1,14.12,4.64662004169077,12.4335289001465
1,14.13,4.6499533415772,12.4454498291016
1,14.14,4.65328664146364,12.4615430831909
1,14.15,4.65661994135007,12.475848197937
1,14.16,4.65995324123651,12.4865770339966
1,14.17,4.66328654112294,12.4967098236084
1,14.18,4.66661984100938,12.5086307525635
1,14.19,4.66995314089581,12.519359588623
1,14.2,4.67328644078225,12.5348567962646
1,14.21,4.67661974066868,12.5497579574585
1,14.22,4.67995304055512,12.5628709793091
1,14.23,4.68328634044155,12.5777721405029
1,14.24,4.68661964032799,12.5908851623535
1,14.25,4.68995294021443,12.5998258590698
1,14.26,4.69328624010086,12.6135349273682
1,14.27,4.6966195399873,12.626051902771
1,14.28,4.69995283987373,12.6433372497559
1,14.29,4.70328613976017,12.6588344573975
1,14.3,4.7066194396466,12.6665830612183
1,14.31,4.70995273953304,12.6808881759644
1,14.32,4.71328603941947,12.6951932907104
1,14.33,4.71661933930591,12.7112865447998
1,14.34,4.71995263919234,12.7202272415161
1,14.35,4.72328593907878,12.73512840271
1,14.36,4.72661923896521,12.7488374710083
1,14.37,4.72995253885165,12.7655267715454
1,14.38,4.73328583873808,12.7792358398438
1,14.39,4.73661913862452,12.7941370010376
1,14.4,4.73995243851095,12.8072500228882
1,14.41,4.74328573839739,12.8233432769775
1,14.42,4.74661903828383,12.8388404846191
1,14.43,4.74995233817026,12.8573179244995
1,14.44,4.7532856380567,12.8704309463501
1,14.45,4.75661893794313,12.887716293335
1,14.46,4.75995223782957,12.9050016403198
1,14.47,4.763285537716,12.9222869873047
1,14.48,4.76661883760244,12.9354000091553
1,14.49,4.76995213748887,12.9520893096924
1,14.5,4.77328543737531,12.972354888916
1,14.51,4.77661873726174,12.9902362823486
1,14.52,4.77995203714818,13.0069255828857
1,14.53,4.78328533703461,13.0283832550049
1,14.54,4.78661863692105,13.045072555542
1,14.55,4.78995193680748,13.0623579025269
1,14.56,4.79328523669392,13.0867958068848
1,14.57,4.79661853658035,13.0987167358398
1,14.58,4.79995183646679,13.1219625473022
1,14.59,4.80328513635322,13.1356716156006
1,14.6,4.80661843623966,13.1553411483765
1,14.61,4.8099517361261,13.1690502166748
1,14.62,4.81328503601253,13.1863355636597
1,14.63,4.81661833589897,13.20481300354
1,14.64,4.8199516357854,13.2161378860474
1,14.65,4.82328493567184,13.231635093689
1,14.66,4.82661823555827,13.2429599761963
1,14.67,4.82995153544471,13.2596492767334
1,14.68,4.83328483533114,13.2763385772705
1,14.69,4.83661813521758,13.2918357849121
1,14.7,4.83995143510401,13.3037567138672
1,14.71,4.84328473499045,13.3198499679565
1,14.72,4.84661803487688,13.3311748504639
1,14.73,4.84995133476332,13.3448839187622
1,14.74,4.85328463464975,13.3591890335083
1,14.75,4.85661793453619,13.3770704269409
1,14.76,4.85995123442262,13.3907794952393
1,14.77,4.86328453430906,13.4068727493286
1,14.78,4.86661783419549,13.4187936782837
1,14.79,4.86995113408193,13.4336948394775
1,14.8,4.87328443396837,13.4527683258057
1,14.81,4.8766177338548,13.4652853012085
1,14.82,4.87995103374124,13.4843587875366
1,14.83,4.88328433362767,13.4932994842529
1,14.84,4.88661763351411,13.5046243667603
1,14.85,4.88995093340054,13.5231018066406
1,14.86,4.89328423328698,13.5350227355957
1,14.87,4.89661753317341,13.5505199432373
1,14.88,4.89995083305985,13.5666131973267
1,14.89,4.90328413294628,13.5821104049683
1,14.9,4.90661743283272,13.5970115661621
1,14.91,4.90995073271915,13.6137008666992
1,14.92,4.91328403260559,13.6321783065796
1,14.93,4.91661733249202,13.6458873748779
1,14.94,4.91995063237846,13.6607885360718
1,14.95,4.92328393226489,13.6739015579224
1,14.96,4.92661723215133,13.6828422546387
1,14.97,4.92995053203776,13.6923789978027
1,14.98,4.9332838319242,13.7042999267578
1,14.99,4.93661713181064,13.7138366699219
1,15,4.93995043169707,13.7251615524292
1,15.01,4.94328373158351,13.7341022491455
1,15.02,4.94661703146994,13.7436389923096
1,15.03,4.94995033135638,13.7531757354736
1,15.04,4.95328363124281,13.7680768966675
1,15.05,4.95661693112925,13.7799978256226
1,15.06,4.95995023101568,13.7919187545776
1,15.07,4.96328353090212,13.8026475906372
1,15.08,4.96661683078855,13.808012008667
1,15.09,4.96995013067499,13.8199329376221
1,15.1,4.97328343056142,13.8378143310547
1,15.11,4.97661673044786,13.8545036315918
1,15.12,4.97995003033429,13.8694047927856
1,15.13,4.98328333022073,13.8849020004272
1,15.14,4.98661663010716,13.9015913009644
1,15.15,4.9899499299936,13.9200687408447
1,15.16,4.99328322988004,13.9403343200684
1,15.17,4.99661652976647,13.9588117599487
1,15.18,4.99994982965291,13.9749050140381
1,15.19,5.00328312953934,13.9915943145752
1,15.2,5.00661642942578,14.004111289978
1,15.21,5.00994972931221,14.0172243118286
1,15.22,5.01328302919865,14.0345096588135
1,15.23,5.01661632908508,14.0482187271118
1,15.24,5.01994962897152,14.0589475631714
1,15.25,5.02328292885795,14.0702724456787
1,15.26,5.02661622874439,14.0804052352905
1,15.27,5.02994952863082,14.0953063964844
1,15.28,5.03328282851726,14.1030550003052
1,15.29,5.03661612840369,14.1149759292603
1,15.3,5.03994942829013,14.1167640686035
1,15.31,5.04328272817656,14.1286849975586
1,15.32,5.046616028063,14.1388177871704
1,15.33,5.04994932794943,14.14954662323
1,15.34,5.05328262783587,14.1602754592896
1,15.35,5.05661592772231,14.1721963882446
1,15.36,5.05994922760874,14.185905456543
1,15.37,5.06328252749518,14.2014026641846
1,15.38,5.06661582738161,14.2163038253784
1,15.39,5.06994912726805,14.2323970794678
1,15.4,5.07328242715448,14.2496824264526
1,15.41,5.07661572704092,14.2711400985718
1,15.42,5.07994902692735,14.2908096313477
1,15.43,5.08328232681379,14.3104791641235
1,15.44,5.08661562670022,14.3277645111084
1,15.45,5.08994892658666,14.3474340438843
1,15.46,5.09328222647309,14.3665075302124
1,15.47,5.09661552635953,14.3837928771973
1,15.48,5.09994882624596,14.3969058990479
1,15.49,5.1032821261324,14.4124031066895
1,15.5,5.10661542601883,14.4273042678833
1,15.51,5.10994872590527,14.4439935684204
1,15.52,5.1132820257917,14.4559144973755
1,15.53,5.11661532567814,14.4690275192261
1,15.54,5.11994862556458,14.4863128662109
1,15.55,5.12328192545101,14.4940614700317
1,15.56,5.12661522533745,14.5089626312256
1,15.57,5.12994852522388,14.5232677459717
1,15.58,5.13328182511032,14.53697681427
1,15.59,5.13661512499675,14.5477056503296
1,15.6,5.13994842488319,14.5620107650757
1,15.61,5.14328172476962,14.5679712295532
1,15.62,5.14661502465606,14.5816802978516
1,15.63,5.14994832454249,14.5912170410156
1,15.64,5.15328162442893,14.6025419235229
1,15.65,5.15661492431536,14.614462852478
1,15.66,5.1599482242018,14.6204233169556
1,15.67,5.16328152408823,14.6287679672241
1,15.68,5.16661482397467,14.6400928497314
1,15.69,5.1699481238611,14.6579742431641
1,15.7,5.17328142374754,14.6722793579102
1,15.71,5.17661472363397,14.6830081939697
1,15.72,5.17994802352041,14.6949291229248
1,15.73,5.18328132340685,14.7074460983276
1,15.74,5.18661462329328,14.721155166626
1,15.75,5.18994792317972,14.7342681884766
1,15.76,5.19328122306615,14.7402286529541
1,15.77,5.19661452295259,14.7604942321777
1,15.78,5.19994782283902,14.7771835327148
1,15.79,5.20328112272546,14.7926807403564
1,15.8,5.20661442261189,14.805793762207
1,15.81,5.20994772249833,14.8284435272217
1,15.82,5.21328102238476,14.8510932922363
1,15.83,5.2166143222712,14.8642063140869
1,15.84,5.21994762215763,14.8880481719971
1,15.85,5.22328092204407,14.9071216583252
1,15.86,5.2266142219305,14.9250030517578
1,15.87,5.22994752181694,14.9381160736084
1,15.88,5.23328082170337,14.9571895599365
1,15.89,5.23661412158981,14.9750709533691
1,15.9,5.23994742147625,14.9893760681152
1,15.91,5.24328072136268,15.0132179260254
1,15.92,5.24661402124912,15.0275230407715
1,15.93,5.24994732113555,15.0406360626221
1,15.94,5.25328062102199,15.0597095489502
1,15.95,5.25661392090842,15.0728225708008
1,15.96,5.25994722079486,15.0835514068604
1,15.97,5.26328052068129,15.0966644287109
1,15.98,5.26661382056773,15.110969543457
1,15.99,5.26994712045416,15.1216983795166
1,16,5.2732804203406,15.1312351226807
1,16.01,5.27661372022703,15.1383876800537
1,16.02,5.27994702011347,15.1526927947998
1,16.03,5.2832803199999,15.1574611663818
1,16.04,5.28661361988634,15.1717662811279
1,16.05,5.28994691977277,15.17653465271
1,16.06,5.29328021965921,15.1968002319336
1,16.07,5.29661351954564,15.2099132537842
1,16.08,5.29994681943208,15.2111053466797
1,16.09,5.30328011931852,15.2289867401123
1,16.1,5.30661341920495,15.2361392974854
1,16.11,5.30994671909139,15.256404876709
1,16.12,5.31328001897782,15.2623653411865
1,16.13,5.31661331886426,15.2754783630371
1,16.14,5.31994661875069,15.2945518493652
1,16.15,5.32327991863713,15.3124332427979
1,16.16,5.32661321852356,15.331506729126
1,16.17,5.32994651841,15.3481960296631
1,16.18,5.33327981829643,15.3648853302002
1,16.19,5.33661311818287,15.3839588165283
1,16.2,5.3399464180693,15.3970718383789
1,16.21,5.34327971795574,15.4197216033936
1,16.22,5.34661301784217,15.4328346252441
1,16.23,5.34994631772861,15.4471397399902
1,16.24,5.35327961761504,15.4638290405273
1,16.25,5.35661291750148,15.4793262481689
1,16.26,5.35994621738791,15.4995918273926
1,16.27,5.36327951727435,15.5162811279297
1,16.28,5.36661281716079,15.5305862426758
1,16.29,5.36994611704722,15.5425071716309
1,16.3,5.37327941693366,15.559196472168
1,16.31,5.37661271682009,15.568733215332
1,16.32,5.37994601670653,15.5842304229736
1,16.33,5.38327931659296,15.5961513519287
1,16.34,5.3866126164794,15.6021118164063
1,16.35,5.38994591636583,15.6211853027344
1,16.36,5.39327921625227,15.6331062316895
1,16.37,5.3966125161387,15.6474113464355
1,16.38,5.39994581602514,15.6593322753906
1,16.39,5.40327911591157,15.6807899475098
1,16.4,5.40661241579801,15.6891345977783
1,16.41,5.40994571568444,15.7010555267334
1,16.42,5.41327901557088,15.7177448272705
1,16.43,5.41661231545731,15.7320499420166
1,16.44,5.41994561534375,15.7523155212402
1,16.45,5.42327891523018,15.7654285430908
1,16.46,5.42661221511662,15.7737731933594
1,16.47,5.42994551500306,15.791654586792
1,16.48,5.43327881488949,15.8154964447021
1,16.49,5.43661211477593,15.8226490020752
1,16.5,5.43994541466236,15.8405303955078
1,16.51,5.4432787145488,15.8536434173584
1,16.52,5.44661201443523,15.869140625
1,16.53,5.44994531432167,15.8822536468506
1,16.54,5.4532786142081,15.9001350402832
1,16.55,5.45994521398097,15.9144401550293
1,16.56,5.46327851386741,15.9358978271484
1,16.58,5.46661181375384,15.9645080566406
1,16.59,5.46994511364028,15.9847736358643
1,16.6,5.47327841352671,16.0002708435059
1,16.61,5.47661171341315,16.021728515625
1,16.62,5.47994501329958,16.0324573516846
1,16.63,5.48327831318602,16.0443782806396
1,16.64,5.48661161307246,16.0670280456543
1,16.65,5.49327821284533,16.0813331604004
1,16.67,5.49661151273176,16.1123275756836
1,16.68,5.4999448126182,16.1230564117432
1,16.69,5.50327811250463,16.1385536193848
1,16.7,5.5099447122775,16.1468982696533
1,16.71,5.51327801216394,16.1564350128174
1,16.72,5.51661131205037,16.176700592041
1,16.73,5.51994461193681,16.1886215209961
1,16.74,5.52327791182324,16.2041187286377
1,16.75,5.52661121170968,16.2148475646973
1,16.76,5.52994451159611,16.2327289581299
1,16.77,5.53327781148255,16.2398815155029
1,16.78,5.53661111136898,16.251802444458
1,16.79,5.53994441125542,16.2708759307861
1,16.8,5.54327771114185,16.2816047668457
1,16.81,5.54661101102829,16.3018703460693
1,16.82,5.54994431091473,16.3125991821289
1,16.83,5.55327761080116,16.329288482666
1,16.84,5.5566109106876,16.3435935974121
1,16.85,5.55994421057403,16.3578987121582
1,16.86,5.56327751046047,16.3722038269043
1,16.87,5.5666108103469,16.3900852203369
1,16.88,5.56994411023334,16.399621963501
1,16.89,5.57327741011977,16.4115428924561
1,16.9,5.57661071000621,16.4198875427246
1,16.91,5.57994400989264,16.4365768432617
1,16.92,5.58327730977908,16.4413452148438
1,16.93,5.58661060966551,16.4401531219482
1,16.94,5.58994390955195,16.4520740509033
1,16.95,5.59327720943838,16.4592266082764
1,16.96,5.59661050932482,16.4628028869629
1,16.97,5.59994380921125,16.472339630127
1,16.98,5.60327710909769,16.4759159088135
1,16.99,5.60661040898412,16.484260559082
1,17,5.60994370887056,16.4997577667236
1,17.01,5.613277008757,16.5092945098877
1,17.02,5.61661030864343,16.5247917175293
1,17.03,5.61994360852987,16.5343284606934
1,17.04,5.6232769084163,16.5510177612305
1,17.05,5.62661020830274,16.5605545043945
1,17.06,5.62994350818917,16.5736675262451
1,17.07,5.63327680807561,16.5891647338867
1,17.08,5.63661010796204,16.6106224060059
1,17.09,5.63994340784848,16.624927520752
1,17.1,5.64327670773491,16.636848449707
1,17.11,5.64661000762135,16.6475772857666
1,17.12,5.64994330750778,16.6571140289307
1,17.13,5.65327660739422,16.6714191436768
1,17.14,5.65660990728065,16.6869163513184
1,17.15,5.65994320716709,16.6916847229004
1,17.16,5.66327650705352,16.7059898376465
1,17.17,5.66660980693996,16.7179107666016
1,17.18,5.66994310682639,16.7369842529297
1,17.19,5.67327640671283,16.7465209960938
1,17.2,5.67660970659927,16.7679786682129
1,17.21,5.6799430064857,16.782283782959
1,17.22,5.68327630637214,16.8025493621826
1,17.23,5.68660960625857,16.8120861053467
1,17.24,5.68994290614501,16.8287754058838
1,17.25,5.69327620603144,16.8454647064209
1,17.26,5.69660950591788,16.859769821167
1,17.27,5.69994280580431,16.8859958648682
1,17.28,5.70327610569075,16.9014930725098
1,17.29,5.70660940557718,16.9146060943604
1,17.3,5.70994270546362,16.9336795806885
1,17.31,5.71327600535005,16.9527530670166
1,17.32,5.71660930523649,16.9658660888672
1,17.33,5.71994260512292,16.9849395751953
1,17.34,5.72327590500936,16.9968605041504
1,17.35,5.72660920489579,17.017126083374
1,17.36,5.72994250478223,17.0290470123291
1,17.37,5.73327580466867,17.0421600341797
1,17.38,5.7366091045551,17.0552730560303
1,17.39,5.73994240444154,17.0636177062988
1,17.4,5.74327570432797,17.082691192627
1,17.41,5.74660900421441,17.087459564209
1,17.42,5.74994230410084,17.1065330505371
1,17.43,5.75327560398728,17.1208381652832
1,17.44,5.75660890387371,17.1315670013428
1,17.45,5.75994220376015,17.1542167663574
1,17.46,5.76327550364658,17.1566009521484
1,17.47,5.76660880353302,17.1732902526855
1,17.48,5.76994210341945,17.1864032745361
1,17.49,5.77327540330589,17.2019004821777
1,17.5,5.77660870319232,17.2138214111328
1,17.51,5.77994200307876,17.2293186187744
1,17.52,5.78327530296519,17.2436237335205
1,17.53,5.78660860285163,17.2638893127441
1,17.54,5.78994190273806,17.2781944274902
1,17.55,5.7932752026245,17.2948837280273
1,17.56,5.79660850251094,17.315149307251
1,17.57,5.79994180239737,17.3330307006836
1,17.58,5.80327510228381,17.3532962799072
1,17.59,5.80660840217024,17.3699855804443
1,17.6,5.80994170205668,17.390251159668
1,17.61,5.81327500194311,17.4105167388916
1,17.62,5.81660830182955,17.4272060394287
1,17.63,5.81994160171598,17.4438953399658
1,17.64,5.82327490160242,17.4605846405029
1,17.65,5.82660820148885,17.4808502197266
1,17.66,5.82994150137529,17.4987316131592
1,17.67,5.83327480126172,17.5178050994873
1,17.68,5.83660810114816,17.5416469573975
1,17.69,5.83994140103459,17.5642967224121
1,17.7,5.84327470092103,17.5786018371582
1,17.71,5.84660800080746,17.6036357879639
1,17.72,5.8499413006939,17.6191329956055
1,17.73,5.85327460058033,17.6405906677246
1,17.74,5.85660790046677,17.6632404327393
1,17.75,5.85994120035321,17.6858901977539
1,17.76,5.86327450023964,17.7061557769775
1,17.77,5.86660780012608,17.7276134490967
1,17.78,5.86994110001251,17.7454948425293
1,17.79,5.87327439989895,17.7669525146484
1,17.8,5.87660769978538,17.7907943725586
1,17.81,5.87994099967182,17.8050994873047
1,17.82,5.88327429955825,17.8217887878418
1,17.83,5.88660759944469,17.8384780883789
1,17.84,5.88994089933112,17.8647041320801
1,17.85,5.89327419921756,17.8766250610352
1,17.86,5.89660749910399,17.8933143615723
1,17.87,5.89994079899043,17.9159641265869
1,17.88,5.90327409887686,17.927885055542
1,17.89,5.9066073987633,17.9457664489746
1,17.9,5.90994069864973,17.9576873779297
1,17.91,5.91327399853617,17.9767608642578
1,17.92,5.9166072984226,17.9910659790039
1,17.93,5.91994059830904,17.9994106292725
1,17.94,5.92327389819548,18.0160999298096
1,17.95,5.92660719808191,18.0244445800781
1,17.96,5.92994049796835,18.0459022521973
1,17.97,5.93327379785478,18.0506706237793
1,17.98,5.93660709774122,18.0637836456299
1,17.99,5.93994039762765,18.080472946167
1,18,5.94327369751409,18.0864334106445
1,18.01,5.94660699740052,18.0983543395996
1,18.02,5.94994029728696,18.1174278259277
1,18.03,5.95327359717339,18.1269645690918
1,18.04,5.95660689705983,18.1400775909424
1,18.05,5.95994019694626,18.1496143341064
1,18.06,5.9632734968327,18.1591510772705
1,18.07,5.96660679671913,18.1710720062256
1,18.08,5.96994009660557,18.1853771209717
1,18.09,5.973273396492,18.1901454925537
1,18.1,5.97660669637844,18.2056427001953
1,18.11,5.97993999626487,18.2139873504639
1,18.12,5.98327329615131,18.2259082794189
1,18.13,5.98660659603775,18.240213394165
1,18.14,5.98993989592418,18.2497501373291
1,18.15,5.99327319581062,18.2652473449707
1,18.16,5.99660649569705,18.2771682739258
1,18.17,5.99993979558349,18.2986259460449
1,18.18,6.00327309546992,18.317699432373
1,18.19,6.00660639535636,18.3367729187012
1,18.2,6.00993969524279,18.3475017547607
1,18.21,6.01327299512923,18.3689594268799
1,18.22,6.01660629501566,18.380880355835
1,18.23,6.0199395949021,18.3916091918945
1,18.24,6.02327289478853,18.4106826782227
1,18.25,6.02660619467497,18.4166431427002
1,18.26,6.0299394945614,18.4392929077148
1,18.27,6.03327279444784,18.4452533721924
1,18.28,6.03660609433427,18.460750579834
1,18.29,6.03993939422071,18.4726715087891
1,18.3,6.04327269410715,18.4857845306396
1,18.31,6.04660599399358,18.5036659240723
1,18.32,6.04993929388002,18.5132026672363
1,18.33,6.05327259376645,18.535852432251
1,18.34,6.05660589365289,18.5513496398926
1,18.35,6.05993919353932,18.5620784759521
1,18.36,6.06327249342576,18.5847282409668
1,18.37,6.06660579331219,18.6014175415039
1,18.38,6.06993909319863,18.6276435852051
1,18.39,6.07327239308506,18.6419486999512
1,18.4,6.0766056929715,18.6574459075928
1,18.41,6.07993899285793,18.6717510223389
1,18.42,6.08327229274437,18.6872482299805
1,18.43,6.0866055926308,18.7039375305176
1,18.44,6.08993889251724,18.7170505523682
1,18.45,6.09327219240367,18.7361240386963
1,18.46,6.09660549229011,18.7540054321289
1,18.47,6.09993879217654,18.7623500823975
1,18.48,6.10327209206298,18.7742710113525
1,18.49,6.10660539194942,18.7957286834717
1,18.5,6.10993869183585,18.8052654266357
1,18.51,6.11327199172229,18.8219547271729
1,18.52,6.11660529160872,18.8362598419189
1,18.53,6.11993859149516,18.8398361206055
1,18.54,6.12327189138159,18.8601016998291
1,18.55,6.12660519126803,18.8720226287842
1,18.56,6.12993849115446,18.8887119293213
1,18.57,6.1332717910409,18.9006328582764
1,18.58,6.13660509092733,18.9113616943359
1,18.59,6.13993839081377,18.9316272735596
1,18.6,6.1432716907002,18.9459323883057
1,18.61,6.14660499058664,18.9602375030518
1,18.62,6.14993829047307,18.9745426177979
1,18.63,6.15327159035951,18.9924240112305
1,18.64,6.15660489024594,19.0067291259766
1,18.65,6.15993819013238,19.0174579620361
1,18.66,6.16327149001881,19.0341472625732
1,18.67,6.16660478990525,19.0436840057373
1,18.68,6.16993808979169,19.0520286560059
1,18.69,6.17327138967812,19.0722942352295
1,18.7,6.17660468956456,19.0794467926025
1,18.71,6.17993798945099,19.0913677215576
1,18.72,6.18327128933743,19.1032886505127
1,18.73,6.18660458922386,19.1128253936768
1,18.74,6.1899378891103,19.1271305084229
1,18.75,6.19327118899673,19.1426277160645
1,18.76,6.19660448888317,19.155740737915
1,18.77,6.1999377887696,19.1676616668701
1,18.78,6.20327108865604,19.1783905029297
1,18.79,6.20660438854247,19.1903114318848
1,18.8,6.20993768842891,19.2081928253174
1,18.81,6.21327098831534,19.2165374755859
1,18.82,6.21660428820178,19.2368030548096
1,18.83,6.21993758808821,19.2534923553467
1,18.84,6.22327088797465,19.2666053771973
1,18.85,6.22660418786108,19.2797183990479
1,18.86,6.22993748774752,19.2928314208984
1,18.87,6.23327078763396,19.3119049072266
1,18.88,6.23660408752039,19.3321704864502
1,18.89,6.23993738740683,19.3476676940918
1,18.9,6.24327068729326,19.3619728088379
1,18.91,6.2466039871797,19.3822383880615
1,18.92,6.24993728706613,19.3989276885986
1,18.93,6.25327058695257,19.4239616394043
1,18.94,6.256603886839,19.4406509399414
1,18.95,6.25993718672544,19.4597244262695
1,18.96,6.26327048661187,19.4799900054932
1,18.97,6.26660378649831,19.4907188415527
1,18.98,6.26993708638474,19.5157527923584
1,18.99,6.27327038627118,19.526481628418
1,19,6.27660368615761,19.5407867431641
1,19.01,6.27993698604405,19.5634365081787
1,19.02,6.28327028593048,19.5837020874023
1,19.03,6.28660358581692,19.6003913879395
1,19.04,6.28993688570336,19.6218490600586
1,19.05,6.29327018558979,19.6373462677002
1,19.06,6.29660348547623,19.6540355682373
1,19.07,6.29993678536266,19.6659564971924
1,19.08,6.3032700852491,19.683837890625
1,19.09,6.30660338513553,19.6993350982666
1,19.1,6.30993668502197,19.7148323059082
1,19.11,6.3132699849084,19.7255611419678
1,19.12,6.31660328479484,19.7494029998779
1,19.13,6.31993658468127,19.758939743042
1,19.14,6.32326988456771,19.7768211364746
1,19.15,6.32660318445414,19.7911262512207
1,19.16,6.32993648434058,19.8030471801758
1,19.17,6.33326978422701,19.8185443878174
1,19.18,6.33660308411345,19.8328495025635
1,19.19,6.33993638399989,19.8483467102051
1,19.2,6.34326968388632,19.8531150817871
1,19.21,6.34660298377275,19.8745727539063
1,19.22,6.34993628365919,19.8876857757568
1,19.23,6.35326958354563,19.9103355407715
1,19.24,6.35660288343206,19.9222564697266
1,19.25,6.3599361833185,19.9365615844727
1,19.26,6.36326948320493,19.9484825134277
1,19.27,6.36660278309137,19.9568271636963
1,19.28,6.3699360829778,19.9723243713379
1,19.29,6.37326938286424,19.9806690216064
1,19.3,6.37660268275067,19.986629486084
1,19.31,6.37993598263711,19.9949741363525
1,19.32,6.38326928252354,20.0045108795166
1,19.33,6.38660258240998,20.0080871582031
1,19.34,6.38993588229641,20.0247764587402
1,19.35,6.39326918218285,20.0271606445313
1,19.36,6.39660248206928,20.0438499450684
1,19.37,6.39993578195572,20.0462341308594
1,19.38,6.40326908184215,20.0581550598145
1,19.39,6.40660238172859,20.066499710083
1,19.4,6.40993568161502,20.0760364532471
1,19.41,6.41326898150146,20.0903415679932
1,19.42,6.4166022813879,20.1022624969482
1,19.43,6.41993558127433,20.1094150543213
1,19.44,6.42326888116077,20.1249122619629
1,19.45,6.4266021810472,20.1356410980225
1,19.46,6.42993548093364,20.1511383056641
1,19.47,6.43326878082007,20.1702117919922
1,19.48,6.43660208070651,20.1869010925293
1,19.49,6.43993538059294,20.2000141143799
1,19.5,6.44326868047938,20.2155113220215
1,19.51,6.44660198036581,20.2405452728271
1,19.52,6.44993528025225,20.2536582946777
1,19.53,6.45326858013868,20.2739238739014
1,19.54,6.45660188002512,20.2977657318115
1,19.55,6.45993517991155,20.3168392181396
1,19.56,6.46326847979799,20.3359127044678
1,19.57,6.46660177968442,20.3585624694824
1,19.58,6.46993507957086,20.3776359558105
1,19.59,6.47326837945729,20.4002857208252
1,19.6,6.47660167934373,20.4169750213623
1,19.61,6.47993497923017,20.4372406005859
1,19.62,6.4832682791166,20.449161529541
1,19.63,6.48660157900304,20.4670429229736
1,19.64,6.48993487888947,20.4885005950928
1,19.65,6.49326817877591,20.5051898956299
1,19.66,6.49660147866234,20.5206871032715
1,19.67,6.49993477854878,20.5338001251221
1,19.68,6.50326807843521,20.5540657043457
1,19.69,6.50660137832165,20.5647945404053
1,19.7,6.50993467820808,20.5755233764648
1,19.71,6.51326797809452,20.594596862793
1,19.72,6.51660127798095,20.6100940704346
1,19.73,6.51993457786739,20.6172466278076
1,19.74,6.52326787775382,20.6387042999268
1,19.75,6.52660117764026,20.6530094146729
1,19.76,6.52993447752669,20.6685066223145
1,19.77,6.53326777741313,20.6851959228516
1,19.78,6.53660107729957,20.6971168518066
1,19.79,6.539934377186,20.7149982452393
1,19.8,6.54326767707244,20.7233428955078
1,19.81,6.54660097695887,20.744800567627
1,19.82,6.54993427684531,20.7555294036865
1,19.83,6.55326757673174,20.7781791687012
1,19.84,6.55660087661818,20.7889080047607
1,19.85,6.55993417650461,20.8067893981934
1,19.86,6.56326747639105,20.8163261413574
1,19.87,6.56660077627748,20.8353996276855
1,19.88,6.56993407616392,20.8497047424316
1,19.89,6.57326737605035,20.8699703216553
1,19.9,6.57660067593679,20.8854675292969
1,19.91,6.57993397582322,20.8938121795654
1,19.92,6.58326727570966,20.9128856658936
1,19.93,6.5866005755961,20.9248065948486
1,19.94,6.59326717536896,20.9403038024902
1,19.95,6.5966004752554,20.9522247314453
1,19.97,6.59993377514184,20.977258682251
1,19.98,6.60326707502827,20.9903717041016
1,19.99,6.60993367480114,20.9939479827881
1,20,6.61326697468758,21.0094451904297
1,20.01,6.61660027457401,21.0213661193848
1,20.02,6.61993357446045,21.0332870483398
1,20.03,6.62326687434688,21.0440158843994
1,20.04,6.62660017423332,21.0583209991455
1,20.05,6.62993347411975,21.0678577423096
1,20.06,6.63326677400619,21.0809707641602
1,20.07,6.63660007389262,21.0964679718018
1,20.08,6.63993337377906,21.1107730865479
1,20.09,6.64326667366549,21.1286544799805
1,20.1,6.64659997355193,21.1358070373535
1,20.11,6.64993327343836,21.1501121520996
1,20.12,6.6532665733248,21.1679935455322
1,20.13,6.65659987321123,21.1763381958008
1,20.14,6.65993317309767,21.1954116821289
1,20.15,6.66326647298411,21.204948425293
1,20.16,6.66659977287054,21.2109088897705
1,20.17,6.66993307275698,21.2252140045166
1,20.18,6.67326637264341,21.2383270263672
1,20.19,6.67659967252985,21.2466716766357
1,20.2,6.67993297241628,21.2585926055908
1,20.21,6.68326627230272,21.2717056274414
1,20.22,6.68659957218915,21.2883949279785
1,20.23,6.68993287207559,21.2991237640381
1,20.24,6.69326617196202,21.3181972503662
1,20.25,6.69659947184846,21.3325023651123
1,20.26,6.69993277173489,21.3491916656494
1,20.27,6.70326607162133,21.3623046875
1,20.28,6.70659937150776,21.3849544525146
1,20.29,6.7099326713942,21.4004516601563
1,20.3,6.71326597128063,21.4183330535889
1,20.31,6.71659927116707,21.4362144470215
1,20.32,6.7199325710535,21.4505195617676
1,20.33,6.72326587093994,21.4684009552002
1,20.34,6.72659917082638,21.4803218841553
1,20.35,6.72993247071281,21.5041637420654
1,20.36,6.73326577059925,21.5244293212891
1,20.37,6.73659907048568,21.5339660644531
1,20.38,6.73993237037212,21.5518474578857
1,20.39,6.74326567025855,21.5697288513184
1,20.4,6.74659897014499,21.5828418731689
1,20.41,6.74993227003142,21.6054916381836
1,20.42,6.75326556991786,21.6186046600342
1,20.43,6.75659886980429,21.6329097747803
1,20.44,6.75993216969073,21.6567516326904
1,20.45,6.76326546957716,21.6710567474365
1,20.46,6.7665987694636,21.6913223266602
1,20.47,6.76993206935003,21.7080116271973
1,20.48,6.77326536923647,21.7270851135254
1,20.49,6.7765986691229,21.744966506958
1,20.5,6.77993196900934,21.7640399932861
1,20.51,6.78326526889578,21.7807292938232
1,20.52,6.78659856878221,21.8009948730469
1,20.53,6.78993186866865,21.815299987793
1,20.54,6.79326516855508,21.8331813812256
1,20.55,6.79659846844152,21.8534469604492
1,20.56,6.79993176832795,21.8701362609863
1,20.57,6.80326506821439,21.8808650970459
1,20.58,6.80659836810082,21.9058990478516
1,20.59,6.80993166798726,21.9237804412842
1,20.6,6.81326496787369,21.9416618347168
1,20.61,6.81659826776013,21.9666957855225
1,20.62,6.81993156764656,21.9821929931641
1,20.63,6.823264867533,22.0060348510742
1,20.64,6.82659816741943,22.0263004302979
1,20.65,6.82993146730587,22.045373916626
1,20.66,6.83326476719231,22.0715999603271
1,20.67,6.83659806707874,22.0966339111328
1,20.68,6.83993136696517,22.1097469329834
1,20.69,6.84326466685161,22.1383571624756
1,20.7,6.84659796673805,22.1598148345947
1,20.71,6.84993126662448,22.1741199493408
1,20.72,6.85326456651092,22.1967697143555
1,20.73,6.85659786639735,22.2170352935791
1,20.74,6.85993116628379,22.2325325012207
1,20.75,6.86326446617022,22.2444534301758
1,20.76,6.86659776605666,22.2587585449219
1,20.77,6.86993106594309,22.2790241241455
1,20.78,6.87326436582953,22.2885608673096
1,20.79,6.87659766571596,22.3100185394287
1,20.8,6.8799309656024,22.3219394683838
1,20.81,6.88326426548883,22.3350524902344
1,20.82,6.88659756537527,22.3469734191895
1,20.83,6.8899308652617,22.357702255249
1,20.84,6.89326416514814,22.3755836486816
1,20.85,6.89659746503457,22.3898887634277
1,20.86,6.89993076492101,22.4006175994873
1,20.87,6.90326406480744,22.4161148071289
1,20.88,6.90659736469388,22.4208831787109
1,20.89,6.90993066458032,22.4399566650391
1,20.9,6.91326396446675,22.4542617797852
1,20.91,6.91659726435319,22.4733352661133
1,20.92,6.91993056423962,22.4840641021729
1,20.93,6.92326386412606,22.4971771240234
1,20.94,6.92659716401249,22.5150585174561
1,20.95,6.92993046389893,22.5269794464111
1,20.96,6.93326376378536,22.5460529327393
1,20.97,6.9365970636718,22.5639343261719
1,20.98,6.93993036355823,22.5710868835449
1,20.99,6.94326366344467,22.5925445556641
1,21,6.9465969633311,22.6044654846191
1,21.01,6.94993026321754,22.6235389709473
1,21.02,6.95326356310397,22.6366519927979
1,21.03,6.95659686299041,22.6569175720215
1,21.04,6.95993016287684,22.6688385009766
1,21.05,6.96326346276328,22.6819515228271
1,21.06,6.96659676264971,22.6938724517822
1,21.07,6.96993006253615,22.7129459381104
1,21.08,6.97326336242259,22.7272510528564
1,21.09,6.97659666230902,22.730827331543
1,21.1,6.97992996219546,22.7522850036621
1,21.11,6.98326326208189,22.7642059326172
1,21.12,6.98659656196833,22.7797031402588
1,21.13,6.98992986185476,22.7952003479004
1,21.14,6.9932631617412,22.813081741333
1,21.15,6.99659646162763,22.8273868560791
1,21.16,6.99992976151407,22.8476524353027
1,21.17,7.0032630614005,22.8607654571533
1,21.18,7.00659636128694,22.8726863861084
1,21.19,7.00992966117337,22.88818359375
1,21.2,7.01326296105981,22.9001045227051
1,21.21,7.01659626094624,22.9275226593018
1,21.22,7.01992956083268,22.9346752166748
1,21.23,7.02326286071911,22.9525566101074
1,21.24,7.02659616060555,22.9763984680176
1,21.25,7.02992946049199,22.9847431182861
1,21.26,7.03326276037842,23.0073928833008
1,21.27,7.03659606026486,23.0216979980469
1,21.28,7.03992936015129,23.040771484375
1,21.29,7.04326266003773,23.0503082275391
1,21.3,7.04659595992416,23.0717658996582
1,21.31,7.0499292598106,23.0872631072998
1,21.32,7.05326255969703,23.1027603149414
1,21.33,7.05659585958347,23.1194496154785
1,21.34,7.0599291594699,23.1325626373291
1,21.35,7.06326245935634,23.1468677520752
1,21.36,7.06659575924277,23.1599807739258
1,21.37,7.06992905912921,23.1707096099854
1,21.38,7.07326235901564,23.1826305389404
1,21.39,7.07659565890208,23.190975189209
1,21.4,7.07992895878852,23.2040882110596
1,21.41,7.08326225867495,23.2148170471191
1,21.42,7.08659555856138,23.2231616973877
1,21.43,7.08992885844782,23.2481956481934
1,21.44,7.09326215833426,23.2529640197754
1,21.45,7.09659545822069,23.2601165771484
1,21.46,7.09992875810713,23.2744216918945
1,21.47,7.10326205799356,23.2839584350586
1,21.48,7.10659535788,23.2958793640137
1,21.49,7.10992865776643,23.3006477355957
1,21.5,7.11326195765287,23.3197212219238
1,21.51,7.1165952575393,23.3292579650879
1,21.52,7.11992855742574,23.3447551727295
1,21.53,7.12326185731217,23.3590602874756
1,21.54,7.12659515719861,23.3769416809082
1,21.55,7.12992845708504,23.3948230743408
1,21.56,7.13326175697148,23.4079360961914
1,21.57,7.13659505685791,23.4305858612061
1,21.58,7.13992835674435,23.4520435333252
1,21.59,7.14326165663078,23.4663486480713
1,21.6,7.14659495651722,23.4818458557129
1,21.61,7.14992825640365,23.505687713623
1,21.62,7.15326155629009,23.5152244567871
1,21.63,7.15659485617653,23.5331058502197
1,21.64,7.15992815606296,23.5462188720703
1,21.65,7.1632614559494,23.5593318939209
1,21.66,7.16659475583583,23.5724449157715
1,21.67,7.16992805572227,23.5819816589355
1,21.68,7.1732613556087,23.5962867736816
1,21.69,7.17659465549514,23.6070156097412
1,21.7,7.17992795538157,23.6201286315918
1,21.71,7.18326125526801,23.6344337463379
1,21.72,7.18659455515444,23.648738861084
1,21.73,7.18992785504088,23.6630439758301
1,21.74,7.19326115492731,23.6785411834717
1,21.75,7.19659445481375,23.6940383911133
1,21.76,7.19992775470018,23.7178802490234
1,21.77,7.20326105458662,23.7298011779785
1,21.78,7.20659435447305,23.7524509429932
1,21.79,7.20992765435949,23.7727165222168
1,21.8,7.21326095424593,23.7929821014404
1,21.81,7.21659425413236,23.8156318664551
1,21.82,7.2199275540188,23.8299369812012
1,21.83,7.22326085390523,23.8573551177979
1,21.84,7.22659415379167,23.8728523254395
1,21.85,7.2299274536781,23.9014625549316
1,21.86,7.23326075356454,23.9217281341553
1,21.87,7.23659405345097,23.9419937133789
1,21.88,7.23992735333741,23.9598751068115
1,21.89,7.24326065322384,23.9801406860352
1,21.9,7.24659395311028,23.9956378936768
1,21.91,7.24992725299671,24.0170955657959
1,21.92,7.25326055288315,24.0325927734375
1,21.93,7.25659385276958,24.0552425384521
1,21.94,7.25992715265602,24.0707397460938
1,21.95,7.26326045254245,24.0838527679443
1,21.96,7.26659375242889,24.111270904541
1,21.97,7.26992705231532,24.1267681121826
1,21.98,7.27326035220176,24.1494178771973
1,21.99,7.2765936520882,24.1637229919434
1,22,7.27992695197463,24.183988571167
1,22.01,7.28326025186107,24.2018699645996
1,22.02,7.2865935517475,24.2185592651367
1,22.03,7.28992685163394,24.2376327514648
1,22.04,7.29326015152037,24.2578983306885
1,22.05,7.29659345140681,24.2841243743896
1,22.06,7.29992675129324,24.2960453033447
1,22.07,7.30326005117968,24.3139266967773
1,22.08,7.30659335106611,24.3330001831055
1,22.09,7.30992665095255,24.3461132049561
1,22.1,7.31325995083898,24.3771076202393
1,22.11,7.31659325072542,24.3902206420898
1,22.12,7.31992655061185,24.3985652923584
1,22.13,7.32325985049829,24.4247913360596
1,22.14,7.32659315038473,24.4379043579102
1,22.15,7.32992645027116,24.4581699371338
1,22.16,7.33325975015759,24.4700908660889
1,22.17,7.33659305004403,24.4784355163574
1,22.18,7.33992634993047,24.493932723999
1,22.19,7.3432596498169,24.5070457458496
1,22.2,7.34659294970334,24.5165824890137
1,22.21,7.34992624958977,24.5332717895508
1,22.22,7.35325954947621,24.5440006256104
1,22.23,7.35659284936264,24.566650390625
1,22.24,7.35992614924908,24.5845317840576
1,22.25,7.36325944913551,24.5976448059082
1,22.26,7.36659274902195,24.6167182922363
1,22.27,7.36992604890838,24.6310234069824
1,22.28,7.37325934879482,24.6500968933105
1,22.29,7.37659264868125,24.6644020080566
1,22.3,7.37992594856769,24.6751308441162
1,22.31,7.38325924845412,24.6942043304443
1,22.32,7.38659254834056,24.7037410736084
1,22.33,7.389925848227,24.7228145599365
1,22.34,7.39325914811343,24.7323513031006
1,22.35,7.39659244799986,24.7418880462646
1,22.36,7.3999257478863,24.7538089752197
1,22.37,7.40325904777274,24.7704982757568
1,22.38,7.40659234765917,24.7800350189209
1,22.39,7.40992564754561,24.7931480407715
1,22.4,7.41325894743204,24.8086452484131
1,22.41,7.41659224731848,24.8265266418457
1,22.42,7.41992554720491,24.8420238494873
1,22.43,7.42325884709135,24.8515605926514
1,22.44,7.42659214697778,24.871826171875
1,22.45,7.42992544686422,24.8908996582031
1,22.46,7.43325874675065,24.9123573303223
1,22.47,7.43659204663709,24.9254703521729
1,22.48,7.43992534652352,24.9457359313965
1,22.49,7.44325864640996,24.9612331390381
1,22.5,7.44659194629639,24.9779224395752
1,22.51,7.44992524618283,24.9969959259033
1,22.52,7.45325854606926,25.0101089477539
1,22.53,7.4565918459557,25.0303745269775
1,22.54,7.45992514584214,25.0446796417236
1,22.55,7.46325844572857,25.0613689422607
1,22.56,7.46659174561501,25.0697135925293
1,22.57,7.46992504550144,25.0875949859619
1,22.58,7.47325834538788,25.101900100708
1,22.59,7.47659164527431,25.1185894012451
1,22.6,7.47992494516075,25.1352787017822
1,22.61,7.48325824504718,25.1555442810059
1,22.62,7.48659154493362,25.1686573028564
1,22.63,7.48992484482005,25.1948833465576
1,22.64,7.49325814470649,25.2091884613037
1,22.65,7.49659144459292,25.2234935760498
1,22.66,7.49992474447936,25.2413749694824
1,22.67,7.50325804436579,25.2509117126465
1,22.68,7.50659134425223,25.2616405487061
1,22.69,7.50992464413866,25.2723693847656
1,22.7,7.5132579440251,25.2914428710938
1,22.71,7.51659124391153,25.3009796142578
1,22.72,7.51992454379797,25.3176689147949
1,22.73,7.52325784368441,25.3331661224365
1,22.74,7.52659114357084,25.3462791442871
1,22.75,7.52992444345728,25.3617763519287
1,22.76,7.53325774334371,25.3736972808838
1,22.77,7.53659104323015,25.3856182098389
1,22.78,7.53992434311658,25.404691696167
1,22.79,7.54325764300302,25.4225730895996
1,22.8,7.54659094288945,25.4344940185547
1,22.81,7.54992424277589,25.4607200622559
1,22.82,7.55325754266232,25.4726409912109
1,22.83,7.55659084254876,25.486946105957
1,22.84,7.55992414243519,25.5107879638672
1,22.85,7.56325744232163,25.5227088928223
1,22.86,7.56659074220806,25.5441665649414
1,22.87,7.5699240420945,25.5560874938965
1,22.88,7.57325734198094,25.5787372589111
1,22.89,7.57659064186737,25.5906581878662
1,22.9,7.5799239417538,25.6109237670898
1,22.91,7.58325724164024,25.6192684173584
1,22.92,7.58659054152668,25.6383419036865
1,22.93,7.58992384141311,25.6514549255371
1,22.94,7.59325714129955,25.6681442260742
1,22.95,7.59659044118598,25.6836414337158
1,22.96,7.59992374107242,25.6931781768799
1,22.97,7.60325704095885,25.707483291626
1,22.98,7.60659034084529,25.7217884063721
1,22.99,7.60992364073172,25.7301330566406
1,23,7.61325694061816,25.7456302642822
1,23.01,7.61659024050459,25.7623195648193
1,23.02,7.61992354039103,25.7766246795654
1,23.03,7.62325684027746,25.7980823516846
1,23.04,7.6265901401639,25.8052349090576
1,23.05,7.62992344005033,25.8314609527588
1,23.06,7.63325673993677,25.8481502532959
1,23.07,7.63659003982321,25.8719921112061
1,23.08,7.64325663959607,25.8922576904297
1,23.1,7.64658993948251,25.942325592041
1,23.11,7.64992323936895,25.9649753570557
1,23.12,7.65325653925538,25.9923934936523
1,23.13,7.65992313902825,26.0186195373535
1,23.14,7.66325643891469,26.0496139526367
1,23.16,7.66658973880112,26.097297668457
1,23.17,7.67325633857399,26.1247158050537
1,23.18,7.67658963846043,26.1473655700684
1,23.19,7.67992293834686,26.1664390563965
1,23.2,7.6832562382333,26.1855125427246
1,23.22,7.68658953811973,26.2212753295898
1,23.23,7.6932561378926,26.242733001709
1,23.24,7.69658943777904,26.2606143951416
1,23.26,7.70325603755191,26.2904167175293
1,23.27,7.70658933743835,26.3059139251709
1,23.28,7.70992263732478,26.3130664825439
1,23.29,7.71325593721122,26.3321399688721
1,23.3,7.71658923709765,26.3464450836182
1,23.31,7.71992253698409,26.3595581054688
1,23.32,7.72325583687052,26.3726711273193
1,23.33,7.72658913675696,26.3810157775879
1,23.34,7.72992243664339,26.392936706543
1,23.35,7.73325573652983,26.4084339141846
1,23.36,7.73658903641626,26.4203548431396
1,23.37,7.7399223363027,26.4346599578857
1,23.38,7.74325563618913,26.4430046081543
1,23.39,7.74658893607557,26.4513492584229
1,23.4,7.749922235962,26.46803855896
1,23.41,7.75325553584844,26.4811515808105
1,23.42,7.75658883573487,26.4918804168701
1,23.43,7.75992213562131,26.5061855316162
1,23.44,7.76325543550774,26.5169143676758
1,23.45,7.76658873539418,26.5312194824219
1,23.46,7.76992203528062,26.5395641326904
1,23.47,7.77325533516705,26.55029296875
1,23.48,7.77658863505349,26.557445526123
1,23.49,7.77992193493992,26.5705585479736
1,23.5,7.78325523482636,26.5812873840332
1,23.51,7.78658853471279,26.6015529632568
1,23.52,7.78992183459923,26.6122817993164
1,23.53,7.79325513448566,26.620626449585
1,23.54,7.7965884343721,26.6396999359131
1,23.55,7.79992173425853,26.6408920288086
1,23.56,7.80325503414497,26.6647338867188
1,23.57,7.8065883340314,26.6695022583008
1,23.58,7.80992163391784,26.6814231872559
1,23.59,7.81325493380427,26.6921520233154
1,23.6,7.81658823369071,26.707649230957
1,23.61,7.81992153357715,26.7171859741211
1,23.62,7.82325483346358,26.7255306243896
1,23.63,7.82658813335002,26.7398357391357
1,23.64,7.82992143323645,26.7517566680908
1,23.65,7.83325473312289,26.7601013183594
1,23.66,7.83658803300932,26.7720222473145
1,23.67,7.83992133289576,26.7791748046875
1,23.68,7.84325463278219,26.7934799194336
1,23.69,7.84658793266863,26.8054008483887
1,23.7,7.84992123255506,26.8280506134033
1,23.71,7.8532545324415,26.8423557281494
1,23.72,7.85658783232793,26.860237121582
1,23.73,7.85992113221437,26.8793106079102
1,23.74,7.8632544321008,26.8959999084473
1,23.75,7.86658773198724,26.9126892089844
1,23.76,7.86992103187367,26.930570602417
1,23.77,7.87325433176011,26.9496440887451
1,23.78,7.87658763164654,26.9687175750732
1,23.79,7.87992093153298,26.9925594329834
1,23.8,7.88325423141941,27.0044803619385
1,23.81,7.88658753130585,27.0211696624756
1,23.82,7.88992083119228,27.0378589630127
1,23.83,7.89325413107872,27.0533561706543
1,23.84,7.89658743096516,27.0700454711914
1,23.85,7.89992073085159,27.0795822143555
1,23.86,7.90325403073803,27.1022319793701
1,23.87,7.90658733062446,27.1177291870117
1,23.88,7.9099206305109,27.1320343017578
1,23.89,7.91325393039733,27.1451473236084
1,23.9,7.91658723028377,27.1642208099365
1,23.91,7.9199205301702,27.1785259246826
1,23.92,7.92325383005664,27.1987915039063
1,23.93,7.92658712994307,27.2154808044434
1,23.94,7.92992042982951,27.2369384765625
1,23.95,7.93325372971594,27.2524356842041
1,23.96,7.93658702960238,27.2703170776367
1,23.97,7.93992032948881,27.2977352142334
1,23.98,7.94325362937525,27.3168087005615
1,23.99,7.94658692926169,27.3323059082031
1,24,7.94992022914812,27.3585319519043
1,24.01,7.95325352903456,27.3776054382324
1,24.02,7.95658682892099,27.4014472961426
1,24.03,7.95992012880743,27.4217128753662
1,24.04,7.96325342869386,27.4455547332764
1,24.05,7.9665867285803,27.4658203125
1,24.06,7.96992002846673,27.4896621704102
1,24.07,7.97325332835317,27.5075435638428
1,24.08,7.9765866282396,27.5266170501709
1,24.09,7.97991992812604,27.5540351867676
1,24.1,7.98325322801247,27.5719165802002
1,24.11,7.98658652789891,27.5921821594238
1,24.12,7.98991982778534,27.616024017334
1,24.13,7.99325312767178,27.6362895965576
1,24.14,7.99658642755821,27.6553630828857
1,24.15,7.99991972744465,27.6744365692139
1,24.16,8.00325302733108,27.6875495910645
1,24.17,8.00658632721752,27.7101993560791
1,24.18,8.00991962710395,27.7316570281982
1,24.19,8.01325292699039,27.7566909790039
1,24.2,8.01658622687683,27.775764465332
1,24.21,8.01991952676326,27.7912616729736
1,24.22,8.0232528266497,27.8198719024658
1,24.23,8.02658612653613,27.8389453887939
1,24.24,8.02991942642257,27.8627872467041
1,24.25,8.033252726309,27.8759002685547
1,24.26,8.03658602619544,27.8997421264648
1,24.27,8.03991932608187,27.9116630554199
1,24.28,8.04325262596831,27.930736541748
1,24.29,8.04658592585474,27.9438495635986
1,24.3,8.04991922574118,27.9617309570313
1,24.31,8.05325252562761,27.9748439788818
1,24.32,8.05658582551405,27.9915332794189
1,24.33,8.05991912540048,28.0046463012695
1,24.34,8.06325242528692,28.0177593231201
1,24.35,8.06658572517335,28.0272960662842
1,24.36,8.06991902505979,28.0392169952393
1,24.37,8.07325232494623,28.0547142028809
1,24.38,8.07658562483266,28.0618667602539
1,24.39,8.0799189247191,28.0749797821045
1,24.4,8.08325222460553,28.0773639678955
1,24.41,8.08658552449197,28.0916690826416
1,24.42,8.0899188243784,28.0916690826416
1,24.43,8.09325212426484,28.1047821044922
1,24.44,8.09658542415127,28.1047821044922
1,24.45,8.09991872403771,28.1190872192383
1,24.46,8.10325202392414,28.1286239624023
1,24.47,8.10658532381058,28.1417369842529
1,24.48,8.10991862369701,28.151273727417
1,24.49,8.11325192358345,28.1631946563721
1,24.5,8.11658522346988,28.1906127929688
1,24.51,8.11991852335632,28.2061100006104
1,24.52,8.12325182324276,28.226375579834
1,24.53,8.12658512312919,28.2454490661621
1,24.54,8.12991842301562,28.2669067382813
1,24.55,8.13325172290206,28.2931327819824
1,24.56,8.13658502278849,28.311014175415
1,24.57,8.13991832267493,28.3384323120117
1,24.58,8.14325162256137,28.3563137054443
1,24.59,8.1465849224478,28.3753871917725
1,24.6,8.14991822233424,28.3944606781006
1,24.61,8.15325152222067,28.4159183502197
1,24.62,8.15658482210711,28.4314155578613
1,24.63,8.15991812199354,28.4624099731445
1,24.64,8.16325142187998,28.4826755523682
1,24.65,8.16658472176641,28.5053253173828
1,24.66,8.16991802165285,28.5255908966064
1,24.67,8.17325132153928,28.5422801971436
1,24.68,8.17658462142572,28.5649299621582
1,24.69,8.17991792131215,28.5899639129639
1,24.7,8.18325122119859,28.611421585083
1,24.71,8.18658452108502,28.6257266998291
1,24.72,8.18991782097146,28.6400318145752
1,24.73,8.19325112085789,28.6614894866943
1,24.74,8.19658442074433,28.6757946014404
1,24.75,8.19991772063077,28.6984443664551
1,24.76,8.2032510205172,28.7127494812012
1,24.77,8.20658432040364,28.7365913391113
1,24.78,8.20991762029007,28.7544727325439
1,24.79,8.21325092017651,28.7747383117676
1,24.8,8.21658422006294,28.7938117980957
1,24.81,8.21991751994938,28.8152694702148
1,24.82,8.22325081983581,28.836727142334
1,24.83,8.22658411972225,28.8546085357666
1,24.84,8.22991741960868,28.8772583007813
1,24.85,8.23325071949512,28.8987159729004
1,24.86,8.23658401938155,28.918981552124
1,24.87,8.23991731926799,28.9380550384521
1,24.88,8.24325061915443,28.9618968963623
1,24.89,8.24658391904086,28.9821624755859
1,24.9,8.24991721892729,29.0000438690186
1,24.91,8.25325051881373,29.0155410766602
1,24.92,8.25658381870016,29.0417671203613
1,24.93,8.2599171185866,29.0536880493164
1,24.94,8.26325041847304,29.0811061859131
1,24.95,8.26658371835947,29.0858745574951
1,24.96,8.26991701824591,29.1049480438232
1,24.97,8.27325031813234,29.1252136230469
1,24.98,8.27658361801878,29.1430950164795
1,24.99,8.27991691790521,29.1550159454346
1,25,8.28325021779165,29.1705131530762
1,25.01,8.28658351767808,29.1907787322998
1,25.02,8.28991681756452,29.2038917541504
1,25.03,8.29325011745095,29.224157333374
1,25.04,8.29658341733739,29.2456150054932
1,25.05,8.29991671722382,29.2599201202393
1,25.06,8.30325001711026,29.2778015136719
1,25.07,8.30658331699669,29.2956829071045
1,25.08,8.30991661688313,29.3231010437012
1,25.09,8.31324991676956,29.3409824371338
1,25.1,8.316583216656,29.3624401092529
1,25.11,8.31991651654244,29.3815135955811
1,25.12,8.32324981642887,29.3982028961182
1,25.13,8.32658311631531,29.4148921966553
1,25.14,8.32991641620174,29.4327735900879
1,25.15,8.33324971608818,29.4482707977295
1,25.16,8.33658301597461,29.4661521911621
1,25.17,8.33991631586105,29.4756889343262
1,25.18,8.34324961574748,29.4947624206543
1,25.19,8.34658291563392,29.5114517211914
1,25.2,8.34991621552035,29.5352935791016
1,25.21,8.35324951540679,29.5448303222656
1,25.22,8.35658281529322,29.5662879943848
1,25.23,8.35991611517966,29.5782089233398
1,25.24,8.36324941506609,29.5853614807129
1,25.25,8.36658271495253,29.604434967041
1,25.26,8.36991601483897,29.6187400817871
1,25.27,8.3732493147254,29.6378135681152
1,25.28,8.37658261461183,29.6521186828613
1,25.29,8.37991591449827,29.6497344970703
1,25.3,8.3832492143847,29.6688079833984
1,25.31,8.38658251427114,29.6902656555176
1,25.32,8.38991581415758,29.6974182128906
1,25.33,8.39324911404401,29.7212600708008
1,25.34,8.39658241393045,29.7355651855469
1,25.35,8.39991571381688,29.749870300293
1,25.36,8.40324901370332,29.7689437866211
1,25.37,8.40658231358975,29.7808647155762
1,25.38,8.40991561347619,29.8070907592773
1,25.39,8.41324891336262,29.8380851745605
1,25.4,8.41658221324906,29.8476219177246
1,25.41,8.41991551313549,29.8786163330078
1,25.42,8.42324881302193,29.8976898193359
1,25.43,8.42658211290836,29.9239158630371
1,25.44,8.4299154127948,29.9406051635742
1,25.45,8.43324871268123,29.9692153930664
1,25.46,8.43658201256767,29.9787521362305
1,25.47,8.4399153124541,30.0073623657227
1,25.48,8.44324861234054,30.0264358520508
1,25.49,8.44658191222698,30.0312042236328
1,25.5,8.44991521211341,30.0431251525879
1,25.51,8.45324851199985,30.0693511962891
1,25.52,8.45658181188628,30.0812721252441
1,25.53,8.45991511177272,30.1074981689453
1,25.54,8.46324841165915,30.1194190979004
1,25.55,8.46658171154559,30.1480293273926
1,25.56,8.46991501143202,30.1527976989746
1,25.57,8.47324831131846,30.1790237426758
1,25.58,8.47658161120489,30.1933288574219
1,25.59,8.47991491109133,30.219554901123
1,25.6,8.48324821097776,30.2314758300781
1,25.61,8.4865815108642,30.2433967590332
1,25.62,8.48991481075064,30.2743911743164
1,25.63,8.49324811063707,30.2910804748535
1,25.64,8.4965814105235,30.3053855895996
1,25.65,8.49991471040994,30.3173065185547
1,25.66,8.50324801029637,30.3459167480469
1,25.67,8.50658131018281,30.3435325622559
1,25.68,8.50991461006925,30.372142791748
1,25.69,8.51324790995568,30.3840637207031
1,25.7,8.51658120984212,30.4126739501953
1,25.71,8.51991450972855,30.4245948791504
1,25.72,8.52324780961499,30.4460525512695
1,25.73,8.52658110950142,30.4651260375977
1,25.74,8.52991440938786,30.4770469665527
1,25.75,8.53324770927429,30.5080413818359
1,25.76,8.53658100916073,30.522346496582
1,25.77,8.53991430904716,30.5461883544922
1,25.78,8.5432476089336,30.5628776550293
1,25.79,8.54658090882003,30.5843353271484
1,25.8,8.54991420870647,30.5962562561035
1,25.81,8.5532475085929,30.6105613708496
1,25.82,8.55658080847934,30.6272506713867
1,25.83,8.55991410836577,30.6344032287598
1,25.84,8.56324740825221,30.6606292724609
1,25.85,8.56658070813865,30.663013458252
1,25.86,8.56991400802508,30.6820869445801
1,25.87,8.57324730791152,30.7035446166992
1,25.88,8.57658060779795,30.7250022888184
1,25.89,8.57991390768439,30.7416915893555
1,25.9,8.58324720757082,30.7583808898926
1,25.91,8.58658050745726,30.7655334472656
1,25.92,8.58991380734369,30.7989120483398
1,25.93,8.59324710723013,30.820369720459
1,25.94,8.59658040711656,30.8370590209961
1,25.95,8.599913707003,30.8585166931152
1,25.96,8.60324700688943,30.8609008789063
1,25.97,8.60658030677587,30.8966636657715
1,25.98,8.6099136066623,30.9133529663086
1,25.99,8.61324690654874,30.9371948242188
1,26,8.61658020643518,30.9491157531738
1,26.01,8.61991350632161,30.9658050537109
1,26.02,8.62324680620804,30.980110168457
1,26.03,8.62658010609448,30.9920310974121
1,26.04,8.62991340598091,31.0301780700684
1,26.05,8.63324670586735,31.0325622558594
1,26.06,8.63658000575379,31.0397148132324
1,26.07,8.63991330564022,31.0683250427246
1,26.08,8.64324660552666,31.0754776000977
1,26.09,8.64657990541309,31.0945510864258
1,26.1,8.64991320529953,31.1160087585449
1,26.11,8.65324650518596,31.1279296875
1,26.12,8.6565798050724,31.1565399169922
1,26.13,8.65991310495883,31.1613082885742
1,26.14,8.66324640484527,31.1970710754395
1,26.15,8.6665797047317,31.2042236328125
1,26.16,8.66991300461814,31.2352180480957
1,26.17,8.67324630450457,31.2566757202148
1,26.18,8.67657960439101,31.2924385070801
1,26.19,8.67991290427744,31.2995910644531
1,26.2,8.68324620416388,31.3162803649902
1,26.21,8.68657950405031,31.3425064086914
1,26.22,8.68991280393675,31.3591957092285
1,26.23,8.69324610382319,31.3854217529297
1,26.24,8.69657940370962,31.4068794250488
1,26.25,8.69991270359606,31.43310546875
1,26.26,8.70324600348249,31.43310546875
1,26.27,8.70657930336893,31.4617156982422
1,26.28,8.70991260325536,31.4855575561523
1,26.29,8.7132459031418,31.5022468566895
1,26.3,8.71657920302823,31.5308570861816
1,26.31,8.71991250291467,31.5427780151367
1,26.32,8.7232458028011,31.5642356872559
1,26.33,8.72657910268754,31.585693359375
1,26.34,8.72991240257397,31.5952301025391
1,26.35,8.73324570246041,31.6143035888672
1,26.36,8.73657900234685,31.6262245178223
1,26.37,8.73991230223328,31.6429138183594
1,26.38,8.74324560211971,31.6548347473145
1,26.39,8.74657890200615,31.6643714904785
1,26.4,8.74991220189258,31.6858291625977
1,26.41,8.75324550177902,31.7072868347168
1,26.42,8.75991210155189,31.733512878418
1,26.43,8.76324540143833,31.740665435791
1,26.45,8.76657870132476,31.7692756652832
1,26.46,8.7699120012112,31.8002700805664
1,26.47,8.77324530109763,31.8169593811035
1,26.48,8.77657860098407,31.8336486816406
1,26.49,8.78324520075694,31.8527221679688
1,26.51,8.78657850064337,31.9075584411621
1,26.52,8.79324510041624,31.9123268127441
1,26.53,8.79657840030268,31.9314002990723
1,26.55,8.80324500007555,31.9480895996094
1,26.56,8.80657829996198,31.9814682006836
1,26.57,8.80991159984842,31.9933891296387
1,26.58,8.81324489973486,32.0076942443848
1,26.59,8.81657819962129,32.0196151733398
1,26.6,8.81991149950773,32.050609588623
1,26.61,8.82324479939416,32.0625305175781
1,26.62,8.8265780992806,32.0792198181152
1,26.63,8.82991139916703,32.1054458618164
1,26.64,8.83324469905347,32.1173667907715
1,26.65,8.8365779989399,32.1435928344727
1,26.66,8.83991129882634,32.1626663208008
1,26.67,8.84324459871277,32.191276550293
1,26.68,8.84657789859921,32.203197479248
1,26.69,8.84991119848564,32.2246551513672
1,26.7,8.85324449837208,32.2484970092773
1,26.71,8.85657779825851,32.2675704956055
1,26.72,8.85991109814495,32.2961807250977
1,26.73,8.86324439803139,32.3057174682617
1,26.74,8.86657769791782,32.3247909545898
1,26.75,8.86991099780425,32.3390960693359
1,26.76,8.87324429769069,32.355785369873
1,26.77,8.87657759757712,32.3724746704102
1,26.78,8.87991089746356,32.3748588562012
1,26.79,8.88324419735,32.3963165283203
1,26.8,8.88657749723643,32.4034690856934
1,26.81,8.88991079712287,32.4249267578125
1,26.82,8.8932440970093,32.4320793151855
1,26.83,8.89657739689574,32.4583053588867
1,26.84,8.89991069678217,32.4773788452148
1,26.85,8.90324399666861,32.4726104736328
1,26.86,8.90657729655504,32.505989074707
1,26.87,8.90991059644148,32.5250625610352
1,26.88,8.91324389632791,32.5512886047363
1,26.89,8.91657719621435,32.5632095336914
1,26.9,8.91991049610078,32.5727462768555
1,26.91,8.92324379598722,32.6037406921387
1,26.92,8.92657709587365,32.6204299926758
1,26.93,8.92991039576009,32.65380859375
1,26.94,8.93324369564652,32.6752662658691
1,26.95,8.93657699553296,32.6991081237793
1,26.96,8.9399102954194,32.7181816101074
1,26.97,8.94324359530583,32.7348709106445
1,26.98,8.94657689519227,32.7634811401367
1,26.99,8.9499101950787,32.7873229980469
1,27,8.95324349496514,32.8183174133301
1,27.01,8.95657679485157,32.8350067138672
1,27.02,8.95991009473801,32.8660011291504
1,27.03,8.96324339462444,32.8874588012695
1,27.04,8.96657669451088,32.9065322875977
1,27.05,8.96990999439731,32.9184532165527
1,27.06,8.97324329428375,32.954216003418
1,27.07,8.97657659417018,32.958984375
1,27.08,8.97990989405662,32.961368560791
1,27.09,8.98324319394306,32.9875946044922
1,27.1,8.98657649382949,32.9947471618652
1,27.11,8.98990979371592,33.0162048339844
1,27.12,8.99324309360236,33.0352783203125
1,27.13,8.99657639348879,33.0424308776855
1,27.14,8.99990969337523,33.0662727355957
1,27.15,9.00324299326167,33.0758094787598
1,27.16,9.0065762931481,33.0853462219238
1,27.17,9.00990959303454,33.111572265625
1,27.18,9.01324289292097,33.1282615661621
1,27.19,9.01657619280741,33.1592559814453
1,27.2,9.01990949269384,33.1735610961914
1,27.21,9.02324279258028,33.1878662109375
1,27.22,9.02657609246671,33.2093238830566
1,27.23,9.02990939235315,33.2140922546387
1,27.24,9.03324269223958,33.2474708557129
1,27.25,9.03657599212602,33.26416015625
1,27.26,9.03990929201245,33.2903861999512
1,27.27,9.04324259189889,33.3046913146973
1,27.28,9.04657589178532,33.3261489868164
1,27.29,9.04990919167176,33.3452224731445
1,27.3,9.05324249155819,33.3595275878906
1,27.31,9.05657579144463,33.3786010742188
1,27.32,9.05990909133107,33.3952903747559
1,27.33,9.0632423912175,33.4024429321289
1,27.34,9.06657569110394,33.4286689758301
1,27.35,9.06990899099037,33.4405899047852
1,27.36,9.07324229087681,33.4525108337402
1,27.37,9.07657559076324,33.4787368774414
1,27.38,9.07990889064968,33.4858894348145
1,27.39,9.08324219053611,33.5049629211426
1,27.4,9.08657549042255,33.5311889648438
1,27.41,9.08990879030898,33.5550308227539
1,27.42,9.09324209019542,33.5597991943359
1,27.43,9.09657539008185,33.5931777954102
1,27.44,9.09990868996829,33.6050987243652
1,27.45,9.10324198985472,33.6337089538574
1,27.46,9.10657528974116,33.6384773254395
1,27.47,9.1099085896276,33.6647033691406
1,27.48,9.11324188951403,33.6956977844238
1,27.49,9.11657518940046,33.7100028991699
1,27.5,9.1199084892869,33.729076385498
1,27.51,9.12324178917333,33.7457656860352
1,27.52,9.12657508905977,33.7672233581543
1,27.53,9.12990838894621,33.7886810302734
1,27.54,9.13324168883264,33.8077545166016
1,27.55,9.13657498871908,33.8363647460938
1,27.56,9.13990828860551,33.8482856750488
1,27.57,9.14324158849195,33.8578224182129
1,27.58,9.14657488837838,33.876895904541
1,27.59,9.14990818826482,33.8959693908691
1,27.6,9.15324148815125,33.9126586914063
1,27.61,9.15657478803769,33.9317321777344
1,27.62,9.15990808792412,33.9555740356445
1,27.63,9.16324138781056,33.9651107788086
1,27.64,9.16657468769699,33.9651107788086
1,27.65,9.16990798758343,33.9841842651367
1,27.66,9.17324128746986,34.0032577514648
1,27.67,9.1765745873563,34.0080261230469
1,27.68,9.17990788724273,34.029483795166
1,27.69,9.18324118712917,34.0414047241211
1,27.7,9.18657448701561,34.0604782104492
1,27.71,9.18990778690204,34.0652465820313
1,27.72,9.19324108678848,34.0867042541504
1,27.73,9.19657438667491,34.1081619262695
1,27.74,9.19990768656135,34.1272354125977
1,27.75,9.20324098644778,34.1367721557617
1,27.76,9.20657428633422,34.1653823852539
1,27.77,9.20990758622065,34.172534942627
1,27.78,9.21324088610709,34.186840057373
1,27.79,9.21657418599352,34.2106819152832
1,27.8,9.21990748587996,34.2178344726563
1,27.81,9.22324078576639,34.2369079589844
1,27.82,9.22657408565283,34.2488288879395
1,27.83,9.22990738553927,34.2631340026855
1,27.84,9.2332406854257,34.2893600463867
1,27.85,9.23657398531213,34.3012809753418
1,27.86,9.23990728519857,34.3203544616699
1,27.87,9.243240585085,34.329891204834
1,27.88,9.24657388497144,34.3513488769531
1,27.89,9.24990718485788,34.3775749206543
1,27.9,9.25324048474431,34.4014167785645
1,27.91,9.25657378463075,34.4228744506836
1,27.92,9.25990708451718,34.4347953796387
1,27.93,9.26324038440362,34.4634056091309
1,27.94,9.26657368429005,34.48486328125
1,27.95,9.26990698417649,34.4991683959961
1,27.96,9.27324028406292,34.5206260681152
1,27.97,9.27657358394936,34.5277786254883
1,27.98,9.27990688383579,34.5587730407715
1,27.99,9.28324018372223,34.5802307128906
1,28,9.28657348360866,34.6016883850098
1,28.01,9.2899067834951,34.6255302429199
1,28.02,9.29324008338153,34.637451171875
1,28.03,9.29657338326797,34.6636772155762
1,28.04,9.2999066831544,34.6803665161133
1,28.05,9.30323998304084,34.6946716308594
1,28.06,9.30657328292728,34.7185134887695
1,28.07,9.30990658281371,34.7447395324707
1,28.08,9.31323988270015,34.7614288330078
1,28.09,9.31657318258658,34.7900390625
1,28.1,9.31990648247302,34.785270690918
1,28.11,9.32323978235945,34.8091125488281
1,28.12,9.32657308224589,34.8305702209473
1,28.13,9.32990638213232,34.8496437072754
1,28.14,9.33323968201876,34.8639488220215
1,28.15,9.33657298190519,34.8806381225586
1,28.16,9.33990628179163,34.9020957946777
1,28.17,9.34323958167806,34.9116325378418
1,28.18,9.3465728815645,34.9307060241699
1,28.19,9.34990618145093,34.9521636962891
1,28.2,9.35323948133737,34.9617004394531
1,28.21,9.35657278122381,34.9926948547363
1,28.22,9.35990608111024,35.0165367126465
1,28.23,9.36323938099667,35.0260734558105
1,28.24,9.36657268088311,35.0570678710938
1,28.25,9.36990598076954,35.0713729858398
1,28.26,9.37323928065598,35.1095199584961
1,28.27,9.37657258054242,35.1381301879883
1,28.28,9.37990588042885,35.1452827453613
1,28.29,9.38323918031529,35.1762771606445
1,28.3,9.38657248020172,35.1953506469727
1,28.31,9.38990578008816,35.2120399475098
1,28.32,9.39323907997459,35.2382659912109
1,28.33,9.39657237986103,35.240650177002
1,28.34,9.39990567974746,35.2811813354492
1,28.35,9.4032389796339,35.2835655212402
1,28.36,9.40657227952033,35.3121757507324
1,28.37,9.40990557940677,35.3217124938965
1,28.38,9.4132388792932,35.3407859802246
1,28.39,9.41657217917964,35.3670120239258
1,28.4,9.41990547906607,35.3813171386719
1,28.41,9.42323877895251,35.3860855102539
1,28.42,9.42657207883894,35.4099273681641
1,28.43,9.42990537872538,35.4361534118652
1,28.44,9.43323867861182,35.4433059692383
1,28.45,9.43657197849825,35.4695320129395
1,28.46,9.43990527838469,35.4814529418945
1,28.47,9.44323857827112,35.4957580566406
1,28.48,9.44657187815756,35.5148315429688
1,28.49,9.44990517804399,35.5243682861328
1,28.5,9.45323847793043,35.5625152587891
1,28.51,9.45657177781686,35.5815887451172
1,28.52,9.4599050777033,35.5982780456543
1,28.53,9.46323837758973,35.6245040893555
1,28.54,9.46657167747617,35.6388092041016
1,28.55,9.4699049773626,35.6698036193848
1,28.56,9.47323827724904,35.6864929199219
1,28.57,9.47657157713548,35.7198715209961
1,28.58,9.47990487702191,35.7270240783691
1,28.59,9.48323817690834,35.7365608215332
1,28.6,9.48657147679478,35.7675552368164
1,28.61,9.48990477668121,35.7842445373535
1,28.62,9.49323807656765,35.8128547668457
1,28.63,9.49657137645409,35.8295440673828
1,28.64,9.49990467634052,35.858154296875
1,28.65,9.50323797622696,35.8724594116211
1,28.66,9.50657127611339,35.8986854553223
1,28.67,9.50990457599983,35.9153747558594
1,28.68,9.51323787588626,35.9320640563965
1,28.69,9.5165711757727,35.9678268432617
1,28.7,9.51990447565913,35.9845161437988
1,28.71,9.52323777554557,36.008358001709
1,28.72,9.526571075432,36.0417366027832
1,28.73,9.52990437531844,36.0584259033203
1,28.74,9.53323767520487,36.0846519470215
1,28.75,9.53657097509131,36.1084938049316
1,28.76,9.53990427497774,36.1299514770508
1,28.77,9.54323757486418,36.165714263916
1,28.78,9.54657087475061,36.1919403076172
1,28.79,9.54990417463705,36.2253189086914
1,28.8,9.55323747452349,36.2420082092285
1,28.81,9.55657077440992,36.2730026245117
1,28.82,9.55990407429636,36.2992286682129
1,28.83,9.56323737418279,36.311149597168
1,28.84,9.56657067406923,36.3492965698242
1,28.85,9.56990397395566,36.3659858703613
1,28.86,9.5732372738421,36.3993644714355
1,28.87,9.57657057372853,36.4041328430176
1,28.88,9.57990387361497,36.4351272583008
1,28.89,9.5832371735014,36.468505859375
1,28.9,9.58657047338784,36.4804267883301
1,28.91,9.58990377327427,36.5066528320313
1,28.92,9.59323707316071,36.5209579467773
1,28.93,9.59657037304714,36.5400314331055
1,28.94,9.59990367293358,36.5686416625977
1,28.95,9.60323697282002,36.5734100341797
1,28.96,9.60657027270645,36.5877151489258
1,28.97,9.60990357259288,36.616325378418
1,28.98,9.61323687247932,36.6306304931641
1,28.99,9.61657017236575,36.6401672363281
1,29,9.61990347225219,36.6640090942383
1,29.01,9.62323677213863,36.6806983947754
1,29.02,9.62657007202506,36.6902351379395
1,29.03,9.6299033719115,36.7093086242676
1,29.04,9.63323667179793,36.7212295532227
1,29.05,9.63656997168437,36.7426872253418
1,29.06,9.6399032715708,36.7498397827148
1,29.07,9.64323657145724,36.766529083252
1,29.08,9.64656987134367,36.776065826416
1,29.09,9.64990317123011,36.7951393127441
1,29.1,9.65323647111654,36.8070602416992
1,29.11,9.65656977100298,36.8309020996094
1,29.12,9.65990307088941,36.8332862854004
1,29.13,9.66323637077585,36.8690490722656
1,29.14,9.66656967066228,36.8714332580566
1,29.15,9.66990297054872,36.9000434875488
1,29.16,9.67323627043515,36.9071960449219
1,29.17,9.67656957032159,36.923885345459
1,29.18,9.67990287020803,36.9429588317871
1,29.19,9.68323617009446,36.9524955749512
1,29.2,9.6865694699809,36.9668006896973
1,29.21,9.68990276986733,36.9834899902344
1,29.22,9.69323606975377,37.0097160339355
1,29.23,9.6965693696402,37.0168685913086
1,29.24,9.69990266952664,37.0335578918457
1,29.25,9.70323596941307,37.0478630065918
1,29.26,9.70656926929951,37.0693206787109
1,29.27,9.70990256918594,37.078857421875
1,29.28,9.71323586907238,37.0931625366211
1,29.29,9.71656916895881,37.1098518371582
1,29.3,9.71990246884525,37.1241569519043
1,29.31,9.72323576873169,37.1456146240234
1,29.32,9.72656906861812,37.1670722961426
1,29.33,9.72990236850456,37.1909141540527
1,29.34,9.73323566839099,37.2147560119629
1,29.35,9.73656896827742,37.233829498291
1,29.36,9.73990226816386,37.2624397277832
1,29.37,9.7432355680503,37.2791290283203
1,29.38,9.74656886793673,37.2982025146484
1,29.39,9.74990216782317,37.3220443725586
1,29.4,9.7532354677096,37.3458862304688
1,29.41,9.75656876759604,37.3601913452148
1,29.42,9.75990206748247,37.376880645752
1,29.43,9.76323536736891,37.4007225036621
1,29.44,9.76656866725534,37.4174118041992
1,29.45,9.76990196714178,37.4317169189453
1,29.46,9.77323526702821,37.4531745910645
1,29.47,9.77656856691465,37.4627113342285
1,29.48,9.77990186680108,37.4913215637207
1,29.49,9.78323516668752,37.5056266784668
1,29.5,9.78656846657395,37.531852722168
1,29.51,9.78990176646039,37.543773651123
1,29.52,9.79323506634682,37.5676155090332
1,29.53,9.79656836623326,37.5843048095703
1,29.54,9.7999016661197,37.6105308532715
1,29.55,9.80323496600613,37.6272201538086
1,29.56,9.80656826589257,37.6629829406738
1,29.57,9.809901565779,37.686824798584
1,29.58,9.81323486566544,37.7058982849121
1,29.59,9.81656816555187,37.7368927001953
1,29.6,9.81990146543831,37.7583503723145
1,29.61,9.82323476532474,37.7917289733887
1,29.62,9.82656806521118,37.8108024597168
1,29.63,9.82990136509761,37.834644317627
1,29.64,9.83323466498405,37.8584861755371
1,29.65,9.83656796487048,37.8632545471191
1,29.66,9.83990126475692,37.8990173339844
1,29.67,9.84323456464335,37.9109382629395
1,29.68,9.84656786452979,37.9204750061035
1,29.69,9.84990116441623,37.9490852355957
1,29.7,9.85323446430266,37.9586219787598
1,29.71,9.85656776418909,37.9848480224609
1,29.72,9.85990106407553,37.989616394043
1,29.73,9.86323436396196,37.999153137207
1,29.74,9.8665676638484,38.0253791809082
1,29.75,9.86990096373484,38.0444526672363
1,29.76,9.87323426362127,38.0539894104004
1,29.77,9.87656756350771,38.0802154541016
1,29.78,9.87990086339414,38.0992889404297
1,29.79,9.88323416328058,38.1207466125488
1,29.8,9.88656746316701,38.14697265625
1,29.81,9.88990076305345,38.1660461425781
1,29.82,9.89323406293988,38.1922721862793
1,29.83,9.89656736282632,38.2041931152344
1,29.84,9.89990066271275,38.2423400878906
1,29.85,9.90323396259919,38.2614135742188
1,29.86,9.90656726248562,38.292407989502
1,29.87,9.90990056237206,38.301944732666
1,29.88,9.91323386225849,38.3234024047852
1,29.89,9.91656716214493,38.3591651916504
1,29.9,9.91990046203136,38.3710861206055
1,29.91,9.9232337619178,38.3853912353516
1,29.92,9.92656706180424,38.4116172790527
1,29.93,9.92990036169067,38.4211540222168
1,29.94,9.93323366157711,38.4354591369629
1,29.95,9.93656696146354,38.449764251709
1,29.96,9.94323356123641,38.454532623291
1,29.98,9.94656686112285,38.4950637817383
1,29.99,9.94990016100928,38.5212898254395
1,30,9.95323346089572,38.5332107543945
1,30.01,9.95990006066859,38.5522842407227
1,30.02,9.96323336055502,38.5713577270508
1,30.04,9.96656666044146,38.609504699707
1,30.05,9.9698999603279,38.6285781860352
1,30.06,9.97323326021433,38.6595726013184
1,30.07,9.97656656010077,38.6810302734375
1,30.08,9.98323315987363,38.7120246887207
1,30.1,9.98656645976007,38.754940032959
1,30.11,9.99323305953294,38.7716293334961
1,30.12,9.99656635941938,38.7930870056152
1,30.14,9.99989965930581,38.8360023498535
1,30.15,10.0065662590787,38.8622283935547
1,30.16,10.0098995589651,38.8765335083008
1,30.17,10.0132328588516,38.8908386230469
1,30.18,10.016566158738,38.9194488525391
1,30.19,10.0198994586244,38.9313697814941
1,30.2,10.0232327585109,38.9504432678223
1,30.21,10.0265660583973,38.9623641967773
1,30.22,10.0298993582837,38.9742851257324
1,30.23,10.0332326581702,38.9957427978516
1,30.24,10.0365659580566,39.0124320983887
1,30.25,10.039899257943,39.0362739562988
1,30.26,10.0432325578295,39.0338897705078
1,30.27,10.0465658577159,39.0481948852539
1,30.28,10.0498991576023,39.060115814209
1,30.29,10.0532324574888,39.0720367431641
1,30.3,10.0565657573752,39.0791893005371
1,30.31,10.0598990572616,39.0911102294922
1,30.32,10.0632323571481,39.0839576721191
1,30.33,10.0665656570345,39.1054153442383
1,30.34,10.069898956921,39.1125679016113
1,30.35,10.0732322568074,39.1244888305664
1,30.36,10.0765655566938,39.1364097595215
1,30.37,10.0798988565803,39.1411781311035
1,30.38,10.0832321564667,39.1697883605957
1,30.39,10.0865654563531,39.1888618469238
1,30.4,10.0898987562396,39.2031669616699
1,30.41,10.093232056126,39.2246246337891
1,30.42,10.0965653560124,39.2341613769531
1,30.43,10.0998986558989,39.2746925354004
1,30.44,10.1032319557853,39.2889976501465
1,30.45,10.1065652556717,39.3247604370117
1,30.46,10.1098985555582,39.3414497375488
1,30.47,10.1132318554446,39.36767578125
1,30.48,10.116565155331,39.3962860107422
1,30.49,10.1198984552175,39.4225120544434
1,30.5,10.1232317551039,39.4535064697266
1,30.51,10.1265650549904,39.4725799560547
1,30.52,10.1298983548768,39.4821166992188
1,30.53,10.1332316547632,39.5298004150391
1,30.54,10.1365649546497,39.5417213439941
1,30.55,10.1398982545361,39.5727157592773
1,30.56,10.1432315544225,39.5798683166504
1,30.57,10.146564854309,39.5917892456055
1,30.58,10.1498981541954,39.6180152893066
1,30.59,10.1532314540818,39.6275520324707
1,30.6,10.1565647539683,39.6585464477539
1,30.61,10.1598980538547,39.6609306335449
1,30.62,10.1632313537411,39.6943092346191
1,30.63,10.1665646536276,39.7157669067383
1,30.64,10.169897953514,39.7276878356934
1,30.65,10.1732312534004,39.7634506225586
1,30.66,10.1765645532869,39.7777557373047
1,30.67,10.1798978531733,39.7992134094238
1,30.68,10.1832311530598,39.827823638916
1,30.69,10.1865644529462,39.8397445678711
1,30.7,10.1898977528326,39.8659706115723
1,30.71,10.1932310527191,39.8826599121094
1,30.72,10.1965643526055,39.8993492126465
1,30.73,10.1998976524919,39.9422645568848
1,30.74,10.2032309523784,39.9518013000488
1,30.75,10.2065642522648,39.9661064147949
1,30.76,10.2098975521512,39.9875640869141
1,30.77,10.2132308520377,40.0114059448242
1,30.78,10.2165641519241,40.0328636169434
1,30.79,10.2198974518105,40.0447845458984
1,30.8,10.223230751697,40.0757789611816
1,30.81,10.2265640515834,40.0972366333008
1,30.82,10.2298973514698,40.123462677002
1,30.83,10.2332306513563,40.132999420166
1,30.84,10.2365639512427,40.1473045349121
1,30.85,10.2398972511292,40.1711463928223
1,30.86,10.2432305510156,40.1926040649414
1,30.87,10.246563850902,40.2116775512695
1,30.88,10.2498971507885,40.2402877807617
1,30.89,10.2532304506749,40.2593612670898
1,30.9,10.2565637505613,40.278434753418
1,30.91,10.2598970504478,40.285587310791
1,30.92,10.2632303503342,40.2998924255371
1,30.93,10.2665636502206,40.3356552124023
1,30.94,10.2698969501071,40.3547286987305
1,30.95,10.2732302499935,40.3618812561035
1,30.96,10.2765635498799,40.3928756713867
1,30.97,10.2798968497664,40.4167175292969
1,30.98,10.2832301496528,40.442943572998
1,30.99,10.2865634495392,40.4572486877441
1,31,10.2898967494257,40.4715538024902
1,31.01,10.2932300493121,40.5073165893555
1,31.02,10.2965633491986,40.5263900756836
1,31.03,10.299896649085,40.5478477478027
1,31.04,10.3032299489714,40.5597686767578
1,31.05,10.3065632488579,40.583610534668
1,31.06,10.3098965487443,40.6193733215332
1,31.07,10.3132298486307,40.6408309936523
1,31.08,10.3165631485172,40.6670570373535
1,31.09,10.3198964484036,40.6908988952637
1,31.1,10.32322974829,40.7004356384277
1,31.11,10.3265630481765,40.7195091247559
1,31.12,10.3298963480629,40.7528877258301
1,31.13,10.3332296479493,40.7671928405762
1,31.14,10.3365629478358,40.7814979553223
1,31.15,10.3398962477222,40.8029556274414
1,31.16,10.3432295476086,40.8148765563965
1,31.17,10.3465628474951,40.8458709716797
1,31.18,10.3498961473815,40.8697128295898
1,31.19,10.3532294472679,40.8935546875
1,31.2,10.3565627471544,40.9078598022461
1,31.21,10.3598960470408,40.9388542175293
1,31.22,10.3632293469273,40.9626960754395
1,31.23,10.3665626468137,40.9889221191406
1,31.24,10.3698959467001,41.0103797912598
1,31.25,10.3732292465866,41.038990020752
1,31.26,10.376562546473,41.0676002502441
1,31.27,10.3798958463594,41.0938262939453
1,31.28,10.3832291462459,41.1248207092285
1,31.29,10.3865624461323,41.1462783813477
1,31.3,10.3898957460187,41.1820411682129
1,31.31,10.3932290459052,41.2154197692871
1,31.32,10.3965623457916,41.2392616271973
1,31.33,10.399895645678,41.2583351135254
1,31.34,10.4032289455645,41.2940979003906
1,31.35,10.4065622454509,41.3131713867188
1,31.36,10.4098955453373,41.344165802002
1,31.37,10.4132288452238,41.3775444030762
1,31.38,10.4165621451102,41.4013862609863
1,31.39,10.4198954449967,41.4395332336426
1,31.4,10.4232287448831,41.4657592773438
1,31.41,10.4265620447695,41.4848327636719
1,31.42,10.429895344656,41.508674621582
1,31.43,10.4332286445424,41.5372848510742
1,31.44,10.4365619444288,41.5563583374023
1,31.45,10.4398952443153,41.5897369384766
1,31.46,10.4432285442017,41.5992736816406
1,31.47,10.4465618440881,41.6254997253418
1,31.48,10.4498951439746,41.651725769043
1,31.49,10.453228443861,41.663646697998
1,31.5,10.4565617437474,41.6827201843262
1,31.51,10.4598950436339,41.6970252990723
1,31.52,10.4632283435203,41.7137145996094
1,31.53,10.4665616434067,41.7375564575195
1,31.54,10.4698949432932,41.7423248291016
1,31.55,10.4732282431796,41.7685508728027
1,31.56,10.4765615430661,41.7852401733398
1,31.57,10.4798948429525,41.801929473877
1,31.58,10.4832281428389,41.811466217041
1,31.59,10.4865614427254,41.8210029602051
1,31.6,10.4898947426118,41.8353080749512
1,31.61,10.4932280424982,41.8424606323242
1,31.62,10.4965613423847,41.8591499328613
1,31.63,10.4998946422711,41.8758392333984
1,31.64,10.5032279421575,41.8782234191895
1,31.65,10.506561242044,41.8949127197266
1,31.66,10.5098945419304,41.8996810913086
1,31.67,10.5132278418168,41.9163703918457
1,31.68,10.5165611417033,41.9211387634277
1,31.69,10.5198944415897,41.9402122497559
1,31.7,10.5232277414761,41.9378280639648
1,31.71,10.5265610413626,41.966438293457
1,31.72,10.529894341249,41.9831275939941
1,31.73,10.5332276411355,41.9759750366211
1,31.74,10.5365609410219,42.0117378234863
1,31.75,10.5398942409083,42.0260429382324
1,31.76,10.5432275407948,42.0522689819336
1,31.77,10.5465608406812,42.0594215393066
1,31.78,10.5498941405676,42.0784950256348
1,31.79,10.5532274404541,42.111873626709
1,31.8,10.5565607403405,42.1142578125
1,31.81,10.5598940402269,42.1309471130371
1,31.82,10.5632273401134,42.1571731567383
1,31.83,10.5665606399998,42.1690940856934
1,31.84,10.5698939398862,42.1977043151855
1,31.85,10.5732272397727,42.2072410583496
1,31.86,10.5765605396591,42.2334671020508
1,31.87,10.5798938395455,42.2525405883789
1,31.88,10.583227139432,42.262077331543
1,31.89,10.5865604393184,42.3049926757813
1,31.9,10.5898937392049,42.3169136047363
1,31.91,10.5932270390913,42.3264503479004
1,31.92,10.5965603389777,42.3598289489746
1,31.93,10.5998936388642,42.3765182495117
1,31.94,10.6032269387506,42.3908233642578
1,31.95,10.606560238637,42.414665222168
1,31.96,10.6098935385235,42.4337387084961
1,31.97,10.6132268384099,42.4599647521973
1,31.98,10.6165601382963,42.4647331237793
1,31.99,10.6198934381828,42.4766540527344
1,32,10.6232267380692,42.4933433532715
1,32.01,10.6265600379556,42.5028800964355
1,32.02,10.6298933378421,42.5028800964355
1,32.03,10.6332266377285,42.5219535827637
1,32.04,10.6365599376149,42.5314903259277
1,32.05,10.6398932375014,42.5481796264648
1,32.06,10.6432265373878,42.5624847412109
1,32.07,10.6465598372743,42.572021484375
1,32.08,10.6498931371607,42.5982475280762
1,32.09,10.6532264370471,42.6125526428223
1,32.1,10.6565597369336,42.6244735717773
1,32.11,10.65989303682,42.6578521728516
1,32.12,10.6632263367064,42.6816940307617
1,32.13,10.6665596365929,42.7031517028809
1,32.14,10.6698929364793,42.722225189209
1,32.15,10.6732262363657,42.7412986755371
1,32.16,10.6765595362522,42.7675247192383
1,32.17,10.6798928361386,42.7937507629395
1,32.18,10.683226136025,42.8104400634766
1,32.19,10.6865594359115,42.8462028503418
1,32.2,10.6898927357979,42.874813079834
1,32.21,10.6932260356843,42.9034233093262
1,32.22,10.6965593355708,42.9153442382813
1,32.23,10.6998926354572,42.9439544677734
1,32.24,10.7032259353437,42.9725646972656
1,32.25,10.7065592352301,42.9940223693848
1,32.26,10.7098925351165,43.025016784668
1,32.27,10.713225835003,43.0393218994141
1,32.28,10.7165591348894,43.0655479431152
1,32.29,10.7198924347758,43.0893898010254
1,32.3,10.7232257346623,43.1036949157715
1,32.31,10.7265590345487,43.1275367736816
1,32.32,10.7298923344351,43.1513786315918
1,32.33,10.7332256343216,43.175220489502
1,32.34,10.736558934208,43.1990623474121
1,32.35,10.7398922340944,43.2229042053223
1,32.36,10.7432255339809,43.2443618774414
1,32.37,10.7465588338673,43.2705879211426
1,32.38,10.7498921337537,43.2825088500977
1,32.39,10.7532254336402,43.3087348937988
1,32.4,10.7565587335266,43.3254241943359
1,32.41,10.7598920334131,43.3349609375
1,32.42,10.7632253332995,43.3588027954102
1,32.43,10.7665586331859,43.3659553527832
1,32.44,10.7698919330724,43.3993339538574
1,32.45,10.7732252329588,43.4136390686035
1,32.46,10.7765585328452,43.4255599975586
1,32.47,10.7798918327317,43.4398651123047
1,32.48,10.7832251326181,43.4613227844238
1,32.49,10.7865584325045,43.4756278991699
1,32.5,10.789891732391,43.494701385498
1,32.51,10.7932250322774,43.5113906860352
1,32.52,10.7965583321638,43.5185432434082
1,32.53,10.7998916320503,43.5376167297363
1,32.54,10.8032249319367,43.5543060302734
1,32.55,10.8065582318231,43.5638427734375
1,32.56,10.8098915317096,43.5900688171387
1,32.57,10.813224831596,43.5996055603027
1,32.58,10.8165581314825,43.6305999755859
1,32.59,10.8198914313689,43.632984161377
1,32.6,10.8232247312553,43.647289276123
1,32.61,10.8265580311418,43.6735153198242
1,32.62,10.8298913310282,43.6878204345703
1,32.63,10.8332246309146,43.7140464782715
1,32.64,10.8365579308011,43.7474250793457
1,32.65,10.8398912306875,43.7688827514648
1,32.66,10.8432245305739,43.7831878662109
1,32.67,10.8465578304604,43.8070297241211
1,32.68,10.8498911303468,43.8356399536133
1,32.69,10.8532244302332,43.8594818115234
1,32.7,10.8565577301197,43.8880920410156
1,32.71,10.8598910300061,43.9071655273438
1,32.72,10.8632243298925,43.938159942627
1,32.73,10.866557629779,43.9548492431641
1,32.74,10.8698909296654,43.9763069152832
1,32.75,10.8732242295519,43.9929962158203
1,32.76,10.8765575294383,44.0263748168945
1,32.77,10.8798908293247,44.0621376037598
1,32.78,10.8832241292112,44.0835952758789
1,32.79,10.8865574290976,44.1193580627441
1,32.8,10.889890728984,44.1384315490723
1,32.81,10.8932240288705,44.1622734069824
1,32.82,10.8965573287569,44.1908836364746
1,32.83,10.8998906286433,44.2075729370117
1,32.84,10.9032239285298,44.2337989807129
1,32.85,10.9065572284162,44.257640838623
1,32.86,10.9098905283026,44.2838668823242
1,32.87,10.9132238281891,44.3100929260254
1,32.88,10.9165571280755,44.3267822265625
1,32.89,10.9198904279619,44.3506240844727
1,32.9,10.9232237278484,44.3696975708008
1,32.91,10.9265570277348,44.3863868713379
1,32.92,10.9298903276213,44.405460357666
1,32.93,10.9332236275077,44.4340705871582
1,32.94,10.9365569273941,44.4459915161133
1,32.95,10.9398902272806,44.4579124450684
1,32.96,10.943223527167,44.4769859313965
1,32.97,10.9465568270534,44.5032119750977
1,32.98,10.9498901269399,44.5222854614258
1,32.99,10.9532234268263,44.5365905761719
1,33,10.9565567267127,44.558048248291
1,33.01,10.9598900265992,44.5699691772461
1,33.02,10.9632233264856,44.5914268493652
1,33.03,10.966556626372,44.6033477783203
1,33.04,10.9698899262585,44.6295738220215
1,33.05,10.9732232261449,44.6367263793945
1,33.06,10.9765565260313,44.6677207946777
1,33.07,10.9798898259178,44.6963310241699
1,33.08,10.9832231258042,44.7177886962891
1,33.09,10.9865564256907,44.7368621826172
1,33.1,10.9898897255771,44.7487831115723
1,33.11,10.9932230254635,44.7726249694824
1,33.12,10.99655632535,44.8083877563477
1,33.13,10.9998896252364,44.8298454284668
1,33.14,11.0032229251228,44.8513031005859
1,33.15,11.0065562250093,44.867992401123
1,33.16,11.0098895248957,44.8846817016602
1,33.17,11.0132228247821,44.9132919311523
1,33.18,11.0165561246686,44.9156761169434
1,33.19,11.019889424555,44.9490547180176
1,33.2,11.0232227244414,44.9609756469727
1,33.21,11.0265560243279,44.9824333190918
1,33.22,11.0298893242143,45.0015068054199
1,33.23,11.0332226241007,45.011043548584
1,33.24,11.0365559239872,45.0396537780762
1,33.25,11.0398892238736,45.0563430786133
1,33.26,11.0432225237601,45.0778007507324
1,33.27,11.0465558236465,45.0921058654785
1,33.28,11.0498891235329,45.1254844665527
1,33.29,11.0532224234194,45.1302528381348
1,33.3,11.0565557233058,45.163631439209
1,33.31,11.0598890231922,45.1779365539551
1,33.32,11.0632223230787,45.2089309692383
1,33.33,11.0665556229651,45.2351570129395
1,33.34,11.0698889228515,45.2470779418945
1,33.35,11.073222222738,45.2589988708496
1,33.36,11.0765555226244,45.2852249145508
1,33.37,11.0798888225108,45.3042984008789
1,33.38,11.0832221223973,45.320987701416
1,33.39,11.0865554222837,45.3352928161621
1,33.4,11.0898887221701,45.3591346740723
1,33.41,11.0932220220566,45.3853607177734
1,33.42,11.096555321943,45.3972816467285
1,33.43,11.0998886218295,45.4115867614746
1,33.44,11.1032219217159,45.4330444335938
1,33.45,11.1065552216023,45.4473495483398
1,33.46,11.1098885214888,45.4616546630859
1,33.47,11.1132218213752,45.4831123352051
1,33.48,11.1165551212616,45.4998016357422
1,33.49,11.1198884211481,45.5236434936523
1,33.5,11.1232217210345,45.5403327941895
1,33.51,11.1265550209209,45.5665588378906
1,33.52,11.1298883208074,45.5904006958008
1,33.53,11.1332216206938,45.6070899963379
1,33.54,11.1398882204667,45.6380844116211
1,33.55,11.1432215203531,45.6595420837402
1,33.57,11.1465548202395,45.7024574279785
1,33.58,11.149888120126,45.7143783569336
1,33.59,11.1565547198988,45.7549095153809
1,33.6,11.1598880197853,45.769214630127
1,33.61,11.1632213196717,45.7954406738281
1,33.63,11.1665546195582,45.8240509033203
1,33.64,11.173221219331,45.8598136901855
1,33.65,11.1765545192175,45.8812713623047
1,33.66,11.1798878191039,45.8955764770508
1,33.67,11.1832211189903,45.931339263916
1,33.69,11.1898877187632,45.9766387939453
1,33.7,11.1932210186496,46.0076332092285
1,33.71,11.1965543185361,46.0290908813477
1,33.73,11.2032209183089,46.08154296875
1,33.74,11.2065542181954,46.1244583129883
1,33.75,11.2098875180818,46.1554527282715
1,33.76,11.2132208179682,46.1745262145996
1,33.77,11.2165541178547,46.231746673584
1,33.78,11.2198874177411,46.2603569030762
1,33.79,11.2232207176276,46.2913513183594
1,33.8,11.226554017514,46.3318824768066
1,33.81,11.2298873174004,46.3771820068359
1,33.82,11.2332206172869,46.4034080505371
1,33.83,11.2365539171733,46.4367866516113
1,33.84,11.2398872170597,46.4725494384766
1,33.85,11.2432205169462,46.5202331542969
1,33.86,11.2465538168326,46.544075012207
1,33.87,11.249887116719,46.5846061706543
1,33.88,11.2532204166055,46.6251373291016
1,33.89,11.2565537164919,46.6465950012207
1,33.9,11.2598870163783,46.6704368591309
1,33.91,11.2632203162648,46.7133522033691
1,33.92,11.2665536161512,46.7348098754883
1,33.93,11.2698869160377,46.7634201049805
1,33.94,11.2732202159241,46.7944145202637
1,33.95,11.2765535158105,46.8206405639648
1,33.96,11.279886815697,46.844482421875
1,33.97,11.2832201155834,46.8659400939941
1,33.98,11.2865534154698,46.8754768371582
1,33.99,11.2898867153563,46.9088554382324
1,34,11.2932200152427,46.9279289245605
1,34.01,11.2965533151291,46.9350814819336
1,34.02,11.2998866150156,46.9636917114258
1,34.03,11.303219914902,46.9708442687988
1,34.04,11.3065532147884,47.001838684082
1,34.05,11.3098865146749,47.0113754272461
1,34.06,11.3132198145613,47.0471382141113
1,34.07,11.3165531144477,47.0471382141113
1,34.08,11.3198864143342,47.0709800720215
1,34.09,11.3232197142206,47.0829010009766
1,34.1,11.326553014107,47.0852851867676
1,34.11,11.3298863139935,47.1043586730957
1,34.12,11.3332196138799,47.1115112304688
1,34.13,11.3365529137664,47.1353530883789
1,34.14,11.3398862136528,47.1329689025879
1,34.15,11.3432195135392,47.152042388916
1,34.16,11.3465528134257,47.1591949462891
1,34.17,11.3498861133121,47.154426574707
1,34.18,11.3532194131985,47.1615791320801
1,34.19,11.356552713085,47.1711158752441
1,34.2,11.3598860129714,47.1878051757813
1,34.21,11.3632193128578,47.1854209899902
1,34.22,11.3665526127443,47.1925735473633
1,34.23,11.3698859126307,47.2021102905273
1,34.24,11.3732192125171,47.2044944763184
1,34.25,11.3765525124036,47.2235679626465
1,34.26,11.37988581229,47.2259521484375
1,34.27,11.3832191121764,47.2331047058105
1,34.28,11.3865524120629,47.2545623779297
1,34.29,11.3898857119493,47.2640991210938
1,34.3,11.3932190118358,47.2855567932129
1,34.31,11.3965523117222,47.2855567932129
1,34.32,11.3998856116086,47.307014465332
1,34.33,11.4032189114951,47.3237037658691
1,34.34,11.4065522113815,47.3380088806152
1,34.35,11.4098855112679,47.3427772521973
1,34.36,11.4132188111544,47.3618507385254
1,34.37,11.4165521110408,47.3761558532715
1,34.38,11.4198854109272,47.4071502685547
1,34.39,11.4232187108137,47.4214553833008
1,34.4,11.4265520107001,47.4429130554199
1,34.41,11.4298853105865,47.457218170166
1,34.42,11.433218610473,47.4858283996582
1,34.43,11.4365519103594,47.5120544433594
1,34.44,11.4398852102458,47.5311279296875
1,34.45,11.4432185101323,47.5454330444336
1,34.46,11.4465518100187,47.5835800170898
1,34.47,11.4498851099052,47.614574432373
1,34.48,11.4532184097916,47.6312637329102
1,34.49,11.456551709678,47.6551055908203
1,34.5,11.4598850095645,47.6694107055664
1,34.51,11.4632183094509,47.6861000061035
1,34.52,11.4665516093373,47.7099418640137
1,34.53,11.4698849092238,47.7313995361328
1,34.54,11.4732182091102,47.7433204650879
1,34.55,11.4765515089966,47.7504730224609
1,34.56,11.4798848088831,47.7695465087891
1,34.57,11.4832181087695,47.7814674377441
1,34.58,11.4865514086559,47.7981567382813
1,34.59,11.4898847085424,47.8148460388184
1,34.6,11.4932180084288,47.8219985961914
1,34.61,11.4965513083152,47.8434562683105
1,34.62,11.4998846082017,47.8672981262207
1,34.63,11.5032179080881,47.8911399841309
1,34.64,11.5065512079746,47.9221343994141
1,34.65,11.509884507861,47.9412078857422
1,34.66,11.5132178077474,47.9817390441895
1,34.67,11.5165511076339,48.0055809020996
1,34.68,11.5198844075203,48.0341911315918
1,34.69,11.5232177074067,48.062801361084
1,34.7,11.5265510072932,48.1009483337402
1,34.71,11.5298843071796,48.1271743774414
1,34.72,11.533217607066,48.1653213500977
1,34.73,11.5365509069525,48.1915473937988
1,34.74,11.5398842068389,48.215389251709
1,34.75,11.5432175067253,48.2559204101563
1,34.76,11.5465508066118,48.2869148254395
1,34.77,11.5498841064982,48.3083724975586
1,34.78,11.5532174063846,48.3369827270508
1,34.79,11.5565507062711,48.365592956543
1,34.8,11.5598840061575,48.3942031860352
1,34.81,11.563217306044,48.4108924865723
1,34.82,11.5665506059304,48.4347343444824
1,34.83,11.5698839058168,48.4585762023926
1,34.84,11.5732172057033,48.4824180603027
1,34.85,11.5765505055897,48.4967231750488
1,34.86,11.5798838054761,48.5110282897949
1,34.87,11.5832171053626,48.527717590332
1,34.88,11.586550405249,48.5610961914063
1,34.89,11.5898837051354,48.5849380493164
1,34.9,11.5932170050219,48.6087799072266
1,34.91,11.5965503049083,48.6278533935547
1,34.92,11.5998836047947,48.6350059509277
1,34.93,11.6032169046812,48.670768737793
1,34.94,11.6065502045676,48.6922264099121
1,34.95,11.609883504454,48.7232208251953
1,34.96,11.6132168043405,48.7446784973145
1,34.97,11.6165501042269,48.7542152404785
1,34.98,11.6198834041134,48.7828254699707
1,34.99,11.6232167039998,48.7971305847168
1,35,11.6265500038862,48.828125
1,35.01,11.6298833037727,48.8495826721191
1,35.02,11.6332166036591,48.8543510437012
1,35.03,11.6365499035455,48.8853454589844
1,35.04,11.639883203432,48.9044189453125
1,35.05,11.6432165033184,48.9282608032227
1,35.06,11.6465498032048,48.9544868469238
1,35.07,11.6498831030913,48.9687919616699
1,35.08,11.6532164029777,49.0021705627441
1,35.09,11.6565497028641,49.0236282348633
1,35.1,11.6598830027506,49.0474700927734
1,35.11,11.663216302637,49.0784645080566
1,35.12,11.6665496025234,49.0903854370117
1,35.13,11.6698829024099,49.1070747375488
1,35.14,11.6732162022963,49.135684967041
1,35.15,11.6765495021828,49.1571426391602
1,35.16,11.6798828020692,49.1833686828613
1,35.17,11.6832161019556,49.1929054260254
1,35.18,11.6865494018421,49.2167472839355
1,35.19,11.6898827017285,49.2453575134277
1,35.2,11.6932160016149,49.2596626281738
1,35.21,11.6965493015014,49.2978096008301
1,35.22,11.6998826013878,49.3097305297852
1,35.23,11.7032159012742,49.3407249450684
1,35.24,11.7065492011607,49.3645668029785
1,35.25,11.7098825010471,49.3836402893066
1,35.26,11.7132158009335,49.4003295898438
1,35.27,11.71654910082,49.4194030761719
1,35.28,11.7198824007064,49.4527816772461
1,35.29,11.7232157005928,49.4766235351563
1,35.3,11.7265490004793,49.5004653930664
1,35.31,11.7298823003657,49.5219230651855
1,35.32,11.7332156002522,49.5386123657227
1,35.33,11.7365489001386,49.5648384094238
1,35.34,11.739882200025,49.5791435241699
1,35.35,11.7432154999115,49.6053695678711
1,35.36,11.7465487997979,49.6196746826172
1,35.37,11.7498820996843,49.6482849121094
1,35.38,11.7532153995708,49.6721267700195
1,35.39,11.7565486994572,49.6888160705566
1,35.4,11.7598819993436,49.7078895568848
1,35.41,11.7632152992301,49.736499786377
1,35.42,11.7665485991165,49.7555732727051
1,35.43,11.7698818990029,49.7698783874512
1,35.44,11.7732151988894,49.8104095458984
1,35.45,11.7765484987758,49.8247146606445
1,35.46,11.7798817986622,49.8628616333008
1,35.47,11.7832150985487,49.8652458190918
1,35.48,11.7865483984351,49.898624420166
1,35.49,11.7898816983216,49.9343872070313
1,35.5,11.793214998208,49.9510765075684
1,35.51,11.7965482980944,49.9796867370605
1,35.52,11.7998815979809,50.0059127807617
1,35.53,11.8032148978673,50.0202178955078
1,35.54,11.8065481977537,50.046443939209
1,35.55,11.8098814976402,50.0679016113281
1,35.56,11.8132147975266,50.0845909118652
1,35.57,11.816548097413,50.1036643981934
1,35.58,11.8198813972995,50.1203536987305
1,35.59,11.8232146971859,50.1322746276855
1,35.6,11.8265479970723,50.1656532287598
1,35.61,11.8298812969588,50.1847267150879
1,35.62,11.8332145968452,50.208568572998
1,35.63,11.8365478967316,50.2324104309082
1,35.64,11.8398811966181,50.2490997314453
1,35.65,11.8432144965045,50.2800941467285
1,35.66,11.846547796391,50.2920150756836
1,35.67,11.8498810962774,50.3230094909668
1,35.68,11.8532143961638,50.3635406494141
1,35.69,11.8565476960503,50.3706932067871
1,35.7,11.8598809959367,50.3993034362793
1,35.71,11.8632142958231,50.4183769226074
1,35.72,11.8665475957096,50.4517555236816
1,35.73,11.869880895596,50.4779815673828
1,35.74,11.8732141954824,50.499439239502
1,35.75,11.8765474953689,50.5232810974121
1,35.76,11.8798807952553,50.5495071411133
1,35.77,11.8832140951417,50.5805015563965
1,35.78,11.8865473950282,50.6043434143066
1,35.79,11.8898806949146,50.6186485290527
1,35.8,11.893213994801,50.6424903869629
1,35.81,11.8965472946875,50.6711006164551
1,35.82,11.8998805945739,50.6877899169922
1,35.83,11.9032138944604,50.7211685180664
1,35.84,11.9065471943468,50.7354736328125
1,35.85,11.9098804942332,50.7497787475586
1,35.86,11.9132137941197,50.7664680480957
1,35.87,11.9165470940061,50.7855415344238
1,35.88,11.9198803938925,50.7974624633789
1,35.89,11.923213693779,50.8236885070801
1,35.9,11.9265469936654,50.8236885070801
1,35.91,11.9298802935518,50.8308410644531
1,35.92,11.9332135934383,50.8522987365723
1,35.93,11.9365468933247,50.8499145507813
1,35.94,11.9398801932111,50.8642196655273
1,35.95,11.9432134930976,50.8666038513184
1,35.96,11.946546792984,50.8737564086914
1,35.97,11.9498800928704,50.8880615234375
1,35.98,11.9532133927569,50.8952140808105
1,35.99,11.9565466926433,50.9238243103027
1,36,11.9598799925297,50.9428977966309
1,36.01,11.9632132924162,50.9524345397949
1,36.02,11.9665465923026,50.9810447692871
1,36.03,11.9698798921891,50.9953498840332
1,36.04,11.9732131920755,51.0430335998535
1,36.05,11.9765464919619,51.0644912719727
1,36.06,11.9798797918484,51.0859489440918
1,36.07,11.9832130917348,51.112174987793
1,36.08,11.9865463916212,51.1384010314941
1,36.09,11.9898796915077,51.1765480041504
1,36.1,11.9932129913941,51.1956214904785
1,36.11,11.9965462912805,51.2194633483887
1,36.12,11.999879591167,51.2480735778809
1,36.13,12.0032128910534,51.2814521789551
1,36.14,12.0065461909398,51.3100624084473
1,36.15,12.0098794908263,51.3243675231934
1,36.16,12.0132127907127,51.3625144958496
1,36.17,12.0165460905991,51.3792037963867
1,36.18,12.0198793904856,51.4054298400879
1,36.19,12.023212690372,51.4316558837891
1,36.2,12.0265459902585,51.4507293701172
1,36.21,12.0298792901449,51.4674186706543
1,36.22,12.0332125900313,51.4841079711914
1,36.23,12.0365458899178,51.5151023864746
1,36.24,12.0398791898042,51.5270233154297
1,36.25,12.0432124896906,51.5604019165039
1,36.26,12.0465457895771,51.572322845459
1,36.27,12.0498790894635,51.5913963317871
1,36.28,12.0532123893499,51.6104698181152
1,36.29,12.0565456892364,51.6438484191895
1,36.3,12.0598789891228,51.6629219055176
1,36.31,12.0632122890092,51.6867637634277
1,36.32,12.0665455888957,51.7082214355469
1,36.33,12.0698788887821,51.727294921875
1,36.34,12.0732121886685,51.7582893371582
1,36.35,12.076545488555,51.7916679382324
1,36.36,12.0798787884414,51.8059730529785
1,36.37,12.0832120883279,51.8321990966797
1,36.38,12.0865453882143,51.8608093261719
1,36.39,12.0898786881007,51.8798828125
1,36.4,12.0932119879872,51.8918037414551
1,36.41,12.0965452878736,51.9251823425293
1,36.42,12.09987858776,51.9490242004395
1,36.43,12.1032118876465,51.9752502441406
1,36.44,12.1065451875329,51.9919395446777
1,36.45,12.1098784874193,52.027702331543
1,36.46,12.1132117873058,52.0515441894531
1,36.47,12.1165450871922,52.0706176757813
1,36.48,12.1198783870786,52.1039962768555
1,36.49,12.1232116869651,52.1183013916016
1,36.5,12.1265449868515,52.1469116210938
1,36.51,12.1298782867379,52.1636009216309
1,36.52,12.1332115866244,52.182674407959
1,36.53,12.1365448865108,52.2112846374512
1,36.54,12.1398781863973,52.2375106811523
1,36.55,12.1432114862837,52.2708892822266
1,36.56,12.1465447861701,52.2875785827637
1,36.57,12.1498780860566,52.3233413696289
1,36.58,12.153211385943,52.340030670166
1,36.59,12.1565446858294,52.3591041564941
1,36.6,12.1598779857159,52.3972511291504
1,36.61,12.1632112856023,52.4115562438965
1,36.62,12.1665445854887,52.4377822875977
1,36.63,12.1698778853752,52.4616241455078
1,36.64,12.1732111852616,52.495002746582
1,36.65,12.176544485148,52.5116920471191
1,36.66,12.1798777850345,52.5450706481934
1,36.67,12.1832110849209,52.5712966918945
1,36.68,12.1865443848073,52.5951385498047
1,36.69,12.1898776846938,52.6285171508789
1,36.7,12.1932109845802,52.649974822998
1,36.71,12.1965442844667,52.6738166809082
1,36.72,12.1998775843531,52.6976585388184
1,36.73,12.2032108842395,52.7191162109375
1,36.74,12.206544184126,52.7501106262207
1,36.75,12.2098774840124,52.7763366699219
1,36.76,12.2132107838988,52.79541015625
1,36.77,12.2165440837853,52.8264045715332
1,36.78,12.2198773836717,52.8430938720703
1,36.79,12.2232106835581,52.8693199157715
1,36.8,12.2265439834446,52.9003143310547
1,36.81,12.229877283331,52.9146194458008
1,36.82,12.2332105832174,52.945613861084
1,36.83,12.2365438831039,52.9646873474121
1,36.84,12.2398771829903,52.9909133911133
1,36.85,12.2432104828767,53.0195236206055
1,36.86,12.2465437827632,53.0338287353516
1,36.87,12.2498770826496,53.0600547790527
1,36.88,12.2532103825361,53.0838966369629
1,36.89,12.2598769823089,53.107738494873
1,36.9,12.2632102821954,53.1291961669922
1,36.92,12.2665435820818,53.1673431396484
1,36.93,12.2698768819682,53.1888008117676
1,36.94,12.2732101818547,53.2221794128418
1,36.95,12.2765434817411,53.257942199707
1,36.96,12.283210081514,53.2913208007813
1,36.98,12.2865433814004,53.3390045166016
1,36.99,12.2932099811733,53.3795356750488
1,37,12.2965432810597,53.3962249755859
1,37.02,12.2998765809461,53.4582138061523
1,37.03,12.306543180719,53.4987449645996
1,37.04,12.3098764806055,53.5154342651367
1,37.05,12.3132097804919,53.5464286804199
1,37.06,12.3165430803783,53.5750389099121
1,37.07,12.3198763802648,53.6036491394043
1,37.08,12.3232096801512,53.6274909973145
1,37.09,12.3265429800376,53.6465644836426
1,37.1,12.3298762799241,53.6584854125977
1,37.11,12.3332095798105,53.6799430847168
1,37.12,12.3365428796969,53.703784942627
1,37.13,12.3398761795834,53.713321685791
1,37.14,12.3432094794698,53.7300109863281
1,37.15,12.3465427793562,53.7490844726563
1,37.16,12.3498760792427,53.7633895874023
1,37.17,12.3532093791291,53.7919998168945
1,37.18,12.3565426790155,53.7991523742676
1,37.19,12.359875978902,53.8301467895508
1,37.2,12.3632092787884,53.8539886474609
1,37.21,12.3665425786749,53.868293762207
1,37.22,12.3698758785613,53.8754463195801
1,37.23,12.3732091784477,53.9112091064453
1,37.24,12.3765424783342,53.9207458496094
1,37.25,12.3798757782206,53.9517402648926
1,37.26,12.383209078107,53.9708137512207
1,37.27,12.3865423779935,53.9946556091309
1,37.28,12.3898756778799,54.0065765380859
1,37.29,12.3932089777663,54.0304183959961
1,37.3,12.3965422776528,54.0518760681152
1,37.31,12.3998755775392,54.0852546691895
1,37.32,12.4032088774256,54.0924072265625
1,37.33,12.4065421773121,54.1019439697266
1,37.34,12.4098754771985,54.1329383850098
1,37.35,12.4132087770849,54.1400909423828
1,37.36,12.4165420769714,54.161548614502
1,37.37,12.4198753768578,54.171085357666
1,37.38,12.4232086767443,54.1949272155762
1,37.39,12.4265419766307,54.1996955871582
1,37.4,12.4298752765171,54.2187690734863
1,37.41,12.4332085764036,54.2402267456055
1,37.42,12.43654187629,54.2593002319336
1,37.43,12.4398751761764,54.2831420898438
1,37.44,12.4432084760629,54.3045997619629
1,37.45,12.4465417759493,54.314136505127
1,37.46,12.4498750758357,54.3475151062012
1,37.47,12.4532083757222,54.3785095214844
1,37.48,12.4565416756086,54.3856620788574
1,37.49,12.459874975495,54.4238090515137
1,37.5,12.4632082753815,54.4404983520508
1,37.51,12.4665415752679,54.4548034667969
1,37.52,12.4698748751543,54.4857978820801
1,37.53,12.4732081750408,54.5001029968262
1,37.54,12.4765414749272,54.5358657836914
1,37.55,12.4798747748137,54.5644760131836
1,37.56,12.4832080747001,54.5907020568848
1,37.57,12.4865413745865,54.6169281005859
1,37.58,12.489874674473,54.633617401123
1,37.59,12.4932079743594,54.6598434448242
1,37.6,12.4965412742458,54.6908378601074
1,37.61,12.4998745741323,54.7146797180176
1,37.62,12.5032078740187,54.7313690185547
1,37.63,12.5065411739051,54.7623634338379
1,37.64,12.5098744737916,54.774284362793
1,37.65,12.513207773678,54.7981262207031
1,37.66,12.5165410735644,54.8219680786133
1,37.67,12.5198743734509,54.8505783081055
1,37.68,12.5232076733373,54.8720359802246
1,37.69,12.5265409732237,54.8934936523438
1,37.7,12.5298742731102,54.9030303955078
1,37.71,12.5332075729966,54.936408996582
1,37.72,12.5365408728831,54.9578666687012
1,37.73,12.5398741727695,54.9721717834473
1,37.74,12.5432074726559,55.0031661987305
1,37.75,12.5465407725424,55.0103187561035
1,37.76,12.5498740724288,55.0532341003418
1,37.77,12.5532073723152,55.077075958252
1,37.78,12.5565406722017,55.1056861877441
1,37.79,12.5598739720881,55.1223754882813
1,37.8,12.5632072719745,55.1438331604004
1,37.81,12.566540571861,55.1652908325195
1,37.82,12.5698738717474,55.1843643188477
1,37.83,12.5732071716338,55.2034378051758
1,37.84,12.5765404715203,55.229663848877
1,37.85,12.5798737714067,55.2511215209961
1,37.86,12.5832070712931,55.2845001220703
1,37.87,12.5865403711796,55.3083419799805
1,37.88,12.589873671066,55.3274154663086
1,37.89,12.5932069709525,55.3488731384277
1,37.9,12.5965402708389,55.3679466247559
1,37.91,12.5998735707253,55.389404296875
1,37.92,12.6032068706118,55.4108619689941
1,37.93,12.6065401704982,55.4203987121582
1,37.94,12.6098734703846,55.4513931274414
1,37.95,12.6132067702711,55.4680824279785
1,37.96,12.6165400701575,55.4895401000977
1,37.97,12.6198733700439,55.5109977722168
1,37.98,12.6232066699304,55.5253028869629
1,37.99,12.6265399698168,55.5515289306641
1,38,12.6298732697032,55.5634498596191
1,38.01,12.6332065695897,55.5944442749023
1,38.02,12.6365398694761,55.6111335754395
1,38.03,12.6398731693625,55.6302070617676
1,38.04,12.643206469249,55.6492805480957
1,38.05,12.6465397691354,55.6659698486328
1,38.06,12.6498730690219,55.687427520752
1,38.07,12.6532063689083,55.7208061218262
1,38.08,12.6565396687947,55.7374954223633
1,38.09,12.6598729686812,55.7541847229004
1,38.1,12.6632062685676,55.7804107666016
1,38.11,12.666539568454,55.8042526245117
1,38.12,12.6698728683405,55.8352470397949
1,38.13,12.6732061682269,55.849552154541
1,38.14,12.6765394681133,55.8757781982422
1,38.15,12.6798727679998,55.9043884277344
1,38.16,12.6832060678862,55.9282302856445
1,38.17,12.6865393677726,55.9616088867188
1,38.18,12.6898726676591,55.9830665588379
1,38.19,12.6932059675455,56.0188293457031
1,38.2,12.6965392674319,56.0379028320313
1,38.21,12.6998725673184,56.0617446899414
1,38.22,12.7032058672048,56.0927391052246
1,38.23,12.7065391670913,56.1118125915527
1,38.24,12.7098724669777,56.149959564209
1,38.25,12.7132057668641,56.15234375
1,38.26,12.7165390667506,56.1952590942383
1,38.27,12.719872366637,56.2191009521484
1,38.28,12.7232056665234,56.2477111816406
1,38.29,12.7265389664099,56.2691688537598
1,38.3,12.7298722662963,56.300163269043
1,38.31,12.7332055661827,56.3168525695801
1,38.32,12.7365388660692,56.3383102416992
1,38.33,12.7398721659556,56.3716888427734
1,38.34,12.743205465842,56.3859939575195
1,38.35,12.7465387657285,56.3979148864746
1,38.36,12.7498720656149,56.4312934875488
1,38.37,12.7532053655013,56.455135345459
1,38.38,12.7565386653878,56.4861297607422
1,38.39,12.7598719652742,56.5123558044434
1,38.4,12.7632052651607,56.5314292907715
1,38.41,12.7665385650471,56.5576553344727
1,38.42,12.7698718649335,56.5814971923828
1,38.43,12.77320516482,56.612491607666
1,38.44,12.7765384647064,56.6291809082031
1,38.45,12.7798717645928,56.6554069519043
1,38.46,12.7832050644793,56.6673278808594
1,38.47,12.7865383643657,56.7054748535156
1,38.48,12.7898716642521,56.7221641540527
1,38.49,12.7932049641386,56.7388534545898
1,38.5,12.796538264025,56.767463684082
1,38.51,12.7998715639114,56.7746162414551
1,38.52,12.8032048637979,56.8127632141113
1,38.53,12.8065381636843,56.8318367004395
1,38.54,12.8098714635707,56.8485260009766
1,38.55,12.8132047634572,56.8819046020508
1,38.56,12.8165380633436,56.910514831543
1,38.57,12.81987136323,56.9391250610352
1,38.58,12.8232046631165,56.9629669189453
1,38.59,12.8265379630029,56.9868087768555
1,38.6,12.8298712628894,57.0130348205566
1,38.61,12.8332045627758,57.0321083068848
1,38.62,12.8365378626622,57.0583343505859
1,38.63,12.8398711625487,57.0893287658691
1,38.64,12.8432044624351,57.1060180664063
1,38.65,12.8465377623215,57.1298599243164
1,38.66,12.849871062208,57.1537017822266
1,38.67,12.8532043620944,57.1823120117188
1,38.68,12.8565376619808,57.2013854980469
1,38.69,12.8598709618673,57.2299957275391
1,38.7,12.8632042617537,57.2562217712402
1,38.71,12.8665375616401,57.2752952575684
1,38.72,12.8698708615266,57.2991371154785
1,38.73,12.873204161413,57.3182106018066
1,38.74,12.8765374612995,57.3444366455078
1,38.75,12.8798707611859,57.370662689209
1,38.76,12.8832040610723,57.4040412902832
1,38.77,12.8865373609588,57.4278831481934
1,38.78,12.8898706608452,57.4660301208496
1,38.79,12.8932039607316,57.4946403503418
1,38.8,12.8965372606181,57.528018951416
1,38.81,12.8998705605045,57.5470924377441
1,38.82,12.9032038603909,57.5613975524902
1,38.83,12.9065371602774,57.5971603393555
1,38.84,12.9098704601638,57.5971603393555
1,38.85,12.9132037600502,57.6305389404297
1,38.86,12.9165370599367,57.6400756835938
1,38.87,12.9198703598231,57.673454284668
1,38.88,12.9232036597095,57.6901435852051
1,38.89,12.926536959596,57.7020645141602
1,38.9,12.9298702594824,57.7306747436523
1,38.91,12.9332035593688,57.7473640441895
1,38.92,12.9365368592553,57.7759742736816
1,38.93,12.9398701591417,57.7950477600098
1,38.94,12.9432034590282,57.8093528747559
1,38.95,12.9465367589146,57.837963104248
1,38.96,12.949870058801,57.8522682189941
1,38.97,12.9532033586875,57.8832626342773
1,38.98,12.9565366585739,57.9071044921875
1,38.99,12.9598699584603,57.9452514648438
1,39,12.9632032583468,57.9547882080078
1,39.01,12.9665365582332,57.9667091369629
1,39.02,12.9698698581196,58.0000877380371
1,39.03,12.9732031580061,58.0167770385742
1,39.04,12.9765364578925,58.0453872680664
1,39.05,12.9798697577789,58.0644607543945
1,39.06,12.9832030576654,58.0811500549316
1,39.07,12.9865363575518,58.1169128417969
1,39.08,12.9898696574382,58.1264495849609
1,39.09,12.9932029573247,58.1479072570801
1,39.1,12.9965362572111,58.1836700439453
1,39.11,12.9998695570976,58.2027435302734
1,39.12,13.003202856984,58.2289695739746
1,39.13,13.0065361568704,58.2504272460938
1,39.14,13.0098694567569,58.286190032959
1,39.15,13.0132027566433,58.3219528198242
1,39.16,13.0165360565297,58.3481788635254
1,39.17,13.0198693564162,58.3720207214355
1,39.18,13.0232026563026,58.4077835083008
1,39.19,13.026535956189,58.4316253662109
1,39.2,13.0298692560755,58.4650039672852
1,39.21,13.0332025559619,58.4936141967773
1,39.22,13.0365358558483,58.5079193115234
1,39.23,13.0398691557348,58.5508346557617
1,39.24,13.0432024556212,58.5603713989258
1,39.25,13.0465357555076,58.588981628418
1,39.26,13.0498690553941,58.6056709289551
1,39.27,13.0532023552805,58.6223602294922
1,39.28,13.056535655167,58.6509704589844
1,39.29,13.0598689550534,58.6676597595215
1,39.3,13.0632022549398,58.6724281311035
1,39.31,13.0665355548263,58.7034225463867
1,39.32,13.0698688547127,58.7248802185059
1,39.33,13.0732021545991,58.751106262207
1,39.34,13.0765354544856,58.7701797485352
1,39.35,13.079868754372,58.7987899780273
1,39.36,13.0832020542584,58.8202476501465
1,39.37,13.0865353541449,58.8583946228027
1,39.38,13.0898686540313,58.8774681091309
1,39.39,13.0932019539177,58.9275360107422
1,39.4,13.0965352538042,58.9275360107422
1,39.41,13.0998685536906,58.9513778686523
1,39.42,13.103201853577,58.9942932128906
1,39.43,13.1065351534635,59.0181350708008
1,39.44,13.1098684533499,59.0181350708008
1,39.45,13.1132017532364,59.0705871582031
1,39.46,13.1165350531228,59.1135025024414
1,39.47,13.1198683530092,59.1278076171875
1,39.48,13.1232016528957,59.1421127319336
1,39.49,13.1265349527821,59.1516494750977
1,39.5,13.1298682526685,59.1945648193359
1,39.51,13.133201552555,59.208869934082
1,39.52,13.1365348524414,59.208869934082
1,39.53,13.1398681523278,59.2470169067383
1,39.54,13.1432014522143,59.2708587646484
1,39.55,13.1465347521007,59.2899322509766
1,39.56,13.1498680519871,59.3090057373047
1,39.57,13.1532013518736,59.3376159667969
1,39.58,13.15653465176,59.3709945678711
1,39.59,13.1598679516464,59.3900680541992
1,39.6,13.1632012515329,59.4234466552734
1,39.61,13.1665345514193,59.4425201416016
1,39.62,13.1698678513058,59.4806671142578
1,39.63,13.1732011511922,59.5188140869141
1,39.64,13.1765344510786,59.5235824584961
1,39.65,13.1798677509651,59.5664978027344
1,39.66,13.1832010508515,59.5808029174805
1,39.67,13.1865343507379,59.6189498901367
1,39.68,13.1898676506244,59.6523284912109
1,39.69,13.1932009505108,59.6714019775391
1,39.7,13.1965342503972,59.7047805786133
1,39.71,13.1998675502837,59.7286224365234
1,39.72,13.2032008501701,59.7333908081055
1,39.73,13.2065341500565,59.7620010375977
1,39.74,13.209867449943,59.7906112670898
1,39.75,13.2132007498294,59.8049163818359
1,39.76,13.2165340497158,59.8335266113281
1,39.77,13.2198673496023,59.8573684692383
1,39.78,13.2232006494887,59.8764419555664
1,39.79,13.2265339493752,59.8955154418945
1,39.8,13.2298672492616,59.8955154418945
1,39.81,13.233200549148,59.9431991577148
1,39.82,13.2365338490345,59.9527359008789
1,39.83,13.2398671489209,59.962272644043
1,39.84,13.2432004488073,59.9813461303711
1,39.85,13.2465337486938,60.0147247314453
1,39.86,13.2498670485802,60.0337982177734
1,39.87,13.2532003484666,60.0814819335938
1,39.88,13.2565336483531,60.0814819335938
1,39.89,13.2598669482395,60.1291656494141
1,39.9,13.2632002481259,60.124397277832
1,39.91,13.2665335480124,60.1482391357422
1,39.92,13.2698668478988,60.2006912231445
1,39.93,13.2732001477852,60.2245330810547
1,39.94,13.2765334476717,60.2436065673828
1,39.95,13.2798667475581,60.276985168457
1,39.96,13.2832000474446,60.2912902832031
1,39.97,13.286533347331,60.3246688842773
1,39.98,13.2898666472174,60.3532791137695
1,39.99,13.2931999471039,60.3961944580078
1,40,13.2965332469903,60.4152679443359
1,40.01,13.2998665468767,60.4438781738281
1,40.02,13.3031998467632,60.4534149169922
1,40.03,13.3065331466496,60.4581832885742
1,40.04,13.309866446536,60.5010986328125
1,40.05,13.3131997464225,60.5392456054688
1,40.06,13.3165330463089,60.5392456054688
1,40.07,13.3198663461953,60.5630874633789
1,40.08,13.3231996460818,60.5583190917969
1,40.09,13.3265329459682,60.6060028076172
1,40.1,13.3298662458546,60.6155395507813
1,40.11,13.3331995457411,60.6393814086914
1,40.12,13.3365328456275,60.6679916381836
1,40.13,13.339866145514,60.6870651245117
1,40.14,13.3431994454004,60.7013702392578
1,40.15,13.3465327452868,60.7156753540039
1,40.16,13.3498660451733,60.7585906982422
1,40.17,13.3531993450597,60.7728958129883
1,40.18,13.3598659448326,60.7967376708984
1,40.19,13.363199244719,60.8205795288086
1,40.21,13.3665325446054,60.8921051025391
1,40.22,13.3698658444919,60.887336730957
1,40.23,13.3731991443783,60.9207153320313
1,40.24,13.3765324442647,60.9493255615234
1,40.25,13.3798657441512,60.9540939331055
1,40.26,13.3831990440376,60.9922409057617
1,40.27,13.386532343924,61.0160827636719
1,40.28,13.3931989436969,61.0256195068359
1,40.29,13.3965322435834,61.0685348510742
1,40.31,13.3998655434698,61.0828399658203
1,40.32,13.4031988433562,61.1352920532227
1,40.33,13.4098654431291,61.1495971679688
1,40.34,13.4131987430155,61.1639022827148
1,40.35,13.416532042902,61.1972808837891
1,40.36,13.4198653427884,61.2211227416992
1,40.37,13.4231986426748,61.2735748291016
1,40.38,13.4265319425613,61.2688064575195
1,40.39,13.4298652424477,61.2831115722656
1,40.4,13.4331985423341,61.3307952880859
1,40.41,13.4365318422206,61.3546371459961
1,40.42,13.439865142107,61.3927841186523
1,40.43,13.4431984419934,61.4118576049805
1,40.44,13.4465317418799,61.4261627197266
1,40.45,13.4498650417663,61.4690780639648
1,40.46,13.4531983416528,61.5215301513672
1,40.47,13.4565316415392,61.5406036376953
1,40.48,13.4598649414256,61.5739822387695
1,40.49,13.4631982413121,61.6073608398438
1,40.5,13.4665315411985,61.6550445556641
1,40.51,13.4698648410849,61.6788864135742
1,40.52,13.4731981409714,61.7170333862305
1,40.53,13.4765314408578,61.7599487304688
1,40.54,13.4798647407442,61.793327331543
1,40.55,13.4831980406307,61.8219375610352
1,40.56,13.4865313405171,61.8505477905273
1,40.57,13.4898646404035,61.8696212768555
1,40.58,13.49319794029,61.9077682495117
1,40.59,13.4965312401764,61.9411468505859
1,40.6,13.4998645400628,61.9697570800781
1,40.61,13.5031978399493,61.9983673095703
1,40.62,13.5065311398357,62.0126724243164
1,40.63,13.5098644397222,62.0365142822266
1,40.64,13.5131977396086,62.0651245117188
1,40.65,13.516531039495,62.0937347412109
1,40.66,13.5198643393815,62.0937347412109
1,40.67,13.5231976392679,62.1223449707031
1,40.68,13.5265309391543,62.1366500854492
1,40.69,13.5298642390408,62.1557235717773
1,40.7,13.5331975389272,62.1652603149414
1,40.71,13.5365308388136,62.1986389160156
1,40.72,13.5398641387001,62.2034072875977
1,40.73,13.5431974385865,62.2415542602539
1,40.74,13.5465307384729,62.2415542602539
1,40.75,13.5498640383594,62.255859375
1,40.76,13.5531973382458,62.3035430908203
1,40.77,13.5565306381322,62.2987747192383
1,40.78,13.5598639380187,62.3178482055664
1,40.79,13.5631972379051,62.3369216918945
1,40.8,13.5665305377916,62.3416900634766
1,40.81,13.569863837678,62.3703002929688
1,40.82,13.5731971375644,62.3798370361328
1,40.83,13.5765304374509,62.4179840087891
1,40.84,13.5798637373373,62.4370574951172
1,40.85,13.5831970372237,62.4322891235352
1,40.86,13.5865303371102,62.4752044677734
1,40.87,13.5898636369966,62.4942779541016
1,40.88,13.593196936883,62.5085830688477
1,40.89,13.5965302367695,62.5514984130859
1,40.9,13.5998635366559,62.56103515625
1,40.91,13.6031968365423,62.5801086425781
1,40.92,13.6065301364288,62.5991821289063
1,40.93,13.6098634363152,62.5991821289063
1,40.94,13.6131967362016,62.6468658447266
1,40.95,13.6165300360881,62.6611709594727
1,40.96,13.6198633359745,62.6754760742188
1,40.97,13.6231966358609,62.708854675293
1,40.98,13.6265299357474,62.718391418457
1,40.99,13.6298632356338,62.7422332763672
1,41,13.6331965355203,62.7660751342773
1,41.01,13.6365298354067,62.8185272216797
1,41.02,13.6398631352931,62.8280639648438
1,41.03,13.6431964351796,62.8852844238281
1,41.04,13.646529735066,62.8995895385742
1,41.05,13.6498630349524,62.9186630249023
1,41.06,13.6531963348389,62.9615783691406
1,41.07,13.6565296347253,62.9758834838867
1,41.08,13.6598629346117,62.9997253417969
1,41.09,13.6631962344982,63.0283355712891
1,41.1,13.6665295343846,63.0378723144531
1,41.11,13.669862834271,63.0521774291992
1,41.12,13.6731961341575,63.0617141723633
1,41.13,13.6765294340439,63.0998611450195
1,41.14,13.6798627339303,63.0998611450195
1,41.15,13.6831960338168,63.1284713745117
1,41.16,13.6865293337032,63.1284713745117
1,41.17,13.6898626335897,63.1475448608398
1,41.18,13.6931959334761,63.166618347168
1,41.19,13.6965292333625,63.17138671875
1,41.2,13.699862533249,63.17138671875
1,41.21,13.7031958331354,63.2095336914063
1,41.22,13.7065291330218,63.2047653198242
1,41.23,13.7098624329083,63.2524490356445
1,41.24,13.7131957327947,63.2667541503906
1,41.25,13.7165290326811,63.3144378662109
1,41.26,13.7198623325676,63.3144378662109
1,41.27,13.723195632454,63.3668899536133
1,41.28,13.7265289323404,63.3955001831055
1,41.29,13.7298622322269,63.4193420410156
1,41.3,13.7331955321133,63.4431838989258
1,41.31,13.7365288319998,63.4956359863281
1,41.32,13.7398621318862,63.5433197021484
1,41.33,13.7431954317726,63.5719299316406
1,41.34,13.7465287316591,63.5957717895508
1,41.35,13.7498620315455,63.624382019043
1,41.36,13.7531953314319,63.6816024780273
1,41.37,13.7565286313184,63.6863708496094
1,41.38,13.7598619312048,63.7388229370117
1,41.39,13.7631952310912,63.7578964233398
1,41.4,13.7665285309777,63.776969909668
1,41.41,13.7698618308641,63.8151168823242
1,41.42,13.7731951307505,63.8246536254883
1,41.43,13.776528430637,63.8675689697266
1,41.44,13.7798617305234,63.9104843139648
1,41.45,13.7831950304098,63.9104843139648
1,41.46,13.7865283302963,63.9486312866211
1,41.47,13.7898616301827,63.9963150024414
1,41.48,13.7931949300691,63.9963150024414
1,41.49,13.7965282299556,64.0296936035156
1,41.5,13.799861529842,64.0630722045898
1,41.51,13.8031948297285,64.0630722045898
1,41.52,13.8065281296149,64.1202926635742
1,41.53,13.8098614295013,64.1393661499023
1,41.54,13.8131947293878,64.1727447509766
1,41.55,13.8165280292742,64.2061233520508
1,41.56,13.8198613291606,64.2204284667969
1,41.57,13.8231946290471,64.2633438110352
1,41.58,13.8265279289335,64.2824172973633
1,41.59,13.8298612288199,64.3301010131836
1,41.6,13.8331945287064,64.3444061279297
1,41.61,13.8365278285928,64.3634796142578
1,41.62,13.8398611284792,64.4016265869141
1,41.63,13.8431944283657,64.4350051879883
1,41.64,13.8465277282521,64.4540786743164
1,41.65,13.8498610281385,64.4540786743164
1,41.66,13.853194328025,64.5017623901367
1,41.67,13.8565276279114,64.5256042480469
1,41.68,13.8598609277979,64.544677734375
1,41.69,13.8631942276843,64.5685195922852
1,41.7,13.8665275275707,64.6114349365234
1,41.71,13.8698608274572,64.6209716796875
1,41.72,13.8731941273436,64.6400451660156
1,41.73,13.87652742723,64.6734237670898
1,41.74,13.8798607271165,64.697265625
1,41.75,13.8831940270029,64.7163391113281
1,41.76,13.8865273268893,64.7640228271484
1,41.77,13.8898606267758,64.7687911987305
1,41.78,13.8931939266622,64.7974014282227
1,41.79,13.8965272265486,64.8069381713867
1,41.8,13.8998605264351,64.8355484008789
1,41.81,13.9031938263215,64.854621887207
1,41.82,13.9065271262079,64.8832321166992
1,41.83,13.9098604260944,64.9070739746094
1,41.84,13.9131937259808,64.9261474609375
1,41.85,13.9165270258673,64.9595260620117
1,41.86,13.9198603257537,64.9929046630859
1,41.87,13.9231936256401,65.0119781494141
1,41.88,13.9265269255266,65.0405883789063
1,41.89,13.929860225413,65.0596618652344
1,41.9,13.9331935252994,65.1025772094727
1,41.91,13.9365268251859,65.1168823242188
1,41.92,13.9398601250723,65.155029296875
1,41.93,13.9431934249587,65.1788711547852
1,41.94,13.9465267248452,65.1931762695313
1,41.95,13.9498600247316,65.2265548706055
1,41.96,13.953193324618,65.2265548706055
1,41.97,13.9565266245045,65.2647018432617
1,41.98,13.9598599243909,65.2885437011719
1,41.99,13.9631932242773,65.3219223022461
1,42,13.9665265241638,65.3362274169922
1,42.01,13.9698598240502,65.3553009033203
1,42.02,13.9731931239367,65.3934478759766
1,42.03,13.9765264238231,65.4125213623047
1,42.04,13.9798597237095,65.4363632202148
1,42.05,13.983193023596,65.4745101928711
1,42.06,13.9865263234824,65.4840469360352
1,42.07,13.9898596233688,65.5174255371094
1,42.08,13.9931929232553,65.5508041381836
1,42.09,13.9965262231417,65.5841827392578
1,42.1,13.9998595230281,65.617561340332
1,42.11,14.0031928229146,65.6366348266602
1,42.12,14.006526122801,65.6747817993164
1,42.13,14.0098594226874,65.6843185424805
1,42.14,14.0131927225739,65.7415390014648
1,42.15,14.0165260224603,65.7463073730469
1,42.16,14.0198593223467,65.8035278320313
1,42.17,14.0231926222332,65.8226013183594
1,42.18,14.0265259221196,65.8464431762695
1,42.19,14.0298592220061,65.8559799194336
1,42.2,14.0331925218925,65.8750534057617
1,42.21,14.0365258217789,65.913200378418
1,42.22,14.0398591216654,65.922737121582
1,42.23,14.0431924215518,65.9561157226563
1,42.24,14.0465257214382,65.9656524658203
1,42.25,14.0498590213247,65.9990310668945
1,42.26,14.0531923212111,65.9990310668945
1,42.27,14.0565256210975,66.0324096679688
1,42.28,14.059858920984,66.0371780395508
1,42.29,14.0631922208704,66.0848617553711
1,42.3,14.0665255207568,66.0991668701172
1,42.31,14.0698588206433,66.1325454711914
1,42.32,14.0731921205297,66.1420822143555
1,42.33,14.0765254204161,66.1754608154297
1,42.34,14.0798587203026,66.1945343017578
1,42.35,14.083192020189,66.2088394165039
1,42.36,14.0865253200755,66.2422180175781
1,42.37,14.0898586199619,66.2660598754883
1,42.38,14.0931919198483,66.2899017333984
1,42.39,14.0965252197348,66.3137435913086
1,42.4,14.0998585196212,66.3566589355469
1,42.41,14.1031918195076,66.3614273071289
1,42.42,14.1065251193941,66.4043426513672
1,42.43,14.1098584192805,66.4186477661133
1,42.44,14.1131917191669,66.4663314819336
1,42.45,14.1165250190534,66.4854049682617
1,42.46,14.1198583189398,66.4949417114258
1,42.47,14.1231916188262,66.5521621704102
1,42.48,14.1265249187127,66.5712356567383
1,42.49,14.1298582185991,66.5760040283203
1,42.5,14.1331915184855,66.6046142578125
1,42.51,14.136524818372,66.6332244873047
1,42.52,14.1398581182584,66.6570663452148
1,42.53,14.1431914181449,66.6904449462891
1,42.54,14.1465247180313,66.7095184326172
1,42.55,14.1498580179177,66.7238235473633
1,42.56,14.1531913178042,66.7715072631836
1,42.57,14.1565246176906,66.7667388916016
1,42.58,14.159857917577,66.8096542358398
1,42.59,14.1631912174635,66.8478012084961
1,42.6,14.1665245173499,66.8811798095703
1,42.61,14.1698578172363,66.9050216674805
1,42.62,14.1731911171228,66.9431686401367
1,42.63,14.1765244170092,66.9622421264648
1,42.64,14.1798577168956,66.981315612793
1,42.65,14.1831910167821,67.0146942138672
1,42.66,14.1865243166685,67.0528411865234
1,42.67,14.1898576165549,67.0766830444336
1,42.68,14.1931909164414,67.0862197875977
1,42.69,14.1965242163278,67.138671875
1,42.7,14.1998575162143,67.1529769897461
1,42.71,14.2031908161007,67.1672821044922
1,42.72,14.2065241159871,67.2006607055664
1,42.73,14.2098574158736,67.2149658203125
1,42.74,14.21319071576,67.2340393066406
1,42.75,14.2165240156464,67.2531127929688
1,42.76,14.2198573155329,67.2817230224609
1,42.77,14.2231906154193,67.3246383666992
1,42.78,14.2265239153057,67.3580169677734
1,42.79,14.2298572151922,67.3675537109375
1,42.8,14.2331905150786,67.4057006835938
1,42.81,14.236523814965,67.4295425415039
1,42.82,14.2398571148515,67.448616027832
1,42.83,14.2431904147379,67.4819946289063
1,42.84,14.2465237146243,67.5153732299805
1,42.85,14.2498570145108,67.5392150878906
1,42.86,14.2531903143972,67.5678253173828
1,42.87,14.2565236142837,67.5821304321289
1,42.88,14.2598569141701,67.6107406616211
1,42.89,14.2631902140565,67.6202774047852
1,42.9,14.266523513943,67.6918029785156
1,42.91,14.2698568138294,67.7108764648438
1,42.92,14.2731901137158,67.7347183227539
1,42.93,14.2765234136023,67.7776336669922
1,42.94,14.2798567134887,67.7728652954102
1,42.95,14.2831900133751,67.8253173828125
1,42.96,14.2865233132616,67.8491592407227
1,42.97,14.289856613148,67.8873062133789
1,42.98,14.2931899130344,67.901611328125
1,42.99,14.2965232129209,67.9254531860352
1,43,14.2998565128073,67.9302215576172
1,43.01,14.3031898126937,67.9540634155273
1,43.02,14.3065231125802,67.9922103881836
1,43.03,14.3098564124666,68.0065155029297
1,43.04,14.3131897123531,68.0398941040039
1,43.05,14.3165230122395,68.05419921875
1,43.06,14.3198563121259,68.0923461914063
1,43.07,14.3231896120124,68.0780410766602
1,43.08,14.3265229118988,68.1304931640625
1,43.09,14.3298562117852,68.1591033935547
1,43.1,14.3331895116717,68.1638717651367
1,43.11,14.3365228115581,68.1924819946289
1,43.12,14.3398561114445,68.2353973388672
1,43.13,14.343189411331,68.2640075683594
1,43.14,14.3465227112174,68.2878494262695
1,43.15,14.3498560111038,68.3069229125977
1,43.16,14.3531893109903,68.3498382568359
1,43.17,14.3565226108767,68.3832168579102
1,43.18,14.3598559107631,68.3975219726563
1,43.19,14.3631892106496,68.4452056884766
1,43.2,14.366522510536,68.4642791748047
1,43.21,14.3698558104225,68.5024261474609
1,43.22,14.3731891103089,68.5358047485352
1,43.23,14.3765224101953,68.5358047485352
1,43.24,14.3798557100818,68.5930252075195
1,43.25,14.3831890099682,68.6120986938477
1,43.26,14.3865223098546,68.6216354370117
1,43.27,14.3898556097411,68.659782409668
1,43.28,14.3931889096275,68.6836242675781
1,43.29,14.3965222095139,68.7122344970703
1,43.3,14.3998555094004,68.7170028686523
1,43.31,14.4031888092868,68.7456130981445
1,43.32,14.4065221091732,68.7837600708008
1,43.33,14.4098554090597,68.8314437866211
1,43.34,14.4131887089461,68.8362121582031
1,43.35,14.4165220088325,68.8695907592773
1,43.36,14.419855308719,68.9029693603516
1,43.37,14.4231886086054,68.9315795898438
1,43.38,14.4265219084918,68.9601898193359
1,43.39,14.4298552083783,68.9888000488281
1,43.4,14.4331885082647,69.0078735351563
1,43.41,14.4365218081512,69.0412521362305
1,43.42,14.4398551080376,69.0746307373047
1,43.43,14.443188407924,69.0984725952148
1,43.44,14.4465217078105,69.122314453125
1,43.45,14.4498550076969,69.1413879394531
1,43.46,14.4531883075833,69.1556930541992
1,43.47,14.4565216074698,69.1843032836914
1,43.48,14.4598549073562,69.2081451416016
1,43.49,14.4631882072426,69.2319869995117
1,43.5,14.4665215071291,69.2367553710938
1,43.51,14.4698548070155,69.2844390869141
1,43.52,14.4731881069019,69.3082809448242
1,43.53,14.4765214067884,69.3178176879883
1,43.54,14.4798547066748,69.3464279174805
1,43.55,14.4831880065613,69.3416595458984
1,43.56,14.4865213064477,69.3750381469727
1,43.57,14.4898546063341,69.3798065185547
1,43.58,14.4931879062206,69.3845748901367
1,43.59,14.496521206107,69.4084167480469
1,43.6,14.4998545059934,69.3941116333008
1,43.61,14.5031878058799,69.4036483764648
1,43.62,14.5065211057663,69.4036483764648
1,43.63,14.5098544056527,69.4417953491211
1,43.64,14.5131877055392,69.4417953491211
1,43.65,14.5165210054256,69.4656372070313
1,43.66,14.519854305312,69.4561004638672
1,43.67,14.5231876051985,69.4799423217773
1,43.68,14.5265209050849,69.4990158081055
1,43.69,14.5298542049713,69.5228576660156
1,43.7,14.5331875048578,69.5466995239258
1,43.71,14.5398541046306,69.5514678955078
1,43.72,14.5431874045171,69.580078125
1,43.74,14.5465207044035,69.6325302124023
1,43.75,14.54985400429,69.6611404418945
1,43.76,14.5531873041764,69.6897506713867
1,43.77,14.5598539039493,69.7135925292969
1,43.78,14.5631872038357,69.7422027587891
1,43.8,14.5665205037221,69.8089599609375
1,43.81,14.573187103495,69.8471069335938
1,43.82,14.5765204033814,69.8757171630859
1,43.83,14.5798537032679,69.9186325073242
1,43.84,14.5831870031543,69.9520111083984
1,43.86,14.5865203030407,70.0092315673828
1,43.87,14.5931869028136,70.0521469116211
1,43.88,14.5965202027,70.0664520263672
1,43.9,14.5998535025865,70.1284408569336
1,43.91,14.6031868024729,70.1761245727539
1,43.92,14.6098534022458,70.185661315918
1,43.93,14.6131867021322,70.2142715454102
1,43.94,14.6165200020187,70.2571868896484
1,43.95,14.6198533019051,70.2619552612305
1,43.96,14.6231866017915,70.2953338623047
1,43.97,14.626519901678,70.3239440917969
1,43.98,14.6298532015644,70.3668594360352
1,43.99,14.6331865014508,70.3859329223633
1,44,14.6365198013373,70.4193115234375
1,44.01,14.6398531012237,70.4383850097656
1,44.02,14.6431864011101,70.49560546875
1,44.03,14.6465197009966,70.5146789550781
1,44.04,14.649853000883,70.5623626708984
1,44.05,14.6531863007695,70.5909729003906
1,44.06,14.6565196006559,70.6100463867188
1,44.07,14.6598529005423,70.643424987793
1,44.08,14.6631862004288,70.6911087036133
1,44.09,14.6665195003152,70.7006454467773
1,44.1,14.6698528002016,70.7101821899414
1,44.11,14.6731861000881,70.7626342773438
1,44.12,14.6765193999745,70.796012878418
1,44.13,14.6798526998609,70.8389282226563
1,44.14,14.6831859997474,70.8436965942383
1,44.15,14.6865192996338,70.8961486816406
1,44.16,14.6898525995202,70.9247589111328
1,44.17,14.6931858994067,70.958137512207
1,44.18,14.6965191992931,70.9915161132813
1,44.19,14.6998524991795,71.0105895996094
1,44.2,14.703185799066,71.0248947143555
1,44.21,14.7065190989524,71.0678100585938
1,44.22,14.7098523988388,71.110725402832
1,44.23,14.7131856987253,71.1297988891602
1,44.24,14.7165189986117,71.1345672607422
1,44.25,14.7198522984982,71.1822509765625
1,44.26,14.7231855983846,71.2013244628906
1,44.27,14.726518898271,71.2347030639648
1,44.28,14.7298521981575,71.2776184082031
1,44.29,14.7331854980439,71.2871551513672
1,44.3,14.7365187979303,71.2966918945313
1,44.31,14.7398520978168,71.3205337524414
1,44.32,14.7431853977032,71.3348388671875
1,44.33,14.7465186975896,71.3872909545898
1,44.34,14.7498519974761,71.3968276977539
1,44.35,14.7531852973625,71.4397430419922
1,44.36,14.7565185972489,71.4492797851563
1,44.37,14.7598518971354,71.4921951293945
1,44.38,14.7631851970218,71.4874267578125
1,44.39,14.7665184969082,71.5351104736328
1,44.4,14.7698517967947,71.563720703125
1,44.41,14.7731850966811,71.5541839599609
1,44.42,14.7765183965676,71.6018676757813
1,44.43,14.779851696454,71.6066360473633
1,44.44,14.7831849963404,71.6543197631836
1,44.45,14.7865182962269,71.6686248779297
1,44.46,14.7898515961133,71.71630859375
1,44.47,14.7931848959997,71.7258453369141
1,44.48,14.7965181958862,71.7782974243164
1,44.49,14.7998514957726,71.8021392822266
1,44.5,14.803184795659,71.8355178833008
1,44.51,14.8065180955455,71.8402862548828
1,44.52,14.8098513954319,71.8927383422852
1,44.53,14.8131846953183,71.9165802001953
1,44.54,14.8165179952048,71.9690322875977
1,44.55,14.8198512950912,71.9738006591797
1,44.56,14.8231845949776,72.0453262329102
1,44.57,14.8265178948641,72.0596313476563
1,44.58,14.8298511947505,72.0930099487305
1,44.59,14.833184494637,72.1263885498047
1,44.6,14.8365177945234,72.1311569213867
1,44.61,14.8398510944098,72.2074508666992
1,44.62,14.8431843942963,72.2169876098633
1,44.63,14.8465176941827,72.2789764404297
1,44.64,14.8498509940691,72.3028182983398
1,44.65,14.8531842939556,72.3361968994141
1,44.66,14.856517593842,72.3981857299805
1,44.67,14.8598508937284,72.4220275878906
1,44.68,14.8631841936149,72.4363327026367
1,44.69,14.8665174935013,72.484016418457
1,44.7,14.8698507933877,72.5269317626953
1,44.71,14.8731840932742,72.5555419921875
1,44.72,14.8765173931606,72.5841522216797
1,44.73,14.879850693047,72.6175308227539
1,44.74,14.8831839929335,72.6509094238281
1,44.75,14.8865172928199,72.6890563964844
1,44.76,14.8898505927064,72.7128982543945
1,44.77,14.8931838925928,72.7272033691406
1,44.78,14.8965171924792,72.7748870849609
1,44.79,14.8998504923657,72.789192199707
1,44.8,14.9031837922521,72.8130340576172
1,44.81,14.9065170921385,72.8368759155273
1,44.82,14.909850392025,72.8559494018555
1,44.83,14.9131836919114,72.8607177734375
1,44.84,14.9165169917978,72.8988647460938
1,44.85,14.9198502916843,72.9084014892578
1,44.86,14.9231835915707,72.9513168334961
1,44.87,14.9265168914571,72.932243347168
1,44.88,14.9298501913436,72.9656219482422
1,44.89,14.93318349123,72.9751586914063
1,44.9,14.9365167911164,72.9894638061523
1,44.91,14.9398500910029,73.0228424072266
1,44.92,14.9431833908893,73.0323791503906
1,44.93,14.9465166907758,73.0609893798828
1,44.94,14.9498499906622,73.0705261230469
1,44.95,14.9531832905486,73.0657577514648
1,44.96,14.9565165904351,73.1086730957031
1,44.97,14.9598498903215,73.1277465820313
1,44.98,14.9631831902079,73.1468200683594
1,44.99,14.9665164900944,73.1658935546875
1,45,14.9698497899808,73.1897354125977
1,45.01,14.9731830898672,73.2278823852539
1,45.02,14.9765163897537,73.237419128418
1,45.03,14.9798496896401,73.2612609863281
1,45.04,14.9831829895265,73.2898712158203
1,45.05,14.986516289413,73.2803344726563
1,45.06,14.9898495892994,73.3423233032227
1,45.07,14.9931828891858,73.3518600463867
1,45.08,14.9965161890723,73.3661651611328
1,45.09,14.9998494889587,73.390007019043
1,45.1,15.0031827888452,73.394775390625
1,45.11,15.0065160887316,73.4472274780273
1,45.12,15.009849388618,73.4663009643555
1,45.13,15.0131826885045,73.4710693359375
1,45.14,15.0165159883909,73.5330581665039
1,45.15,15.0198492882773,73.552131652832
1,45.16,15.0231825881638,73.5712051391602
1,45.17,15.0265158880502,73.6093521118164
1,45.18,15.0298491879366,73.6379623413086
1,45.19,15.0331824878231,73.6618041992188
1,45.2,15.0365157877095,73.7190246582031
1,45.21,15.0398490875959,73.7333297729492
1,45.22,15.0431823874824,73.7571716308594
1,45.23,15.0465156873688,73.7905502319336
1,45.24,15.0498489872552,73.8143920898438
1,45.25,15.0531822871417,73.8430023193359
1,45.26,15.0565155870281,73.8620758056641
1,45.27,15.0598488869146,73.8811492919922
1,45.28,15.063182186801,73.8859176635742
1,45.29,15.0665154866874,73.9240646362305
1,45.3,15.0698487865739,73.9574432373047
1,45.31,15.0731820864603,73.9622116088867
1,45.32,15.0765153863467,73.9860534667969
1,45.33,15.0798486862332,74.0146636962891
1,45.34,15.0831819861196,74.0146636962891
1,45.35,15.086515286006,74.0480422973633
1,45.36,15.0898485858925,74.0814208984375
1,45.37,15.0931818857789,74.1147994995117
1,45.38,15.0965151856653,74.1386413574219
1,45.39,15.0998484855518,74.1767883300781
1,45.4,15.1031817854382,74.2149353027344
1,45.41,15.1065150853246,74.2816925048828
1,45.42,15.1098483852111,74.315071105957
1,45.43,15.1131816850975,74.3389129638672
1,45.44,15.116514984984,74.3913650512695
1,45.45,15.1198482848704,74.4247436523438
1,45.46,15.1231815847568,74.4438171386719
1,45.47,15.1265148846433,74.4867324829102
1,45.48,15.1298481845297,74.5296478271484
1,45.49,15.1331814844161,74.5487213134766
1,45.5,15.1365147843026,74.6011734008789
1,45.51,15.139848084189,74.5964050292969
1,45.52,15.1431813840754,74.6488571166992
1,45.53,15.1465146839619,74.6583938598633
1,45.54,15.1498479838483,74.6870040893555
1,45.55,15.1531812837347,74.7108459472656
1,45.56,15.1565145836212,74.7108459472656
1,45.57,15.1598478835076,74.76806640625
1,45.58,15.163181183394,74.772834777832
1,45.59,15.1665144832805,74.7871398925781
1,45.6,15.1698477831669,74.8157501220703
1,45.61,15.1731810830534,74.8491287231445
1,45.62,15.1765143829398,74.8586654663086
1,45.63,15.1798476828262,74.8825073242188
1,45.64,15.1831809827127,74.9111175537109
1,45.65,15.1865142825991,74.9492645263672
1,45.66,15.1898475824855,74.9683380126953
1,45.67,15.193180882372,75.0303268432617
1,45.68,15.1965141822584,75.0446319580078
1,45.69,15.1998474821448,75.0923156738281
1,45.7,15.2031807820313,75.1161575317383
1,45.71,15.2065140819177,75.1256942749023
1,45.72,15.2098473818041,75.1686096191406
1,45.73,15.2131806816906,75.1972198486328
1,45.74,15.216513981577,75.2592086791992
1,45.75,15.2198472814634,75.2735137939453
1,45.76,15.2231805813499,75.2878189086914
1,45.77,15.2265138812363,75.3355026245117
1,45.78,15.2298471811228,75.3688812255859
1,45.79,15.2331804810092,75.4117965698242
1,45.8,15.2365137808956,75.4261016845703
1,45.81,15.2398470807821,75.4594802856445
1,45.82,15.2431803806685,75.4880905151367
1,45.83,15.2465136805549,75.5119323730469
1,45.84,15.2498469804414,75.5214691162109
1,45.85,15.2531802803278,75.5500793457031
1,45.86,15.2565135802142,75.5834579467773
1,45.87,15.2598468801007,75.6120681762695
1,45.88,15.2631801799871,75.6454467773438
1,45.89,15.2665134798735,75.6502151489258
1,45.9,15.26984677976,75.6931304931641
1,45.91,15.2731800796464,75.7217407226563
1,45.92,15.2765133795328,75.7646560668945
1,45.93,15.2798466794193,75.7789611816406
1,45.94,15.2831799793057,75.831413269043
1,45.95,15.2865132791921,75.831413269043
1,45.96,15.2898465790786,75.8934020996094
1,45.97,15.293179878965,75.8981704711914
1,45.98,15.2965131788515,75.9077072143555
1,45.99,15.2998464787379,75.9601593017578
1,46,15.3031797786243,75.9792327880859
1,46.01,15.3065130785108,76.0126113891602
1,46.02,15.3098463783972,76.0364532470703
1,46.03,15.3131796782836,76.0650634765625
1,46.04,15.3165129781701,76.0793685913086
1,46.05,15.3198462780565,76.1079788208008
1,46.06,15.3231795779429,76.1556625366211
1,46.07,15.3265128778294,76.1699676513672
1,46.08,15.3298461777158,76.1795043945313
1,46.09,15.3331794776022,76.2271881103516
1,46.1,15.3365127774887,76.2271881103516
1,46.11,15.3398460773751,76.2510299682617
1,46.12,15.3431793772616,76.2748718261719
1,46.13,15.346512677148,76.2844085693359
1,46.14,15.3498459770344,76.3177871704102
1,46.15,15.3531792769209,76.3463973999023
1,46.16,15.3565125768073,76.3463973999023
1,46.17,15.3598458766937,76.3559341430664
1,46.18,15.3631791765802,76.3702392578125
1,46.19,15.3665124764666,76.3845443725586
1,46.2,15.369845776353,76.3988494873047
1,46.21,15.3731790762395,76.4226913452148
1,46.22,15.3765123761259,76.4322280883789
1,46.23,15.3798456760123,76.4608383178711
1,46.24,15.3831789758988,76.4799118041992
1,46.25,15.3865122757852,76.5085220336914
1,46.26,15.3898455756716,76.5275955200195
1,46.27,15.3931788755581,76.5371322631836
1,46.28,15.3965121754445,76.5562057495117
1,46.29,15.3998454753309,76.6134262084961
1,46.3,15.4031787752174,76.6086578369141
1,46.31,15.4065120751038,76.6324996948242
1,46.32,15.4098453749903,76.6897201538086
1,46.33,15.4131786748767,76.6944885253906
1,46.34,15.4165119747631,76.7374038696289
1,46.35,15.4198452746496,76.751708984375
1,46.36,15.423178574536,76.7850875854492
1,46.37,15.4265118744224,76.8232345581055
1,46.38,15.4298451743089,76.8518447875977
1,46.39,15.4331784741953,76.8661499023438
1,46.4,15.4365117740817,76.9138336181641
1,46.41,15.4398450739682,76.9376754760742
1,46.42,15.4431783738546,76.9519805908203
1,46.43,15.446511673741,76.9853591918945
1,46.44,15.4498449736275,76.9996643066406
1,46.45,15.4531782735139,77.052116394043
1,46.46,15.4565115734003,77.0759582519531
1,46.47,15.4598448732868,77.1093368530273
1,46.48,15.4631781731732,77.1379470825195
1,46.49,15.4665114730597,77.1427154541016
1,46.5,15.4698447729461,77.1951675415039
1,46.51,15.4731780728325,77.2285461425781
1,46.52,15.476511372719,77.2380828857422
1,46.53,15.4798446726054,77.2619247436523
1,46.54,15.4831779724918,77.3048400878906
1,46.55,15.4865112723783,77.3286819458008
1,46.56,15.4898445722647,77.3906707763672
1,46.57,15.4931778721511,77.4145126342773
1,46.58,15.4965111720376,77.4574279785156
1,46.59,15.499844471924,77.4860382080078
1,46.6,15.5031777718104,77.5241851806641
1,46.61,15.5065110716969,77.5575637817383
1,46.62,15.5098443715833,77.5623321533203
1,46.63,15.5131776714697,77.6243209838867
1,46.64,15.5165109713562,77.6386260986328
1,46.65,15.5198442712426,77.6815414428711
1,46.66,15.5231775711291,77.7101516723633
1,46.67,15.5265108710155,77.7292251586914
1,46.68,15.5298441709019,77.7769088745117
1,46.69,15.5331774707884,77.7959823608398
1,46.7,15.5365107706748,77.824592590332
1,46.71,15.5398440705612,77.8532028198242
1,46.72,15.5431773704477,77.8865814208984
1,46.73,15.5465106703341,77.9247283935547
1,46.74,15.5498439702205,77.9247283935547
1,46.75,15.553177270107,77.9438018798828
1,46.76,15.5565105699934,77.9962539672852
1,46.77,15.5598438698798,77.9819488525391
1,46.78,15.5631771697663,78.0391693115234
1,46.79,15.5665104696527,78.0534744262695
1,46.8,15.5698437695391,78.0820846557617
1,46.81,15.5731770694256,78.0916213989258
1,46.82,15.576510369312,78.1393051147461
1,46.83,15.5798436691985,78.1583786010742
1,46.84,15.5831769690849,78.1679153442383
1,46.85,15.5865102689713,78.2155990600586
1,46.86,15.5898435688578,78.2060623168945
1,46.87,15.5931768687442,78.2442092895508
1,46.88,15.5965101686306,78.282356262207
1,46.89,15.5998434685171,78.2918930053711
1,46.9,15.6031767684035,78.3443450927734
1,46.91,15.6065100682899,78.3491134643555
1,46.92,15.6098433681764,78.3872604370117
1,46.93,15.6131766680628,78.3920288085938
1,46.94,15.6165099679492,78.4111022949219
1,46.95,15.6198432678357,78.4444808959961
1,46.96,15.6231765677221,78.4826278686523
1,46.97,15.6265098676085,78.5160064697266
1,46.98,15.629843167495,78.5207748413086
1,46.99,15.6331764673814,78.5446166992188
1,47,15.6365097672679,78.582763671875
1,47.01,15.6398430671543,78.5970687866211
1,47.02,15.6431763670407,78.6495208740234
1,47.03,15.6465096669272,78.6495208740234
1,47.04,15.6498429668136,78.7162780761719
1,47.05,15.6531762667,78.7544250488281
1,47.06,15.6565095665865,78.7687301635742
1,47.07,15.6598428664729,78.7973403930664
1,47.08,15.6631761663593,78.8497924804688
1,47.09,15.6665094662458,78.8688659667969
1,47.1,15.6698427661322,78.9117813110352
1,47.11,15.6731760660186,78.9451599121094
1,47.12,15.6765093659051,78.9928436279297
1,47.13,15.6798426657915,79.0500640869141
1,47.14,15.6831759656779,79.0739059448242
1,47.15,15.6865092655644,79.0977478027344
1,47.16,15.6898425654508,79.1406631469727
1,47.17,15.6931758653373,79.1740417480469
1,47.18,15.6965091652237,79.2026519775391
1,47.19,15.6998424651101,79.2455673217773
1,47.2,15.7031757649966,79.2837142944336
1,47.21,15.706509064883,79.3123245239258
1,47.22,15.7098423647694,79.3313980102539
1,47.23,15.7131756646559,79.3647766113281
1,47.24,15.7165089645423,79.3790817260742
1,47.25,15.7198422644287,79.4124603271484
1,47.26,15.7231755643152,79.4410705566406
1,47.27,15.7265088642016,79.4792175292969
1,47.28,15.729842164088,79.5221328735352
1,47.29,15.7331754639745,79.5507431030273
1,47.3,15.7365087638609,79.5745849609375
1,47.31,15.7398420637473,79.5888900756836
1,47.32,15.7431753636338,79.6318054199219
1,47.33,15.7465086635202,79.646110534668
1,47.34,15.7498419634067,79.6699523925781
1,47.35,15.7531752632931,79.7176361083984
1,47.36,15.759841863066,79.7319412231445
1,47.37,15.7631751629524,79.7796249389648
1,47.39,15.7665084628388,79.803466796875
1,47.4,15.7698417627253,79.8320770263672
1,47.41,15.7731750626117,79.8559188842773
1,47.42,15.7765083624981,79.8845291137695
1,47.43,15.783174962271,79.8797607421875
1,47.45,15.7865082621574,79.9274444580078
1,47.46,15.7931748619303,79.9274444580078
1,47.47,15.7965081618167,79.9655914306641
1,47.49,15.7998414617032,79.9942016601563
1,47.5,15.8031747615896,79.9942016601563
1,47.51,15.8098413613625,80.0180435180664
1,47.52,15.8131746612489,80.0466537475586
1,47.53,15.8165079611354,80.0800323486328
1,47.54,15.8198412610218,80.1229476928711
1,47.55,15.8231745609082,80.1229476928711
1,47.56,15.8265078607947,80.1563262939453
1,47.57,15.8298411606811,80.1801681518555
1,47.58,15.8331744605675,80.1944732666016
1,47.59,15.836507760454,80.2278518676758
1,47.6,15.8398410603404,80.2755355834961
1,47.61,15.8431743602268,80.2946090698242
1,47.62,15.8465076601133,80.3327560424805
1,47.63,15.8498409599997,80.3470611572266
1,47.64,15.8531742598861,80.3565979003906
1,47.65,15.8565075597726,80.418586730957
1,47.66,15.859840859659,80.4424285888672
1,47.67,15.8631741595454,80.4853439331055
1,47.68,15.8665074594319,80.4996490478516
1,47.69,15.8698407593183,80.5044174194336
1,47.7,15.8731740592048,80.5521011352539
1,47.71,15.8765073590912,80.5759429931641
1,47.72,15.8798406589776,80.6140899658203
1,47.73,15.8831739588641,80.6331634521484
1,47.74,15.8865072587505,80.6427001953125
1,47.75,15.8898405586369,80.6808471679688
1,47.76,15.8931738585234,80.7046890258789
1,47.77,15.8965071584098,80.7380676269531
1,47.78,15.8998404582962,80.7523727416992
1,47.79,15.9031737581827,80.8000564575195
1,47.8,15.9065070580691,80.8048248291016
1,47.81,15.9098403579555,80.8334350585938
1,47.82,15.913173657842,80.876350402832
1,47.83,15.9165069577284,80.8858871459961
1,47.84,15.9198402576149,80.9335708618164
1,47.85,15.9231735575013,80.9383392333984
1,47.86,15.9265068573877,80.9764862060547
1,47.87,15.9298401572742,81.0003280639648
1,47.88,15.9331734571606,81.024169921875
1,47.89,15.936506757047,81.0384750366211
1,47.9,15.9398400569335,81.0813903808594
1,47.91,15.9431733568199,81.1004638671875
1,47.92,15.9465066567063,81.1433792114258
1,47.93,15.9498399565928,81.1624526977539
1,47.94,15.9531732564792,81.1958312988281
1,47.95,15.9565065563656,81.2530517578125
1,47.96,15.9598398562521,81.2625885009766
1,47.97,15.9631731561385,81.3007354736328
1,47.98,15.9665064560249,81.3531875610352
1,47.99,15.9698397559114,81.3627243041992
1,48,15.9731730557978,81.4056396484375
1,48.01,15.9765063556843,81.4151763916016
1,48.02,15.9798396555707,81.4676284790039
1,48.03,15.9831729554571,81.4914703369141
1,48.04,15.9865062553436,81.5153121948242
1,48.05,15.98983955523,81.5486907958984
1,48.06,15.9931728551164,81.5773010253906
1,48.07,15.9965061550029,81.6106796264648
1,48.08,15.9998394548893,81.639289855957
1,48.09,16.0031727547757,81.6583633422852
1,48.1,16.0065060546622,81.6774368286133
1,48.11,16.0098393545486,81.7155838012695
1,48.12,16.013172654435,81.7441940307617
1,48.13,16.0165059543215,81.7728042602539
1,48.14,16.0198392542079,81.8014144897461
1,48.15,16.0231725540943,81.8252563476563
1,48.16,16.0265058539808,81.8395614624023
1,48.17,16.0298391538672,81.8920135498047
1,48.18,16.0331724537537,81.9110870361328
1,48.19,16.0365057536401,81.9540023803711
1,48.2,16.0398390535265,81.9683074951172
1,48.21,16.043172353413,82.0159912109375
1,48.22,16.0465056532994,82.0541381835938
1,48.23,16.0498389531858,82.0827484130859
1,48.24,16.0531722530723,82.097053527832
1,48.25,16.0565055529587,82.1352005004883
1,48.26,16.0598388528451,82.1590423583984
1,48.27,16.0631721527316,82.1828842163086
1,48.28,16.066505452618,82.244873046875
1,48.29,16.0698387525044,82.244873046875
1,48.3,16.0731720523909,82.2973251342773
1,48.31,16.0765053522773,82.3545455932617
1,48.32,16.0798386521637,82.3736190795898
1,48.33,16.0831719520502,82.4069976806641
1,48.34,16.0865052519366,82.4213027954102
1,48.35,16.0898385518231,82.4737548828125
1,48.36,16.0931718517095,82.5071334838867
1,48.37,16.0965051515959,82.545280456543
1,48.38,16.0998384514824,82.5738906860352
1,48.39,16.1031717513688,82.5738906860352
1,48.4,16.1065050512552,82.6168060302734
1,48.41,16.1098383511417,82.6311111450195
1,48.42,16.1131716510281,82.6740264892578
1,48.43,16.1165049509145,82.6740264892578
1,48.44,16.119838250801,82.7407836914063
1,48.45,16.1231715506874,82.7312469482422
1,48.46,16.1265048505738,82.7884674072266
1,48.47,16.1298381504603,82.7836990356445
1,48.48,16.1331714503467,82.8266143798828
1,48.49,16.1365047502331,82.8456878662109
1,48.5,16.1398380501196,82.8790664672852
1,48.51,16.143171350006,82.9076766967773
1,48.52,16.1465046498925,82.9553604125977
1,48.53,16.1498379497789,82.9648971557617
1,48.54,16.1531712496653,82.9935073852539
1,48.55,16.1565045495518,83.0316543579102
1,48.56,16.1598378494382,83.0411911010742
1,48.57,16.1631711493246,83.0698013305664
1,48.58,16.1665044492111,83.1079483032227
1,48.59,16.1698377490975,83.1413269042969
1,48.6,16.1731710489839,83.1794738769531
1,48.61,16.1765043488704,83.1794738769531
1,48.62,16.1798376487568,83.2462310791016
1,48.63,16.1831709486432,83.2605361938477
1,48.64,16.1865042485297,83.2891464233398
1,48.65,16.1898375484161,83.31298828125
1,48.66,16.1931708483025,83.3559036254883
1,48.67,16.196504148189,83.3749771118164
1,48.68,16.1998374480754,83.3988189697266
1,48.69,16.2031707479618,83.4131240844727
1,48.7,16.2065040478483,83.4560394287109
1,48.71,16.2098373477347,83.460807800293
1,48.72,16.2131706476212,83.4798812866211
1,48.73,16.2165039475076,83.5084915161133
1,48.74,16.219837247394,83.5227966308594
1,48.75,16.2231705472805,83.5466384887695
1,48.76,16.2265038471669,83.5466384887695
1,48.77,16.2298371470533,83.5704803466797
1,48.78,16.2331704469398,83.6038589477539
1,48.79,16.2365037468262,83.6181640625
1,48.8,16.2398370467126,83.6658477783203
1,48.81,16.2431703465991,83.6801528930664
1,48.82,16.2465036464855,83.6801528930664
1,48.83,16.2498369463719,83.7182998657227
1,48.84,16.2531702462584,83.7516784667969
1,48.85,16.2565035461448,83.8041305541992
1,48.86,16.2598368460312,83.8232040405273
1,48.87,16.2631701459177,83.8422775268555
1,48.88,16.2665034458041,83.8613510131836
1,48.89,16.2698367456906,83.8994979858398
1,48.9,16.273170045577,83.928108215332
1,48.91,16.2765033454634,83.92333984375
1,48.92,16.2798366453499,83.9853286743164
1,48.93,16.2831699452363,83.9996337890625
1,48.94,16.2865032451227,84.0473175048828
1,48.95,16.2898365450092,84.0616226196289
1,48.96,16.2931698448956,84.1093063354492
1,48.97,16.296503144782,84.1283798217773
1,48.98,16.2998364446685,84.1236114501953
1,48.99,16.3031697445549,84.1903686523438
1,49,16.3065030444413,84.2046737670898
1,49.01,16.3098363443278,84.228515625
1,49.02,16.3131696442142,84.2809677124023
1,49.03,16.3165029441006,84.2857360839844
1,49.04,16.3198362439871,84.3334197998047
1,49.05,16.3231695438735,84.3334197998047
1,49.06,16.32650284376,84.3524932861328
1,49.07,16.3298361436464,84.3954086303711
1,49.08,16.3331694435328,84.4240188598633
1,49.09,16.3365027434193,84.4621658325195
1,49.1,16.3398360433057,84.5003128051758
1,49.11,16.3431693431921,84.5050811767578
1,49.12,16.3465026430786,84.5527648925781
1,49.13,16.349835942965,84.5718383789063
1,49.14,16.3531692428514,84.6099853515625
1,49.15,16.3565025427379,84.6576690673828
1,49.16,16.3598358426243,84.6767425537109
1,49.17,16.3631691425107,84.7244262695313
1,49.18,16.3665024423972,84.7530364990234
1,49.19,16.3698357422836,84.7673416137695
1,49.2,16.37316904217,84.8245620727539
1,49.21,16.3765023420565,84.8484039306641
1,49.22,16.3798356419429,84.9056243896484
1,49.23,16.3831689418294,84.9390029907227
1,49.24,16.3865022417158,84.9771499633789
1,49.25,16.3898355416022,85.0057601928711
1,49.26,16.3931688414887,85.0486755371094
1,49.27,16.3965021413751,85.0677490234375
1,49.28,16.3998354412615,85.1202011108398
1,49.29,16.403168741148,85.148811340332
1,49.3,16.4065020410344,85.1821899414063
1,49.31,16.4098353409208,85.1964950561523
1,49.32,16.4131686408073,85.2489471435547
1,49.33,16.4165019406937,85.2775573730469
1,49.34,16.4198352405801,85.2870941162109
1,49.35,16.4231685404666,85.3300094604492
1,49.36,16.426501840353,85.3633880615234
1,49.37,16.4298351402394,85.4063034057617
1,49.38,16.4331684401259,85.4396820068359
1,49.39,16.4365017400123,85.4635238647461
1,49.4,16.4398350398988,85.4969024658203
1,49.41,16.4431683397852,85.5302810668945
1,49.42,16.4465016396716,85.5541229248047
1,49.43,16.4498349395581,85.5922698974609
1,49.44,16.4531682394445,85.6208801269531
1,49.45,16.4565015393309,85.6494903564453
1,49.46,16.4598348392174,85.6828689575195
1,49.47,16.4631681391038,85.7162475585938
1,49.48,16.4665014389902,85.7114791870117
1,49.49,16.4698347388767,85.7782363891602
1,49.5,16.4731680387631,85.7973098754883
1,49.51,16.4765013386495,85.8116149902344
1,49.52,16.479834638536,85.8449935913086
1,49.53,16.4831679384224,85.8497619628906
1,49.54,16.4865012383089,85.911750793457
1,49.55,16.4898345381953,85.9355926513672
1,49.56,16.4931678380817,85.9832763671875
1,49.57,16.4965011379682,85.9975814819336
1,49.58,16.4998344378546,86.0214233398438
1,49.59,16.503167737741,86.054801940918
1,49.6,16.5065010376275,86.0881805419922
1,49.61,16.5098343375139,86.1167907714844
1,49.62,16.5131676374003,86.1454010009766
1,49.63,16.5165009372868,86.1597061157227
1,49.64,16.5198342371732,86.207389831543
1,49.65,16.5231675370596,86.2360000610352
1,49.66,16.5265008369461,86.2741470336914
1,49.67,16.5298341368325,86.2884521484375
1,49.68,16.5331674367189,86.3265991210938
1,49.69,16.5365007366054,86.3552093505859
1,49.7,16.5398340364918,86.3838195800781
1,49.71,16.5431673363782,86.4124298095703
1,49.72,16.5465006362647,86.4362716674805
1,49.73,16.5498339361511,86.4696502685547
1,49.74,16.5531672360376,86.5077972412109
1,49.75,16.556500535924,86.5459442138672
1,49.76,16.5598338358104,86.5745544433594
1,49.77,16.5631671356969,86.5936279296875
1,49.78,16.5665004355833,86.6365432739258
1,49.79,16.5698337354697,86.6937637329102
1,49.8,16.5731670353562,86.7319107055664
1,49.81,16.5765003352426,86.7462158203125
1,49.82,16.579833635129,86.7986679077148
1,49.83,16.5831669350155,86.827278137207
1,49.84,16.5865002349019,86.8654251098633
1,49.85,16.5898335347883,86.9083404541016
1,49.86,16.5931668346748,86.9274139404297
1,49.87,16.5965001345612,86.97509765625
1,49.88,16.5998334344476,86.9989395141602
1,49.89,16.6031667343341,87.0275497436523
1,49.9,16.6065000342205,87.0418548583984
1,49.91,16.609833334107,87.0752334594727
1,49.92,16.6131666339934,87.122917175293
1,49.93,16.6164999338798,87.1467590332031
1,49.94,16.6198332337663,87.1562957763672
1,49.95,16.6231665336527,87.1944427490234
1,49.96,16.6264998335391,87.2087478637695
1,49.97,16.6298331334256,87.2468948364258
1,49.98,16.633166433312,87.2659683227539
1,49.99,16.6364997331984,87.2945785522461
1,50,16.6398330330849,87.3279571533203
1,50.01,16.6431663329713,87.3327255249023
1,50.02,16.6464996328577,87.3565673828125
1,50.03,16.6498329327442,87.3851776123047
1,50.04,16.6531662326306,87.3947143554688
1,50.05,16.656499532517,87.4137878417969
1,50.06,16.6598328324035,87.4185562133789
1,50.07,16.6631661322899,87.4471664428711
1,50.08,16.6664994321764,87.4614715576172
1,50.09,16.6698327320628,87.4853134155273
1,50.1,16.6731660319492,87.5091552734375
1,50.11,16.6764993318357,87.5377655029297
1,50.12,16.6798326317221,87.5663757324219
1,50.13,16.6831659316085,87.5997543334961
1,50.14,16.686499231495,87.6235961914063
1,50.15,16.6898325313814,87.6617431640625
1,50.16,16.6931658312678,87.6855850219727
1,50.17,16.6964991311543,87.7237319946289
1,50.18,16.6998324310407,87.7523422241211
1,50.19,16.7031657309271,87.7761840820313
1,50.2,16.7064990308136,87.8047943115234
1,50.21,16.7098323307,87.8429412841797
1,50.22,16.7131656305864,87.8620147705078
1,50.23,16.7164989304729,87.885856628418
1,50.24,16.7198322303593,87.9144668579102
1,50.25,16.7231655302458,87.9335403442383
1,50.26,16.7264988301322,87.9716873168945
1,50.27,16.7298321300186,88.0002975463867
1,50.28,16.7331654299051,88.0050659179688
1,50.29,16.7364987297915,88.0575180053711
1,50.3,16.7398320296779,88.0813598632813
1,50.31,16.7431653295644,88.0956649780273
1,50.32,16.7464986294508,88.1242752075195
1,50.33,16.7498319293372,88.1385803222656
1,50.34,16.7531652292237,88.1814956665039
1,50.35,16.7564985291101,88.191032409668
1,50.36,16.7598318289965,88.2148742675781
1,50.37,16.763165128883,88.2530212402344
1,50.38,16.7664984287694,88.2816314697266
1,50.39,16.7698317286558,88.3340835571289
1,50.4,16.7731650285423,88.3579254150391
1,50.41,16.7764983284287,88.4056091308594
1,50.42,16.7798316283152,88.4199142456055
1,50.43,16.7831649282016,88.4723663330078
1,50.44,16.786498228088,88.4914398193359
1,50.45,16.7898315279745,88.5105133056641
1,50.46,16.7931648278609,88.5534286499023
1,50.47,16.7964981277473,88.5725021362305
1,50.48,16.7998314276338,88.5915756225586
1,50.49,16.8031647275202,88.6344909667969
1,50.5,16.8064980274066,88.658332824707
1,50.51,16.8098313272931,88.6774063110352
1,50.52,16.8131646271795,88.7250900268555
1,50.53,16.8164979270659,88.7441635131836
1,50.54,16.8198312269524,88.7918472290039
1,50.55,16.8231645268388,88.801383972168
1,50.56,16.8264978267252,88.8490676879883
1,50.57,16.8298311266117,88.8633728027344
1,50.58,16.8331644264981,88.8967514038086
1,50.59,16.8364977263846,88.9301300048828
1,50.6,16.839831026271,88.963508605957
1,50.61,16.8431643261574,89.0064239501953
1,50.62,16.8464976260439,89.0207290649414
1,50.63,16.8498309259303,89.0493392944336
1,50.64,16.8531642258167,89.0922546386719
1,50.65,16.8564975257032,89.1304016113281
1,50.66,16.8598308255896,89.1637802124023
1,50.67,16.863164125476,89.1780853271484
1,50.68,16.8664974253625,89.2257690429688
1,50.69,16.8698307252489,89.2782211303711
1,50.7,16.8731640251353,89.2877578735352
1,50.71,16.8764973250218,89.3259048461914
1,50.72,16.8798306249082,89.3735885620117
1,50.73,16.8831639247946,89.3831253051758
1,50.74,16.8864972246811,89.4451141357422
1,50.75,16.8898305245675,89.4641876220703
1,50.76,16.893163824454,89.4832611083984
1,50.77,16.8964971243404,89.5214080810547
1,50.78,16.8998304242268,89.5261764526367
1,50.79,16.9031637241133,89.5357131958008
1,50.8,16.9064970239997,89.5500183105469
1,50.81,16.9098303238861,89.5833969116211
1,50.82,16.9131636237726,89.6120071411133
1,50.83,16.916496923659,89.6167755126953
1,50.84,16.9198302235454,89.6310806274414
1,50.85,16.9231635234319,89.6692276000977
1,50.86,16.9264968233183,89.6787643432617
1,50.87,16.9298301232047,89.716911315918
1,50.88,16.9331634230912,89.7216796875
1,50.89,16.939830022864,89.7741317749023
1,50.9,16.9431633227505,89.7836685180664
1,50.92,16.9464966226369,89.8456573486328
1,50.93,16.9498299225234,89.874267578125
1,50.94,16.9531632224098,89.9314880371094
1,50.95,16.9598298221827,89.9553298950195
1,50.96,16.9631631220691,89.9982452392578
1,50.98,16.9664964219555,90.0411605834961
1,50.99,16.9731630217284,90.1031494140625
1,51,16.9764963216148,90.1317596435547
1,51.01,16.9798296215013,90.1651382446289
1,51.02,16.9831629213877,90.1985168457031
1,51.04,16.9898295211606,90.2700424194336
1,51.05,16.993162821047,90.2748107910156
1,51.06,16.9964961209334,90.2938842773438
1,51.08,17.0031627207063,90.3463363647461
1,51.09,17.0064960205927,90.3797149658203
1,51.1,17.0098293204792,90.4178619384766
1,51.11,17.0131626203656,90.4083251953125
1,51.12,17.0164959202521,90.4560089111328
1,51.13,17.0198292201385,90.4703140258789
1,51.14,17.0231625200249,90.5036926269531
1,51.15,17.0264958199114,90.5370712280273
1,51.16,17.0298291197978,90.5513763427734
1,51.17,17.0331624196842,90.6133651733398
1,51.18,17.0364957195707,90.63720703125
1,51.19,17.0398290194571,90.6658172607422
1,51.2,17.0431623193435,90.6991958618164
1,51.21,17.04649561923,90.7278060913086
1,51.22,17.0498289191164,90.785026550293
1,51.23,17.0531622190028,90.794563293457
1,51.24,17.0564955188893,90.8565521240234
1,51.25,17.0598288187757,90.8899307250977
1,51.26,17.0631621186621,90.9233093261719
1,51.27,17.0664954185486,90.937614440918
1,51.28,17.069828718435,90.9757614135742
1,51.29,17.0731620183215,91.0091400146484
1,51.3,17.0764953182079,91.0520553588867
1,51.31,17.0798286180943,91.0711288452148
1,51.32,17.0831619179808,91.0854339599609
1,51.33,17.0864952178672,91.1140441894531
1,51.34,17.0898285177536,91.1426544189453
1,51.35,17.0931618176401,91.1521911621094
1,51.36,17.0964951175265,91.1998748779297
1,51.37,17.0998284174129,91.2046432495117
1,51.38,17.1031617172994,91.2380218505859
1,51.39,17.1064950171858,91.2570953369141
1,51.4,17.1098283170722,91.2809371948242
1,51.41,17.1131616169587,91.3095474243164
1,51.42,17.1164949168451,91.3238525390625
1,51.43,17.1198282167315,91.3429260253906
1,51.44,17.123161516618,91.3524627685547
1,51.45,17.1264948165044,91.3810729980469
1,51.46,17.1298281163909,91.3906097412109
1,51.47,17.1331614162773,91.4335250854492
1,51.48,17.1364947161637,91.4621353149414
1,51.49,17.1398280160502,91.4859771728516
1,51.5,17.1431613159366,91.5098190307617
1,51.51,17.146494615823,91.547966003418
1,51.52,17.1498279157095,91.5765762329102
1,51.53,17.1531612155959,91.5861129760742
1,51.54,17.1564945154823,91.6099548339844
1,51.55,17.1598278153688,91.6576385498047
1,51.56,17.1631611152552,91.6576385498047
1,51.57,17.1664944151416,91.700553894043
1,51.58,17.1698277150281,91.7148590087891
1,51.59,17.1731610149145,91.7530059814453
1,51.6,17.1764943148009,91.7816162109375
1,51.61,17.1798276146874,91.8006896972656
1,51.62,17.1831609145738,91.8340682983398
1,51.63,17.1864942144603,91.8722152709961
1,51.64,17.1898275143467,91.9008255004883
1,51.65,17.1931608142331,91.9485092163086
1,51.66,17.1964941141196,91.9628143310547
1,51.67,17.199827414006,91.9866561889648
1,51.68,17.2031607138924,92.0343399047852
1,51.69,17.2064940137789,92.0534133911133
1,51.7,17.2098273136653,92.0724868774414
1,51.71,17.2131606135517,92.1392440795898
1,51.72,17.2164939134382,92.1344757080078
1,51.73,17.2198272133246,92.1964645385742
1,51.74,17.223160513211,92.2107696533203
1,51.75,17.2264938130975,92.2298431396484
1,51.76,17.2298271129839,92.2775268554688
1,51.77,17.2331604128704,92.2775268554688
1,51.78,17.2364937127568,92.3299789428711
1,51.79,17.2398270126432,92.3538208007813
1,51.8,17.2431603125297,92.4015045166016
1,51.81,17.2464936124161,92.3967361450195
1,51.82,17.2498269123025,92.4301147460938
1,51.83,17.253160212189,92.46826171875
1,51.84,17.2564935120754,92.5016403198242
1,51.85,17.2598268119618,92.5254821777344
1,51.86,17.2631601118483,92.5636291503906
1,51.87,17.2664934117347,92.5779342651367
1,51.88,17.2698267116211,92.616081237793
1,51.89,17.2731600115076,92.6494598388672
1,51.9,17.276493311394,92.6780700683594
1,51.91,17.2798266112804,92.7066802978516
1,51.92,17.2831599111669,92.7162170410156
1,51.93,17.2864932110533,92.7400588989258
1,51.94,17.2898265109397,92.778205871582
1,51.95,17.2931598108262,92.7925109863281
1,51.96,17.2964931107126,92.8115844726563
1,51.97,17.2998264105991,92.8211212158203
1,51.98,17.3031597104855,92.8592681884766
1,51.99,17.3064930103719,92.8592681884766
1,52,17.3098263102584,92.8831100463867
1,52.01,17.3131596101448,92.9117202758789
1,52.02,17.3164929100312,92.9164886474609
1,52.03,17.3198262099177,92.9164886474609
1,52.04,17.3231595098041,92.9546356201172
1,52.05,17.3264928096905,92.9498672485352
1,52.06,17.329826109577,92.9975509643555
1,52.07,17.3331594094634,93.0070877075195
1,52.08,17.3364927093498,93.0309295654297
1,52.09,17.3398260092363,93.0356979370117
1,52.1,17.3431593091227,93.073844909668
1,52.11,17.3464926090091,93.0929183959961
1,52.12,17.3498259088956,93.1358337402344
1,52.13,17.353159208782,93.1549072265625
1,52.14,17.3564925086685,93.1501388549805
1,52.15,17.3598258085549,93.2073593139648
1,52.16,17.3631591084413,93.2407379150391
1,52.17,17.3664924083278,93.2502746582031
1,52.18,17.3698257082142,93.3027267456055
1,52.19,17.3731590081006,93.3313369750977
1,52.2,17.3764923079871,93.3599472045898
1,52.21,17.3798256078735,93.3694839477539
1,52.22,17.3831589077599,93.4028625488281
1,52.23,17.3864922076464,93.4314727783203
1,52.24,17.3898255075328,93.4362411499023
1,52.25,17.3931588074192,93.4791564941406
1,52.26,17.3964921073057,93.4791564941406
1,52.27,17.3998254071921,93.4886932373047
1,52.28,17.4031587070785,93.5029983520508
1,52.29,17.406492006965,93.5268402099609
1,52.3,17.4098253068514,93.541145324707
1,52.31,17.4131586067379,93.5840606689453
1,52.32,17.4164919066243,93.5983657836914
1,52.33,17.4198252065107,93.6269760131836
1,52.34,17.4231585063972,93.6460494995117
1,52.35,17.4264918062836,93.6365127563477
1,52.36,17.42982510617,93.684196472168
1,52.37,17.4331584060565,93.7128067016602
1,52.38,17.4364917059429,93.7700271606445
1,52.39,17.4398250058293,93.7747955322266
1,52.4,17.4431583057158,93.8320159912109
1,52.41,17.4464916056022,93.8606262207031
1,52.42,17.4498249054886,93.8796997070313
1,52.43,17.4531582053751,93.9369201660156
1,52.44,17.4564915052615,93.9702987670898
1,52.45,17.4598248051479,94.0132141113281
1,52.46,17.4631581050344,94.0513610839844
1,52.47,17.4664914049208,94.0895080566406
1,52.48,17.4698247048073,94.1371917724609
1,52.49,17.4731580046937,94.151496887207
1,52.5,17.4764913045801,94.1610336303711
1,52.51,17.4798246044666,94.2373275756836
1,52.52,17.483157904353,94.2516326904297
1,52.53,17.4864912042394,94.29931640625
1,52.54,17.4898245041259,94.3183898925781
1,52.55,17.4931578040123,94.3326950073242
1,52.56,17.4964911038987,94.3708419799805
1,52.57,17.4998244037852,94.3946838378906
1,52.58,17.5031577036716,94.4089889526367
1,52.59,17.506491003558,94.456672668457
1,52.6,17.5098243034445,94.447135925293
1,52.61,17.5131576033309,94.4900512695313
1,52.62,17.5164909032173,94.4995880126953
1,52.63,17.5198242031038,94.5091247558594
1,52.64,17.5231575029902,94.5377349853516
1,52.65,17.5264908028767,94.5663452148438
1,52.66,17.5298241027631,94.5758819580078
1,52.67,17.5331574026495,94.5854187011719
1,52.68,17.536490702536,94.6044921875
1,52.69,17.5398240024224,94.6331024169922
1,52.7,17.5431573023088,94.6331024169922
1,52.71,17.5464906021953,94.6617126464844
1,52.72,17.5498239020817,94.6855545043945
1,52.73,17.5531572019681,94.7189331054688
1,52.74,17.5564905018546,94.7189331054688
1,52.75,17.559823801741,94.7332382202148
1,52.76,17.5631571016274,94.7713851928711
1,52.77,17.5664904015139,94.7427749633789
1,52.78,17.5698237014003,94.7666168212891
1,52.79,17.5731570012867,94.7952270507813
1,52.8,17.5764903011732,94.7952270507813
1,52.81,17.5798236010596,94.7904586791992
1,52.82,17.5831569009461,94.8047637939453
1,52.83,17.5864902008325,94.8333740234375
1,52.84,17.5898235007189,94.8190689086914
1,52.85,17.5931568006054,94.8429107666016
1,52.86,17.5964901004918,94.8476791381836
1,52.87,17.5998234003782,94.8524475097656
1,52.88,17.6031567002647,94.8715209960938
1,52.89,17.6064900001511,94.904899597168
1,52.9,17.6098233000375,94.90966796875
1,52.91,17.613156599924,94.9382781982422
1,52.92,17.6164898998104,94.9621200561523
1,52.93,17.6198231996968,94.9811935424805
1,52.94,17.6231564995833,94.9954986572266
1,52.95,17.6264897994697,95.0431823730469
1,52.96,17.6298230993561,95.0813293457031
1,52.97,17.6331563992426,95.0860977172852
1,52.98,17.636489699129,95.1433181762695
1,52.99,17.6398229990155,95.1862335205078
1,53,17.6431562989019,95.2053070068359
1,53.01,17.6464895987883,95.2386856079102
1,53.02,17.6498228986748,95.2720642089844
1,53.03,17.6531561985612,95.3006744384766
1,53.04,17.6564894984476,95.3388214111328
1,53.05,17.6598227983341,95.3578948974609
1,53.06,17.6631560982205,95.3960418701172
1,53.07,17.6664893981069,95.4151153564453
1,53.08,17.6698226979934,95.4532623291016
1,53.09,17.6731559978798,95.4627990722656
1,53.1,17.6764892977662,95.4723358154297
1,53.11,17.6798225976527,95.5057144165039
1,53.12,17.6831558975391,95.524787902832
1,53.13,17.6864891974255,95.5390930175781
1,53.14,17.689822497312,95.5533981323242
1,53.15,17.6931557971984,95.5724716186523
1,53.16,17.6964890970849,95.6058502197266
1,53.17,17.6998223969713,95.6010818481445
1,53.18,17.7031556968577,95.6201553344727
1,53.19,17.7064889967442,95.6487655639648
1,53.2,17.7098222966306,95.6535339355469
1,53.21,17.713155596517,95.6630706787109
1,53.22,17.7164888964035,95.6821441650391
1,53.23,17.7198221962899,95.6964492797852
1,53.24,17.7231554961763,95.7393646240234
1,53.25,17.7264887960628,95.7298278808594
1,53.26,17.7298220959492,95.7489013671875
1,53.27,17.7331553958356,95.7632064819336
1,53.28,17.7364886957221,95.8156585693359
1,53.29,17.7398219956085,95.8061218261719
1,53.3,17.7431552954949,95.829963684082
1,53.31,17.7464885953814,95.8585739135742
1,53.32,17.7498218952678,95.8776473999023
1,53.33,17.7531551951543,95.8681106567383
1,53.34,17.7564884950407,95.9014892578125
1,53.35,17.7598217949271,95.9300994873047
1,53.36,17.7631550948136,95.9253311157227
1,53.37,17.7664883947,95.9539413452148
1,53.38,17.7698216945864,95.9682464599609
1,53.39,17.7731549944729,95.982551574707
1,53.4,17.7764882943593,96.0206985473633
1,53.41,17.7798215942457,96.0111618041992
1,53.42,17.7831548941322,96.0588455200195
1,53.43,17.7864881940186,96.0874557495117
1,53.44,17.789821493905,96.1160659790039
1,53.45,17.7931547937915,96.13037109375
1,53.46,17.7964880936779,96.1399078369141
1,53.47,17.7998213935643,96.1732864379883
1,53.48,17.8031546934508,96.1971282958984
1,53.49,17.8064879933372,96.2018966674805
1,53.5,17.8098212932236,96.2209701538086
1,53.51,17.8131545931101,96.2400436401367
1,53.52,17.8164878929965,96.2591171264648
1,53.53,17.819821192883,96.2972640991211
1,53.54,17.8231544927694,96.287727355957
1,53.55,17.8264877926558,96.2924957275391
1,53.56,17.8298210925423,96.3211059570313
1,53.57,17.8331543924287,96.3449478149414
1,53.58,17.8364876923151,96.3592529296875
1,53.59,17.8398209922016,96.3783264160156
1,53.6,17.843154292088,96.4164733886719
1,53.61,17.8464875919744,96.4117050170898
1,53.62,17.8498208918609,96.4260101318359
1,53.63,17.8531541917473,96.4450836181641
1,53.64,17.8564874916337,96.4498519897461
1,53.65,17.8598207915202,96.4736938476563
1,53.66,17.8631540914066,96.4832305908203
1,53.67,17.866487391293,96.4927673339844
1,53.68,17.8698206911795,96.5261459350586
1,53.69,17.8731539910659,96.5356826782227
1,53.7,17.8764872909524,96.5642929077148
1,53.71,17.8798205908388,96.5738296508789
1,53.72,17.8831538907252,96.588134765625
1,53.73,17.8864871906117,96.5976715087891
1,53.74,17.8898204904981,96.6119766235352
1,53.75,17.8931537903845,96.6358184814453
1,53.76,17.896487090271,96.6548919677734
1,53.77,17.8998203901574,96.6691970825195
1,53.78,17.9031536900438,96.7025756835938
1,53.79,17.9064869899303,96.7216491699219
1,53.8,17.9098202898167,96.7645645141602
1,53.81,17.9131535897031,96.7884063720703
1,53.82,17.9164868895896,96.7979431152344
1,53.83,17.919820189476,96.8503952026367
1,53.84,17.9231534893625,96.8694686889648
1,53.85,17.9264867892489,96.9028472900391
1,53.86,17.9298200891353,96.9219207763672
1,53.87,17.9331533890218,96.9552993774414
1,53.88,17.9364866889082,96.9552993774414
1,53.89,17.9398199887946,96.9886779785156
1,53.9,17.9431532886811,96.9982147216797
1,53.91,17.9464865885675,97.0220565795898
1,53.92,17.9498198884539,97.0315933227539
1,53.93,17.9531531883404,97.050666809082
1,53.94,17.9564864882268,97.0935821533203
1,53.95,17.9598197881132,97.1031188964844
1,53.96,17.9631530879997,97.1126556396484
1,53.97,17.9664863878861,97.1460342407227
1,53.98,17.9698196877725,97.1698760986328
1,53.99,17.973152987659,97.2175598144531
1,54,17.9764862875454,97.2318649291992
1,54.01,17.9798195874318,97.2270965576172
1,54.02,17.9831528873183,97.2700119018555
1,54.03,17.9864861872047,97.2843170166016
1,54.04,17.9898194870912,97.3415374755859
1,54.05,17.9931527869776,97.3653793334961
1,54.06,17.996486086864,97.3796844482422
1,54.07,17.9998193867505,97.4035263061523
1,54.08,18.0031526866369,97.4321365356445
1,54.09,18.0064859865233,97.4416732788086
1,54.1,18.0098192864098,97.4559783935547
1,54.11,18.0131525862962,97.4798202514648
1,54.12,18.0164858861826,97.4798202514648
1,54.13,18.0198191860691,97.4893569946289
1,54.14,18.0231524859555,97.508430480957
1,54.15,18.0264857858419,97.4941253662109
1,54.16,18.0298190857284,97.5131988525391
1,54.17,18.0331523856148,97.5131988525391
1,54.18,18.0364856855012,97.5418090820313
1,54.19,18.0431522852741,97.5418090820313
1,54.21,18.0464855851606,97.5751876831055
1,54.22,18.049818885047,97.5990295410156
1,54.23,18.0531521849334,97.6181030273438
1,54.24,18.0598187847063,97.6371765136719
1,54.25,18.0631520845927,97.65625
1,54.27,18.0664853844792,97.7039337158203
1,54.28,18.073151984252,97.7182388305664
1,54.29,18.0764852841385,97.7277755737305
1,54.3,18.0798185840249,97.7754592895508
1,54.31,18.0831518839113,97.7849960327148
1,54.33,18.0898184836842,97.8231430053711
1,54.34,18.0931517835706,97.8326797485352
1,54.35,18.0964850834571,97.8803634643555
1,54.36,18.0998183833435,97.8946685791016
1,54.37,18.10315168323,97.9089736938477
1,54.38,18.1064849831164,97.9280471801758
1,54.39,18.1098182830028,97.96142578125
1,54.4,18.1131515828893,97.9900360107422
1,54.41,18.1164848827757,98.0138778686523
1,54.42,18.1198181826621,98.0281829833984
1,54.43,18.1231514825486,98.0472564697266
1,54.44,18.126484782435,98.0806350708008
1,54.45,18.1298180823214,98.109245300293
1,54.46,18.1331513822079,98.1235504150391
1,54.47,18.1364846820943,98.1664657592773
1,54.48,18.1398179819807,98.1903076171875
1,54.49,18.1431512818672,98.2189178466797
1,54.5,18.1464845817536,98.2332229614258
1,54.51,18.14981788164,98.2666015625
1,54.52,18.1531511815265,98.2952117919922
1,54.53,18.1564844814129,98.3285903930664
1,54.54,18.1598177812994,98.3381271362305
1,54.55,18.1631510811858,98.3524322509766
1,54.56,18.1664843810722,98.3715057373047
1,54.57,18.1698176809587,98.4048843383789
1,54.58,18.1731509808451,98.4334945678711
1,54.59,18.1764842807315,98.4334945678711
1,54.6,18.179817580618,98.4525680541992
1,54.61,18.1831508805044,98.4811782836914
1,54.62,18.1864841803908,98.4954833984375
1,54.63,18.1898174802773,98.5097885131836
1,54.64,18.1931507801637,98.5240936279297
1,54.65,18.1964840800501,98.5336303710938
1,54.66,18.1998173799366,98.57177734375
1,54.67,18.203150679823,98.57177734375
1,54.68,18.2064839797094,98.5908508300781
1,54.69,18.2098172795959,98.5956192016602
1,54.7,18.2131505794823,98.6337661743164
1,54.71,18.2164838793688,98.6576080322266
1,54.72,18.2198171792552,98.6623764038086
1,54.73,18.2231504791416,98.6814498901367
1,54.74,18.2264837790281,98.7005233764648
1,54.75,18.2298170789145,98.729133605957
1,54.76,18.2331503788009,98.7386703491211
1,54.77,18.2364836786874,98.7529754638672
1,54.78,18.2398169785738,98.7911224365234
1,54.79,18.2431502784602,98.8197326660156
1,54.8,18.2464835783467,98.8292694091797
1,54.81,18.2498168782331,98.8674163818359
1,54.82,18.2531501781195,98.8912582397461
1,54.83,18.256483478006,98.9294052124023
1,54.84,18.2598167778924,98.9437103271484
1,54.85,18.2631500777789,98.9627838134766
1,54.86,18.2664833776653,98.9961624145508
1,54.87,18.2698166775517,99.0200042724609
1,54.88,18.2731499774382,99.034309387207
1,54.89,18.2764832773246,99.0629196166992
1,54.9,18.279816577211,99.0772247314453
1,54.91,18.2831498770975,99.0772247314453
1,54.92,18.2864831769839,99.1106033325195
1,54.93,18.2898164768703,99.1392135620117
1,54.94,18.2931497767568,99.1439819335938
1,54.95,18.2964830766432,99.1630554199219
1,54.96,18.2998163765296,99.2059707641602
1,54.97,18.3031496764161,99.2012023925781
1,54.98,18.3064829763025,99.2250442504883
1,54.99,18.3098162761889,99.2441177368164
1,55,18.3131495760754,99.3013381958008
1,55.01,18.3164828759618,99.2965698242188
1,55.02,18.3198161758482,99.3108749389648
1,55.03,18.3231494757347,99.3585586547852
1,55.04,18.3264827756211,99.3824005126953
1,55.05,18.3298160755076,99.4157791137695
1,55.06,18.333149375394,99.4443893432617
1,55.07,18.3364826752804,99.4729995727539
1,55.08,18.3398159751669,99.4968414306641
1,55.09,18.3431492750533,99.5206832885742
1,55.1,18.3464825749397,99.5254516601563
1,55.11,18.3498158748262,99.5826721191406
1,55.12,18.3531491747126,99.6065139770508
1,55.13,18.356482474599,99.639892578125
1,55.14,18.3598157744855,99.644660949707
1,55.15,18.3631490743719,99.6971130371094
1,55.16,18.3664823742583,99.6875762939453
1,55.17,18.3698156741448,99.7257232666016
1,55.18,18.3731489740312,99.7400283813477
1,55.19,18.3764822739176,99.7495651245117
1,55.2,18.3798155738041,99.7495651245117
1,55.21,18.3831488736905,99.787712097168
1,55.22,18.386482173577,99.79248046875
1,55.23,18.3898154734634,99.8306274414063
1,55.24,18.3931487733498,99.8401641845703
1,55.25,18.3964820732363,99.8497009277344
1,55.26,18.3998153731227,99.8449325561523
1,55.27,18.4031486730091,99.8640060424805
1,55.28,18.4064819728956,99.8783111572266
1,55.29,18.409815272782,99.8830795288086
1,55.3,18.4131485726684,99.8783111572266
1,55.31,18.4164818725549,99.9307632446289
1,55.32,18.4198151724413,99.945068359375
1,55.33,18.4231484723277,99.9355316162109
1,55.34,18.4264817722142,99.9689102172852
1,55.35,18.4298150721006,99.9832153320313
1,55.36,18.433148371987,100.016593933105
1,55.37,18.4364816718735,100.040435791016
1,55.38,18.4398149717599,100.040435791016
1,55.39,18.4431482716464,100.088119506836
1,55.4,18.4464815715328,100.116729736328
1,55.41,18.4498148714192,100.12149810791
1,55.42,18.4531481713057,100.16918182373
1,55.43,18.4564814711921,100.173950195313
1,55.44,18.4598147710785,100.207328796387
1,55.45,18.463148070965,100.235939025879
1,55.46,18.4664813708514,100.269317626953
1,55.47,18.4698146707378,100.288391113281
1,55.48,18.4731479706243,100.33130645752
1,55.49,18.4764812705107,100.326538085938
1,55.5,18.4798145703971,100.388526916504
1,55.51,18.4831478702836,100.417137145996
1,55.52,18.48648117017,100.45051574707
1,55.53,18.4898144700564,100.460052490234
1,55.54,18.4931477699429,100.479125976563
1,55.55,18.4964810698293,100.522041320801
1,55.56,18.4998143697158,100.560188293457
1,55.57,18.5031476696022,100.584030151367
1,55.58,18.5064809694886,100.603103637695
1,55.59,18.5098142693751,100.641250610352
1,55.6,18.5131475692615,100.646018981934
1,55.61,18.5164808691479,100.66032409668
1,55.62,18.5198141690344,100.693702697754
1,55.63,18.5231474689208,100.693702697754
1,55.64,18.5264807688072,100.717544555664
1,55.65,18.5298140686937,100.717544555664
1,55.66,18.5331473685801,100.736618041992
1,55.67,18.5364806684665,100.741386413574
1,55.68,18.539813968353,100.765228271484
1,55.69,18.5431472682394,100.77953338623
1,55.7,18.5464805681258,100.798606872559
1,55.71,18.5498138680123,100.822448730469
1,55.72,18.5531471678987,100.827217102051
1,55.73,18.5564804677852,100.851058959961
1,55.74,18.5598137676716,100.874900817871
1,55.75,18.563147067558,100.874900817871
1,55.76,18.5664803674445,100.903511047363
1,55.77,18.5698136673309,100.917816162109
1,55.78,18.5731469672173,100.927352905273
1,55.79,18.5764802671038,100.955963134766
1,55.8,18.5798135669902,100.955963134766
1,55.81,18.5831468668766,100.979804992676
1,55.82,18.5864801667631,100.998878479004
1,55.83,18.5898134666495,101.032257080078
1,55.84,18.5931467665359,101.046562194824
1,55.85,18.5964800664224,101.051330566406
1,55.86,18.5998133663088,101.089477539063
1,55.87,18.6031466661952,101.108551025391
1,55.88,18.6064799660817,101.113319396973
1,55.89,18.6098132659681,101.156234741211
1,55.9,18.6131465658546,101.184844970703
1,55.91,18.616479865741,101.213455200195
1,55.92,18.6198131656274,101.251602172852
1,55.93,18.6231464655139,101.265907287598
1,55.94,18.6264797654003,101.313591003418
1,55.95,18.6298130652867,101.327896118164
1,55.96,18.6331463651732,101.375579833984
1,55.97,18.6364796650596,101.380348205566
1,55.98,18.639812964946,101.413726806641
1,55.99,18.6431462648325,101.447105407715
1,56,18.6464795647189,101.470947265625
1,56.01,18.6498128646053,101.499557495117
1,56.02,18.6531461644918,101.523399353027
1,56.03,18.6564794643782,101.537704467773
1,56.04,18.6598127642646,101.55200958252
1,56.05,18.6631460641511,101.55200958252
1,56.06,18.6664793640375,101.57585144043
1,56.07,18.669812663924,101.609230041504
1,56.08,18.6731459638104,101.628303527832
1,56.09,18.6764792636968,101.652145385742
1,56.1,18.6798125635833,101.67121887207
1,56.11,18.6831458634697,101.680755615234
1,56.12,18.6864791633561,101.737976074219
1,56.13,18.6898124632426,101.752281188965
1,56.14,18.693145763129,101.776123046875
1,56.15,18.6964790630154,101.814270019531
1,56.16,18.6998123629019,101.847648620605
1,56.17,18.7031456627883,101.871490478516
1,56.18,18.7064789626747,101.890563964844
1,56.19,18.7098122625612,101.914405822754
1,56.2,18.7131455624476,101.943016052246
1,56.21,18.716478862334,101.95255279541
1,56.22,18.7198121622205,101.990699768066
1,56.23,18.7231454621069,101.971626281738
1,56.24,18.7264787619933,102.019309997559
1,56.25,18.7298120618798,102.024078369141
1,56.26,18.7331453617662,102.057456970215
1,56.27,18.7364786616527,102.057456970215
1,56.28,18.7398119615391,102.076530456543
1,56.29,18.7431452614255,102.100372314453
1,56.3,18.746478561312,102.095603942871
1,56.31,18.7498118611984,102.124214172363
1,56.32,18.7531451610848,102.148056030273
1,56.33,18.7564784609713,102.167129516602
1,56.34,18.7598117608577,102.176666259766
1,56.35,18.7631450607441,102.229118347168
1,56.36,18.7664783606306,102.214813232422
1,56.37,18.769811660517,102.23388671875
1,56.38,18.7731449604034,102.262496948242
1,56.39,18.7764782602899,102.295875549316
1,56.4,18.7798115601763,102.314949035645
1,56.41,18.7831448600627,102.338790893555
1,56.42,18.7864781599492,102.343559265137
1,56.43,18.7898114598356,102.372169494629
1,56.44,18.7931447597221,102.396011352539
1,56.45,18.7964780596085,102.410316467285
1,56.46,18.7998113594949,102.434158325195
1,56.47,18.8031446593814,102.453231811523
1,56.48,18.8064779592678,102.472305297852
1,56.49,18.8098112591542,102.510452270508
1,56.5,18.8131445590407,102.543830871582
1,56.51,18.8164778589271,102.56290435791
1,56.52,18.8198111588135,102.572441101074
1,56.53,18.8231444587,102.61058807373
1,56.54,18.8264777585864,102.643966674805
1,56.55,18.8298110584728,102.663040161133
1,56.56,18.8331443583593,102.677345275879
1,56.57,18.8364776582457,102.696418762207
1,56.58,18.8398109581321,102.725028991699
1,56.59,18.8431442580186,102.753639221191
1,56.6,18.846477557905,102.767944335938
1,56.61,18.8498108577915,102.77271270752
1,56.62,18.8531441576779,102.810859680176
1,56.63,18.8564774575643,102.815628051758
1,56.64,18.8598107574508,102.806091308594
1,56.65,18.8631440573372,102.839469909668
1,56.66,18.8664773572236,102.834701538086
1,56.67,18.8698106571101,102.858543395996
1,56.68,18.8731439569965,102.872848510742
1,56.69,18.8764772568829,102.882385253906
1,56.7,18.8798105567694,102.925300598145
1,56.71,18.8831438566558,102.906227111816
1,56.72,18.8864771565422,102.930068969727
1,56.73,18.8898104564287,102.958679199219
1,56.74,18.8931437563151,102.977752685547
1,56.75,18.8964770562015,103.006362915039
1,56.76,18.899810356088,103.030204772949
1,56.77,18.9031436559744,103.07788848877
1,56.78,18.9064769558609,103.10173034668
1,56.79,18.9098102557473,103.111267089844
1,56.8,18.9131435556337,103.17325592041
1,56.81,18.9164768555202,103.182792663574
1,56.82,18.9198101554066,103.182792663574
1,56.83,18.923143455293,103.235244750977
1,56.84,18.9264767551795,103.240013122559
1,56.85,18.9298100550659,103.254318237305
1,56.86,18.9331433549523,103.282928466797
1,56.87,18.9364766548388,103.306770324707
1,56.88,18.9398099547252,103.302001953125
1,56.89,18.9431432546116,103.330612182617
1,56.9,18.9464765544981,103.340148925781
1,56.91,18.9498098543845,103.340148925781
1,56.92,18.953143154271,103.363990783691
1,56.93,18.9564764541574,103.38306427002
1,56.94,18.9598097540438,103.387832641602
1,56.95,18.9631430539303,103.402137756348
1,56.96,18.9664763538167,103.411674499512
1,56.97,18.9698096537031,103.449821472168
1,56.98,18.9731429535896,103.440284729004
1,56.99,18.976476253476,103.492736816406
1,57,18.9798095533624,103.50227355957
1,57.01,18.9831428532489,103.507041931152
1,57.02,18.9864761531353,103.549957275391
1,57.03,18.9898094530217,103.545188903809
1,57.04,18.9931427529082,103.602409362793
1,57.05,18.9964760527946,103.607177734375
1,57.06,18.999809352681,103.640556335449
1,57.07,19.0031426525675,103.664398193359
1,57.08,19.0064759524539,103.664398193359
1,57.09,19.0098092523404,103.678703308105
1,57.1,19.0131425522268,103.68824005127
1,57.11,19.0164758521132,103.702545166016
1,57.12,19.0198091519997,103.726387023926
1,57.13,19.0231424518861,103.721618652344
1,57.14,19.0264757517725,103.716850280762
1,57.15,19.029809051659,103.726387023926
1,57.16,19.0331423515454,103.71208190918
1,57.17,19.0364756514318,103.707313537598
1,57.18,19.0398089513183,103.693008422852
1,57.19,19.0431422512047,103.697776794434
1,57.2,19.0464755510911,103.71208190918
1,57.21,19.0498088509776,103.702545166016
1,57.22,19.053142150864,103.716850280762
1,57.23,19.0564754507504,103.731155395508
1,57.24,19.0598087506369,103.721618652344
1,57.25,19.0631420505233,103.745460510254
1,57.26,19.0664753504097,103.754997253418
1,57.27,19.0698086502962,103.764533996582
1,57.28,19.0731419501826,103.788375854492
1,57.29,19.0764752500691,103.812217712402
1,57.3,19.0798085499555,103.836059570313
1,57.31,19.0831418498419,103.864669799805
1,57.32,19.0864751497284,103.878974914551
1,57.33,19.0898084496148,103.898048400879
1,57.34,19.0931417495012,103.936195373535
1,57.35,19.0964750493877,103.960037231445
1,57.36,19.0998083492741,103.979110717773
1,57.37,19.1031416491605,104.002952575684
1,57.38,19.106474949047,104.022026062012
1,57.39,19.1098082489334,104.060173034668
1,57.4,19.1131415488198,104.074478149414
1,57.41,19.1164748487063,104.103088378906
1,57.42,19.1198081485927,104.126930236816
1,57.43,19.1231414484791,104.141235351563
1,57.44,19.1264747483656,104.155540466309
1,57.45,19.129808048252,104.188919067383
1,57.46,19.1331413481385,104.203224182129
1,57.47,19.1364746480249,104.231834411621
1,57.48,19.1398079479113,104.284286499023
1,57.49,19.1431412477978,104.279518127441
1,57.5,19.1464745476842,104.284286499023
1,57.51,19.1498078475706,104.32243347168
1,57.52,19.1531411474571,104.355812072754
1,57.53,19.1564744473435,104.360580444336
1,57.54,19.1598077472299,104.374885559082
1,57.55,19.1631410471164,104.422569274902
1,57.56,19.1664743470028,104.427337646484
1,57.57,19.1698076468892,104.44164276123
1,57.58,19.1731409467757,104.455947875977
1,57.59,19.1764742466621,104.475021362305
1,57.6,19.1798075465485,104.513168334961
1,57.61,19.183140846435,104.522705078125
1,57.62,19.1864741463214,104.556083679199
1,57.63,19.1931407460943,104.565620422363
1,57.65,19.1964740459807,104.62760925293
1,57.66,19.1998073458672,104.62760925293
1,57.67,19.2031406457536,104.646682739258
1,57.68,19.20647394564,104.637145996094
1,57.69,19.2098072455265,104.670524597168
1,57.7,19.2131405454129,104.694366455078
1,57.71,19.2164738452993,104.69913482666
1,57.72,19.2231404450722,104.727745056152
1,57.74,19.2264737449586,104.765892028809
1,57.75,19.2298070448451,104.804039001465
1,57.76,19.2331403447315,104.813575744629
1,57.77,19.2398069445044,104.846954345703
1,57.78,19.2431402443908,104.875564575195
1,57.8,19.2498068441637,104.923248291016
1,57.81,19.2531401440501,104.95662689209
1,57.82,19.2564734439366,104.985237121582
1,57.83,19.259806743823,105.013847351074
1,57.84,19.2631400437094,105.047225952148
1,57.86,19.2698066434823,105.094909667969
1,57.87,19.2731399433687,105.123519897461
1,57.88,19.2764732432552,105.142593383789
1,57.89,19.2798065431416,105.152130126953
1,57.9,19.283139843028,105.180740356445
1,57.91,19.2864731429145,105.161666870117
1,57.92,19.2898064428009,105.199813842773
1,57.93,19.2931397426873,105.218887329102
1,57.94,19.2964730425738,105.223655700684
1,57.95,19.2998063424602,105.233192443848
1,57.96,19.3031396423467,105.26180267334
1,57.97,19.3064729422331,105.276107788086
1,57.98,19.3098062421195,105.290412902832
1,57.99,19.313139542006,105.290412902832
1,58,19.3164728418924,105.314254760742
1,58.01,19.3198061417788,105.33332824707
1,58.02,19.3231394416653,105.35717010498
1,58.03,19.3264727415517,105.381011962891
1,58.04,19.3298060414381,105.414390563965
1,58.05,19.3331393413246,105.419158935547
1,58.06,19.336472641211,105.443000793457
1,58.07,19.3398059410974,105.433464050293
1,58.08,19.3431392409839,105.466842651367
1,58.09,19.3464725408703,105.509757995605
1,58.1,19.3498058407567,105.504989624023
1,58.11,19.3531391406432,105.509757995605
1,58.12,19.3564724405296,105.552673339844
1,58.13,19.3598057404161,105.562210083008
1,58.14,19.3631390403025,105.581283569336
1,58.15,19.3664723401889,105.600357055664
1,58.16,19.3698056400754,105.586051940918
1,58.17,19.3731389399618,105.61466217041
1,58.18,19.3764722398482,105.628967285156
1,58.19,19.3798055397347,105.671882629395
1,58.2,19.3831388396211,105.667114257813
1,58.21,19.3864721395075,105.66234588623
1,58.22,19.389805439394,105.676651000977
1,58.23,19.3931387392804,105.690956115723
1,58.24,19.3964720391668,105.710029602051
1,58.25,19.3998053390533,105.714797973633
1,58.26,19.4031386389397,105.729103088379
1,58.27,19.4064719388261,105.695724487305
1,58.28,19.4098052387126,105.733871459961
1,58.29,19.413138538599,105.748176574707
1,58.3,19.4164718384855,105.743408203125
1,58.31,19.4198051383719,105.762481689453
1,58.32,19.4231384382583,105.757713317871
1,58.33,19.4264717381448,105.762481689453
1,58.34,19.4298050380312,105.781555175781
1,58.35,19.4331383379176,105.776786804199
1,58.36,19.4364716378041,105.772018432617
1,58.37,19.4398049376905,105.810165405273
1,58.38,19.4431382375769,105.829238891602
1,58.39,19.4464715374634,105.834007263184
1,58.4,19.4498048373498,105.862617492676
1,58.41,19.4531381372362,105.862617492676
1,58.42,19.4564714371227,105.891227722168
1,58.43,19.4598047370091,105.910301208496
1,58.44,19.4631380368955,105.929374694824
1,58.45,19.466471336782,105.957984924316
1,58.46,19.4698046366684,105.981826782227
1,58.47,19.4731379365548,105.972290039063
1,58.48,19.4764712364413,105.996131896973
1,58.49,19.4798045363277,106.024742126465
1,58.5,19.4831378362142,106.034278869629
1,58.51,19.4864711361006,106.043815612793
1,58.52,19.489804435987,106.053352355957
1,58.53,19.4931377358735,106.067657470703
1,58.54,19.4964710357599,106.086730957031
1,58.55,19.4998043356463,106.081962585449
1,58.56,19.5031376355328,106.110572814941
1,58.57,19.5064709354192,106.124877929688
1,58.58,19.5098042353056,106.110572814941
1,58.59,19.5131375351921,106.163024902344
1,58.6,19.5164708350785,106.182098388672
1,58.61,19.5198041349649,106.210708618164
1,58.62,19.5231374348514,106.210708618164
1,58.63,19.5264707347378,106.229782104492
1,58.64,19.5298040346242,106.244087219238
1,58.65,19.5331373345107,106.27269744873
1,58.66,19.5364706343971,106.301307678223
1,58.67,19.5398039342836,106.339454650879
1,58.68,19.54313723417,106.320381164551
1,58.69,19.5464705340564,106.363296508789
1,58.7,19.5498038339429,106.372833251953
1,58.71,19.5531371338293,106.391906738281
1,58.72,19.5564704337157,106.415748596191
1,58.73,19.5598037336022,106.420516967773
1,58.74,19.5631370334886,106.468200683594
1,58.75,19.566470333375,106.453895568848
1,58.76,19.5698036332615,106.477737426758
1,58.77,19.5731369331479,106.48250579834
1,58.78,19.5764702330343,106.501579284668
1,58.79,19.5798035329208,106.492042541504
1,58.8,19.5831368328072,106.511116027832
1,58.81,19.5864701326936,106.525421142578
1,58.82,19.5898034325801,106.515884399414
1,58.83,19.5931367324665,106.539726257324
1,58.84,19.596470032353,106.534957885742
1,58.85,19.5998033322394,106.55403137207
1,58.86,19.6031366321258,106.544494628906
1,58.87,19.6064699320123,106.558799743652
1,58.88,19.6098032318987,106.568336486816
1,58.89,19.6131365317851,106.573104858398
1,58.9,19.6164698316716,106.573104858398
1,58.91,19.619803131558,106.587409973145
1,58.92,19.6231364314444,106.601715087891
1,58.93,19.6264697313309,106.635093688965
1,58.94,19.6298030312173,106.625556945801
1,58.95,19.6331363311037,106.630325317383
1,58.96,19.6364696309902,106.663703918457
1,58.97,19.6398029308766,106.678009033203
1,58.98,19.643136230763,106.701850891113
1,58.99,19.6464695306495,106.730461120605
1,59,19.6498028305359,106.730461120605
1,59.01,19.6531361304224,106.759071350098
1,59.02,19.6564694303088,106.778144836426
1,59.03,19.6598027301952,106.78768157959
1,59.04,19.6631360300817,106.806755065918
1,59.05,19.6664693299681,106.778144836426
1,59.06,19.6698026298545,106.816291809082
1,59.07,19.673135929741,106.825828552246
1,59.08,19.6764692296274,106.825828552246
1,59.09,19.6798025295138,106.849670410156
1,59.1,19.6831358294003,106.840133666992
1,59.11,19.6864691292867,106.85920715332
1,59.12,19.6898024291731,106.88304901123
1,59.13,19.6931357290596,106.85920715332
1,59.14,19.696469028946,106.88304901123
1,59.15,19.6998023288325,106.887817382813
1,59.16,19.7031356287189,106.887817382813
1,59.17,19.7064689286053,106.892585754395
1,59.18,19.7098022284918,106.906890869141
1,59.19,19.7131355283782,106.902122497559
1,59.2,19.7164688282646,106.906890869141
1,59.21,19.7198021281511,106.911659240723
1,59.22,19.7231354280375,106.906890869141
1,59.23,19.7264687279239,106.921195983887
1,59.24,19.7298020278104,106.911659240723
1,59.25,19.7331353276968,106.935501098633
1,59.26,19.7364686275832,106.940269470215
1,59.27,19.7398019274697,106.949806213379
1,59.28,19.7431352273561,106.964111328125
1,59.29,19.7464685272425,106.973648071289
1,59.3,19.749801827129,106.978416442871
1,59.31,19.7531351270154,106.978416442871
1,59.32,19.7564684269018,107.021331787109
1,59.33,19.7598017267883,107.007026672363
1,59.34,19.7631350266747,107.054710388184
1,59.35,19.7664683265612,107.040405273438
1,59.36,19.7698016264476,107.073783874512
1,59.37,19.773134926334,107.064247131348
1,59.38,19.7764682262205,107.06901550293
1,59.39,19.7798015261069,107.088088989258
1,59.4,19.7831348259933,107.083320617676
1,59.41,19.7864681258798,107.078552246094
1,59.42,19.7898014257662,107.088088989258
1,59.43,19.7931347256526,107.097625732422
1,59.44,19.7964680255391,107.121467590332
1,59.45,19.7998013254255,107.102394104004
1,59.46,19.8031346253119,107.107162475586
1,59.47,19.8064679251984,107.088088989258
1,59.48,19.8098012250848,107.107162475586
1,59.49,19.8131345249712,107.097625732422
1,59.5,19.8164678248577,107.11669921875
1,59.51,19.8198011247441,107.111930847168
1,59.52,19.8231344246306,107.11669921875
1,59.53,19.826467724517,107.107162475586
1,59.54,19.8298010244034,107.111930847168
1,59.55,19.8331343242899,107.102394104004
1,59.56,19.8364676241763,107.083320617676
1,59.57,19.8398009240627,107.097625732422
1,59.58,19.8431342239492,107.073783874512
1,59.59,19.8464675238356,107.09285736084
1,59.6,19.849800823722,107.06901550293
1,59.61,19.8531341236085,107.06901550293
1,59.62,19.8564674234949,107.06901550293
1,59.63,19.8598007233813,107.064247131348
1,59.64,19.8631340232678,107.04517364502
1,59.65,19.8664673231542,107.026100158691
1,59.66,19.8698006230406,107.026100158691
1,59.67,19.8731339229271,107.040405273438
1,59.68,19.8764672228135,107.016563415527
1,59.69,19.8798005227,106.987953186035
1,59.7,19.8831338225864,106.983184814453
1,59.71,19.8864671224728,106.978416442871
1,59.72,19.8898004223593,106.959342956543
1,59.73,19.8931337222457,106.945037841797
1,59.74,19.8964670221321,106.925964355469
1,59.75,19.8998003220186,106.892585754395
1,59.76,19.903133621905,106.897354125977
1,59.77,19.9064669217914,106.863975524902
1,59.78,19.9098002216779,106.887817382813
1,59.79,19.9131335215643,106.85920715332
1,59.8,19.9164668214507,106.863975524902
1,59.81,19.9198001213372,106.849670410156
1,59.82,19.9231334212236,106.840133666992
1,59.83,19.92646672111,106.840133666992
1,59.84,19.9298000209965,106.849670410156
1,59.85,19.9331333208829,106.821060180664
1,59.86,19.9364666207694,106.825828552246
1,59.87,19.9397999206558,106.821060180664
1,59.88,19.9431332205422,106.825828552246
1,59.89,19.9464665204287,106.792449951172
1,59.9,19.9497998203151,106.8115234375
1,59.91,19.9531331202015,106.782913208008
1,59.92,19.956466420088,106.759071350098
1,59.93,19.9597997199744,106.782913208008
1,59.94,19.9631330198608,106.754302978516
1,59.95,19.9664663197473,106.730461120605
1,59.96,19.9697996196337,106.706619262695
1,59.97,19.9731329195201,106.673240661621
1,59.98,19.9764662194066,106.654167175293
1,59.99,19.979799519293,106.649398803711
1,60,19.9831328191794,106.606483459473
1,60.01,19.9864661190659,106.611251831055
1,60.02,19.9897994189523,106.582641601563
1,60.03,19.9931327188388,106.592178344727
1,60.04,19.9964660187252,106.563568115234
1,60.05,19.9997993186116,106.55403137207
1,60.06,20.0031326184981,106.558799743652
1,60.07,20.0064659183845,106.558799743652
1,60.08,20.0097992182709,106.544494628906
1,60.09,20.0131325181574,106.549263000488
1,60.1,20.0164658180438,106.558799743652
1,60.11,20.0197991179302,106.549263000488
1,60.12,20.0231324178167,106.534957885742
1,60.13,20.0264657177031,106.563568115234
1,60.14,20.0297990175895,106.568336486816
1,60.15,20.033132317476,106.549263000488
1,60.16,20.0364656173624,106.55403137207
1,60.17,20.0397989172488,106.549263000488
1,60.18,20.0431322171353,106.55403137207
1,60.19,20.0464655170217,106.534957885742
1,60.2,20.0497988169082,106.539726257324
1,60.21,20.0531321167946,106.558799743652
1,60.22,20.056465416681,106.534957885742
1,60.23,20.0597987165675,106.496810913086
1,60.24,20.0631320164539,106.520652770996
1,60.25,20.0664653163403,106.511116027832
1,60.26,20.0697986162268,106.520652770996
1,60.27,20.0731319161132,106.511116027832
1,60.28,20.0764652159996,106.520652770996
1,60.29,20.0797985158861,106.534957885742
1,60.3,20.0831318157725,106.511116027832
1,60.31,20.0864651156589,106.492042541504
1,60.32,20.0897984155454,106.525421142578
1,60.33,20.0931317154318,106.515884399414
1,60.34,20.0964650153182,106.53018951416
1,60.35,20.0997983152047,106.50634765625
1,60.36,20.1031316150911,106.50634765625
1,60.37,20.1064649149776,106.511116027832
1,60.38,20.109798214864,106.496810913086
1,60.39,20.1131315147504,106.515884399414
1,60.4,20.1164648146369,106.501579284668
1,60.41,20.1197981145233,106.515884399414
1,60.42,20.1231314144097,106.487274169922
1,60.43,20.1264647142962,106.48250579834
1,60.44,20.1297980141826,106.48250579834
1,60.45,20.133131314069,106.463432312012
1,60.46,20.1364646139555,106.453895568848
1,60.47,20.1397979138419,106.43482208252
1,60.48,20.1431312137283,106.444358825684
1,60.49,20.1464645136148,106.420516967773
1,60.5,20.1497978135012,106.415748596191
1,60.51,20.1531311133876,106.401443481445
1,60.52,20.1564644132741,106.377601623535
1,60.53,20.1597977131605,106.396675109863
1,60.54,20.163131013047,106.358528137207
1,60.55,20.1664643129334,106.353759765625
1,60.56,20.1697976128198,106.334686279297
1,60.57,20.1731309127063,106.339454650879
1,60.58,20.1764642125927,106.344223022461
1,60.59,20.1797975124791,106.325149536133
1,60.6,20.1831308123656,106.329917907715
1,60.61,20.186464112252,106.320381164551
1,60.62,20.1897974121384,106.301307678223
1,60.63,20.1931307120249,106.325149536133
1,60.64,20.1964640119113,106.287002563477
1,60.65,20.1997973117977,106.291770935059
1,60.66,20.2031306116842,106.27269744873
1,60.67,20.2064639115706,106.253623962402
1,60.68,20.209797211457,106.258392333984
1,60.69,20.2131305113435,106.27269744873
1,60.7,20.2164638112299,106.234550476074
1,60.71,20.2197971111164,106.215476989746
1,60.72,20.2231304110028,106.244087219238
1,60.73,20.2264637108892,106.229782104492
1,60.74,20.2297970107757,106.205940246582
1,60.75,20.2331303106621,106.201171875
1,60.76,20.2364636105485,106.172561645508
1,60.77,20.239796910435,106.201171875
1,60.78,20.2431302103214,106.17733001709
1,60.79,20.2464635102078,106.158256530762
1,60.8,20.2497968100943,106.167793273926
1,60.81,20.2531301099807,106.143951416016
1,60.82,20.2564634098671,106.101036071777
1,60.83,20.2597967097536,106.105804443359
1,60.84,20.26313000964,106.067657470703
1,60.85,20.2664633095264,106.062889099121
1,60.86,20.2697966094129,106.039047241211
1,60.87,20.2731299092993,105.996131896973
1,60.88,20.2764632091857,105.977058410645
1,60.89,20.2797965090722,105.934143066406
1,60.9,20.2831298089586,105.938911437988
1,60.91,20.2864631088451,105.886459350586
1,60.92,20.2897964087315,105.84831237793
1,60.93,20.2931297086179,105.819702148438
1,60.94,20.2964630085044,105.795860290527
1,60.95,20.2997963083908,105.772018432617
1,60.96,20.3031296082772,105.743408203125
1,60.97,20.3064629081637,105.700492858887
1,60.98,20.3097962080501,105.667114257813
1,60.99,20.3131295079365,105.61466217041
1,61,20.316462807823,105.600357055664
1,61.01,20.3197961077094,105.581283569336
1,61.02,20.3231294075958,105.54313659668
1,61.03,20.3264627074823,105.495452880859
1,61.04,20.3297960073687,105.466842651367
1,61.05,20.3331293072551,105.462074279785
1,61.06,20.3364626071416,105.438232421875
1,61.07,20.3431292069145,105.404853820801
1,61.09,20.3464625068009,105.347633361816
1,61.1,20.3497958066873,105.347633361816
1,61.11,20.3531291065738,105.342864990234
1,61.12,20.3597957063466,105.328559875488
1,61.13,20.3631290062331,105.30948638916
1,61.15,20.3664623061195,105.299949645996
1,61.16,20.3731289058924,105.276107788086
1,61.17,20.3764622057788,105.28564453125
1,61.18,20.3797955056652,105.23796081543
1,61.19,20.3831288055517,105.23796081543
1,61.21,20.3864621054381,105.180740356445
1,61.22,20.393128705211,105.204582214355
1,61.23,20.3964620050974,105.161666870117
1,61.25,20.3997953049839,105.142593383789
1,61.26,20.4031286048703,105.123519897461
1,61.27,20.4097952046432,105.094909667969
1,61.28,20.4131285045296,105.104446411133
1,61.29,20.416461804416,105.080604553223
1,61.3,20.4197951043025,105.085372924805
1,61.31,20.4231284041889,105.080604553223
1,61.32,20.4264617040753,105.056762695313
1,61.33,20.4297950039618,105.080604553223
1,61.34,20.4331283038482,105.056762695313
1,61.35,20.4364616037346,105.056762695313
1,61.36,20.4397949036211,105.02815246582
1,61.37,20.4431282035075,105.047225952148
1,61.38,20.446461503394,105.02815246582
1,61.39,20.4497948032804,104.994773864746
1,61.4,20.4531281031668,104.990005493164
1,61.41,20.4564614030533,104.98046875
1,61.42,20.4597947029397,104.951858520508
1,61.43,20.4631280028261,104.93278503418
1,61.44,20.4664613027126,104.889869689941
1,61.45,20.469794602599,104.866027832031
1,61.46,20.4731279024854,104.832649230957
1,61.47,20.4764612023719,104.770660400391
1,61.48,20.4797945022583,104.72297668457
1,61.49,20.4831278021447,104.67529296875
1,61.5,20.4864611020312,104.618072509766
1,61.51,20.4897944019176,104.532241821289
1,61.52,20.493127701804,104.498863220215
1,61.53,20.4964610016905,104.41780090332
1,61.54,20.4997943015769,104.355812072754
1,61.55,20.5031276014633,104.293823242188
1,61.56,20.5064609013498,104.217529296875
1,61.57,20.5097942012362,104.13646697998
1,61.58,20.5131275011227,104.08878326416
1,61.59,20.5164608010091,103.998184204102
1,61.6,20.5197941008955,103.907585144043
1,61.61,20.523127400782,103.864669799805
1,61.62,20.5264607006684,103.774070739746
1,61.63,20.5297940005548,103.726387023926
