ééå±âÒêî,éûä‘[sec],à⁄ìÆó [mm],â◊èd[N]
1,0.01,0,3.57627868652344E-03
1,0.23,3.33329988643527E-03,-4.76837158203125E-03
1,0.24,6.66659977287054E-03,-3.57627868652344E-03
1,0.26,9.99989965930581E-03,-7.15255737304688E-03
1,0.27,1.66664994321764E-02,-2.38418579101563E-03
1,0.28,1.99997993186116E-02,-6.55651092529297E-03
1,0.3,2.33330992050469E-02,-5.96046447753906E-03
1,0.31,2.66663990914822E-02,-4.76837158203125E-03
1,0.32,2.99996989779174E-02,0
1,0.33,3.33329988643527E-02,0
1,0.34,0.036666298750788,0
1,0.35,3.99995986372232E-02,0
1,0.36,4.33328985236585E-02,1.78813934326172E-03
1,0.37,4.66661984100938E-02,0
1,0.38,4.99994982965291E-02,1.19209289550781E-03
1,0.39,5.33327981829643E-02,2.98023223876953E-03
1,0.4,5.66660980693996E-02,6.55651092529297E-03
1,0.41,5.99993979558349E-02,5.96046447753906E-03
1,0.42,6.33326978422702E-02,8.34465026855469E-03
1,0.43,6.66659977287054E-02,7.15255737304688E-03
1,0.44,6.99992976151407E-02,8.94069671630859E-03
1,0.45,7.33325975015759E-02,7.15255737304688E-03
1,0.46,7.99991972744465E-02,5.96046447753906E-03
1,0.48,8.33324971608818E-02,5.36441802978516E-03
1,0.49,0.086665797047317,7.15255737304688E-03
1,0.5,8.99990969337523E-02,3.57627868652344E-03
1,0.51,9.66656967066228E-02,5.36441802978516E-03
1,0.52,9.99989965930581E-02,2.38418579101563E-03
1,0.54,0.103332296479493,0
1,0.55,0.109998896252364,-5.96046447753906E-04
1,0.56,0.113332196138799,-1.78813934326172E-03
1,0.57,0.116665496025234,-5.96046447753906E-03
1,0.58,0.11999879591167,-6.55651092529297E-03
1,0.6,0.123332095798105,-1.19209289550781E-02
1,0.61,0.129998695570976,-1.72853469848633E-02
1,0.62,0.133331995457411,-1.43051147460938E-02
1,0.64,0.139998595230281,-1.54972076416016E-02
1,0.65,0.143331895116717,-1.49011611938477E-02
1,0.66,0.146665195003152,-1.60932540893555E-02
1,0.67,0.149998494889587,-1.49011611938477E-02
1,0.68,0.153331794776022,-1.07288360595703E-02
1,0.69,0.156665094662458,-1.19209289550781E-02
1,0.7,0.159998394548893,-8.34465026855469E-03
1,0.71,0.163331694435328,-7.74860382080078E-03
1,0.72,0.166664994321764,-4.17232513427734E-03
1,0.73,0.169998294208199,-5.96046447753906E-04
1,0.74,0.173331594094634,2.38418579101563E-03
1,0.75,0.176664893981069,0
1,0.76,0.179998193867505,-2.38418579101563E-03
1,0.77,0.18333149375394,1.78813934326172E-03
1,0.78,0.186664793640375,-1.78813934326172E-03
1,0.79,0.18999809352681,-1.19209289550781E-03
1,0.8,0.193331393413246,-5.96046447753906E-04
1,0.81,0.196664693299681,4.76837158203125E-03
1,0.82,0.199997993186116,2.38418579101563E-03
1,0.83,0.203331293072552,7.15255737304688E-03
1,0.84,0.206664592958987,7.74860382080078E-03
1,0.85,0.209997892845422,5.36441802978516E-03
1,0.86,0.213331192731857,8.94069671630859E-03
1,0.87,0.216664492618293,1.01327896118164E-02
1,0.88,0.219997792504728,9.5367431640625E-03
1,0.89,0.223331092391163,7.74860382080078E-03
1,0.9,0.226664392277598,5.96046447753906E-03
1,0.91,0.229997692164034,1.07288360595703E-02
1,0.92,0.233330992050469,9.5367431640625E-03
1,0.93,0.236664291936904,8.34465026855469E-03
1,0.94,0.239997591823339,1.13248825073242E-02
1,0.95,0.243330891709775,1.37090682983398E-02
1,0.96,0.24666419159621,1.43051147460938E-02
1,0.97,0.249997491482645,1.37090682983398E-02
1,0.98,0.253330791369081,1.66893005371094E-02
1,0.99,0.256664091255516,0.012516975402832
1,1,0.259997391141951,1.13248825073242E-02
1,1.01,0.263330691028386,6.55651092529297E-03
1,1.02,0.266663990914822,8.34465026855469E-03
1,1.03,0.269997290801257,3.57627868652344E-03
1,1.04,0.273330590687692,2.38418579101563E-03
1,1.05,0.276663890574127,4.17232513427734E-03
1,1.06,0.279997190460563,-5.96046447753906E-04
1,1.07,0.283330490346998,-2.98023223876953E-03
1,1.08,0.286663790233433,-1.19209289550781E-03
1,1.09,0.289997090119869,-2.38418579101563E-03
1,1.1,0.293330390006304,-4.17232513427734E-03
1,1.11,0.296663689892739,-5.36441802978516E-03
1,1.12,0.299996989779174,-7.15255737304688E-03
1,1.13,0.30333028966561,-6.55651092529297E-03
1,1.14,0.306663589552045,-7.74860382080078E-03
1,1.15,0.30999688943848,-5.96046447753906E-03
1,1.16,0.313330189324915,-4.76837158203125E-03
1,1.17,0.316663489211351,-3.57627868652344E-03
1,1.18,0.319996789097786,-9.5367431640625E-03
1,1.19,0.323330088984221,-1.78813934326172E-03
1,1.2,0.326663388870657,-2.38418579101563E-03
1,1.21,0.329996688757092,-5.96046447753906E-04
1,1.22,0.333329988643527,-5.96046447753906E-04
1,1.23,0.336663288529962,4.76837158203125E-03
1,1.24,0.339996588416398,3.57627868652344E-03
1,1.25,0.343329888302833,5.96046447753906E-04
1,1.26,0.346663188189268,2.98023223876953E-03
1,1.27,0.349996488075703,1.19209289550781E-03
1,1.28,0.353329787962139,-5.96046447753906E-04
1,1.29,0.356663087848574,-1.78813934326172E-03
1,1.3,0.359996387735009,-2.98023223876953E-03
1,1.31,0.363329687621445,-4.17232513427734E-03
1,1.32,0.36666298750788,-2.98023223876953E-03
1,1.33,0.369996287394315,-1.78813934326172E-03
1,1.34,0.37332958728075,-2.38418579101563E-03
1,1.35,0.376662887167186,5.96046447753906E-04
1,1.36,0.379996187053621,1.78813934326172E-03
1,1.37,0.383329486940056,5.96046447753906E-03
1,1.38,0.386662786826491,2.98023223876953E-03
1,1.39,0.389996086712927,7.15255737304688E-03
1,1.4,0.393329386599362,5.96046447753906E-03
1,1.41,0.396662686485797,7.74860382080078E-03
1,1.42,0.399995986372232,4.17232513427734E-03
1,1.43,0.403329286258668,2.98023223876953E-03
1,1.44,0.406662586145103,3.57627868652344E-03
1,1.45,0.409995886031538,4.76837158203125E-03
1,1.46,0.413329185917974,3.57627868652344E-03
1,1.47,0.416662485804409,4.76837158203125E-03
1,1.48,0.419995785690844,2.38418579101563E-03
1,1.49,0.423329085577279,4.17232513427734E-03
1,1.5,0.426662385463715,8.34465026855469E-03
1,1.51,0.42999568535015,5.96046447753906E-03
1,1.52,0.433328985236585,6.55651092529297E-03
1,1.53,0.43666228512302,7.74860382080078E-03
1,1.54,0.439995585009456,7.15255737304688E-03
1,1.55,0.443328884895891,8.94069671630859E-03
1,1.56,0.446662184782326,5.36441802978516E-03
1,1.57,0.449995484668762,8.34465026855469E-03
1,1.58,0.453328784555197,8.34465026855469E-03
1,1.59,0.456662084441632,7.15255737304688E-03
1,1.6,0.459995384328067,5.36441802978516E-03
1,1.61,0.463328684214503,8.94069671630859E-03
1,1.62,0.466661984100938,6.55651092529297E-03
1,1.63,0.469995283987373,1.07288360595703E-02
1,1.64,0.473328583873808,0.012516975402832
1,1.65,0.476661883760244,1.31130218505859E-02
1,1.66,0.479995183646679,1.19209289550781E-02
1,1.67,0.483328483533114,1.49011611938477E-02
1,1.68,0.48666178341955,1.31130218505859E-02
1,1.69,0.489995083305985,1.37090682983398E-02
1,1.7,0.49332838319242,1.31130218505859E-02
1,1.71,0.496661683078855,1.43051147460938E-02
1,1.72,0.499994982965291,1.31130218505859E-02
1,1.73,0.503328282851726,1.31130218505859E-02
1,1.74,0.506661582738161,1.13248825073242E-02
1,1.75,0.509994882624596,1.01327896118164E-02
1,1.76,0.513328182511032,1.13248825073242E-02
1,1.77,0.516661482397467,9.5367431640625E-03
1,1.78,0.519994782283902,7.74860382080078E-03
1,1.79,0.523328082170337,4.76837158203125E-03
1,1.8,0.526661382056773,2.38418579101563E-03
1,1.81,0.529994681943208,-1.78813934326172E-03
1,1.82,0.533327981829643,0
1,1.83,0.536661281716079,-3.57627868652344E-03
1,1.84,0.539994581602514,-3.57627868652344E-03
1,1.85,0.543327881488949,-3.57627868652344E-03
1,1.86,0.546661181375384,-2.98023223876953E-03
1,1.87,0.54999448126182,0
1,1.88,0.553327781148255,1.19209289550781E-03
1,1.89,0.55666108103469,2.38418579101563E-03
1,1.9,0.559994380921125,5.96046447753906E-03
1,1.91,0.563327680807561,2.98023223876953E-03
1,1.92,0.566660980693996,3.57627868652344E-03
1,1.93,0.569994280580431,7.74860382080078E-03
1,1.94,0.573327580466866,8.34465026855469E-03
1,1.95,0.576660880353302,8.34465026855469E-03
1,1.96,0.579994180239737,9.5367431640625E-03
1,1.97,0.583327480126172,9.5367431640625E-03
1,1.98,0.586660780012608,9.5367431640625E-03
1,1.99,0.589994079899043,9.5367431640625E-03
1,2,0.593327379785478,8.94069671630859E-03
1,2.01,0.596660679671913,9.5367431640625E-03
1,2.02,0.599993979558349,5.36441802978516E-03
1,2.03,0.603327279444784,7.74860382080078E-03
1,2.04,0.606660579331219,4.76837158203125E-03
1,2.05,0.609993879217654,5.36441802978516E-03
1,2.06,0.61332717910409,6.55651092529297E-03
1,2.07,0.616660478990525,1.07288360595703E-02
1,2.08,0.61999377887696,5.96046447753906E-03
1,2.09,0.623327078763396,6.55651092529297E-03
1,2.1,0.626660378649831,7.15255737304688E-03
1,2.11,0.629993678536266,1.13248825073242E-02
1,2.12,0.633326978422701,1.37090682983398E-02
1,2.13,0.636660278309137,0.012516975402832
1,2.14,0.639993578195572,1.07288360595703E-02
1,2.15,0.643326878082007,9.5367431640625E-03
1,2.16,0.646660177968442,7.74860382080078E-03
1,2.17,0.649993477854878,4.76837158203125E-03
1,2.18,0.653326777741313,3.57627868652344E-03
1,2.19,0.656660077627748,1.78813934326172E-03
1,2.2,0.659993377514184,-1.78813934326172E-03
1,2.21,0.663326677400619,-1.78813934326172E-03
1,2.22,0.666659977287054,-6.55651092529297E-03
1,2.23,0.669993277173489,-4.76837158203125E-03
1,2.24,0.673326577059925,-4.17232513427734E-03
1,2.25,0.67665987694636,-7.15255737304688E-03
1,2.26,0.679993176832795,-1.13248825073242E-02
1,2.27,0.68332647671923,-7.74860382080078E-03
1,2.28,0.686659776605666,-6.55651092529297E-03
1,2.29,0.689993076492101,-6.55651092529297E-03
1,2.3,0.693326376378536,-5.36441802978516E-03
1,2.31,0.696659676264971,-4.76837158203125E-03
1,2.32,0.699992976151407,-4.76837158203125E-03
1,2.33,0.703326276037842,-5.36441802978516E-03
1,2.34,0.706659575924277,-1.78813934326172E-03
1,2.35,0.709992875810713,-2.98023223876953E-03
1,2.36,0.713326175697148,-1.78813934326172E-03
1,2.37,0.716659475583583,-4.76837158203125E-03
1,2.38,0.719992775470018,-1.01327896118164E-02
1,2.39,0.723326075356454,-1.07288360595703E-02
1,2.4,0.726659375242889,-1.43051147460938E-02
1,2.41,0.729992675129324,-1.13248825073242E-02
1,2.42,0.733325975015759,-1.19209289550781E-02
1,2.43,0.736659274902195,-1.13248825073242E-02
1,2.44,0.73999257478863,-1.37090682983398E-02
1,2.45,0.743325874675065,-1.13248825073242E-02
1,2.46,0.746659174561501,-1.49011611938477E-02
1,2.47,0.749992474447936,-1.37090682983398E-02
1,2.48,0.753325774334371,-1.07288360595703E-02
1,2.49,0.756659074220806,-1.07288360595703E-02
1,2.5,0.759992374107242,-1.01327896118164E-02
1,2.51,0.763325673993677,-1.07288360595703E-02
1,2.52,0.766658973880112,-1.07288360595703E-02
1,2.53,0.769992273766547,-1.13248825073242E-02
1,2.54,0.773325573652983,-1.07288360595703E-02
1,2.55,0.776658873539418,-1.01327896118164E-02
1,2.56,0.779992173425853,-1.13248825073242E-02
1,2.57,0.783325473312289,-1.13248825073242E-02
1,2.58,0.786658773198724,-1.13248825073242E-02
1,2.59,0.789992073085159,-1.07288360595703E-02
1,2.6,0.793325372971594,-5.96046447753906E-03
1,2.61,0.79665867285803,-7.15255737304688E-03
1,2.62,0.799991972744465,-2.98023223876953E-03
1,2.63,0.8033252726309,-4.76837158203125E-03
1,2.64,0.806658572517335,-3.57627868652344E-03
1,2.65,0.809991872403771,2.38418579101563E-03
1,2.66,0.813325172290206,4.76837158203125E-03
1,2.67,0.816658472176641,9.5367431640625E-03
1,2.68,0.819991772063077,9.5367431640625E-03
1,2.69,0.823325071949512,1.01327896118164E-02
1,2.7,0.826658371835947,8.34465026855469E-03
1,2.71,0.829991671722382,1.01327896118164E-02
1,2.72,0.833324971608818,1.43051147460938E-02
1,2.73,0.836658271495253,8.94069671630859E-03
1,2.74,0.839991571381688,1.13248825073242E-02
1,2.75,0.843324871268123,9.5367431640625E-03
1,2.76,0.846658171154559,4.17232513427734E-03
1,2.77,0.849991471040994,4.17232513427734E-03
1,2.78,0.853324770927429,4.17232513427734E-03
1,2.79,0.856658070813864,-1.78813934326172E-03
1,2.8,0.8599913707003,0
1,2.81,0.863324670586735,0
1,2.82,0.86665797047317,3.57627868652344E-03
1,2.83,0.869991270359606,2.98023223876953E-03
1,2.84,0.873324570246041,1.19209289550781E-03
1,2.85,0.876657870132476,0
1,2.86,0.879991170018911,-2.38418579101563E-03
1,2.87,0.883324469905347,0
1,2.88,0.886657769791782,0
1,2.89,0.889991069678217,0
1,2.9,0.893324369564652,5.96046447753906E-04
1,2.91,0.896657669451088,0
1,2.92,0.899990969337523,0
1,2.93,0.903324269223958,1.19209289550781E-03
1,2.94,0.906657569110394,4.17232513427734E-03
1,2.95,0.909990868996829,5.36441802978516E-03
1,2.96,0.913324168883264,9.5367431640625E-03
1,2.97,0.916657468769699,7.15255737304688E-03
1,2.98,0.919990768656135,7.74860382080078E-03
1,2.99,0.92332406854257,5.36441802978516E-03
1,3,0.926657368429005,9.5367431640625E-03
1,3.01,0.92999066831544,7.15255737304688E-03
1,3.02,0.933323968201876,1.01327896118164E-02
1,3.03,0.936657268088311,5.36441802978516E-03
1,3.04,0.939990567974746,8.34465026855469E-03
1,3.05,0.943323867861182,9.5367431640625E-03
1,3.06,0.946657167747617,5.36441802978516E-03
1,3.07,0.949990467634052,0.012516975402832
1,3.08,0.953323767520487,1.01327896118164E-02
1,3.09,0.956657067406923,9.5367431640625E-03
1,3.1,0.959990367293358,8.94069671630859E-03
1,3.11,0.963323667179793,7.15255737304688E-03
1,3.12,0.966656967066228,6.55651092529297E-03
1,3.13,0.969990266952664,5.96046447753906E-03
1,3.14,0.973323566839099,4.17232513427734E-03
1,3.15,0.976656866725534,2.98023223876953E-03
1,3.16,0.979990166611969,2.98023223876953E-03
1,3.17,0.983323466498405,2.38418579101563E-03
1,3.18,0.98665676638484,5.96046447753906E-04
1,3.19,0.989990066271275,1.19209289550781E-03
1,3.2,0.993323366157711,1.78813934326172E-03
1,3.21,0.996656666044146,1.78813934326172E-03
1,3.22,0.999989965930581,2.38418579101563E-03
1,3.23,1.00332326581702,1.78813934326172E-03
1,3.24,1.00665656570345,1.19209289550781E-03
1,3.25,1.00998986558989,-4.17232513427734E-03
1,3.26,1.01332316547632,-5.36441802978516E-03
1,3.27,1.01665646536276,-5.36441802978516E-03
1,3.28,1.01998976524919,-8.34465026855469E-03
1,3.29,1.02332306513563,-7.74860382080078E-03
1,3.3,1.02665636502206,-7.74860382080078E-03
1,3.31,1.0299896649085,-5.36441802978516E-03
1,3.32,1.03332296479493,-5.96046447753906E-03
1,3.33,1.03665626468137,-1.01327896118164E-02
1,3.34,1.0399895645678,-1.07288360595703E-02
1,3.35,1.04332286445424,-8.94069671630859E-03
1,3.36,1.04665616434067,-9.5367431640625E-03
1,3.37,1.04998946422711,-1.01327896118164E-02
1,3.38,1.05332276411355,-1.31130218505859E-02
1,3.39,1.05665606399998,-1.66893005371094E-02
1,3.4,1.05998936388642,-1.78813934326172E-02
1,3.41,1.06332266377285,-2.02655792236328E-02
1,3.42,1.06665596365929,-1.66893005371094E-02
1,3.43,1.06998926354572,-1.54972076416016E-02
1,3.44,1.07332256343216,-1.19209289550781E-02
1,3.45,1.07665586331859,-1.01327896118164E-02
1,3.46,1.07998916320503,-1.07288360595703E-02
1,3.47,1.08332246309146,-1.01327896118164E-02
1,3.48,1.0866557629779,-7.74860382080078E-03
1,3.49,1.08998906286433,-8.34465026855469E-03
1,3.5,1.09332236275077,-8.94069671630859E-03
1,3.51,1.0966556626372,-1.01327896118164E-02
1,3.52,1.09998896252364,-1.07288360595703E-02
1,3.53,1.10332226241007,-1.07288360595703E-02
1,3.54,1.10665556229651,-9.5367431640625E-03
1,3.55,1.10998886218295,-0.012516975402832
1,3.56,1.11332216206938,-1.07288360595703E-02
1,3.57,1.11665546195582,-8.94069671630859E-03
1,3.58,1.11998876184225,-1.19209289550781E-02
1,3.59,1.12332206172869,-8.94069671630859E-03
1,3.6,1.12665536161512,-9.5367431640625E-03
1,3.61,1.12998866150156,-8.34465026855469E-03
1,3.62,1.13332196138799,-1.31130218505859E-02
1,3.63,1.13665526127443,-1.43051147460938E-02
1,3.64,1.13998856116086,-1.49011611938477E-02
1,3.65,1.1433218610473,-1.49011611938477E-02
1,3.66,1.14665516093373,-1.13248825073242E-02
1,3.67,1.14998846082017,-1.37090682983398E-02
1,3.68,1.1533217607066,-1.31130218505859E-02
1,3.69,1.15665506059304,-1.07288360595703E-02
1,3.7,1.15998836047947,-7.74860382080078E-03
1,3.71,1.16332166036591,-1.07288360595703E-02
1,3.72,1.16665496025234,-6.55651092529297E-03
1,3.73,1.16998826013878,-5.96046447753906E-03
1,3.74,1.17332156002522,-4.17232513427734E-03
1,3.75,1.17665485991165,-7.15255737304688E-03
1,3.76,1.17998815979809,-6.55651092529297E-03
1,3.77,1.18332145968452,-1.01327896118164E-02
1,3.78,1.18665475957096,-9.5367431640625E-03
1,3.79,1.18998805945739,-6.55651092529297E-03
1,3.8,1.19332135934383,-1.07288360595703E-02
1,3.81,1.19665465923026,-1.01327896118164E-02
1,3.82,1.1999879591167,-0.012516975402832
1,3.83,1.20332125900313,-1.49011611938477E-02
1,3.84,1.20665455888957,-1.78813934326172E-02
1,3.85,1.209987858776,-1.72853469848633E-02
1,3.86,1.21332115866244,-1.31130218505859E-02
1,3.87,1.21665445854887,-1.37090682983398E-02
1,3.88,1.21998775843531,-1.13248825073242E-02
1,3.89,1.22332105832174,-1.13248825073242E-02
1,3.9,1.22665435820818,-8.34465026855469E-03
1,3.91,1.22998765809461,-1.07288360595703E-02
1,3.92,1.23332095798105,-6.55651092529297E-03
1,3.93,1.23665425786749,-1.13248825073242E-02
1,3.94,1.23998755775392,-1.54972076416016E-02
1,3.95,1.24332085764036,-1.31130218505859E-02
1,3.96,1.24665415752679,-1.60932540893555E-02
1,3.97,1.24998745741323,-1.43051147460938E-02
1,3.98,1.25332075729966,-1.49011611938477E-02
1,3.99,1.25998735707253,-1.72853469848633E-02
1,4,1.26332065695897,-1.43051147460938E-02
1,4.02,1.2666539568454,-1.60932540893555E-02
1,4.03,1.26998725673184,-0.019073486328125
1,4.04,1.27665385650471,-1.78813934326172E-02
1,4.05,1.27998715639114,-1.60932540893555E-02
1,4.07,1.28332045627758,-2.02655792236328E-02
1,4.08,1.28998705605045,-1.96695327758789E-02
1,4.09,1.29332035593688,-1.54972076416016E-02
1,4.1,1.29665365582332,-1.54972076416016E-02
1,4.11,1.29998695570976,-1.84774398803711E-02
1,4.13,1.30332025559619,-2.14576721191406E-02
1,4.14,1.30998685536906,-2.20537185668945E-02
1,4.15,1.3133201552555,-2.20537185668945E-02
1,4.16,1.31665345514193,-1.96695327758789E-02
1,4.17,1.31998675502837,-2.02655792236328E-02
1,4.18,1.3233200549148,-1.72853469848633E-02
1,4.19,1.32665335480124,-1.78813934326172E-02
1,4.2,1.32998665468767,-0.012516975402832
1,4.21,1.33331995457411,-1.37090682983398E-02
1,4.22,1.33665325446054,-8.34465026855469E-03
1,4.23,1.33998655434698,-1.07288360595703E-02
1,4.24,1.34331985423341,-1.07288360595703E-02
1,4.25,1.34665315411985,-1.07288360595703E-02
1,4.26,1.34998645400628,-7.74860382080078E-03
1,4.27,1.35331975389272,-5.96046447753906E-03
1,4.28,1.35665305377916,-4.76837158203125E-03
1,4.29,1.35998635366559,-7.74860382080078E-03
1,4.3,1.36331965355203,-1.07288360595703E-02
1,4.31,1.36665295343846,-0.012516975402832
1,4.32,1.3699862533249,-1.43051147460938E-02
1,4.33,1.37331955321133,-1.37090682983398E-02
1,4.34,1.37665285309777,-1.43051147460938E-02
1,4.35,1.3799861529842,-1.43051147460938E-02
1,4.36,1.38331945287064,-1.31130218505859E-02
1,4.37,1.38665275275707,-1.66893005371094E-02
1,4.38,1.38998605264351,-1.07288360595703E-02
1,4.39,1.39331935252994,-1.13248825073242E-02
1,4.4,1.39665265241638,-0.012516975402832
1,4.41,1.39998595230281,-1.07288360595703E-02
1,4.42,1.40331925218925,-8.94069671630859E-03
1,4.43,1.40665255207568,-1.19209289550781E-02
1,4.44,1.40998585196212,-8.94069671630859E-03
1,4.45,1.41331915184855,-6.55651092529297E-03
1,4.46,1.41665245173499,-7.15255737304688E-03
1,4.47,1.41998575162143,-8.94069671630859E-03
1,4.48,1.42331905150786,-7.74860382080078E-03
1,4.49,1.4266523513943,-9.5367431640625E-03
1,4.5,1.42998565128073,-5.96046447753906E-03
1,4.51,1.43331895116717,-5.36441802978516E-03
1,4.52,1.4366522510536,-5.96046447753906E-03
1,4.53,1.43998555094004,-6.55651092529297E-03
1,4.54,1.44331885082647,-6.55651092529297E-03
1,4.55,1.44665215071291,-6.55651092529297E-03
1,4.56,1.44998545059934,-7.74860382080078E-03
1,4.57,1.45331875048578,-5.96046447753906E-03
1,4.58,1.45665205037221,-7.74860382080078E-03
1,4.59,1.45998535025865,-3.57627868652344E-03
1,4.6,1.46331865014508,-8.34465026855469E-03
1,4.61,1.46665195003152,-8.34465026855469E-03
1,4.62,1.46998524991795,-8.34465026855469E-03
1,4.63,1.47331854980439,-9.5367431640625E-03
1,4.64,1.47665184969082,-7.15255737304688E-03
1,4.65,1.47998514957726,-1.01327896118164E-02
1,4.66,1.4833184494637,-8.34465026855469E-03
1,4.67,1.48665174935013,-1.01327896118164E-02
1,4.68,1.48998504923657,-1.07288360595703E-02
1,4.69,1.493318349123,-1.19209289550781E-02
1,4.7,1.49665164900944,-8.34465026855469E-03
1,4.71,1.49998494889587,-1.19209289550781E-02
1,4.72,1.50331824878231,-1.31130218505859E-02
1,4.73,1.50665154866874,-1.43051147460938E-02
1,4.74,1.50998484855518,-1.13248825073242E-02
1,4.75,1.51331814844161,-1.07288360595703E-02
1,4.76,1.51665144832805,-5.96046447753906E-03
1,4.77,1.51998474821448,-1.31130218505859E-02
1,4.78,1.52331804810092,-5.36441802978516E-03
1,4.79,1.52665134798735,-5.96046447753906E-03
1,4.8,1.52998464787379,-3.57627868652344E-03
1,4.81,1.53331794776022,-2.98023223876953E-03
1,4.82,1.53665124764666,-5.96046447753906E-04
1,4.83,1.53998454753309,-5.96046447753906E-04
1,4.84,1.54331784741953,1.19209289550781E-03
1,4.85,1.54665114730597,0
1,4.86,1.5499844471924,1.78813934326172E-03
1,4.87,1.55331774707884,4.17232513427734E-03
1,4.88,1.55665104696527,1.13248825073242E-02
1,4.89,1.55998434685171,1.19209289550781E-02
1,4.9,1.56331764673814,1.96695327758789E-02
1,4.91,1.56665094662458,2.08616256713867E-02
1,4.92,1.56998424651101,2.68220901489258E-02
1,4.93,1.57331754639745,3.21865081787109E-02
1,4.94,1.57665084628388,3.99351119995117E-02
1,4.95,1.57998414617032,4.82797622680664E-02
1,4.96,1.58331744605675,5.60283660888672E-02
1,4.97,1.58665074594319,6.49690628051758E-02
1,4.98,1.58998404582962,8.04662704467773E-02
1,4.99,1.59331734571606,9.23871994018555E-02
1,5,1.59665064560249,0.107288360595703
1,5.01,1.59998394548893,0.116825103759766
1,5.02,1.60331724537537,0.132918357849121
1,5.03,1.6066505452618,0.144243240356445
1,5.04,1.60998384514824,0.157356262207031
1,5.05,1.61331714503467,0.172257423400879
1,5.06,1.61665044492111,0.186562538146973
1,5.07,1.61998374480754,0.195503234863281
1,5.08,1.62331704469398,0.208020210266113
1,5.09,1.62665034458041,0.221729278564453
1,5.1,1.62998364446685,0.237226486206055
1,5.11,1.63331694435328,0.249147415161133
1,5.12,1.63665024423972,0.267624855041504
1,5.13,1.63998354412615,0.279545783996582
1,5.14,1.64331684401259,0.295042991638184
1,5.15,1.64665014389902,0.306367874145508
1,5.16,1.64998344378546,0.324249267578125
1,5.17,1.65331674367189,0.340938568115234
1,5.18,1.65665004355833,0.353455543518066
1,5.19,1.65998334344476,0.367164611816406
1,5.2,1.6633166433312,0.382661819458008
1,5.21,1.66664994321764,0.402331352233887
1,5.22,1.66998324310407,0.41663646697998
1,5.23,1.67331654299051,0.430941581726074
1,5.24,1.67664984287694,0.451803207397461
1,5.25,1.67998314276338,0.47147274017334
1,5.26,1.68331644264981,0.487565994262695
1,5.27,1.68664974253625,0.507831573486328
1,5.28,1.68998304242268,0.524520874023438
1,5.29,1.69331634230912,0.545978546142578
1,5.3,1.69664964219555,0.563263893127441
1,5.31,1.69998294208199,0.581741333007813
1,5.32,1.70331624196842,0.59962272644043
1,5.33,1.70664954185486,0.614523887634277
1,5.34,1.70998284174129,0.633001327514648
1,5.35,1.71331614162773,0.649094581604004
1,5.36,1.71664944151416,0.665783882141113
1,5.37,1.7199827414006,0.680685043334961
1,5.38,1.72331604128703,0.69737434387207
1,5.39,1.72664934117347,0.710487365722656
1,5.4,1.72998264105991,0.724196434020996
1,5.41,1.73331594094634,0.739693641662598
1,5.42,1.73664924083278,0.753998756408691
1,5.43,1.73998254071921,0.767111778259277
1,5.44,1.74331584060565,0.785589218139648
1,5.45,1.74664914049208,0.801682472229004
1,5.46,1.74998244037852,0.820159912109375
1,5.47,1.75331574026495,0.837445259094238
1,5.48,1.75664904015139,0.853538513183594
1,5.49,1.75998234003782,0.873208045959473
1,5.5,1.76331563992426,0.886321067810059
1,5.51,1.76664893981069,0.90479850769043
1,5.52,1.76998223969713,0.91850757598877
1,5.53,1.77331553958356,0.933408737182617
1,5.54,1.77664883947,0.952482223510742
1,5.55,1.77998213935643,0.963211059570313
1,5.56,1.78331543924287,0.981688499450684
1,5.57,1.7866487391293,0.994205474853516
1,5.58,1.78998203901574,1.01268291473389
1,5.59,1.79331533890218,1.02341175079346
1,5.6,1.79664863878861,1.03592872619629
1,5.61,1.79998193867505,1.05082988739014
1,5.62,1.80331523856148,1.06096267700195
1,5.63,1.80664853844792,1.07526779174805
1,5.64,1.80998183833435,1.08540058135986
1,5.65,1.81331513822079,1.09672546386719
1,5.66,1.81664843810722,1.10983848571777
1,5.67,1.81998173799366,1.12473964691162
1,5.68,1.82331503788009,1.13725662231445
1,5.69,1.82664833776653,1.15096569061279
1,5.7,1.82998163765296,1.1676549911499
1,5.71,1.8333149375394,1.1831521987915
1,5.72,1.83664823742583,1.19566917419434
1,5.73,1.83998153731227,1.21116638183594
1,5.74,1.8433148371987,1.22725963592529
1,5.75,1.84664813708514,1.24216079711914
1,5.76,1.84998143697158,1.26302242279053
1,5.77,1.85331473685801,1.27673149108887
1,5.78,1.85664803674445,1.29163265228271
1,5.79,1.85998133663088,1.30593776702881
1,5.8,1.86331463651732,1.32083892822266
1,5.81,1.86664793640375,1.33931636810303
1,5.82,1.86998123629019,1.35600566864014
1,5.83,1.87331453617662,1.36971473693848
1,5.84,1.87664783606306,1.38461589813232
1,5.85,1.87998113594949,1.39832496643066
1,5.86,1.88331443583593,1.41263008117676
1,5.87,1.88664773572236,1.42753124237061
1,5.88,1.8899810356088,1.44481658935547
1,5.89,1.89331433549523,1.46150588989258
1,5.9,1.89664763538167,1.47461891174316
1,5.91,1.8999809352681,1.49548053741455
1,5.92,1.90331423515454,1.5103816986084
1,5.93,1.90664753504097,1.52945518493652
1,5.94,1.90998083492741,1.54674053192139
1,5.95,1.91331413481385,1.56104564666748
1,5.96,1.91664743470028,1.57952308654785
1,5.97,1.91998073458672,1.5944242477417
1,5.98,1.92331403447315,1.6099214553833
1,5.99,1.92664733435959,1.6254186630249
1,6,1.92998063424602,1.6409158706665
1,6.01,1.93331393413246,1.65939331054688
1,6.02,1.93664723401889,1.67250633239746
1,6.03,1.93998053390533,1.68681144714355
1,6.04,1.94331383379176,1.69873237609863
1,6.05,1.9466471336782,1.71542167663574
1,6.06,1.94998043356463,1.73211097717285
1,6.07,1.95331373345107,1.74820423126221
1,6.08,1.9566470333375,1.75833702087402
1,6.09,1.95998033322394,1.77264213562012
1,6.1,1.96331363311037,1.7845630645752
1,6.11,1.96664693299681,1.8000602722168
1,6.12,1.96998023288324,1.81376934051514
1,6.13,1.97331353276968,1.82747840881348
1,6.14,1.97664683265612,1.84535980224609
1,6.15,1.97998013254255,1.85966491699219
1,6.16,1.98331343242899,1.87098979949951
1,6.17,1.98664673231542,1.88708305358887
1,6.18,1.98998003220186,1.90794467926025
1,6.19,1.99331333208829,1.92046165466309
1,6.2,1.99664663197473,1.93953514099121
1,6.21,1.99997993186116,1.95324420928955
1,6.22,2.0033132317476,1.97231769561768
1,6.23,2.00664653163403,1.99079513549805
1,6.24,2.00997983152047,2.01046466827393
1,6.25,2.0133131314069,2.0301342010498
1,6.26,2.01664643129334,2.0444393157959
1,6.27,2.01997973117977,2.06530094146729
1,6.28,2.02331303106621,2.08199024200439
1,6.29,2.02664633095264,2.09808349609375
1,6.3,2.02997963083908,2.11596488952637
1,6.31,2.03331293072552,2.13384628295898
1,6.32,2.03664623061195,2.1517276763916
1,6.33,2.03997953049839,2.16305255889893
1,6.34,2.04331283038482,2.17795372009277
1,6.35,2.04664613027126,2.19345092773438
1,6.36,2.04997943015769,2.21073627471924
1,6.37,2.05331273004413,2.22444534301758
1,6.38,2.05664602993056,2.24411487579346
1,6.39,2.059979329817,2.25961208343506
1,6.4,2.06331262970343,2.27391719818115
1,6.41,2.06664592958987,2.29120254516602
1,6.42,2.0699792294763,2.30669975280762
1,6.43,2.07331252936274,2.32577323913574
1,6.44,2.07664582924917,2.33650207519531
1,6.45,2.07997912913561,2.34782695770264
1,6.46,2.08331242902204,2.36332416534424
1,6.47,2.08664572890848,2.37822532653809
1,6.48,2.08997902879491,2.39193439483643
1,6.49,2.09331232868135,2.40623950958252
1,6.5,2.09664562856779,2.42352485656738
1,6.51,2.09997892845422,2.43902206420898
1,6.52,2.10331222834066,2.45332717895508
1,6.53,2.10664552822709,2.4712085723877
1,6.54,2.10997882811353,2.48551368713379
1,6.55,2.11331212799996,2.50458717346191
1,6.56,2.1166454278864,2.51710414886475
1,6.57,2.11997872777283,2.53856182098389
1,6.58,2.12331202765927,2.555251121521
1,6.59,2.1266453275457,2.56896018981934
1,6.6,2.12997862743214,2.58743762969971
1,6.61,2.13331192731857,2.59995460510254
1,6.62,2.13664522720501,2.61664390563965
1,6.63,2.13997852709144,2.6315450668335
1,6.64,2.14331182697788,2.64644622802734
1,6.65,2.14664512686431,2.66075134277344
1,6.66,2.14997842675075,2.67684459686279
1,6.67,2.15331172663718,2.69591808319092
1,6.68,2.15664502652362,2.71081924438477
1,6.69,2.15997832641006,2.72452831268311
1,6.7,2.16331162629649,2.73942947387695
1,6.71,2.16664492618293,2.75611877441406
1,6.72,2.16997822606936,2.76803970336914
1,6.73,2.1733115259558,2.78353691101074
1,6.74,2.17664482584223,2.79605388641357
1,6.75,2.17997812572867,2.81155109405518
1,6.76,2.1833114256151,2.82943248748779
1,6.77,2.18664472550154,2.84373760223389
1,6.78,2.18997802538797,2.86102294921875
1,6.79,2.19331132527441,2.87890434265137
1,6.8,2.19664462516084,2.89440155029297
1,6.81,2.19997792504728,2.90870666503906
1,6.82,2.20331122493371,2.92181968688965
1,6.83,2.20664452482015,2.93731689453125
1,6.84,2.20997782470658,2.9522180557251
1,6.85,2.21331112459302,2.96711921691895
1,6.86,2.21664442447945,2.97904014587402
1,6.87,2.21997772436589,2.99036502838135
1,6.88,2.22331102425233,3.00943851470947
1,6.89,2.22664432413876,3.0207633972168
1,6.9,2.2299776240252,3.03685665130615
1,6.91,2.23331092391163,3.0517578125
1,6.92,2.23664422379807,3.06785106658936
1,6.93,2.2399775236845,3.08036804199219
1,6.94,2.24331082357094,3.09765338897705
1,6.95,2.24664412345737,3.11315059661865
1,6.96,2.24997742334381,3.13162803649902
1,6.97,2.25331072323024,3.14950942993164
1,6.98,2.25664402311668,3.16381454467773
1,6.99,2.25997732300311,3.17990779876709
1,7,2.26331062288955,3.19480895996094
1,7.01,2.26664392277598,3.21269035339355
1,7.02,2.26997722266242,3.22461128234863
1,7.03,2.27331052254885,3.24368476867676
1,7.04,2.27664382243529,3.25679779052734
1,7.05,2.27997712232172,3.27706336975098
1,7.06,2.28331042220816,3.28898429870605
1,7.07,2.2866437220946,3.30805778503418
1,7.08,2.28997702198103,3.32117080688477
1,7.09,2.29331032186747,3.33964824676514
1,7.1,2.2966436217539,3.35335731506348
1,7.11,2.29997692164034,3.37123870849609
1,7.12,2.30331022152677,3.38852405548096
1,7.13,2.30664352141321,3.4022331237793
1,7.14,2.30997682129964,3.42130661010742
1,7.15,2.31331012118608,3.43859195709229
1,7.16,2.31664342107251,3.45766544342041
1,7.17,2.31997672095895,3.4719705581665
1,7.18,2.32331002084538,3.48567962646484
1,7.19,2.32664332073182,3.49998474121094
1,7.2,2.32997662061825,3.51130962371826
1,7.21,2.33330992050469,3.52859497070313
1,7.22,2.33664322039112,3.54528427124023
1,7.23,2.33997652027756,3.5625696182251
1,7.24,2.343309820164,3.57508659362793
1,7.25,2.34664312005043,3.58998775482178
1,7.26,2.34997641993687,3.60846519470215
1,7.27,2.3533097198233,3.623366355896
1,7.28,2.35664301970974,3.6388635635376
1,7.29,2.35997631959617,3.65555286407471
1,7.3,2.36330961948261,3.66449356079102
1,7.31,2.36664291936904,3.68058681488037
1,7.32,2.36997621925548,3.69668006896973
1,7.33,2.37664281902835,3.7074089050293
1,7.34,2.37997611891478,3.71992588043213
1,7.36,2.38330941880122,3.74853610992432
1,7.37,2.38664271868765,3.76403331756592
1,7.38,2.38997601857409,3.78072261810303
1,7.39,2.39664261834696,3.79085540771484
1,7.4,2.39997591823339,3.80933284759521
1,7.42,2.40330921811983,3.83853912353516
1,7.43,2.4099758178927,3.85284423828125
1,7.44,2.41330911777914,3.86893749237061
1,7.45,2.41664241766557,3.8832426071167
1,7.46,2.41997571755201,3.89695167541504
1,7.48,2.42664231732488,3.92794609069824
1,7.49,2.42997561721131,3.93927097320557
1,7.5,2.43330891709775,3.95655632019043
1,7.51,2.43664221698418,3.97145748138428
1,7.52,2.43997551687062,3.98457050323486
1,7.53,2.44330881675705,4.00185585021973
1,7.54,2.44664211664349,4.01973724365234
1,7.55,2.44997541652992,4.03940677642822
1,7.56,2.45330871641636,4.06026840209961
1,7.57,2.45664201630279,4.07695770263672
1,7.58,2.45997531618923,4.09603118896484
1,7.59,2.46330861607566,4.11331653594971
1,7.6,2.4666419159621,4.12881374359131
1,7.61,2.46997521584854,4.14609909057617
1,7.62,2.47330851573497,4.16159629821777
1,7.63,2.47664181562141,4.17768955230713
1,7.64,2.47997511550784,4.18901443481445
1,7.65,2.48330841539428,4.2116641998291
1,7.66,2.48664171528071,4.22418117523193
1,7.67,2.48997501516715,4.24206256866455
1,7.68,2.49330831505358,4.25875186920166
1,7.69,2.49664161494002,4.27782535552979
1,7.7,2.49997491482645,4.29034233093262
1,7.71,2.50330821471289,4.30643558502197
1,7.72,2.50664151459932,4.31835651397705
1,7.73,2.50997481448576,4.33504581451416
1,7.74,2.51330811437219,4.34756278991699
1,7.75,2.51664141425863,4.3642520904541
1,7.76,2.51997471414506,4.38034534454346
1,7.77,2.5233080140315,4.39345836639404
1,7.78,2.52664131391793,4.40895557403564
1,7.79,2.52997461380437,4.42326068878174
1,7.8,2.53330791369081,4.43756580352783
1,7.81,2.53664121357724,4.45425510406494
1,7.82,2.53997451346368,4.46856021881104
1,7.83,2.54330781335011,4.48346138000488
1,7.84,2.54664111323655,4.49776649475098
1,7.85,2.54997441312298,4.5090913772583
1,7.86,2.55330771300942,4.52697277069092
1,7.87,2.55664101289585,4.54366207122803
1,7.88,2.55997431278229,4.55558300018311
1,7.89,2.56330761266872,4.57167625427246
1,7.9,2.56664091255516,4.58657741546631
1,7.91,2.56997421244159,4.6008825302124
1,7.92,2.57330751232803,4.61876392364502
1,7.93,2.57664081221446,4.63724136352539
1,7.94,2.5799741121009,4.6539306640625
1,7.95,2.58330741198733,4.66704368591309
1,7.96,2.58664071187377,4.6837329864502
1,7.97,2.58997401176021,4.69863414764404
1,7.98,2.59330731164664,4.71770763397217
1,7.99,2.59664061153308,4.73141670227051
1,8,2.59997391141951,4.74631786346436
1,8.01,2.60330721130595,4.75585460662842
1,8.02,2.60664051119238,4.77194786071777
1,8.03,2.60997381107882,4.78446483612061
1,8.04,2.61330711096525,4.79757785797119
1,8.05,2.61664041085169,4.81069087982178
1,8.06,2.61997371073812,4.82320785522461
1,8.07,2.62330701062456,4.83274459838867
1,8.08,2.62664031051099,4.84943389892578
1,8.09,2.62997361039743,4.86552715301514
1,8.1,2.63330691028386,4.88102436065674
1,8.11,2.6366402101703,4.89413738250732
1,8.12,2.63997351005673,4.90665435791016
1,8.13,2.64330680994317,4.921555519104
1,8.14,2.6466401098296,4.93288040161133
1,8.15,2.64997340971604,4.95254993438721
1,8.16,2.65330670960248,4.96625900268555
1,8.17,2.65664000948891,4.98473644256592
1,8.18,2.65997330937535,4.99904155731201
1,8.19,2.66330660926178,5.01751899719238
1,8.2,2.66663990914822,5.03361225128174
1,8.21,2.66997320903465,5.05268573760986
1,8.22,2.67330650892109,5.06877899169922
1,8.23,2.67663980880752,5.0806999206543
1,8.24,2.67997310869396,5.10096549987793
1,8.25,2.68330640858039,5.11765480041504
1,8.26,2.68663970846683,5.1349401473999
1,8.27,2.68997300835326,5.14805316925049
1,8.28,2.6933063082397,5.16712665557861
1,8.29,2.69663960812613,5.18321990966797
1,8.3,2.69997290801257,5.19871711730957
1,8.31,2.703306207899,5.21302223205566
1,8.32,2.70663950778544,5.23209571838379
1,8.33,2.70997280767187,5.24520874023438
1,8.34,2.71330610755831,5.26130199432373
1,8.35,2.71663940744475,5.27501106262207
1,8.36,2.71997270733118,5.28633594512939
1,8.37,2.72330600721762,5.29646873474121
1,8.38,2.72663930710405,5.31017780303955
1,8.39,2.72997260699049,5.32209873199463
1,8.4,2.73330590687692,5.33819198608398
1,8.41,2.73663920676336,5.3483247756958
1,8.42,2.73997250664979,5.36203384399414
1,8.43,2.74330580653623,5.3715705871582
1,8.44,2.74663910642266,5.38289546966553
1,8.45,2.7499724063091,5.39541244506836
1,8.46,2.75330570619553,5.40733337402344
1,8.47,2.75663900608197,5.42163848876953
1,8.48,2.7599723059684,5.43117523193359
1,8.49,2.76330560585484,5.44488430023193
1,8.5,2.76663890574127,5.454421043396
1,8.51,2.76997220562771,5.46514987945557
1,8.52,2.77330550551414,5.47647476196289
1,8.53,2.77663880540058,5.48660755157471
1,8.54,2.77997210528702,5.49733638763428
1,8.55,2.78330540517345,5.50389289855957
1,8.56,2.78663870505989,5.51998615264893
1,8.57,2.78997200494632,5.53011894226074
1,8.58,2.79330530483276,5.54323196411133
1,8.59,2.79663860471919,5.55098056793213
1,8.6,2.79997190460563,5.56290149688721
1,8.61,2.80330520449206,5.57422637939453
1,8.62,2.8066385043785,5.58555126190186
1,8.63,2.80997180426493,5.60104846954346
1,8.64,2.81330510415137,5.61356544494629
1,8.65,2.8166384040378,5.62548637390137
1,8.66,2.81997170392424,5.63979148864746
1,8.67,2.82330500381067,5.65230846405029
1,8.68,2.82663830369711,5.66482543945313
1,8.69,2.82997160358354,5.68032264709473
1,8.7,2.83330490346998,5.6922435760498
1,8.71,2.83663820335642,5.70893287658691
1,8.72,2.83997150324285,5.71846961975098
1,8.73,2.84330480312929,5.72741031646729
1,8.74,2.84663810301572,5.73575496673584
1,8.75,2.84997140290216,5.74946403503418
1,8.76,2.85330470278859,5.76376914978027
1,8.77,2.85663800267503,5.77449798583984
1,8.78,2.85997130256146,5.78403472900391
1,8.79,2.8633046024479,5.79595565795898
1,8.8,2.86663790233433,5.80906867980957
1,8.81,2.86997120222077,5.82098960876465
1,8.82,2.8733045021072,5.83469867706299
1,8.83,2.87663780199364,5.84900379180908
1,8.84,2.87997110188007,5.86271286010742
1,8.85,2.88330440176651,5.87582588195801
1,8.86,2.88663770165294,5.88834285736084
1,8.87,2.88997100153938,5.90026378631592
1,8.88,2.89330430142581,5.91039657592773
1,8.89,2.89663760131225,5.92410564422607
1,8.9,2.89997090119869,5.93721866607666
1,8.91,2.90330420108512,5.94735145568848
1,8.92,2.90663750097156,5.96046447753906
1,8.93,2.90997080085799,5.97476959228516
1,8.94,2.91330410074443,5.98430633544922
1,8.95,2.91663740063086,5.9974193572998
1,8.96,2.9199707005173,6.00636005401611
1,8.97,2.92330400040373,6.02304935455322
1,8.98,2.92663730029017,6.03616237640381
1,8.99,2.9299706001766,6.05106353759766
1,9,2.93330390006304,6.06298446655273
1,9.01,2.93663719994947,6.07430934906006
1,9.02,2.93997049983591,6.09099864959717
1,9.03,2.94330379972234,6.10649585723877
1,9.04,2.94663709960878,6.12378120422363
1,9.05,2.94997039949521,6.13868236541748
1,9.06,2.95330369938165,6.15537166595459
1,9.07,2.95663699926808,6.16967678070068
1,9.08,2.95997029915452,6.18577003479004
1,9.09,2.96330359904096,6.20365142822266
1,9.1,2.96663689892739,6.21974468231201
1,9.11,2.96997019881383,6.23583793640137
1,9.12,2.97330349870026,6.256103515625
1,9.13,2.9766367985867,6.26921653747559
1,9.14,2.97997009847313,6.28530979156494
1,9.15,2.98330339835957,6.29961490631104
1,9.16,2.986636698246,6.31451606750488
1,9.17,2.98996999813244,6.33001327514648
1,9.18,2.99330329801887,6.34849071502686
1,9.19,2.99663659790531,6.36041164398193
1,9.2,2.99996989779174,6.37650489807129
1,9.21,3.00330319767818,6.38961791992188
1,9.22,3.00663649756461,6.4009428024292
1,9.23,3.00996979745105,6.42180442810059
1,9.24,3.01330309733748,6.43312931060791
1,9.25,3.01663639722392,6.44803047180176
1,9.26,3.01996969711035,6.45816326141357
1,9.27,3.02330299699679,6.47246837615967
1,9.28,3.02663629688323,6.48021697998047
1,9.29,3.02996959676966,6.49094581604004
1,9.3,3.0333028966561,6.50227069854736
1,9.31,3.03663619654253,6.5082311630249
1,9.32,3.03996949642897,6.51657581329346
1,9.33,3.0433027963154,6.52551651000977
1,9.34,3.04663609620184,6.53564929962158
1,9.35,3.04996939608827,6.54757022857666
1,9.36,3.05330269597471,6.56068325042725
1,9.37,3.05663599586114,6.57141208648682
1,9.38,3.05996929574758,6.58750534057617
1,9.39,3.06330259563401,6.59823417663574
1,9.4,3.06663589552045,6.61313533782959
1,9.41,3.06996919540688,6.63220882415771
1,9.42,3.07330249529332,6.64412975311279
1,9.43,3.07663579517975,6.66260719299316
1,9.44,3.07996909506619,6.6763162612915
1,9.45,3.08330239495263,6.69300556182861
1,9.46,3.08663569483906,6.71207904815674
1,9.47,3.0899689947255,6.72876834869385
1,9.48,3.09330229461193,6.74605369567871
1,9.49,3.09663559449837,6.76393508911133
1,9.5,3.0999688943848,6.77764415740967
1,9.51,3.10330219427124,6.78598880767822
1,9.52,3.10663549415767,6.80863857269287
1,9.53,3.10996879404411,6.82175159454346
1,9.54,3.11330209393054,6.83486461639404
1,9.55,3.11663539381698,6.84618949890137
1,9.56,3.11996869370341,6.86287879943848
1,9.57,3.12330199358985,6.87003135681152
1,9.58,3.12663529347628,6.88016414642334
1,9.59,3.12996859336272,6.89268112182617
1,9.6,3.13330189324915,6.89923763275146
1,9.61,3.13663519313559,6.91235065460205
1,9.62,3.13996849302202,6.92069530487061
1,9.63,3.14330179290846,6.93321228027344
1,9.64,3.1466350927949,6.94453716278076
1,9.65,3.14996839268133,6.95705413818359
1,9.66,3.15330169256777,6.9737434387207
1,9.67,3.1566349924542,6.98328018188477
1,9.68,3.15996829234064,6.99639320373535
1,9.69,3.16330159222707,7.00652599334717
1,9.7,3.16663489211351,7.01725482940674
1,9.71,3.16996819199994,7.03096389770508
1,9.72,3.17330149188638,7.04526901245117
1,9.73,3.17663479177281,7.05122947692871
1,9.74,3.17996809165925,7.06374645233154
1,9.75,3.18330139154568,7.06970691680908
1,9.76,3.18663469143212,7.08222389221191
1,9.77,3.18996799131855,7.09235668182373
1,9.78,3.19330129120499,7.10546970367432
1,9.79,3.19663459109142,7.11739063262939
1,9.8,3.19996789097786,7.1263313293457
1,9.81,3.20330119086429,7.14123249053955
1,9.82,3.20663449075073,7.15494155883789
1,9.83,3.20996779063717,7.16924667358398
1,9.84,3.2133010905236,7.18116760253906
1,9.85,3.21663439041004,7.19726085662842
1,9.86,3.21996769029647,7.2091817855835
1,9.87,3.22330099018291,7.21991062164307
1,9.88,3.22663429006934,7.23659992218018
1,9.89,3.22996758995578,7.25090503692627
1,9.9,3.23330088984221,7.26699829101563
1,9.91,3.23663418972865,7.28011131286621
1,9.92,3.23996748961508,7.2944164276123
1,9.93,3.24330078950152,7.30693340301514
1,9.94,3.24663408938795,7.32064247131348
1,9.95,3.24996738927439,7.33673572540283
1,9.96,3.25330068916082,7.34806060791016
1,9.97,3.25663398904726,7.36057758331299
1,9.98,3.25996728893369,7.37130641937256
1,9.99,3.26330058882013,7.38441944122314
1,10,3.26663388870656,7.39574432373047
1,10.01,3.269967188593,7.41124153137207
1,10.02,3.27330048847944,7.42495059967041
1,10.03,3.27663378836587,7.438063621521
1,10.04,3.27996708825231,7.45058059692383
1,10.05,3.28330038813874,7.46309757232666
1,10.06,3.28663368802518,7.47501850128174
1,10.07,3.28996698791161,7.49409198760986
1,10.08,3.29330028779805,7.51018524169922
1,10.09,3.29663358768448,7.52508640289307
1,10.1,3.29996688757092,7.53998756408691
1,10.11,3.30330018745735,7.55488872528076
1,10.12,3.30663348734379,7.57157802581787
1,10.13,3.30996678723022,7.58528709411621
1,10.14,3.31330008711666,7.5995922088623
1,10.15,3.31663338700309,7.61568546295166
1,10.16,3.31996668688953,7.62522220611572
1,10.17,3.32329998677596,7.63833522796631
1,10.18,3.3266332866624,7.65025615692139
1,10.19,3.32996658654884,7.66456127166748
1,10.2,3.33329988643527,7.6746940612793
1,10.21,3.33663318632171,7.68780708312988
1,10.22,3.33996648620814,7.69734382629395
1,10.23,3.34329978609458,7.70330429077148
1,10.24,3.34663308598101,7.71462917327881
1,10.25,3.34996638586745,7.72595405578613
1,10.26,3.35329968575388,7.73787498474121
1,10.27,3.35663298564032,7.74264335632324
1,10.28,3.35996628552675,7.7521800994873
1,10.29,3.36329958541319,7.75933265686035
1,10.3,3.36663288529962,7.76767730712891
1,10.31,3.36996618518606,7.77602195739746
1,10.32,3.37329948507249,7.78675079345703
1,10.33,3.37663278495893,7.79271125793457
1,10.34,3.37996608484536,7.80701637268066
1,10.35,3.3832993847318,7.81774520874023
1,10.36,3.38663268461823,7.82489776611328
1,10.37,3.38996598450467,7.83801078796387
1,10.38,3.39329928439111,7.84635543823242
1,10.39,3.39663258427754,7.85470008850098
1,10.4,3.39996588416398,7.86006450653076
1,10.41,3.40329918405041,7.87019729614258
1,10.42,3.40663248393685,7.87734985351563
1,10.43,3.40996578382328,7.88569450378418
1,10.44,3.41329908370972,7.89284706115723
1,10.45,3.41663238359615,7.895827293396
1,10.46,3.41996568348259,7.90596008300781
1,10.47,3.42329898336902,7.91370868682861
1,10.48,3.42663228325546,7.92086124420166
1,10.49,3.42996558314189,7.92801380157471
1,10.5,3.43329888302833,7.93337821960449
1,10.51,3.43663218291476,7.94112682342529
1,10.52,3.4399654828012,7.95304775238037
1,10.53,3.44329878268763,7.96496868133545
1,10.54,3.44663208257407,7.973313331604
1,10.55,3.4499653824605,7.99119472503662
1,10.56,3.45329868234694,7.99953937530518
1,10.57,3.45663198223338,8.00788402557373
1,10.58,3.45996528211981,8.01801681518555
1,10.59,3.46329858200625,8.02934169769287
1,10.6,3.46663188189268,8.04245471954346
1,10.61,3.46996518177912,8.05139541625977
1,10.62,3.47329848166555,8.06629657745361
1,10.63,3.47663178155199,8.07642936706543
1,10.64,3.47996508143842,8.08835029602051
1,10.65,3.48329838132486,8.10205936431885
1,10.66,3.48663168121129,8.1169605255127
1,10.67,3.48996498109773,8.1324577331543
1,10.68,3.49329828098416,8.14676284790039
1,10.69,3.49996488075703,8.16583633422852
1,10.71,3.50329818064347,8.19206237792969
1,10.72,3.5066314805299,8.2087516784668
1,10.73,3.50996478041634,8.22246074676514
1,10.74,3.51329808030277,8.23497772216797
1,10.75,3.51663138018921,8.24570655822754
1,10.76,3.51996468007565,8.26358795166016
1,10.77,3.52329797996208,8.27312469482422
1,10.78,3.52996457973495,8.28683376312256
1,10.8,3.53329787962139,8.31067562103271
1,10.81,3.53663117950782,8.31127166748047
1,10.82,3.53996447939426,8.31961631774902
1,10.83,3.54329777928069,8.32855701446533
1,10.84,3.54996437905356,8.33690166473389
1,10.85,3.55329767894,8.34941864013672
1,10.86,3.55663097882643,8.36193561553955
1,10.87,3.55996427871287,8.37504863739014
1,10.88,3.5632975785993,8.392333984375
1,10.89,3.56663087848574,8.40663909912109
1,10.91,3.57329747825861,8.44061374664307
1,10.92,3.57663077814505,8.45730304718018
1,10.93,3.57996407803148,8.47280025482178
1,10.94,3.58329737791792,8.48531723022461
1,10.95,3.58663067780435,8.50141048431396
1,10.96,3.58996397769079,8.5139274597168
1,10.97,3.59329727757722,8.52704048156738
1,10.98,3.59663057746366,8.5371732711792
1,10.99,3.59996387735009,8.54909420013428
1,11,3.60329717723653,8.55505466461182
1,11.01,3.60663047712296,8.56637954711914
1,11.02,3.6099637770094,8.5747241973877
1,11.03,3.61329707689583,8.58604907989502
1,11.04,3.61663037678227,8.59320163726807
1,11.05,3.6199636766687,8.60333442687988
1,11.06,3.62329697655514,8.61406326293945
1,11.07,3.62663027644157,8.62300395965576
1,11.08,3.62996357632801,8.63313674926758
1,11.09,3.63329687621445,8.64624977111816
1,11.1,3.63663017610088,8.65757465362549
1,11.11,3.63996347598732,8.66830348968506
1,11.12,3.64329677587375,8.67664813995361
1,11.13,3.64663007576019,8.69095325469971
1,11.14,3.64996337564662,8.7052583694458
1,11.15,3.65329667553306,8.71896743774414
1,11.16,3.65662997541949,8.72910022735596
1,11.17,3.65996327530593,8.7428092956543
1,11.18,3.66329657519236,8.75711441040039
1,11.19,3.6666298750788,8.76903533935547
1,11.2,3.66996317496523,8.78751277923584
1,11.21,3.67329647485167,8.79943370819092
1,11.22,3.6766297747381,8.81433486938477
1,11.23,3.67996307462454,8.82983207702637
1,11.24,3.68329637451097,8.84592533111572
1,11.25,3.68662967439741,8.86082649230957
1,11.26,3.68996297428384,8.87691974639893
1,11.27,3.69329627417028,8.89301300048828
1,11.28,3.69662957405671,8.90731811523438
1,11.29,3.69996287394315,8.92221927642822
1,11.3,3.70329617382959,8.93592834472656
1,11.31,3.70662947371602,8.94844532012939
1,11.32,3.70996277360246,8.96692276000977
1,11.33,3.71329607348889,8.98063182830811
1,11.34,3.71662937337533,8.99434089660645
1,11.35,3.71996267326176,9.00387763977051
1,11.36,3.7232959731482,9.01579856872559
1,11.37,3.72662927303463,9.02533531188965
1,11.38,3.72996257292107,9.03785228729248
1,11.39,3.7332958728075,9.05454158782959
1,11.4,3.73662917269394,9.06467437744141
1,11.41,3.73996247258037,9.07838344573975
1,11.42,3.74329577246681,9.09209251403809
1,11.43,3.74662907235324,9.1087818145752
1,11.44,3.74996237223968,9.12308692932129
1,11.45,3.75329567212611,9.13619995117188
1,11.46,3.75662897201255,9.15110111236572
1,11.47,3.75996227189898,9.16659832000732
1,11.48,3.76329557178542,9.17732715606689
1,11.49,3.76662887167186,9.19044017791748
1,11.5,3.76996217155829,9.20295715332031
1,11.51,3.77329547144473,9.21905040740967
1,11.52,3.77662877133116,9.22918319702148
1,11.53,3.7799620712176,9.24408435821533
1,11.54,3.78329537110403,9.25004482269287
1,11.55,3.78662867099047,9.26434993743896
1,11.56,3.7899619708769,9.2768669128418
1,11.57,3.79329527076334,9.28819179534912
1,11.58,3.79662857064977,9.29415225982666
1,11.59,3.79996187053621,9.30666923522949
1,11.6,3.80329517042264,9.31620597839355
1,11.61,3.80662847030908,9.32812690734863
1,11.62,3.80996177019551,9.34004783630371
1,11.63,3.81329507008195,9.35554504394531
1,11.64,3.81662836996838,9.36746597290039
1,11.65,3.81996166985482,9.38236713409424
1,11.66,3.82329496974126,9.3919038772583
1,11.67,3.82662826962769,9.40203666687012
1,11.68,3.82996156951413,9.41216945648193
1,11.69,3.83329486940056,9.42707061767578
1,11.7,3.836628169287,9.43601131439209
1,11.71,3.83996146917343,9.44912433624268
1,11.72,3.84329476905987,9.45508480072021
1,11.73,3.8466280689463,9.47058200836182
1,11.74,3.84996136883274,9.48905944824219
1,11.75,3.85329466871917,9.50396060943604
1,11.76,3.85662796860561,9.51528549194336
1,11.77,3.85996126849204,9.53018665313721
1,11.78,3.86329456837848,9.54329967498779
1,11.79,3.86662786826491,9.55522060394287
1,11.8,3.86996116815135,9.57250595092773
1,11.81,3.87329446803778,9.58859920501709
1,11.82,3.87662776792422,9.60588455200195
1,11.83,3.87996106781066,9.62018966674805
1,11.84,3.88329436769709,9.6362829208374
1,11.85,3.88662766758353,9.64879989624023
1,11.86,3.88996096746996,9.66191291809082
1,11.87,3.8932942673564,9.67741012573242
1,11.88,3.89662756724283,9.68337059020996
1,11.89,3.89996086712927,9.69588756561279
1,11.9,3.9032941670157,9.7048282623291
1,11.91,3.90662746690214,9.71376895904541
1,11.92,3.90996076678857,9.72747802734375
1,11.93,3.91329406667501,9.73880290985107
1,11.94,3.91662736656144,9.74833965301514
1,11.95,3.91996066644788,9.75847244262695
1,11.96,3.92329396633431,9.77277755737305
1,11.97,3.92662726622075,9.78291034698486
1,11.98,3.92996056610718,9.7966194152832
1,11.99,3.93329386599362,9.80973243713379
1,12,3.93662716588005,9.82344150543213
1,12.01,3.93996046576649,9.83893871307373
1,12.02,3.94329376565293,9.85026359558105
1,12.03,3.94662706553936,9.86397266387939
1,12.04,3.9499603654258,9.87529754638672
1,12.05,3.95329366531223,9.88781452178955
1,12.06,3.95662696519867,9.89973545074463
1,12.07,3.9599602650851,9.90867614746094
1,12.08,3.96329356497154,9.92000102996826
1,12.09,3.96662686485797,9.92894172668457
1,12.1,3.96996016474441,9.93967056274414
1,12.11,3.97329346463084,9.95159149169922
1,12.12,3.97662676451728,9.96291637420654
1,12.13,3.97996006440371,9.9712610244751
1,12.14,3.98329336429015,9.98198986053467
1,12.15,3.98662666417658,9.99212265014648
1,12.16,3.98995996406302,10.0046396255493
1,12.17,3.99329326394945,10.0153684616089
1,12.18,3.99662656383589,10.0326538085938
1,12.19,3.99995986372232,10.0433826446533
1,12.2,4.00329316360876,10.0541114807129
1,12.21,4.0066264634952,10.0678205490112
1,12.22,4.00995976338163,10.0815296173096
1,12.23,4.01329306326807,10.0928544998169
1,12.24,4.0166263631545,10.1083517074585
1,12.25,4.01995966304094,10.1208686828613
1,12.26,4.02329296292737,10.1292133331299
1,12.27,4.02662626281381,10.1423263549805
1,12.28,4.02995956270024,10.1536512374878
1,12.29,4.03329286258668,10.1655721664429
1,12.3,4.03662616247311,10.1745128631592
1,12.31,4.03995946235955,10.1876258850098
1,12.32,4.04329276224598,10.1983547210693
1,12.33,4.04662606213242,10.2102756500244
1,12.34,4.04995936201885,10.2216005325317
1,12.35,4.05329266190529,10.2370977401733
1,12.36,4.05662596179172,10.2502107620239
1,12.37,4.05995926167816,10.2663040161133
1,12.38,4.06329256156459,10.2746486663818
1,12.39,4.06662586145103,10.2895498275757
1,12.4,4.06995916133747,10.3002786636353
1,12.41,4.0732924612239,10.3110074996948
1,12.42,4.07662576111034,10.3259086608887
1,12.43,4.07995906099677,10.3378295898438
1,12.44,4.08329236088321,10.3485584259033
1,12.45,4.08662566076964,10.3616714477539
1,12.46,4.08995896065608,10.3700160980225
1,12.47,4.09329226054251,10.3861093521118
1,12.48,4.09662556042895,10.3974342346191
1,12.49,4.09995886031538,10.412335395813
1,12.5,4.10329216020182,10.4242563247681
1,12.51,4.10662546008825,10.4379653930664
1,12.52,4.10995875997469,10.4564428329468
1,12.53,4.11329205986112,10.4725360870361
1,12.54,4.11662535974756,10.4892253875732
1,12.55,4.11995865963399,10.5005502700806
1,12.56,4.12329195952043,10.5136632919312
1,12.57,4.12662525940686,10.533332824707
1,12.58,4.1299585592933,10.5488300323486
1,12.59,4.13329185917974,10.5667114257813
1,12.6,4.13662515906617,10.5828046798706
1,12.61,4.13995845895261,10.5929374694824
1,12.62,4.14329175883904,10.6090307235718
1,12.63,4.14662505872548,10.6215476989746
1,12.64,4.14995835861191,10.6364488601685
1,12.65,4.15329165849835,10.6507539749146
1,12.66,4.15662495838478,10.6632709503174
1,12.67,4.15995825827122,10.676383972168
1,12.68,4.16329155815765,10.6853246688843
1,12.69,4.16662485804409,10.7002258300781
1,12.7,4.16995815793052,10.7133388519287
1,12.71,4.17329145781696,10.7234716415405
1,12.72,4.17662475770339,10.7353925704956
1,12.73,4.17995805758983,10.7479095458984
1,12.74,4.18329135747626,10.7598304748535
1,12.75,4.1866246573627,10.7693672180176
1,12.76,4.18995795724913,10.7806921005249
1,12.77,4.19329125713557,10.7920169830322
1,12.78,4.19662455702201,10.8069181442261
1,12.79,4.19995785690844,10.8182430267334
1,12.8,4.20329115679488,10.828971862793
1,12.81,4.20662445668131,10.8397006988525
1,12.82,4.20995775656775,10.8534097671509
1,12.83,4.21329105645418,10.8671188354492
1,12.84,4.21662435634062,10.877251625061
1,12.85,4.21995765622705,10.8879804611206
1,12.86,4.22329095611349,10.9004974365234
1,12.87,4.22662425599992,10.9148025512695
1,12.88,4.22995755588636,10.9267234802246
1,12.89,4.23329085577279,10.9380483627319
1,12.9,4.23662415565923,10.9511613845825
1,12.91,4.23995745554566,10.9624862670898
1,12.92,4.2432907554321,10.9744071960449
1,12.93,4.24662405531853,10.9857320785522
1,12.94,4.24995735520497,10.9988451004028
1,12.95,4.25329065509141,11.0077857971191
1,12.96,4.25662395497784,11.0185146331787
1,12.97,4.25995725486428,11.027455329895
1,12.98,4.26329055475071,11.0393762588501
1,12.99,4.26662385463715,11.0554695129395
1,13,4.26995715452358,11.0697746276855
1,13.01,4.27329045441002,11.0864639282227
1,13.02,4.27662375429645,11.1007690429688
1,13.03,4.27995705418289,11.1192464828491
1,13.04,4.28329035406932,11.134147644043
1,13.05,4.28662365395576,11.1520290374756
1,13.06,4.28995695384219,11.1734867095947
1,13.07,4.29329025372863,11.1860036849976
1,13.08,4.29662355361506,11.1991167068481
1,13.09,4.2999568535015,11.2169981002808
1,13.1,4.30329015338793,11.2301111221313
1,13.11,4.30662345327437,11.2438201904297
1,13.12,4.3099567531608,11.2581253051758
1,13.13,4.31329005304724,11.2724304199219
1,13.14,4.31662335293368,11.2831592559814
1,13.15,4.31995665282011,11.293888092041
1,13.16,4.32328995270655,11.3058090209961
1,13.17,4.32662325259298,11.3123655319214
1,13.18,4.32995655247942,11.3248825073242
1,13.19,4.33328985236585,11.332631111145
1,13.2,4.33662315225229,11.3427639007568
1,13.21,4.33995645213872,11.3481283187866
1,13.22,4.34328975202516,11.361837387085
1,13.23,4.34662305191159,11.3725662231445
1,13.24,4.34995635179803,11.3844871520996
1,13.25,4.35328965168446,11.3976001739502
1,13.26,4.3566229515709,11.4107131958008
1,13.27,4.35995625145733,11.4202499389648
1,13.28,4.36328955134377,11.4321708679199
1,13.29,4.3666228512302,11.4446878433228
1,13.3,4.36995615111664,11.4589929580688
1,13.31,4.37328945100307,11.4709138870239
1,13.32,4.37662275088951,11.4816427230835
1,13.33,4.37995605077595,11.4941596984863
1,13.34,4.38328935066238,11.5066766738892
1,13.35,4.38662265054882,11.5209817886353
1,13.36,4.38995595043525,11.5311145782471
1,13.37,4.39328925032169,11.5466117858887
1,13.38,4.39662255020812,11.5615129470825
1,13.39,4.39995585009456,11.5698575973511
1,13.4,4.40328914998099,11.5805864334106
1,13.41,4.40662244986743,11.5954875946045
1,13.42,4.40995574975386,11.6050243377686
1,13.43,4.4132890496403,11.6181373596191
1,13.44,4.41662234952673,11.628270149231
1,13.45,4.41995564941317,11.6413831710815
1,13.46,4.4232889492996,11.6533041000366
1,13.47,4.42662224918604,11.6688013076782
1,13.48,4.42995554907247,11.6801261901855
1,13.49,4.43328884895891,11.6914510726929
1,13.5,4.43662214884534,11.705756187439
1,13.51,4.43995544873178,11.7200613021851
1,13.52,4.44328874861822,11.7319822311401
1,13.53,4.44662204850465,11.744499206543
1,13.54,4.44995534839109,11.7588043212891
1,13.55,4.45328864827752,11.7695331573486
1,13.56,4.45662194816396,11.7838382720947
1,13.57,4.45995524805039,11.7981433868408
1,13.58,4.46328854793683,11.8136405944824
1,13.59,4.46662184782326,11.8231773376465
1,13.6,4.4699551477097,11.8404626846313
1,13.61,4.47328844759613,11.8547677993774
1,13.62,4.47662174748257,11.8738412857056
1,13.63,4.479955047369,11.8887424468994
1,13.64,4.48328834725544,11.90185546875
1,13.65,4.48662164714187,11.9185447692871
1,13.66,4.48995494702831,11.9310617446899
1,13.67,4.49328824691474,11.9477510452271
1,13.68,4.49662154680118,11.9608640670776
1,13.69,4.49995484668762,11.9727849960327
1,13.7,4.50328814657405,11.9853019714355
1,13.71,4.50662144646049,12.0019912719727
1,13.72,4.50995474634692,12.0145082473755
1,13.73,4.51328804623336,12.0240449905396
1,13.74,4.51662134611979,12.0383501052856
1,13.75,4.51995464600623,12.0484828948975
1,13.76,4.52328794589266,12.0627880096436
1,13.77,4.5266212457791,12.0741128921509
1,13.78,4.52995454566553,12.0872259140015
1,13.79,4.53328784555197,12.0985507965088
1,13.8,4.5366211454384,12.1051073074341
1,13.81,4.53995444532484,12.1194124221802
1,13.82,4.54328774521127,12.129545211792
1,13.83,4.54662104509771,12.1420621871948
1,13.84,4.54995434498414,12.1557712554932
1,13.85,4.55328764487058,12.1665000915527
1,13.86,4.55662094475701,12.1796131134033
1,13.87,4.55995424464345,12.1891498565674
1,13.88,4.56328754452989,12.2016668319702
1,13.89,4.56662084441632,12.2129917144775
1,13.9,4.56995414430276,12.2278928756714
1,13.91,4.57328744418919,12.2421979904175
1,13.92,4.57662074407563,12.2535228729248
1,13.93,4.57995404396206,12.2660398483276
1,13.94,4.5832873438485,12.279748916626
1,13.95,4.58662064373493,12.2940540313721
1,13.96,4.58995394362137,12.3095512390137
1,13.97,4.5932872435078,12.31849193573
1,13.98,4.59662054339424,12.3339891433716
1,13.99,4.59995384328067,12.3423337936401
1,14,4.60328714316711,12.357234954834
1,14.01,4.60662044305354,12.3661756515503
1,14.02,4.60995374293998,12.3816728591919
1,14.03,4.61328704282641,12.3900175094604
1,14.04,4.61662034271285,12.403130531311
1,14.05,4.61995364259928,12.4120712280273
1,14.06,4.62328694248572,12.4210119247437
1,14.07,4.62662024237216,12.432336807251
1,14.08,4.62995354225859,12.441873550415
1,14.09,4.63328684214503,12.4484300613403
1,14.1,4.63662014203146,12.4579668045044
1,14.11,4.6399534419179,12.471079826355
1,14.12,4.64328674180433,12.4752521514893
1,14.13,4.64662004169077,12.4835968017578
1,14.14,4.6499533415772,12.4967098236084
1,14.15,4.65328664146364,12.5080347061157
1,14.16,4.65661994135007,12.5187635421753
1,14.17,4.65995324123651,12.5259160995483
1,14.18,4.66328654112294,12.5372409820557
1,14.19,4.66661984100938,12.5491619110107
1,14.2,4.66995314089581,12.5634670257568
1,14.21,4.67328644078225,12.5730037689209
1,14.22,4.67995304055512,12.5890970230103
1,14.24,4.68328634044155,12.6129388809204
1,14.25,4.68661964032799,12.6248598098755
1,14.26,4.68995294021443,12.6361846923828
1,14.27,4.6966195399873,12.6510858535767
1,14.28,4.69995283987373,12.662410736084
1,14.3,4.70328613976017,12.6862525939941
1,14.31,4.70995273953304,12.6981735229492
1,14.32,4.71328603941947,12.7136707305908
1,14.33,4.71661933930591,12.7315521240234
1,14.34,4.71995263919234,12.7434730529785
1,14.36,4.72661923896521,12.7702951431274
1,14.37,4.72995253885165,12.7875804901123
1,14.38,4.73328583873808,12.8018856048584
1,14.39,4.73661913862452,12.8161907196045
1,14.4,4.73995243851095,12.8304958343506
1,14.41,4.74328573839739,12.8418207168579
1,14.42,4.74661903828383,12.8597021102905
1,14.43,4.74995233817026,12.8781795501709
1,14.44,4.7532856380567,12.8906965255737
1,14.45,4.75661893794313,12.9067897796631
1,14.46,4.75995223782957,12.9175186157227
1,14.47,4.763285537716,12.931227684021
1,14.48,4.76661883760244,12.9479169845581
1,14.49,4.76995213748887,12.9634141921997
1,14.5,4.77328543737531,12.9812955856323
1,14.51,4.77661873726174,12.9979848861694
1,14.52,4.77995203714818,13.0182504653931
1,14.53,4.78328533703461,13.0319595336914
1,14.54,4.78661863692105,13.049840927124
1,14.55,4.78995193680748,13.0659341812134
1,14.56,4.79328523669392,13.0844116210938
1,14.57,4.79661853658035,13.1052732467651
1,14.58,4.79995183646679,13.1231546401978
1,14.59,4.80328513635322,13.1386518478394
1,14.6,4.80661843623966,13.1517648696899
1,14.61,4.8099517361261,13.1738185882568
1,14.62,4.81328503601253,13.1893157958984
1,14.63,4.81661833589897,13.2119655609131
1,14.64,4.8199516357854,13.2292509078979
1,14.65,4.82328493567184,13.2471323013306
1,14.66,4.82661823555827,13.2590532302856
1,14.67,4.82995153544471,13.277530670166
1,14.68,4.83328483533114,13.2960081100464
1,14.69,4.83661813521758,13.3156776428223
1,14.7,4.83995143510401,13.3311748504639
1,14.71,4.84328473499045,13.3442878723145
1,14.72,4.84661803487688,13.3627653121948
1,14.73,4.84995133476332,13.3752822875977
1,14.74,4.85328463464975,13.3925676345825
1,14.75,4.85661793453619,13.4080648422241
1,14.76,4.85995123442262,13.420581817627
1,14.77,4.86328453430906,13.4342908859253
1,14.78,4.86661783419549,13.4456157684326
1,14.79,4.86995113408193,13.4629011154175
1,14.8,4.87328443396837,13.4736299514771
1,14.81,4.8766177338548,13.4932994842529
1,14.82,4.87995103374124,13.505220413208
1,14.83,4.88328433362767,13.5177373886108
1,14.84,4.88661763351411,13.5332345962524
1,14.85,4.88995093340054,13.543963432312
1,14.86,4.89328423328698,13.5582685470581
1,14.87,4.89661753317341,13.5713815689087
1,14.88,4.89995083305985,13.5880708694458
1,14.89,4.90328413294628,13.6023759841919
1,14.9,4.90661743283272,13.6113166809082
1,14.91,4.90995073271915,13.6256217956543
1,14.92,4.91328403260559,13.6387348175049
1,14.93,4.91661733249202,13.6452913284302
1,14.94,4.91995063237846,13.6566162109375
1,14.95,4.92328393226489,13.6655569076538
1,14.96,4.92661723215133,13.6822462081909
1,14.97,4.92995053203776,13.6905908584595
1,14.98,4.9332838319242,13.7072801589966
1,14.99,4.93661713181064,13.7180089950562
1,15,4.93995043169707,13.7341022491455
1,15.01,4.94328373158351,13.7466192245483
1,15.02,4.94661703146994,13.7627124786377
1,15.03,4.94995033135638,13.7722492218018
1,15.04,4.95328363124281,13.7871503829956
1,15.05,4.95661693112925,13.8038396835327
1,15.06,4.95995023101568,13.8157606124878
1,15.07,4.96328353090212,13.8312578201294
1,15.08,4.96661683078855,13.8449668884277
1,15.09,4.96995013067499,13.8604640960693
1,15.1,4.97328343056142,13.8741731643677
1,15.11,4.97661673044786,13.887882232666
1,15.12,4.97995003033429,13.8992071151733
1,15.13,4.98328333022073,13.9164924621582
1,15.14,4.98661663010716,13.929009437561
1,15.15,4.9899499299936,13.9439105987549
1,15.16,4.99328322988004,13.9617919921875
1,15.17,4.99661652976647,13.9743089675903
1,15.18,4.99994982965291,13.9898061752319
1,15.19,5.00328312953934,14.0011310577393
1,15.2,5.00661642942578,14.0160322189331
1,15.21,5.00994972931221,14.0291452407837
1,15.22,5.01328302919865,14.0422582626343
1,15.23,5.01661632908508,14.0565633773804
1,15.24,5.01994962897152,14.0666961669922
1,15.25,5.02328292885795,14.0780210494995
1,15.26,5.02661622874439,14.0953063964844
1,15.27,5.02994952863082,14.1060352325439
1,15.28,5.03328282851726,14.1215324401855
1,15.29,5.03661612840369,14.1340494155884
1,15.3,5.03994942829013,14.1459703445435
1,15.31,5.04328272817656,14.156699180603
1,15.32,5.046616028063,14.1674280166626
1,15.33,5.04994932794943,14.1781568527222
1,15.34,5.05328262783587,14.1912698745728
1,15.35,5.05661592772231,14.2031908035278
1,15.36,5.05994922760874,14.2079591751099
1,15.37,5.06328252749518,14.2168998718262
1,15.38,5.06661582738161,14.224648475647
1,15.39,5.06994912726805,14.2371654510498
1,15.4,5.07328242715448,14.2413377761841
1,15.41,5.07661572704092,14.2532587051392
1,15.42,5.07994902692735,14.2616033554077
1,15.43,5.08328232681379,14.268159866333
1,15.44,5.08661562670022,14.2782926559448
1,15.45,5.08994892658666,14.2931938171387
1,15.46,5.09328222647309,14.3039226531982
1,15.47,5.09661552635953,14.3182277679443
1,15.48,5.09994882624596,14.3313407897949
1,15.49,5.1032821261324,14.3426656723022
1,15.5,5.10661542601883,14.3569707870483
1,15.51,5.10994872590527,14.3671035766602
1,15.52,5.1132820257917,14.3831968307495
1,15.53,5.11661532567814,14.3975019454956
1,15.54,5.11994862556458,14.4064426422119
1,15.55,5.12328192545101,14.4237279891968
1,15.56,5.12661522533745,14.4332647323608
1,15.57,5.12994852522388,14.4535303115845
1,15.58,5.13328182511032,14.4630670547485
1,15.59,5.13661512499675,14.4803524017334
1,15.6,5.13994842488319,14.4928693771362
1,15.61,5.14328172476962,14.5083665847778
1,15.62,5.14661502465606,14.5202875137329
1,15.63,5.14994832454249,14.5310163497925
1,15.64,5.15328162442893,14.5429372787476
1,15.65,5.15661492431536,14.5548582077026
1,15.66,5.1599482242018,14.56618309021
1,15.67,5.16328152408823,14.5792961120605
1,15.68,5.16661482397467,14.5906209945679
1,15.69,5.1699481238611,14.6031379699707
1,15.7,5.17328142374754,14.614462852478
1,15.71,5.17661472363397,14.6257877349854
1,15.72,5.17994802352041,14.6383047103882
1,15.73,5.18328132340685,14.6543979644775
1,15.74,5.18661462329328,14.6692991256714
1,15.75,5.18994792317972,14.6865844726563
1,15.76,5.19328122306615,14.7026777267456
1,15.77,5.19661452295259,14.7169828414917
1,15.78,5.19994782283902,14.7348642349243
1,15.79,5.20328112272546,14.7473812103271
1,15.8,5.20661442261189,14.7628784179688
1,15.81,5.20994772249833,14.7771835327148
1,15.82,5.21328102238476,14.796257019043
1,15.83,5.2166143222712,14.8069858551025
1,15.84,5.21994762215763,14.8260593414307
1,15.85,5.22328092204407,14.8367881774902
1,15.86,5.2266142219305,14.8499011993408
1,15.87,5.22994752181694,14.87135887146
1,15.88,5.23328082170337,14.8880481719971
1,15.89,5.23661412158981,14.9083137512207
1,15.9,5.23994742147625,14.9250030517578
1,15.91,5.24328072136268,14.9405002593994
1,15.92,5.24661402124912,14.9500370025635
1,15.93,5.24994732113555,14.9691104888916
1,15.94,5.25328062102199,14.9893760681152
1,15.95,5.25661392090842,15.0048732757568
1,15.96,5.25994722079486,15.0191783905029
1,15.97,5.26328052068129,15.0346755981445
1,15.98,5.26661382056773,15.0465965270996
1,15.99,5.26994712045416,15.0656700134277
1,16,5.2732804203406,15.0775909423828
1,16.01,5.27661372022703,15.0966644287109
1,16.02,5.27994702011347,15.1097774505615
1,16.03,5.2832803199999,15.1276588439941
1,16.04,5.28661361988634,15.1443481445313
1,16.05,5.28994691977277,15.1586532592773
1,16.06,5.29328021965921,15.1801109313965
1,16.07,5.29661351954564,15.1896476745605
1,16.08,5.29994681943208,15.2075290679932
1,16.09,5.30328011931852,15.2206420898438
1,16.1,5.30661341920495,15.2432918548584
1,16.11,5.30994671909139,15.2528285980225
1,16.12,5.31328001897782,15.2730941772461
1,16.13,5.31661331886426,15.2814388275146
1,16.14,5.31994661875069,15.3017044067383
1,16.15,5.32327991863713,15.3112411499023
1,16.16,5.32661321852356,15.3279304504395
1,16.17,5.32994651841,15.34104347229
1,16.18,5.33327981829643,15.3470039367676
1,16.19,5.33661311818287,15.3589248657227
1,16.2,5.3399464180693,15.3696537017822
1,16.21,5.34327971795574,15.3887271881104
1,16.22,5.34661301784217,15.3946876525879
1,16.23,5.34994631772861,15.408992767334
1,16.24,5.35327961761504,15.4209136962891
1,16.25,5.35661291750148,15.4316425323486
1,16.26,5.35994621738791,15.4411792755127
1,16.27,5.36327951727435,15.4519081115723
1,16.28,5.36661281716079,15.4662132263184
1,16.29,5.36994611704722,15.48171043396
1,16.3,5.37327941693366,15.4948234558105
1,16.31,5.37661271682009,15.5138969421387
1,16.32,5.37994601670653,15.5282020568848
1,16.33,5.38327931659296,15.5496597290039
1,16.34,5.3866126164794,15.561580657959
1,16.35,5.38994591636583,15.5830383300781
1,16.36,5.39327921625227,15.5949592590332
1,16.37,5.3966125161387,15.6116485595703
1,16.38,5.39994581602514,15.6271457672119
1,16.39,5.40327911591157,15.636682510376
1,16.4,5.40661241579801,15.6521797180176
1,16.41,5.40994571568444,15.6593322753906
1,16.42,5.41327901557088,15.6688690185547
1,16.43,5.41661231545731,15.6772136688232
1,16.44,5.41994561534375,15.6831741333008
1,16.45,5.42327891523018,15.6998634338379
1,16.46,5.42661221511662,15.7046318054199
1,16.47,5.42994551500306,15.7105922698975
1,16.48,5.43327881488949,15.7260894775391
1,16.49,5.43661211477593,15.7368183135986
1,16.5,5.43994541466236,15.7463550567627
1,16.51,5.4432787145488,15.7558917999268
1,16.52,5.44661201443523,15.7678127288818
1,16.53,5.44994531432167,15.791654586792
1,16.54,5.4532786142081,15.8023834228516
1,16.55,5.45661191409454,15.8202648162842
1,16.56,5.45994521398097,15.8405303955078
1,16.57,5.46327851386741,15.8560276031494
1,16.58,5.46661181375384,15.8751010894775
1,16.59,5.46994511364028,15.8894062042236
1,16.6,5.47327841352671,15.9049034118652
1,16.61,5.47661171341315,15.9204006195068
1,16.62,5.47994501329958,15.9347057342529
1,16.63,5.48327831318602,15.9454345703125
1,16.64,5.48661161307246,15.9657001495361
1,16.65,5.48994491295889,15.9835815429688
1,16.66,5.49327821284533,15.9955024719238
1,16.67,5.49661151273176,16.0086154937744
1,16.68,5.4999448126182,16.024112701416
1,16.69,5.50327811250463,16.0431861877441
1,16.7,5.50661141239107,16.0527229309082
1,16.71,5.5099447122775,16.0598754882813
1,16.72,5.51327801216394,16.0777568817139
1,16.73,5.51661131205037,16.0908699035645
1,16.74,5.51994461193681,16.1051750183105
1,16.75,5.52327791182324,16.1123275756836
1,16.76,5.52661121170968,16.1314010620117
1,16.77,5.52994451159611,16.1457061767578
1,16.78,5.53327781148255,16.1564350128174
1,16.79,5.53661111136898,16.169548034668
1,16.8,5.53994441125542,16.1778926849365
1,16.81,5.54327771114185,16.1898136138916
1,16.82,5.54661101102829,16.1957740783691
1,16.83,5.54994431091473,16.2076950073242
1,16.84,5.55327761080116,16.2160396575928
1,16.85,5.5566109106876,16.2339210510254
1,16.86,5.55994421057403,16.2434577941895
1,16.87,5.56327751046047,16.251802444458
1,16.88,5.5666108103469,16.2696838378906
1,16.89,5.56994411023334,16.2804126739502
1,16.9,5.57327741011977,16.2923336029053
1,16.91,5.57661071000621,16.3054466247559
1,16.92,5.57994400989264,16.3137912750244
1,16.93,5.58327730977908,16.329288482666
1,16.94,5.58661060966551,16.3364410400391
1,16.95,5.58994390955195,16.3590908050537
1,16.96,5.59327720943838,16.3698196411133
1,16.97,5.59661050932482,16.3865089416504
1,16.98,5.59994380921125,16.39723777771
1,16.99,5.60327710909769,16.4163112640381
1,17,5.60661040898412,16.4401531219482
1,17.01,5.60994370887056,16.4461135864258
1,17.02,5.613277008757,16.4675712585449
1,17.03,5.61661030864343,16.4830684661865
1,17.04,5.61994360852987,16.5021419525146
1,17.05,5.6232769084163,16.5164470672607
1,17.06,5.62661020830274,16.5331363677979
1,17.07,5.62994350818917,16.549825668335
1,17.08,5.63327680807561,16.559362411499
1,17.09,5.63661010796204,16.5724754333496
1,17.1,5.63994340784848,16.5879726409912
1,17.11,5.64327670773491,16.6034698486328
1,17.12,5.64661000762135,16.6189670562744
1,17.13,5.64994330750778,16.632080078125
1,17.14,5.65327660739422,16.6463851928711
1,17.15,5.65660990728065,16.6499614715576
1,17.16,5.65994320716709,16.6642665863037
1,17.17,5.66327650705352,16.6761875152588
1,17.18,5.66660980693996,16.6821479797363
1,17.19,5.66994310682639,16.6964530944824
1,17.2,5.67327640671283,16.7083740234375
1,17.21,5.67660970659927,16.7202949523926
1,17.22,5.6799430064857,16.7357921600342
1,17.23,5.68327630637214,16.7441368103027
1,17.24,5.68660960625857,16.7620182037354
1,17.25,5.68994290614501,16.7787075042725
1,17.26,5.69327620603144,16.789436340332
1,17.27,5.69660950591788,16.8132781982422
1,17.28,5.69994280580431,16.8263912200928
1,17.29,5.70327610569075,16.8406963348389
1,17.3,5.70660940557718,16.862154006958
1,17.31,5.70994270546362,16.8764591217041
1,17.32,5.71327600535005,16.8979167938232
1,17.33,5.71660930523649,16.9098377227783
1,17.34,5.71994260512292,16.9241428375244
1,17.35,5.72327590500936,16.9384479522705
1,17.36,5.72660920489579,16.9503688812256
1,17.37,5.72994250478223,16.9646739959717
1,17.38,5.73327580466867,16.9730186462402
1,17.39,5.7366091045551,16.9885158538818
1,17.4,5.73994240444154,17.0004367828369
1,17.41,5.74327570432797,17.012357711792
1,17.42,5.74660900421441,17.0218944549561
1,17.43,5.74994230410084,17.0338153839111
1,17.44,5.75327560398728,17.0481204986572
1,17.45,5.75660890387371,17.0540809631348
1,17.46,5.75994220376015,17.0683860778809
1,17.47,5.76327550364658,17.0791149139404
1,17.48,5.76660880353302,17.087459564209
1,17.49,5.76994210341945,17.1077251434326
1,17.5,5.77327540330589,17.1208381652832
1,17.51,5.77660870319232,17.1363353729248
1,17.52,5.77994200307876,17.1411037445068
1,17.53,5.78327530296519,17.1685218811035
1,17.54,5.78660860285163,17.1768665313721
1,17.55,5.78994190273806,17.1947479248047
1,17.56,5.7932752026245,17.2090530395508
1,17.57,5.79660850251094,17.2173976898193
1,17.58,5.79994180239737,17.2305107116699
1,17.59,5.80327510228381,17.244815826416
1,17.6,5.80660840217024,17.2615051269531
1,17.61,5.80994170205668,17.2770023345947
1,17.62,5.81327500194311,17.2901153564453
1,17.63,5.81660830182955,17.3032283782959
1,17.64,5.81994160171598,17.319917678833
1,17.65,5.82327490160242,17.3306465148926
1,17.66,5.82660820148885,17.3485279083252
1,17.67,5.82994150137529,17.3652172088623
1,17.68,5.83327480126172,17.3854827880859
1,17.69,5.83660810114816,17.402172088623
1,17.7,5.83994140103459,17.4093246459961
1,17.71,5.84327470092103,17.4283981323242
1,17.72,5.84660800080746,17.4450874328613
1,17.73,5.8499413006939,17.4617767333984
1,17.74,5.85327460058033,17.4784660339355
1,17.75,5.85660790046677,17.4927711486816
1,17.76,5.85994120035321,17.5130367279053
1,17.77,5.86327450023964,17.5261497497559
1,17.78,5.86660780012608,17.542839050293
1,17.79,5.86994110001251,17.5595283508301
1,17.8,5.87327439989895,17.5762176513672
1,17.81,5.87660769978538,17.5881385803223
1,17.82,5.87994099967182,17.6012516021729
1,17.83,5.88327429955825,17.6167488098145
1,17.84,5.88660759944469,17.6346302032471
1,17.85,5.88994089933112,17.6441669464111
1,17.86,5.89327419921756,17.6572799682617
1,17.87,5.89660749910399,17.6763534545898
1,17.88,5.89994079899043,17.693042755127
1,17.89,5.90327409887686,17.7121162414551
1,17.9,5.9066073987633,17.7276134490967
1,17.91,5.90994069864973,17.7395343780518
1,17.92,5.91327399853617,17.7597999572754
1,17.93,5.9166072984226,17.770528793335
1,17.94,5.91994059830904,17.7884101867676
1,17.95,5.92327389819548,17.8015232086182
1,17.96,5.92660719808191,17.8134441375732
1,17.97,5.92994049796835,17.8313255310059
1,17.98,5.93327379785478,17.8408622741699
1,17.99,5.93660709774122,17.8539752960205
1,18,5.93994039762765,17.8611278533936
1,18.01,5.94327369751409,17.8790092468262
1,18.02,5.94660699740052,17.8897380828857
1,18.03,5.94994029728696,17.9052352905273
1,18.04,5.95327359717339,17.9123878479004
1,18.05,5.95994019694626,17.9219245910645
1,18.07,5.9632734968327,17.9421901702881
1,18.08,5.96660679671913,17.9517269134521
1,18.09,5.96994009660557,17.9719924926758
1,18.1,5.97660669637844,17.9755687713623
1,18.11,5.97993999626487,17.9874897003174
1,18.13,5.98327329615131,18.012523651123
1,18.14,5.98993989592418,18.0280208587646
1,18.15,5.99327319581062,18.0399417877197
1,18.16,5.99660649569705,18.0518627166748
1,18.17,5.99993979558349,18.0566310882568
1,18.19,6.00327309546992,18.0721282958984
1,18.2,6.00993969524279,18.0816650390625
1,18.21,6.01327299512923,18.0864334106445
1,18.22,6.01660629501566,18.0912017822266
1,18.23,6.0199395949021,18.1043148040771
1,18.25,6.02660619467497,18.1150436401367
1,18.26,6.0299394945614,18.1245803833008
1,18.27,6.03327279444784,18.1376934051514
1,18.29,6.03993939422071,18.1388854980469
1,18.3,6.04327269410715,18.157958984375
1,18.31,6.04660599399358,18.1663036346436
1,18.32,6.04993929388002,18.1806087493896
1,18.33,6.05327259376645,18.1984901428223
1,18.34,6.05660589365289,18.2068347930908
1,18.35,6.05993919353932,18.2235240936279
1,18.36,6.06327249342576,18.235445022583
1,18.37,6.06660579331219,18.2557106018066
1,18.38,6.06993909319863,18.2688236236572
1,18.39,6.07327239308506,18.2902812957764
1,18.4,6.0766056929715,18.303394317627
1,18.41,6.07993899285793,18.3284282684326
1,18.42,6.08327229274437,18.3379650115967
1,18.43,6.0866055926308,18.3629989624023
1,18.44,6.08993889251724,18.3749198913574
1,18.45,6.09327219240367,18.388032913208
1,18.46,6.09660549229011,18.4082984924316
1,18.47,6.09993879217654,18.4237957000732
1,18.48,6.10327209206298,18.4404850006104
1,18.49,6.10660539194942,18.4535980224609
1,18.5,6.10993869183585,18.470287322998
1,18.51,6.11327199172229,18.4810161590576
1,18.52,6.11660529160872,18.4988975524902
1,18.53,6.11993859149516,18.5132026672363
1,18.54,6.12327189138159,18.5286998748779
1,18.55,6.12660519126803,18.5418128967285
1,18.56,6.12993849115446,18.5549259185791
1,18.57,6.1332717910409,18.5728073120117
1,18.58,6.13660509092733,18.5775756835938
1,18.59,6.13993839081377,18.5990333557129
1,18.6,6.1432716907002,18.6073780059814
1,18.61,6.14660499058664,18.6216831207275
1,18.62,6.14993829047307,18.6371803283691
1,18.63,6.15327159035951,18.6562538146973
1,18.64,6.15660489024594,18.6729431152344
1,18.65,6.15993819013238,18.6920166015625
1,18.66,6.16327149001881,18.7122821807861
1,18.67,6.16660478990525,18.7242031097412
1,18.68,6.16993808979169,18.7516212463379
1,18.69,6.17327138967812,18.770694732666
1,18.7,6.17660468956456,18.7873840332031
1,18.71,6.17993798945099,18.8076496124268
1,18.72,6.18327128933743,18.8219547271729
1,18.73,6.18660458922386,18.843412399292
1,18.74,6.1899378891103,18.8601016998291
1,18.75,6.19327118899673,18.8708305358887
1,18.76,6.19660448888317,18.8887119293213
1,18.77,6.1999377887696,18.9065933227539
1,18.78,6.20327108865604,18.9197063446045
1,18.79,6.20660438854247,18.9304351806641
1,18.8,6.20993768842891,18.9507007598877
1,18.81,6.21327098831534,18.9697742462158
1,18.82,6.21660428820178,18.9900398254395
1,18.83,6.21993758808821,19.0019607543945
1,18.84,6.22327088797465,19.0269947052002
1,18.85,6.22660418786108,19.0424919128418
1,18.86,6.22993748774752,19.0591812133789
1,18.87,6.23327078763396,19.0722942352295
1,18.88,6.23660408752039,19.0961360931396
1,18.89,6.23993738740683,19.1187858581543
1,18.9,6.24327068729326,19.1402435302734
1,18.91,6.2466039871797,19.1617012023926
1,18.92,6.24993728706613,19.1795825958252
1,18.93,6.25327058695257,19.1974639892578
1,18.94,6.256603886839,19.221305847168
1,18.95,6.25993718672544,19.230842590332
1,18.96,6.26327048661187,19.2499160766602
1,18.97,6.26660378649831,19.2677974700928
1,18.98,6.26993708638474,19.2856788635254
1,18.99,6.27327038627118,19.301176071167
1,19,6.27660368615761,19.3154811859131
1,19.01,6.27993698604405,19.3369388580322
1,19.02,6.28327028593048,19.3452835083008
1,19.03,6.28660358581692,19.3667411804199
1,19.04,6.28993688570336,19.385814666748
1,19.05,6.29327018558979,19.3965435028076
1,19.06,6.29660348547623,19.4156169891357
1,19.07,6.29993678536266,19.4263458251953
1,19.08,6.3032700852491,19.4466114044189
1,19.09,6.30660338513553,19.4597244262695
1,19.1,6.30993668502197,19.4752216339111
1,19.11,6.3132699849084,19.4966793060303
1,19.12,6.31660328479484,19.5074081420898
1,19.13,6.31993658468127,19.5300579071045
1,19.14,6.32326988456771,19.5372104644775
1,19.15,6.32660318445414,19.5503234863281
1,19.16,6.32993648434058,19.5646286010742
1,19.17,6.33326978422701,19.5717811584473
1,19.18,6.33660308411345,19.5872783660889
1,19.19,6.33993638399989,19.5956230163574
1,19.2,6.34326968388632,19.6051597595215
1,19.21,6.34660298377275,19.6218490600586
1,19.22,6.34993628365919,19.6242332458496
1,19.23,6.35326958354563,19.6373462677002
1,19.24,6.35660288343206,19.6456909179688
1,19.25,6.3599361833185,19.6528434753418
1,19.26,6.36326948320493,19.6671485900879
1,19.27,6.36660278309137,19.6802616119385
1,19.28,6.3699360829778,19.6933746337891
1,19.29,6.37326938286424,19.7052955627441
1,19.3,6.37660268275067,19.7112560272217
1,19.31,6.37993598263711,19.7303295135498
1,19.32,6.38326928252354,19.7434425354004
1,19.33,6.38660258240998,19.758939743042
1,19.34,6.38993588229641,19.7708606719971
1,19.35,6.39326918218285,19.7887420654297
1,19.36,6.39660248206928,19.8066234588623
1,19.37,6.39993578195572,19.8197364807129
1,19.38,6.40326908184215,19.83642578125
1,19.39,6.40660238172859,19.8531150817871
1,19.4,6.40993568161502,19.8757648468018
1,19.41,6.41326898150146,19.8912620544434
1,19.42,6.4166022813879,19.911527633667
1,19.43,6.41993558127433,19.916296005249
1,19.44,6.42326888116077,19.9401378631592
1,19.45,6.4266021810472,19.9532508850098
1,19.46,6.42993548093364,19.9699401855469
1,19.47,6.43326878082007,19.981861114502
1,19.48,6.43660208070651,20.0068950653076
1,19.49,6.43993538059294,20.0152397155762
1,19.5,6.44326868047938,20.0295448303223
1,19.51,6.44660198036581,20.0474262237549
1,19.52,6.44993528025225,20.05934715271
1,19.53,6.45326858013868,20.0700759887695
1,19.54,6.45660188002512,20.0843811035156
1,19.55,6.45993517991155,20.0903415679932
1,19.56,6.46326847979799,20.1010704040527
1,19.57,6.46660177968442,20.1225280761719
1,19.58,6.46993507957086,20.1320648193359
1,19.59,6.47326837945729,20.146369934082
1,19.6,6.47660167934373,20.1654434204102
1,19.61,6.47993497923017,20.1797485351563
1,19.62,6.4832682791166,20.1952457427979
1,19.63,6.48660157900304,20.2107429504395
1,19.64,6.48993487888947,20.22385597229
1,19.65,6.49326817877591,20.2417373657227
1,19.66,6.49660147866234,20.2596187591553
1,19.67,6.49993477854878,20.2715396881104
1,19.68,6.50326807843521,20.2882289886475
1,19.69,6.50660137832165,20.301342010498
1,19.7,6.50993467820808,20.3144550323486
1,19.71,6.51326797809452,20.3239917755127
1,19.72,6.51660127798095,20.3359127044678
1,19.73,6.51993457786739,20.3466415405273
1,19.74,6.52326787775382,20.3633308410645
1,19.75,6.52660117764026,20.366907119751
1,19.76,6.52993447752669,20.3883647918701
1,19.77,6.53326777741313,20.3931331634521
1,19.78,6.53660107729957,20.4026699066162
1,19.79,6.539934377186,20.4181671142578
1,19.8,6.54326767707244,20.4277038574219
1,19.81,6.54660097695887,20.442008972168
1,19.82,6.54993427684531,20.4527378082275
1,19.83,6.55326757673174,20.4730033874512
1,19.84,6.55660087661818,20.4813480377197
1,19.85,6.55993417650461,20.4968452453613
1,19.86,6.56326747639105,20.5123424530029
1,19.87,6.56660077627748,20.5278396606445
1,19.88,6.56993407616392,20.5492973327637
1,19.89,6.57326737605035,20.5647945404053
1,19.9,6.57660067593679,20.5779075622559
1,19.91,6.57993397582322,20.599365234375
1,19.92,6.58326727570966,20.6100940704346
1,19.93,6.5866005755961,20.6303596496582
1,19.94,6.58993387548253,20.6446647644043
1,19.95,6.59326717536896,20.6553936004639
1,19.96,6.5966004752554,20.674467086792
1,19.97,6.59993377514184,20.6828117370605
1,19.98,6.60326707502827,20.7030773162842
1,19.99,6.60660037491471,20.7161903381348
1,20,6.60993367480114,20.7269191741943
1,20.01,6.61326697468758,20.7364559173584
1,20.02,6.61660027457401,20.749568939209
1,20.03,6.61993357446045,20.759105682373
1,20.04,6.62326687434688,20.7662582397461
1,20.05,6.62660017423332,20.7805633544922
1,20.06,6.62993347411975,20.8020210266113
1,20.07,6.63326677400619,20.8151340484619
1,20.08,6.63660007389262,20.83420753479
1,20.09,6.63993337377906,20.8473205566406
1,20.1,6.64326667366549,20.8640098571777
1,20.11,6.64659997355193,20.8854675292969
1,20.12,6.64993327343836,20.902156829834
1,20.13,6.6532665733248,20.9236145019531
1,20.14,6.65659987321123,20.9391117095947
1,20.15,6.65993317309767,20.9641456604004
1,20.16,6.66326647298411,20.9856033325195
1,20.17,6.66659977287054,20.9987163543701
1,20.18,6.66993307275698,21.0201740264893
1,20.19,6.67326637264341,21.0428237915039
1,20.2,6.67659967252985,21.05712890625
1,20.21,6.67993297241628,21.0738182067871
1,20.22,6.68326627230272,21.0916996002197
1,20.23,6.68659957218915,21.1024284362793
1,20.24,6.68993287207559,21.1167335510254
1,20.25,6.69326617196202,21.1334228515625
1,20.26,6.69659947184846,21.1417675018311
1,20.27,6.69993277173489,21.1513042449951
1,20.28,6.70326607162133,21.1644172668457
1,20.29,6.70659937150776,21.1775302886963
1,20.3,6.7099326713942,21.1906433105469
1,20.31,6.71326597128063,21.204948425293
1,20.32,6.71659927116707,21.2156772613525
1,20.33,6.7199325710535,21.2287902832031
1,20.34,6.72326587093994,21.2419033050537
1,20.35,6.72659917082638,21.2609767913818
1,20.36,6.72993247071281,21.2717056274414
1,20.37,6.73326577059925,21.2907791137695
1,20.38,6.73659907048568,21.3050842285156
1,20.39,6.73993237037212,21.3170051574707
1,20.4,6.74326567025855,21.3360786437988
1,20.41,6.74659897014499,21.3444232940674
1,20.42,6.74993227003142,21.3611125946045
1,20.43,6.75326556991786,21.3801860809326
1,20.44,6.75659886980429,21.3944911956787
1,20.45,6.75993216969073,21.4123725891113
1,20.46,6.76326546957716,21.4207172393799
1,20.47,6.7665987694636,21.4362144470215
1,20.48,6.76993206935003,21.4529037475586
1,20.49,6.77326536923647,21.4636325836182
1,20.5,6.7765986691229,21.4755535125732
1,20.51,6.77993196900934,21.4934349060059
1,20.52,6.78326526889578,21.5017795562744
1,20.53,6.78659856878221,21.5208530426025
1,20.54,6.78993186866865,21.5327739715576
1,20.55,6.79326516855508,21.5494632720947
1,20.56,6.79659846844152,21.5685367584229
1,20.57,6.79993176832795,21.5816497802734
1,20.58,6.80326506821439,21.594762802124
1,20.59,6.80659836810082,21.6066837310791
1,20.6,6.80993166798726,21.6209888458252
1,20.61,6.81326496787369,21.6317176818848
1,20.62,6.81659826776013,21.6448307037354
1,20.63,6.81993156764656,21.6495990753174
1,20.64,6.823264867533,21.6639041900635
1,20.65,6.82659816741943,21.672248840332
1,20.66,6.82993146730587,21.6889381408691
1,20.67,6.83326476719231,21.6937065124512
1,20.68,6.83659806707874,21.7020511627197
1,20.69,6.83993136696517,21.7175483703613
1,20.7,6.84326466685161,21.7282772064209
1,20.71,6.84659796673805,21.7437744140625
1,20.72,6.84993126662448,21.7592716217041
1,20.73,6.85326456651092,21.7735767364502
1,20.74,6.85659786639735,21.7914581298828
1,20.75,6.85993116628379,21.8057632446289
1,20.76,6.86326446617022,21.827220916748
1,20.77,6.86659776605666,21.8415260314941
1,20.78,6.86993106594309,21.8605995178223
1,20.79,6.87326436582953,21.8749046325684
1,20.8,6.87659766571596,21.8963623046875
1,20.81,6.8799309656024,21.9035148620605
1,20.82,6.88326426548883,21.9297409057617
1,20.83,6.88659756537527,21.9440460205078
1,20.84,6.8899308652617,21.9631195068359
1,20.85,6.89326416514814,21.9810009002686
1,20.86,6.89659746503457,21.9905376434326
1,20.87,6.89993076492101,22.0060348510742
1,20.88,6.90326406480744,22.0215320587158
1,20.89,6.90659736469388,22.0298767089844
1,20.9,6.90993066458032,22.050142288208
1,20.91,6.91326396446675,22.0620632171631
1,20.92,6.91659726435319,22.0763683319092
1,20.93,6.91993056423962,22.0894813537598
1,20.94,6.92326386412606,22.1037864685059
1,20.95,6.92659716401249,22.1157073974609
1,20.96,6.92993046389893,22.1288204193115
1,20.97,6.93326376378536,22.1467018127441
1,20.98,6.9365970636718,22.1586227416992
1,20.99,6.93993036355823,22.1741199493408
1,21,6.94326366344467,22.1872329711914
1,21.01,6.9465969633311,22.1931934356689
1,21.02,6.94993026321754,22.2134590148926
1,21.03,6.95326356310397,22.2277641296387
1,21.04,6.95659686299041,22.2396850585938
1,21.05,6.95993016287684,22.2527980804443
1,21.06,6.96326346276328,22.2635269165039
1,21.07,6.96659676264971,22.280216217041
1,21.08,6.96993006253615,22.2933292388916
1,21.09,6.97326336242259,22.3112106323242
1,21.1,6.97659666230902,22.3183631896973
1,21.11,6.97992996219546,22.3302841186523
1,21.12,6.98326326208189,22.350549697876
1,21.13,6.98659656196833,22.36008644104
1,21.14,6.98992986185476,22.3684310913086
1,21.15,6.9932631617412,22.3863124847412
1,21.16,6.99659646162763,22.3946571350098
1,21.17,6.99992976151407,22.4125385284424
1,21.18,7.0032630614005,22.4220752716064
1,21.19,7.00659636128694,22.4316120147705
1,21.2,7.00992966117337,22.4435329437256
1,21.21,7.01326296105981,22.4590301513672
1,21.22,7.01659626094624,22.4673748016357
1,21.23,7.01992956083268,22.4828720092773
1,21.24,7.02326286071911,22.4888324737549
1,21.25,7.02659616060555,22.505521774292
1,21.26,7.02992946049199,22.5186347961426
1,21.27,7.03326276037842,22.5353240966797
1,21.28,7.03659606026486,22.5484371185303
1,21.29,7.03992936015129,22.5591659545898
1,21.3,7.04326266003773,22.5770473480225
1,21.31,7.04659595992416,22.5830078125
1,21.32,7.0499292598106,22.6008892059326
1,21.33,7.05326255969703,22.6128101348877
1,21.34,7.05659585958347,22.6247310638428
1,21.35,7.0599291594699,22.6414203643799
1,21.36,7.06326245935634,22.6545333862305
1,21.37,7.06659575924277,22.662878036499
1,21.38,7.06992905912921,22.6831436157227
1,21.39,7.07326235901564,22.7010250091553
1,21.4,7.07659565890208,22.7105617523193
1,21.41,7.07992895878852,22.7260589599609
1,21.42,7.08326225867495,22.735595703125
1,21.43,7.08659555856138,22.7499008178711
1,21.44,7.08992885844782,22.7689743041992
1,21.45,7.09326215833426,22.7808952331543
1,21.46,7.09659545822069,22.8023529052734
1,21.47,7.09992875810713,22.8214263916016
1,21.48,7.10326205799356,22.8452682495117
1,21.49,7.10659535788,22.8583812713623
1,21.5,7.10992865776643,22.8738784790039
1,21.51,7.11326195765287,22.892951965332
1,21.52,7.1165952575393,22.9120254516602
1,21.53,7.11992855742574,22.9287147521973
1,21.54,7.12326185731217,22.9442119598389
1,21.55,7.12992845708504,22.9549407958984
1,21.57,7.13326175697148,22.9907035827637
1,21.58,7.13659505685791,23.0145454406738
1,21.59,7.13992835674435,23.0252742767334
1,21.6,7.14326165663078,23.0371952056885
1,21.61,7.14992825640365,23.0574607849121
1,21.63,7.15659485617653,23.0979919433594
1,21.64,7.15992815606296,23.1170654296875
1,21.65,7.1632614559494,23.1254100799561
1,21.66,7.16659475583583,23.1456756591797
1,21.68,7.16992805572227,23.188591003418
1,21.69,7.17659465549514,23.2124328613281
1,21.7,7.17992795538157,23.2303142547607
1,21.71,7.18326125526801,23.2529640197754
1,21.72,7.18659455515444,23.27561378479
1,21.73,7.18992785504088,23.2994556427002
1,21.74,7.19326115492731,23.3161449432373
1,21.75,7.19659445481375,23.341178894043
1,21.76,7.19992775470018,23.3566761016846
1,21.78,7.20326105458662,23.4007835388184
1,21.79,7.20992765435949,23.4174728393555
1,21.8,7.21326095424593,23.4377384185791
1,21.81,7.21659425413236,23.4603881835938
1,21.82,7.2199275540188,23.4794616699219
1,21.83,7.22326085390523,23.4973430633545
1,21.84,7.22659415379167,23.5104560852051
1,21.85,7.2299274536781,23.5354900360107
1,21.86,7.23326075356454,23.5497951507568
1,21.87,7.23659405345097,23.5641002655029
1,21.88,7.23992735333741,23.5819816589355
1,21.89,7.24326065322384,23.5998630523682
1,21.9,7.24659395311028,23.6153602600098
1,21.91,7.24992725299671,23.6272811889648
1,21.92,7.25326055288315,23.6451625823975
1,21.93,7.25659385276958,23.6630439758301
1,21.94,7.25992715265602,23.6785411834717
1,21.95,7.26326045254245,23.6976146697998
1,21.96,7.26659375242889,23.7143039703369
1,21.97,7.26992705231532,23.7321853637695
1,21.98,7.27326035220176,23.7476825714111
1,21.99,7.2765936520882,23.7572193145752
1,22,7.27992695197463,23.7774848937988
1,22.01,7.28326025186107,23.7846374511719
1,22.02,7.2865935517475,23.8025188446045
1,22.03,7.28992685163394,23.8096714019775
1,22.04,7.29326015152037,23.8239765167236
1,22.05,7.29659345140681,23.8323211669922
1,22.06,7.29992675129324,23.8454341888428
1,22.07,7.30326005117968,23.8561630249023
1,22.08,7.30659335106611,23.8656997680664
1,22.09,7.30992665095255,23.881196975708
1,22.1,7.31325995083898,23.8955020904541
1,22.11,7.31659325072542,23.9109992980957
1,22.12,7.31992655061185,23.9253044128418
1,22.13,7.32325985049829,23.9372253417969
1,22.14,7.32659315038473,23.958683013916
1,22.15,7.32992645027116,23.9801406860352
1,22.16,7.33325975015759,24.0004062652588
1,22.17,7.33659305004403,24.0159034729004
1,22.18,7.33992634993047,24.033784866333
1,22.19,7.3432596498169,24.0504741668701
1,22.2,7.34659294970334,24.0647792816162
1,22.21,7.34992624958977,24.0826606750488
1,22.22,7.35325954947621,24.0981578826904
1,22.23,7.35659284936264,24.1219997406006
1,22.24,7.35992614924908,24.1315364837646
1,22.25,7.36325944913551,24.1410732269287
1,22.26,7.36659274902195,24.1637229919434
1,22.27,7.36992604890838,24.1684913635254
1,22.28,7.37325934879482,24.179220199585
1,22.29,7.37659264868125,24.1959095001221
1,22.3,7.37992594856769,24.1959095001221
1,22.31,7.38325924845412,24.2030620574951
1,22.32,7.38659254834056,24.2161750793457
1,22.33,7.389925848227,24.2269039154053
1,22.34,7.39325914811343,24.2447853088379
1,22.35,7.39659244799986,24.259090423584
1,22.36,7.3999257478863,24.268627166748
1,22.37,7.40325904777274,24.2853164672852
1,22.38,7.40659234765917,24.2996215820313
1,22.39,7.40992564754561,24.3175029754639
1,22.4,7.41325894743204,24.3353843688965
1,22.41,7.41659224731848,24.3508815765381
1,22.42,7.41992554720491,24.3699550628662
1,22.43,7.42325884709135,24.3818759918213
1,22.44,7.42659214697778,24.4033336639404
1,22.45,7.42992544686422,24.421215057373
1,22.46,7.43325874675065,24.4343280792236
1,22.47,7.43659204663709,24.4462490081787
1,22.48,7.43992534652352,24.4688987731934
1,22.49,7.44325864640996,24.4772434234619
1,22.5,7.44659194629639,24.4951248168945
1,22.51,7.44992524618283,24.5058536529541
1,22.52,7.45325854606926,24.5225429534912
1,22.53,7.4565918459557,24.5392322540283
1,22.54,7.45992514584214,24.5487689971924
1,22.55,7.46325844572857,24.5583057403564
1,22.56,7.46659174561501,24.573802947998
1,22.57,7.46992504550144,24.5845317840576
1,22.58,7.47325834538788,24.6012210845947
1,22.59,7.47659164527431,24.6107578277588
1,22.6,7.47992494516075,24.6274471282959
1,22.61,7.48325824504718,24.6345996856689
1,22.62,7.48659154493362,24.6512889862061
1,22.63,7.48992484482005,24.6620178222656
1,22.64,7.49325814470649,24.6655941009521
1,22.65,7.49659144459292,24.6846675872803
1,22.66,7.49992474447936,24.6930122375488
1,22.67,7.50325804436579,24.7049331665039
1,22.68,7.50659134425223,24.7228145599365
1,22.69,7.50992464413866,24.7359275817871
1,22.7,7.5132579440251,24.7430801391602
1,22.71,7.51659124391153,24.7609615325928
1,22.72,7.51992454379797,24.7681140899658
1,22.73,7.52325784368441,24.789571762085
1,22.74,7.52659114357084,24.799108505249
1,22.75,7.52992444345728,24.8146057128906
1,22.76,7.53325774334371,24.8289108276367
1,22.77,7.53659104323015,24.8432159423828
1,22.78,7.53992434311658,24.8527526855469
1,22.79,7.54325764300302,24.8599052429199
1,22.8,7.54659094288945,24.878978729248
1,22.81,7.54992424277589,24.8885154724121
1,22.82,7.55325754266232,24.9040126800537
1,22.83,7.55659084254876,24.9195098876953
1,22.84,7.55992414243519,24.9350070953369
1,22.85,7.56325744232163,24.9505043029785
1,22.86,7.56659074220806,24.9683856964111
1,22.87,7.5699240420945,24.9838829040527
1,22.88,7.57325734198094,25.0113010406494
1,22.89,7.57659064186737,25.029182434082
1,22.9,7.5799239417538,25.0518321990967
1,22.91,7.58325724164024,25.0709056854248
1,22.92,7.58659054152668,25.0887870788574
1,22.93,7.58992384141311,25.1162052154541
1,22.94,7.59325714129955,25.1376628875732
1,22.95,7.59659044118598,25.1507759094238
1,22.96,7.59992374107242,25.1734256744385
1,22.97,7.60325704095885,25.1924991607666
1,22.98,7.60659034084529,25.2127647399902
1,22.99,7.60992364073172,25.2294540405273
1,23,7.61325694061816,25.2401828765869
1,23.01,7.61659024050459,25.259256362915
1,23.02,7.61992354039103,25.2759456634521
1,23.03,7.62325684027746,25.2890586853027
1,23.04,7.6265901401639,25.2962112426758
1,23.05,7.62992344005033,25.3152847290039
1,23.06,7.63325673993677,25.32958984375
1,23.07,7.63659003982321,25.3415107727051
1,23.08,7.63992333970964,25.3546237945557
1,23.09,7.64325663959607,25.3784656524658
1,23.1,7.64658993948251,25.3880023956299
1,23.11,7.64992323936895,25.4058837890625
1,23.12,7.65325653925538,25.4261493682861
1,23.13,7.65658983914182,25.4416465759277
1,23.14,7.65992313902825,25.4619121551514
1,23.15,7.66325643891469,25.477409362793
1,23.16,7.66658973880112,25.4952907562256
1,23.17,7.66992303868756,25.5215167999268
1,23.18,7.67325633857399,25.5370140075684
1,23.19,7.67658963846043,25.5489349365234
1,23.2,7.67992293834686,25.5692005157471
1,23.21,7.6832562382333,25.5835056304932
1,23.22,7.68658953811973,25.5990028381348
1,23.23,7.68992283800617,25.6133079528809
1,23.24,7.6932561378926,25.6288051605225
1,23.25,7.69658943777904,25.6359577178955
1,23.26,7.69992273766547,25.6502628326416
1,23.27,7.70325603755191,25.6669521331787
1,23.28,7.70658933743835,25.6788730621338
1,23.29,7.70992263732478,25.7003307342529
1,23.3,7.71325593721122,25.7134437561035
1,23.31,7.71658923709765,25.7229804992676
1,23.32,7.71992253698409,25.7468223571777
1,23.33,7.72325583687052,25.7587432861328
1,23.34,7.72658913675696,25.7813930511475
1,23.35,7.72992243664339,25.7980823516846
1,23.36,7.73325573652983,25.8123874664307
1,23.37,7.73658903641626,25.8338451385498
1,23.38,7.7399223363027,25.8457660675049
1,23.39,7.74325563618913,25.869607925415
1,23.4,7.74658893607557,25.8839130401611
1,23.41,7.749922235962,25.9017944335938
1,23.42,7.75325553584844,25.9172916412354
1,23.43,7.75658883573487,25.9280204772949
1,23.44,7.75992213562131,25.9482860565186
1,23.45,7.76325543550774,25.9602069854736
1,23.46,7.76658873539418,25.9804725646973
1,23.47,7.76992203528062,25.9888172149658
1,23.48,7.77325533516705,26.0114669799805
1,23.49,7.77658863505349,26.0210037231445
1,23.5,7.77992193493992,26.0305404663086
1,23.51,7.78325523482636,26.0508060455322
1,23.52,7.78658853471279,26.0639190673828
1,23.53,7.78992183459923,26.0818004608154
1,23.54,7.79325513448566,26.0984897613525
1,23.55,7.7965884343721,26.1163711547852
1,23.56,7.79992173425853,26.1342525482178
1,23.57,7.80325503414497,26.1509418487549
1,23.58,7.8065883340314,26.172399520874
1,23.59,7.80992163391784,26.1890888214111
1,23.6,7.81325493380427,26.2117385864258
1,23.61,7.81658823369071,26.2308120727539
1,23.62,7.81992153357715,26.2451171875
1,23.63,7.82325483346358,26.2546539306641
1,23.64,7.82658813335002,26.2665748596191
1,23.65,7.82992143323645,26.2868404388428
1,23.66,7.83325473312289,26.3035297393799
1,23.67,7.83658803300932,26.3106822967529
1,23.68,7.83992133289576,26.324987411499
1,23.69,7.84325463278219,26.3357162475586
1,23.7,7.84658793266863,26.3488292694092
1,23.71,7.84992123255506,26.3643264770508
1,23.72,7.8532545324415,26.3786315917969
1,23.73,7.85658783232793,26.3893604278564
1,23.74,7.85992113221437,26.4084339141846
1,23.75,7.8632544321008,26.4191627502441
1,23.76,7.86658773198724,26.4334678649902
1,23.77,7.86992103187367,26.4537334442139
1,23.78,7.87325433176011,26.4632701873779
1,23.79,7.87658763164654,26.4847278594971
1,23.8,7.87992093153298,26.4966487884521
1,23.81,7.88325423141941,26.5157222747803
1,23.82,7.88658753130585,26.5324115753174
1,23.83,7.88992083119228,26.5491008758545
1,23.84,7.89325413107872,26.5681743621826
1,23.85,7.89658743096516,26.5884399414063
1,23.86,7.89992073085159,26.5991687774658
1,23.87,7.90325403073803,26.620626449585
1,23.88,7.90658733062446,26.6373157501221
1,23.89,7.9099206305109,26.6599655151367
1,23.9,7.91325393039733,26.6814231872559
1,23.91,7.91658723028377,26.698112487793
1,23.92,7.9199205301702,26.7148017883301
1,23.93,7.92325383005664,26.7410278320313
1,23.94,7.92658712994307,26.7541408538818
1,23.95,7.92992042982951,26.7720222473145
1,23.96,7.93325372971594,26.7910957336426
1,23.97,7.93658702960238,26.8054008483887
1,23.98,7.93992032948881,26.8197059631348
1,23.99,7.94325362937525,26.8256664276123
1,24,7.94658692926169,26.848316192627
1,24.01,7.94992022914812,26.85546875
1,24.02,7.95325352903456,26.8745422363281
1,24.03,7.95658682892099,26.8805027008057
1,24.04,7.95992012880743,26.8995761871338
1,24.05,7.96325342869386,26.9126892089844
1,24.06,7.9665867285803,26.9269943237305
1,24.07,7.96992002846673,26.9412994384766
1,24.08,7.97325332835317,26.9544124603271
1,24.09,7.9765866282396,26.9651412963867
1,24.1,7.97991992812604,26.9818305969238
1,24.11,7.98325322801247,26.9889831542969
1,24.12,7.98658652789891,27.005672454834
1,24.13,7.98991982778534,27.0187854766846
1,24.14,7.99325312767178,27.0366668701172
1,24.15,7.99658642755821,27.0473957061768
1,24.16,7.99991972744465,27.0593166351318
1,24.17,8.00325302733108,27.0771980285645
1,24.18,8.00658632721752,27.090311050415
1,24.19,8.00991962710395,27.1093845367432
1,24.2,8.01325292699039,27.1260738372803
1,24.21,8.01658622687683,27.1391868591309
1,24.22,8.01991952676326,27.1546840667725
1,24.23,8.0232528266497,27.165412902832
1,24.24,8.02658612653613,27.1880626678467
1,24.25,8.02991942642257,27.2059440612793
1,24.26,8.033252726309,27.2202491760254
1,24.27,8.03658602619544,27.238130569458
1,24.28,8.03991932608187,27.2500514984131
1,24.29,8.04325262596831,27.2572040557861
1,24.3,8.04658592585474,27.2762775421143
1,24.31,8.04991922574118,27.2929668426514
1,24.32,8.05325252562761,27.310848236084
1,24.33,8.05658582551405,27.3239612579346
1,24.34,8.05991912540048,27.3418426513672
1,24.35,8.06325242528692,27.3573398590088
1,24.36,8.06658572517335,27.3740291595459
1,24.37,8.06991902505979,27.395486831665
1,24.38,8.07325232494623,27.4062156677246
1,24.39,8.07658562483266,27.4264812469482
1,24.4,8.0799189247191,27.4467468261719
1,24.41,8.08325222460553,27.4622440338135
1,24.42,8.08658552449197,27.4872779846191
1,24.43,8.0899188243784,27.5063514709473
1,24.44,8.09325212426484,27.5349617004395
1,24.45,8.09658542415127,27.5599956512451
1,24.46,8.09991872403771,27.5790691375732
1,24.47,8.10325202392414,27.5993347167969
1,24.48,8.10658532381058,27.6315212249756
1,24.49,8.10991862369701,27.6541709899902
1,24.5,8.11325192358345,27.6815891265869
1,24.51,8.11658522346988,27.7018547058105
1,24.52,8.11991852335632,27.7173519134521
1,24.53,8.12325182324276,27.7459621429443
1,24.54,8.12658512312919,27.766227722168
1,24.55,8.12991842301562,27.7817249298096
1,24.56,8.13325172290206,27.8031826019287
1,24.57,8.13658502278849,27.8115272521973
1,24.58,8.13991832267493,27.8353691101074
1,24.59,8.14325162256137,27.850866317749
1,24.6,8.1465849224478,27.8687477111816
1,24.61,8.14991822233424,27.8794765472412
1,24.62,8.15325152222067,27.8961658477783
1,24.63,8.15658482210711,27.9068946838379
1,24.64,8.15991812199354,27.930736541748
1,24.65,8.16325142187998,27.9366970062256
1,24.66,8.16658472176641,27.9569625854492
1,24.67,8.16991802165285,27.9819965362549
1,24.68,8.17325132153928,27.996301651001
1,24.69,8.17658462142572,28.0106067657471
1,24.7,8.17991792131215,28.0332565307617
1,24.71,8.18325122119859,28.0404090881348
1,24.72,8.18658452108502,28.0606746673584
1,24.73,8.18991782097146,28.0773639678955
1,24.74,8.19325112085789,28.0904769897461
1,24.75,8.19658442074433,28.1023979187012
1,24.76,8.19991772063077,28.1083583831787
1,24.77,8.2032510205172,28.1286239624023
1,24.78,8.20658432040364,28.1393527984619
1,24.79,8.20991762029007,28.1608104705811
1,24.8,8.21325092017651,28.1691551208496
1,24.81,8.21658422006294,28.1786918640137
1,24.82,8.21991751994938,28.1894207000732
1,24.83,8.22325081983581,28.1989574432373
1,24.84,8.22991741960868,28.2108783721924
1,24.86,8.23325071949512,28.223991394043
1,24.87,8.23658401938155,28.233528137207
1,24.88,8.23991731926799,28.2418727874756
1,24.89,8.24325061915443,28.2561779022217
1,24.9,8.24991721892729,28.2645225524902
1,24.91,8.25325051881373,28.2776355743408
1,24.92,8.25658381870016,28.2895565032959
1,24.93,8.2599171185866,28.301477432251
1,24.94,8.26325041847304,28.303861618042
1,24.95,8.26658371835947,28.3229351043701
1,24.97,8.26991701824591,28.3443927764893
1,24.98,8.27658361801878,28.3551216125488
1,24.99,8.27991691790521,28.3610820770264
1,25.01,8.28325021779165,28.3825397491455
1,25.02,8.28991681756452,28.4028053283691
1,25.03,8.29325011745095,28.4194946289063
1,25.04,8.29658341733739,28.4361839294434
1,25.05,8.29991671722382,28.454065322876
1,25.07,8.30325001711026,28.4922122955322
1,25.08,8.30991661688313,28.5136699676514
1,25.09,8.31324991676956,28.531551361084
1,25.1,8.316583216656,28.5589694976807
1,25.11,8.31991651654244,28.5744667053223
1,25.12,8.32324981642887,28.5995006561279
1,25.13,8.32658311631531,28.6149978637695
1,25.14,8.32991641620174,28.6340713500977
1,25.15,8.33324971608818,28.6531448364258
1,25.16,8.33658301597461,28.6698341369629
1,25.17,8.33991631586105,28.693675994873
1,25.18,8.34324961574748,28.7115573883057
1,25.19,8.34658291563392,28.7318229675293
1,25.2,8.34991621552035,28.7508964538574
1,25.21,8.35324951540679,28.7723541259766
1,25.22,8.35658281529322,28.7950038909912
1,25.23,8.35991611517966,28.8057327270508
1,25.24,8.36324941506609,28.8295745849609
1,25.25,8.36658271495253,28.846263885498
1,25.26,8.36991601483897,28.8712978363037
1,25.27,8.3732493147254,28.8891792297363
1,25.28,8.37658261461183,28.911828994751
1,25.29,8.37991591449827,28.9332866668701
1,25.3,8.3832492143847,28.9475917816162
1,25.31,8.38658251427114,28.9642810821533
1,25.32,8.38991581415758,28.9833545684814
1,25.33,8.39324911404401,29.0048122406006
1,25.34,8.39658241393045,29.0262699127197
1,25.35,8.39991571381688,29.0441513061523
1,25.36,8.40324901370332,29.069185256958
1,25.37,8.40658231358975,29.0822982788086
1,25.38,8.40991561347619,29.0954113006592
1,25.39,8.41324891336262,29.1121006011963
1,25.4,8.41658221324906,29.1228294372559
1,25.41,8.41991551313549,29.137134552002
1,25.42,8.42324881302193,29.149055480957
1,25.43,8.42658211290836,29.1633605957031
1,25.44,8.4299154127948,29.1800498962402
1,25.45,8.43324871268123,29.1967391967773
1,25.46,8.43658201256767,29.2181968688965
1,25.47,8.4399153124541,29.2336940765381
1,25.48,8.44324861234054,29.2503833770752
1,25.49,8.44658191222698,29.2730331420898
1,25.5,8.44991521211341,29.292106628418
1,25.51,8.45324851199985,29.3159484863281
1,25.52,8.45658181188628,29.3338298797607
1,25.53,8.45991511177272,29.3469429016113
1,25.54,8.46324841165915,29.3660163879395
1,25.55,8.46658171154559,29.3862819671631
1,25.56,8.46991501143202,29.4005870819092
1,25.57,8.47324831131846,29.4208526611328
1,25.58,8.47658161120489,29.4435024261475
1,25.59,8.47991491109133,29.456615447998
1,25.6,8.48324821097776,29.4733047485352
1,25.61,8.4865815108642,29.4899940490723
1,25.62,8.48991481075064,29.4995307922363
1,25.63,8.49324811063707,29.5186042785645
1,25.64,8.4965814105235,29.5209884643555
1,25.65,8.49991471040994,29.5519828796387
1,25.66,8.50324801029637,29.5662879943848
1,25.67,8.50658131018281,29.5710563659668
1,25.68,8.50991461006925,29.5925140380859
1,25.69,8.51324790995568,29.597282409668
1,25.7,8.51658120984212,29.6187400817871
1,25.71,8.51991450972855,29.6235084533691
1,25.72,8.52324780961499,29.6282768249512
1,25.73,8.52658110950142,29.6449661254883
1,25.74,8.52991440938786,29.6449661254883
1,25.75,8.53324770927429,29.6711921691895
1,25.76,8.53658100916073,29.6688079833984
1,25.77,8.53991430904716,29.6902656555176
1,25.78,8.5432476089336,29.7069549560547
1,25.79,8.54658090882003,29.7212600708008
1,25.8,8.54991420870647,29.7379493713379
1,25.81,8.5532475085929,29.7403335571289
1,25.82,8.55658080847934,29.761791229248
1,25.83,8.55991410836577,29.7880172729492
1,25.84,8.56324740825221,29.7975540161133
1,25.85,8.56658070813865,29.8309326171875
1,25.86,8.56991400802508,29.8476219177246
1,25.87,8.57324730791152,29.8547744750977
1,25.88,8.57658060779795,29.8833847045898
1,25.89,8.57991390768439,29.8929214477539
1,25.9,8.58324720757082,29.9191474914551
1,25.91,8.58658050745726,29.9334526062012
1,25.92,8.58991380734369,29.9620628356934
1,25.93,8.59324710723013,29.9906730651855
1,25.94,8.59658040711656,30.0073623657227
1,25.95,8.599913707003,30.0216674804688
1,25.96,8.60324700688943,30.055046081543
1,25.97,8.60658030677587,30.0741195678711
1,25.98,8.6099136066623,30.0884246826172
1,25.99,8.61324690654874,30.1241874694824
1,26,8.61658020643518,30.1480293273926
1,26.01,8.61991350632161,30.1766395568848
1,26.02,8.62324680620804,30.1885604858398
1,26.03,8.62658010609448,30.2290916442871
1,26.04,8.62991340598091,30.2362442016602
1,26.05,8.63324670586735,30.2696228027344
1,26.06,8.63658000575379,30.2839279174805
1,26.07,8.63991330564022,30.2910804748535
1,26.08,8.64324660552666,30.3196907043457
1,26.09,8.64657990541309,30.3339958190918
1,26.1,8.64991320529953,30.3459167480469
1,26.11,8.65324650518596,30.364990234375
1,26.12,8.6565798050724,30.3816795349121
1,26.13,8.65991310495883,30.4007530212402
1,26.14,8.66324640484527,30.4126739501953
1,26.15,8.6665797047317,30.4341316223145
1,26.16,8.66991300461814,30.4412841796875
1,26.17,8.67324630450457,30.4698944091797
1,26.18,8.67657960439101,30.4865837097168
1,26.19,8.67991290427744,30.4889678955078
1,26.2,8.68324620416388,30.515193939209
1,26.21,8.68657950405031,30.5318832397461
1,26.22,8.68991280393675,30.5509567260742
1,26.23,8.69324610382319,30.5652618408203
1,26.24,8.69657940370962,30.5819511413574
1,26.25,8.69991270359606,30.5986404418945
1,26.26,8.70324600348249,30.6224822998047
1,26.27,8.70657930336893,30.6367874145508
1,26.28,8.70991260325536,30.6582450866699
1,26.29,8.7132459031418,30.674934387207
1,26.3,8.71657920302823,30.6987762451172
1,26.31,8.71991250291467,30.7083129882813
1,26.32,8.7232458028011,30.7345390319824
1,26.33,8.72657910268754,30.7464599609375
1,26.34,8.72991240257397,30.7822227478027
1,26.35,8.73324570246041,30.7917594909668
1,26.36,8.73657900234685,30.8084487915039
1,26.37,8.73991230223328,30.827522277832
1,26.38,8.74324560211971,30.8394432067871
1,26.39,8.74657890200615,30.8561325073242
1,26.4,8.74991220189258,30.8752059936523
1,26.41,8.75324550177902,30.8942794799805
1,26.42,8.75657880166546,30.9038162231445
1,26.43,8.75991210155189,30.9252738952637
1,26.44,8.76324540143833,30.9348106384277
1,26.45,8.76657870132476,30.9538841247559
1,26.46,8.7699120012112,30.972957611084
1,26.47,8.77324530109763,30.982494354248
1,26.48,8.77657860098407,31.0087203979492
1,26.49,8.7799119008705,31.0182571411133
1,26.5,8.78324520075694,31.0301780700684
1,26.51,8.78657850064337,31.0325622558594
1,26.52,8.78991180052981,31.0635566711426
1,26.53,8.79324510041624,31.0707092285156
1,26.54,8.79657840030268,31.0754776000977
1,26.55,8.79991170018911,31.1088562011719
1,26.56,8.80324500007555,31.120777130127
1,26.57,8.80657829996198,31.132698059082
1,26.58,8.80991159984842,31.1517715454102
1,26.59,8.81324489973486,31.1636924743652
1,26.6,8.81657819962129,31.1946868896484
1,26.61,8.81991149950773,31.1994552612305
1,26.62,8.82324479939416,31.2352180480957
1,26.63,8.8265780992806,31.2566757202148
1,26.64,8.82991139916703,31.278133392334
1,26.65,8.83324469905347,31.2900543212891
1,26.66,8.8365779989399,31.3115119934082
1,26.67,8.83991129882634,31.3258171081543
1,26.68,8.84324459871277,31.3472747802734
1,26.69,8.84657789859921,31.3591957092285
1,26.7,8.84991119848564,31.3830375671387
1,26.71,8.85324449837208,31.4021110534668
1,26.72,8.85657779825851,31.4140319824219
1,26.73,8.85991109814495,31.440258026123
1,26.74,8.86324439803139,31.4450263977051
1,26.75,8.86657769791782,31.4593315124512
1,26.76,8.86991099780425,31.4807891845703
1,26.77,8.87324429769069,31.4903259277344
1,26.78,8.87657759757712,31.5141677856445
1,26.79,8.87991089746356,31.5237045288086
1,26.8,8.88324419735,31.5499305725098
1,26.81,8.88657749723643,31.5594673156738
1,26.82,8.88991079712287,31.585693359375
1,26.83,8.8932440970093,31.5976142883301
1,26.84,8.89657739689574,31.6166877746582
1,26.85,8.89991069678217,31.6286087036133
1,26.86,8.90324399666861,31.6452980041504
1,26.87,8.90657729655504,31.6619873046875
1,26.88,8.90991059644148,31.6882133483887
1,26.89,8.91324389632791,31.6953659057617
1,26.9,8.91657719621435,31.7263603210449
1,26.91,8.91991049610078,31.73828125
1,26.92,8.92324379598722,31.7573547363281
1,26.93,8.92657709587365,31.7931175231934
1,26.94,8.92991039576009,31.7955017089844
1,26.95,8.93324369564652,31.8264961242676
1,26.96,8.93657699553296,31.8455696105957
1,26.97,8.9399102954194,31.8694114685059
1,26.98,8.94324359530583,31.8694114685059
1,26.99,8.94657689519227,31.895637512207
1,27,8.9499101950787,31.9075584411621
1,27.01,8.95324349496514,31.9337844848633
1,27.02,8.95657679485157,31.9314002990723
1,27.03,8.95991009473801,31.9528579711914
1,27.04,8.96324339462444,31.9647789001465
1,27.05,8.96657669451088,31.9766998291016
1,27.06,8.96990999439731,31.9814682006836
1,27.07,8.97324329428375,32.0053100585938
1,27.08,8.97657659417018,32.0267677307129
1,27.09,8.97990989405662,32.050609588623
1,27.1,8.98324319394306,32.0625305175781
1,27.11,8.98657649382949,32.0887565612793
1,27.12,8.98990979371592,32.1030616760254
1,27.13,8.99324309360236,32.1078300476074
1,27.14,8.99657639348879,32.1388244628906
1,27.15,8.99990969337523,32.1531295776367
1,27.16,9.00324299326167,32.191276550293
1,27.17,9.0065762931481,32.2055816650391
1,27.18,9.00990959303454,32.2198867797852
1,27.19,9.01324289292097,32.2484970092773
1,27.2,9.01657619280741,32.2699546813965
1,27.21,9.01990949269384,32.2890281677246
1,27.22,9.02324279258028,32.3152542114258
1,27.23,9.02657609246671,32.3390960693359
1,27.24,9.02990939235315,32.351016998291
1,27.25,9.03324269223958,32.3796272277832
1,27.26,9.03657599212602,32.3987007141113
1,27.27,9.03990929201245,32.4153900146484
1,27.28,9.04324259189889,32.4225425720215
1,27.29,9.04657589178532,32.4440002441406
1,27.3,9.04990919167176,32.4654579162598
1,27.31,9.05324249155819,32.4845314025879
1,27.32,9.05657579144463,32.496452331543
1,27.33,9.05990909133107,32.5179100036621
1,27.34,9.0632423912175,32.5322151184082
1,27.35,9.06657569110394,32.5465202331543
1,27.36,9.06990899099037,32.5655937194824
1,27.37,9.07324229087681,32.5846672058105
1,27.38,9.07657559076324,32.6108932495117
1,27.39,9.07990889064968,32.6228141784668
1,27.4,9.08324219053611,32.6347351074219
1,27.41,9.08657549042255,32.6728820800781
1,27.42,9.08990879030898,32.6752662658691
1,27.43,9.09324209019542,32.7014923095703
1,27.44,9.09657539008185,32.7181816101074
1,27.45,9.09990868996829,32.7587127685547
1,27.46,9.10324198985472,32.7658653259277
1,27.47,9.10657528974116,32.7754020690918
1,27.48,9.1099085896276,32.808780670166
1,27.49,9.11324188951403,32.8278541564941
1,27.5,9.11657518940046,32.8493118286133
1,27.51,9.1199084892869,32.8683853149414
1,27.52,9.12324178917333,32.8898429870605
1,27.53,9.12657508905977,32.9184532165527
1,27.54,9.12990838894621,32.9351425170898
1,27.55,9.13324168883264,32.958984375
1,27.56,9.13657498871908,32.9780578613281
1,27.57,9.13990828860551,32.9947471618652
1,27.58,9.14324158849195,33.0233573913574
1,27.59,9.14657488837838,33.0376625061035
1,27.6,9.14990818826482,33.0543518066406
1,27.61,9.15324148815125,33.0781936645508
1,27.62,9.15657478803769,33.0853462219238
1,27.63,9.15990808792412,33.109188079834
1,27.64,9.16324138781056,33.113956451416
1,27.65,9.16657468769699,33.1497192382813
1,27.66,9.16990798758343,33.1616401672363
1,27.67,9.17324128746986,33.1783294677734
1,27.68,9.1765745873563,33.2045555114746
1,27.69,9.17990788724273,33.2117080688477
1,27.7,9.18324118712917,33.2307815551758
1,27.71,9.18657448701561,33.2522392272949
1,27.72,9.18990778690204,33.261775970459
1,27.73,9.19324108678848,33.2927703857422
1,27.74,9.19657438667491,33.2975387573242
1,27.75,9.19990768656135,33.3261489868164
1,27.76,9.20324098644778,33.3428382873535
1,27.77,9.20657428633422,33.3666801452637
1,27.78,9.20990758622065,33.3762168884277
1,27.79,9.21324088610709,33.4000587463379
1,27.8,9.21657418599352,33.423900604248
1,27.81,9.21990748587996,33.4358215332031
1,27.82,9.22324078576639,33.4548950195313
1,27.83,9.22657408565283,33.4787368774414
1,27.84,9.22990738553927,33.4954261779785
1,27.85,9.2332406854257,33.5192680358887
1,27.86,9.23657398531213,33.5311889648438
1,27.87,9.23990728519857,33.5502624511719
1,27.88,9.243240585085,33.5693359375
1,27.89,9.24657388497144,33.571720123291
1,27.9,9.24990718485788,33.5955619812012
1,27.91,9.25324048474431,33.6146354675293
1,27.92,9.25657378463075,33.6360931396484
1,27.93,9.25990708451718,33.6575508117676
1,27.94,9.26324038440362,33.6742401123047
1,27.95,9.26657368429005,33.7004661560059
1,27.96,9.26990698417649,33.714771270752
1,27.97,9.27324028406292,33.7433815002441
1,27.98,9.27657358394936,33.7505340576172
1,27.99,9.27990688383579,33.7815284729004
1,28,9.28324018372223,33.7934494018555
1,28.01,9.28657348360866,33.8244438171387
1,28.02,9.2899067834951,33.8268280029297
1,28.03,9.29324008338153,33.8506698608398
1,28.04,9.29657338326797,33.8578224182129
1,28.05,9.2999066831544,33.8912010192871
1,28.06,9.30323998304084,33.9055061340332
1,28.07,9.30657328292728,33.9269638061523
1,28.08,9.30990658281371,33.9412689208984
1,28.09,9.31323988270015,33.9603424072266
1,28.1,9.31657318258658,33.9674949645996
1,28.11,9.31990648247302,33.9841842651367
1,28.12,9.32323978235945,34.0104103088379
1,28.13,9.32657308224589,34.024715423584
1,28.14,9.32990638213232,34.0390205383301
1,28.15,9.33323968201876,34.0700149536133
1,28.16,9.33657298190519,34.0795516967773
1,28.17,9.33990628179163,34.0962409973145
1,28.18,9.34323958167806,34.1248512268066
1,28.19,9.3465728815645,34.1415405273438
1,28.2,9.34990618145093,34.172534942627
1,28.21,9.35323948133737,34.1892242431641
1,28.22,9.35657278122381,34.2178344726563
1,28.23,9.35990608111024,34.2345237731934
1,28.24,9.36323938099667,34.2488288879395
1,28.25,9.36657268088311,34.2702865600586
1,28.26,9.36990598076954,34.2869758605957
1,28.27,9.37323928065598,34.3132019042969
1,28.28,9.37657258054242,34.329891204834
1,28.29,9.37990588042885,34.3418121337891
1,28.3,9.38323918031529,34.3632698059082
1,28.31,9.38657248020172,34.3847274780273
1,28.32,9.38990578008816,34.3918800354004
1,28.33,9.39323907997459,34.4109535217285
1,28.34,9.39657237986103,34.4276428222656
1,28.35,9.39990567974746,34.4443321228027
1,28.36,9.4032389796339,34.4538688659668
1,28.37,9.40657227952033,34.482479095459
1,28.38,9.40990557940677,34.492015838623
1,28.39,9.4132388792932,34.5206260681152
1,28.4,9.41657217917964,34.5325469970703
1,28.41,9.41990547906607,34.5540046691895
1,28.42,9.42323877895251,34.5778465270996
1,28.43,9.42990537872538,34.5897674560547
1,28.45,9.43323867861182,34.635066986084
1,28.46,9.43657197849825,34.6565246582031
1,28.47,9.43990527838469,34.6851348876953
1,28.48,9.44323857827112,34.7042083740234
1,28.49,9.44990517804399,34.7185134887695
1,28.5,9.45323847793043,34.7590446472168
1,28.51,9.45657177781686,34.7733497619629
1,28.52,9.4599050777033,34.797191619873
1,28.53,9.46323837758973,34.8067283630371
1,28.54,9.46657167747617,34.8281860351563
1,28.55,9.4699049773626,34.8591804504395
1,28.56,9.47323827724904,34.8663330078125
1,28.57,9.47657157713548,34.8877906799316
1,28.58,9.47990487702191,34.9068641662598
1,28.59,9.48323817690834,34.9235534667969
1,28.6,9.48657147679478,34.935474395752
1,28.61,9.48990477668121,34.949779510498
1,28.62,9.49323807656765,34.9664688110352
1,28.63,9.49657137645409,34.9831581115723
1,28.64,9.49990467634052,35.0022315979004
1,28.65,9.50323797622696,35.0189208984375
1,28.66,9.50657127611339,35.0379943847656
1,28.67,9.50990457599983,35.0379943847656
1,28.68,9.51323787588626,35.0642204284668
1,28.69,9.5165711757727,35.0713729858398
1,28.7,9.51990447565913,35.1119041442871
1,28.71,9.52323777554557,35.1285934448242
1,28.72,9.526571075432,35.1333618164063
1,28.73,9.52990437531844,35.1643562316895
1,28.74,9.53323767520487,35.1834297180176
1,28.75,9.53657097509131,35.2168083190918
1,28.76,9.53990427497774,35.2239608764648
1,28.77,9.54323757486418,35.254955291748
1,28.78,9.54657087475061,35.2692604064941
1,28.79,9.54990417463705,35.2811813354492
1,28.8,9.55323747452349,35.3074073791504
1,28.81,9.55657077440992,35.3193283081055
1,28.82,9.55990407429636,35.3360176086426
1,28.83,9.56323737418279,35.3479385375977
1,28.84,9.56657067406923,35.3741645812988
1,28.85,9.56990397395566,35.3884696960449
1,28.86,9.5732372738421,35.402774810791
1,28.87,9.57657057372853,35.4194641113281
1,28.88,9.57990387361497,35.4385375976563
1,28.89,9.5832371735014,35.4480743408203
1,28.9,9.58657047338784,35.4528427124023
1,28.91,9.58990377327427,35.4671478271484
1,28.92,9.59323707316071,35.4814529418945
1,28.93,9.59657037304714,35.4886054992676
1,28.94,9.59990367293358,35.5148315429688
1,28.95,9.60323697282002,35.5219841003418
1,28.96,9.60657027270645,35.5291366577148
1,28.97,9.60990357259288,35.555362701416
1,28.98,9.61323687247932,35.5696678161621
1,28.99,9.61657017236575,35.6030464172363
1,29,9.61990347225219,35.6125831604004
1,29.01,9.62323677213863,35.6364250183105
1,29.02,9.62657007202506,35.6554985046387
1,29.03,9.6299033719115,35.6674194335938
1,29.04,9.63323667179793,35.700798034668
1,29.05,9.63656997168437,35.707950592041
1,29.06,9.6399032715708,35.7341766357422
1,29.07,9.64323657145724,35.7532501220703
1,29.08,9.64656987134367,35.7651710510254
1,29.09,9.64990317123011,35.7747077941895
1,29.1,9.65323647111654,35.8057022094727
1,29.11,9.65656977100298,35.8176231384277
1,29.12,9.65990307088941,35.8438491821289
1,29.13,9.66323637077585,35.853385925293
1,29.14,9.66656967066228,35.8724594116211
1,29.15,9.66990297054872,35.8986854553223
1,29.16,9.67323627043515,35.9249114990234
1,29.17,9.67656957032159,35.9487533569336
1,29.18,9.67990287020803,35.9654426574707
1,29.19,9.68323617009446,35.9845161437988
1,29.2,9.6865694699809,36.013126373291
1,29.21,9.68990276986733,36.0226631164551
1,29.22,9.69323606975377,36.0488891601563
1,29.23,9.6965693696402,36.0727310180664
1,29.24,9.69990266952664,36.0965728759766
1,29.25,9.70323596941307,36.1180305480957
1,29.26,9.70656926929951,36.1347198486328
1,29.27,9.70990256918594,36.165714263916
1,29.28,9.71323586907238,36.1728668212891
1,29.29,9.71656916895881,36.1919403076172
1,29.3,9.71990246884525,36.2157821655273
1,29.31,9.72323576873169,36.2372398376465
1,29.32,9.72656906861812,36.2563133239746
1,29.33,9.72990236850456,36.2682342529297
1,29.34,9.73323566839099,36.2968444824219
1,29.35,9.73656896827742,36.308765411377
1,29.36,9.73990226816386,36.3373756408691
1,29.37,9.7432355680503,36.3516807556152
1,29.38,9.74656886793673,36.3731384277344
1,29.39,9.74990216782317,36.3922119140625
1,29.4,9.7532354677096,36.4017486572266
1,29.41,9.75656876759604,36.4255905151367
1,29.42,9.75990206748247,36.4446640014648
1,29.43,9.76323536736891,36.4542007446289
1,29.44,9.76656866725534,36.4828109741211
1,29.45,9.76990196714178,36.5042686462402
1,29.46,9.77323526702821,36.5209579467773
1,29.47,9.77656856691465,36.5495681762695
1,29.48,9.77990186680108,36.5662574768066
1,29.49,9.78323516668752,36.5924835205078
1,29.5,9.78656846657395,36.613941192627
1,29.51,9.78990176646039,36.6330146789551
1,29.52,9.79323506634682,36.6544723510742
1,29.53,9.79656836623326,36.6854667663574
1,29.54,9.7999016661197,36.7021560668945
1,29.55,9.80323496600613,36.7307662963867
1,29.56,9.80656826589257,36.7569923400879
1,29.57,9.809901565779,36.768913269043
1,29.58,9.81323486566544,36.7879867553711
1,29.59,9.81656816555187,36.8142127990723
1,29.6,9.81990146543831,36.8261337280273
1,29.61,9.82323476532474,36.8499755859375
1,29.62,9.82656806521118,36.8595123291016
1,29.63,9.82990136509761,36.8833541870117
1,29.64,9.83323466498405,36.8905067443848
1,29.65,9.83656796487048,36.9167327880859
1,29.66,9.83990126475692,36.928653717041
1,29.67,9.84323456464335,36.9429588317871
1,29.68,9.84656786452979,36.9596481323242
1,29.69,9.84990116441623,36.9715690612793
1,29.7,9.85323446430266,36.9858741760254
1,29.71,9.85656776418909,37.0073318481445
1,29.72,9.85990106407553,37.0144844055176
1,29.73,9.86323436396196,37.0407104492188
1,29.74,9.8665676638484,37.0478630065918
1,29.75,9.86990096373484,37.078857421875
1,29.76,9.87323426362127,37.086009979248
1,29.77,9.87656756350771,37.1146202087402
1,29.78,9.87990086339414,37.1265411376953
1,29.79,9.88323416328058,37.1432304382324
1,29.8,9.88656746316701,37.1766090393066
1,29.81,9.88990076305345,37.1885299682617
1,29.82,9.89323406293988,37.2195243835449
1,29.83,9.89656736282632,37.238597869873
1,29.84,9.89990066271275,37.2648239135742
1,29.85,9.90323396259919,37.2791290283203
1,29.86,9.90656726248562,37.2958183288574
1,29.87,9.90990056237206,37.3268127441406
1,29.88,9.91323386225849,37.3411178588867
1,29.89,9.91656716214493,37.3744964599609
1,29.9,9.91990046203136,37.3935699462891
1,29.91,9.9232337619178,37.4245643615723
1,29.92,9.92656706180424,37.4412536621094
1,29.93,9.92990036169067,37.4722480773926
1,29.94,9.93323366157711,37.4913215637207
1,29.95,9.93656696146354,37.5270843505859
1,29.96,9.93990026134998,37.543773651123
1,29.97,9.94323356123641,37.5723838806152
1,29.98,9.94656686112285,37.5890731811523
1,29.99,9.94990016100928,37.6057624816895
1,30,9.95323346089572,37.6367568969727
1,30.01,9.95656676078215,37.6462936401367
1,30.02,9.95990006066859,37.6749038696289
1,30.03,9.96323336055502,37.696361541748
1,30.04,9.96656666044146,37.7321243286133
1,30.05,9.9698999603279,37.7488136291504
1,30.06,9.97323326021433,37.7631187438965
1,30.07,9.97656656010077,37.8036499023438
1,30.08,9.9798998599872,37.8227233886719
1,30.09,9.98323315987363,37.841796875
1,30.1,9.98656645976007,37.8704071044922
1,30.11,9.98989975964651,37.8990173339844
1,30.12,9.99323305953294,37.9228591918945
1,30.13,9.99656635941938,37.9395484924316
1,30.14,9.99989965930581,37.9562377929688
1,30.15,10.0032329591922,37.989616394043
1,30.16,10.0065662590787,38.0110740661621
1,30.17,10.0098995589651,38.0277633666992
1,30.18,10.0132328588516,38.0563735961914
1,30.19,10.016566158738,38.0635261535645
1,30.2,10.0198994586244,38.0873680114746
1,30.21,10.0232327585109,38.0992889404297
1,30.22,10.0265660583973,38.1326675415039
1,30.23,10.0298993582837,38.144588470459
1,30.24,10.0332326581702,38.1731986999512
1,30.25,10.0365659580566,38.1779670715332
1,30.26,10.039899257943,38.1922721862793
1,30.27,10.0432325578295,38.2184982299805
1,30.28,10.0465658577159,38.2280349731445
1,30.29,10.0498991576023,38.2614135742188
1,30.3,10.0532324574888,38.2757186889648
1,30.31,10.0565657573752,38.2876396179199
1,30.32,10.0598990572616,38.3090972900391
1,30.33,10.0632323571481,38.3377075195313
1,30.34,10.0665656570345,38.3448600769043
1,30.35,10.069898956921,38.3543968200684
1,30.36,10.0732322568074,38.3806228637695
1,30.37,10.0765655566938,38.3782386779785
1,30.38,10.0798988565803,38.4068489074707
1,30.39,10.0832321564667,38.4235382080078
1,30.4,10.0865654563531,38.444995880127
1,30.41,10.0898987562396,38.4616851806641
1,30.42,10.093232056126,38.4640693664551
1,30.43,10.0965653560124,38.4950637817383
1,30.44,10.0998986558989,38.4974479675293
1,30.45,10.1032319557853,38.5308265686035
1,30.46,10.1065652556717,38.5379791259766
1,30.47,10.1098985555582,38.5499000549316
1,30.48,10.1132318554446,38.5665893554688
1,30.49,10.116565155331,38.5761260986328
1,30.5,10.1198984552175,38.5856628417969
1,30.51,10.1232317551039,38.6142730712891
1,30.52,10.1265650549904,38.6142730712891
1,30.53,10.1298983548768,38.6476516723633
1,30.54,10.1332316547632,38.6524200439453
1,30.55,10.1365649546497,38.6738777160645
1,30.56,10.1398982545361,38.6834144592285
1,30.57,10.1432315544225,38.6977195739746
1,30.58,10.146564854309,38.7334823608398
1,30.59,10.1498981541954,38.7477874755859
1,30.6,10.1532314540818,38.7740135192871
1,30.61,10.1565647539683,38.7978553771973
1,30.62,10.1598980538547,38.8073921203613
1,30.63,10.1632313537411,38.8407707214355
1,30.64,10.1665646536276,38.8646125793457
1,30.65,10.169897953514,38.8836860656738
1,30.66,10.1732312534004,38.905143737793
1,30.67,10.1765645532869,38.9313697814941
1,30.68,10.1798978531733,38.9552116394043
1,30.69,10.1832311530598,38.9695167541504
1,30.7,10.1865644529462,38.9814376831055
1,30.71,10.1898977528326,39.0052795410156
1,30.72,10.1932310527191,39.0243530273438
1,30.73,10.1965643526055,39.0505790710449
1,30.74,10.1998976524919,39.0768051147461
1,30.75,10.2032309523784,39.0958786010742
1,30.76,10.2065642522648,39.1197204589844
1,30.77,10.2098975521512,39.1292572021484
1,30.78,10.2132308520377,39.1674041748047
1,30.79,10.2165641519241,39.1793251037598
1,30.8,10.2198974518105,39.2007827758789
1,30.81,10.223230751697,39.2317771911621
1,30.82,10.2265640515834,39.2508506774902
1,30.83,10.2298973514698,39.2889976501465
1,30.84,10.2332306513563,39.3033027648926
1,30.85,10.2365639512427,39.3247604370117
1,30.86,10.2398972511292,39.3533706665039
1,30.87,10.2432305510156,39.370059967041
1,30.88,10.246563850902,39.3795967102051
1,30.89,10.2498971507885,39.4177436828613
1,30.9,10.2532304506749,39.4248962402344
1,30.91,10.2565637505613,39.4439697265625
1,30.92,10.2598970504478,39.4582748413086
1,30.93,10.2632303503342,39.4725799560547
1,30.94,10.2665636502206,39.4892692565918
1,30.95,10.2698969501071,39.5011901855469
1,30.96,10.2732302499935,39.5321846008301
1,30.97,10.2765635498799,39.5393371582031
1,30.98,10.2798968497664,39.5607948303223
1,30.99,10.2832301496528,39.5703315734863
1,31,10.2865634495392,39.5822525024414
1,31.01,10.2898967494257,39.6180152893066
1,31.02,10.2932300493121,39.6466255187988
1,31.03,10.2965633491986,39.675235748291
1,31.04,10.299896649085,39.6823883056641
1,31.05,10.3032299489714,39.7133827209473
1,31.06,10.3065632488579,39.7396087646484
1,31.07,10.3098965487443,39.7658348083496
1,31.08,10.3132298486307,39.7896766662598
1,31.09,10.3165631485172,39.8087501525879
1,31.1,10.3198964484036,39.832592010498
1,31.11,10.32322974829,39.8516654968262
1,31.12,10.3265630481765,39.8802757263184
1,31.13,10.3298963480629,39.8898124694824
1,31.14,10.3332296479493,39.8993492126465
1,31.15,10.3365629478358,39.9208068847656
1,31.16,10.3398962477222,39.9374961853027
1,31.17,10.3432295476086,39.9518013000488
1,31.18,10.3465628474951,39.9565696716309
1,31.19,10.3498961473815,39.980411529541
1,31.2,10.3532294472679,39.9899482727051
1,31.21,10.3565627471544,40.0233268737793
1,31.22,10.3598960470408,40.0304794311523
1,31.23,10.3632293469273,40.0447845458984
1,31.24,10.3665626468137,40.0614738464355
1,31.25,10.3698959467001,40.0853157043457
1,31.26,10.3732292465866,40.1115417480469
1,31.27,10.376562546473,40.1210784912109
1,31.28,10.3798958463594,40.1544570922852
1,31.29,10.3832291462459,40.1782989501953
1,31.3,10.3865624461323,40.2069091796875
1,31.31,10.3898957460187,40.2331352233887
1,31.32,10.3932290459052,40.2474403381348
1,31.33,10.3965623457916,40.276050567627
1,31.34,10.399895645678,40.290355682373
1,31.35,10.4032289455645,40.3261184692383
1,31.36,10.4065622454509,40.3380393981934
1,31.37,10.4098955453373,40.3618812561035
1,31.38,10.4132288452238,40.3785705566406
1,31.39,10.4165621451102,40.3881072998047
1,31.4,10.4198954449967,40.428638458252
1,31.41,10.4232287448831,40.435791015625
1,31.42,10.4265620447695,40.4715538024902
1,31.43,10.429895344656,40.4882431030273
1,31.44,10.4332286445424,40.5073165893555
1,31.45,10.4365619444288,40.5216217041016
1,31.46,10.4398952443153,40.5359268188477
1,31.47,10.4432285442017,40.5478477478027
1,31.48,10.4465618440881,40.5621528625488
1,31.49,10.4498951439746,40.5764579772949
1,31.5,10.453228443861,40.581226348877
1,31.51,10.4565617437474,40.590763092041
1,31.52,10.4598950436339,40.6026840209961
1,31.53,10.4632283435203,40.6193733215332
1,31.54,10.4665616434067,40.6289100646973
1,31.55,10.4698949432932,40.6289100646973
1,31.56,10.4732282431796,40.6551361083984
1,31.57,10.4765615430661,40.6527519226074
1,31.58,10.4798948429525,40.6813621520996
1,31.59,10.4832281428389,40.6861305236816
1,31.6,10.4865614427254,40.7195091247559
1,31.61,10.4898947426118,40.7266616821289
1,31.62,10.4932280424982,40.745735168457
1,31.63,10.4965613423847,40.7767295837402
1,31.64,10.4998946422711,40.7886505126953
1,31.65,10.5032279421575,40.8124923706055
1,31.66,10.506561242044,40.8339500427246
1,31.67,10.5098945419304,40.8530235290527
1,31.68,10.5132278418168,40.886402130127
1,31.69,10.5165611417033,40.9054756164551
1,31.7,10.5198944415897,40.9197807312012
1,31.71,10.5232277414761,40.9507751464844
1,31.72,10.5265610413626,40.9746170043945
1,31.73,10.529894341249,40.9984588623047
1,31.74,10.5332276411355,41.0318374633789
1,31.75,10.5365609410219,41.048526763916
1,31.76,10.5398942409083,41.0819053649902
1,31.77,10.5432275407948,41.0985946655273
1,31.78,10.5465608406812,41.1176681518555
1,31.79,10.5498941405676,41.1462783813477
1,31.8,10.5532274404541,41.1653518676758
1,31.81,10.5565607403405,41.1868095397949
1,31.82,10.5598940402269,41.193962097168
1,31.83,10.5632273401134,41.2249565124512
1,31.84,10.5665606399998,41.2368774414063
1,31.85,10.5698939398862,41.2487983703613
1,31.86,10.5732272397727,41.2869453430176
1,31.87,10.5765605396591,41.2893295288086
1,31.88,10.5798938395455,41.3036346435547
1,31.89,10.583227139432,41.3250923156738
1,31.9,10.5865604393184,41.3322448730469
1,31.91,10.5898937392049,41.358470916748
1,31.92,10.5965603389777,41.3727760314941
1,31.93,10.5998936388642,41.3966178894043
1,31.95,10.6032269387506,41.4395332336426
1,31.96,10.606560238637,41.4562225341797
1,31.97,10.6098935385235,41.4752960205078
1,31.98,10.6132268384099,41.501522064209
1,31.99,10.6198934381828,41.5205955505371
1,32.01,10.6232267380692,41.5706634521484
1,32.02,10.6298933378421,41.6064262390137
1,32.03,10.6332266377285,41.6159629821777
1,32.05,10.6365599376149,41.658878326416
1,32.06,10.6398932375014,41.7041778564453
1,32.07,10.6465598372743,41.7113304138184
1,32.08,10.6498931371607,41.7447090148926
1,32.09,10.6532264370471,41.7685508728027
1,32.1,10.6565597369336,41.7780876159668
1,32.11,10.65989303682,41.801929473877
1,32.12,10.6632263367064,41.8353080749512
1,32.13,10.6665596365929,41.8496131896973
1,32.15,10.6732262363657,41.9020652770996
1,32.16,10.6765595362522,41.9235229492188
1,32.17,10.6798928361386,41.954517364502
1,32.18,10.683226136025,41.964054107666
1,32.19,10.6865594359115,41.9998168945313
1,32.2,10.6898927357979,42.0117378234863
1,32.21,10.6932260356843,42.0355796813965
1,32.22,10.6965593355708,42.0594215393066
1,32.23,10.6998926354572,42.0784950256348
1,32.24,10.7032259353437,42.109489440918
1,32.25,10.7065592352301,42.1285629272461
1,32.26,10.7098925351165,42.1476364135742
1,32.27,10.713225835003,42.1714782714844
1,32.28,10.7165591348894,42.1905517578125
1,32.29,10.7198924347758,42.1977043151855
1,32.3,10.7232257346623,42.2263145446777
1,32.31,10.7265590345487,42.2406196594238
1,32.32,10.7298923344351,42.262077331543
1,32.33,10.7332256343216,42.2787666320801
1,32.34,10.736558934208,42.2883033752441
1,32.35,10.7398922340944,42.3169136047363
1,32.36,10.7432255339809,42.3455238342285
1,32.37,10.7465588338673,42.3622131347656
1,32.38,10.7498921337537,42.3812866210938
1,32.39,10.7532254336402,42.4051284790039
1,32.4,10.7565587335266,42.4361228942871
1,32.41,10.7598920334131,42.4551963806152
1,32.42,10.7632253332995,42.4742698669434
1,32.43,10.7665586331859,42.4981117248535
1,32.44,10.7698919330724,42.5219535827637
1,32.45,10.7732252329588,42.5410270690918
1,32.46,10.7765585328452,42.576789855957
1,32.47,10.7798918327317,42.5958633422852
1,32.48,10.7832251326181,42.6292419433594
1,32.49,10.7865584325045,42.6506996154785
1,32.5,10.789891732391,42.6745414733887
1,32.51,10.7932250322774,42.7079200744629
1,32.52,10.7965583321638,42.7508354187012
1,32.53,10.7998916320503,42.7770614624023
1,32.54,10.8032249319367,42.8032875061035
1,32.55,10.8065582318231,42.8438186645508
1,32.56,10.8098915317096,42.8676605224609
1,32.57,10.813224831596,42.9177284240723
1,32.58,10.8165581314825,42.9415702819824
1,32.59,10.8198914313689,42.9773330688477
1,32.6,10.8232247312553,42.9987907409668
1,32.61,10.8265580311418,43.0440902709961
1,32.62,10.8298913310282,43.0631637573242
1,32.63,10.8332246309146,43.0893898010254
1,32.64,10.8365579308011,43.1036949157715
1,32.65,10.8398912306875,43.1275367736816
1,32.66,10.8432245305739,43.1537628173828
1,32.67,10.8465578304604,43.177604675293
1,32.68,10.8498911303468,43.1919097900391
1,32.69,10.8532244302332,43.2062149047852
1,32.7,10.8565577301197,43.2372093200684
1,32.71,10.8598910300061,43.2515144348145
1,32.72,10.8632243298925,43.2586669921875
1,32.73,10.866557629779,43.2729721069336
1,32.74,10.8698909296654,43.2825088500977
1,32.75,10.8732242295519,43.2991981506348
1,32.76,10.8765575294383,43.3087348937988
1,32.77,10.8798908293247,43.3206558227539
1,32.78,10.8832241292112,43.337345123291
1,32.79,10.8865574290976,43.3468818664551
1,32.8,10.889890728984,43.3588027954102
1,32.81,10.8932240288705,43.3659553527832
1,32.82,10.8965573287569,43.3921813964844
1,32.83,10.8998906286433,43.3969497680664
1,32.84,10.9032239285298,43.4160232543945
1,32.85,10.9065572284162,43.4207916259766
1,32.86,10.9098905283026,43.4398651123047
1,32.87,10.9132238281891,43.4637069702148
1,32.88,10.9165571280755,43.482780456543
1,32.89,10.9198904279619,43.480396270752
1,32.9,10.9232237278484,43.5042381286621
1,32.91,10.9265570277348,43.5328483581543
1,32.92,10.9298903276213,43.5519218444824
1,32.93,10.9332236275077,43.5662269592285
1,32.94,10.9365569273941,43.5924530029297
1,32.95,10.9398902272806,43.6019897460938
1,32.96,10.943223527167,43.6162948608398
1,32.97,10.9465568270534,43.647289276123
1,32.98,10.9498901269399,43.6615943908691
1,32.99,10.9532234268263,43.6758995056152
1,33,10.9565567267127,43.6973571777344
1,33.01,10.9598900265992,43.7045097351074
1,33.02,10.9632233264856,43.7235832214355
1,33.03,10.966556626372,43.7378883361816
1,33.04,10.9698899262585,43.7688827514648
1,33.05,10.9732232261449,43.7712669372559
1,33.06,10.9765565260313,43.8022613525391
1,33.07,10.9798898259178,43.8022613525391
1,33.08,10.9832231258042,43.8165664672852
1,33.09,10.9865564256907,43.8308715820313
1,33.1,10.9898897255771,43.8475608825684
1,33.11,10.9932230254635,43.8809394836426
1,33.12,10.99655632535,43.8928604125977
1,33.13,10.9998896252364,43.9167022705078
1,33.14,11.0032229251228,43.9333915710449
1,33.15,11.0065562250093,43.9548492431641
1,33.16,11.0098895248957,43.9882278442383
1,33.17,11.0132228247821,43.9953804016113
1,33.18,11.0165561246686,44.0216064453125
1,33.19,11.019889424555,44.0502166748047
1,33.2,11.0232227244414,44.0645217895508
1,33.21,11.0265560243279,44.093132019043
1,33.22,11.0298893242143,44.1122055053711
1,33.23,11.0332226241007,44.1217422485352
1,33.24,11.0365559239872,44.1384315490723
1,33.25,11.0398892238736,44.1479682922363
1,33.26,11.0432225237601,44.1622734069824
1,33.27,11.0465558236465,44.1765785217285
1,33.28,11.0498891235329,44.1908836364746
1,33.29,11.0532224234194,44.2051887512207
1,33.3,11.0565557233058,44.2147254943848
1,33.31,11.0598890231922,44.2314147949219
1,33.32,11.0632223230787,44.252872467041
1,33.33,11.0665556229651,44.2647933959961
1,33.34,11.0698889228515,44.2910194396973
1,33.35,11.073222222738,44.3124771118164
1,33.36,11.0765555226244,44.3601608276367
1,33.37,11.0798888225108,44.3768501281738
1,33.38,11.0832221223973,44.4126129150391
1,33.39,11.0865554222837,44.4412231445313
1,33.4,11.0898887221701,44.4722175598145
1,33.41,11.0932220220566,44.5055961608887
1,33.42,11.096555321943,44.5437431335449
1,33.43,11.0998886218295,44.5723533630371
1,33.44,11.1032219217159,44.6009635925293
1,33.45,11.1065552216023,44.6224212646484
1,33.46,11.1098885214888,44.6677207946777
1,33.47,11.1132218213752,44.6915626525879
1,33.48,11.1165551212616,44.7225570678711
1,33.49,11.1198884211481,44.7392463684082
1,33.5,11.1232217210345,44.7559356689453
1,33.51,11.1265550209209,44.7797775268555
1,33.52,11.1298883208074,44.7964668273926
1,33.53,11.1332216206938,44.8107719421387
1,33.54,11.1365549205802,44.8393821716309
1,33.55,11.1398882204667,44.8441505432129
1,33.56,11.1432215203531,44.8703765869141
1,33.57,11.1465548202395,44.8775291442871
1,33.58,11.149888120126,44.9037551879883
1,33.59,11.1532214200124,44.9180603027344
1,33.6,11.1565547198988,44.9228286743164
1,33.61,11.1598880197853,44.9419021606445
1,33.62,11.1632213196717,44.9466705322266
1,33.63,11.1665546195582,44.9824333190918
1,33.64,11.1698879194446,44.9895858764648
1,33.65,11.173221219331,45.018196105957
1,33.66,11.1765545192175,45.0372695922852
1,33.67,11.1798878191039,45.0730323791504
1,33.68,11.1832211189903,45.0825691223145
1,33.69,11.1865544188768,45.1111793518066
1,33.7,11.1898877187632,45.1326370239258
1,33.71,11.1932210186496,45.1540946960449
1,33.72,11.1965543185361,45.1779365539551
1,33.73,11.1998876184225,45.1922416687012
1,33.74,11.2032209183089,45.2160835266113
1,33.75,11.2065542181954,45.2327728271484
1,33.76,11.2098875180818,45.2566146850586
1,33.77,11.2132208179682,45.2685356140137
1,33.78,11.2165541178547,45.2852249145508
1,33.79,11.2198874177411,45.2995300292969
1,33.8,11.2232207176276,45.3090667724609
1,33.81,11.226554017514,45.320987701416
1,33.82,11.2298873174004,45.3329086303711
1,33.83,11.2332206172869,45.3472137451172
1,33.84,11.2365539171733,45.3710556030273
1,33.85,11.2398872170597,45.3829765319824
1,33.86,11.2432205169462,45.3948974609375
1,33.87,11.2465538168326,45.4306602478027
1,33.88,11.249887116719,45.4425811767578
1,33.89,11.2532204166055,45.464038848877
1,33.9,11.2565537164919,45.5021858215332
1,33.91,11.2598870163783,45.5236434936523
1,33.92,11.2632203162648,45.5570220947266
1,33.93,11.2665536161512,45.5760955810547
1,33.94,11.2698869160377,45.5999374389648
1,33.95,11.2732202159241,45.6357002258301
1,33.96,11.2765535158105,45.6619262695313
1,33.97,11.279886815697,45.7000732421875
1,33.98,11.2832201155834,45.7191467285156
1,33.99,11.2865534154698,45.7644462585449
1,34,11.2898867153563,45.7859039306641
1,34.01,11.2932200152427,45.8312034606934
1,34.02,11.2965533151291,45.8455085754395
1,34.03,11.2998866150156,45.8669662475586
1,34.04,11.303219914902,45.9051132202148
1,34.05,11.3065532147884,45.924186706543
1,34.06,11.3098865146749,45.9527969360352
1,34.07,11.3132198145613,45.9718704223633
1,34.08,11.3165531144477,45.9957122802734
1,34.09,11.3198864143342,46.0219383239746
1,34.1,11.3232197142206,46.0433959960938
1,34.11,11.326553014107,46.074390411377
1,34.12,11.3298863139935,46.08154296875
1,34.13,11.3332196138799,46.1053848266602
1,34.14,11.3365529137664,46.1220741271973
1,34.15,11.3398862136528,46.1435317993164
1,34.16,11.3432195135392,46.1721420288086
1,34.17,11.3465528134257,46.1840629577637
1,34.18,11.3498861133121,46.2102890014648
1,34.19,11.3532194131985,46.226978302002
1,34.2,11.356552713085,46.2460517883301
1,34.21,11.3598860129714,46.2698936462402
1,34.22,11.3632193128578,46.2794303894043
1,34.23,11.3665526127443,46.3056564331055
1,34.24,11.3698859126307,46.3128089904785
1,34.25,11.3732192125171,46.3438034057617
1,34.26,11.3765525124036,46.3604927062988
1,34.27,11.37988581229,46.3747978210449
1,34.28,11.3832191121764,46.3962554931641
1,34.29,11.3865524120629,46.4105606079102
1,34.3,11.3898857119493,46.4415550231934
1,34.31,11.3932190118358,46.4558601379395
1,34.32,11.3965523117222,46.4844703674316
1,34.33,11.3998856116086,46.5035438537598
1,34.34,11.4032189114951,46.5202331542969
1,34.35,11.4065522113815,46.539306640625
1,34.36,11.4098855112679,46.5559959411621
1,34.37,11.4132188111544,46.5726852416992
1,34.38,11.4165521110408,46.5917587280273
1,34.39,11.4198854109272,46.6156005859375
1,34.4,11.4232187108137,46.6251373291016
1,34.41,11.4265520107001,46.6513633728027
1,34.42,11.4298853105865,46.6585159301758
1,34.43,11.433218610473,46.6775894165039
1,34.44,11.4365519103594,46.696662902832
1,34.45,11.4398852102458,46.7133522033691
1,34.46,11.4432185101323,46.7276573181152
1,34.47,11.4465518100187,46.7395782470703
1,34.48,11.4498851099052,46.7658042907715
1,34.49,11.4532184097916,46.7872619628906
1,34.5,11.456551709678,46.8039512634277
1,34.51,11.4598850095645,46.8230247497559
1,34.52,11.4632183094509,46.842098236084
1,34.53,11.4665516093373,46.8611717224121
1,34.54,11.4698849092238,46.8873977661133
1,34.55,11.4732182091102,46.9112396240234
1,34.56,11.4765515089966,46.9422340393066
1,34.57,11.4798848088831,46.9565391540527
1,34.58,11.4832181087695,46.9851493835449
1,34.59,11.4865514086559,47.004222869873
1,34.6,11.4898847085424,47.0352172851563
1,34.61,11.4932180084288,47.0614433288574
1,34.62,11.4965513083152,47.0948219299316
1,34.63,11.4998846082017,47.1067428588867
1,34.64,11.5032179080881,47.1305847167969
1,34.65,11.5065512079746,47.1639633178711
1,34.66,11.509884507861,47.1925735473633
1,34.67,11.5132178077474,47.2092628479004
1,34.68,11.5165511076339,47.2402572631836
1,34.69,11.5198844075203,47.2688674926758
1,34.7,11.5232177074067,47.295093536377
1,34.71,11.5265510072932,47.3165512084961
1,34.72,11.5298843071796,47.3499298095703
1,34.73,11.533217607066,47.3690032958984
1,34.74,11.5365509069525,47.3928451538086
1,34.75,11.5398842068389,47.4023818969727
1,34.76,11.5432175067253,47.4190711975098
1,34.77,11.5465508066118,47.452449798584
1,34.78,11.5498841064982,47.461986541748
1,34.79,11.5532174063846,47.4953651428223
1,34.8,11.5565507062711,47.4977493286133
1,34.81,11.5598840061575,47.5358963012695
1,34.82,11.563217306044,47.5573539733887
1,34.83,11.5665506059304,47.5835800170898
1,34.84,11.5698839058168,47.5931167602539
1,34.85,11.5732172057033,47.602653503418
1,34.86,11.5765505055897,47.6288795471191
1,34.87,11.5798838054761,47.6503372192383
1,34.88,11.5832171053626,47.6670265197754
1,34.89,11.586550405249,47.6908683776855
1,34.9,11.5898837051354,47.7075576782227
1,34.91,11.5932170050219,47.7266311645508
1,34.92,11.5965503049083,47.752857208252
1,34.93,11.5998836047947,47.7719306945801
1,34.94,11.6032169046812,47.7766990661621
1,34.95,11.6065502045676,47.8005409240723
1,34.96,11.609883504454,47.8196144104004
1,34.97,11.6132168043405,47.8410720825195
1,34.98,11.6165501042269,47.8625297546387
1,34.99,11.6198834041134,47.8672981262207
1,35,11.6232167039998,47.9030609130859
1,35.01,11.6265500038862,47.9221343994141
1,35.02,11.6298833037727,47.9435920715332
1,35.03,11.6332166036591,47.9626655578613
1,35.04,11.6365499035455,47.9936599731445
1,35.05,11.639883203432,48.0175018310547
1,35.06,11.6432165033184,48.0365753173828
1,35.07,11.6465498032048,48.065185546875
1,35.08,11.6498831030913,48.1009483337402
1,35.09,11.6532164029777,48.1224060058594
1,35.1,11.6565497028641,48.1677055358887
1,35.11,11.6598830027506,48.2034683227539
1,35.12,11.663216302637,48.2439994812012
1,35.13,11.6665496025234,48.2702255249023
1,35.14,11.6698829024099,48.3131408691406
1,35.15,11.6732162022963,48.3512878417969
1,35.16,11.6765495021828,48.3894348144531
1,35.17,11.6798828020692,48.4228134155273
1,35.18,11.6832161019556,48.4585762023926
1,35.19,11.6865494018421,48.4967231750488
1,35.2,11.6898827017285,48.5420227050781
1,35.21,11.6932160016149,48.5706329345703
1,35.22,11.6965493015014,48.6207008361816
1,35.23,11.6998826013878,48.6540794372559
1,35.24,11.7032159012742,48.682689666748
1,35.25,11.7065492011607,48.7256050109863
1,35.26,11.7098825010471,48.7422943115234
1,35.27,11.7132158009335,48.7732887268066
1,35.28,11.71654910082,48.8042831420898
1,35.29,11.7198824007064,48.8162040710449
1,35.3,11.7232157005928,48.8495826721191
1,35.31,11.7265490004793,48.8758087158203
1,35.32,11.7298823003657,48.8948822021484
1,35.33,11.7332156002522,48.9020347595215
1,35.34,11.7365489001386,48.9211082458496
1,35.35,11.739882200025,48.9449501037598
1,35.36,11.7432154999115,48.9544868469238
1,35.37,11.7465487997979,48.9664077758789
1,35.38,11.7498820996843,48.983097076416
1,35.39,11.7532153995708,48.9902496337891
1,35.4,11.7565486994572,49.0164756774902
1,35.41,11.7598819993436,49.0331649780273
1,35.42,11.7632152992301,49.0427017211914
1,35.43,11.7665485991165,49.0641593933105
1,35.44,11.7698818990029,49.0713119506836
1,35.45,11.7732151988894,49.0951538085938
1,35.46,11.7765484987758,49.1023063659668
1,35.47,11.7798817986622,49.1118431091309
1,35.48,11.7832150985487,49.130916595459
1,35.49,11.7865483984351,49.1452217102051
1,35.5,11.7898816983216,49.1690635681152
1,35.51,11.793214998208,49.1738319396973
1,35.52,11.7965482980944,49.1786003112793
1,35.53,11.7998815979809,49.2048263549805
1,35.54,11.8032148978673,49.2191314697266
1,35.55,11.8065481977537,49.2334365844727
1,35.56,11.8098814976402,49.2501258850098
1,35.57,11.8132147975266,49.2715835571289
1,35.58,11.816548097413,49.278736114502
1,35.59,11.8198813972995,49.2954254150391
1,35.6,11.8232146971859,49.3168830871582
1,35.61,11.8265479970723,49.3264198303223
1,35.62,11.8298812969588,49.3454933166504
1,35.63,11.8332145968452,49.3478775024414
1,35.64,11.8365478967316,49.3693351745605
1,35.65,11.8398811966181,49.3693351745605
1,35.66,11.8432144965045,49.3812561035156
1,35.67,11.846547796391,49.3931770324707
1,35.68,11.8498810962774,49.4098663330078
1,35.69,11.8532143961638,49.4265556335449
1,35.7,11.8598809959367,49.436092376709
1,35.71,11.8632142958231,49.4503974914551
1,35.73,11.8665475957096,49.4813919067383
1,35.74,11.869880895596,49.5076179504395
1,35.75,11.8765474953689,49.5314598083496
1,35.76,11.8798807952553,49.5576858520508
1,35.78,11.8832140951417,49.6053695678711
1,35.79,11.8898806949146,49.6292114257813
1,35.8,11.893213994801,49.6602058410645
1,35.81,11.8965472946875,49.6888160705566
1,35.82,11.8998805945739,49.7126579284668
1,35.84,11.9032138944604,49.7579574584961
1,35.85,11.9098804942332,49.7794151306152
1,35.86,11.9132137941197,49.8008728027344
1,35.87,11.9165470940061,49.8080253601074
1,35.88,11.9198803938925,49.8318672180176
1,35.89,11.923213693779,49.8533248901367
1,35.9,11.9265469936654,49.8723983764648
1,35.91,11.9298802935518,49.893856048584
1,35.92,11.9332135934383,49.9057769775391
1,35.93,11.9365468933247,49.9415397644043
1,35.94,11.9398801932111,49.9558448791504
1,35.95,11.9432134930976,49.9773025512695
1,35.96,11.946546792984,49.9987602233887
1,35.97,11.9498800928704,50.0202178955078
1,35.98,11.9532133927569,50.048828125
1,35.99,11.9565466926433,50.0774383544922
1,36,11.9598799925297,50.1012802124023
1,36.01,11.9632132924162,50.1275062561035
1,36.02,11.9665465923026,50.1465797424316
1,36.03,11.9698798921891,50.1704216003418
1,36.04,11.9732131920755,50.203800201416
1,36.05,11.9765464919619,50.2157211303711
1,36.06,11.9798797918484,50.2395629882813
1,36.07,11.9832130917348,50.2800941467285
1,36.08,11.9865463916212,50.2896308898926
1,36.09,11.9898796915077,50.3230094909668
1,36.1,11.9932129913941,50.351619720459
1,36.11,11.9965462912805,50.3826141357422
1,36.12,11.999879591167,50.4159927368164
1,36.13,12.0032128910534,50.4326820373535
1,36.14,12.0065461909398,50.4636764526367
1,36.15,12.0098794908263,50.4946708679199
1,36.16,12.0132127907127,50.504207611084
1,36.17,12.0165460905991,50.5447387695313
1,36.18,12.0198793904856,50.5685806274414
1,36.19,12.023212690372,50.5971908569336
1,36.2,12.0265459902585,50.6162643432617
1,36.21,12.0298792901449,50.652027130127
1,36.22,12.0332125900313,50.661563873291
1,36.23,12.0365458899178,50.6901741027832
1,36.24,12.0398791898042,50.7092475891113
1,36.25,12.0432124896906,50.7378578186035
1,36.26,12.0465457895771,50.7545471191406
1,36.27,12.0498790894635,50.7712364196777
1,36.28,12.0532123893499,50.7950782775879
1,36.29,12.0565456892364,50.816535949707
1,36.3,12.0598789891228,50.8332252502441
1,36.31,12.0632122890092,50.8499145507813
1,36.32,12.0665455888957,50.8689880371094
1,36.33,12.0698788887821,50.8999824523926
1,36.34,12.0732121886685,50.9166717529297
1,36.35,12.076545488555,50.9333610534668
1,36.36,12.0798787884414,50.959587097168
1,36.37,12.0832120883279,50.9738922119141
1,36.38,12.0865453882143,51.0025024414063
1,36.39,12.0898786881007,51.0287284851074
1,36.4,12.0932119879872,51.0549545288086
1,36.41,12.0965452878736,51.0835647583008
1,36.42,12.09987858776,51.1026382446289
1,36.43,12.1032118876465,51.1384010314941
1,36.44,12.1065451875329,51.1646270751953
1,36.45,12.1098784874193,51.1884689331055
1,36.46,12.1132117873058,51.2218475341797
1,36.47,12.1165450871922,51.2409210205078
1,36.48,12.1198783870786,51.262378692627
1,36.49,12.1232116869651,51.2862205505371
1,36.5,12.1265449868515,51.3029098510742
1,36.51,12.1298782867379,51.3410568237305
1,36.52,12.1332115866244,51.3529777526855
1,36.53,12.1365448865108,51.3744354248047
1,36.54,12.1398781863973,51.4054298400879
1,36.55,12.1432114862837,51.424503326416
1,36.56,12.1465447861701,51.4435768127441
1,36.57,12.1498780860566,51.4554977416992
1,36.58,12.153211385943,51.4793395996094
1,36.59,12.1565446858294,51.4936447143555
1,36.6,12.1598779857159,51.5198707580566
1,36.61,12.1632112856023,51.5317916870117
1,36.62,12.1665445854887,51.5651702880859
1,36.63,12.1698778853752,51.579475402832
1,36.64,12.1732111852616,51.6128540039063
1,36.65,12.176544485148,51.6247749328613
1,36.66,12.1798777850345,51.6486167907715
1,36.67,12.1832110849209,51.6843795776367
1,36.68,12.1865443848073,51.7034530639648
1,36.69,12.1898776846938,51.727294921875
1,36.7,12.1932109845802,51.7487525939941
1,36.71,12.1965442844667,51.7845153808594
1,36.72,12.1998775843531,51.8012046813965
1,36.73,12.2032108842395,51.8298149108887
1,36.74,12.206544184126,51.8631935119629
1,36.75,12.2098774840124,51.882266998291
1,36.76,12.2132107838988,51.9108772277832
1,36.77,12.2165440837853,51.9394874572754
1,36.78,12.2198773836717,51.9609451293945
1,36.79,12.2232106835581,51.9728660583496
1,36.8,12.2265439834446,52.0014762878418
1,36.81,12.229877283331,52.0205497741699
1,36.82,12.2332105832174,52.0443916320801
1,36.83,12.2365438831039,52.0634651184082
1,36.84,12.2398771829903,52.0801544189453
1,36.85,12.2432104828767,52.0944595336914
1,36.86,12.2465437827632,52.1183013916016
1,36.87,12.2498770826496,52.1326065063477
1,36.88,12.2532103825361,52.1492958068848
1,36.89,12.2565436824225,52.18505859375
1,36.9,12.2598769823089,52.2017478942871
1,36.91,12.2632102821954,52.2279739379883
1,36.92,12.2665435820818,52.2398948669434
1,36.93,12.2698768819682,52.2613525390625
1,36.94,12.2732101818547,52.2875785827637
1,36.95,12.2765434817411,52.3161888122559
1,36.96,12.2798767816275,52.332878112793
1,36.97,12.283210081514,52.3614883422852
1,36.98,12.2865433814004,52.3877143859863
1,36.99,12.2898766812868,52.4234771728516
1,37,12.2932099811733,52.4544715881348
1,37.01,12.2965432810597,52.4687767028809
1,37.02,12.2998765809461,52.5045394897461
1,37.03,12.3032098808326,52.5212287902832
1,37.04,12.306543180719,52.5546073913574
1,37.05,12.3098764806055,52.5760650634766
1,37.06,12.3132097804919,52.5903701782227
1,37.07,12.3165430803783,52.6261329650879
1,37.08,12.3198763802648,52.638053894043
1,37.09,12.3232096801512,52.6595115661621
1,37.1,12.3265429800376,52.6952743530273
1,37.11,12.3298762799241,52.7024269104004
1,37.12,12.3332095798105,52.7238845825195
1,37.13,12.3365428796969,52.7477264404297
1,37.14,12.3398761795834,52.7667999267578
1,37.15,12.3432094794698,52.790641784668
1,37.16,12.3465427793562,52.8049468994141
1,37.17,12.3498760792427,52.8430938720703
1,37.18,12.3532093791291,52.8573989868164
1,37.19,12.3565426790155,52.8883934020996
1,37.2,12.359875978902,52.9122352600098
1,37.21,12.3632092787884,52.943229675293
1,37.22,12.3665425786749,52.950382232666
1,37.23,12.3698758785613,52.9694557189941
1,37.24,12.3732091784477,53.0052185058594
1,37.25,12.3765424783342,53.0362129211426
1,37.26,12.3798757782206,53.0505180358887
1,37.27,12.383209078107,53.0743598937988
1,37.28,12.3865423779935,53.095817565918
1,37.29,12.3898756778799,53.1291961669922
1,37.3,12.3932089777663,53.1554222106934
1,37.31,12.3965422776528,53.1816482543945
1,37.32,12.3998755775392,53.2007217407227
1,37.33,12.4032088774256,53.2102584838867
1,37.34,12.4065421773121,53.2388687133789
1,37.35,12.4098754771985,53.253173828125
1,37.36,12.4132087770849,53.2793998718262
1,37.37,12.4165420769714,53.2984733581543
1,37.38,12.4198753768578,53.3151626586914
1,37.39,12.4232086767443,53.3294677734375
1,37.4,12.4265419766307,53.3461570739746
1,37.41,12.4298752765171,53.3533096313477
1,37.42,12.4332085764036,53.3604621887207
1,37.43,12.43654187629,53.3843040466309
1,37.44,12.4398751761764,53.3938407897949
1,37.45,12.4432084760629,53.408145904541
1,37.46,12.4465417759493,53.4200668334961
1,37.47,12.4498750758357,53.4367561340332
1,37.48,12.4532083757222,53.4534454345703
1,37.49,12.4565416756086,53.4772872924805
1,37.5,12.459874975495,53.4749031066895
1,37.51,12.4632082753815,53.4963607788086
1,37.52,12.4665415752679,53.5202026367188
1,37.53,12.4698748751543,53.5488128662109
1,37.54,12.4732081750408,53.558349609375
1,37.55,12.4765414749272,53.5845756530762
1,37.56,12.4798747748137,53.6227226257324
1,37.57,12.4832080747001,53.6441802978516
1,37.58,12.4865413745865,53.6823272705078
1,37.59,12.489874674473,53.713321685791
1,37.6,12.4932079743594,53.7490844726563
1,37.61,12.4965412742458,53.7657737731934
1,37.62,12.4998745741323,53.7967681884766
1,37.63,12.5032078740187,53.8253784179688
1,37.64,12.5065411739051,53.8492202758789
1,37.65,12.5098744737916,53.870677947998
1,37.66,12.513207773678,53.9088249206543
1,37.67,12.5165410735644,53.9374351501465
1,37.68,12.5198743734509,53.9565086364746
1,37.69,12.5232076733373,53.9875030517578
1,37.7,12.5265409732237,54.008960723877
1,37.71,12.5298742731102,54.0351867675781
1,37.72,12.5332075729966,54.0566444396973
1,37.73,12.5365408728831,54.0781021118164
1,37.74,12.5398741727695,54.0947914123535
1,37.75,12.5432074726559,54.1162490844727
1,37.76,12.5465407725424,54.1329383850098
1,37.77,12.5498740724288,54.1567802429199
1,37.78,12.5532073723152,54.175853729248
1,37.79,12.5565406722017,54.2020797729492
1,37.8,12.5598739720881,54.2068481445313
1,37.81,12.5632072719745,54.2402267456055
1,37.82,12.566540571861,54.2593002319336
1,37.83,12.5698738717474,54.2712211608887
1,37.84,12.5732071716338,54.2926788330078
1,37.85,12.5765404715203,54.318904876709
1,37.86,12.5798737714067,54.3451309204102
1,37.87,12.5832070712931,54.3618202209473
1,37.88,12.5865403711796,54.3975830078125
1,37.89,12.589873671066,54.4071197509766
1,37.9,12.5932069709525,54.4381141662598
1,37.91,12.5965402708389,54.473876953125
1,37.92,12.5998735707253,54.4977188110352
1,37.93,12.6032068706118,54.5334815979004
1,37.94,12.6065401704982,54.5549392700195
1,37.95,12.6098734703846,54.5883178710938
1,37.96,12.6132067702711,54.6145439147949
1,37.97,12.6165400701575,54.6383857727051
1,37.98,12.6198733700439,54.6598434448242
1,37.99,12.6232066699304,54.6932220458984
1,38,12.6265399698168,54.7099113464355
1,38.01,12.6298732697032,54.7409057617188
1,38.02,12.6332065695897,54.7599792480469
1,38.03,12.6365398694761,54.779052734375
1,38.04,12.6398731693625,54.8148155212402
1,38.05,12.643206469249,54.8410415649414
1,38.06,12.6465397691354,54.8553466796875
1,38.07,12.6498730690219,54.8958778381348
1,38.08,12.6532063689083,54.924488067627
1,38.09,12.6565396687947,54.9578666687012
1,38.1,12.6598729686812,54.9721717834473
1,38.11,12.6632062685676,55.0031661987305
1,38.12,12.666539568454,55.0341606140137
1,38.13,12.6698728683405,55.0675392150879
1,38.14,12.6732061682269,55.088996887207
1,38.15,12.6765394681133,55.1199913024902
1,38.16,12.6798727679998,55.1342964172363
1,38.17,12.6832060678862,55.1748275756836
1,38.18,12.6865393677726,55.1915168762207
1,38.19,12.6898726676591,55.2177429199219
1,38.2,12.6932059675455,55.243968963623
1,38.21,12.6965392674319,55.2654266357422
1,38.22,12.6998725673184,55.2868843078613
1,38.23,12.7032058672048,55.3011894226074
1,38.24,12.7065391670913,55.3274154663086
1,38.25,12.7098724669777,55.3584098815918
1,38.26,12.7132057668641,55.3631782531738
1,38.27,12.7165390667506,55.394172668457
1,38.28,12.719872366637,55.4180145263672
1,38.29,12.7232056665234,55.4370880126953
1,38.3,12.7265389664099,55.4680824279785
1,38.31,12.7298722662963,55.5038452148438
1,38.32,12.7332055661827,55.5229187011719
1,38.33,12.7365388660692,55.5515289306641
1,38.34,12.7398721659556,55.5801391601563
1,38.35,12.743205465842,55.6063652038574
1,38.36,12.7465387657285,55.6397438049316
1,38.37,12.7498720656149,55.6683540344238
1,38.38,12.7532053655013,55.694580078125
1,38.39,12.7565386653878,55.7231903076172
1,38.4,12.7598719652742,55.7422637939453
1,38.41,12.7632052651607,55.7804107666016
1,38.42,12.7665385650471,55.8042526245117
1,38.43,12.7698718649335,55.842399597168
1,38.44,12.77320516482,55.8614730834961
1,38.45,12.7765384647064,55.8948516845703
1,38.46,12.7798717645928,55.9282302856445
1,38.47,12.7832050644793,55.9544563293457
1,38.48,12.7865383643657,55.9854507446289
1,38.49,12.7898716642521,56.0116767883301
1,38.5,12.7932049641386,56.0402870178223
1,38.51,12.796538264025,56.0784339904785
1,38.52,12.7998715639114,56.0998916625977
1,38.53,12.8032048637979,56.1261177062988
1,38.54,12.8065381636843,56.147575378418
1,38.55,12.8098714635707,56.1714172363281
1,38.56,12.8132047634572,56.2047958374023
1,38.57,12.8165380633436,56.2191009521484
1,38.58,12.81987136323,56.2524795532227
1,38.59,12.8232046631165,56.2715530395508
1,38.6,12.8265379630029,56.304931640625
1,38.61,12.8298712628894,56.3311576843262
1,38.62,12.8332045627758,56.3597679138184
1,38.63,12.8365378626622,56.3716888427734
1,38.64,12.8398711625487,56.3979148864746
1,38.65,12.8432044624351,56.4074516296387
1,38.66,12.8465377623215,56.4265251159668
1,38.67,12.849871062208,56.4336776733398
1,38.68,12.8532043620944,56.462287902832
1,38.69,12.8565376619808,56.4742088317871
1,38.7,12.8598709618673,56.4932823181152
1,38.71,12.8632042617537,56.5052032470703
1,38.72,12.8665375616401,56.5123558044434
1,38.73,12.8698708615266,56.5338134765625
1,38.74,12.873204161413,56.5385818481445
1,38.75,12.8765374612995,56.5600395202637
1,38.76,12.8798707611859,56.5671920776367
1,38.77,12.8832040610723,56.5838813781738
1,38.78,12.8865373609588,56.605339050293
1,38.79,12.8898706608452,56.612491607666
1,38.8,12.8932039607316,56.6339492797852
1,38.81,12.8965372606181,56.6482543945313
1,38.82,12.8998705605045,56.6673278808594
1,38.83,12.9032038603909,56.6887855529785
1,38.84,12.9065371602774,56.7007064819336
1,38.85,12.9098704601638,56.7221641540527
1,38.86,12.9132037600502,56.7412376403809
1,38.87,12.9165370599367,56.7507743835449
1,38.88,12.9198703598231,56.7770004272461
1,38.89,12.9232036597095,56.7960739135742
1,38.9,12.926536959596,56.8127632141113
1,38.91,12.9298702594824,56.8366050720215
1,38.92,12.9332035593688,56.8509101867676
1,38.93,12.9365368592553,56.8866729736328
1,38.94,12.9398701591417,56.9057464599609
1,38.95,12.9432034590282,56.922435760498
1,38.96,12.9465367589146,56.9605827331543
1,38.97,12.949870058801,56.9868087768555
1,38.98,12.9532033586875,57.0178031921387
1,38.99,12.9565366585739,57.0416450500488
1,39,12.9598699584603,57.070255279541
1,39.01,12.9632032583468,57.0917129516602
1,39.02,12.9665365582332,57.1346282958984
1,39.03,12.9698698581196,57.1441650390625
1,39.04,12.9732031580061,57.1894645690918
1,39.05,12.9765364578925,57.213306427002
1,39.06,12.9798697577789,57.2371482849121
1,39.07,12.9832030576654,57.2609901428223
1,39.08,12.9865363575518,57.2896003723145
1,39.09,12.9898696574382,57.3110580444336
1,39.1,12.9932029573247,57.3396682739258
1,39.11,12.9965362572111,57.3587417602539
1,39.12,12.9998695570976,57.3825836181641
1,39.13,13.003202856984,57.3968887329102
1,39.14,13.0065361568704,57.4302673339844
1,39.15,13.0098694567569,57.4445724487305
1,39.16,13.0132027566433,57.4636459350586
1,39.17,13.0165360565297,57.4874877929688
1,39.18,13.0198693564162,57.5137138366699
1,39.19,13.0232026563026,57.5470924377441
1,39.2,13.026535956189,57.5661659240723
1,39.21,13.0298692560755,57.5995445251465
1,39.22,13.0332025559619,57.6281547546387
1,39.23,13.0365358558483,57.6615333557129
1,39.24,13.0398691557348,57.682991027832
1,39.25,13.0432024556212,57.7068328857422
1,39.26,13.0465357555076,57.7425956726074
1,39.27,13.0498690553941,57.7640533447266
1,39.28,13.0532023552805,57.7855110168457
1,39.29,13.0598689550534,57.8141212463379
1,39.3,13.0632022549398,57.835578918457
1,39.31,13.0665355548263,57.8713417053223
1,39.33,13.0698688547127,57.9214096069336
1,39.34,13.0765354544856,57.9404830932617
1,39.35,13.079868754372,57.9500198364258
1,39.36,13.0832020542584,57.985782623291
1,39.37,13.0865353541449,58.0000877380371
1,39.38,13.0898686540313,58.0167770385742
1,39.39,13.0932019539177,58.0453872680664
1,39.4,13.0965352538042,58.0716133117676
1,39.41,13.0998685536906,58.0835342407227
1,39.43,13.103201853577,58.133602142334
1,39.44,13.1098684533499,58.138370513916
1,39.45,13.1132017532364,58.1693649291992
1,39.46,13.1165350531228,58.1955909729004
1,39.47,13.1198683530092,58.2075119018555
1,39.48,13.1232016528957,58.2504272460938
1,39.49,13.1265349527821,58.2623481750488
1,39.5,13.1298682526685,58.2790374755859
1,39.51,13.133201552555,58.3100318908691
1,39.52,13.1365348524414,58.3291053771973
1,39.53,13.1398681523278,58.3553314208984
1,39.54,13.1432014522143,58.3744049072266
1,39.55,13.1465347521007,58.4006309509277
1,39.56,13.1498680519871,58.4244728088379
1,39.57,13.1532013518736,58.443546295166
1,39.58,13.15653465176,58.4793090820313
1,39.59,13.1598679516464,58.5031509399414
1,39.6,13.1632012515329,58.5341453552246
1,39.61,13.1665345514193,58.5651397705078
1,39.62,13.1698678513058,58.586597442627
1,39.63,13.1732011511922,58.6247444152832
1,39.64,13.1765344510786,58.6485862731934
1,39.65,13.1798677509651,58.6724281311035
1,39.66,13.1832010508515,58.7105751037598
1,39.67,13.1865343507379,58.7272644042969
1,39.68,13.1898676506244,58.753490447998
1,39.69,13.1932009505108,58.7821006774902
1,39.7,13.1965342503972,58.8154792785645
1,39.71,13.1998675502837,58.8297843933105
1,39.72,13.2032008501701,58.8488578796387
1,39.73,13.2065341500565,58.8560104370117
1,39.74,13.209867449943,58.9084625244141
1,39.75,13.2132007498294,58.9179992675781
1,39.76,13.2165340497158,58.9466094970703
1,39.77,13.2198673496023,58.9704513549805
1,39.78,13.2232006494887,58.9704513549805
1,39.79,13.2265339493752,58.9942932128906
1,39.8,13.2298672492616,59.0419769287109
1,39.81,13.233200549148,59.0705871582031
1,39.82,13.2365338490345,59.0944290161133
1,39.83,13.2398671489209,59.1135025024414
1,39.84,13.2432004488073,59.1564178466797
1,39.85,13.2465337486938,59.1850280761719
1,39.86,13.2498670485802,59.1802597045898
1,39.87,13.2532003484666,59.2327117919922
1,39.88,13.2565336483531,59.2470169067383
1,39.89,13.2598669482395,59.2803955078125
1,39.9,13.2632002481259,59.3090057373047
1,39.91,13.2665335480124,59.3328475952148
1,39.92,13.2698668478988,59.3662261962891
1,39.93,13.2732001477852,59.3948364257813
1,39.94,13.2765334476717,59.4091415405273
1,39.95,13.2798667475581,59.4139099121094
1,39.96,13.2832000474446,59.4568252563477
1,39.97,13.286533347331,59.4568252563477
1,39.98,13.2898666472174,59.4615936279297
1,39.99,13.2931999471039,59.504508972168
1,40,13.2965332469903,59.5426559448242
1,40.01,13.2998665468767,59.5760345458984
1,40.02,13.3031998467632,59.5808029174805
1,40.03,13.3065331466496,59.6189498901367
1,40.04,13.309866446536,59.6332550048828
1,40.05,13.3131997464225,59.661865234375
1,40.06,13.3165330463089,59.6952438354492
1,40.07,13.3198663461953,59.6904754638672
1,40.08,13.3231996460818,59.7476959228516
1,40.09,13.3265329459682,59.7572326660156
1,40.1,13.3298662458546,59.7715377807617
1,40.11,13.3331995457411,59.814453125
1,40.12,13.3365328456275,59.8478317260742
1,40.13,13.339866145514,59.8669052124023
1,40.14,13.3431994454004,59.8716735839844
1,40.15,13.3465327452868,59.9241256713867
1,40.16,13.3498660451733,59.9288940429688
1,40.17,13.3531993450597,59.967041015625
1,40.18,13.3565326449461,59.9861145019531
1,40.19,13.3598659448326,59.9765777587891
1,40.2,13.363199244719,60.0242614746094
1,40.21,13.3665325446054,60.0242614746094
1,40.22,13.3698658444919,60.0242614746094
1,40.23,13.3731991443783,60.0576400756836
1,40.24,13.3765324442647,60.0767135620117
1,40.25,13.3798657441512,60.1053237915039
1,40.26,13.3831990440376,60.1053237915039
1,40.27,13.386532343924,60.11962890625
1,40.28,13.3898656438105,60.1673126220703
1,40.29,13.3931989436969,60.1863861083984
1,40.3,13.3965322435834,60.1625442504883
1,40.31,13.3998655434698,60.2293014526367
1,40.32,13.4031988433562,60.2340698242188
1,40.33,13.4065321432427,60.276985168457
1,40.34,13.4098654431291,60.3008270263672
1,40.35,13.4131987430155,60.3389739990234
1,40.36,13.416532042902,60.3580474853516
1,40.37,13.4198653427884,60.3866577148438
1,40.38,13.4231986426748,60.4104995727539
1,40.39,13.4265319425613,60.4486465454102
1,40.4,13.4298652424477,60.4724884033203
1,40.41,13.4331985423341,60.5058670043945
1,40.42,13.4365318422206,60.5535507202148
1,40.43,13.439865142107,60.5535507202148
1,40.44,13.4431984419934,60.6060028076172
1,40.45,13.4465317418799,60.6346130371094
1,40.46,13.4498650417663,60.6489181518555
1,40.47,13.4531983416528,60.6632232666016
1,40.48,13.4565316415392,60.7109069824219
1,40.49,13.4598649414256,60.7109069824219
1,40.5,13.4631982413121,60.7585906982422
1,40.51,13.4665315411985,60.7824325561523
1,40.52,13.4698648410849,60.7967376708984
1,40.53,13.4731981409714,60.8253479003906
1,40.54,13.4765314408578,60.8253479003906
1,40.55,13.4798647407442,60.8491897583008
1,40.56,13.4831980406307,60.882568359375
1,40.57,13.4865313405171,60.9111785888672
1,40.58,13.4898646404035,60.9207153320313
1,40.59,13.49319794029,60.9397888183594
1,40.6,13.4965312401764,60.9827041625977
1,40.61,13.4998645400628,60.9731674194336
1,40.62,13.5031978399493,61.030387878418
1,40.63,13.5065311398357,61.039924621582
1,40.64,13.5098644397222,61.0637664794922
1,40.65,13.5131977396086,61.1066818237305
1,40.66,13.516531039495,61.1066818237305
1,40.67,13.5198643393815,61.1448287963867
1,40.68,13.5231976392679,61.1639022827148
1,40.69,13.5265309391543,61.1972808837891
1,40.7,13.5298642390408,61.2306594848633
1,40.71,13.5331975389272,61.2211227416992
1,40.72,13.5365308388136,61.2831115722656
1,40.73,13.5398641387001,61.3069534301758
1,40.74,13.5431974385865,61.3498687744141
1,40.75,13.5465307384729,61.3784790039063
1,40.76,13.5498640383594,61.4261627197266
1,40.77,13.5531973382458,61.4309310913086
1,40.78,13.5565306381322,61.488151550293
1,40.79,13.5598639380187,61.5024566650391
1,40.8,13.5631972379051,61.5262985229492
1,40.81,13.5665305377916,61.5549087524414
1,40.82,13.569863837678,61.5930557250977
1,40.83,13.5731971375644,61.6025924682617
1,40.84,13.5765304374509,61.6550445556641
1,40.85,13.5798637373373,61.640739440918
1,40.86,13.5831970372237,61.6884231567383
1,40.87,13.5865303371102,61.7074966430664
1,40.88,13.5898636369966,61.7122650146484
1,40.89,13.593196936883,61.7361068725586
1,40.9,13.5965302367695,61.7647171020508
1,40.91,13.5998635366559,61.7790222167969
1,40.92,13.6031968365423,61.8219375610352
1,40.93,13.6065301364288,61.8362426757813
1,40.94,13.6098634363152,61.8648529052734
1,40.95,13.6131967362016,61.8839263916016
1,40.96,13.6165300360881,61.9316101074219
1,40.97,13.6198633359745,61.9649887084961
1,40.98,13.6231966358609,61.9745254516602
1,40.99,13.6265299357474,62.0174407958984
1,41,13.6298632356338,62.0412826538086
1,41.01,13.6331965355203,62.0603561401367
1,41.02,13.6365298354067,62.0937347412109
1,41.03,13.6398631352931,62.1223449707031
1,41.04,13.6431964351796,62.1366500854492
1,41.05,13.646529735066,62.1652603149414
1,41.06,13.6498630349524,62.1747970581055
1,41.07,13.6531963348389,62.1986389160156
1,41.08,13.6565296347253,62.2272491455078
1,41.09,13.6598629346117,62.2415542602539
1,41.1,13.6631962344982,62.2653961181641
1,41.11,13.6665295343846,62.2892379760742
1,41.12,13.669862834271,62.3321533203125
1,41.13,13.6731961341575,62.3369216918945
1,41.14,13.6765294340439,62.3798370361328
1,41.15,13.6798627339303,62.3846054077148
1,41.16,13.6831960338168,62.4227523803711
1,41.17,13.6865293337032,62.4513626098633
1,41.18,13.6898626335897,62.4656677246094
1,41.19,13.6931959334761,62.5085830688477
1,41.2,13.6965292333625,62.5371932983398
1,41.21,13.699862533249,62.5514984130859
1,41.22,13.7031958331354,62.5753402709961
1,41.23,13.7065291330218,62.6087188720703
1,41.24,13.7098624329083,62.6420974731445
1,41.25,13.7131957327947,62.6659393310547
1,41.26,13.7165290326811,62.6993179321289
1,41.27,13.7198623325676,62.7374649047852
1,41.28,13.723195632454,62.7374649047852
1,41.29,13.7265289323404,62.7994537353516
1,41.3,13.7298622322269,62.8232955932617
1,41.31,13.7331955321133,62.8328323364258
1,41.32,13.7365288319998,62.8852844238281
1,41.33,13.7398621318862,62.8900527954102
1,41.34,13.7431954317726,62.9329681396484
1,41.35,13.7465287316591,62.9425048828125
1,41.36,13.7498620315455,62.9711151123047
1,41.37,13.7531953314319,62.9997253417969
1,41.38,13.7565286313184,63.018798828125
1,41.39,13.7598619312048,63.0283355712891
1,41.4,13.7631952310912,63.0331039428711
1,41.41,13.7665285309777,63.0569458007813
1,41.42,13.7698618308641,63.0903244018555
1,41.43,13.7731951307505,63.1284713745117
1,41.44,13.776528430637,63.1141662597656
1,41.45,13.7798617305234,63.1570816040039
1,41.46,13.7831950304098,63.176155090332
1,41.47,13.7865283302963,63.1904602050781
1,41.48,13.7898616301827,63.2190704345703
1,41.49,13.7931949300691,63.2619857788086
1,41.5,13.7965282299556,63.2715225219727
1,41.51,13.799861529842,63.3144378662109
1,41.52,13.8031948297285,63.3382797241211
1,41.53,13.8065281296149,63.3716583251953
1,41.54,13.8098614295013,63.3811950683594
1,41.55,13.8131947293878,63.4431838989258
1,41.56,13.8165280292742,63.4622573852539
1,41.57,13.8198613291606,63.4908676147461
1,41.58,13.8231946290471,63.5194778442383
1,41.59,13.8265279289335,63.5528564453125
1,41.6,13.8298612288199,63.5671615600586
1,41.61,13.8331945287064,63.5957717895508
1,41.62,13.8365278285928,63.6386871337891
1,41.63,13.8398611284792,63.6672973632813
1,41.64,13.8431944283657,63.6959075927734
1,41.65,13.8465277282521,63.7197494506836
1,41.66,13.8498610281385,63.7531280517578
1,41.67,13.853194328025,63.7722015380859
1,41.68,13.8565276279114,63.8246536254883
1,41.69,13.8598609277979,63.8341903686523
1,41.7,13.8631942276843,63.8580322265625
1,41.71,13.8665275275707,63.8866424560547
1,41.72,13.8698608274572,63.9152526855469
1,41.73,13.8731941273436,63.934326171875
1,41.74,13.87652742723,63.9867782592773
1,41.75,13.8798607271165,63.9963150024414
1,41.76,13.8831940270029,64.0296936035156
1,41.77,13.8865273268893,64.0392303466797
1,41.78,13.8898606267758,64.091682434082
1,41.79,13.8931939266622,64.1202926635742
1,41.8,13.8965272265486,64.1107559204102
1,41.81,13.8998605264351,64.1679763793945
1,41.82,13.9031938263215,64.1775131225586
1,41.83,13.9065271262079,64.1965866088867
1,41.84,13.9098604260944,64.2156600952148
1,41.85,13.9131937259808,64.234733581543
1,41.86,13.9165270258673,64.2538070678711
1,41.87,13.9198603257537,64.2871856689453
1,41.88,13.9231936256401,64.2728805541992
1,41.89,13.9265269255266,64.3348693847656
1,41.9,13.929860225413,64.3348693847656
1,41.91,13.9331935252994,64.3730163574219
1,41.92,13.9365268251859,64.3634796142578
1,41.93,13.9398601250723,64.3825531005859
1,41.94,13.9431934249587,64.387321472168
1,41.95,13.9465267248452,64.4016265869141
1,41.96,13.9498600247316,64.4207000732422
1,41.97,13.953193324618,64.4302368164063
1,41.98,13.9565266245045,64.4588470458984
1,41.99,13.9598599243909,64.4779205322266
1,42,13.9631932242773,64.4874572753906
1,42.01,13.9665265241638,64.5065307617188
1,42.02,13.9698598240502,64.549446105957
1,42.03,13.9731931239367,64.539909362793
1,42.04,13.9765264238231,64.5542144775391
1,42.05,13.9798597237095,64.5732879638672
1,42.06,13.983193023596,64.5923614501953
1,42.07,13.9865263234824,64.6209716796875
1,42.08,13.9898596233688,64.6495819091797
1,42.09,13.9931929232553,64.6495819091797
1,42.1,13.9965262231417,64.697265625
1,42.11,13.9998595230281,64.7211074829102
1,42.12,14.0031928229146,64.7497177124023
1,42.13,14.006526122801,64.7687911987305
1,42.14,14.0098594226874,64.7974014282227
1,42.15,14.0131927225739,64.8307800292969
1,42.16,14.0165260224603,64.8593902587891
1,42.17,14.0198593223467,64.8641586303711
1,42.18,14.0231926222332,64.9309158325195
1,42.19,14.0265259221196,64.9690628051758
1,42.2,14.0298592220061,64.997673034668
1,42.21,14.0331925218925,65.0310516357422
1,42.22,14.0365258217789,65.0453567504883
1,42.23,14.0398591216654,65.0835037231445
1,42.24,14.0431924215518,65.0787353515625
1,42.25,14.0465257214382,65.155029296875
1,42.26,14.0498590213247,65.1693344116211
1,42.27,14.0531923212111,65.1788711547852
1,42.28,14.0565256210975,65.2170181274414
1,42.29,14.059858920984,65.2265548706055
1,42.3,14.0631922208704,65.2694702148438
1,42.31,14.0665255207568,65.2885437011719
1,42.32,14.0698588206433,65.3171539306641
1,42.33,14.0731921205297,65.3219223022461
1,42.34,14.0765254204161,65.3505325317383
1,42.35,14.0798587203026,65.3791427612305
1,42.36,14.083192020189,65.3886795043945
1,42.37,14.0865253200755,65.4172897338867
1,42.38,14.0898586199619,65.4506683349609
1,42.39,14.0931919198483,65.4888153076172
1,42.4,14.0965252197348,65.5174255371094
1,42.41,14.0998585196212,65.5364990234375
1,42.42,14.1031918195076,65.5603408813477
1,42.43,14.1065251193941,65.5841827392578
1,42.44,14.1098584192805,65.6223297119141
1,42.45,14.1131917191669,65.6414031982422
1,42.46,14.1165250190534,65.6652450561523
1,42.47,14.1198583189398,65.6747817993164
1,42.48,14.1231916188262,65.6890869140625
1,42.49,14.1265249187127,65.7129287719727
1,42.5,14.1298582185991,65.7272338867188
1,42.51,14.1331915184855,65.765380859375
1,42.52,14.136524818372,65.7939910888672
1,42.53,14.1398581182584,65.8082962036133
1,42.54,14.1431914181449,65.8464431762695
1,42.55,14.1465247180313,65.8655166625977
1,42.56,14.1498580179177,65.8988952636719
1,42.57,14.1531913178042,65.9084320068359
1,42.58,14.1565246176906,65.9513473510742
1,42.59,14.159857917577,65.9990310668945
1,42.6,14.1631912174635,65.9990310668945
1,42.61,14.1665245173499,66.0562515258789
1,42.62,14.1698578172363,66.0800933837891
1,42.63,14.1731911171228,66.1182403564453
1,42.64,14.1765244170092,66.1468505859375
1,42.65,14.1798577168956,66.1849975585938
1,42.66,14.1831910167821,66.2088394165039
1,42.67,14.1865243166685,66.22314453125
1,42.68,14.1898576165549,66.2708282470703
1,42.69,14.1965242163278,66.2946701049805
1,42.7,14.1998575162143,66.3375854492188
1,42.72,14.2031908161007,66.370964050293
1,42.73,14.2065241159871,66.4281845092773
1,42.74,14.2098574158736,66.4472579956055
1,42.75,14.21319071576,66.4520263671875
1,42.76,14.2198573155329,66.5044784545898
1,42.78,14.2231906154193,66.5569305419922
1,42.79,14.2298572151922,66.6046142578125
1,42.8,14.2331905150786,66.6189193725586
1,42.82,14.236523814965,66.676139831543
1,42.83,14.2431904147379,66.7238235473633
1,42.84,14.2465237146243,66.7238235473633
1,42.85,14.2498570145108,66.7667388916016
1,42.86,14.2531903143972,66.8001174926758
1,42.87,14.2565236142837,66.8191909790039
1,42.88,14.2598569141701,66.8478012084961
1,42.89,14.2631902140565,66.8811798095703
1,42.9,14.266523513943,66.8859481811523
1,42.91,14.2698568138294,66.9288635253906
1,42.92,14.2731901137158,66.9479370117188
1,42.93,14.2765234136023,66.9622421264648
1,42.94,14.2798567134887,66.990852355957
1,42.95,14.2831900133751,67.0194625854492
1,42.96,14.2865233132616,67.0289993286133
1,42.97,14.289856613148,67.0433044433594
1,42.98,14.2931899130344,67.0671463012695
1,42.99,14.2965232129209,67.1100616455078
1,43,14.2998565128073,67.1052932739258
1,43.01,14.3031898126937,67.1148300170898
1,43.02,14.3065231125802,67.1577453613281
1,43.03,14.3098564124666,67.1672821044922
1,43.04,14.3131897123531,67.1958923339844
1,43.05,14.3165230122395,67.2054290771484
1,43.06,14.3198563121259,67.2483444213867
1,43.07,14.3231896120124,67.2721862792969
1,43.08,14.3265229118988,67.3103332519531
1,43.09,14.3298562117852,67.3341751098633
1,43.1,14.3331895116717,67.3580169677734
1,43.11,14.3365228115581,67.3818588256836
1,43.12,14.3398561114445,67.3961639404297
1,43.13,14.343189411331,67.439079284668
1,43.14,14.3465227112174,67.4676895141602
1,43.15,14.3498560111038,67.5010681152344
1,43.16,14.3531893109903,67.5106048583984
1,43.17,14.3565226108767,67.5582885742188
1,43.18,14.3598559107631,67.5773620605469
1,43.19,14.3631892106496,67.6298141479492
1,43.2,14.366522510536,67.6488876342773
1,43.21,14.3698558104225,67.6965713500977
1,43.22,14.3731891103089,67.6870346069336
1,43.23,14.3765224101953,67.744255065918
1,43.24,14.3798557100818,67.7585601806641
1,43.25,14.3831890099682,67.8014755249023
1,43.26,14.3865223098546,67.8205490112305
1,43.27,14.3898556097411,67.8491592407227
1,43.28,14.3931889096275,67.8682327270508
1,43.29,14.3965222095139,67.9111480712891
1,43.3,14.3998555094004,67.906379699707
1,43.31,14.4031888092868,67.9492950439453
1,43.32,14.4065221091732,67.9779052734375
1,43.33,14.4098554090597,68.0065155029297
1,43.34,14.4131887089461,68.0303573608398
1,43.35,14.4165220088325,68.058967590332
1,43.36,14.419855308719,68.0828094482422
1,43.37,14.4231886086054,68.0971145629883
1,43.38,14.4265219084918,68.1304931640625
1,43.39,14.4298552083783,68.1638717651367
1,43.4,14.4331885082647,68.1781768798828
1,43.41,14.4365218081512,68.206787109375
1,43.42,14.4398551080376,68.2353973388672
1,43.43,14.443188407924,68.2544708251953
1,43.44,14.4465217078105,68.2687759399414
1,43.45,14.4498550076969,68.3021545410156
1,43.46,14.4531883075833,68.3259963989258
1,43.47,14.4565216074698,68.3498382568359
1,43.48,14.4598549073562,68.359375
1,43.49,14.4631882072426,68.3879852294922
1,43.5,14.4665215071291,68.3975219726563
1,43.51,14.4698548070155,68.4452056884766
1,43.52,14.4731881069019,68.4642791748047
1,43.53,14.4765214067884,68.4738159179688
1,43.54,14.4798547066748,68.5262680053711
1,43.55,14.4831880065613,68.5310363769531
1,43.56,14.4865213064477,68.5453414916992
1,43.57,14.4898546063341,68.5834884643555
1,43.58,14.4931879062206,68.5977935791016
1,43.59,14.496521206107,68.6454772949219
1,43.6,14.4998545059934,68.6740875244141
1,43.61,14.5031878058799,68.7170028686523
1,43.62,14.5065211057663,68.7360763549805
1,43.63,14.5098544056527,68.7694549560547
1,43.64,14.5131877055392,68.8028335571289
1,43.65,14.5165210054256,68.8457489013672
1,43.66,14.519854305312,68.8886642456055
1,43.67,14.5231876051985,68.9125061035156
1,43.68,14.5265209050849,68.9268112182617
1,43.69,14.5298542049713,68.9888000488281
1,43.7,14.5331875048578,69.0078735351563
1,43.71,14.5365208047442,69.0364837646484
1,43.72,14.5398541046306,69.0555572509766
1,43.73,14.5431874045171,69.0841674804688
1,43.74,14.5465207044035,69.117546081543
1,43.75,14.54985400429,69.1413879394531
1,43.76,14.5531873041764,69.1652297973633
1,43.77,14.5565206040628,69.1795349121094
1,43.78,14.5598539039493,69.2224502563477
1,43.79,14.5631872038357,69.2319869995117
1,43.8,14.5665205037221,69.27490234375
1,43.81,14.5698538036086,69.270133972168
1,43.82,14.573187103495,69.2987442016602
1,43.83,14.5765204033814,69.3225860595703
1,43.84,14.5798537032679,69.3464279174805
1,43.85,14.5831870031543,69.3798065185547
1,43.86,14.5865203030407,69.3988800048828
1,43.87,14.5898536029272,69.422721862793
1,43.88,14.5931869028136,69.4513320922852
1,43.89,14.5965202027,69.4990158081055
1,43.9,14.5998535025865,69.5133209228516
1,43.91,14.6031868024729,69.5419311523438
1,43.92,14.6065201023594,69.5896148681641
1,43.93,14.6098534022458,69.5896148681641
1,43.94,14.6131867021322,69.6468353271484
1,43.95,14.6165200020187,69.6706771850586
1,43.96,14.6198533019051,69.7088241577148
1,43.97,14.6231866017915,69.737434387207
1,43.98,14.626519901678,69.737434387207
1,43.99,14.6298532015644,69.7708129882813
1,44,14.6331865014508,69.8041915893555
1,44.01,14.6365198013373,69.8328018188477
1,44.02,14.6398531012237,69.8614120483398
1,44.03,14.6431864011101,69.8757171630859
1,44.04,14.6465197009966,69.9043273925781
1,44.05,14.649853000883,69.9043273925781
1,44.06,14.6531863007695,69.9710845947266
1,44.07,14.6565196006559,69.9710845947266
1,44.08,14.6598529005423,70.0283050537109
1,44.09,14.6631862004288,70.033073425293
1,44.1,14.6665195003152,70.0950622558594
1,44.11,14.6698528002016,70.0998306274414
1,44.12,14.6731861000881,70.1332092285156
1,44.13,14.6765193999745,70.1522827148438
1,44.14,14.6798526998609,70.1904296875
1,44.15,14.6831859997474,70.2238082885742
1,44.16,14.6865192996338,70.2524185180664
1,44.17,14.6898525995202,70.2762603759766
1,44.18,14.6931858994067,70.3048706054688
1,44.19,14.6965191992931,70.3191757202148
1,44.2,14.6998524991795,70.3668594360352
1,44.21,14.703185799066,70.3859329223633
1,44.22,14.7065190989524,70.4288482666016
1,44.23,14.7098523988388,70.4240798950195
1,44.24,14.7131856987253,70.4479217529297
1,44.25,14.7165189986117,70.490837097168
1,44.26,14.7198522984982,70.5194473266602
1,44.27,14.7231855983846,70.5337524414063
1,44.28,14.726518898271,70.5575942993164
1,44.29,14.7298521981575,70.5957412719727
1,44.3,14.7331854980439,70.6195831298828
1,44.31,14.7365187979303,70.648193359375
1,44.32,14.7398520978168,70.6815719604492
1,44.33,14.7431853977032,70.7006454467773
1,44.34,14.7465186975896,70.7244873046875
1,44.35,14.7498519974761,70.7530975341797
1,44.36,14.7531852973625,70.796012878418
1,44.37,14.7565185972489,70.80078125
1,44.38,14.7598518971354,70.8198547363281
1,44.39,14.7631851970218,70.8532333374023
1,44.4,14.7665184969082,70.8913803100586
1,44.41,14.7698517967947,70.9390640258789
1,44.42,14.7731850966811,70.948600769043
1,44.43,14.7765183965676,70.9772109985352
1,44.44,14.779851696454,71.0153579711914
1,44.45,14.7831849963404,71.0487365722656
1,44.46,14.7865182962269,71.0868835449219
1,44.47,14.7898515961133,71.1202621459961
1,44.48,14.7931848959997,71.1441040039063
1,44.49,14.7965181958862,71.1965560913086
1,44.5,14.7998514957726,71.2108612060547
1,44.51,14.803184795659,71.253776550293
1,44.52,14.8065180955455,71.2728500366211
1,44.53,14.8098513954319,71.2966918945313
1,44.54,14.8131846953183,71.3300704956055
1,44.55,14.8165179952048,71.3348388671875
1,44.56,14.8198512950912,71.3539123535156
1,44.57,14.8231845949776,71.3729858398438
1,44.58,14.8265178948641,71.4015960693359
1,44.59,14.8298511947505,71.4349746704102
1,44.6,14.833184494637,71.4540481567383
1,44.61,14.8365177945234,71.5017318725586
1,44.62,14.8398510944098,71.5255737304688
1,44.63,14.8431843942963,71.5303421020508
1,44.64,14.8465176941827,71.558952331543
1,44.65,14.8498509940691,71.5875625610352
1,44.66,14.8531842939556,71.6114044189453
1,44.67,14.856517593842,71.6400146484375
1,44.68,14.8598508937284,71.6543197631836
1,44.69,14.8631841936149,71.6733932495117
1,44.7,14.8665174935013,71.71630859375
1,44.71,14.8698507933877,71.7592239379883
1,44.72,14.8731840932742,71.7592239379883
1,44.73,14.8765173931606,71.7973709106445
1,44.74,14.879850693047,71.8021392822266
1,44.75,14.8831839929335,71.8450546264648
1,44.76,14.8865172928199,71.8545913696289
1,44.77,14.8898505927064,71.873664855957
1,44.78,14.8931838925928,71.8879699707031
1,44.79,14.8965171924792,71.9308853149414
1,44.8,14.8998504923657,71.9356536865234
1,44.81,14.9031837922521,71.9738006591797
1,44.82,14.9065170921385,71.9881057739258
1,44.83,14.909850392025,72.026252746582
1,44.84,14.9131836919114,72.0405578613281
1,44.85,14.9165169917978,72.0596313476563
1,44.86,14.9198502916843,72.0882415771484
1,44.87,14.9231835915707,72.0977783203125
1,44.88,14.9265168914571,72.1406936645508
1,44.89,14.9298501913436,72.1597671508789
1,44.9,14.93318349123,72.1931457519531
1,44.91,14.9365167911164,72.1979141235352
1,44.92,14.9398500910029,72.2122192382813
1,44.93,14.9431833908893,72.2312927246094
1,44.94,14.9465166907758,72.2503662109375
1,44.95,14.9498499906622,72.2789764404297
1,44.96,14.9531832905486,72.2932815551758
1,44.97,14.9565165904351,72.3171234130859
1,44.98,14.9598498903215,72.3505020141602
1,44.99,14.9631831902079,72.3505020141602
1,45,14.9665164900944,72.3934173583984
1,45.01,14.9698497899808,72.4124908447266
1,45.02,14.9731830898672,72.4267959594727
1,45.03,14.9765163897537,72.4554061889648
1,45.04,14.9798496896401,72.484016418457
1,45.05,14.9831829895265,72.5126266479492
1,45.06,14.986516289413,72.5460052490234
1,45.07,14.9898495892994,72.5698471069336
1,45.08,14.9931828891858,72.6079940795898
1,45.09,14.9965161890723,72.636604309082
1,45.1,14.9998494889587,72.6509094238281
1,45.11,15.0031827888452,72.7033615112305
1,45.12,15.0065160887316,72.7462768554688
1,45.13,15.009849388618,72.7701187133789
1,45.14,15.0131826885045,72.8034973144531
1,45.15,15.0165159883909,72.8321075439453
1,45.16,15.0198492882773,72.8893280029297
1,45.17,15.0231825881638,72.9084014892578
1,45.18,15.0265158880502,72.9465484619141
1,45.19,15.0298491879366,72.9608535766602
1,45.2,15.0331824878231,72.9894638061523
1,45.21,15.0365157877095,73.0133056640625
1,45.22,15.0398490875959,73.0323791503906
1,45.23,15.0431823874824,73.0705261230469
1,45.24,15.0465156873688,73.0752944946289
1,45.25,15.0498489872552,73.1086730957031
1,45.26,15.0531822871417,73.1468200683594
1,45.27,15.0565155870281,73.1706619262695
1,45.28,15.0598488869146,73.1945037841797
1,45.29,15.063182186801,73.2564926147461
1,45.3,15.0665154866874,73.2660293579102
1,45.31,15.0698487865739,73.2898712158203
1,45.32,15.0731820864603,73.3137130737305
1,45.33,15.0765153863467,73.3518600463867
1,45.34,15.0798486862332,73.3613967895508
1,45.35,15.0831819861196,73.4281539916992
1,45.36,15.086515286006,73.4567642211914
1,45.37,15.0898485858925,73.4758377075195
1,45.38,15.0931818857789,73.5044479370117
1,45.39,15.0965151856653,73.5330581665039
1,45.4,15.0998484855518,73.5855102539063
1,45.41,15.1031817854382,73.5902786254883
1,45.42,15.1065150853246,73.6474990844727
1,45.43,15.1098483852111,73.6618041992188
1,45.44,15.1131816850975,73.7094879150391
1,45.45,15.116514984984,73.7094879150391
1,45.46,15.1198482848704,73.7428665161133
1,45.47,15.1231815847568,73.7380981445313
1,45.48,15.1265148846433,73.8048553466797
1,45.49,15.1298481845297,73.8048553466797
1,45.5,15.1331814844161,73.8668441772461
1,45.51,15.1365147843026,73.8811492919922
1,45.52,15.139848084189,73.8859176635742
1,45.53,15.1431813840754,73.9336013793945
1,45.54,15.1465146839619,73.9288330078125
1,45.55,15.1498479838483,73.9908218383789
1,45.56,15.1531812837347,74.0194320678711
1,45.57,15.1565145836212,74.0194320678711
1,45.58,15.1598478835076,74.0718841552734
1,45.59,15.163181183394,74.0814208984375
1,45.6,15.1665144832805,74.1338729858398
1,45.61,15.1698477831669,74.1720199584961
1,45.62,15.1731810830534,74.1910934448242
1,45.63,15.1765143829398,74.2197036743164
1,45.64,15.1798476828262,74.2530822753906
1,45.65,15.1831809827127,74.2864608764648
1,45.66,15.1865142825991,74.3007659912109
1,45.67,15.1898475824855,74.315071105957
1,45.68,15.193180882372,74.3532180786133
1,45.69,15.1965141822584,74.3818283081055
1,45.7,15.1998474821448,74.4247436523438
1,45.71,15.2031807820313,74.4295120239258
1,45.72,15.2065140819177,74.4390487670898
1,45.73,15.2098473818041,74.4915008544922
1,45.74,15.2131806816906,74.4962692260742
1,45.75,15.216513981577,74.5439529418945
1,45.76,15.2198472814634,74.5487213134766
1,45.77,15.2231805813499,74.5916366577148
1,45.78,15.2265138812363,74.6011734008789
1,45.79,15.2298471811228,74.6250152587891
1,45.8,15.2331804810092,74.6726989746094
1,45.81,15.2365137808956,74.6774673461914
1,45.82,15.2398470807821,74.7203826904297
1,45.83,15.2431803806685,74.7537612915039
1,45.84,15.2465136805549,74.7871398925781
1,45.85,15.2498469804414,74.8157501220703
1,45.86,15.2531802803278,74.8395919799805
1,45.87,15.2565135802142,74.8920440673828
1,45.88,15.2598468801007,74.9111175537109
1,45.89,15.2631801799871,74.9397277832031
1,45.9,15.2665134798735,74.9778747558594
1,45.91,15.26984677976,75.0064849853516
1,45.92,15.2731800796464,75.0494003295898
1,45.93,15.2765133795328,75.0923156738281
1,45.94,15.2798466794193,75.1113891601563
1,45.95,15.2831799793057,75.1495361328125
1,45.96,15.2865132791921,75.1781463623047
1,45.97,15.2898465790786,75.2353668212891
1,45.98,15.293179878965,75.2449035644531
1,45.99,15.2965131788515,75.3116607666016
1,46,15.2998464787379,75.3211975097656
1,46.01,15.3031797786243,75.3593444824219
1,46.02,15.3065130785108,75.3974914550781
1,46.03,15.3098463783972,75.4165649414063
1,46.04,15.3131796782836,75.4594802856445
1,46.05,15.3165129781701,75.4880905151367
1,46.06,15.3198462780565,75.5214691162109
1,46.07,15.3231795779429,75.5453109741211
1,46.08,15.3265128778294,75.5643844604492
1,46.09,15.3298461777158,75.5977630615234
1,46.1,15.3331794776022,75.5977630615234
1,46.11,15.3365127774887,75.6359100341797
1,46.12,15.3398460773751,75.6359100341797
1,46.13,15.3431793772616,75.688362121582
1,46.14,15.346512677148,75.688362121582
1,46.15,15.3498459770344,75.7122039794922
1,46.16,15.3531792769209,75.7408142089844
1,46.17,15.3565125768073,75.7360458374023
1,46.18,15.3598458766937,75.7789611816406
1,46.19,15.3631791765802,75.7741928100586
1,46.2,15.3665124764666,75.8171081542969
1,46.21,15.369845776353,75.836181640625
1,46.22,15.3731790762395,75.8552551269531
1,46.23,15.3765123761259,75.8790969848633
1,46.24,15.3798456760123,75.8886337280273
1,46.25,15.3831789758988,75.9220123291016
1,46.26,15.3865122757852,75.9220123291016
1,46.27,15.3898455756716,75.9458541870117
1,46.28,15.3931788755581,75.9744644165039
1,46.29,15.3965121754445,75.98876953125
1,46.3,15.3998454753309,76.0078430175781
1,46.31,15.4031787752174,76.0459899902344
1,46.32,15.4065120751038,76.0650634765625
1,46.33,15.4098453749903,76.1032104492188
1,46.34,15.4131786748767,76.1270523071289
1,46.35,15.4165119747631,76.1508941650391
1,46.36,15.4198452746496,76.1795043945313
1,46.37,15.423178574536,76.2033462524414
1,46.38,15.4298451743089,76.2367248535156
1,46.4,15.4331784741953,76.289176940918
1,46.41,15.4365117740817,76.3130187988281
1,46.42,15.4398450739682,76.3654708862305
1,46.43,15.4431783738546,76.3797760009766
1,46.44,15.4498449736275,76.4226913452148
1,46.45,15.4531782735139,76.446533203125
1,46.46,15.4565115734003,76.4751434326172
1,46.47,15.4598448732868,76.4989852905273
1,46.48,15.4631781731732,76.5466690063477
1,46.49,15.4665114730597,76.5609741210938
1,46.51,15.4731780728325,76.603889465332
1,46.52,15.476511372719,76.6515731811523
1,46.53,15.4798446726054,76.6706466674805
1,46.54,15.4831779724918,76.6754150390625
1,46.55,15.4865112723783,76.7183303833008
1,46.56,15.4898445722647,76.7230987548828
1,46.57,15.4931778721511,76.7612457275391
1,46.58,15.4965111720376,76.7755508422852
1,46.59,15.499844471924,76.7803192138672
1,46.6,15.5031777718104,76.7993927001953
1,46.61,15.5065110716969,76.8232345581055
1,46.62,15.5098443715833,76.8470764160156
1,46.63,15.5131776714697,76.8661499023438
1,46.64,15.5165109713562,76.8899917602539
1,46.65,15.5198442712426,76.9233703613281
1,46.66,15.5231775711291,76.9662857055664
1,46.67,15.5265108710155,76.9853591918945
1,46.68,15.5298441709019,77.0139694213867
1,46.69,15.5331774707884,77.0711898803711
1,46.7,15.5365107706748,77.0759582519531
1,46.71,15.5398440705612,77.1379470825195
1,46.72,15.5431773704477,77.1760940551758
1,46.73,15.5465106703341,77.204704284668
1,46.74,15.5498439702205,77.2428512573242
1,46.75,15.553177270107,77.2809982299805
1,46.76,15.5565105699934,77.3048400878906
1,46.77,15.5598438698798,77.3048400878906
1,46.78,15.5631771697663,77.362060546875
1,46.79,15.5665104696527,77.366828918457
1,46.8,15.5698437695391,77.4145126342773
1,46.81,15.5731770694256,77.4478912353516
1,46.82,15.576510369312,77.4717330932617
1,46.83,15.5798436691985,77.4955749511719
1,46.84,15.5831769690849,77.509880065918
1,46.85,15.5865102689713,77.5337219238281
1,46.86,15.5898435688578,77.5575637817383
1,46.87,15.5931768687442,77.5766372680664
1,46.88,15.5965101686306,77.6004791259766
1,46.89,15.5998434685171,77.6147842407227
1,46.9,15.6031767684035,77.6433944702148
1,46.91,15.6065100682899,77.662467956543
1,46.92,15.6098433681764,77.6815414428711
1,46.93,15.6131766680628,77.7292251586914
1,46.94,15.6165099679492,77.7482986450195
1,46.95,15.6198432678357,77.7387619018555
1,46.96,15.6231765677221,77.8055191040039
1,46.97,15.6265098676085,77.824592590332
1,46.98,15.629843167495,77.8818130493164
1,46.99,15.6331764673814,77.8770446777344
1,47,15.6365097672679,77.9056549072266
1,47.01,15.6398430671543,77.9533386230469
1,47.02,15.6431763670407,77.972412109375
1,47.03,15.6465096669272,78.0105590820313
1,47.04,15.6498429668136,78.0487060546875
1,47.05,15.6531762667,78.0773162841797
1,47.06,15.6565095665865,78.0820846557617
1,47.07,15.6598428664729,78.129768371582
1,47.08,15.6631761663593,78.1679153442383
1,47.09,15.6665094662458,78.1917572021484
1,47.1,15.6698427661322,78.2060623168945
1,47.11,15.6731760660186,78.2394409179688
1,47.12,15.6765093659051,78.2966613769531
1,47.13,15.6798426657915,78.3061981201172
1,47.14,15.6831759656779,78.3205032348633
1,47.15,15.6865092655644,78.3586502075195
1,47.16,15.6898425654508,78.3729553222656
1,47.17,15.6931758653373,78.4111022949219
1,47.18,15.6965091652237,78.434944152832
1,47.19,15.6998424651101,78.4635543823242
1,47.2,15.7031757649966,78.5017013549805
1,47.21,15.706509064883,78.5064697265625
1,47.22,15.7098423647694,78.5493850708008
1,47.23,15.7131756646559,78.5589218139648
1,47.24,15.7165089645423,78.6018371582031
1,47.25,15.7198422644287,78.6399841308594
1,47.26,15.7231755643152,78.6685943603516
1,47.27,15.7265088642016,78.7019729614258
1,47.28,15.729842164088,78.7115097045898
1,47.29,15.7331754639745,78.7591934204102
1,47.3,15.7365087638609,78.7734985351563
1,47.31,15.7398420637473,78.8068771362305
1,47.32,15.7431753636338,78.8354873657227
1,47.33,15.7465086635202,78.8688659667969
1,47.34,15.7498419634067,78.9070129394531
1,47.35,15.7531752632931,78.9356231689453
1,47.36,15.7565085631795,78.9403915405273
1,47.37,15.759841863066,78.9785385131836
1,47.38,15.7631751629524,79.0071487426758
1,47.39,15.7665084628388,79.0309906005859
1,47.4,15.7698417627253,79.0500640869141
1,47.41,15.7731750626117,79.0786743164063
1,47.42,15.7765083624981,79.1072845458984
1,47.43,15.7798416623846,79.1406631469727
1,47.44,15.783174962271,79.1549682617188
1,47.45,15.7865082621574,79.1549682617188
1,47.46,15.7898415620439,79.1692733764648
1,47.47,15.7931748619303,79.197883605957
1,47.48,15.7965081618167,79.2360305786133
1,47.49,15.7998414617032,79.2503356933594
1,47.5,15.8031747615896,79.2646408081055
1,47.51,15.8065080614761,79.2932510375977
1,47.52,15.8098413613625,79.2884826660156
1,47.53,15.8131746612489,79.3170928955078
1,47.54,15.8165079611354,79.3313980102539
1,47.55,15.8198412610218,79.3647766113281
1,47.56,15.8231745609082,79.3933868408203
1,47.57,15.8265078607947,79.4315338134766
1,47.58,15.8298411606811,79.4458389282227
1,47.59,15.8331744605675,79.4696807861328
1,47.6,15.836507760454,79.503059387207
1,47.61,15.8398410603404,79.5412063598633
1,47.62,15.8431743602268,79.5650482177734
1,47.63,15.8465076601133,79.5698165893555
1,47.64,15.8498409599997,79.6079635620117
1,47.65,15.8531742598861,79.646110534668
1,47.66,15.8565075597726,79.6842575073242
1,47.67,15.859840859659,79.7033309936523
1,47.68,15.8631741595454,79.6985626220703
1,47.69,15.8665074594319,79.7510147094727
1,47.7,15.8698407593183,79.7653198242188
1,47.71,15.8731740592048,79.803466796875
1,47.72,15.8765073590912,79.8320770263672
1,47.73,15.8798406589776,79.8606872558594
1,47.74,15.8831739588641,79.8797607421875
1,47.75,15.8865072587505,79.8940658569336
1,47.76,15.8898405586369,79.9322128295898
1,47.77,15.8931738585234,79.9274444580078
1,47.78,15.8965071584098,79.9703598022461
1,47.79,15.8998404582962,79.9894332885742
1,47.8,15.9031737581827,80.0180435180664
1,47.81,15.9065070580691,80.0228118896484
1,47.82,15.9098403579555,80.0371170043945
1,47.83,15.913173657842,80.0657272338867
1,47.84,15.9165069577284,80.0800323486328
1,47.85,15.9198402576149,80.113410949707
1,47.86,15.9231735575013,80.1515579223633
1,47.87,15.9265068573877,80.1706314086914
1,47.88,15.9298401572742,80.2183151245117
1,47.89,15.9331734571606,80.2278518676758
1,47.9,15.936506757047,80.256462097168
1,47.91,15.9398400569335,80.2850723266602
1,47.92,15.9431733568199,80.3184509277344
1,47.93,15.9465066567063,80.3756713867188
1,47.94,15.9498399565928,80.3852081298828
1,47.95,15.9531732564792,80.4376602172852
1,47.96,15.9565065563656,80.4615020751953
1,47.97,15.9598398562521,80.5091857910156
1,47.98,15.9631731561385,80.5473327636719
1,47.99,15.9665064560249,80.56640625
1,48,15.9698397559114,80.6188583374023
1,48.01,15.9731730557978,80.6188583374023
1,48.02,15.9765063556843,80.6760787963867
1,48.03,15.9798396555707,80.7046890258789
1,48.04,15.9831729554571,80.7332992553711
1,48.05,15.9865062553436,80.7523727416992
1,48.06,15.98983955523,80.7905197143555
1,48.07,15.9931728551164,80.8334350585938
1,48.08,15.9965061550029,80.8429718017578
1,48.09,15.9998394548893,80.8811187744141
1,48.1,16.0031727547757,80.9049606323242
1,48.11,16.0065060546622,80.9144973754883
1,48.12,16.0098393545486,80.9812545776367
1,48.13,16.013172654435,81.0146331787109
1,48.14,16.0165059543215,81.024169921875
1,48.15,16.0198392542079,81.0575485229492
1,48.16,16.0231725540943,81.0956954956055
1,48.17,16.0265058539808,81.1481475830078
1,48.18,16.0298391538672,81.1576843261719
1,48.19,16.0331724537537,81.1576843261719
1,48.2,16.0365057536401,81.2101364135742
1,48.21,16.0398390535265,81.2101364135742
1,48.22,16.043172353413,81.2435150146484
1,48.23,16.0465056532994,81.2673568725586
1,48.24,16.0498389531858,81.3055038452148
1,48.25,16.0531722530723,81.3531875610352
1,48.26,16.0565055529587,81.3579559326172
1,48.27,16.0598388528451,81.3961029052734
1,48.28,16.0631721527316,81.4056396484375
1,48.29,16.066505452618,81.4628601074219
1,48.3,16.0698387525044,81.486701965332
1,48.31,16.0731720523909,81.4962387084961
1,48.32,16.0765053522773,81.5391540527344
1,48.33,16.0798386521637,81.5534591674805
1,48.34,16.0831719520502,81.6154479980469
1,48.35,16.0865052519366,81.639289855957
1,48.36,16.0898385518231,81.6822052001953
1,48.37,16.0931718517095,81.7012786865234
1,48.38,16.0965051515959,81.7537307739258
1,48.39,16.0998384514824,81.791877746582
1,48.4,16.1031717513688,81.8252563476563
1,48.41,16.1065050512552,81.8395614624023
1,48.42,16.1098383511417,81.8824768066406
1,48.43,16.1131716510281,81.9253921508789
1,48.44,16.1165049509145,81.9540023803711
1,48.45,16.119838250801,81.9826126098633
1,48.46,16.1231715506874,82.0159912109375
1,48.47,16.1265048505738,82.0636749267578
1,48.48,16.1298381504603,82.0779800415039
1,48.49,16.1331714503467,82.1256637573242
1,48.5,16.1365047502331,82.1638107299805
1,48.51,16.1398380501196,82.1924209594727
1,48.52,16.143171350006,82.2257995605469
1,48.53,16.1465046498925,82.2544097900391
1,48.54,16.1498379497789,82.2925567626953
1,48.55,16.1531712496653,82.3259353637695
1,48.56,16.1565045495518,82.3593139648438
1,48.57,16.1598378494382,82.3974609375
1,48.58,16.1631711493246,82.402229309082
1,48.59,16.1665044492111,82.4546813964844
1,48.6,16.1698377490975,82.4737548828125
1,48.61,16.1731710489839,82.4975967407227
1,48.62,16.1765043488704,82.4975967407227
1,48.63,16.1798376487568,82.5643539428711
1,48.64,16.1831709486432,82.5691223144531
1,48.65,16.1865042485297,82.5881958007813
1,48.66,16.1898375484161,82.6025009155273
1,48.67,16.1931708483025,82.6406478881836
1,48.68,16.196504148189,82.6692581176758
1,48.69,16.1998374480754,82.6740264892578
1,48.7,16.2031707479618,82.7121734619141
1,48.71,16.2065040478483,82.7217102050781
1,48.72,16.2098373477347,82.7598571777344
1,48.73,16.2131706476212,82.7598571777344
1,48.74,16.2165039475076,82.7598571777344
1,48.75,16.219837247394,82.8075408935547
1,48.76,16.2231705472805,82.8123092651367
1,48.77,16.2265038471669,82.8409194946289
1,48.78,16.2298371470533,82.8647613525391
1,48.79,16.2331704469398,82.8933715820313
1,48.8,16.2365037468262,82.9124450683594
1,48.81,16.2398370467126,82.9553604125977
1,48.82,16.2431703465991,82.9601287841797
1,48.83,16.2465036464855,83.003044128418
1,48.84,16.2498369463719,83.0316543579102
1,48.85,16.2531702462584,83.0554962158203
1,48.86,16.2565035461448,83.0841064453125
1,48.87,16.2598368460312,83.1174850463867
1,48.88,16.2631701459177,83.1460952758789
1,48.89,16.2665034458041,83.1460952758789
1,48.9,16.2698367456906,83.1794738769531
1,48.91,16.273170045577,83.2080841064453
1,48.92,16.2765033454634,83.2319259643555
1,48.93,16.2798366453499,83.2605361938477
1,48.94,16.2831699452363,83.2653045654297
1,48.95,16.2865032451227,83.308219909668
1,48.96,16.2898365450092,83.3320617675781
1,48.97,16.2931698448956,83.3749771118164
1,48.98,16.296503144782,83.3797454833984
1,48.99,16.2998364446685,83.3988189697266
1,49,16.3031697445549,83.4369659423828
1,49.01,16.3065030444413,83.470344543457
1,49.02,16.3098363443278,83.4941864013672
1,49.03,16.3131696442142,83.5275650024414
1,49.04,16.3165029441006,83.5323333740234
1,49.05,16.3198362439871,83.5704803466797
1,49.06,16.3231695438735,83.6038589477539
1,49.07,16.32650284376,83.6324691772461
1,49.08,16.3298361436464,83.6753845214844
1,49.09,16.3331694435328,83.7135314941406
1,49.1,16.3365027434193,83.7326049804688
1,49.11,16.3398360433057,83.775520324707
1,49.12,16.3431693431921,83.7898254394531
1,49.13,16.3465026430786,83.8327407836914
1,49.14,16.349835942965,83.8470458984375
1,49.15,16.3531692428514,83.8708877563477
1,49.16,16.3565025427379,83.8851928710938
1,49.17,16.3598358426243,83.9138031005859
1,49.18,16.3631691425107,83.9376449584961
1,49.19,16.3665024423972,83.9614868164063
1,49.2,16.3698357422836,83.9853286743164
1,49.21,16.37316904217,83.9853286743164
1,49.22,16.3765023420565,84.0139389038086
1,49.23,16.3798356419429,84.0473175048828
1,49.24,16.3831689418294,84.075927734375
1,49.25,16.3865022417158,84.1331481933594
1,49.26,16.3898355416022,84.1331481933594
1,49.27,16.3931688414887,84.1617584228516
1,49.28,16.3965021413751,84.2094421386719
1,49.29,16.3998354412615,84.2142105102539
1,49.3,16.403168741148,84.2571258544922
1,49.31,16.4065020410344,84.2952728271484
1,49.32,16.4098353409208,84.3191146850586
1,49.33,16.4131686408073,84.3572616577148
1,49.34,16.4165019406937,84.3667984008789
1,49.35,16.4198352405801,84.4049453735352
1,49.36,16.4231685404666,84.4383239746094
1,49.37,16.426501840353,84.4812393188477
1,49.38,16.4298351402394,84.5098495483398
1,49.39,16.4331684401259,84.5527648925781
1,49.4,16.4365017400123,84.5670700073242
1,49.41,16.4398350398988,84.6099853515625
1,49.42,16.4431683397852,84.6338272094727
1,49.43,16.4465016396716,84.6767425537109
1,49.44,16.4498349395581,84.6958160400391
1,49.45,16.4531682394445,84.7053527832031
1,49.46,16.4565015393309,84.7434997558594
1,49.47,16.4598348392174,84.7625732421875
1,49.48,16.4631681391038,84.8102569580078
1,49.49,16.4665014389902,84.8245620727539
1,49.5,16.4698347388767,84.843635559082
1,49.51,16.4731680387631,84.8960876464844
1,49.52,16.4765013386495,84.8817825317383
1,49.53,16.479834638536,84.9390029907227
1,49.54,16.4831679384224,84.9485397338867
1,49.55,16.4865012383089,84.996223449707
1,49.56,16.4898345381953,85.0152969360352
1,49.57,16.4931678380817,85.0343704223633
1,49.58,16.4965011379682,85.0772857666016
1,49.59,16.4998344378546,85.0915908813477
1,49.6,16.503167737741,85.1154327392578
1,49.61,16.5065010376275,85.1631164550781
1,49.62,16.5098343375139,85.1821899414063
1,49.63,16.5131676374003,85.2251052856445
1,49.64,16.5165009372868,85.2346420288086
1,49.65,16.5198342371732,85.2680206298828
1,49.66,16.5231675370596,85.296630859375
1,49.67,16.5265008369461,85.3109359741211
1,49.68,16.5298341368325,85.3681564331055
1,49.69,16.5331674367189,85.4015350341797
1,49.7,16.5365007366054,85.4253768920898
1,49.71,16.5398340364918,85.4730606079102
1,49.72,16.5431673363782,85.4921340942383
1,49.73,16.5465006362647,85.5159759521484
1,49.74,16.5498339361511,85.5350494384766
1,49.75,16.5531672360376,85.5731964111328
1,49.76,16.556500535924,85.6161117553711
1,49.77,16.5598338358104,85.6256484985352
1,49.78,16.5631671356969,85.6447219848633
1,49.79,16.5665004355833,85.6781005859375
1,49.8,16.5698337354697,85.6828689575195
1,49.81,16.5731670353562,85.7210159301758
1,49.82,16.5765003352426,85.7400894165039
1,49.83,16.579833635129,85.7925415039063
1,49.84,16.5831669350155,85.8020782470703
1,49.85,16.5865002349019,85.8354568481445
1,49.86,16.5898335347883,85.8545303344727
1,49.87,16.5965001345612,85.8879089355469
1,49.88,16.5998334344476,85.9260559082031
1,49.9,16.6031667343341,85.9928131103516
1,49.91,16.609833334107,86.0214233398438
1,49.92,16.6131666339934,86.0691070556641
1,49.93,16.6164999338798,86.1120223999023
1,49.94,16.6198332337663,86.1454010009766
1,49.96,16.6231665336527,86.212158203125
1,49.97,16.6298331334256,86.2503051757813
1,49.98,16.633166433312,86.2646102905273
1,50,16.6398330330849,86.3265991210938
1,50.01,16.6431663329713,86.359977722168
1,50.02,16.6464996328577,86.36474609375
1,50.03,16.6498329327442,86.3981246948242
1,50.04,16.6531662326306,86.4076614379883
1,50.05,16.656499532517,86.4410400390625
1,50.06,16.6598328324035,86.4315032958984
1,50.07,16.6631661322899,86.4696502685547
1,50.08,16.6664994321764,86.4839553833008
1,50.09,16.6698327320628,86.512565612793
1,50.1,16.6731660319492,86.5268707275391
1,50.11,16.6764993318357,86.5268707275391
1,50.12,16.6798326317221,86.5602493286133
1,50.13,16.6831659316085,86.5697860717773
1,50.14,16.686499231495,86.6127014160156
1,50.15,16.6898325313814,86.6317749023438
1,50.16,16.6931658312678,86.6889953613281
1,50.17,16.6964991311543,86.7128372192383
1,50.18,16.6998324310407,86.7319107055664
1,50.19,16.7031657309271,86.7414474487305
1,50.2,16.7064990308136,86.7938995361328
1,50.21,16.7098323307,86.817741394043
1,50.22,16.7131656305864,86.8654251098633
1,50.23,16.7164989304729,86.8892669677734
1,50.24,16.7198322303593,86.9035720825195
1,50.25,16.7231655302458,86.9655609130859
1,50.26,16.7264988301322,86.97509765625
1,50.27,16.7298321300186,87.0275497436523
1,50.28,16.7331654299051,87.0656967163086
1,50.29,16.7364987297915,87.0847702026367
1,50.3,16.7398320296779,87.1038436889648
1,50.31,16.7431653295644,87.1515274047852
1,50.32,16.7464986294508,87.1753692626953
1,50.33,16.7498319293372,87.1849060058594
1,50.34,16.7531652292237,87.2468948364258
1,50.35,16.7564985291101,87.2659683227539
1,50.36,16.7598318289965,87.3088836669922
1,50.37,16.763165128883,87.3184204101563
1,50.38,16.7664984287694,87.3517990112305
1,50.39,16.7698317286558,87.3661041259766
1,50.4,16.7731650285423,87.3899459838867
1,50.41,16.7764983284287,87.432861328125
1,50.42,16.7798316283152,87.437629699707
1,50.43,16.7831649282016,87.4853134155273
1,50.44,16.786498228088,87.5091552734375
1,50.45,16.7898315279745,87.5616073608398
1,50.46,16.7931648278609,87.58544921875
1,50.47,16.7964981277473,87.6092910766602
1,50.48,16.7998314276338,87.6283645629883
1,50.49,16.8031647275202,87.6617431640625
1,50.5,16.8064980274066,87.6712799072266
1,50.51,16.8098313272931,87.7141952514648
1,50.52,16.8131646271795,87.742805480957
1,50.53,16.8164979270659,87.7714157104492
1,50.54,16.8198312269524,87.7904891967773
1,50.55,16.8231645268388,87.8190994262695
1,50.56,16.8264978267252,87.8572463989258
1,50.57,16.8298311266117,87.8620147705078
1,50.58,16.8331644264981,87.9335403442383
1,50.59,16.8364977263846,87.9383087158203
1,50.6,16.839831026271,87.9955291748047
1,50.61,16.8431643261574,88.0050659179688
1,50.62,16.8464976260439,88.0193710327148
1,50.63,16.8498309259303,88.0622863769531
1,50.64,16.8531642258167,88.0908966064453
1,50.65,16.8564975257032,88.1147384643555
1,50.66,16.8598308255896,88.1385803222656
1,50.67,16.863164125476,88.1719589233398
1,50.68,16.8664974253625,88.2101058959961
1,50.69,16.8698307252489,88.2387161254883
1,50.7,16.8731640251353,88.2720947265625
1,50.71,16.8764973250218,88.3054733276367
1,50.72,16.8798306249082,88.3245468139648
1,50.73,16.8831639247946,88.353157043457
1,50.74,16.8864972246811,88.3865356445313
1,50.75,16.8898305245675,88.4008407592773
1,50.76,16.893163824454,88.4151458740234
1,50.77,16.8964971243404,88.4723663330078
1,50.78,16.8998304242268,88.4866714477539
1,50.79,16.9031637241133,88.496208190918
1,50.8,16.9064970239997,88.5295867919922
1,50.81,16.9098303238861,88.5677337646484
1,50.82,16.9131636237726,88.5820388793945
1,50.83,16.916496923659,88.6011123657227
1,50.84,16.9198302235454,88.658332824707
1,50.85,16.9231635234319,88.6821746826172
1,50.86,16.9264968233183,88.7012481689453
1,50.87,16.9298301232047,88.7346267700195
1,50.88,16.9331634230912,88.7584686279297
1,50.89,16.9364967229776,88.7918472290039
1,50.9,16.939830022864,88.810920715332
1,50.91,16.9431633227505,88.8299942016602
1,50.92,16.9464966226369,88.8919830322266
1,50.93,16.9498299225234,88.9110565185547
1,50.94,16.9531632224098,88.9682769775391
1,50.95,16.9564965222962,88.9682769775391
1,50.96,16.9598298221827,88.9873504638672
1,50.97,16.9631631220691,89.0350341796875
1,50.98,16.9664964219555,89.0636444091797
1,50.99,16.969829721842,89.111328125
1,51,16.9731630217284,89.116096496582
1,51.01,16.9764963216148,89.1447067260742
1,51.02,16.9798296215013,89.1876220703125
1,51.03,16.9831629213877,89.2066955566406
1,51.04,16.9864962212741,89.2353057861328
1,51.05,16.9898295211606,89.259147644043
1,51.06,16.993162821047,89.2734527587891
1,51.07,16.9964961209334,89.3211364746094
1,51.08,16.9998294208199,89.3592834472656
1,51.09,17.0031627207063,89.3783569335938
1,51.1,17.0064960205927,89.421272277832
1,51.11,17.0098293204792,89.4546508789063
1,51.12,17.0131626203656,89.4927978515625
1,51.13,17.0164959202521,89.5452499389648
1,51.14,17.0198292201385,89.564323425293
1,51.15,17.0231625200249,89.6167755126953
1,51.16,17.0264958199114,89.6167755126953
1,51.17,17.0298291197978,89.6549224853516
1,51.18,17.0331624196842,89.6883010864258
1,51.19,17.0364957195707,89.7455215454102
1,51.2,17.0398290194571,89.7645950317383
1,51.21,17.0431623193435,89.7932052612305
1,51.22,17.04649561923,89.8075103759766
1,51.23,17.0498289191164,89.8551940917969
1,51.24,17.0531622190028,89.8599624633789
1,51.25,17.0564955188893,89.9076461791992
1,51.26,17.0598288187757,89.9267196655273
1,51.27,17.0631621186621,89.9744033813477
1,51.28,17.0664954185486,89.9791717529297
1,51.29,17.069828718435,89.9887084960938
1,51.3,17.0731620183215,90.0506973266602
1,51.31,17.0764953182079,90.0650024414063
1,51.32,17.0798286180943,90.1031494140625
1,51.33,17.0831619179808,90.1079177856445
1,51.34,17.0864952178672,90.1508331298828
1,51.35,17.0898285177536,90.1556015014648
1,51.36,17.0931618176401,90.1889801025391
1,51.37,17.0964951175265,90.2128219604492
1,51.38,17.0998284174129,90.2318954467773
1,51.39,17.1031617172994,90.2652740478516
1,51.4,17.1064950171858,90.2700424194336
1,51.41,17.1098283170722,90.2986526489258
1,51.42,17.1131616169587,90.3177261352539
1,51.43,17.1164949168451,90.3415679931641
1,51.44,17.1198282167315,90.3558731079102
1,51.45,17.123161516618,90.3797149658203
1,51.46,17.1264948165044,90.4178619384766
1,51.47,17.1298281163909,90.4321670532227
1,51.48,17.1331614162773,90.4655456542969
1,51.49,17.1364947161637,90.5132293701172
1,51.5,17.1398280160502,90.5275344848633
1,51.51,17.1431613159366,90.5418395996094
1,51.52,17.146494615823,90.5656814575195
1,51.53,17.1498279157095,90.5847549438477
1,51.54,17.1531612155959,90.632438659668
1,51.55,17.1564945154823,90.6515121459961
1,51.56,17.1598278153688,90.6991958618164
1,51.57,17.1631611152552,90.7039642333984
1,51.58,17.1664944151416,90.7421112060547
1,51.59,17.1698277150281,90.7564163208008
1,51.6,17.1731610149145,90.7707214355469
1,51.61,17.1764943148009,90.8136367797852
1,51.62,17.1798276146874,90.8422470092773
1,51.63,17.1831609145738,90.8756256103516
1,51.64,17.1864942144603,90.9137725830078
1,51.65,17.1898275143467,90.9280776977539
1,51.66,17.1931608142331,90.9662246704102
1,51.67,17.1964941141196,90.9805297851563
1,51.68,17.199827414006,91.0234451293945
1,51.69,17.2031607138924,91.0329818725586
1,51.7,17.2064940137789,91.0663604736328
1,51.71,17.2098273136653,91.1045074462891
1,51.72,17.2131606135517,91.1283493041992
1,51.73,17.2164939134382,91.1426544189453
1,51.74,17.2198272133246,91.1760330200195
1,51.75,17.223160513211,91.1998748779297
1,51.76,17.2264938130975,91.242790222168
1,51.77,17.2298271129839,91.2380218505859
1,51.78,17.2331604128704,91.2904739379883
1,51.79,17.2364937127568,91.3095474243164
1,51.8,17.2398270126432,91.3476943969727
1,51.81,17.2431603125297,91.3858413696289
1,51.82,17.2464936124161,91.3906097412109
1,51.83,17.2498269123025,91.4287567138672
1,51.84,17.253160212189,91.4478302001953
1,51.85,17.2564935120754,91.5002822875977
1,51.86,17.2598268119618,91.5288925170898
1,51.87,17.2631601118483,91.5288925170898
1,51.88,17.2664934117347,91.5861129760742
1,51.89,17.2698267116211,91.6004180908203
1,51.9,17.2731600115076,91.6337966918945
1,51.91,17.276493311394,91.6576385498047
1,51.92,17.2798266112804,91.6624069213867
1,51.93,17.2831599111669,91.6910171508789
1,51.94,17.2864932110533,91.7291641235352
1,51.95,17.2898265109397,91.7387008666992
1,51.96,17.2931598108262,91.7720794677734
1,51.97,17.2964931107126,91.7673110961914
1,51.98,17.2998264105991,91.8245315551758
1,51.99,17.3031597104855,91.8436050415039
1,52,17.3064930103719,91.8912887573242
1,52.01,17.3098263102584,91.9198989868164
1,52.02,17.3131596101448,91.9342041015625
1,52.03,17.3164929100312,91.9723510742188
1,52.04,17.3198262099177,92.005729675293
1,52.05,17.3231595098041,92.0438766479492
1,52.06,17.3264928096905,92.0772552490234
1,52.07,17.329826109577,92.0915603637695
1,52.08,17.3331594094634,92.1201705932617
1,52.09,17.3364927093498,92.1535491943359
1,52.1,17.3398260092363,92.1916961669922
1,52.11,17.3431593091227,92.2060012817383
1,52.12,17.3464926090091,92.2203063964844
1,52.13,17.3498259088956,92.2489166259766
1,52.14,17.353159208782,92.2775268554688
1,52.15,17.3564925086685,92.310905456543
1,52.16,17.3598258085549,92.315673828125
1,52.17,17.3631591084413,92.3347473144531
1,52.18,17.3664924083278,92.3871994018555
1,52.19,17.3698257082142,92.4062728881836
1,52.2,17.3731590081006,92.4444198608398
1,52.21,17.3764923079871,92.4587249755859
1,52.22,17.3798256078735,92.4777984619141
1,52.23,17.3831589077599,92.5159454345703
1,52.24,17.3864922076464,92.5302505493164
1,52.25,17.3898255075328,92.5874710083008
1,52.26,17.3931588074192,92.5922393798828
1,52.27,17.3964921073057,92.620849609375
1,52.28,17.3998254071921,92.6637649536133
1,52.29,17.4031587070785,92.6780700683594
1,52.3,17.406492006965,92.6971435546875
1,52.31,17.4098253068514,92.7114486694336
1,52.32,17.4131586067379,92.7352905273438
1,52.33,17.4164919066243,92.7591323852539
1,52.34,17.4198252065107,92.7972793579102
1,52.35,17.4231585063972,92.7925109863281
1,52.36,17.4264918062836,92.8354263305664
1,52.37,17.42982510617,92.8306579589844
1,52.38,17.4331584060565,92.8354263305664
1,52.39,17.4364917059429,92.8735733032227
1,52.4,17.4398250058293,92.8974151611328
1,52.41,17.4431583057158,92.8974151611328
1,52.42,17.4464916056022,92.9164886474609
1,52.43,17.4498249054886,92.9546356201172
1,52.44,17.4531582053751,92.9355621337891
1,52.45,17.4564915052615,92.9927825927734
1,52.46,17.4598248051479,92.9975509643555
1,52.47,17.4631581050344,92.9927825927734
1,52.48,17.4664914049208,93.0213928222656
1,52.49,17.4698247048073,93.0404663085938
1,52.5,17.4731580046937,93.0452346801758
1,52.51,17.4764913045801,93.0976867675781
1,52.52,17.4798246044666,93.1072235107422
1,52.53,17.483157904353,93.1262969970703
1,52.54,17.4864912042394,93.1644439697266
1,52.55,17.4898245041259,93.1596755981445
1,52.56,17.4931578040123,93.1930541992188
1,52.57,17.4964911038987,93.2121276855469
1,52.58,17.4998244037852,93.2502746582031
1,52.59,17.5031577036716,93.2645797729492
1,52.6,17.506491003558,93.2836532592773
1,52.61,17.5098243034445,93.3074951171875
1,52.62,17.5131576033309,93.3265686035156
1,52.63,17.5164909032173,93.3504104614258
1,52.64,17.5198242031038,93.3647155761719
1,52.65,17.5231575029902,93.4028625488281
1,52.66,17.5264908028767,93.4123992919922
1,52.67,17.5298241027631,93.4076309204102
1,52.68,17.5331574026495,93.4410095214844
1,52.69,17.536490702536,93.4743881225586
1,52.7,17.5398240024224,93.4982299804688
1,52.71,17.5431573023088,93.5029983520508
1,52.72,17.5464906021953,93.5220718383789
1,52.73,17.5498239020817,93.5268402099609
1,52.74,17.5531572019681,93.541145324707
1,52.75,17.5564905018546,93.5745239257813
1,52.76,17.559823801741,93.5840606689453
1,52.77,17.5631571016274,93.5888290405273
1,52.78,17.5664904015139,93.6126708984375
1,52.79,17.5698237014003,93.6317443847656
1,52.8,17.5731570012867,93.6603546142578
1,52.81,17.5764903011732,93.68896484375
1,52.82,17.5798236010596,93.7032699584961
1,52.83,17.5831569009461,93.7271118164063
1,52.84,17.5864902008325,93.7175750732422
1,52.85,17.5898235007189,93.7795639038086
1,52.86,17.5931568006054,93.8034057617188
1,52.87,17.5964901004918,93.8129425048828
1,52.88,17.5998234003782,93.841552734375
1,52.89,17.6031567002647,93.8606262207031
1,52.9,17.6064900001511,93.8606262207031
1,52.91,17.6098233000375,93.9226150512695
1,52.92,17.613156599924,93.9321517944336
1,52.93,17.6164898998104,93.9273834228516
1,52.94,17.6198231996968,93.9655303955078
1,52.95,17.6231564995833,93.9559936523438
1,52.96,17.6264897994697,93.9798355102539
1,52.97,17.6298230993561,93.9798355102539
1,52.98,17.6331563992426,93.9750671386719
1,52.99,17.636489699129,94.0084457397461
1,53,17.6398229990155,93.989372253418
1,53.01,17.6431562989019,94.0179824829102
1,53.02,17.6464895987883,93.998908996582
1,53.03,17.6498228986748,93.994140625
1,53.04,17.6531561985612,94.0084457397461
1,53.05,17.6564894984476,94.0132141113281
1,53.06,17.6598227983341,93.9750671386719
1,53.07,17.6631560982205,93.998908996582
1,53.08,17.6664893981069,94.0132141113281
1,53.09,17.6698226979934,94.0132141113281
1,53.1,17.6731559978798,94.0084457397461
1,53.11,17.6764892977662,93.994140625
1,53.12,17.6798225976527,93.998908996582
1,53.13,17.6831558975391,93.998908996582
1,53.14,17.6864891974255,94.0084457397461
1,53.15,17.689822497312,94.0084457397461
1,53.16,17.6931557971984,93.9750671386719
1,53.17,17.6964890970849,94.0084457397461
1,53.18,17.6998223969713,94.0036773681641
1,53.19,17.7031556968577,94.0275192260742
1,53.2,17.7064889967442,93.998908996582
1,53.21,17.7098222966306,94.0132141113281
1,53.22,17.713155596517,94.0132141113281
1,53.23,17.7164888964035,94.0036773681641
1,53.24,17.7198221962899,94.0322875976563
1,53.25,17.7231554961763,94.0513610839844
1,53.26,17.7264887960628,94.0608978271484
1,53.27,17.7298220959492,94.0418243408203
1,53.28,17.7331553958356,94.0704345703125
1,53.29,17.7364886957221,94.0799713134766
1,53.3,17.7398219956085,94.0942764282227
1,53.31,17.7431552954949,94.0847396850586
1,53.32,17.7464885953814,94.0847396850586
1,53.33,17.7498218952678,94.1038131713867
1,53.34,17.7531551951543,94.1038131713867
1,53.35,17.7564884950407,94.0895080566406
1,53.36,17.7598217949271,94.0942764282227
1,53.37,17.7631550948136,94.1038131713867
1,53.38,17.7664883947,94.1181182861328
1,53.39,17.7698216945864,94.1038131713867
1,53.4,17.7764882943593,94.1181182861328
1,53.41,17.7798215942457,94.1276550292969
1,53.43,17.7831548941322,94.151496887207
1,53.44,17.7864881940186,94.146728515625
1,53.45,17.7931547937915,94.146728515625
1,53.46,17.7964880936779,94.1848754882813
1,53.47,17.7998213935643,94.1705703735352
1,53.49,17.8031546934508,94.2134857177734
1,53.5,17.8098212932236,94.1991806030273
1,53.51,17.8131545931101,94.2277908325195
1,53.52,17.8164878929965,94.2373275756836
1,53.53,17.819821192883,94.2516326904297
1,53.54,17.8231544927694,94.2468643188477
1,53.55,17.8264877926558,94.2754745483398
1,53.56,17.8298210925423,94.2611694335938
1,53.57,17.8331543924287,94.2802429199219
1,53.58,17.8364876923151,94.2897796630859
1,53.59,17.8398209922016,94.304084777832
1,53.6,17.843154292088,94.304084777832
1,53.61,17.8464875919744,94.3088531494141
1,53.62,17.8498208918609,94.2850112915039
1,53.63,17.8531541917473,94.3088531494141
1,53.64,17.8564874916337,94.304084777832
1,53.65,17.8598207915202,94.304084777832
1,53.66,17.8631540914066,94.3088531494141
1,53.67,17.866487391293,94.29931640625
1,53.68,17.8698206911795,94.3231582641602
1,53.69,17.8731539910659,94.3231582641602
1,53.7,17.8764872909524,94.3183898925781
1,53.71,17.8798205908388,94.3565368652344
1,53.72,17.8831538907252,94.3613052368164
1,53.73,17.8864871906117,94.3565368652344
1,53.74,17.8898204904981,94.3803787231445
1,53.75,17.8931537903845,94.4042205810547
1,53.76,17.896487090271,94.4232940673828
1,53.77,17.8998203901574,94.4280624389648
1,53.78,17.9031536900438,94.4423675537109
1,53.79,17.9064869899303,94.4709777832031
1,53.8,17.9098202898167,94.4805145263672
1,53.81,17.9131535897031,94.5043563842773
1,53.82,17.9164868895896,94.5186614990234
1,53.83,17.919820189476,94.5281982421875
1,53.84,17.9231534893625,94.5425033569336
1,53.85,17.9264867892489,94.5615768432617
1,53.86,17.9298200891353,94.5615768432617
1,53.87,17.9331533890218,94.5663452148438
1,53.88,17.9364866889082,94.599723815918
1,53.89,17.9398199887946,94.5901870727539
1,53.9,17.9431532886811,94.6235656738281
1,53.91,17.9464865885675,94.6283340454102
1,53.92,17.9498198884539,94.6235656738281
1,53.93,17.9531531883404,94.6474075317383
1,53.94,17.9564864882268,94.6521759033203
1,53.95,17.9598197881132,94.6664810180664
1,53.96,17.9631530879997,94.6664810180664
1,53.97,17.9664863878861,94.6569442749023
1,53.98,17.9698196877725,94.6950912475586
1,53.99,17.973152987659,94.6903228759766
1,54,17.9764862875454,94.7093963623047
1,54.01,17.9798195874318,94.7189331054688
1,54.02,17.9831528873183,94.7427749633789
1,54.03,17.9864861872047,94.752311706543
1,54.04,17.9898194870912,94.757080078125
1,54.05,17.9931527869776,94.7952270507813
1,54.06,17.996486086864,94.8190689086914
1,54.07,17.9998193867505,94.8190689086914
1,54.08,18.0031526866369,94.8476791381836
1,54.09,18.0064859865233,94.8762893676758
1,54.1,18.0098192864098,94.8810577392578
1,54.11,18.0131525862962,94.9001312255859
1,54.12,18.0164858861826,94.9239730834961
1,54.13,18.0198191860691,94.9573516845703
1,54.14,18.0231524859555,94.9525833129883
1,54.15,18.0264857858419,94.9811935424805
1,54.16,18.0298190857284,94.9764251708984
1,54.17,18.0331523856148,94.9907302856445
1,54.18,18.0364856855012,95.0241088867188
1,54.19,18.0398189853877,95.0098037719727
1,54.2,18.0431522852741,95.0431823730469
1,54.21,18.0464855851606,95.0241088867188
1,54.22,18.049818885047,95.0241088867188
1,54.23,18.0531521849334,95.0431823730469
1,54.24,18.0564854848199,95.0336456298828
1,54.25,18.0598187847063,95.0431823730469
1,54.26,18.0631520845927,95.0431823730469
1,54.27,18.0664853844792,95.0479507446289
1,54.28,18.0698186843656,95.057487487793
1,54.29,18.073151984252,95.0479507446289
1,54.3,18.0764852841385,95.0336456298828
1,54.31,18.0798185840249,95.0527191162109
1,54.32,18.0831518839113,95.0717926025391
1,54.33,18.0864851837978,95.0479507446289
1,54.34,18.0898184836842,95.0384140014648
1,54.35,18.0931517835706,95.0479507446289
1,54.36,18.0964850834571,95.0336456298828
1,54.37,18.0998183833435,95.0479507446289
1,54.38,18.10315168323,95.0384140014648
1,54.39,18.1064849831164,95.0241088867188
1,54.4,18.1098182830028,95.0193405151367
1,54.41,18.1131515828893,95.0145721435547
1,54.42,18.1164848827757,95.0193405151367
1,54.43,18.1198181826621,94.9954986572266
1,54.44,18.1231514825486,94.9716567993164
1,54.45,18.126484782435,94.9859619140625
1,54.46,18.1298180823214,94.9954986572266
1,54.47,18.1331513822079,94.9764251708984
1,54.48,18.1364846820943,94.9668884277344
1,54.49,18.1398179819807,94.9668884277344
1,54.5,18.1431512818672,94.9525833129883
1,54.51,18.1464845817536,94.9478149414063
1,54.52,18.14981788164,94.9382781982422
1,54.53,18.1531511815265,94.9478149414063
1,54.54,18.1564844814129,94.9239730834961
1,54.55,18.1598177812994,94.9239730834961
1,54.56,18.1631510811858,94.90966796875
1,54.57,18.1664843810722,94.9001312255859
1,54.58,18.1698176809587,94.904899597168
1,54.59,18.1731509808451,94.8905944824219
1,54.6,18.1764842807315,94.8953628540039
1,54.61,18.179817580618,94.8905944824219
1,54.62,18.1831508805044,94.8667526245117
1,54.63,18.1864841803908,94.8572158813477
1,54.64,18.1898174802773,94.8810577392578
1,54.65,18.1931507801637,94.8810577392578
1,54.66,18.1964840800501,94.8953628540039
1,54.67,18.1998173799366,94.8953628540039
1,54.68,18.203150679823,94.9001312255859
1,54.69,18.2064839797094,94.9239730834961
1,54.7,18.2098172795959,94.9335098266602
1,54.71,18.2131505794823,94.914436340332
1,54.72,18.2164838793688,94.9335098266602
1,54.73,18.2198171792552,94.9478149414063
1,54.74,18.2231504791416,94.9478149414063
1,54.75,18.2264837790281,94.9621200561523
1,54.76,18.2298170789145,94.9573516845703
1,54.77,18.2331503788009,94.9954986572266
1,54.78,18.2364836786874,95.0098037719727
1,54.79,18.2398169785738,95.0098037719727
1,54.8,18.2431502784602,95.0193405151367
1,54.81,18.2464835783467,95.0145721435547
1,54.82,18.2498168782331,95.0479507446289
1,54.83,18.2531501781195,95.0527191162109
1,54.84,18.256483478006,95.0717926025391
1,54.85,18.2598167778924,95.0908660888672
1,54.86,18.2631500777789,95.0956344604492
1,54.87,18.2664833776653,95.1051712036133
1,54.88,18.2698166775517,95.1290130615234
1,54.89,18.2731499774382,95.1576232910156
1,54.9,18.2764832773246,95.1671600341797
1,54.91,18.279816577211,95.21484375
1,54.92,18.2831498770975,95.21484375
1,54.93,18.2864831769839,95.2482223510742
1,54.94,18.2898164768703,95.2625274658203
1,54.95,18.2931497767568,95.2911376953125
1,54.96,18.2964830766432,95.3149795532227
1,54.97,18.2998163765296,95.3245162963867
1,54.98,18.3031496764161,95.3531265258789
1,54.99,18.3064829763025,95.362663269043
1,55,18.3098162761889,95.3912734985352
1,55.01,18.3131495760754,95.3912734985352
1,55.02,18.3164828759618,95.4246520996094
1,55.03,18.3198161758482,95.4294204711914
1,55.04,18.3231494757347,95.4484939575195
1,55.05,18.3264827756211,95.4627990722656
1,55.06,18.3298160755076,95.4818725585938
1,55.07,18.333149375394,95.4961776733398
1,55.08,18.3364826752804,95.5057144165039
1,55.09,18.3398159751669,95.5295562744141
1,55.1,18.3431492750533,95.5438613891602
1,55.11,18.3464825749397,95.5438613891602
1,55.12,18.3498158748262,95.5677032470703
1,55.13,18.3531491747126,95.5963134765625
1,55.14,18.356482474599,95.6058502197266
1,55.15,18.3598157744855,95.6249237060547
1,55.16,18.3631490743719,95.6583023071289
1,55.17,18.3664823742583,95.6630706787109
1,55.18,18.3698156741448,95.6916809082031
1,55.19,18.3731489740312,95.7059860229492
1,55.2,18.3764822739176,95.7489013671875
1,55.21,18.3798155738041,95.7584381103516
1,55.22,18.3831488736905,95.8013534545898
1,55.23,18.386482173577,95.8061218261719
1,55.24,18.3898154734634,95.829963684082
1,55.25,18.3931487733498,95.8824157714844
1,55.26,18.3964820732363,95.8728790283203
1,55.27,18.3998153731227,95.9205627441406
1,55.28,18.4031486730091,95.9348678588867
1,55.29,18.4064819728956,95.9348678588867
1,55.3,18.409815272782,95.9682464599609
1,55.31,18.4131485726684,95.977783203125
1,55.32,18.4164818725549,96.0254669189453
1,55.33,18.4198151724413,96.0397720336914
1,55.34,18.4231484723277,96.0826873779297
1,55.35,18.4264817722142,96.0922241210938
1,55.36,18.4298150721006,96.0874557495117
1,55.37,18.433148371987,96.1589813232422
1,55.38,18.4364816718735,96.1685180664063
1,55.39,18.4398149717599,96.2162017822266
1,55.4,18.4431482716464,96.2114334106445
1,55.41,18.4464815715328,96.2257385253906
1,55.42,18.4498148714192,96.2686538696289
1,55.43,18.4531481713057,96.278190612793
1,55.44,18.4564814711921,96.3211059570313
1,55.45,18.4598147710785,96.3497161865234
1,55.46,18.463148070965,96.3640213012695
1,55.47,18.4664813708514,96.3640213012695
1,55.48,18.4698146707378,96.4164733886719
1,55.49,18.4731479706243,96.4164733886719
1,55.5,18.4764812705107,96.4450836181641
1,55.51,18.4798145703971,96.4689254760742
1,55.52,18.4831478702836,96.4927673339844
1,55.53,18.48648117017,96.5118408203125
1,55.54,18.4898144700564,96.5118408203125
1,55.55,18.4931477699429,96.5404510498047
1,55.56,18.4964810698293,96.5547561645508
1,55.57,18.4998143697158,96.5738296508789
1,55.58,18.5031476696022,96.5690612792969
1,55.59,18.5064809694886,96.6024398803711
1,55.6,18.5098142693751,96.6167449951172
1,55.61,18.5131475692615,96.6405868530273
1,55.62,18.5164808691479,96.6310501098633
1,55.63,18.5198141690344,96.6358184814453
1,55.64,18.5231474689208,96.6548919677734
1,55.65,18.5264807688072,96.6787338256836
1,55.66,18.5298140686937,96.6835021972656
1,55.67,18.5331473685801,96.6882705688477
1,55.68,18.5364806684665,96.7264175415039
1,55.69,18.539813968353,96.74072265625
1,55.7,18.5431472682394,96.7741012573242
1,55.71,18.5464805681258,96.7979431152344
1,55.72,18.5498138680123,96.7836380004883
1,55.73,18.5531471678987,96.8122482299805
1,55.74,18.5564804677852,96.8313217163086
1,55.75,18.5598137676716,96.8742370605469
1,55.76,18.563147067558,96.893310546875
1,55.77,18.5664803674445,96.893310546875
1,55.78,18.5698136673309,96.9505310058594
1,55.79,18.5731469672173,96.9600677490234
1,55.8,18.5764802671038,97.0029830932617
1,55.81,18.5798135669902,97.0125198364258
1,55.82,18.5831468668766,97.0220565795898
1,55.83,18.5864801667631,97.0745086669922
1,55.84,18.5898134666495,97.0840454101563
1,55.85,18.5931467665359,97.1221923828125
1,55.86,18.5964800664224,97.1508026123047
1,55.87,18.5998133663088,97.1794128417969
1,55.88,18.6031466661952,97.198486328125
1,55.89,18.6064799660817,97.2127914428711
1,55.9,18.6098132659681,97.2318649291992
1,55.91,18.6131465658546,97.2604751586914
1,55.92,18.616479865741,97.2700119018555
1,55.93,18.6198131656274,97.2986221313477
1,55.94,18.6231464655139,97.3033905029297
1,55.95,18.6264797654003,97.3367691040039
1,55.96,18.6298130652867,97.3224639892578
1,55.97,18.6331463651732,97.3606109619141
1,55.98,18.6364796650596,97.3653793334961
1,55.99,18.639812964946,97.4082946777344
1,56,18.6431462648325,97.4082946777344
1,56.01,18.6464795647189,97.4416732788086
1,56.02,18.6498128646053,97.4845886230469
1,56.03,18.6531461644918,97.4845886230469
1,56.04,18.6564794643782,97.503662109375
1,56.05,18.6598127642646,97.5513458251953
1,56.06,18.6631460641511,97.5799560546875
1,56.07,18.6664793640375,97.5751876831055
1,56.08,18.669812663924,97.6228713989258
1,56.09,18.6731459638104,97.6419448852539
1,56.1,18.6764792636968,97.6705551147461
1,56.11,18.6798125635833,97.7182388305664
1,56.12,18.6831458634697,97.7325439453125
1,56.13,18.6864791633561,97.7468490600586
1,56.14,18.6898124632426,97.808837890625
1,56.15,18.693145763129,97.808837890625
1,56.16,18.6964790630154,97.8183746337891
1,56.17,18.6998123629019,97.8708267211914
1,56.18,18.7031456627883,97.8660583496094
1,56.19,18.7064789626747,97.8946685791016
1,56.2,18.7098122625612,97.9232788085938
1,56.21,18.7131455624476,97.96142578125
1,56.22,18.716478862334,97.9948043823242
1,56.23,18.7198121622205,97.9900360107422
1,56.24,18.7231454621069,98.0377197265625
1,56.25,18.7264787619933,98.0615615844727
1,56.26,18.7298120618798,98.0758666992188
1,56.27,18.7331453617662,98.109245300293
1,56.28,18.7364786616527,98.1283187866211
1,56.29,18.7398119615391,98.1569290161133
1,56.3,18.7431452614255,98.1616973876953
1,56.31,18.746478561312,98.2093811035156
1,56.32,18.7498118611984,98.2284545898438
1,56.33,18.7531451610848,98.261833190918
1,56.34,18.7564784609713,98.261833190918
1,56.35,18.7598117608577,98.2904434204102
1,56.36,18.7631450607441,98.3095169067383
1,56.37,18.7664783606306,98.3238220214844
1,56.38,18.769811660517,98.3190536499023
1,56.39,18.7731449604034,98.3619689941406
1,56.4,18.7764782602899,98.3715057373047
1,56.41,18.7798115601763,98.3953475952148
1,56.42,18.7831448600627,98.4096527099609
1,56.43,18.7864781599492,98.414421081543
1,56.44,18.7898114598356,98.4287261962891
1,56.45,18.7931447597221,98.4382629394531
1,56.46,18.7964780596085,98.4573364257813
1,56.47,18.7998113594949,98.4477996826172
1,56.48,18.8031446593814,98.4621047973633
1,56.49,18.8064779592678,98.4621047973633
1,56.5,18.8098112591542,98.4764099121094
1,56.51,18.8131445590407,98.4859466552734
1,56.52,18.8164778589271,98.5050201416016
1,56.53,18.8198111588135,98.5002517700195
1,56.54,18.8231444587,98.5097885131836
1,56.55,18.8264777585864,98.5240936279297
1,56.56,18.8298110584728,98.5431671142578
1,56.57,18.8331443583593,98.5622406005859
1,56.58,18.8364776582457,98.5622406005859
1,56.59,18.8398109581321,98.5860824584961
1,56.6,18.8431442580186,98.6003875732422
1,56.61,18.846477557905,98.6051559448242
1,56.62,18.8498108577915,98.6146926879883
1,56.63,18.8531441576779,98.6480712890625
1,56.64,18.8564774575643,98.6433029174805
1,56.65,18.8598107574508,98.6623764038086
1,56.66,18.8631440573372,98.6766815185547
1,56.67,18.8664773572236,98.7148284912109
1,56.68,18.8698106571101,98.719596862793
1,56.69,18.8731439569965,98.7482070922852
1,56.7,18.8764772568829,98.7720489501953
1,56.71,18.8798105567694,98.7958908081055
1,56.72,18.8831438566558,98.8292694091797
1,56.73,18.8864771565422,98.8674163818359
1,56.74,18.8898104564287,98.9151000976563
1,56.75,18.8931437563151,98.9341735839844
1,56.76,18.8964770562015,98.9437103271484
1,56.77,18.899810356088,99.0009307861328
1,56.78,18.9031436559744,99.0104675292969
1,56.79,18.9064769558609,99.0676879882813
1,56.8,18.9098102557473,99.0867614746094
1,56.81,18.9131435556337,99.1201400756836
1,56.82,18.9164768555202,99.1201400756836
1,56.83,18.9198101554066,99.1439819335938
1,56.84,18.923143455293,99.1678237915039
1,56.85,18.9298100550659,99.18212890625
1,56.86,18.9331433549523,99.2155075073242
1,56.88,18.9364766548388,99.2441177368164
1,56.89,18.9398099547252,99.2584228515625
1,56.9,18.9464765544981,99.2631912231445
1,56.91,18.9498098543845,99.2870330810547
1,56.92,18.953143154271,99.2727279663086
1,56.93,18.9564764541574,99.3061065673828
1,56.94,18.9598097540438,99.3108749389648
1,56.95,18.9631430539303,99.3251800537109
1,56.96,18.9664763538167,99.3442535400391
1,56.97,18.9698096537031,99.3537902832031
1,56.98,18.9731429535896,99.3537902832031
1,56.99,18.976476253476,99.3585586547852
1,57,18.9798095533624,99.3585586547852
1,57.01,18.9831428532489,99.3633270263672
1,57.02,18.9864761531353,99.3633270263672
1,57.03,18.9898094530217,99.3680953979492
1,57.04,18.9931427529082,99.3680953979492
1,57.05,18.9964760527946,99.3680953979492
1,57.06,18.999809352681,99.3871688842773
1,57.07,19.0031426525675,99.3824005126953
1,57.08,19.0064759524539,99.4110107421875
1,57.09,19.0098092523404,99.3967056274414
1,57.1,19.0131425522268,99.3919372558594
1,57.11,19.0164758521132,99.4110107421875
1,57.12,19.0198091519997,99.4157791137695
1,57.13,19.0231424518861,99.4157791137695
1,57.14,19.0264757517725,99.4157791137695
1,57.15,19.029809051659,99.4014739990234
1,57.16,19.0331423515454,99.4443893432617
1,57.17,19.0364756514318,99.4443893432617
1,57.18,19.0398089513183,99.4586944580078
1,57.19,19.0431422512047,99.4634628295898
1,57.2,19.0464755510911,99.4586944580078
1,57.21,19.0498088509776,99.4729995727539
1,57.22,19.053142150864,99.492073059082
1,57.23,19.0564754507504,99.4968414306641
1,57.24,19.0598087506369,99.5159149169922
1,57.25,19.0631420505233,99.5254516601563
1,57.26,19.0664753504097,99.5445251464844
1,57.27,19.0698086502962,99.5635986328125
1,57.28,19.0731419501826,99.5922088623047
1,57.29,19.0764752500691,99.5969772338867
1,57.3,19.0798085499555,99.6255874633789
1,57.31,19.0831418498419,99.6303558349609
1,57.32,19.0864751497284,99.6732711791992
1,57.33,19.0898084496148,99.6828079223633
1,57.34,19.0931417495012,99.6732711791992
1,57.35,19.0964750493877,99.7161865234375
1,57.36,19.0998083492741,99.7114181518555
1,57.37,19.1031416491605,99.7447967529297
1,57.38,19.106474949047,99.7400283813477
1,57.39,19.1098082489334,99.7686386108398
1,57.4,19.1131415488198,99.7781753540039
1,57.41,19.1164748487063,99.8020172119141
1,57.42,19.1198081485927,99.8163223266602
1,57.43,19.1231414484791,99.8449325561523
1,57.44,19.1264747483656,99.8497009277344
1,57.45,19.129808048252,99.8926162719727
1,57.46,19.1331413481385,99.9259948730469
1,57.47,19.1364746480249,99.949836730957
1,57.48,19.1398079479113,99.9832153320313
1,57.49,19.1431412477978,99.9832153320313
1,57.5,19.1464745476842,100.002288818359
1,57.51,19.1498078475706,100.040435791016
1,57.52,19.1531411474571,100.064277648926
1,57.53,19.1564744473435,100.083351135254
1,57.54,19.1598077472299,100.092887878418
1,57.55,19.1631410471164,100.102424621582
1,57.56,19.1664743470028,100.131034851074
1,57.57,19.1698076468892,100.140571594238
1,57.58,19.1731409467757,100.173950195313
1,57.59,19.1764742466621,100.188255310059
1,57.6,19.1798075465485,100.197792053223
1,57.61,19.183140846435,100.221633911133
1,57.62,19.1864741463214,100.235939025879
1,57.63,19.1898074462079,100.240707397461
1,57.64,19.1931407460943,100.302696228027
1,57.65,19.1964740459807,100.302696228027
1,57.66,19.1998073458672,100.321769714355
1,57.67,19.2031406457536,100.345611572266
1,57.68,19.20647394564,100.364685058594
1,57.69,19.2098072455265,100.388526916504
1,57.7,19.2131405454129,100.393295288086
1,57.71,19.2164738452993,100.436210632324
1,57.72,19.2198071451858,100.445747375488
1,57.73,19.2231404450722,100.445747375488
1,57.74,19.2264737449586,100.488662719727
1,57.75,19.2298070448451,100.507736206055
1,57.76,19.2331403447315,100.550651550293
1,57.77,19.2364736446179,100.588798522949
1,57.78,19.2398069445044,100.612640380859
1,57.79,19.2431402443908,100.622177124023
1,57.8,19.2464735442773,100.650787353516
1,57.81,19.2498068441637,100.674629211426
1,57.82,19.2531401440501,100.717544555664
1,57.83,19.2564734439366,100.722312927246
1,57.84,19.259806743823,100.774765014648
1,57.85,19.2631400437094,100.808143615723
1,57.86,19.2664733435959,100.822448730469
1,57.87,19.2698066434823,100.836753845215
1,57.88,19.2731399433687,100.855827331543
1,57.89,19.2764732432552,100.884437561035
1,57.9,19.2798065431416,100.917816162109
1,57.91,19.283139843028,100.922584533691
1,57.92,19.2864731429145,100.946426391602
1,57.93,19.2898064428009,100.975036621094
1,57.94,19.2931397426873,100.975036621094
1,57.95,19.2964730425738,100.984573364258
1,57.96,19.2998063424602,101.01318359375
1,57.97,19.3031396423467,100.994110107422
1,57.98,19.3064729422331,101.041793823242
1,57.99,19.3098062421195,101.032257080078
1,58,19.313139542006,101.065635681152
1,58.01,19.3164728418924,101.06086730957
1,58.02,19.3198061417788,101.08470916748
1,58.03,19.3231394416653,101.108551025391
1,58.04,19.3264727415517,101.118087768555
1,58.05,19.3298060414381,101.146697998047
1,58.06,19.3331393413246,101.161003112793
1,58.07,19.336472641211,101.189613342285
1,58.08,19.3398059410974,101.199150085449
1,58.09,19.3431392409839,101.218223571777
1,58.1,19.3464725408703,101.251602172852
1,58.11,19.3498058407567,101.275444030762
1,58.12,19.3531391406432,101.29451751709
1,58.13,19.3564724405296,101.332664489746
1,58.14,19.3598057404161,101.34220123291
1,58.15,19.3631390403025,101.375579833984
1,58.16,19.3664723401889,101.385116577148
1,58.17,19.3698056400754,101.418495178223
1,58.18,19.3731389399618,101.428031921387
1,58.19,19.3764722398482,101.442337036133
1,58.2,19.3798055397347,101.490020751953
1,58.21,19.3831388396211,101.485252380371
1,58.22,19.3864721395075,101.509094238281
1,58.23,19.389805439394,101.504325866699
1,58.24,19.3931387392804,101.532936096191
1,58.25,19.3964720391668,101.537704467773
1,58.26,19.3998053390533,101.556777954102
1,58.27,19.4031386389397,101.561546325684
1,58.28,19.4064719388261,101.561546325684
1,58.29,19.4098052387126,101.55200958252
1,58.3,19.413138538599,101.57585144043
1,58.31,19.4164718384855,101.590156555176
1,58.32,19.4198051383719,101.585388183594
1,58.33,19.4231384382583,101.580619812012
1,58.34,19.4264717381448,101.57585144043
1,58.35,19.4298050380312,101.59969329834
1,58.36,19.4331383379176,101.580619812012
1,58.37,19.4364716378041,101.609230041504
1,58.38,19.4398049376905,101.594924926758
1,58.39,19.4431382375769,101.613998413086
1,58.4,19.4464715374634,101.633071899414
1,58.41,19.4498048373498,101.628303527832
1,58.42,19.4531381372362,101.652145385742
1,58.43,19.4564714371227,101.67121887207
1,58.44,19.4598047370091,101.675987243652
1,58.45,19.4631380368955,101.690292358398
1,58.46,19.466471336782,101.690292358398
1,58.47,19.4698046366684,101.704597473145
1,58.48,19.4731379365548,101.714134216309
1,58.49,19.4764712364413,101.704597473145
1,58.5,19.4798045363277,101.718902587891
1,58.51,19.4831378362142,101.723670959473
1,58.52,19.4864711361006,101.733207702637
1,58.53,19.489804435987,101.723670959473
1,58.54,19.4931377358735,101.723670959473
1,58.55,19.4964710357599,101.742744445801
1,58.56,19.4998043356463,101.742744445801
1,58.57,19.5031376355328,101.766586303711
1,58.58,19.5064709354192,101.757049560547
1,58.59,19.5098042353056,101.795196533203
1,58.6,19.5131375351921,101.819038391113
1,58.61,19.5164708350785,101.838111877441
1,58.62,19.5198041349649,101.838111877441
1,58.63,19.5231374348514,101.871490478516
1,58.64,19.5264707347378,101.890563964844
1,58.65,19.5298040346242,101.885795593262
1,58.66,19.5331373345107,101.9287109375
1,58.67,19.5364706343971,101.962089538574
1,58.68,19.5398039342836,101.957321166992
1,58.69,19.54313723417,101.990699768066
1,58.7,19.5464705340564,102.005004882813
1,58.71,19.5498038339429,102.043151855469
1,58.72,19.5531371338293,102.052688598633
1,58.73,19.5564704337157,102.062225341797
1,58.74,19.5598037336022,102.086067199707
1,58.75,19.5631370334886,102.119445800781
1,58.76,19.566470333375,102.119445800781
1,58.77,19.5698036332615,102.133750915527
1,58.78,19.5731369331479,102.152824401855
1,58.79,19.5764702330343,102.16236114502
1,58.8,19.5798035329208,102.18620300293
1,58.81,19.5831368328072,102.176666259766
1,58.82,19.5864701326936,102.200508117676
1,58.83,19.5898034325801,102.214813232422
1,58.84,19.5931367324665,102.214813232422
1,58.85,19.596470032353,102.224349975586
1,58.86,19.5998033322394,102.238655090332
1,58.87,19.6031366321258,102.23388671875
1,58.88,19.6064699320123,102.243423461914
1,58.89,19.6098032318987,102.25772857666
1,58.9,19.6131365317851,102.238655090332
1,58.91,19.6164698316716,102.276802062988
1,58.92,19.619803131558,102.28157043457
1,58.93,19.6231364314444,102.291107177734
1,58.94,19.6264697313309,102.295875549316
1,58.95,19.6298030312173,102.310180664063
1,58.96,19.6331363311037,102.314949035645
1,58.97,19.6364696309902,102.314949035645
1,58.98,19.6398029308766,102.319717407227
1,58.99,19.643136230763,102.324485778809
1,59,19.6464695306495,102.357864379883
1,59.01,19.6498028305359,102.353096008301
1,59.02,19.6531361304224,102.386474609375
1,59.03,19.6564694303088,102.386474609375
1,59.04,19.6598027301952,102.415084838867
1,59.05,19.6631360300817,102.419853210449
1,59.06,19.6664693299681,102.429389953613
1,59.07,19.6698026298545,102.472305297852
1,59.08,19.673135929741,102.477073669434
1,59.09,19.6764692296274,102.477073669434
1,59.1,19.6798025295138,102.500915527344
1,59.11,19.6831358294003,102.500915527344
1,59.12,19.6864691292867,102.505683898926
1,59.13,19.6898024291731,102.505683898926
1,59.14,19.6931357290596,102.519989013672
1,59.15,19.696469028946,102.529525756836
1,59.16,19.6998023288325,102.529525756836
1,59.17,19.7031356287189,102.548599243164
1,59.18,19.7064689286053,102.567672729492
1,59.19,19.7098022284918,102.543830871582
1,59.2,19.7131355283782,102.567672729492
1,59.21,19.7164688282646,102.591514587402
1,59.22,19.7198021281511,102.61058807373
1,59.23,19.7231354280375,102.620124816895
1,59.24,19.7264687279239,102.629661560059
1,59.25,19.7298020278104,102.643966674805
1,59.26,19.7331353276968,102.663040161133
1,59.27,19.7364686275832,102.667808532715
1,59.28,19.7398019274697,102.696418762207
1,59.29,19.7431352273561,102.715492248535
1,59.3,19.7464685272425,102.710723876953
1,59.31,19.749801827129,102.748870849609
1,59.32,19.7531351270154,102.739334106445
1,59.33,19.7564684269018,102.782249450684
1,59.34,19.7598017267883,102.787017822266
1,59.35,19.7631350266747,102.825164794922
1,59.36,19.7664683265612,102.810859680176
1,59.37,19.7698016264476,102.806091308594
1,59.38,19.773134926334,102.839469909668
1,59.39,19.7764682262205,102.86808013916
1,59.4,19.7798015261069,102.84423828125
1,59.41,19.7831348259933,102.849006652832
1,59.42,19.7864681258798,102.863311767578
1,59.43,19.7898014257662,102.834701538086
1,59.44,19.7931347256526,102.863311767578
1,59.45,19.7964680255391,102.858543395996
1,59.46,19.7998013254255,102.853775024414
1,59.47,19.8031346253119,102.872848510742
1,59.48,19.8064679251984,102.86808013916
1,59.49,19.8098012250848,102.872848510742
1,59.5,19.8131345249712,102.858543395996
1,59.51,19.8164678248577,102.86808013916
1,59.52,19.8198011247441,102.887153625488
1,59.53,19.8231344246306,102.901458740234
1,59.54,19.826467724517,102.896690368652
1,59.55,19.8298010244034,102.91576385498
1,59.56,19.8331343242899,102.949142456055
1,59.57,19.8364676241763,102.958679199219
1,59.58,19.8398009240627,102.958679199219
1,59.59,19.8431342239492,102.982521057129
1,59.6,19.8464675238356,103.015899658203
1,59.61,19.849800823722,103.039741516113
1,59.62,19.8531341236085,103.073120117188
1,59.63,19.8564674234949,103.07788848877
1,59.64,19.8598007233813,103.082656860352
1,59.65,19.8631340232678,103.130340576172
1,59.66,19.8664673231542,103.144645690918
1,59.67,19.8698006230406,103.135108947754
1,59.68,19.8731339229271,103.178024291992
1,59.69,19.8764672228135,103.178024291992
1,59.7,19.8798005227,103.192329406738
1,59.71,19.8831338225864,103.182792663574
1,59.72,19.8864671224728,103.19709777832
1,59.73,19.8898004223593,103.206634521484
1,59.74,19.8931337222457,103.201866149902
1,59.75,19.8964670221321,103.230476379395
1,59.76,19.8998003220186,103.240013122559
1,59.77,19.903133621905,103.240013122559
1,59.78,19.9064669217914,103.263854980469
1,59.79,19.9098002216779,103.259086608887
1,59.8,19.9131335215643,103.311538696289
1,59.81,19.9164668214507,103.302001953125
1,59.82,19.9198001213372,103.306770324707
1,59.83,19.9231334212236,103.344917297363
1,59.84,19.92646672111,103.349685668945
1,59.85,19.9298000209965,103.387832641602
1,59.86,19.9331333208829,103.38306427002
1,59.87,19.9364666207694,103.38306427002
1,59.88,19.9397999206558,103.435516357422
1,59.89,19.9431332205422,103.445053100586
1,59.9,19.9464665204287,103.459358215332
1,59.91,19.9497998203151,103.487968444824
1,59.92,19.9531331202015,103.511810302734
1,59.93,19.956466420088,103.535652160645
1,59.94,19.9597997199744,103.554725646973
1,59.95,19.9631330198608,103.573799133301
1,59.96,19.9664663197473,103.602409362793
1,59.97,19.9697996196337,103.602409362793
1,59.98,19.9731329195201,103.607177734375
1,59.99,19.9764662194066,103.645324707031
1,60,19.979799519293,103.659629821777
1,60.01,19.9831328191794,103.659629821777
1,60.02,19.9864661190659,103.683471679688
1,60.03,19.9897994189523,103.693008422852
1,60.04,19.9931327188388,103.693008422852
1,60.05,19.9964660187252,103.71208190918
1,60.06,19.9997993186116,103.721618652344
1,60.07,20.0031326184981,103.740692138672
1,60.08,20.0064659183845,103.754997253418
1,60.09,20.0097992182709,103.778839111328
1,60.1,20.0131325181574,103.802680969238
1,60.11,20.0164658180438,103.821754455566
1,60.12,20.0197991179302,103.812217712402
1,60.13,20.0231324178167,103.840827941895
1,60.14,20.0264657177031,103.859901428223
1,60.15,20.0297990175895,103.869438171387
1,60.16,20.033132317476,103.874206542969
1,60.17,20.0364656173624,103.874206542969
1,60.18,20.0397989172488,103.883743286133
1,60.19,20.0431322171353,103.888511657715
1,60.2,20.0464655170217,103.898048400879
1,60.21,20.0497988169082,103.902816772461
1,60.22,20.0531321167946,103.902816772461
1,60.23,20.056465416681,103.931427001953
1,60.24,20.0597987165675,103.907585144043
1,60.25,20.0631320164539,103.917121887207
1,60.26,20.0664653163403,103.945732116699
1,60.27,20.0697986162268,103.945732116699
1,60.28,20.0731319161132,103.964805603027
1,60.29,20.0764652159996,103.983879089355
1,60.3,20.0797985158861,103.979110717773
1,60.31,20.0831318157725,104.022026062012
1,60.32,20.0864651156589,104.031562805176
1,60.33,20.0897984155454,104.069709777832
1,60.34,20.0964650153182,104.055404663086
1,60.35,20.0997983152047,104.103088378906
1,60.37,20.1031316150911,104.126930236816
1,60.38,20.1064649149776,104.160308837891
1,60.39,20.109798214864,104.160308837891
1,60.4,20.1131315147504,104.198455810547
1,60.41,20.1164648146369,104.236602783203
1,60.42,20.1197981145233,104.260444641113
1,60.43,20.1231314144097,104.279518127441
1,60.44,20.1297980141826,104.312896728516
1,60.45,20.133131314069,104.355812072754
1,60.47,20.1364646139555,104.384422302246
1,60.48,20.1397979138419,104.398727416992
1,60.49,20.1464645136148,104.427337646484
1,60.5,20.1497978135012,104.446411132813
1,60.51,20.1531311133876,104.489326477051
1,60.52,20.1564644132741,104.489326477051
1,60.53,20.1597977131605,104.541778564453
1,60.54,20.163131013047,104.560852050781
1,60.55,20.1664643129334,104.598999023438
1,60.56,20.1697976128198,104.608535766602
1,60.57,20.1731309127063,104.641914367676
1,60.58,20.1764642125927,104.622840881348
1,60.59,20.1797975124791,104.632377624512
1,60.6,20.1831308123656,104.641914367676
1,60.61,20.186464112252,104.632377624512
1,60.62,20.1897974121384,104.684829711914
1,60.63,20.1931307120249,104.665756225586
1,60.64,20.1964640119113,104.684829711914
1,60.65,20.1997973117977,104.665756225586
1,60.66,20.2031306116842,104.689598083496
1,60.67,20.2064639115706,104.680061340332
1,60.68,20.209797211457,104.67529296875
1,60.69,20.2131305113435,104.684829711914
1,60.7,20.2164638112299,104.684829711914
1,60.71,20.2197971111164,104.694366455078
1,60.72,20.2231304110028,104.694366455078
1,60.73,20.2264637108892,104.703903198242
1,60.74,20.2297970107757,104.713439941406
1,60.75,20.2331303106621,104.708671569824
1,60.76,20.2364636105485,104.737281799316
1,60.77,20.239796910435,104.727745056152
1,60.78,20.2431302103214,104.737281799316
1,60.79,20.2464635102078,104.742050170898
1,60.8,20.2497968100943,104.742050170898
1,60.81,20.2531301099807,104.765892028809
1,60.82,20.2564634098671,104.789733886719
1,60.83,20.2597967097536,104.813575744629
1,60.84,20.26313000964,104.813575744629
1,60.85,20.2664633095264,104.799270629883
1,60.86,20.2697966094129,104.808807373047
1,60.87,20.2731299092993,104.818344116211
1,60.88,20.2764632091857,104.827880859375
1,60.89,20.2797965090722,104.818344116211
1,60.9,20.2831298089586,104.832649230957
1,60.91,20.2864631088451,104.832649230957
1,60.92,20.2897964087315,104.856491088867
1,60.93,20.2931297086179,104.861259460449
1,60.94,20.2964630085044,104.875564575195
1,60.95,20.2997963083908,104.885101318359
1,60.96,20.3031296082772,104.889869689941
1,60.97,20.3064629081637,104.894638061523
1,60.98,20.3097962080501,104.913711547852
1,60.99,20.3131295079365,104.918479919434
1,61,20.316462807823,104.913711547852
1,61.01,20.3197961077094,104.937553405762
1,61.02,20.3231294075958,104.95662689209
1,61.03,20.3264627074823,104.975700378418
1,61.04,20.3297960073687,104.966163635254
1,61.05,20.3331293072551,104.966163635254
1,61.06,20.3364626071416,104.994773864746
1,61.07,20.339795907028,104.985237121582
1,61.08,20.3431292069145,105.023384094238
1,61.09,20.3464625068009,105.018615722656
1,61.1,20.3497958066873,105.009078979492
1,61.11,20.3531291065738,105.037689208984
1,61.12,20.3564624064602,105.042457580566
1,61.13,20.3597957063466,105.056762695313
1,61.14,20.3631290062331,105.037689208984
1,61.15,20.3664623061195,105.042457580566
1,61.16,20.3697956060059,105.061531066895
1,61.17,20.3731289058924,105.061531066895
1,61.18,20.3764622057788,105.094909667969
1,61.19,20.3797955056652,105.085372924805
1,61.2,20.3831288055517,105.113983154297
1,61.21,20.3864621054381,105.137825012207
1,61.22,20.3897954053246,105.156898498535
1,61.23,20.393128705211,105.175971984863
1,61.24,20.3964620050974,105.175971984863
1,61.25,20.3997953049839,105.223655700684
1,61.26,20.4031286048703,105.257034301758
1,61.27,20.4064619047567,105.26180267334
1,61.28,20.4097952046432,105.26180267334
1,61.29,20.4131285045296,105.295181274414
1,61.3,20.416461804416,105.304718017578
1,61.31,20.4197951043025,105.33332824707
1,61.32,20.4231284041889,105.352401733398
1,61.33,20.4264617040753,105.361938476563
1,61.34,20.4297950039618,105.400085449219
1,61.35,20.4331283038482,105.419158935547
1,61.36,20.4364616037346,105.433464050293
1,61.37,20.4397949036211,105.443000793457
1,61.38,20.4431282035075,105.471611022949
1,61.39,20.446461503394,105.476379394531
1,61.4,20.4497948032804,105.490684509277
1,61.41,20.4531281031668,105.509757995605
1,61.42,20.4564614030533,105.533599853516
1,61.43,20.4597947029397,105.552673339844
1,61.44,20.4631280028261,105.557441711426
1,61.45,20.4664613027126,105.56697845459
1,61.46,20.469794602599,105.595588684082
1,61.47,20.4731279024854,105.633735656738
1,61.48,20.4764612023719,105.63850402832
1,61.49,20.4797945022583,105.648040771484
1,61.5,20.4831278021447,105.671882629395
1,61.51,20.4864611020312,105.705261230469
1,61.52,20.4897944019176,105.724334716797
1,61.53,20.493127701804,105.714797973633
1,61.54,20.4964610016905,105.733871459961
1,61.55,20.4997943015769,105.738639831543
1,61.56,20.5031276014633,105.772018432617
1,61.57,20.5064609013498,105.781555175781
1,61.58,20.5097942012362,105.810165405273
1,61.59,20.5131275011227,105.819702148438
1,61.6,20.5164608010091,105.829238891602
1,61.61,20.5197941008955,105.838775634766
1,61.62,20.523127400782,105.84831237793
1,61.63,20.5264607006684,105.886459350586
1,61.64,20.5297940005548,105.881690979004
1,61.65,20.5331273004413,105.929374694824
1,61.66,20.5364606003277,105.924606323242
1,61.67,20.5397939002141,105.938911437988
1,61.68,20.5431272001006,105.957984924316
1,61.69,20.546460499987,105.986595153809
1,61.7,20.5497937998734,106.010437011719
1,61.71,20.5531270997599,106.019973754883
1,61.72,20.5564603996463,106.024742126465
1,61.73,20.5597936995327,106.067657470703
1,61.74,20.5631269994192,106.077194213867
1,61.75,20.5664602993056,106.101036071777
1,61.76,20.5697935991921,106.105804443359
1,61.77,20.5731268990785,106.091499328613
1,61.78,20.5764601989649,106.110572814941
1,61.79,20.5797934988514,106.15348815918
1,61.8,20.5831267987378,106.143951416016
1,61.81,20.5864600986242,106.15348815918
1,61.82,20.5897933985107,106.191635131836
1,61.83,20.5931266983971,106.201171875
1,61.84,20.5964599982835,106.22501373291
1,61.85,20.59979329817,106.244087219238
1,61.86,20.6031265980564,106.267929077148
1,61.87,20.6064598979428,106.27269744873
1,61.88,20.6097931978293,106.329917907715
1,61.89,20.6131264977157,106.339454650879
1,61.9,20.6164597976021,106.353759765625
1,61.91,20.6197930974886,106.387138366699
1,61.92,20.623126397375,106.377601623535
1,61.93,20.6264596972615,106.425285339355
1,61.94,20.6297929971479,106.420516967773
1,61.95,20.6331262970343,106.45866394043
1,61.96,20.6364595969208,106.472969055176
1,61.97,20.6397928968072,106.468200683594
1,61.98,20.6431261966936,106.487274169922
1,61.99,20.6464594965801,106.501579284668
1,62,20.6497927964665,106.496810913086
1,62.01,20.6531260963529,106.515884399414
1,62.02,20.6564593962394,106.50634765625
1,62.03,20.6597926961258,106.487274169922
1,62.04,20.6631259960122,106.53018951416
1,62.05,20.6664592958987,106.501579284668
1,62.06,20.6697925957851,106.511116027832
1,62.07,20.6731258956715,106.525421142578
1,62.08,20.676459195558,106.539726257324
1,62.09,20.6797924954444,106.549263000488
1,62.1,20.6831257953309,106.57787322998
1,62.11,20.6864590952173,106.606483459473
1,62.12,20.6897923951037,106.616020202637
1,62.13,20.6931256949902,106.630325317383
1,62.14,20.6964589948766,106.663703918457
1,62.15,20.699792294763,106.668472290039
1,62.16,20.7031255946495,106.697082519531
1,62.17,20.7064588945359,106.711387634277
1,62.18,20.7097921944223,106.716156005859
1,62.19,20.7131254943088,106.754302978516
1,62.2,20.7164587941952,106.76383972168
1,62.21,20.7197920940816,106.78768157959
1,62.22,20.7231253939681,106.782913208008
1,62.23,20.7264586938545,106.83536529541
1,62.24,20.729791993741,106.8115234375
1,62.25,20.7331252936274,106.844902038574
1,62.26,20.7364585935138,106.849670410156
1,62.27,20.7397918934003,106.854438781738
1,62.28,20.7431251932867,106.854438781738
1,62.29,20.7464584931731,106.873512268066
1,62.3,20.7497917930596,106.854438781738
1,62.31,20.753125092946,106.85920715332
1,62.32,20.7564583928324,106.863975524902
1,62.33,20.7597916927189,106.844902038574
1,62.34,20.7631249926053,106.88304901123
1,62.35,20.7664582924917,106.868743896484
1,62.36,20.7697915923782,106.854438781738
1,62.37,20.7731248922646,106.88304901123
1,62.38,20.776458192151,106.878280639648
1,62.39,20.7797914920375,106.902122497559
1,62.4,20.7831247919239,106.921195983887
1,62.41,20.7864580918103,106.940269470215
1,62.42,20.7897913916968,106.959342956543
1,62.43,20.7931246915832,106.997489929199
1,62.44,20.7964579914697,106.987953186035
1,62.45,20.7997912913561,107.030868530273
1,62.46,20.8031245912425,107.064247131348
1,62.47,20.806457891129,107.078552246094
1,62.48,20.8097911910154,107.102394104004
1,62.49,20.8131244909018,107.131004333496
1,62.5,20.8164577907883,107.14054107666
1,62.51,20.8197910906747,107.16438293457
1,62.52,20.8231243905611,107.169151306152
1,62.53,20.8264576904476,107.173919677734
1,62.54,20.829790990334,107.183456420898
1,62.55,20.8331242902204,107.18822479248
1,62.56,20.8364575901069,107.192993164063
1,62.57,20.8397908899933,107.169151306152
1,62.58,20.8431241898797,107.207298278809
1,62.59,20.8464574897662,107.212066650391
1,62.6,20.8497907896526,107.207298278809
1,62.61,20.8531240895391,107.216835021973
1,62.62,20.8564573894255,107.221603393555
1,62.63,20.8597906893119,107.235908508301
1,62.64,20.8631239891984,107.235908508301
1,62.65,20.8664572890848,107.264518737793
1,62.66,20.8697905889712,107.269287109375
1,62.67,20.8731238888577,107.278823852539
1,62.68,20.8764571887441,107.293128967285
1,62.69,20.8797904886305,107.312202453613
1,62.7,20.883123788517,107.316970825195
1,62.71,20.8864570884034,107.355117797852
1,62.72,20.8897903882898,107.359886169434
1,62.73,20.8931236881763,107.369422912598
1,62.74,20.8964569880627,107.383728027344
1,62.75,20.8997902879491,107.388496398926
1,62.76,20.9031235878356,107.421875
1,62.77,20.906456887722,107.431411743164
1,62.78,20.9097901876085,107.464790344238
1,62.79,20.9131234874949,107.464790344238
1,62.8,20.9164567873813,107.502937316895
1,62.81,20.9197900872678,107.498168945313
1,62.82,20.9231233871542,107.531547546387
1,62.83,20.9264566870406,107.531547546387
1,62.84,20.9297899869271,107.545852661133
1,62.85,20.9331232868135,107.555389404297
1,62.86,20.9364565866999,107.555389404297
1,62.87,20.9397898865864,107.555389404297
1,62.88,20.9431231864728,107.583999633789
1,62.89,20.9464564863592,107.593536376953
1,62.9,20.9497897862457,107.583999633789
1,62.91,20.9531230861321,107.603073120117
1,62.92,20.9564563860185,107.593536376953
1,62.93,20.959789685905,107.617378234863
1,62.94,20.9631229857914,107.588768005371
1,62.95,20.9664562856779,107.598304748535
1,62.96,20.9697895855643,107.622146606445
1,62.97,20.9731228854507,107.612609863281
1,62.98,20.9764561853372,107.626914978027
1,62.99,20.9797894852236,107.631683349609
1,63,20.98312278511,107.636451721191
1,63.01,20.9864560849965,107.636451721191
1,63.02,20.9897893848829,107.636451721191
1,63.03,20.9931226847693,107.636451721191
1,63.04,20.9964559846558,107.674598693848
1,63.05,20.9997892845422,107.669830322266
1,63.06,21.0031225844286,107.67936706543
1,63.07,21.0064558843151,107.688903808594
1,63.08,21.0097891842015,107.712745666504
1,63.09,21.0131224840879,107.722282409668
1,63.1,21.0164557839744,107.75089263916
1,63.11,21.0197890838608,107.755661010742
1,63.12,21.0231223837473,107.789039611816
1,63.13,21.0264556836337,107.808113098145
1,63.14,21.0297889835201,107.808113098145
1,63.15,21.0331222834066,107.836723327637
1,63.16,21.036455583293,107.851028442383
1,63.17,21.0397888831794,107.865333557129
1,63.18,21.0431221830659,107.870101928711
1,63.19,21.0464554829523,107.898712158203
1,63.2,21.0497887828387,107.908248901367
1,63.21,21.0531220827252,107.932090759277
1,63.22,21.0564553826116,107.936859130859
1,63.23,21.059788682498,107.955932617188
1,63.24,21.0631219823845,107.96070098877
1,63.25,21.0664552822709,107.96070098877
1,63.26,21.0697885821573,107.989311218262
1,63.27,21.0731218820438,108.003616333008
1,63.28,21.0764551819302,108.003616333008
1,63.29,21.0797884818166,108.022689819336
1,63.3,21.0831217817031,108.036994934082
1,63.31,21.0864550815895,108.046531677246
1,63.32,21.089788381476,108.070373535156
1,63.33,21.0931216813624,108.060836791992
1,63.34,21.0964549812488,108.075141906738
1,63.35,21.0997882811353,108.108520507813
1,63.36,21.1031215810217,108.118057250977
1,63.37,21.1064548809081,108.118057250977
1,63.38,21.1097881807946,108.146667480469
1,63.39,21.113121480681,108.165740966797
1,63.4,21.1164547805674,108.194351196289
1,63.41,21.1197880804539,108.218193054199
1,63.42,21.1231213803403,108.227729797363
1,63.43,21.1264546802267,108.256340026855
1,63.44,21.1297879801132,108.275413513184
1,63.45,21.1331212799996,108.33740234375
1,63.46,21.1364545798861,108.351707458496
1,63.47,21.1397878797725,108.36124420166
1,63.48,21.1431211796589,108.404159545898
1,63.49,21.1464544795454,108.40892791748
1,63.5,21.1497877794318,108.461380004883
1,63.51,21.1531210793182,108.466148376465
1,63.52,21.1564543792047,108.485221862793
1,63.53,21.1597876790911,108.518600463867
1,63.54,21.1631209789775,108.518600463867
1,63.55,21.166454278864,108.551979064941
1,63.56,21.1697875787504,108.57105255127
1,63.57,21.1731208786368,108.590126037598
1,63.58,21.1764541785233,108.623504638672
1,63.59,21.1797874784097,108.647346496582
1,63.6,21.1831207782961,108.66641998291
1,63.61,21.1864540781826,108.685493469238
1,63.62,21.189787378069,108.704566955566
1,63.63,21.1931206779554,108.699798583984
1,63.64,21.1964539778419,108.742713928223
1,63.65,21.1997872777283,108.752250671387
1,63.66,21.2031205776148,108.766555786133
1,63.67,21.2064538775012,108.795166015625
1,63.68,21.2097871773876,108.799934387207
1,63.69,21.2131204772741,108.814239501953
1,63.7,21.2164537771605,108.833312988281
1,63.71,21.2197870770469,108.842849731445
1,63.72,21.2231203769334,108.861923217773
1,63.73,21.2264536768198,108.866691589355
1,63.74,21.2297869767062,108.857154846191
1,63.75,21.2331202765927,108.87622833252
1,63.76,21.2364535764791,108.909606933594
1,63.77,21.2397868763655,108.909606933594
1,63.78,21.243120176252,108.919143676758
1,63.79,21.2464534761384,108.909606933594
1,63.8,21.2497867760248,108.92391204834
1,63.81,21.2531200759113,108.92391204834
1,63.82,21.2564533757977,108.928680419922
1,63.83,21.2597866756842,108.933448791504
1,63.84,21.2631199755706,108.97159576416
1,63.85,21.266453275457,108.97159576416
1,63.86,21.2697865753435,108.97159576416
1,63.87,21.2731198752299,109.009742736816
1,63.88,21.2797864750028,109.000205993652
1,63.9,21.2831197748892,109.033584594727
1,63.91,21.2864530747756,109.071731567383
1,63.92,21.2897863746621,109.071731567383
1,63.93,21.2964529744349,109.090805053711
1,63.94,21.2997862743214,109.124183654785
1,63.96,21.3031195742078,109.171867370605
1,63.97,21.3097861739807,109.176635742188
1,63.98,21.3131194738671,109.214782714844
1,63.99,21.3164527737536,109.224319458008
1,64,21.31978607364,109.248161315918
1,64.02,21.3264526734129,109.272003173828
1,64.03,21.3297859732993,109.30061340332
1,64.04,21.3331192731857,109.310150146484
1,64.06,21.3397858729586,109.343528747559
1,64.07,21.343119172845,109.338760375977
1,64.08,21.3464524727315,109.376907348633
1,64.09,21.3497857726179,109.376907348633
1,64.1,21.3531190725043,109.386444091797
1,64.11,21.3564523723908,109.410285949707
1,64.12,21.3597856722772,109.429359436035
1,64.13,21.3631189721636,109.429359436035
1,64.14,21.3664522720501,109.467506408691
1,64.15,21.3697855719365,109.457969665527
1,64.16,21.373118871823,109.462738037109
1,64.17,21.3764521717094,109.496116638184
1,64.18,21.3797854715958,109.491348266602
1,64.19,21.3831187714823,109.51042175293
1,64.2,21.3864520713687,109.524726867676
1,64.21,21.3897853712551,109.553337097168
1,64.22,21.3931186711416,109.591484069824
1,64.23,21.396451971028,109.624862670898
1,64.24,21.3997852709144,109.643936157227
1,64.25,21.4031185708009,109.653472900391
1,64.26,21.4064518706873,109.672546386719
1,64.27,21.4097851705737,109.705924987793
1,64.28,21.4131184704602,109.739303588867
1,64.29,21.4164517703466,109.772682189941
1,64.3,21.419785070233,109.786987304688
1,64.31,21.4231183701195,109.825134277344
1,64.32,21.4264516700059,109.853744506836
1,64.33,21.4297849698924,109.86328125
1,64.34,21.4331182697788,109.906196594238
1,64.35,21.4364515696652,109.901428222656
1,64.36,21.4397848695517,109.939575195313
1,64.37,21.4431181694381,109.920501708984
1,64.38,21.4464514693245,109.958648681641
1,64.39,21.449784769211,109.968185424805
1,64.4,21.4531180690974,109.992027282715
1,64.41,21.4564513689838,110.011100769043
1,64.42,21.4597846688703,110.015869140625
1,64.43,21.4631179687567,110.039710998535
1,64.44,21.4664512686431,110.049247741699
1,64.45,21.4697845685296,110.087394714355
1,64.46,21.473117868416,110.087394714355
1,64.47,21.4764511683025,110.116004943848
1,64.48,21.4797844681889,110.154151916504
1,64.49,21.4831177680753,110.158920288086
1,64.5,21.4864510679618,110.182762145996
1,64.51,21.4897843678482,110.211372375488
1,64.52,21.4931176677346,110.220909118652
1,64.53,21.4964509676211,110.230445861816
1,64.54,21.4997842675075,110.254287719727
1,64.55,21.5031175673939,110.282897949219
1,64.56,21.5064508672804,110.292434692383
1,64.57,21.5097841671668,110.297203063965
1,64.58,21.5131174670532,110.335350036621
1,64.59,21.5164507669397,110.344886779785
1,64.6,21.5197840668261,110.359191894531
1,64.61,21.5231173667125,110.373497009277
1,64.62,21.526450666599,110.378265380859
1,64.63,21.5297839664854,110.416412353516
1,64.64,21.5331172663718,110.421180725098
1,64.65,21.5364505662583,110.478401184082
1,64.66,21.5397838661447,110.4736328125
1,64.67,21.5431171660312,110.487937927246
1,64.68,21.5464504659176,110.535621643066
1,64.69,21.549783765804,110.540390014648
1,64.7,21.5531170656905,110.569000244141
1,64.71,21.5564503655769,110.554695129395
1,64.72,21.5597836654633,110.564231872559
1,64.73,21.5631169653498,110.564231872559
1,64.74,21.5664502652362,110.564231872559
1,64.75,21.5697835651226,110.583305358887
1,64.76,21.5731168650091,110.602378845215
1,64.77,21.5764501648955,110.602378845215
1,64.78,21.5797834647819,110.583305358887
1,64.79,21.5831167646684,110.573768615723
1,64.8,21.5864500645548,110.578536987305
1,64.81,21.5897833644412,110.588073730469
1,64.82,21.5931166643277,110.602378845215
1,64.83,21.5964499642141,110.607147216797
1,64.84,21.5997832641006,110.616683959961
1,64.85,21.603116563987,110.597610473633
1,64.86,21.6064498638734,110.616683959961
1,64.87,21.6097831637599,110.630989074707
1,64.88,21.6131164636463,110.659599304199
1,64.89,21.6164497635327,110.659599304199
1,64.9,21.6197830634192,110.688209533691
1,64.91,21.6231163633056,110.697746276855
1,64.92,21.626449663192,110.70728302002
1,64.93,21.6297829630785,110.73112487793
1,64.94,21.6331162629649,110.764503479004
1,64.95,21.6364495628513,110.80265045166
1,64.96,21.6397828627378,110.816955566406
1,64.97,21.6431161626242,110.807418823242
1,64.98,21.6464494625106,110.836029052734
1,64.99,21.6497827623971,110.859870910645
1,65,21.6531160622835,110.874176025391
1,65.01,21.65644936217,110.893249511719
1,65.02,21.6597826620564,110.907554626465
1,65.03,21.6631159619428,110.945701599121
1,65.04,21.6664492618293,110.936164855957
1,65.05,21.6697825617157,110.950469970703
1,65.06,21.6731158616021,110.983848571777
1,65.07,21.6764491614886,110.983848571777
1,65.08,21.679782461375,110.988616943359
1,65.09,21.6831157612614,111.002922058105
1,65.1,21.6864490611479,110.988616943359
1,65.11,21.6897823610343,111.026763916016
1,65.12,21.6931156609207,111.021995544434
1,65.13,21.6964489608072,111.055374145508
1,65.14,21.6997822606936,111.045837402344
1,65.15,21.70311556058,111.069679260254
1,65.16,21.7064488604665,111.083984375
1,65.17,21.7097821603529,111.083984375
1,65.18,21.7131154602394,111.093521118164
1,65.19,21.7164487601258,111.103057861328
1,65.2,21.7197820600122,111.112594604492
1,65.21,21.7231153598987,111.083984375
1,65.22,21.7264486597851,111.122131347656
1,65.23,21.7297819596715,111.122131347656
1,65.24,21.733115259558,111.13166809082
1,65.25,21.7364485594444,111.150741577148
1,65.26,21.7397818593308,111.15550994873
1,65.27,21.7431151592173,111.15550994873
1,65.28,21.7464484591037,111.193656921387
1,65.29,21.7497817589901,111.207962036133
1,65.3,21.7531150588766,111.227035522461
1,65.31,21.756448358763,111.255645751953
1,65.32,21.7597816586494,111.269950866699
1,65.33,21.7631149585359,111.279487609863
1,65.34,21.7664482584223,111.322402954102
1,65.35,21.7697815583088,111.34147644043
1,65.36,21.7731148581952,111.36531829834
1,65.37,21.7764481580816,111.374855041504
1,65.38,21.7797814579681,111.403465270996
1,65.39,21.7831147578545,111.398696899414
1,65.4,21.7864480577409,111.41300201416
1,65.41,21.7897813576274,111.408233642578
1,65.42,21.7931146575138,111.41300201416
1,65.43,21.7964479574002,111.422538757324
1,65.44,21.7997812572867,111.446380615234
1,65.45,21.8031145571731,111.43684387207
1,65.46,21.8064478570595,111.455917358398
1,65.47,21.809781156946,111.43684387207
1,65.48,21.8131144568324,111.474990844727
1,65.49,21.8164477567188,111.474990844727
1,65.5,21.8197810566053,111.474990844727
1,65.51,21.8231143564917,111.470222473145
1,65.52,21.8264476563782,111.489295959473
1,65.53,21.8297809562646,111.489295959473
1,65.54,21.833114256151,111.522674560547
1,65.55,21.8364475560375,111.517906188965
1,65.56,21.8397808559239,111.536979675293
1,65.57,21.8431141558103,111.527442932129
1,65.58,21.8464474556968,111.556053161621
1,65.59,21.8497807555832,111.536979675293
1,65.6,21.8531140554696,111.579895019531
1,65.61,21.8564473553561,111.570358276367
1,65.62,21.8597806552425,111.570358276367
1,65.63,21.8631139551289,111.589431762695
1,65.64,21.8664472550154,111.584663391113
1,65.65,21.8697805549018,111.62281036377
1,65.66,21.8731138547882,111.613273620605
1,65.67,21.8764471546747,111.637115478516
1,65.68,21.8797804545611,111.62281036377
1,65.69,21.8831137544476,111.637115478516
1,65.7,21.886447054334,111.64665222168
1,65.71,21.8897803542204,111.67049407959
1,65.72,21.8931136541069,111.660957336426
1,65.73,21.8964469539933,111.675262451172
1,65.74,21.8997802538797,111.656188964844
1,65.75,21.9031135537662,111.680030822754
1,65.76,21.9064468536526,111.675262451172
1,65.77,21.909780153539,111.67049407959
1,65.78,21.9131134534255,111.67049407959
1,65.79,21.9164467533119,111.656188964844
1,65.8,21.9197800531983,111.656188964844
1,65.81,21.9231133530848,111.64665222168
1,65.82,21.9264466529712,111.64665222168
1,65.83,21.9297799528576,111.632347106934
1,65.84,21.9331132527441,111.637115478516
1,65.85,21.9364465526305,111.632347106934
1,65.86,21.9397798525169,111.62281036377
1,65.87,21.9431131524034,111.627578735352
1,65.88,21.9464464522898,111.613273620605
1,65.89,21.9497797521763,111.589431762695
1,65.9,21.9531130520627,111.589431762695
1,65.91,21.9564463519491,111.560821533203
1,65.92,21.9597796518356,111.570358276367
1,65.93,21.963112951722,111.551284790039
1,65.94,21.9664462516084,111.541748046875
1,65.95,21.9697795514949,111.536979675293
1,65.96,21.9731128513813,111.522674560547
1,65.97,21.9764461512677,111.522674560547
1,65.98,21.9797794511542,111.479759216309
1,65.99,21.9831127510406,111.484527587891
1,66,21.986446050927,111.43684387207
1,66.01,21.9897793508135,111.43684387207
1,66.02,21.9931126506999,111.422538757324
1,66.03,21.9964459505863,111.408233642578
1,66.04,21.9997792504728,111.384391784668
1,66.05,22.0031125503592,111.379623413086
1,66.06,22.0064458502457,111.34147644043
1,66.07,22.0097791501321,111.31763458252
1,66.08,22.0131124500185,111.293792724609
1,66.09,22.016445749905,111.274719238281
1,66.1,22.0197790497914,111.260414123535
1,66.11,22.0231123496778,111.255645751953
1,66.12,22.0264456495643,111.246109008789
1,66.13,22.0297789494507,111.246109008789
1,66.14,22.0331122493371,111.236572265625
1,66.15,22.0364455492236,111.222267150879
1,66.16,22.03977884911,111.217498779297
1,66.17,22.0431121489964,111.236572265625
1,66.18,22.0464454488829,111.231803894043
1,66.19,22.0497787487693,111.236572265625
1,66.2,22.0531120486557,111.217498779297
1,66.21,22.0564453485422,111.255645751953
1,66.22,22.0597786484286,111.246109008789
1,66.23,22.0631119483151,111.246109008789
1,66.24,22.0664452482015,111.246109008789
1,66.25,22.0697785480879,111.255645751953
1,66.26,22.0731118479744,111.255645751953
1,66.27,22.0764451478608,111.269950866699
1,66.28,22.0797784477472,111.265182495117
1,66.29,22.0831117476337,111.279487609863
1,66.3,22.0864450475201,111.269950866699
1,66.31,22.0897783474065,111.298561096191
1,66.32,22.093111647293,111.279487609863
1,66.33,22.0964449471794,111.303329467773
1,66.34,22.0997782470658,111.322402954102
1,66.35,22.1031115469523,111.312866210938
1,66.36,22.1064448468387,111.327171325684
1,66.37,22.1097781467251,111.312866210938
1,66.38,22.1131114466116,111.351013183594
1,66.39,22.116444746498,111.346244812012
1,66.4,22.1197780463845,111.370086669922
1,66.41,22.1231113462709,111.398696899414
1,66.42,22.1264446461573,111.417770385742
1,66.43,22.1297779460438,111.432075500488
1,66.44,22.1331112459302,111.446380615234
1,66.45,22.1364445458166,111.46068572998
1,66.46,22.1397778457031,111.46068572998
1,66.47,22.1431111455895,111.494064331055
1,66.48,22.1464444454759,111.513137817383
1,66.49,22.1497777453624,111.513137817383
1,66.5,22.1531110452488,111.527442932129
1,66.51,22.1564443451352,111.546516418457
1,66.52,22.1597776450217,111.536979675293
1,66.53,22.1631109449081,111.565589904785
1,66.54,22.1664442447946,111.570358276367
1,66.55,22.169777544681,111.575126647949
1,66.56,22.1731108445674,111.570358276367
1,66.57,22.1764441444539,111.556053161621
1,66.58,22.1797774443403,111.560821533203
1,66.59,22.1831107442267,111.541748046875
1,66.6,22.1864440441132,111.570358276367
1,66.61,22.1897773439996,111.541748046875
1,66.62,22.193110643886,111.560821533203
1,66.63,22.1964439437725,111.541748046875
1,66.64,22.1997772436589,111.536979675293
1,66.65,22.2031105435453,111.536979675293
1,66.66,22.2064438434318,111.517906188965
1,66.67,22.2097771433182,111.522674560547
1,66.68,22.2131104432046,111.527442932129
1,66.69,22.2164437430911,111.513137817383
1,66.7,22.2197770429775,111.541748046875
1,66.71,22.223110342864,111.546516418457
1,66.72,22.2264436427504,111.565589904785
1,66.73,22.2297769426368,111.589431762695
1,66.74,22.2331102425233,111.594200134277
1,66.75,22.2364435424097,111.594200134277
1,66.76,22.2397768422961,111.618041992188
1,66.77,22.2431101421826,111.627578735352
1,66.78,22.246443442069,111.651420593262
1,66.79,22.2497767419554,111.660957336426
1,66.8,22.2531100418419,111.689567565918
1,66.81,22.2564433417283,111.689567565918
1,66.82,22.2597766416147,111.713409423828
1,66.83,22.2631099415012,111.732482910156
1,66.84,22.2664432413876,111.756324768066
1,66.85,22.269776541274,111.780166625977
1,66.86,22.2731098411605,111.784934997559
1,66.87,22.2764431410469,111.808776855469
1,66.88,22.2797764409333,111.823081970215
1,66.89,22.2831097408198,111.861228942871
1,66.9,22.2864430407062,111.846923828125
1,66.91,22.2897763405927,111.889839172363
1,66.92,22.2931096404791,111.899375915527
1,66.93,22.2964429403655,111.908912658691
1,66.94,22.299776240252,111.932754516602
1,66.95,22.3031095401384,111.956596374512
1,66.96,22.3064428400248,111.956596374512
1,66.97,22.3097761399113,111.966133117676
1,66.98,22.3131094397977,111.966133117676
1,66.99,22.3164427396841,112.018585205078
1,67,22.3197760395706,112.013816833496
1,67.01,22.323109339457,112.042427062988
1,67.02,22.3264426393434,112.028121948242
1,67.03,22.3297759392299,112.066268920898
1,67.04,22.3331092391163,112.061500549316
1,67.05,22.3364425390027,112.094879150391
1,67.06,22.3397758388892,112.113952636719
1,67.07,22.3431091387756,112.142562866211
1,67.08,22.3464424386621,112.147331237793
1,67.09,22.3497757385485,112.161636352539
1,67.1,22.3531090384349,112.156867980957
1,67.11,22.3564423383214,112.171173095703
1,67.12,22.3597756382078,112.161636352539
1,67.13,22.3631089380942,112.171173095703
1,67.14,22.3664422379807,112.175941467285
1,67.15,22.3697755378671,112.190246582031
1,67.16,22.3731088377535,112.190246582031
1,67.17,22.37644213764,112.195014953613
1,67.18,22.3797754375264,112.175941467285
1,67.19,22.3831087374128,112.199783325195
1,67.2,22.3864420372993,112.199783325195
1,67.21,22.3897753371857,112.209320068359
1,67.22,22.3931086370721,112.218856811523
1,67.23,22.3964419369586,112.237930297852
1,67.24,22.399775236845,112.261772155762
1,67.25,22.4031085367315,112.261772155762
1,67.26,22.4064418366179,112.314224243164
1,67.27,22.4097751365043,112.318992614746
1,67.28,22.4131084363908,112.35237121582
1,67.29,22.4164417362772,112.347602844238
1,67.3,22.4197750361636,112.35237121582
1,67.31,22.4231083360501,112.380981445313
1,67.32,22.4264416359365,112.371444702148
1,67.33,22.4297749358229,112.404823303223
1,67.34,22.4331082357094,112.404823303223
1,67.35,22.4364415355958,112.423896789551
1,67.36,22.4397748354822,112.423896789551
1,67.37,22.4431081353687,112.442970275879
1,67.38,22.4464414352551,112.433433532715
1,67.39,22.4497747351415,112.471580505371
1,67.4,22.453108035028,112.452507019043
1,67.41,22.4564413349144,112.504959106445
1,67.42,22.4597746348009,112.485885620117
1,67.43,22.4631079346873,112.504959106445
1,67.44,22.4664412345737,112.500190734863
1,67.45,22.4697745344602,112.528800964355
1,67.46,22.4731078343466,112.528800964355
1,67.47,22.476441134233,112.56217956543
1,67.48,22.4797744341195,112.581253051758
1,67.49,22.4831077340059,112.576484680176
1,67.5,22.4864410338923,112.581253051758
1,67.51,22.4897743337788,112.614631652832
1,67.52,22.4964409335516,112.638473510742
1,67.53,22.4997742334381,112.676620483398
1,67.55,22.5031075333245,112.705230712891
1,67.56,22.5064408332109,112.724304199219
1,67.57,22.5097741330974,112.738609313965
1,67.58,22.5131074329838,112.752914428711
1,67.59,22.5197740327567,112.781524658203
1,67.61,22.5231073326431,112.805366516113
1,67.62,22.529773932416,112.795829772949
1,67.64,22.5331072323024,112.819671630859
1,67.65,22.5364405321889,112.824440002441
1,67.66,22.5397738320753,112.819671630859
1,67.67,22.5431071319617,112.84351348877
1,67.68,22.5464404318482,112.848281860352
1,67.69,22.5497737317346,112.853050231934
1,67.7,22.553107031621,112.872123718262
1,67.71,22.5597736313939,112.876892089844
1,67.72,22.5631069312803,112.919807434082
1,67.73,22.5664402311668,112.9150390625
1,67.75,22.5697735310532,112.96272277832
1,67.76,22.5764401308261,112.996101379395
1,67.77,22.5797734307125,113.000869750977
1,67.78,22.583106730599,113.005638122559
1,67.79,22.5864400304854,113.043785095215
1,67.8,22.5897733303718,113.067626953125
1,67.81,22.5931066302583,113.081932067871
1,67.82,22.5964399301447,113.077163696289
1,67.83,22.5997732300311,113.101005554199
1,67.84,22.6031065299176,113.105773925781
1,67.85,22.606439829804,113.124847412109
1,67.86,22.6097731296904,113.143920898438
1,67.87,22.6131064295769,113.14868927002
1,67.88,22.6164397294633,113.177299499512
1,67.89,22.6197730293497,113.177299499512
1,67.9,22.6231063292362,113.224983215332
1,67.91,22.6264396291226,113.224983215332
1,67.92,22.6297729290091,113.24405670166
1,67.93,22.6331062288955,113.263130187988
1,67.94,22.6364395287819,113.24405670166
1,67.95,22.6397728286684,113.277435302734
1,67.96,22.6431061285548,113.301277160645
1,67.97,22.6464394284412,113.296508789063
1,67.98,22.6497727283277,113.301277160645
1,67.99,22.6531060282141,113.306045532227
1,68,22.6564393281005,113.344192504883
1,68.01,22.659772627987,113.372802734375
1,68.02,22.6631059278734,113.372802734375
1,68.03,22.6664392277598,113.372802734375
1,68.04,22.6697725276463,113.396644592285
1,68.05,22.6731058275327,113.420486450195
1,68.06,22.6764391274191,113.444328308105
1,68.07,22.6797724273056,113.472938537598
1,68.08,22.683105727192,113.47770690918
1,68.09,22.6864390270785,113.511085510254
1,68.1,22.6897723269649,113.50154876709
1,68.11,22.6931056268513,113.54923248291
1,68.12,22.6964389267378,113.558769226074
1,68.13,22.6997722266242,113.587379455566
1,68.14,22.7031055265106,113.59691619873
1,68.15,22.7064388263971,113.611221313477
1,68.16,22.7097721262835,113.644599914551
1,68.17,22.7131054261699,113.649368286133
1,68.18,22.7164387260564,113.677978515625
1,68.19,22.7197720259428,113.687515258789
1,68.2,22.7231053258292,113.677978515625
1,68.21,22.7264386257157,113.716125488281
1,68.22,22.7297719256021,113.725662231445
1,68.23,22.7331052254885,113.749504089355
1,68.24,22.736438525375,113.730430603027
1,68.25,22.7397718252614,113.787651062012
1,68.26,22.7431051251478,113.773345947266
1,68.27,22.7464384250343,113.778114318848
1,68.28,22.7497717249207,113.801956176758
1,68.29,22.7531050248072,113.83056640625
1,68.3,22.7564383246936,113.835334777832
1,68.31,22.75977162458,113.868713378906
1,68.32,22.7631049244665,113.868713378906
1,68.33,22.7664382243529,113.87825012207
1,68.34,22.7697715242393,113.90209197998
1,68.35,22.7731048241258,113.921165466309
1,68.36,22.7764381240122,113.940238952637
1,68.37,22.7797714238986,113.964080810547
1,68.38,22.7831047237851,113.954544067383
1,68.39,22.7864380236715,113.973617553711
1,68.4,22.7897713235579,114.002227783203
1,68.41,22.7931046234444,114.035606384277
1,68.42,22.7964379233308,114.030838012695
1,68.43,22.7997712232172,114.068984985352
1,68.44,22.8031045231037,114.068984985352
1,68.45,22.8064378229901,114.073753356934
1,68.46,22.8097711228766,114.107131958008
1,68.47,22.813104422763,114.097595214844
1,68.48,22.8164377226494,114.1357421875
1,68.49,22.8197710225359,114.1357421875
1,68.5,22.8231043224223,114.1357421875
1,68.51,22.8264376223087,114.150047302246
1,68.52,22.8297709221952,114.154815673828
1,68.53,22.8331042220816,114.154815673828
1,68.54,22.836437521968,114.169120788574
1,68.55,22.8397708218545,114.178657531738
1,68.56,22.8431041217409,114.150047302246
1,68.57,22.8464374216273,114.145278930664
1,68.58,22.8497707215138,114.145278930664
1,68.59,22.8531040214002,114.140510559082
1,68.6,22.8564373212867,114.130973815918
1,68.61,22.8597706211731,114.116668701172
1,68.62,22.8631039210595,114.121437072754
1,68.63,22.866437220946,114.097595214844
1,68.64,22.8697705208324,114.083290100098
1,68.65,22.8731038207188,114.102363586426
1,68.66,22.8764371206053,114.121437072754
1,68.67,22.8797704204917,114.11190032959
1,68.68,22.8831037203781,114.1357421875
1,68.69,22.8864370202646,114.140510559082
1,68.7,22.889770320151,114.188194274902
1,68.71,22.8931036200374,114.20726776123
1,68.72,22.8964369199239,114.212036132813
1,68.73,22.8997702198103,114.259719848633
1,68.74,22.9031035196967,114.259719848633
1,68.75,22.9064368195832,114.293098449707
1,68.76,22.9097701194696,114.288330078125
1,68.77,22.9131034193561,114.336013793945
1,68.78,22.9164367192425,114.331245422363
1,68.79,22.9197700191289,114.374160766602
1,68.8,22.9231033190154,114.374160766602
1,68.81,22.9264366189018,114.41707611084
1,68.82,22.9297699187882,114.426612854004
1,68.83,22.9331032186747,114.455223083496
1,68.84,22.9364365185611,114.474296569824
1,68.85,22.9397698184475,114.498138427734
1,68.86,22.943103118334,114.521980285645
1,68.87,22.9464364182204,114.541053771973
1,68.88,22.9497697181068,114.593505859375
1,68.89,22.9531030179933,114.593505859375
1,68.9,22.9564363178797,114.612579345703
1,68.91,22.9597696177661,114.650726318359
1,68.92,22.9631029176526,114.665031433105
1,68.93,22.966436217539,114.688873291016
1,68.94,22.9697695174254,114.731788635254
1,68.95,22.9731028173119,114.74609375
1,68.96,22.9764361171983,114.79377746582
1,68.97,22.9797694170848,114.789009094238
1,68.98,22.9831027169712,114.846229553223
1,68.99,22.9864360168576,114.850997924805
1,69,22.9897693167441,114.855766296387
1,69.01,22.9931026166305,114.879608154297
1,69.02,22.9964359165169,114.893913269043
1,69.03,22.9997692164034,114.912986755371
1,69.04,23.0031025162898,114.927291870117
1,69.05,23.0064358161762,114.936828613281
1,69.06,23.0097691160627,114.946365356445
1,69.07,23.0131024159491,114.941596984863
1,69.08,23.0164357158355,114.960670471191
1,69.09,23.019769015722,114.955902099609
1,69.1,23.0231023156084,114.994049072266
1,69.11,23.0264356154948,114.97974395752
1,69.12,23.0297689153813,114.984512329102
1,69.13,23.0331022152677,114.994049072266
1,69.14,23.0364355151542,114.994049072266
1,69.15,23.0397688150406,115.00358581543
1,69.16,23.043102114927,115.013122558594
1,69.17,23.0464354148135,115.022659301758
1,69.18,23.0497687146999,115.036964416504
1,69.19,23.0531020145863,115.041732788086
1,69.2,23.0564353144728,115.070343017578
1,69.21,23.0597686143592,115.089416503906
1,69.22,23.0631019142456,115.108489990234
1,69.23,23.0664352141321,115.127563476563
1,69.24,23.0697685140185,115.160942077637
1,69.25,23.0731018139049,115.170478820801
1,69.26,23.0764351137914,115.194320678711
1,69.27,23.0797684136778,115.199089050293
1,69.28,23.0831017135642,115.242004394531
1,69.29,23.0864350134507,115.242004394531
1,69.3,23.0897683133371,115.289688110352
1,69.31,23.0931016132236,115.30876159668
1,69.32,23.09643491311,115.346908569336
1,69.33,23.0997682129964,115.346908569336
1,69.34,23.1031015128829,115.351676940918
1,69.35,23.1064348127693,115.389823913574
1,69.36,23.1097681126557,115.413665771484
1,69.37,23.1131014125422,115.437507629395
1,69.38,23.1164347124286,115.442276000977
1,69.39,23.119768012315,115.447044372559
1,69.4,23.1231013122015,115.489959716797
1,69.41,23.1264346120879,115.504264831543
1,69.42,23.1297679119743,115.532875061035
1,69.43,23.1331012118608,115.542411804199
1,69.44,23.1364345117472,115.571022033691
1,69.45,23.1397678116336,115.571022033691
1,69.46,23.1431011115201,115.585327148438
1,69.47,23.1464344114065,115.594863891602
1,69.48,23.149767711293,115.633010864258
1,69.49,23.1531010111794,115.642547607422
1,69.5,23.1564343110658,115.671157836914
1,69.51,23.1597676109523,115.671157836914
1,69.52,23.1631009108387,115.690231323242
1,69.53,23.1664342107251,115.70930480957
1,69.54,23.1697675106116,115.737915039063
1,69.55,23.173100810498,115.742683410645
1,69.56,23.1764341103844,115.766525268555
1,69.57,23.1797674102709,115.742683410645
1,69.58,23.1831007101573,115.804672241211
1,69.59,23.1864340100437,115.799903869629
1,69.6,23.1897673099302,115.833282470703
1,69.61,23.1931006098166,115.804672241211
1,69.62,23.1964339097031,115.823745727539
1,69.63,23.1997672095895,115.809440612793
1,69.64,23.2031005094759,115.785598754883
1,69.65,23.2064338093624,115.804672241211
1,69.66,23.2097671092488,115.776062011719
1,69.67,23.2131004091352,115.785598754883
1,69.68,23.2164337090217,115.766525268555
1,69.69,23.2197670089081,115.752220153809
1,69.7,23.2231003087945,115.73314666748
1,69.71,23.226433608681,115.714073181152
1,69.72,23.2297669085674,115.70930480957
1,69.73,23.2331002084538,115.66162109375
1,69.74,23.2364335083403,115.66162109375
1,69.75,23.2397668082267,115.633010864258
1,69.76,23.2431001081131,115.609169006348
1,69.77,23.2464334079996,115.61393737793
1,69.78,23.249766707886,115.585327148438
1,69.79,23.2531000077724,115.580558776855
1,69.8,23.2564333076589,115.575790405273
1,69.81,23.2597666075453,115.580558776855
1,69.82,23.2630999074318,115.556716918945
1,69.83,23.2664332073182,115.547180175781
1,69.84,23.2697665072046,115.547180175781
1,69.85,23.2730998070911,115.547180175781
1,69.86,23.2764331069775,115.494728088379
1,69.87,23.2797664068639,115.528106689453
1,69.88,23.2830997067504,115.489959716797
1,69.89,23.2864330066368,115.485191345215
1,69.9,23.2897663065232,115.494728088379
1,69.91,23.2930996064097,115.485191345215
1,69.92,23.2964329062961,115.447044372559
1,69.93,23.2997662061825,115.461349487305
1,69.94,23.303099506069,115.432739257813
1,69.95,23.3064328059554,115.40412902832
1,69.96,23.3097661058418,115.408897399902
1,69.97,23.3130994057283,115.399360656738
1,69.98,23.3164327056147,115.385055541992
1,69.99,23.3197660055012,115.375518798828
1,70,23.3230993053876,115.38028717041
1,70.01,23.326432605274,115.394592285156
1,70.02,23.3297659051605,115.38028717041
1,70.03,23.3330992050469,115.399360656738
1,70.04,23.3364325049333,115.375518798828
1,70.05,23.3397658048198,115.423202514648
1,70.06,23.3430991047062,115.413665771484
1,70.07,23.3464324045926,115.423202514648
1,70.08,23.3497657044791,115.42797088623
1,70.09,23.3530990043655,115.418434143066
1,70.1,23.3564323042519,115.456581115723
1,70.11,23.3597656041384,115.418434143066
1,70.12,23.3630989040248,115.437507629395
1,70.13,23.3664322039112,115.408897399902
1,70.14,23.3697655037977,115.3564453125
1,70.15,23.3730988036841,115.351676940918
1,70.16,23.3764321035706,115.289688110352
1,70.17,23.379765403457,115.256309509277
1,70.18,23.3830987033434,115.175247192383
1,70.19,23.3864320032299,115.141868591309
1,70.2,23.3897653031163,115.07511138916
1,70.21,23.3930986030027,114.998817443848
1,70.22,23.3964319028892,114.946365356445
1,70.23,23.3997652027756,114.855766296387
1,70.24,23.403098502662,114.81761932373
1,70.25,23.4064318025485,114.727020263672
1,70.26,23.4097651024349,114.645957946777
1,70.27,23.4130984023213,114.626884460449
1,70.28,23.4164317022078,114.541053771973
1,70.29,23.4197650020942,114.459991455078
1,70.3,23.4230983019806,114.402770996094
1,70.31,23.4264316018671,114.326477050781
1,70.32,23.4297649017535,114.264488220215
1,70.33,23.43309820164,114.197731018066
1,70.34,23.4364315015264,114.116668701172
1,70.35,23.4397648014128,114.054679870605
1,70.36,23.4430981012993,113.954544067383
1,70.37,23.4464314011857,113.873481750488
1,70.38,23.4497647010721,113.75904083252
1,70.39,23.4530980009586,113.673210144043
1,70.4,23.456431300845,113.577842712402
1,70.41,23.4597646007314,113.472938537598
1,70.42,23.4630979006179,113.372802734375
1,70.43,23.4664312005043,113.253593444824
1,70.44,23.4697645003907,113.167762756348
1,70.45,23.4730978002772,113.067626953125
1,70.46,23.4764311001636,112.98656463623
1,70.47,23.47976440005,112.895965576172
1,70.48,23.4830976999365,112.767219543457
1,70.49,23.4864309998229,112.695693969727
1,70.5,23.4897642997094,112.60986328125
1,70.51,23.4930975995958,112.53833770752
1,70.52,23.4964308994822,112.438201904297
