ééå±âÒêî,éûä‘[sec],à⁄ìÆó [mm],â◊èd[N]
1,0.01,0,-2.38418579101563E-03
1,0.21,3.33329988643527E-03,0
1,0.25,6.66659977287054E-03,-2.98023223876953E-03
1,0.26,9.99989965930581E-03,-2.38418579101563E-03
1,0.27,1.33331995457411E-02,-4.17232513427734E-03
1,0.28,1.99997993186116E-02,-3.57627868652344E-03
1,0.29,2.33330992050469E-02,-3.57627868652344E-03
1,0.31,2.66663990914822E-02,-2.38418579101563E-03
1,0.32,2.99996989779174E-02,-5.96046447753906E-04
1,0.33,3.33329988643527E-02,-1.19209289550781E-03
1,0.34,0.036666298750788,-1.19209289550781E-03
1,0.35,3.99995986372232E-02,-5.96046447753906E-04
1,0.36,4.33328985236585E-02,-1.19209289550781E-03
1,0.37,4.66661984100938E-02,-1.78813934326172E-03
1,0.38,4.99994982965291E-02,-2.38418579101563E-03
1,0.39,5.33327981829643E-02,-3.57627868652344E-03
1,0.4,5.66660980693996E-02,-2.98023223876953E-03
1,0.41,6.33326978422702E-02,-3.57627868652344E-03
1,0.43,6.66659977287054E-02,1.78813934326172E-03
1,0.44,6.99992976151407E-02,2.98023223876953E-03
1,0.45,7.33325975015759E-02,5.36441802978516E-03
1,0.46,7.66658973880112E-02,4.17232513427734E-03
1,0.47,7.99991972744465E-02,2.98023223876953E-03
1,0.48,8.33324971608818E-02,4.17232513427734E-03
1,0.49,0.086665797047317,5.36441802978516E-03
1,0.5,8.99990969337523E-02,2.38418579101563E-03
1,0.51,9.33323968201876E-02,0
1,0.52,9.66656967066228E-02,0
1,0.53,9.99989965930581E-02,-2.98023223876953E-03
1,0.54,0.103332296479493,-2.38418579101563E-03
1,0.55,0.109998896252364,-9.5367431640625E-03
1,0.56,0.113332196138799,-8.94069671630859E-03
1,0.58,0.116665496025234,-1.13248825073242E-02
1,0.59,0.123332095798105,-1.07288360595703E-02
1,0.6,0.12666539568454,-1.19209289550781E-02
1,0.61,0.129998695570976,-1.31130218505859E-02
1,0.62,0.133331995457411,-1.01327896118164E-02
1,0.64,0.136665295343846,-6.55651092529297E-03
1,0.65,0.143331895116717,-7.74860382080078E-03
1,0.66,0.146665195003152,-2.98023223876953E-03
1,0.67,0.149998494889587,-5.96046447753906E-03
1,0.68,0.153331794776022,-6.55651092529297E-03
1,0.69,0.156665094662458,-8.94069671630859E-03
1,0.7,0.159998394548893,-1.19209289550781E-02
1,0.71,0.163331694435328,-1.01327896118164E-02
1,0.72,0.166664994321764,-1.07288360595703E-02
1,0.73,0.169998294208199,-1.13248825073242E-02
1,0.74,0.173331594094634,-8.94069671630859E-03
1,0.75,0.176664893981069,-1.49011611938477E-02
1,0.76,0.179998193867505,-1.37090682983398E-02
1,0.77,0.18333149375394,-1.13248825073242E-02
1,0.78,0.186664793640375,-6.55651092529297E-03
1,0.79,0.18999809352681,-5.96046447753906E-03
1,0.8,0.193331393413246,-6.55651092529297E-03
1,0.81,0.196664693299681,-8.34465026855469E-03
1,0.82,0.199997993186116,-5.96046447753906E-03
1,0.83,0.203331293072552,-7.15255737304688E-03
1,0.84,0.206664592958987,-1.19209289550781E-03
1,0.85,0.209997892845422,-2.38418579101563E-03
1,0.86,0.213331192731857,4.76837158203125E-03
1,0.87,0.216664492618293,0
1,0.88,0.219997792504728,5.96046447753906E-03
1,0.89,0.223331092391163,2.38418579101563E-03
1,0.9,0.226664392277598,5.96046447753906E-03
1,0.91,0.229997692164034,5.96046447753906E-03
1,0.92,0.233330992050469,5.96046447753906E-03
1,0.93,0.236664291936904,5.96046447753906E-04
1,0.94,0.239997591823339,2.38418579101563E-03
1,0.95,0.243330891709775,2.38418579101563E-03
1,0.96,0.24666419159621,1.78813934326172E-03
1,0.97,0.249997491482645,1.19209289550781E-03
1,0.98,0.253330791369081,5.96046447753906E-04
1,0.99,0.256664091255516,5.96046447753906E-04
1,1,0.259997391141951,4.17232513427734E-03
1,1.01,0.263330691028386,4.76837158203125E-03
1,1.02,0.266663990914822,6.55651092529297E-03
1,1.03,0.269997290801257,8.94069671630859E-03
1,1.04,0.273330590687692,1.13248825073242E-02
1,1.05,0.276663890574127,1.07288360595703E-02
1,1.06,0.279997190460563,1.31130218505859E-02
1,1.07,0.283330490346998,1.37090682983398E-02
1,1.08,0.286663790233433,1.60932540893555E-02
1,1.09,0.289997090119869,1.54972076416016E-02
1,1.1,0.293330390006304,1.54972076416016E-02
1,1.11,0.296663689892739,1.43051147460938E-02
1,1.12,0.299996989779174,1.60932540893555E-02
1,1.13,0.30333028966561,1.31130218505859E-02
1,1.14,0.306663589552045,1.54972076416016E-02
1,1.15,0.30999688943848,1.19209289550781E-02
1,1.16,0.313330189324915,1.43051147460938E-02
1,1.17,0.316663489211351,1.49011611938477E-02
1,1.18,0.319996789097786,1.54972076416016E-02
1,1.19,0.323330088984221,1.31130218505859E-02
1,1.2,0.326663388870657,1.72853469848633E-02
1,1.21,0.329996688757092,1.72853469848633E-02
1,1.22,0.333329988643527,1.66893005371094E-02
1,1.23,0.336663288529962,1.96695327758789E-02
1,1.24,0.339996588416398,0.019073486328125
1,1.25,0.343329888302833,0.019073486328125
1,1.26,0.346663188189268,1.96695327758789E-02
1,1.27,0.349996488075703,2.08616256713867E-02
1,1.28,0.353329787962139,0.019073486328125
1,1.29,0.356663087848574,1.66893005371094E-02
1,1.3,0.359996387735009,1.66893005371094E-02
1,1.31,0.363329687621445,1.60932540893555E-02
1,1.32,0.36666298750788,1.43051147460938E-02
1,1.33,0.369996287394315,8.94069671630859E-03
1,1.34,0.37332958728075,8.34465026855469E-03
1,1.35,0.376662887167186,8.34465026855469E-03
1,1.36,0.379996187053621,5.36441802978516E-03
1,1.37,0.383329486940056,6.55651092529297E-03
1,1.38,0.386662786826491,2.98023223876953E-03
1,1.39,0.389996086712927,8.34465026855469E-03
1,1.4,0.393329386599362,5.36441802978516E-03
1,1.41,0.396662686485797,4.76837158203125E-03
1,1.42,0.399995986372232,-1.19209289550781E-03
1,1.43,0.403329286258668,5.96046447753906E-04
1,1.44,0.406662586145103,0
1,1.45,0.409995886031538,-2.38418579101563E-03
1,1.46,0.413329185917974,-1.78813934326172E-03
1,1.47,0.416662485804409,1.19209289550781E-03
1,1.48,0.419995785690844,2.98023223876953E-03
1,1.49,0.423329085577279,4.17232513427734E-03
1,1.5,0.426662385463715,5.96046447753906E-03
1,1.51,0.42999568535015,1.07288360595703E-02
1,1.52,0.433328985236585,9.5367431640625E-03
1,1.53,0.43666228512302,1.13248825073242E-02
1,1.54,0.439995585009456,9.5367431640625E-03
1,1.55,0.443328884895891,8.34465026855469E-03
1,1.56,0.446662184782326,1.13248825073242E-02
1,1.57,0.449995484668762,1.07288360595703E-02
1,1.58,0.453328784555197,1.01327896118164E-02
1,1.59,0.456662084441632,8.34465026855469E-03
1,1.6,0.459995384328067,1.07288360595703E-02
1,1.61,0.463328684214503,1.07288360595703E-02
1,1.62,0.466661984100938,1.49011611938477E-02
1,1.63,0.469995283987373,1.13248825073242E-02
1,1.64,0.473328583873808,1.01327896118164E-02
1,1.65,0.476661883760244,7.15255737304688E-03
1,1.66,0.479995183646679,1.01327896118164E-02
1,1.67,0.483328483533114,0.012516975402832
1,1.68,0.48666178341955,0.012516975402832
1,1.69,0.489995083305985,1.07288360595703E-02
1,1.7,0.49332838319242,8.94069671630859E-03
1,1.71,0.496661683078855,1.01327896118164E-02
1,1.72,0.499994982965291,7.15255737304688E-03
1,1.73,0.503328282851726,9.5367431640625E-03
1,1.74,0.506661582738161,1.60932540893555E-02
1,1.75,0.509994882624596,1.43051147460938E-02
1,1.76,0.513328182511032,1.31130218505859E-02
1,1.77,0.516661482397467,1.19209289550781E-02
1,1.78,0.519994782283902,1.31130218505859E-02
1,1.79,0.523328082170337,1.37090682983398E-02
1,1.8,0.526661382056773,1.13248825073242E-02
1,1.81,0.529994681943208,9.5367431640625E-03
1,1.82,0.533327981829643,1.01327896118164E-02
1,1.83,0.536661281716079,7.74860382080078E-03
1,1.84,0.539994581602514,8.34465026855469E-03
1,1.85,0.543327881488949,5.36441802978516E-03
1,1.86,0.546661181375384,8.94069671630859E-03
1,1.87,0.54999448126182,7.15255737304688E-03
1,1.88,0.553327781148255,5.36441802978516E-03
1,1.89,0.55666108103469,2.98023223876953E-03
1,1.9,0.559994380921125,5.36441802978516E-03
1,1.91,0.563327680807561,5.36441802978516E-03
1,1.92,0.566660980693996,8.34465026855469E-03
1,1.93,0.569994280580431,5.96046447753906E-03
1,1.94,0.573327580466866,8.34465026855469E-03
1,1.95,0.576660880353302,4.76837158203125E-03
1,1.96,0.579994180239737,5.36441802978516E-03
1,1.97,0.583327480126172,4.17232513427734E-03
1,1.98,0.586660780012608,8.94069671630859E-03
1,1.99,0.589994079899043,4.76837158203125E-03
1,2,0.593327379785478,2.98023223876953E-03
1,2.01,0.596660679671913,3.57627868652344E-03
1,2.02,0.599993979558349,1.78813934326172E-03
1,2.03,0.603327279444784,0
1,2.04,0.606660579331219,1.19209289550781E-03
1,2.05,0.609993879217654,0
1,2.06,0.61332717910409,2.38418579101563E-03
1,2.07,0.616660478990525,-1.78813934326172E-03
1,2.08,0.61999377887696,0
1,2.09,0.623327078763396,5.96046447753906E-04
1,2.1,0.626660378649831,4.17232513427734E-03
1,2.11,0.629993678536266,3.57627868652344E-03
1,2.12,0.633326978422701,5.36441802978516E-03
1,2.13,0.636660278309137,2.38418579101563E-03
1,2.14,0.639993578195572,5.96046447753906E-03
1,2.15,0.643326878082007,5.36441802978516E-03
1,2.16,0.646660177968442,8.94069671630859E-03
1,2.17,0.649993477854878,7.15255737304688E-03
1,2.18,0.653326777741313,8.94069671630859E-03
1,2.19,0.656660077627748,1.01327896118164E-02
1,2.2,0.659993377514184,1.07288360595703E-02
1,2.21,0.663326677400619,1.01327896118164E-02
1,2.22,0.666659977287054,1.31130218505859E-02
1,2.23,0.669993277173489,1.13248825073242E-02
1,2.24,0.673326577059925,1.13248825073242E-02
1,2.25,0.67665987694636,8.34465026855469E-03
1,2.26,0.679993176832795,1.13248825073242E-02
1,2.27,0.68332647671923,1.43051147460938E-02
1,2.28,0.686659776605666,1.84774398803711E-02
1,2.29,0.689993076492101,2.02655792236328E-02
1,2.3,0.693326376378536,2.26497650146484E-02
1,2.31,0.696659676264971,2.14576721191406E-02
1,2.32,0.699992976151407,2.32458114624023E-02
1,2.33,0.703326276037842,1.84774398803711E-02
1,2.34,0.706659575924277,0.019073486328125
1,2.35,0.709992875810713,1.72853469848633E-02
1,2.36,0.713326175697148,1.43051147460938E-02
1,2.37,0.716659475583583,0.012516975402832
1,2.38,0.719992775470018,1.43051147460938E-02
1,2.39,0.723326075356454,1.13248825073242E-02
1,2.4,0.726659375242889,1.07288360595703E-02
1,2.41,0.729992675129324,8.34465026855469E-03
1,2.42,0.733325975015759,5.36441802978516E-03
1,2.43,0.736659274902195,4.17232513427734E-03
1,2.44,0.73999257478863,1.19209289550781E-03
1,2.45,0.743325874675065,5.96046447753906E-04
1,2.46,0.746659174561501,1.78813934326172E-03
1,2.47,0.749992474447936,4.76837158203125E-03
1,2.48,0.753325774334371,5.36441802978516E-03
1,2.49,0.756659074220806,8.94069671630859E-03
1,2.5,0.759992374107242,0.012516975402832
1,2.51,0.763325673993677,1.19209289550781E-02
1,2.52,0.766658973880112,1.78813934326172E-02
1,2.53,0.769992273766547,2.20537185668945E-02
1,2.54,0.773325573652983,1.84774398803711E-02
1,2.55,0.776658873539418,0.025629997253418
1,2.56,0.779992173425853,2.26497650146484E-02
1,2.57,0.783325473312289,0.025629997253418
1,2.58,0.786658773198724,0.025629997253418
1,2.59,0.789992073085159,2.44379043579102E-02
1,2.6,0.793325372971594,2.68220901489258E-02
1,2.61,0.79665867285803,2.68220901489258E-02
1,2.62,0.799991972744465,2.62260437011719E-02
1,2.63,0.8033252726309,2.74181365966797E-02
1,2.64,0.806658572517335,2.68220901489258E-02
1,2.65,0.809991872403771,2.02655792236328E-02
1,2.66,0.813325172290206,1.72853469848633E-02
1,2.67,0.816658472176641,1.54972076416016E-02
1,2.68,0.819991772063077,1.49011611938477E-02
1,2.69,0.823325071949512,1.49011611938477E-02
1,2.7,0.826658371835947,1.54972076416016E-02
1,2.71,0.829991671722382,1.01327896118164E-02
1,2.72,0.833324971608818,1.07288360595703E-02
1,2.73,0.836658271495253,5.96046447753906E-03
1,2.74,0.839991571381688,6.55651092529297E-03
1,2.75,0.843324871268123,4.76837158203125E-03
1,2.76,0.846658171154559,5.96046447753906E-04
1,2.77,0.849991471040994,1.19209289550781E-03
1,2.78,0.853324770927429,-5.96046447753906E-04
1,2.79,0.856658070813864,-4.76837158203125E-03
1,2.8,0.8599913707003,1.78813934326172E-03
1,2.81,0.863324670586735,-4.17232513427734E-03
1,2.82,0.86665797047317,-1.78813934326172E-03
1,2.83,0.869991270359606,-2.38418579101563E-03
1,2.84,0.873324570246041,5.96046447753906E-04
1,2.85,0.876657870132476,5.36441802978516E-03
1,2.86,0.879991170018911,8.94069671630859E-03
1,2.87,0.883324469905347,1.37090682983398E-02
1,2.88,0.886657769791782,1.31130218505859E-02
1,2.89,0.889991069678217,1.54972076416016E-02
1,2.9,0.893324369564652,1.78813934326172E-02
1,2.91,0.896657669451088,0.019073486328125
1,2.92,0.899990969337523,2.20537185668945E-02
1,2.93,0.903324269223958,1.84774398803711E-02
1,2.94,0.906657569110394,1.78813934326172E-02
1,2.95,0.909990868996829,1.54972076416016E-02
1,2.96,0.913324168883264,1.37090682983398E-02
1,2.97,0.916657468769699,1.19209289550781E-02
1,2.98,0.919990768656135,1.60932540893555E-02
1,2.99,0.92332406854257,1.66893005371094E-02
1,3,0.926657368429005,1.54972076416016E-02
1,3.01,0.92999066831544,0.012516975402832
1,3.02,0.933323968201876,1.31130218505859E-02
1,3.03,0.936657268088311,1.66893005371094E-02
1,3.04,0.939990567974746,1.84774398803711E-02
1,3.05,0.943323867861182,1.72853469848633E-02
1,3.06,0.946657167747617,1.66893005371094E-02
1,3.07,0.949990467634052,1.54972076416016E-02
1,3.08,0.953323767520487,1.54972076416016E-02
1,3.09,0.956657067406923,1.31130218505859E-02
1,3.1,0.959990367293358,1.60932540893555E-02
1,3.11,0.963323667179793,1.84774398803711E-02
1,3.12,0.966656967066228,0.019073486328125
1,3.13,0.969990266952664,1.66893005371094E-02
1,3.14,0.973323566839099,1.49011611938477E-02
1,3.15,0.976656866725534,0.012516975402832
1,3.16,0.979990166611969,1.43051147460938E-02
1,3.17,0.983323466498405,9.5367431640625E-03
1,3.18,0.98665676638484,8.94069671630859E-03
1,3.19,0.989990066271275,7.15255737304688E-03
1,3.2,0.993323366157711,8.34465026855469E-03
1,3.21,0.996656666044146,7.74860382080078E-03
1,3.22,0.999989965930581,9.5367431640625E-03
1,3.23,1.00332326581702,7.74860382080078E-03
1,3.24,1.00665656570345,0.012516975402832
1,3.25,1.00998986558989,1.07288360595703E-02
1,3.26,1.01332316547632,1.13248825073242E-02
1,3.27,1.01665646536276,7.15255737304688E-03
1,3.28,1.01998976524919,8.34465026855469E-03
1,3.29,1.02332306513563,1.01327896118164E-02
1,3.3,1.02665636502206,1.54972076416016E-02
1,3.31,1.0299896649085,1.54972076416016E-02
1,3.32,1.03332296479493,1.60932540893555E-02
1,3.33,1.03665626468137,1.84774398803711E-02
1,3.34,1.0399895645678,2.08616256713867E-02
1,3.35,1.04332286445424,0.025629997253418
1,3.36,1.04665616434067,2.92062759399414E-02
1,3.37,1.04998946422711,2.98023223876953E-02
1,3.38,1.05332276411355,2.62260437011719E-02
1,3.39,1.05665606399998,2.80141830444336E-02
1,3.4,1.05998936388642,2.38418579101563E-02
1,3.41,1.06332266377285,2.86102294921875E-02
1,3.42,1.06665596365929,2.68220901489258E-02
1,3.43,1.06998926354572,2.62260437011719E-02
1,3.44,1.07332256343216,2.20537185668945E-02
1,3.45,1.07665586331859,0.019073486328125
1,3.46,1.07998916320503,1.66893005371094E-02
1,3.47,1.08332246309146,1.49011611938477E-02
1,3.48,1.0866557629779,1.37090682983398E-02
1,3.49,1.08998906286433,1.49011611938477E-02
1,3.5,1.09332236275077,1.31130218505859E-02
1,3.51,1.0966556626372,1.19209289550781E-02
1,3.52,1.09998896252364,1.31130218505859E-02
1,3.53,1.10332226241007,0.012516975402832
1,3.54,1.10665556229651,1.13248825073242E-02
1,3.55,1.10998886218295,1.13248825073242E-02
1,3.56,1.11332216206938,5.96046447753906E-03
1,3.57,1.11665546195582,0.012516975402832
1,3.58,1.11998876184225,7.74860382080078E-03
1,3.59,1.12332206172869,1.07288360595703E-02
1,3.6,1.12665536161512,7.74860382080078E-03
1,3.61,1.13332196138799,8.94069671630859E-03
1,3.63,1.13665526127443,9.5367431640625E-03
1,3.64,1.13998856116086,8.94069671630859E-03
1,3.65,1.1433218610473,1.07288360595703E-02
1,3.66,1.14665516093373,9.5367431640625E-03
1,3.67,1.14998846082017,5.96046447753906E-03
1,3.68,1.1533217607066,8.94069671630859E-03
1,3.69,1.15665506059304,1.01327896118164E-02
1,3.7,1.16332166036591,8.34465026855469E-03
1,3.72,1.16665496025234,8.34465026855469E-03
1,3.73,1.16998826013878,6.55651092529297E-03
1,3.74,1.17665485991165,7.74860382080078E-03
1,3.75,1.17998815979809,8.94069671630859E-03
1,3.76,1.18332145968452,1.31130218505859E-02
1,3.77,1.18665475957096,0.012516975402832
1,3.78,1.18998805945739,1.54972076416016E-02
1,3.79,1.19332135934383,9.5367431640625E-03
1,3.8,1.19665465923026,1.07288360595703E-02
1,3.81,1.1999879591167,8.34465026855469E-03
1,3.83,1.20332125900313,5.96046447753906E-03
1,3.84,1.209987858776,2.98023223876953E-03
1,3.85,1.21332115866244,5.36441802978516E-03
1,3.86,1.21665445854887,2.38418579101563E-03
1,3.87,1.21998775843531,4.76837158203125E-03
1,3.88,1.22332105832174,7.15255737304688E-03
1,3.89,1.22665435820818,9.5367431640625E-03
1,3.9,1.22998765809461,1.19209289550781E-02
1,3.91,1.23332095798105,1.54972076416016E-02
1,3.92,1.23665425786749,1.37090682983398E-02
1,3.93,1.23998755775392,1.13248825073242E-02
1,3.94,1.24332085764036,1.31130218505859E-02
1,3.95,1.24665415752679,0.012516975402832
1,3.96,1.24998745741323,1.37090682983398E-02
1,3.97,1.25332075729966,1.54972076416016E-02
1,3.98,1.2566540571861,1.78813934326172E-02
1,3.99,1.25998735707253,1.37090682983398E-02
1,4,1.26332065695897,1.78813934326172E-02
1,4.01,1.2666539568454,1.49011611938477E-02
1,4.02,1.26998725673184,1.43051147460938E-02
1,4.03,1.27332055661827,0.012516975402832
1,4.04,1.27665385650471,1.19209289550781E-02
1,4.05,1.27998715639114,8.34465026855469E-03
1,4.06,1.28332045627758,7.74860382080078E-03
1,4.07,1.28665375616401,4.17232513427734E-03
1,4.08,1.28998705605045,3.57627868652344E-03
1,4.09,1.29332035593688,0
1,4.1,1.29665365582332,-3.57627868652344E-03
1,4.11,1.29998695570976,1.19209289550781E-03
1,4.12,1.30332025559619,2.98023223876953E-03
1,4.13,1.30665355548263,2.38418579101563E-03
1,4.14,1.30998685536906,2.98023223876953E-03
1,4.15,1.3133201552555,1.19209289550781E-03
1,4.16,1.31665345514193,-1.19209289550781E-03
1,4.17,1.31998675502837,0
1,4.18,1.3233200549148,0
1,4.19,1.32665335480124,-2.38418579101563E-03
1,4.2,1.32998665468767,-4.17232513427734E-03
1,4.21,1.33331995457411,-8.34465026855469E-03
1,4.22,1.33665325446054,-5.96046447753906E-03
1,4.23,1.33998655434698,-9.5367431640625E-03
1,4.24,1.34331985423341,-2.98023223876953E-03
1,4.25,1.34665315411985,-5.36441802978516E-03
1,4.26,1.34998645400628,-2.98023223876953E-03
1,4.27,1.35331975389272,0
1,4.28,1.35665305377916,0
1,4.29,1.35998635366559,1.19209289550781E-03
1,4.3,1.36331965355203,0
1,4.31,1.36665295343846,3.57627868652344E-03
1,4.32,1.3699862533249,6.55651092529297E-03
1,4.33,1.37331955321133,4.76837158203125E-03
1,4.34,1.37665285309777,3.57627868652344E-03
1,4.35,1.3799861529842,1.78813934326172E-03
1,4.36,1.38331945287064,1.19209289550781E-03
1,4.37,1.38665275275707,1.19209289550781E-03
1,4.38,1.38998605264351,5.96046447753906E-04
1,4.39,1.39331935252994,1.19209289550781E-03
1,4.4,1.39665265241638,-5.96046447753906E-04
1,4.41,1.39998595230281,4.76837158203125E-03
1,4.42,1.40331925218925,3.57627868652344E-03
1,4.43,1.40665255207568,8.34465026855469E-03
1,4.44,1.40998585196212,1.01327896118164E-02
1,4.45,1.41331915184855,7.15255737304688E-03
1,4.46,1.41665245173499,1.07288360595703E-02
1,4.47,1.41998575162143,9.5367431640625E-03
1,4.48,1.42331905150786,1.31130218505859E-02
1,4.49,1.4266523513943,1.60932540893555E-02
1,4.5,1.42998565128073,1.31130218505859E-02
1,4.51,1.43331895116717,1.49011611938477E-02
1,4.52,1.4366522510536,1.49011611938477E-02
1,4.53,1.43998555094004,1.66893005371094E-02
1,4.54,1.44331885082647,1.78813934326172E-02
1,4.55,1.44665215071291,1.19209289550781E-02
1,4.56,1.44998545059934,1.01327896118164E-02
1,4.57,1.45331875048578,1.13248825073242E-02
1,4.58,1.45665205037221,7.74860382080078E-03
1,4.59,1.45998535025865,0.012516975402832
1,4.6,1.46331865014508,1.19209289550781E-02
1,4.61,1.46665195003152,0.012516975402832
1,4.62,1.46998524991795,1.19209289550781E-02
1,4.63,1.47331854980439,1.13248825073242E-02
1,4.64,1.47665184969082,8.34465026855469E-03
1,4.65,1.47998514957726,8.94069671630859E-03
1,4.66,1.4833184494637,0.012516975402832
1,4.67,1.48665174935013,1.13248825073242E-02
1,4.68,1.48998504923657,0.012516975402832
1,4.69,1.493318349123,1.01327896118164E-02
1,4.7,1.49665164900944,8.94069671630859E-03
1,4.71,1.49998494889587,4.76837158203125E-03
1,4.72,1.50331824878231,7.15255737304688E-03
1,4.73,1.50665154866874,6.55651092529297E-03
1,4.74,1.50998484855518,9.5367431640625E-03
1,4.75,1.51331814844161,4.76837158203125E-03
1,4.76,1.51665144832805,8.34465026855469E-03
1,4.77,1.51998474821448,6.55651092529297E-03
1,4.78,1.52331804810092,8.34465026855469E-03
1,4.79,1.52665134798735,8.94069671630859E-03
1,4.8,1.52998464787379,1.07288360595703E-02
1,4.81,1.53331794776022,5.96046447753906E-03
1,4.82,1.53665124764666,7.15255737304688E-03
1,4.83,1.53998454753309,6.55651092529297E-03
1,4.84,1.54331784741953,7.74860382080078E-03
1,4.85,1.54665114730597,7.74860382080078E-03
1,4.86,1.5499844471924,1.07288360595703E-02
1,4.87,1.55331774707884,9.5367431640625E-03
1,4.88,1.55665104696527,1.19209289550781E-02
1,4.89,1.55998434685171,1.49011611938477E-02
1,4.9,1.56331764673814,1.66893005371094E-02
1,4.91,1.56665094662458,1.84774398803711E-02
1,4.92,1.56998424651101,2.02655792236328E-02
1,4.93,1.57331754639745,1.66893005371094E-02
1,4.94,1.57665084628388,1.43051147460938E-02
1,4.95,1.57998414617032,1.49011611938477E-02
1,4.96,1.58331744605675,1.54972076416016E-02
1,4.97,1.58665074594319,1.19209289550781E-02
1,4.98,1.58998404582962,1.31130218505859E-02
1,4.99,1.59331734571606,1.19209289550781E-02
1,5,1.59665064560249,9.5367431640625E-03
1,5.01,1.59998394548893,1.01327896118164E-02
1,5.02,1.60331724537537,7.74860382080078E-03
1,5.03,1.6066505452618,8.34465026855469E-03
1,5.04,1.60998384514824,5.36441802978516E-03
1,5.05,1.61331714503467,1.07288360595703E-02
1,5.06,1.61665044492111,1.07288360595703E-02
1,5.07,1.61998374480754,1.19209289550781E-02
1,5.08,1.62331704469398,0.012516975402832
1,5.09,1.62665034458041,1.31130218505859E-02
1,5.1,1.62998364446685,1.31130218505859E-02
1,5.11,1.63331694435328,1.72853469848633E-02
1,5.12,1.63665024423972,1.54972076416016E-02
1,5.13,1.63998354412615,1.66893005371094E-02
1,5.14,1.64331684401259,1.43051147460938E-02
1,5.15,1.64665014389902,0.012516975402832
1,5.16,1.64998344378546,7.74860382080078E-03
1,5.17,1.65331674367189,9.5367431640625E-03
1,5.18,1.65665004355833,1.78813934326172E-03
1,5.19,1.65998334344476,1.19209289550781E-03
1,5.2,1.6633166433312,1.19209289550781E-03
1,5.21,1.66664994321764,-2.38418579101563E-03
1,5.22,1.66998324310407,-2.98023223876953E-03
1,5.23,1.67331654299051,-2.98023223876953E-03
1,5.24,1.67664984287694,-1.78813934326172E-03
1,5.25,1.67998314276338,5.96046447753906E-04
1,5.26,1.68331644264981,2.38418579101563E-03
1,5.27,1.68664974253625,2.98023223876953E-03
1,5.28,1.68998304242268,1.19209289550781E-03
1,5.29,1.69331634230912,5.36441802978516E-03
1,5.3,1.69664964219555,4.76837158203125E-03
1,5.31,1.69998294208199,7.15255737304688E-03
1,5.32,1.70331624196842,8.34465026855469E-03
1,5.33,1.70664954185486,9.5367431640625E-03
1,5.34,1.70998284174129,8.94069671630859E-03
1,5.35,1.71331614162773,1.13248825073242E-02
1,5.36,1.71664944151416,1.37090682983398E-02
1,5.37,1.7199827414006,1.31130218505859E-02
1,5.38,1.72331604128703,1.19209289550781E-02
1,5.39,1.72664934117347,1.66893005371094E-02
1,5.4,1.72998264105991,1.60932540893555E-02
1,5.41,1.73331594094634,1.54972076416016E-02
1,5.42,1.73664924083278,1.37090682983398E-02
1,5.43,1.73998254071921,1.13248825073242E-02
1,5.44,1.74331584060565,1.43051147460938E-02
1,5.45,1.74664914049208,1.31130218505859E-02
1,5.46,1.74998244037852,1.31130218505859E-02
1,5.47,1.75331574026495,1.19209289550781E-02
1,5.48,1.75664904015139,1.01327896118164E-02
1,5.49,1.75998234003782,1.13248825073242E-02
1,5.5,1.76331563992426,1.01327896118164E-02
1,5.51,1.76664893981069,7.74860382080078E-03
1,5.52,1.76998223969713,4.76837158203125E-03
1,5.53,1.77331553958356,1.19209289550781E-03
1,5.54,1.77664883947,1.78813934326172E-03
1,5.55,1.77998213935643,-1.19209289550781E-03
1,5.56,1.78331543924287,8.34465026855469E-03
1,5.57,1.7866487391293,5.36441802978516E-03
1,5.58,1.78998203901574,5.36441802978516E-03
1,5.59,1.79331533890218,8.94069671630859E-03
1,5.6,1.79664863878861,4.17232513427734E-03
1,5.61,1.79998193867505,5.36441802978516E-03
1,5.62,1.80331523856148,2.98023223876953E-03
1,5.63,1.80664853844792,5.96046447753906E-03
1,5.64,1.80998183833435,5.36441802978516E-03
1,5.65,1.81331513822079,8.34465026855469E-03
1,5.66,1.81664843810722,8.34465026855469E-03
1,5.67,1.81998173799366,9.5367431640625E-03
1,5.68,1.82331503788009,1.31130218505859E-02
1,5.69,1.82664833776653,1.13248825073242E-02
1,5.7,1.82998163765296,1.01327896118164E-02
1,5.71,1.8333149375394,1.01327896118164E-02
1,5.72,1.83664823742583,5.96046447753906E-03
1,5.73,1.83998153731227,7.74860382080078E-03
1,5.74,1.8433148371987,8.94069671630859E-03
1,5.75,1.84664813708514,6.55651092529297E-03
1,5.76,1.84998143697158,1.07288360595703E-02
1,5.77,1.85331473685801,8.34465026855469E-03
1,5.78,1.85664803674445,1.43051147460938E-02
1,5.79,1.85998133663088,1.07288360595703E-02
1,5.8,1.86331463651732,1.31130218505859E-02
1,5.81,1.86664793640375,1.07288360595703E-02
1,5.82,1.86998123629019,1.07288360595703E-02
1,5.83,1.87331453617662,7.74860382080078E-03
1,5.84,1.87664783606306,1.07288360595703E-02
1,5.85,1.87998113594949,1.19209289550781E-02
1,5.86,1.88331443583593,1.54972076416016E-02
1,5.87,1.88664773572236,1.37090682983398E-02
1,5.88,1.8899810356088,1.37090682983398E-02
1,5.89,1.89331433549523,1.19209289550781E-02
1,5.9,1.89664763538167,1.13248825073242E-02
1,5.91,1.8999809352681,1.13248825073242E-02
1,5.92,1.90331423515454,1.13248825073242E-02
1,5.93,1.90664753504097,1.01327896118164E-02
1,5.94,1.90998083492741,1.13248825073242E-02
1,5.95,1.91331413481385,1.13248825073242E-02
1,5.96,1.91664743470028,1.01327896118164E-02
1,5.97,1.91998073458672,0.012516975402832
1,5.98,1.92331403447315,1.37090682983398E-02
1,5.99,1.92664733435959,1.49011611938477E-02
1,6,1.92998063424602,1.78813934326172E-02
1,6.01,1.93331393413246,0.019073486328125
1,6.02,1.93664723401889,0.019073486328125
1,6.03,1.93998053390533,1.78813934326172E-02
1,6.04,1.94331383379176,1.84774398803711E-02
1,6.05,1.9466471336782,1.60932540893555E-02
1,6.06,1.94998043356463,1.54972076416016E-02
1,6.07,1.95331373345107,1.66893005371094E-02
1,6.08,1.9566470333375,1.84774398803711E-02
1,6.09,1.95998033322394,1.84774398803711E-02
1,6.1,1.96331363311037,1.78813934326172E-02
1,6.11,1.96664693299681,1.54972076416016E-02
1,6.12,1.96998023288324,1.49011611938477E-02
1,6.13,1.97331353276968,1.19209289550781E-02
1,6.14,1.97664683265612,1.19209289550781E-02
1,6.15,1.97998013254255,0.012516975402832
1,6.16,1.98331343242899,8.94069671630859E-03
1,6.17,1.98664673231542,8.34465026855469E-03
1,6.18,1.98998003220186,1.78813934326172E-03
1,6.19,1.99331333208829,-5.96046447753906E-04
1,6.2,1.99664663197473,1.19209289550781E-03
1,6.21,1.99997993186116,-1.19209289550781E-03
1,6.22,2.0033132317476,-1.78813934326172E-03
1,6.23,2.00664653163403,-3.57627868652344E-03
1,6.24,2.00997983152047,-3.57627868652344E-03
1,6.25,2.0133131314069,-2.98023223876953E-03
1,6.26,2.01664643129334,-1.19209289550781E-03
1,6.27,2.01997973117977,2.38418579101563E-03
1,6.28,2.02331303106621,1.19209289550781E-03
1,6.29,2.02664633095264,5.36441802978516E-03
1,6.3,2.02997963083908,4.76837158203125E-03
1,6.31,2.03331293072552,9.5367431640625E-03
1,6.32,2.03664623061195,1.01327896118164E-02
1,6.33,2.03997953049839,1.60932540893555E-02
1,6.34,2.04331283038482,2.32458114624023E-02
1,6.35,2.04664613027126,2.44379043579102E-02
1,6.36,2.04997943015769,2.98023223876953E-02
1,6.37,2.05331273004413,3.57627868652344E-02
1,6.38,2.05664602993056,4.76837158203125E-02
1,6.39,2.059979329817,0.057220458984375
1,6.4,2.06331262970343,6.85453414916992E-02
1,6.41,2.06664592958987,7.80820846557617E-02
1,6.42,2.0699792294763,9.47713851928711E-02
1,6.43,2.07331252936274,0.107884407043457
1,6.44,2.07664582924917,0.122189521789551
1,6.45,2.07997912913561,0.136494636535645
1,6.46,2.08331242902204,0.153779983520508
1,6.47,2.08664572890848,0.169873237609863
1,6.48,2.08997902879491,0.187158584594727
1,6.49,2.09331232868135,0.209212303161621
1,6.5,2.09664562856779,0.22590160369873
1,6.51,2.09997892845422,0.247955322265625
1,6.52,2.10331222834066,0.26702880859375
1,6.53,2.10664552822709,0.287890434265137
1,6.54,2.10997882811353,0.306367874145508
1,6.55,2.11331212799996,0.321269035339355
1,6.56,2.1166454278864,0.341534614562988
1,6.57,2.11997872777283,0.361204147338867
1,6.58,2.12331202765927,0.382661819458008
1,6.59,2.1266453275457,0.396370887756348
1,6.6,2.12997862743214,0.413656234741211
1,6.61,2.13331192731857,0.429749488830566
1,6.62,2.13664522720501,0.452399253845215
1,6.63,2.13997852709144,0.467896461486816
1,6.64,2.14331182697788,0.489950180053711
1,6.65,2.14664512686431,0.502467155456543
1,6.66,2.14997842675075,0.52332878112793
1,6.67,2.15331172663718,0.53703784942627
1,6.68,2.15664502652362,0.557303428649902
1,6.69,2.15997832641006,0.57518482208252
1,6.7,2.16331162629649,0.597834587097168
1,6.71,2.16664492618293,0.616908073425293
1,6.72,2.16997822606936,0.632405281066895
1,6.73,2.1733115259558,0.650286674499512
1,6.74,2.17664482584223,0.668764114379883
1,6.75,2.17997812572867,0.683069229125977
1,6.76,2.1833114256151,0.707507133483887
1,6.77,2.18664472550154,0.725388526916504
1,6.78,2.18997802538797,0.744462013244629
1,6.79,2.19331132527441,0.761747360229492
1,6.8,2.19664462516084,0.782012939453125
1,6.81,2.19997792504728,0.798702239990234
1,6.82,2.20331122493371,0.816583633422852
1,6.83,2.20664452482015,0.838041305541992
1,6.84,2.20997782470658,0.855326652526855
1,6.85,2.21331112459302,0.874996185302734
1,6.86,2.21664442447945,0.893473625183105
1,6.87,2.21997772436589,0.914335250854492
1,6.88,2.22331102425233,0.935792922973633
1,6.89,2.22664432413876,0.95367431640625
1,6.9,2.2299776240252,0.972747802734375
1,6.91,2.23331092391163,0.990033149719238
1,6.92,2.23664422379807,1.00672245025635
1,6.93,2.2399775236845,1.02519989013672
1,6.94,2.24331082357094,1.04427337646484
1,6.95,2.24664412345737,1.0603666305542
1,6.96,2.24997742334381,1.07645988464355
1,6.97,2.25331072323024,1.09255313873291
1,6.98,2.25664402311668,1.1056661605835
1,6.99,2.25997732300311,1.12175941467285
1,7,2.26331062288955,1.13904476165771
1,7.01,2.26664392277598,1.15752220153809
1,7.02,2.26997722266242,1.17719173431396
1,7.03,2.27331052254885,1.1909008026123
1,7.04,2.27664382243529,1.21116638183594
1,7.05,2.27997712232172,1.2284517288208
1,7.06,2.28331042220816,1.24633312225342
1,7.07,2.2866437220946,1.26481056213379
1,7.08,2.28997702198103,1.2814998626709
1,7.09,2.29331032186747,1.29580497741699
1,7.1,2.2966436217539,1.3124942779541
1,7.11,2.29997692164034,1.32977962493896
1,7.12,2.30331022152677,1.34766101837158
1,7.13,2.30664352141321,1.36435031890869
1,7.14,2.31331012118608,1.37805938720703
1,7.16,2.31664342107251,1.4108419418335
1,7.17,2.32331002084538,1.42276287078857
1,7.18,2.32664332073182,1.44064426422119
1,7.19,2.32997662061825,1.45554542541504
1,7.2,2.33330992050469,1.47104263305664
1,7.22,2.33664322039112,1.50501728057861
1,7.23,2.343309820164,1.52170658111572
1,7.24,2.34664312005043,1.54078006744385
1,7.25,2.34997641993687,1.55925750732422
1,7.26,2.3533097198233,1.57296657562256
1,7.27,2.35664301970974,1.58905982971191
1,7.28,2.35997631959617,1.6099214553833
1,7.29,2.36330961948261,1.62839889526367
1,7.3,2.36664291936904,1.6486644744873
1,7.32,2.37330951914191,1.68502330780029
1,7.33,2.37664281902835,1.7017126083374
1,7.34,2.37997611891478,1.72197818756104
1,7.35,2.38330941880122,1.7392635345459
1,7.36,2.38664271868765,1.75893306732178
1,7.37,2.38997601857409,1.77621841430664
1,7.38,2.39330931846052,1.79290771484375
1,7.39,2.39664261834696,1.8078088760376
1,7.4,2.39997591823339,1.82390213012695
1,7.41,2.40330921811983,1.84118747711182
1,7.42,2.40664251800627,1.85966491699219
1,7.43,2.4099758178927,1.8763542175293
1,7.44,2.41330911777914,1.89006328582764
1,7.45,2.41664241766557,1.9073486328125
1,7.46,2.41997571755201,1.92224979400635
1,7.47,2.42330901743844,1.93774700164795
1,7.48,2.42664231732488,1.95503234863281
1,7.49,2.42997561721131,1.96695327758789
1,7.5,2.43330891709775,1.98543071746826
1,7.51,2.43664221698418,2.00152397155762
1,7.52,2.43997551687062,2.01821327209473
1,7.53,2.44330881675705,2.03430652618408
1,7.54,2.44664211664349,2.05516815185547
1,7.55,2.44997541652992,2.07245349884033
1,7.56,2.45330871641636,2.0897388458252
1,7.57,2.45664201630279,2.10225582122803
1,7.58,2.45997531618923,2.11715698242188
1,7.59,2.46330861607566,2.13325023651123
1,7.6,2.4666419159621,2.15053558349609
1,7.61,2.46997521584854,2.16841697692871
1,7.62,2.47330851573497,2.1827220916748
1,7.63,2.47664181562141,2.19762325286865
1,7.64,2.47997511550784,2.20954418182373
1,7.65,2.48330841539428,2.22682952880859
1,7.66,2.48664171528071,2.24113464355469
1,7.67,2.48997501516715,2.25841999053955
1,7.68,2.49330831505358,2.27093696594238
1,7.69,2.49664161494002,2.28643417358398
1,7.7,2.49997491482645,2.30908393859863
1,7.71,2.50330821471289,2.32696533203125
1,7.72,2.50664151459932,2.3496150970459
1,7.73,2.50997481448576,2.36749649047852
1,7.74,2.51330811437219,2.38656997680664
1,7.75,2.51664141425863,2.40325927734375
1,7.76,2.51997471414506,2.42114067077637
1,7.77,2.5233080140315,2.43842601776123
1,7.78,2.52664131391793,2.45511531829834
1,7.79,2.52997461380437,2.46822834014893
1,7.8,2.53330791369081,2.48312950134277
1,7.81,2.53664121357724,2.49385833740234
1,7.82,2.53997451346368,2.50816345214844
1,7.83,2.54330781335011,2.52425670623779
1,7.84,2.54664111323655,2.53975391387939
1,7.85,2.54997441312298,2.555251121521
1,7.86,2.55330771300942,2.56955623626709
1,7.87,2.55664101289585,2.58922576904297
1,7.88,2.55997431278229,2.59935855865479
1,7.89,2.56330761266872,2.61783599853516
1,7.9,2.56664091255516,2.63452529907227
1,7.91,2.56997421244159,2.65419483184814
1,7.92,2.57330751232803,2.67326831817627
1,7.93,2.57664081221446,2.6857852935791
1,7.94,2.5799741121009,2.7012825012207
1,7.95,2.58330741198733,2.72035598754883
1,7.96,2.58664071187377,2.74002552032471
1,7.97,2.58997401176021,2.75492668151855
1,7.98,2.59330731164664,2.76803970336914
1,7.99,2.59664061153308,2.78353691101074
1,8,2.59997391141951,2.79664993286133
1,8.01,2.60330721130595,2.81751155853271
1,8.02,2.60664051119238,2.83122062683105
1,8.03,2.60997381107882,2.85089015960693
1,8.04,2.61330711096525,2.86519527435303
1,8.05,2.61664041085169,2.88248062133789
1,8.06,2.61997371073812,2.90095806121826
1,8.07,2.62330701062456,2.91824340820313
1,8.08,2.62664031051099,2.93374061584473
1,8.09,2.62997361039743,2.94685363769531
1,8.1,2.63330691028386,2.96592712402344
1,8.11,2.6366402101703,2.97904014587402
1,8.12,2.63997351005673,2.99930572509766
1,8.13,2.64330680994317,3.01718711853027
1,8.14,2.6466401098296,3.03506851196289
1,8.15,2.64997340971604,3.05294990539551
1,8.16,2.65330670960248,3.07023525238037
1,8.17,2.65664000948891,3.08394432067871
1,8.18,2.65997330937535,3.10242176055908
1,8.19,2.66330660926178,3.1203031539917
1,8.2,2.66663990914822,3.14176082611084
1,8.21,2.66997320903465,3.15964221954346
1,8.22,2.67330650892109,3.1733512878418
1,8.23,2.67663980880752,3.19421291351318
1,8.24,2.67997310869396,3.21030616760254
1,8.25,2.68330640858039,3.22997570037842
1,8.26,2.68663970846683,3.24606895446777
1,8.27,2.68997300835326,3.2651424407959
1,8.28,2.6933063082397,3.28123569488525
1,8.29,2.69663960812613,3.29971313476563
1,8.3,2.69997290801257,3.31580638885498
1,8.31,2.703306207899,3.33786010742188
1,8.32,2.70663950778544,3.35872173309326
1,8.33,2.70997280767187,3.37839126586914
1,8.34,2.71330610755831,3.40044498443604
1,8.35,2.71663940744475,3.41534614562988
1,8.36,2.71997270733118,3.43501567840576
1,8.37,2.72330600721762,3.45408916473389
1,8.38,2.72663930710405,3.47554683685303
1,8.39,2.72997260699049,3.49342823028564
1,8.4,2.73330590687692,3.51369380950928
1,8.41,2.73663920676336,3.52978706359863
1,8.42,2.73997250664979,3.54766845703125
1,8.43,2.74330580653623,3.56495380401611
1,8.44,2.74663910642266,3.58104705810547
1,8.45,2.7499724063091,3.59833240509033
1,8.46,2.75330570619553,3.61442565917969
1,8.47,2.75663900608197,3.63409519195557
1,8.48,2.7599723059684,3.64542007446289
1,8.49,2.76330560585484,3.66568565368652
1,8.5,2.76663890574127,3.68177890777588
1,8.51,2.76997220562771,3.70025634765625
1,8.52,2.77330550551414,3.71634960174561
1,8.53,2.77663880540058,3.73303890228271
1,8.54,2.77997210528702,3.75092029571533
1,8.55,2.78330540517345,3.77058982849121
1,8.56,2.78663870505989,3.79085540771484
1,8.57,2.78997200494632,3.80814075469971
1,8.58,2.79330530483276,3.82840633392334
1,8.59,2.79663860471919,3.8444995880127
1,8.6,2.79997190460563,3.86714935302734
1,8.61,2.80330520449206,3.88383865356445
1,8.62,2.8066385043785,3.90291213989258
1,8.63,2.80997180426493,3.91840934753418
1,8.64,2.81330510415137,3.9374828338623
1,8.65,2.8166384040378,3.95417213439941
1,8.66,2.81997170392424,3.97026538848877
1,8.67,2.82330500381067,3.98814678192139
1,8.68,2.82663830369711,4.00066375732422
1,8.69,2.82997160358354,4.02152538299561
1,8.7,2.83330490346998,4.03940677642822
1,8.71,2.83663820335642,4.05251979827881
1,8.72,2.83997150324285,4.06920909881592
1,8.73,2.84330480312929,4.08828258514404
1,8.74,2.84663810301572,4.10795211791992
1,8.75,2.84997140290216,4.11927700042725
1,8.76,2.85330470278859,4.13596630096436
1,8.77,2.85663800267503,4.15384769439697
1,8.78,2.85997130256146,4.16994094848633
1,8.79,2.8633046024479,4.18126583099365
1,8.8,2.86663790233433,4.19974327087402
1,8.81,2.86997120222077,4.21106815338135
1,8.82,2.8733045021072,4.22298908233643
1,8.83,2.87663780199364,4.2414665222168
1,8.84,2.87997110188007,4.25755977630615
1,8.85,2.88330440176651,4.2724609375
1,8.86,2.88663770165294,4.29332256317139
1,8.87,2.88997100153938,4.30643558502197
1,8.88,2.89330430142581,4.32491302490234
1,8.89,2.89663760131225,4.33862209320068
1,8.9,2.89997090119869,4.35888767242432
1,8.91,2.90330420108512,4.37259674072266
1,8.92,2.90663750097156,4.39226627349854
1,8.93,2.90997080085799,4.41074371337891
1,8.94,2.91330410074443,4.42385673522949
1,8.95,2.91663740063086,4.44233417510986
1,8.96,2.9199707005173,4.4560432434082
1,8.97,2.92330400040373,4.47213649749756
1,8.98,2.92663730029017,4.49001789093018
1,8.99,2.9299706001766,4.49955463409424
1,9,2.93330390006304,4.51624393463135
1,9.01,2.93663719994947,4.53054904937744
1,9.02,2.93997049983591,4.54604625701904
1,9.03,2.94330379972234,4.55915927886963
1,9.04,2.94663709960878,4.57406044006348
1,9.05,2.94997039949521,4.58896160125732
1,9.06,2.95330369938165,4.6008825302124
1,9.07,2.95663699926808,4.61816787719727
1,9.08,2.95997029915452,4.63664531707764
1,9.09,2.96330359904096,4.65214252471924
1,9.1,2.96663689892739,4.66287136077881
1,9.11,2.96997019881383,4.67836856842041
1,9.12,2.97330349870026,4.68969345092773
1,9.13,2.9766367985867,4.70161437988281
1,9.14,2.97997009847313,4.71413135528564
1,9.15,2.98330339835957,4.72843647003174
1,9.16,2.986636698246,4.73916530609131
1,9.17,2.98996999813244,4.75406646728516
1,9.18,2.99330329801887,4.76598739624023
1,9.19,2.99663659790531,4.7767162322998
1,9.2,2.99996989779174,4.79042530059814
1,9.21,3.00330319767818,4.80711460113525
1,9.22,3.00663649756461,4.81963157653809
1,9.23,3.00996979745105,4.83512878417969
1,9.24,3.01330309733748,4.84824180603027
1,9.25,3.01663639722392,4.86433506011963
1,9.26,3.01996969711035,4.87565994262695
1,9.27,3.02330299699679,4.89532947540283
1,9.28,3.02663629688323,4.90903854370117
1,9.29,3.02996959676966,4.9203634262085
1,9.3,3.0333028966561,4.93884086608887
1,9.31,3.03663619654253,4.95374202728271
1,9.32,3.03996949642897,4.96625900268555
1,9.33,3.0433027963154,4.98354434967041
1,9.34,3.04663609620184,4.99546527862549
1,9.35,3.04996939608827,5.00798225402832
1,9.36,3.05330269597471,5.02049922943115
1,9.37,3.05663599586114,5.035400390625
1,9.38,3.05996929574758,5.05030155181885
1,9.39,3.06330259563401,5.06401062011719
1,9.4,3.06663589552045,5.08368015289307
1,9.41,3.06996919540688,5.09858131408691
1,9.42,3.07330249529332,5.11586666107178
1,9.43,3.07663579517975,5.12778759002686
1,9.44,3.07996909506619,5.14090061187744
1,9.45,3.08330239495263,5.16057014465332
1,9.46,3.08663569483906,5.17785549163818
1,9.47,3.0899689947255,5.19216060638428
1,9.48,3.09330229461193,5.20884990692139
1,9.49,3.09663559449837,5.226731300354
1,9.5,3.0999688943848,5.23924827575684
1,9.51,3.10330219427124,5.25474548339844
1,9.52,3.10663549415767,5.26905059814453
1,9.53,3.10996879404411,5.28573989868164
1,9.54,3.11330209393054,5.30004501342773
1,9.55,3.11663539381698,5.31315803527832
1,9.56,3.11996869370341,5.33342361450195
1,9.57,3.12330199358985,5.34772872924805
1,9.58,3.12663529347628,5.36859035491943
1,9.59,3.12996859336272,5.38468360900879
1,9.6,3.13330189324915,5.40196895599365
1,9.61,3.13663519313559,5.41448593139648
1,9.62,3.13996849302202,5.42938709259033
1,9.63,3.14330179290846,5.44250011444092
1,9.64,3.1466350927949,5.45859336853027
1,9.65,3.14996839268133,5.47349452972412
1,9.66,3.15330169256777,5.4854154586792
1,9.67,3.1566349924542,5.49793243408203
1,9.68,3.15996829234064,5.51521778106689
1,9.69,3.16330159222707,5.53369522094727
1,9.7,3.16663489211351,5.54859638214111
1,9.71,3.16996819199994,5.56230545043945
1,9.72,3.17330149188638,5.57541847229004
1,9.73,3.17663479177281,5.58793544769287
1,9.74,3.17996809165925,5.60164451599121
1,9.75,3.18330139154568,5.6159496307373
1,9.76,3.18663469143212,5.62727451324463
1,9.77,3.18996799131855,5.64515590667725
1,9.78,3.19330129120499,5.65588474273682
1,9.79,3.19663459109142,5.67257404327393
1,9.8,3.19996789097786,5.69045543670654
1,9.81,3.20330119086429,5.69939613342285
1,9.82,3.20663449075073,5.71727752685547
1,9.83,3.20996779063717,5.73396682739258
1,9.84,3.2133010905236,5.7452917098999
1,9.85,3.21663439041004,5.76376914978027
1,9.86,3.21996769029647,5.78105449676514
1,9.87,3.22330099018291,5.79416751861572
1,9.88,3.22663429006934,5.81443309783936
1,9.89,3.22996758995578,5.82873821258545
1,9.9,3.23330088984221,5.84423542022705
1,9.91,3.23663418972865,5.85675239562988
1,9.92,3.23996748961508,5.8746337890625
1,9.93,3.24330078950152,5.89072704315186
1,9.94,3.24663408938795,5.9056282043457
1,9.95,3.24996738927439,5.9211254119873
1,9.96,3.25330068916082,5.93602657318115
1,9.97,3.25663398904726,5.94854354858398
1,9.98,3.25996728893369,5.96821308135986
1,9.99,3.26330058882013,5.98132610321045
1,10,3.26663388870656,5.99563121795654
1,10.01,3.269967188593,6.00934028625488
1,10.02,3.27330048847944,6.0194730758667
1,10.03,3.27663378836587,6.0349702835083
1,10.04,3.27996708825231,6.04689121246338
1,10.05,3.28330038813874,6.06238842010498
1,10.06,3.28663368802518,6.07967376708984
1,10.07,3.28996698791161,6.09278678894043
1,10.08,3.29330028779805,6.103515625
1,10.09,3.29663358768448,6.11722469329834
1,10.1,3.29996688757092,6.12974166870117
1,10.11,3.30330018745735,6.14047050476074
1,10.12,3.30663348734379,6.15596771240234
1,10.13,3.30996678723022,6.17086887359619
1,10.14,3.31330008711666,6.1875581741333
1,10.15,3.31663338700309,6.19888305664063
1,10.16,3.31996668688953,6.21676445007324
1,10.17,3.32329998677596,6.23524188995361
1,10.18,3.3266332866624,6.25014305114746
1,10.19,3.32996658654884,6.2638521194458
1,10.2,3.33329988643527,6.28232955932617
1,10.21,3.33663318632171,6.29425048828125
1,10.22,3.33996648620814,6.3091516494751
1,10.23,3.34329978609458,6.31928443908691
1,10.24,3.34663308598101,6.33299350738525
1,10.25,3.34996638586745,6.34670257568359
1,10.26,3.35329968575388,6.3621997833252
1,10.27,3.35663298564032,6.37173652648926
1,10.28,3.35996628552675,6.39081001281738
1,10.29,3.36329958541319,6.40630722045898
1,10.3,3.36663288529962,6.42299652099609
1,10.31,3.36996618518606,6.43312931060791
1,10.32,3.37329948507249,6.45101070404053
1,10.33,3.37663278495893,6.46412372589111
1,10.34,3.37996608484536,6.48140907287598
1,10.35,3.3832993847318,6.49452209472656
1,10.36,3.38663268461823,6.51538372039795
1,10.37,3.38996598450467,6.5302848815918
1,10.38,3.39329928439111,6.54458999633789
1,10.39,3.39663258427754,6.55531883239746
1,10.4,3.39996588416398,6.57200813293457
1,10.41,3.40329918405041,6.59167766571045
1,10.42,3.40663248393685,6.60359859466553
1,10.43,3.40996578382328,6.6143274307251
1,10.44,3.41329908370972,6.62803649902344
1,10.45,3.41663238359615,6.63936138153076
1,10.46,3.41996568348259,6.6530704498291
1,10.47,3.42329898336902,6.66320323944092
1,10.48,3.42663228325546,6.67929649353027
1,10.49,3.43329888302833,6.68764114379883
1,10.51,3.43663218291476,6.71267509460449
1,10.52,3.4399654828012,6.72757625579834
1,10.53,3.44329878268763,6.73949718475342
1,10.54,3.44663208257407,6.75022602081299
1,10.55,3.45329868234694,6.7591667175293
1,10.57,3.45663198223338,6.77883625030518
1,10.58,3.46329858200625,6.79194927215576
1,10.59,3.46663188189268,6.80148601531982
1,10.61,3.46996518177912,6.82473182678223
1,10.62,3.47663178155199,6.8354606628418
1,10.63,3.47996508143842,6.85214996337891
1,10.64,3.48329838132486,6.87062740325928
1,10.65,3.48663168121129,6.88433647155762
1,10.66,3.48996498109773,6.89923763275146
1,10.67,3.49329828098416,6.91413879394531
1,10.68,3.4966315808706,6.93023204803467
1,10.69,3.49996488075703,6.94096088409424
1,10.7,3.50329818064347,6.95526599884033
1,10.71,3.5066314805299,6.96659088134766
1,10.72,3.50996478041634,6.97731971740723
1,10.73,3.51329808030277,6.98447227478027
1,10.74,3.51663138018921,6.9957971572876
1,10.75,3.51996468007565,7.0035457611084
1,10.76,3.52329797996208,7.01487064361572
1,10.77,3.52663127984852,7.02500343322754
1,10.78,3.52996457973495,7.03513622283936
1,10.79,3.53329787962139,7.03930854797363
1,10.8,3.53663117950782,7.0565938949585
1,10.81,3.53996447939426,7.06732273101807
1,10.82,3.54329777928069,7.08222389221191
1,10.83,3.54663107916713,7.0953369140625
1,10.84,3.54996437905356,7.11202621459961
1,10.85,3.55329767894,7.11917877197266
1,10.86,3.55663097882643,7.13765621185303
1,10.87,3.55996427871287,7.15255737304688
1,10.88,3.5632975785993,7.16805458068848
1,10.89,3.56663087848574,7.18832015991211
1,10.9,3.56996417837217,7.20024108886719
1,10.91,3.57329747825861,7.21335411071777
1,10.92,3.57663077814505,7.22706317901611
1,10.93,3.57996407803148,7.24375247955322
1,10.94,3.58329737791792,7.25507736206055
1,10.95,3.58663067780435,7.26759433746338
1,10.96,3.58996397769079,7.28130340576172
1,10.97,3.59329727757722,7.29203224182129
1,10.98,3.59663057746366,7.30454921722412
1,10.99,3.59996387735009,7.32004642486572
1,11,3.60329717723653,7.33554363250732
1,11.01,3.60663047712296,7.35223293304443
1,11.02,3.6099637770094,7.36832618713379
1,11.03,3.61329707689583,7.38263130187988
1,11.04,3.61663037678227,7.39872455596924
1,11.05,3.6199636766687,7.41183757781982
1,11.06,3.62329697655514,7.42793083190918
1,11.07,3.62663027644157,7.4392557144165
1,11.08,3.62996357632801,7.45475292205811
1,11.09,3.63329687621445,7.4613094329834
1,11.1,3.63663017610088,7.47621059417725
1,11.11,3.63996347598732,7.48634338378906
1,11.12,3.64329677587375,7.50184059143066
1,11.13,3.64663007576019,7.51316547393799
1,11.14,3.64996337564662,7.52687454223633
1,11.15,3.65329667553306,7.53879547119141
1,11.16,3.65662997541949,7.55429267883301
1,11.17,3.65996327530593,7.57157802581787
1,11.18,3.66329657519236,7.58767127990723
1,11.19,3.6666298750788,7.60316848754883
1,11.2,3.66996317496523,7.62104988098145
1,11.21,3.67329647485167,7.63177871704102
1,11.22,3.6766297747381,7.64548778533936
1,11.23,3.67996307462454,7.66098499298096
1,11.24,3.68329637451097,7.67886638641357
1,11.25,3.68662967439741,7.69317150115967
1,11.26,3.68996297428384,7.70688056945801
1,11.27,3.69329627417028,7.72476196289063
1,11.28,3.69662957405671,7.74085521697998
1,11.29,3.69996287394315,7.75754451751709
1,11.3,3.70329617382959,7.76767730712891
1,11.31,3.70662947371602,7.78317451477051
1,11.32,3.70996277360246,7.79926776885986
1,11.33,3.71329607348889,7.81416893005371
1,11.34,3.71662937337533,7.82608985900879
1,11.35,3.71996267326176,7.84099102020264
1,11.36,3.7232959731482,7.8582763671875
1,11.37,3.72662927303463,7.86900520324707
1,11.38,3.72996257292107,7.88629055023193
1,11.39,3.7332958728075,7.90119171142578
1,11.4,3.73662917269394,7.91430473327637
1,11.41,3.73996247258037,7.92264938354492
1,11.42,3.74329577246681,7.93695449829102
1,11.43,3.74662907235324,7.94887542724609
1,11.44,3.74996237223968,7.95662403106689
1,11.45,3.75329567212611,7.97033309936523
1,11.46,3.75662897201255,7.98165798187256
1,11.47,3.75996227189898,7.99477100372314
1,11.48,3.76329557178542,8.00848007202148
1,11.49,3.76662887167186,8.02099704742432
1,11.5,3.76996217155829,8.03887844085693
1,11.51,3.77329547144473,8.05020332336426
1,11.52,3.77662877133116,8.06927680969238
1,11.53,3.7799620712176,8.08596611022949
1,11.54,3.78329537110403,8.10682773590088
1,11.55,3.78662867099047,8.12411308288574
1,11.56,3.7899619708769,8.14199447631836
1,11.57,3.79329527076334,8.15927982330322
1,11.58,3.79662857064977,8.17239284515381
1,11.59,3.79996187053621,8.19027423858643
1,11.6,3.80329517042264,8.20279121398926
1,11.61,3.80662847030908,8.21828842163086
1,11.62,3.80996177019551,8.2319974899292
1,11.63,3.81329507008195,8.24868679046631
1,11.64,3.81662836996838,8.26120376586914
1,11.65,3.81996166985482,8.27670097351074
1,11.66,3.82329496974126,8.29219818115234
1,11.67,3.82662826962769,8.30411911010742
1,11.68,3.82996156951413,8.31723213195801
1,11.69,3.83329486940056,8.32676887512207
1,11.7,3.836628169287,8.34226608276367
1,11.71,3.83996146917343,8.35299491882324
1,11.72,3.84329476905987,8.3690881729126
1,11.73,3.8466280689463,8.37922096252441
1,11.74,3.84996136883274,8.39173793792725
1,11.75,3.85329466871917,8.40067863464355
1,11.76,3.85662796860561,8.41617584228516
1,11.77,3.85996126849204,8.42571258544922
1,11.78,3.86329456837848,8.44001770019531
1,11.79,3.86662786826491,8.45134258270264
1,11.8,3.86996116815135,8.46803188323975
1,11.81,3.87329446803778,8.48174095153809
1,11.82,3.87662776792422,8.49723815917969
1,11.83,3.87996106781066,8.50915908813477
1,11.84,3.88329436769709,8.52286815643311
1,11.85,3.88662766758353,8.53598117828369
1,11.86,3.88996096746996,8.5526704788208
1,11.87,3.8932942673564,8.56578350067139
1,11.88,3.89662756724283,8.57889652252197
1,11.89,3.89996086712927,8.59379768371582
1,11.9,3.9032941670157,8.60452651977539
1,11.91,3.90662746690214,8.62300395965576
1,11.92,3.90996076678857,8.63790512084961
1,11.93,3.91329406667501,8.65161418914795
1,11.94,3.91662736656144,8.66174697875977
1,11.95,3.91996066644788,8.6742639541626
1,11.96,3.92329396633431,8.68380069732666
1,11.97,3.92662726622075,8.69631767272949
1,11.98,3.92996056610718,8.7052583694458
1,11.99,3.93329386599362,8.71896743774414
1,12,3.93662716588005,8.7273120880127
1,12.01,3.93996046576649,8.73982906341553
1,12.02,3.94329376565293,8.7505578994751
1,12.03,3.94662706553936,8.76367092132568
1,12.04,3.9499603654258,8.77916812896729
1,12.05,3.95329366531223,8.79168510437012
1,12.06,3.95662696519867,8.80599021911621
1,12.07,3.9599602650851,8.81493091583252
1,12.08,3.96329356497154,8.83162021636963
1,12.09,3.96662686485797,8.84354114532471
1,12.1,3.96996016474441,8.85486602783203
1,12.11,3.97329346463084,8.86917114257813
1,12.12,3.97662676451728,8.8810920715332
1,12.13,3.97996006440371,8.89718532562256
1,12.14,3.98329336429015,8.91149044036865
1,12.15,3.98662666417658,8.92519950866699
1,12.16,3.98995996406302,8.93950462341309
1,12.17,3.99329326394945,8.94904136657715
1,12.18,3.99662656383589,8.96096229553223
1,12.19,3.99995986372232,8.96930694580078
1,12.2,4.00329316360876,8.98540019989014
1,12.21,4.0066264634952,8.99553298950195
1,12.22,4.00995976338163,9.00804996490479
1,12.23,4.01329306326807,9.01937484741211
1,12.24,4.0166263631545,9.03308391571045
1,12.25,4.01995966304094,9.04500484466553
1,12.26,4.02329296292737,9.06229019165039
1,12.27,4.02662626281381,9.07659530639648
1,12.28,4.02995956270024,9.09388065338135
1,12.29,4.03329286258668,9.1087818145752
1,12.3,4.03662616247311,9.12666320800781
1,12.31,4.03995946235955,9.14394855499268
1,12.32,4.04329276224598,9.1630220413208
1,12.33,4.04662606213242,9.17971134185791
1,12.34,4.04995936201885,9.19818878173828
1,12.35,4.05329266190529,9.21189785003662
1,12.36,4.05662596179172,9.23216342926025
1,12.37,4.05995926167816,9.25183296203613
1,12.38,4.06329256156459,9.26733016967773
1,12.39,4.06662586145103,9.2846155166626
1,12.4,4.06995916133747,9.29951667785645
1,12.41,4.0732924612239,9.31322574615479
1,12.42,4.07662576111034,9.33229923248291
1,12.43,4.07995906099677,9.34600830078125
1,12.44,4.08329236088321,9.36388969421387
1,12.45,4.08662566076964,9.37998294830322
1,12.46,4.08995896065608,9.39607620239258
1,12.47,4.09329226054251,9.4074010848999
1,12.48,4.09662556042895,9.42051410675049
1,12.49,4.09995886031538,9.43303108215332
1,12.5,4.10329216020182,9.44375991821289
1,12.51,4.10662546008825,9.46164131164551
1,12.52,4.10995875997469,9.47296619415283
1,12.53,4.11329205986112,9.48727130889893
1,12.54,4.11662535974756,9.499192237854
1,12.55,4.11995865963399,9.51647758483887
1,12.56,4.12329195952043,9.53376293182373
1,12.57,4.12662525940686,9.54627990722656
1,12.58,4.1299585592933,9.56475734710693
1,12.59,4.13329185917974,9.57906246185303
1,12.6,4.13662515906617,9.59515571594238
1,12.61,4.13995845895261,9.61244106292725
1,12.62,4.14329175883904,9.6285343170166
1,12.63,4.14662505872548,9.64760780334473
1,12.64,4.14995835861191,9.66250896453857
1,12.65,4.15329165849835,9.67741012573242
1,12.66,4.15662495838478,9.68992710113525
1,12.67,4.15995825827122,9.7048282623291
1,12.68,4.16329155815765,9.7191333770752
1,12.69,4.16662485804409,9.72986221313477
1,12.7,4.16995815793052,9.74714756011963
1,12.71,4.17329145781696,9.75370407104492
1,12.72,4.17662475770339,9.76860523223877
1,12.73,4.17995805758983,9.7811222076416
1,12.74,4.18329135747626,9.79900360107422
1,12.75,4.1866246573627,9.81748104095459
1,12.76,4.18995795724913,9.83119010925293
1,12.77,4.19329125713557,9.84370708465576
1,12.78,4.19662455702201,9.86099243164063
1,12.79,4.19995785690844,9.87827777862549
1,12.8,4.20329115679488,9.89735126495361
1,12.81,4.20662445668131,9.90927219390869
1,12.82,4.20995775656775,9.92715358734131
1,12.83,4.21329105645418,9.93907451629639
1,12.84,4.21662435634062,9.95635986328125
1,12.85,4.21995765622705,9.96649265289307
1,12.86,4.22329095611349,9.98020172119141
1,12.87,4.22662425599992,9.99271869659424
1,12.88,4.22995755588636,10.0070238113403
1,12.89,4.23329085577279,10.0183486938477
1,12.9,4.23662415565923,10.0284814834595
1,12.91,4.23995745554566,10.0445747375488
1,12.92,4.2432907554321,10.0517272949219
1,12.93,4.24662405531853,10.0696086883545
1,12.94,4.24995735520497,10.0821256637573
1,12.95,4.25329065509141,10.0934505462646
1,12.96,4.25662395497784,10.1107358932495
1,12.97,4.25995725486428,10.1274251937866
1,12.98,4.26329055475071,10.143518447876
1,12.99,4.26662385463715,10.1578235626221
1,13,4.26995715452358,10.1757049560547
1,13.01,4.27329045441002,10.1935863494873
1,13.02,4.27662375429645,10.2084875106812
1,13.03,4.27995705418289,10.2204084396362
1,13.04,4.28329035406932,10.2376937866211
1,13.05,4.28662365395576,10.2525949478149
1,13.06,4.28995695384219,10.2680921554565
1,13.07,4.29329025372863,10.2841854095459
1,13.08,4.29662355361506,10.2990865707397
1,13.09,4.2999568535015,10.3133916854858
1,13.1,4.30329015338793,10.3294849395752
1,13.11,4.30662345327437,10.3485584259033
1,13.12,4.3099567531608,10.3652477264404
1,13.13,4.31329005304724,10.3855133056641
1,13.14,4.31662335293368,10.4039907455444
1,13.15,4.31995665282011,10.4254484176636
1,13.16,4.32328995270655,10.4409456253052
1,13.17,4.32662325259298,10.4618072509766
1,13.18,4.32995655247942,10.4790925979614
1,13.19,4.33328985236585,10.4981660842896
1,13.2,4.33662315225229,10.5154514312744
1,13.21,4.33995645213872,10.535717010498
1,13.22,4.34328975202516,10.5512142181396
1,13.23,4.34662305191159,10.5702877044678
1,13.24,4.34995635179803,10.5834007263184
1,13.25,4.35328965168446,10.6048583984375
1,13.26,4.3566229515709,10.6155872344971
1,13.27,4.35995625145733,10.6322765350342
1,13.28,4.36328955134377,10.647177696228
1,13.29,4.3666228512302,10.6596946716309
1,13.3,4.36995615111664,10.6728076934814
1,13.31,4.37328945100307,10.6847286224365
1,13.32,4.37662275088951,10.6990337371826
1,13.33,4.37995605077595,10.7097625732422
1,13.34,4.38328935066238,10.7210874557495
1,13.35,4.38662265054882,10.7347965240479
1,13.36,4.38995595043525,10.7473134994507
1,13.37,4.39328925032169,10.7616186141968
1,13.38,4.39662255020812,10.7717514038086
1,13.39,4.39995585009456,10.7860565185547
1,13.4,4.40328914998099,10.7967853546143
1,13.41,4.40662244986743,10.8134746551514
1,13.42,4.40995574975386,10.8230113983154
1,13.43,4.4132890496403,10.838508605957
1,13.44,4.41662234952673,10.8468532562256
1,13.45,4.41995564941317,10.8623504638672
1,13.46,4.4232889492996,10.8730792999268
1,13.47,4.42662224918604,10.8844041824341
1,13.48,4.42995554907247,10.8957290649414
1,13.49,4.43328884895891,10.9070539474487
1,13.5,4.43662214884534,10.9183788299561
1,13.51,4.43995544873178,10.9314918518066
1,13.52,4.44328874861822,10.945200920105
1,13.53,4.44662204850465,10.954737663269
1,13.54,4.44995534839109,10.9642744064331
1,13.55,4.45328864827752,10.9755992889404
1,13.56,4.45662194816396,10.9893083572388
1,13.57,4.45995524805039,11.0024213790894
1,13.58,4.46328854793683,11.0161304473877
1,13.59,4.46662184782326,11.0286474227905
1,13.6,4.4699551477097,11.0435485839844
1,13.61,4.47328844759613,11.0596418380737
1,13.62,4.47662174748257,11.0715627670288
1,13.63,4.479955047369,11.0912322998047
1,13.64,4.48328834725544,11.1085176467896
1,13.65,4.48662164714187,11.1228227615356
1,13.66,4.48995494702831,11.1401081085205
1,13.67,4.49328824691474,11.1532211303711
1,13.68,4.49662154680118,11.1681222915649
1,13.69,4.49995484668762,11.1842155456543
1,13.7,4.50328814657405,11.1967325210571
1,13.71,4.50662144646049,11.2152099609375
1,13.72,4.50995474634692,11.2259387969971
1,13.73,4.51328804623336,11.2390518188477
1,13.74,4.51662134611979,11.2485885620117
1,13.75,4.51995464600623,11.2622976303101
1,13.76,4.52328794589266,11.2718343734741
1,13.77,4.5266212457791,11.2837553024292
1,13.78,4.52995454566553,11.298656463623
1,13.79,4.53328784555197,11.3117694854736
1,13.8,4.5366211454384,11.327862739563
1,13.81,4.53995444532484,11.3451480865479
1,13.82,4.54328774521127,11.3630294799805
1,13.83,4.54662104509771,11.3773345947266
1,13.84,4.54995434498414,11.3898515701294
1,13.85,4.55328764487058,11.4071369171143
1,13.86,4.55662094475701,11.4202499389648
1,13.87,4.55995424464345,11.4345550537109
1,13.88,4.56328754452989,11.4482641220093
1,13.89,4.56662084441632,11.4631652832031
1,13.9,4.56995414430276,11.4727020263672
1,13.91,4.57328744418919,11.4887952804565
1,13.92,4.57662074407563,11.5007162094116
1,13.93,4.57995404396206,11.519193649292
1,13.94,4.5832873438485,11.5317106246948
1,13.95,4.58662064373493,11.5483999252319
1,13.96,4.58995394362137,11.5656852722168
1,13.97,4.5932872435078,11.5829706192017
1,13.98,4.59662054339424,11.5996599197388
1,13.99,4.59995384328067,11.6127729415894
1,14,4.60328714316711,11.6258859634399
1,14.01,4.60662044305354,11.6395950317383
1,14.02,4.60995374293998,11.6515159606934
1,14.03,4.61328704282641,11.6634368896484
1,14.04,4.61662034271285,11.6747617721558
1,14.05,4.61995364259928,11.6854906082153
1,14.06,4.62328694248572,11.6980075836182
1,14.07,4.62995354225859,11.7117166519165
1,14.08,4.63328684214503,11.7218494415283
1,14.1,4.63662014203146,11.7433071136475
1,14.11,4.64328674180433,11.7588043212891
1,14.13,4.64662004169077,11.783242225647
1,14.14,4.65328664146364,11.7987394332886
1,14.16,4.65995324123651,11.8321180343628
1,14.17,4.66328654112294,11.8499994277954
1,14.18,4.66661984100938,11.8690729141235
1,14.2,4.67328644078225,11.9024515151978
1,14.21,4.67661974066868,11.9191408157349
1,14.22,4.67995304055512,11.933445930481
1,14.23,4.68328634044155,11.9549036026001
1,14.24,4.68661964032799,11.9709968566895
1,14.25,4.68995294021443,11.9882822036743
1,14.26,4.69328624010086,12.0007991790771
1,14.27,4.6966195399873,12.0139122009277
1,14.28,4.69995283987373,12.0276212692261
1,14.29,4.70328613976017,12.0443105697632
1,14.3,4.7066194396466,12.0556354522705
1,14.31,4.70995273953304,12.0693445205688
1,14.32,4.71328603941947,12.0812654495239
1,14.33,4.71661933930591,12.0973587036133
1,14.34,4.71995263919234,12.1080875396729
1,14.35,4.72328593907878,12.1146440505981
1,14.36,4.72661923896521,12.1265649795532
1,14.37,4.72995253885165,12.1396780014038
1,14.38,4.73328583873808,12.1438503265381
1,14.39,4.73661913862452,12.1521949768066
1,14.4,4.73995243851095,12.1593475341797
1,14.41,4.74328573839739,12.168288230896
1,14.42,4.74661903828383,12.1825933456421
1,14.43,4.74995233817026,12.1921300888062
1,14.44,4.7532856380567,12.2052431106567
1,14.45,4.75661893794313,12.2207403182983
1,14.46,4.75995223782957,12.2344493865967
1,14.47,4.763285537716,12.250542640686
1,14.48,4.76661883760244,12.2648477554321
1,14.49,4.76995213748887,12.284517288208
1,14.5,4.77328543737531,12.3012065887451
1,14.51,4.77661873726174,12.3196840286255
1,14.52,4.77995203714818,12.3339891433716
1,14.53,4.78328533703461,12.3554468154907
1,14.54,4.78661863692105,12.3721361160278
1,14.55,4.78995193680748,12.3894214630127
1,14.56,4.79328523669392,12.4025344848633
1,14.57,4.79661853658035,12.4186277389526
1,14.58,4.79995183646679,12.432336807251
1,14.59,4.80328513635322,12.4448537826538
1,14.6,4.80661843623966,12.4621391296387
1,14.61,4.8099517361261,12.4728679656982
1,14.62,4.81328503601253,12.4925374984741
1,14.63,4.81661833589897,12.5044584274292
1,14.64,4.8199516357854,12.5175714492798
1,14.65,4.82328493567184,12.5336647033691
1,14.66,4.82661823555827,12.5491619110107
1,14.67,4.82995153544471,12.5634670257568
1,14.68,4.83328483533114,12.5765800476074
1,14.69,4.83661813521758,12.5908851623535
1,14.7,4.83995143510401,12.6016139984131
1,14.71,4.84328473499045,12.6188993453979
1,14.72,4.84661803487688,12.630820274353
1,14.73,4.84995133476332,12.6433372497559
1,14.74,4.85328463464975,12.6570463180542
1,14.75,4.85661793453619,12.6713514328003
1,14.76,4.85995123442262,12.6856565475464
1,14.77,4.86328453430906,12.7041339874268
1,14.78,4.86661783419549,12.7214193344116
1,14.79,4.86995113408193,12.7369165420532
1,14.8,4.87328443396837,12.7565860748291
1,14.81,4.8766177338548,12.7780437469482
1,14.82,4.87995103374124,12.7935409545898
1,14.83,4.88328433362767,12.8108263015747
1,14.84,4.88661763351411,12.8275156021118
1,14.85,4.88995093340054,12.8459930419922
1,14.86,4.89328423328698,12.8579139709473
1,14.87,4.89661753317341,12.8716230392456
1,14.88,4.89995083305985,12.8841400146484
1,14.89,4.90328413294628,12.9008293151855
1,14.9,4.90661743283272,12.9133462905884
1,14.91,4.90995073271915,12.9294395446777
1,14.92,4.91328403260559,12.9395723342896
1,14.93,4.91661733249202,12.9497051239014
1,14.94,4.91995063237846,12.9616260528564
1,14.95,4.92328393226489,12.9759311676025
1,14.96,4.92661723215133,12.9938125610352
1,14.97,4.92995053203776,13.0027532577515
1,14.98,4.9332838319242,13.0206346511841
1,14.99,4.93661713181064,13.0301713943481
1,15,4.93995043169707,13.0456686019897
1,15.01,4.94328373158351,13.0587816238403
1,15.02,4.94661703146994,13.0760669708252
1,15.03,4.94995033135638,13.088583946228
1,15.04,4.95328363124281,13.1022930145264
1,15.05,4.95661693112925,13.1142139434814
1,15.06,4.95995023101568,13.1285190582275
1,15.07,4.96328353090212,13.1440162658691
1,15.08,4.96661683078855,13.158917427063
1,15.09,4.96995013067499,13.1720304489136
1,15.1,4.97328343056142,13.1839513778687
1,15.11,4.97661673044786,13.1970643997192
1,15.12,4.97995003033429,13.2125616073608
1,15.13,4.98328333022073,13.2262706756592
1,15.14,4.98661663010716,13.2405757904053
1,15.15,4.9899499299936,13.2536888122559
1,15.16,4.99328322988004,13.2697820663452
1,15.17,4.99661652976647,13.2828950881958
1,15.18,4.99994982965291,13.2989883422852
1,15.19,5.00328312953934,13.3150815963745
1,15.2,5.00661642942578,13.3287906646729
1,15.21,5.00994972931221,13.34547996521
1,15.22,5.01328302919865,13.3603811264038
1,15.23,5.01661632908508,13.3764743804932
1,15.24,5.01994962897152,13.3943557739258
1,15.25,5.02328292885795,13.4098529815674
1,15.26,5.02661622874439,13.4241580963135
1,15.27,5.02994952863082,13.4426355361938
1,15.28,5.03328282851726,13.4611129760742
1,15.29,5.03661612840369,13.4760141372681
1,15.3,5.03994942829013,13.4944915771484
1,15.31,5.04328272817656,13.5064125061035
1,15.32,5.046616028063,13.5284662246704
1,15.33,5.04994932794943,13.548731803894
1,15.34,5.05328262783587,13.5689973831177
1,15.35,5.05661592772231,13.5880708694458
1,15.36,5.05994922760874,13.6065483093262
1,15.37,5.06328252749518,13.6268138885498
1,15.38,5.06661582738161,13.6458873748779
1,15.39,5.06994912726805,13.6655569076538
1,15.4,5.07328242715448,13.6846303939819
1,15.41,5.07661572704092,13.7042999267578
1,15.42,5.07994902692735,13.7203931808472
1,15.43,5.08328232681379,13.7412548065186
1,15.44,5.08661562670022,13.7615203857422
1,15.45,5.08994892658666,13.7829780578613
1,15.46,5.09328222647309,13.7996673583984
1,15.47,5.09661552635953,13.8157606124878
1,15.48,5.09994882624596,13.8306617736816
1,15.49,5.1032821261324,13.846755027771
1,15.5,5.10661542601883,13.8646364212036
1,15.51,5.10994872590527,13.8789415359497
1,15.52,5.1132820257917,13.8950347900391
1,15.53,5.11661532567814,13.9087438583374
1,15.54,5.11994862556458,13.9272212982178
1,15.55,5.12328192545101,13.9456987380981
1,15.56,5.12661522533745,13.962984085083
1,15.57,5.12994852522388,13.9802694320679
1,15.58,5.13328182511032,14.001727104187
1,15.59,5.13661512499675,14.0208005905151
1,15.6,5.13994842488319,14.0410661697388
1,15.61,5.14328172476962,14.0607357025146
1,15.62,5.14661502465606,14.0810012817383
1,15.63,5.14994832454249,14.0929222106934
1,15.64,5.15328162442893,14.110803604126
1,15.65,5.15661492431536,14.1245126724243
1,15.66,5.1599482242018,14.1417980194092
1,15.67,5.16328152408823,14.1561031341553
1,15.68,5.16661482397467,14.1692161560059
1,15.69,5.1699481238611,14.1823291778564
1,15.7,5.17328142374754,14.1936540603638
1,15.71,5.17661472363397,14.2055749893188
1,15.72,5.17994802352041,14.2210721969604
1,15.73,5.18328132340685,14.2353773117065
1,15.74,5.18661462329328,14.2502784729004
1,15.75,5.18994792317972,14.268159866333
1,15.76,5.19328122306615,14.2794847488403
1,15.77,5.19661452295259,14.2914056777954
1,15.78,5.19994782283902,14.3039226531982
1,15.79,5.20328112272546,14.3206119537354
1,15.8,5.20661442261189,14.3373012542725
1,15.81,5.20994772249833,14.3575668334961
1,15.82,5.21328102238476,14.3724679946899
1,15.83,5.2166143222712,14.3861770629883
1,15.84,5.21994762215763,14.4010782241821
1,15.85,5.22328092204407,14.4195556640625
1,15.86,5.2266142219305,14.4356489181519
1,15.87,5.22994752181694,14.4541263580322
1,15.88,5.23328082170337,14.4696235656738
1,15.89,5.23661412158981,14.4881010055542
1,15.9,5.23994742147625,14.5035982131958
1,15.91,5.24328072136268,14.5244598388672
1,15.92,5.24661402124912,14.5429372787476
1,15.93,5.24994732113555,14.5637989044189
1,15.94,5.25328062102199,14.578104019165
1,15.95,5.25661392090842,14.6001577377319
1,15.96,5.25994722079486,14.616847038269
1,15.97,5.26328052068129,14.6353244781494
1,15.98,5.26661382056773,14.6520137786865
1,15.99,5.26994712045416,14.6698951721191
1,16,5.2732804203406,14.6889686584473
1,16.01,5.27661372022703,14.7032737731934
1,16.02,5.27994702011347,14.7140026092529
1,16.03,5.2832803199999,14.7324800491333
1,16.04,5.28661361988634,14.7485733032227
1,16.05,5.28994691977277,14.7616863250732
1,16.06,5.29328021965921,14.7736072540283
1,16.07,5.29661351954564,14.7950649261475
1,16.08,5.29994681943208,14.8129463195801
1,16.09,5.30328011931852,14.8236751556396
1,16.1,5.30661341920495,14.8475170135498
1,16.11,5.30994671909139,14.8582458496094
1,16.12,5.31328001897782,14.878511428833
1,16.13,5.31661331886426,14.8940086364746
1,16.14,5.31994661875069,14.9071216583252
1,16.15,5.32327991863713,14.9297714233398
1,16.16,5.32661321852356,14.946460723877
1,16.17,5.32994651841,14.9655342102051
1,16.18,5.33327981829643,14.9810314178467
1,16.19,5.33661311818287,15.0036811828613
1,16.2,5.3399464180693,15.0203704833984
1,16.21,5.34327971795574,15.0346755981445
1,16.22,5.34661301784217,15.0597095489502
1,16.23,5.34994631772861,15.0740146636963
1,16.24,5.35327961761504,15.0954723358154
1,16.25,5.35661291750148,15.108585357666
1,16.26,5.35994621738791,15.1252746582031
1,16.27,5.36327951727435,15.1443481445313
1,16.28,5.36661281716079,15.1681900024414
1,16.29,5.36994611704722,15.1801109313965
1,16.3,5.37327941693366,15.1956081390381
1,16.31,5.37661271682009,15.2122974395752
1,16.32,5.37994601670653,15.2266025543213
1,16.33,5.38327931659296,15.2456760406494
1,16.34,5.3866126164794,15.2575969696045
1,16.35,5.38994591636583,15.2695178985596
1,16.36,5.39327921625227,15.2933597564697
1,16.37,5.3966125161387,15.3064727783203
1,16.38,5.39994581602514,15.3255462646484
1,16.39,5.40327911591157,15.3422355651855
1,16.4,5.40661241579801,15.3601169586182
1,16.41,5.40994571568444,15.3768062591553
1,16.42,5.41327901557088,15.3970718383789
1,16.43,5.41661231545731,15.411376953125
1,16.44,5.41994561534375,15.4364109039307
1,16.45,5.42327891523018,15.4435634613037
1,16.46,5.42661221511662,15.4685974121094
1,16.47,5.42994551500306,15.4793262481689
1,16.48,5.43327881488949,15.4960155487061
1,16.49,5.43661211477593,15.5103206634521
1,16.5,5.43994541466236,15.5222415924072
1,16.51,5.4432787145488,15.5436992645264
1,16.52,5.44661201443523,15.5532360076904
1,16.53,5.44994531432167,15.5746936798096
1,16.54,5.4532786142081,15.5878067016602
1,16.55,5.45661191409454,15.6021118164063
1,16.56,5.45994521398097,15.6176090240479
1,16.57,5.46327851386741,15.6331062316895
1,16.58,5.46661181375384,15.6509876251221
1,16.59,5.46994511364028,15.6581401824951
1,16.6,5.47327841352671,15.6807899475098
1,16.61,5.47661171341315,15.6927108764648
1,16.62,5.47994501329958,15.7022476196289
1,16.63,5.48327831318602,15.7225131988525
1,16.64,5.48661161307246,15.7320499420166
1,16.65,5.48994491295889,15.7535076141357
1,16.66,5.49327821284533,15.7642364501953
1,16.67,5.49661151273176,15.7749652862549
1,16.68,5.4999448126182,15.789270401001
1,16.69,5.50327811250463,15.7999992370605
1,16.7,5.50661141239107,15.8214569091797
1,16.71,5.5099447122775,15.8298015594482
1,16.72,5.51327801216394,15.8393383026123
1,16.73,5.51661131205037,15.8548355102539
1,16.74,5.51994461193681,15.864372253418
1,16.75,5.52327791182324,15.8774852752686
1,16.76,5.52661121170968,15.8822536468506
1,16.77,5.52994451159611,15.9001350402832
1,16.78,5.53327781148255,15.9072875976563
1,16.79,5.53661111136898,15.9227848052979
1,16.8,5.53994441125542,15.9323215484619
1,16.81,5.54327771114185,15.9406661987305
1,16.82,5.54661101102829,15.9609317779541
1,16.83,5.54994431091473,15.9704685211182
1,16.84,5.55327761080116,15.9895420074463
1,16.85,5.5566109106876,15.9990787506104
1,16.86,5.55994421057403,16.024112701416
1,16.87,5.56327751046047,16.0372257232666
1,16.88,5.5666108103469,16.0622596740723
1,16.89,5.56994411023334,16.0813331604004
1,16.9,5.57327741011977,16.094446182251
1,16.91,5.57661071000621,16.1170959472656
1,16.92,5.57994400989264,16.1361694335938
1,16.93,5.58327730977908,16.1540508270264
1,16.94,5.58661060966551,16.1731243133545
1,16.95,5.58994390955195,16.1838531494141
1,16.96,5.59327720943838,16.2065029144287
1,16.97,5.59661050932482,16.2160396575928
1,16.98,5.59994380921125,16.2422657012939
1,16.99,5.60327710909769,16.2553787231445
1,17,5.60661040898412,16.2756443023682
1,17.01,5.60994370887056,16.2947177886963
1,17.02,5.613277008757,16.3102149963379
1,17.03,5.61661030864343,16.3328647613525
1,17.04,5.61994360852987,16.3471698760986
1,17.05,5.6232769084163,16.3662433624268
1,17.06,5.62661020830274,16.3853168487549
1,17.07,5.62994350818917,16.4008140563965
1,17.08,5.63327680807561,16.4186954498291
1,17.09,5.63661010796204,16.4318084716797
1,17.1,5.63994340784848,16.4544582366943
1,17.11,5.64327670773491,16.472339630127
1,17.12,5.64661000762135,16.4949893951416
1,17.13,5.64994330750778,16.5069103240967
1,17.14,5.65327660739422,16.5259838104248
1,17.15,5.65660990728065,16.5402889251709
1,17.16,5.65994320716709,16.5486335754395
1,17.17,5.66327650705352,16.5665149688721
1,17.18,5.66660980693996,16.5832042694092
1,17.19,5.66994310682639,16.6010856628418
1,17.2,5.67327640671283,16.6153907775879
1,17.21,5.67660970659927,16.636848449707
1,17.22,5.6799430064857,16.6535377502441
1,17.23,5.68327630637214,16.6761875152588
1,17.24,5.68660960625857,16.6952610015869
1,17.25,5.68994290614501,16.7131423950195
1,17.26,5.69327620603144,16.7346000671387
1,17.27,5.69660950591788,16.7524814605713
1,17.28,5.69994280580431,16.78466796875
1,17.29,5.70327610569075,16.7989730834961
1,17.3,5.70660940557718,16.8216228485107
1,17.31,5.70994270546362,16.8478488922119
1,17.32,5.71327600535005,16.8633460998535
1,17.33,5.71660930523649,16.8919563293457
1,17.34,5.71994260512292,16.9134140014648
1,17.35,5.72327590500936,16.9408321380615
1,17.36,5.72994250478223,16.9599056243896
1,17.37,5.73327580466867,16.9837474822998
1,17.39,5.7366091045551,17.0207023620605
1,17.4,5.74327570432797,17.0421600341797
1,17.42,5.74660900421441,17.0803070068359
1,17.43,5.75327560398728,17.0934200286865
1,17.45,5.75660890387371,17.1267986297607
1,17.46,5.76327550364658,17.1494483947754
1,17.47,5.76660880353302,17.1613693237305
1,17.49,5.77327540330589,17.1935558319092
1,17.5,5.77660870319232,17.2102451324463
1,17.51,5.77994200307876,17.2328948974609
1,17.52,5.78327530296519,17.2555446624756
1,17.53,5.78660860285163,17.2770023345947
1,17.54,5.78994190273806,17.2972679138184
1,17.55,5.7932752026245,17.317533493042
1,17.56,5.79660850251094,17.3389911651611
1,17.57,5.79994180239737,17.3544883728027
1,17.58,5.80327510228381,17.3807144165039
1,17.59,5.80660840217024,17.392635345459
1,17.6,5.80994170205668,17.4069404602051
1,17.61,5.81327500194311,17.4248218536377
1,17.62,5.81660830182955,17.4403190612793
1,17.63,5.81994160171598,17.4582004547119
1,17.64,5.82327490160242,17.470121383667
1,17.65,5.82660820148885,17.4880027770996
1,17.66,5.82994150137529,17.5023078918457
1,17.67,5.83327480126172,17.5130367279053
1,17.68,5.83660810114816,17.5356864929199
1,17.69,5.83994140103459,17.545223236084
1,17.7,5.84327470092103,17.552375793457
1,17.71,5.84660800080746,17.5726413726807
1,17.72,5.8499413006939,17.5821781158447
1,17.73,5.85327460058033,17.6036357879639
1,17.74,5.85660790046677,17.6143646240234
1,17.75,5.85994120035321,17.6286697387695
1,17.76,5.86327450023964,17.6417827606201
1,17.77,5.86660780012608,17.6525115966797
1,17.78,5.86994110001251,17.6715850830078
1,17.79,5.87327439989895,17.6882743835449
1,17.8,5.87660769978538,17.7013874053955
1,17.81,5.87994099967182,17.7156925201416
1,17.82,5.88327429955825,17.7252292633057
1,17.83,5.88660759944469,17.7466869354248
1,17.84,5.88994089933112,17.7609920501709
1,17.85,5.89327419921756,17.7860260009766
1,17.86,5.89660749910399,17.8050994873047
1,17.87,5.89994079899043,17.8241729736328
1,17.88,5.90327409887686,17.8432464599609
1,17.89,5.9066073987633,17.8611278533936
1,17.9,5.90994069864973,17.8825855255127
1,17.91,5.91327399853617,17.8992748260498
1,17.92,5.9166072984226,17.9147720336914
1,17.93,5.91994059830904,17.9338455200195
1,17.94,5.92327389819548,17.9529190063477
1,17.95,5.92660719808191,17.9719924926758
1,17.96,5.92994049796835,17.9827213287354
1,17.97,5.93327379785478,18.002986907959
1,17.98,5.93660709774122,18.0160999298096
1,17.99,5.93994039762765,18.0315971374512
1,18,5.94327369751409,18.0447101593018
1,18.01,5.94660699740052,18.0554389953613
1,18.02,5.94994029728696,18.075704574585
1,18.03,5.95327359717339,18.0888175964355
1,18.04,5.95660689705983,18.1055068969727
1,18.05,5.95994019694626,18.1221961975098
1,18.06,5.9632734968327,18.1424617767334
1,18.07,5.96660679671913,18.1615352630615
1,18.08,5.96994009660557,18.1853771209717
1,18.09,5.973273396492,18.1996822357178
1,18.1,5.97660669637844,18.2175636291504
1,18.11,5.97993999626487,18.233060836792
1,18.12,5.98327329615131,18.2533264160156
1,18.13,5.98660659603775,18.2712078094482
1,18.14,5.98993989592418,18.2902812957764
1,18.15,5.99327319581062,18.3045864105225
1,18.16,5.99660649569705,18.3272361755371
1,18.17,5.99993979558349,18.3463096618652
1,18.18,6.00327309546992,18.3665752410889
1,18.19,6.00660639535636,18.380880355835
1,18.2,6.00993969524279,18.4011459350586
1,18.21,6.01327299512923,18.4142589569092
1,18.22,6.01660629501566,18.4333324432373
1,18.23,6.0199395949021,18.4452533721924
1,18.24,6.02327289478853,18.4595584869385
1,18.25,6.02660619467497,18.4798240661621
1,18.26,6.0299394945614,18.4977054595947
1,18.27,6.03327279444784,18.5191631317139
1,18.28,6.03660609433427,18.5346603393555
1,18.29,6.03993939422071,18.5513496398926
1,18.3,6.04327269410715,18.5656547546387
1,18.31,6.04660599399358,18.5835361480713
1,18.32,6.04993929388002,18.6061859130859
1,18.33,6.05327259376645,18.620491027832
1,18.34,6.05660589365289,18.6347961425781
1,18.35,6.05993919353932,18.6514854431152
1,18.36,6.06327249342576,18.6800956726074
1,18.37,6.06660579331219,18.690824508667
1,18.38,6.06993909319863,18.7110900878906
1,18.39,6.07327239308506,18.7265872955322
1,18.4,6.0766056929715,18.7444686889648
1,18.41,6.07993899285793,18.7587738037109
1,18.42,6.08327229274437,18.7766551971436
1,18.43,6.0866055926308,18.7957286834717
1,18.44,6.08993889251724,18.8064575195313
1,18.45,6.09327219240367,18.8195705413818
1,18.46,6.09660549229011,18.83864402771
1,18.47,6.09993879217654,18.8493728637695
1,18.48,6.10327209206298,18.8684463500977
1,18.49,6.10660539194942,18.8803672790527
1,18.5,6.10993869183585,18.8970565795898
1,18.51,6.11327199172229,18.9149379730225
1,18.52,6.11660529160872,18.925666809082
1,18.53,6.11993859149516,18.9447402954102
1,18.54,6.12327189138159,18.9602375030518
1,18.55,6.12660519126803,18.9769268035889
1,18.56,6.12993849115446,18.993616104126
1,18.57,6.1332717910409,19.0091133117676
1,18.58,6.13660509092733,19.0222263336182
1,18.59,6.13993839081377,19.0353393554688
1,18.6,6.1432716907002,19.0472602844238
1,18.61,6.14660499058664,19.0675258636475
1,18.62,6.14993829047307,19.0794467926025
1,18.63,6.15327159035951,19.1020965576172
1,18.64,6.15660489024594,19.1152095794678
1,18.65,6.15993819013238,19.1342830657959
1,18.66,6.16327149001881,19.146203994751
1,18.67,6.16660478990525,19.1581249237061
1,18.68,6.16993808979169,19.1688537597656
1,18.69,6.17327138967812,19.1843509674072
1,18.7,6.17660468956456,19.1950798034668
1,18.71,6.17993798945099,19.2117691040039
1,18.72,6.18327128933743,19.230842590332
1,18.73,6.18660458922386,19.2511081695557
1,18.74,6.1899378891103,19.2689895629883
1,18.75,6.19327118899673,19.2821025848389
1,18.76,6.19660448888317,19.2975997924805
1,18.77,6.1999377887696,19.3047523498535
1,18.78,6.20327108865604,19.3226337432861
1,18.79,6.20660438854247,19.3381309509277
1,18.8,6.20993768842891,19.3583965301514
1,18.81,6.21327098831534,19.373893737793
1,18.82,6.21660428820178,19.3965435028076
1,18.83,6.21993758808821,19.4168090820313
1,18.84,6.22327088797465,19.4370746612549
1,18.85,6.22660418786108,19.456148147583
1,18.86,6.22993748774752,19.4764137268066
1,18.87,6.23327078763396,19.4966793060303
1,18.88,6.23660408752039,19.5205211639404
1,18.89,6.23993738740683,19.533634185791
1,18.9,6.24327068729326,19.5610523223877
1,18.91,6.2466039871797,19.5753574371338
1,18.92,6.24993728706613,19.5896625518799
1,18.93,6.25327058695257,19.6146965026855
1,18.94,6.256603886839,19.6254253387451
1,18.95,6.25993718672544,19.6421146392822
1,18.96,6.26327048661187,19.6564197540283
1,18.97,6.26660378649831,19.676685333252
1,18.98,6.26993708638474,19.6874141693115
1,18.99,6.27327038627118,19.7088718414307
1,19,6.27660368615761,19.7207927703857
1,19.01,6.27993698604405,19.7374820709229
1,19.02,6.28327028593048,19.7553634643555
1,19.03,6.28660358581692,19.7708606719971
1,19.04,6.28993688570336,19.7827816009521
1,19.05,6.29327018558979,19.7994709014893
1,19.06,6.29660348547623,19.8113918304443
1,19.07,6.29993678536266,19.8328495025635
1,19.08,6.3032700852491,19.8495388031006
1,19.09,6.30660338513553,19.8614597320557
1,19.1,6.30993668502197,19.8757648468018
1,19.11,6.3132699849084,19.8853015899658
1,19.12,6.31660328479484,19.9103355407715
1,19.13,6.31993658468127,19.9270248413086
1,19.14,6.32326988456771,19.9496746063232
1,19.15,6.32660318445414,19.9651718139648
1,19.16,6.32993648434058,19.9806690216064
1,19.17,6.33326978422701,19.9997425079346
1,19.18,6.33660308411345,20.0164318084717
1,19.19,6.33993638399989,20.0307369232178
1,19.2,6.34326968388632,20.0474262237549
1,19.21,6.34660298377275,20.0724601745605
1,19.22,6.34993628365919,20.0855731964111
1,19.23,6.35326958354563,20.1022624969482
1,19.24,6.35660288343206,20.1249122619629
1,19.25,6.3599361833185,20.1404094696045
1,19.26,6.36326948320493,20.1582908630371
1,19.27,6.36660278309137,20.1797485351563
1,19.28,6.3699360829778,20.2000141143799
1,19.29,6.37326938286424,20.216703414917
1,19.3,6.37660268275067,20.2333927154541
1,19.31,6.37993598263711,20.2584266662598
1,19.32,6.38326928252354,20.2751159667969
1,19.33,6.38660258240998,20.3049182891846
1,19.34,6.38993588229641,20.3192234039307
1,19.35,6.39326918218285,20.3359127044678
1,19.36,6.39660248206928,20.3680992126465
1,19.37,6.39993578195572,20.3907489776611
1,19.38,6.40326908184215,20.4145908355713
1,19.39,6.40660238172859,20.439624786377
1,19.4,6.40993568161502,20.4646587371826
1,19.41,6.41326898150146,20.4908847808838
1,19.42,6.4166022813879,20.5099582672119
1,19.43,6.41993558127433,20.5445289611816
1,19.44,6.42326888116077,20.5671787261963
1,19.45,6.4266021810472,20.596981048584
1,19.46,6.42993548093364,20.6208229064941
1,19.47,6.43326878082007,20.6458568572998
1,19.48,6.43660208070651,20.6685066223145
1,19.49,6.43993538059294,20.6911563873291
1,19.5,6.44326868047938,20.7018852233887
1,19.51,6.44660198036581,20.7293033599854
1,19.52,6.44993528025225,20.7483768463135
1,19.53,6.45326858013868,20.7686424255371
1,19.54,6.45660188002512,20.7841396331787
1,19.55,6.45993517991155,20.7972526550293
1,19.56,6.46326847979799,20.8199024200439
1,19.57,6.46660177968442,20.8401679992676
1,19.58,6.46993507957086,20.8556652069092
1,19.59,6.47326837945729,20.8795070648193
1,19.6,6.47660167934373,20.8926200866699
1,19.61,6.47993497923017,20.9188461303711
1,19.62,6.4832682791166,20.9319591522217
1,19.63,6.48660157900304,20.9617614746094
1,19.64,6.48993487888947,20.9784507751465
1,19.65,6.49326817877591,20.9951400756836
1,19.66,6.49660147866234,21.0189819335938
1,19.67,6.49993477854878,21.0356712341309
1,19.68,6.50326807843521,21.0559368133545
1,19.69,6.50660137832165,21.0726261138916
1,19.7,6.50993467820808,21.0905075073242
1,19.71,6.51326797809452,21.1107730865479
1,19.72,6.51660127798095,21.132230758667
1,19.73,6.51993457786739,21.1429595947266
1,19.74,6.52326787775382,21.1656093597412
1,19.75,6.52660117764026,21.1822986602783
1,19.76,6.52993447752669,21.204948425293
1,19.77,6.53326777741313,21.2156772613525
1,19.78,6.53660107729957,21.2454795837402
1,19.79,6.539934377186,21.2585926055908
1,19.8,6.54326767707244,21.2788581848145
1,19.81,6.54660097695887,21.2991237640381
1,19.82,6.54993427684531,21.3146209716797
1,19.83,6.55326757673174,21.3289260864258
1,19.84,6.55660087661818,21.3527679443359
1,19.85,6.55993417650461,21.3706493377686
1,19.86,6.56326747639105,21.3921070098877
1,19.87,6.56660077627748,21.4064121246338
1,19.88,6.56993407616392,21.4231014251709
1,19.89,6.57326737605035,21.4385986328125
1,19.9,6.57660067593679,21.4493274688721
1,19.91,6.57993397582322,21.4672088623047
1,19.92,6.58326727570966,21.4815139770508
1,19.93,6.5866005755961,21.5029716491699
1,19.94,6.58993387548253,21.507740020752
1,19.95,6.59326717536896,21.5256214141846
1,19.96,6.5966004752554,21.5411186218262
1,19.97,6.59993377514184,21.5542316436768
1,19.98,6.60326707502827,21.5685367584229
1,19.99,6.60660037491471,21.5840339660645
1,20,6.60993367480114,21.6031074523926
1,20.01,6.61326697468758,21.6138362884521
1,20.02,6.61660027457401,21.6352939605713
1,20.03,6.61993357446045,21.6519832611084
1,20.04,6.62326687434688,21.6710567474365
1,20.05,6.62660017423332,21.6913223266602
1,20.06,6.62993347411975,21.7092037200928
1,20.07,6.63326677400619,21.7270851135254
1,20.08,6.63660007389262,21.744966506958
1,20.09,6.63993337377906,21.7616558074951
1,20.1,6.64326667366549,21.7866897583008
1,20.11,6.64659997355193,21.7998027801514
1,20.12,6.64993327343836,21.822452545166
1,20.13,6.6532665733248,21.8379497528076
1,20.14,6.65659987321123,21.8605995178223
1,20.15,6.65993317309767,21.8749046325684
1,20.16,6.66326647298411,21.902322769165
1,20.17,6.66659977287054,21.9225883483887
1,20.18,6.66993307275698,21.9392776489258
1,20.19,6.67326637264341,21.9547748565674
1,20.2,6.67659967252985,21.9738483428955
1,20.21,6.67993297241628,21.9964981079102
1,20.22,6.68326627230272,22.0096111297607
1,20.23,6.68659957218915,22.0334529876709
1,20.24,6.68993287207559,22.0572948455811
1,20.25,6.69326617196202,22.0763683319092
1,20.26,6.69659947184846,22.0978260040283
1,20.27,6.69993277173489,22.1133232116699
1,20.28,6.70326607162133,22.1407413482666
1,20.29,6.70659937150776,22.1586227416992
1,20.3,6.7099326713942,22.1848487854004
1,20.31,6.71326597128063,22.202730178833
1,20.32,6.71659927116707,22.2229957580566
1,20.33,6.7199325710535,22.2432613372803
1,20.34,6.72326587093994,22.2647190093994
1,20.35,6.72659917082638,22.280216217041
1,20.36,6.72993247071281,22.3040580749512
1,20.37,6.73326577059925,22.3231315612793
1,20.38,6.73659907048568,22.3398208618164
1,20.39,6.73993237037212,22.36008644104
1,20.4,6.74326567025855,22.3755836486816
1,20.41,6.74659897014499,22.3970413208008
1,20.42,6.74993227003142,22.4208831787109
1,20.43,6.75326556991786,22.4399566650391
1,20.44,6.75659886980429,22.4566459655762
1,20.45,6.75993216969073,22.4757194519043
1,20.46,6.76326546957716,22.4971771240234
1,20.47,6.7665987694636,22.512674331665
1,20.48,6.76993206935003,22.5269794464111
1,20.49,6.77326536923647,22.5472450256348
1,20.5,6.7765986691229,22.5579738616943
1,20.51,6.77993196900934,22.580623626709
1,20.52,6.78326526889578,22.5996971130371
1,20.53,6.78659856878221,22.6151943206787
1,20.54,6.78993186866865,22.6366519927979
1,20.55,6.79326516855508,22.6461887359619
1,20.56,6.79659846844152,22.6712226867676
1,20.57,6.79993176832795,22.6891040802002
1,20.58,6.80326506821439,22.7141380310059
1,20.59,6.80659836810082,22.7320194244385
1,20.6,6.80993166798726,22.7534770965576
1,20.61,6.81326496787369,22.7689743041992
1,20.62,6.81659826776013,22.7904319763184
1,20.63,6.81993156764656,22.813081741333
1,20.64,6.823264867533,22.8381156921387
1,20.65,6.82659816741943,22.8488445281982
1,20.66,6.82993146730587,22.8714942932129
1,20.67,6.83326476719231,22.88818359375
1,20.68,6.83659806707874,22.9167938232422
1,20.69,6.83993136696517,22.9322910308838
1,20.7,6.84326466685161,22.9561328887939
1,20.71,6.84659796673805,22.9823589324951
1,20.72,6.84993126662448,23.0014324188232
1,20.73,6.85326456651092,23.0240821838379
1,20.74,6.85659786639735,23.0419635772705
1,20.75,6.85993116628379,23.0526924133301
1,20.76,6.86326446617022,23.0801105499268
1,20.77,6.86659776605666,23.0956077575684
1,20.78,6.86993106594309,23.11110496521
1,20.79,6.87326436582953,23.1313705444336
1,20.8,6.87659766571596,23.1468677520752
1,20.81,6.8799309656024,23.1635570526123
1,20.82,6.88326426548883,23.1826305389404
1,20.83,6.88659756537527,23.2028961181641
1,20.84,6.8899308652617,23.2207775115967
1,20.85,6.89326416514814,23.2338905334473
1,20.86,6.89659746503457,23.2613086700439
1,20.87,6.89993076492101,23.270845413208
1,20.88,6.90326406480744,23.2958793640137
1,20.89,6.90659736469388,23.3078002929688
1,20.9,6.91326396446675,23.3232975006104
1,20.92,6.91659726435319,23.3602523803711
1,20.93,6.91993056423962,23.3817100524902
1,20.94,6.92326386412606,23.3972072601318
1,20.95,6.92993046389893,23.418664932251
1,20.96,6.93326376378536,23.4353542327881
1,20.98,6.9365970636718,23.4663486480713
1,20.99,6.94326366344467,23.4758853912354
1,21.01,6.9465969633311,23.505687713623
1,21.02,6.95326356310397,23.5271453857422
1,21.04,6.95659686299041,23.5581398010254
1,21.05,6.96326346276328,23.573637008667
1,21.06,6.96659676264971,23.5950946807861
1,21.08,6.97326336242259,23.6272811889648
1,21.09,6.97659666230902,23.6403942108154
1,21.1,6.97992996219546,23.653507232666
1,21.11,6.98326326208189,23.6725807189941
1,21.12,6.98659656196833,23.6868858337402
1,21.13,6.98992986185476,23.7059593200684
1,21.14,6.9932631617412,23.7178802490234
1,21.15,6.99659646162763,23.7298011779785
1,21.16,6.99992976151407,23.7512588500977
1,21.17,7.0032630614005,23.7655639648438
1,21.18,7.00659636128694,23.7858295440674
1,21.19,7.00992966117337,23.798942565918
1,21.2,7.01326296105981,23.8168239593506
1,21.21,7.01659626094624,23.8335132598877
1,21.22,7.01992956083268,23.8525867462158
1,21.23,7.02326286071911,23.8668918609619
1,21.24,7.02659616060555,23.8919258117676
1,21.25,7.02992946049199,23.9133834838867
1,21.26,7.03326276037842,23.9372253417969
1,21.27,7.03659606026486,23.956298828125
1,21.28,7.03992936015129,23.9777565002441
1,21.29,7.04326266003773,24.0063667297363
1,21.3,7.04659595992416,24.029016494751
1,21.31,7.0499292598106,24.0480899810791
1,21.32,7.05326255969703,24.0635871887207
1,21.33,7.05659585958347,24.0910053253174
1,21.34,7.0599291594699,24.113655090332
1,21.35,7.06326245935634,24.1339206695557
1,21.36,7.06659575924277,24.1518020629883
1,21.37,7.06992905912921,24.1696834564209
1,21.38,7.07326235901564,24.1935253143311
1,21.39,7.07659565890208,24.2125988006592
1,21.4,7.07992895878852,24.2376327514648
1,21.41,7.08326225867495,24.2555141448975
1,21.42,7.08659555856138,24.2769718170166
1,21.43,7.08992885844782,24.2972373962402
1,21.44,7.09326215833426,24.3151187896729
1,21.45,7.09659545822069,24.3377685546875
1,21.46,7.09992875810713,24.3484973907471
1,21.47,7.10326205799356,24.3735313415527
1,21.48,7.10659535788,24.3961811065674
1,21.49,7.10992865776643,24.416446685791
1,21.5,7.11326195765287,24.4343280792236
1,21.51,7.1165952575393,24.4534015655518
1,21.52,7.11992855742574,24.4760513305664
1,21.53,7.12326185731217,24.49631690979
1,21.54,7.12659515719861,24.5225429534912
1,21.55,7.12992845708504,24.5428085327148
1,21.56,7.13326175697148,24.566650390625
1,21.57,7.13659505685791,24.5845317840576
1,21.58,7.13992835674435,24.6143341064453
1,21.59,7.14326165663078,24.6334075927734
1,21.6,7.14659495651722,24.6584415435791
1,21.61,7.14992825640365,24.6763229370117
1,21.62,7.15326155629009,24.7013568878174
1,21.63,7.15659485617653,24.7228145599365
1,21.64,7.15992815606296,24.7430801391602
1,21.65,7.1632614559494,24.7657299041748
1,21.66,7.16659475583583,24.789571762085
1,21.67,7.16992805572227,24.8110294342041
1,21.68,7.1732613556087,24.8312950134277
1,21.69,7.17659465549514,24.8491764068604
1,21.7,7.17992795538157,24.8754024505615
1,21.71,7.18326125526801,24.8992443084717
1,21.72,7.18659455515444,24.9171257019043
1,21.73,7.18992785504088,24.944543838501
1,21.74,7.19326115492731,24.9648094177246
1,21.75,7.19659445481375,24.9826908111572
1,21.76,7.19992775470018,25.0101089477539
1,21.77,7.20326105458662,25.029182434082
1,21.78,7.20659435447305,25.0530242919922
1,21.79,7.20992765435949,25.0720977783203
1,21.8,7.21326095424593,25.0911712646484
1,21.81,7.21659425413236,25.1173973083496
1,21.82,7.2199275540188,25.1305103302002
1,21.83,7.22326085390523,25.1531600952148
1,21.84,7.22659415379167,25.174617767334
1,21.85,7.2299274536781,25.1924991607666
1,21.86,7.23326075356454,25.2163410186768
1,21.87,7.23659405345097,25.2258777618408
1,21.88,7.23992735333741,25.24733543396
1,21.89,7.24326065322384,25.2711772918701
1,21.9,7.24659395311028,25.2950191497803
1,21.91,7.24992725299671,25.3129005432129
1,21.92,7.25326055288315,25.3427028656006
1,21.93,7.25659385276958,25.3617763519287
1,21.94,7.25992715265602,25.3880023956299
1,21.95,7.26326045254245,25.4106521606445
1,21.96,7.26659375242889,25.4321098327637
1,21.97,7.26992705231532,25.4487991333008
1,21.98,7.27326035220176,25.4702568054199
1,21.99,7.2765936520882,25.4905223846436
1,22,7.27992695197463,25.5143642425537
1,22.01,7.28326025186107,25.5358219146729
1,22.02,7.2865935517475,25.5560874938965
1,22.03,7.28992685163394,25.5763530731201
1,22.04,7.29326015152037,25.5858898162842
1,22.05,7.29659345140681,25.6121158599854
1,22.06,7.29992675129324,25.6264209747314
1,22.07,7.30326005117968,25.6502628326416
1,22.08,7.30659335106611,25.6681442260742
1,22.09,7.30992665095255,25.6836414337158
1,22.1,7.31325995083898,25.7086753845215
1,22.11,7.31659325072542,25.7229804992676
1,22.12,7.31992655061185,25.7384777069092
1,22.13,7.32325985049829,25.7658958435059
1,22.14,7.32659315038473,25.7861614227295
1,22.15,7.32992645027116,25.8052349090576
1,22.16,7.33325975015759,25.8231163024902
1,22.17,7.33659305004403,25.8421897888184
1,22.18,7.33992634993047,25.864839553833
1,22.19,7.3432596498169,25.8755683898926
1,22.2,7.34659294970334,25.9065628051758
1,22.21,7.34992624958977,25.9256362915039
1,22.22,7.35325954947621,25.9530544281006
1,22.23,7.35659284936264,25.9709358215332
1,22.24,7.35992614924908,25.9912014007568
1,22.25,7.36325944913551,26.0090827941895
1,22.26,7.36659274902195,26.0305404663086
1,22.27,7.36992604890838,26.0519981384277
1,22.28,7.37325934879482,26.0722637176514
1,22.29,7.37659264868125,26.090145111084
1,22.3,7.37992594856769,26.1044502258301
1,22.31,7.38325924845412,26.1270999908447
1,22.32,7.38659254834056,26.1461734771729
1,22.33,7.389925848227,26.167631149292
1,22.34,7.39325914811343,26.1878967285156
1,22.35,7.39659244799986,26.2057781219482
1,22.36,7.3999257478863,26.2236595153809
1,22.37,7.40325904777274,26.2439250946045
1,22.38,7.40659234765917,26.2713432312012
1,22.39,7.40992564754561,26.2844562530518
1,22.4,7.41325894743204,26.3106822967529
1,22.41,7.41659224731848,26.32737159729
1,22.42,7.41992554720491,26.3428688049316
1,22.43,7.42325884709135,26.3667106628418
1,22.44,7.42659214697778,26.3833999633789
1,22.45,7.42992544686422,26.4096260070801
1,22.46,7.43325874675065,26.4227390289307
1,22.47,7.43659204663709,26.4406204223633
1,22.48,7.43992534652352,26.4525413513184
1,22.49,7.44325864640996,26.4739990234375
1,22.5,7.44659194629639,26.5014171600342
1,22.51,7.44992524618283,26.5157222747803
1,22.52,7.45325854606926,26.5312194824219
1,22.53,7.4565918459557,26.547908782959
1,22.54,7.45992514584214,26.5598297119141
1,22.55,7.46325844572857,26.5860557556152
1,22.56,7.46659174561501,26.6003608703613
1,22.57,7.46992504550144,26.6158580780029
1,22.58,7.47325834538788,26.630163192749
1,22.59,7.47659164527431,26.6444683074951
1,22.6,7.47992494516075,26.6611576080322
1,22.61,7.48325824504718,26.6766548156738
1,22.62,7.48659154493362,26.6969203948975
1,22.63,7.48992484482005,26.705265045166
1,22.64,7.49325814470649,26.7231464385986
1,22.65,7.49659144459292,26.7374515533447
1,22.66,7.49992474447936,26.7529487609863
1,22.67,7.50325804436579,26.7720222473145
1,22.68,7.50659134425223,26.7922878265381
1,22.69,7.50992464413866,26.8101692199707
1,22.7,7.5132579440251,26.8292427062988
1,22.71,7.51659124391153,26.850700378418
1,22.72,7.51992454379797,26.8721580505371
1,22.73,7.52325784368441,26.8936157226563
1,22.74,7.52659114357084,26.9162654876709
1,22.75,7.52992444345728,26.932954788208
1,22.76,7.53325774334371,26.9603729248047
1,22.77,7.53659104323015,26.9818305969238
1,22.78,7.53992434311658,27.000904083252
1,22.79,7.54325764300302,27.0223617553711
1,22.8,7.54659094288945,27.0462036132813
1,22.81,7.54992424277589,27.0748138427734
1,22.82,7.55325754266232,27.090311050415
1,22.83,7.55659084254876,27.1189212799072
1,22.84,7.55992414243519,27.1368026733398
1,22.85,7.56325744232163,27.1594524383545
1,22.86,7.56659074220806,27.1832942962646
1,22.87,7.5699240420945,27.2059440612793
1,22.88,7.57325734198094,27.2274017333984
1,22.89,7.57659064186737,27.24289894104
1,22.9,7.5799239417538,27.2703170776367
1,22.91,7.58325724164024,27.2905826568604
1,22.92,7.58659054152668,27.320384979248
1,22.93,7.58992384141311,27.3442268371582
1,22.94,7.59325714129955,27.3752212524414
1,22.95,7.59659044118598,27.4002552032471
1,22.96,7.59992374107242,27.4264812469482
1,22.97,7.60325704095885,27.4550914764404
1,22.98,7.60659034084529,27.4801254272461
1,22.99,7.60992364073172,27.5087356567383
1,23,7.61325694061816,27.5313854217529
1,23.01,7.61659024050459,27.5647640228271
1,23.02,7.61992354039103,27.5945663452148
1,23.03,7.62325684027746,27.623176574707
1,23.04,7.6265901401639,27.6446342468262
1,23.05,7.62992344005033,27.6672840118408
1,23.06,7.63325673993677,27.6970863342285
1,23.07,7.63659003982321,27.7185440063477
1,23.08,7.63992333970964,27.7519226074219
1,23.09,7.64325663959607,27.7745723724365
1,23.1,7.64658993948251,27.7912616729736
1,23.11,7.64992323936895,27.8151035308838
1,23.12,7.65325653925538,27.8341770172119
1,23.13,7.65658983914182,27.8604030609131
1,23.14,7.65992313902825,27.8759002685547
1,23.15,7.66325643891469,27.8985500335693
1,23.16,7.66658973880112,27.921199798584
1,23.17,7.66992303868756,27.9319286346436
1,23.18,7.67325633857399,27.9593467712402
1,23.19,7.67658963846043,27.9796123504639
1,23.2,7.67992293834686,28.005838394165
1,23.21,7.6832562382333,28.0261039733887
1,23.22,7.68658953811973,28.0439853668213
1,23.23,7.68992283800617,28.069019317627
1,23.24,7.6932561378926,28.083324432373
1,23.25,7.69658943777904,28.1071662902832
1,23.26,7.69992273766547,28.1202793121338
1,23.27,7.70325603755191,28.1405448913574
1,23.28,7.70658933743835,28.1655788421631
1,23.29,7.70992263732478,28.1846523284912
1,23.3,7.71325593721122,28.2073020935059
1,23.31,7.71658923709765,28.2204151153564
1,23.32,7.71992253698409,28.2442569732666
1,23.33,7.72325583687052,28.2561779022217
1,23.34,7.72658913675696,28.2895565032959
1,23.35,7.72992243664339,28.3050537109375
1,23.36,7.73325573652983,28.3300876617432
1,23.37,7.73658903641626,28.3491611480713
1,23.38,7.7399223363027,28.3658504486084
1,23.39,7.74325563618913,28.3956527709961
1,23.4,7.74658893607557,28.4159183502197
1,23.41,7.749922235962,28.4326076507568
1,23.42,7.75325553584844,28.4576416015625
1,23.43,7.75658883573487,28.4767150878906
1,23.44,7.75992213562131,28.4981727600098
1,23.45,7.76325543550774,28.5208225250244
1,23.46,7.76658873539418,28.5351276397705
1,23.47,7.76992203528062,28.5518169403076
1,23.48,7.77325533516705,28.5792350769043
1,23.49,7.77658863505349,28.5947322845459
1,23.5,7.77992193493992,28.613805770874
1,23.51,7.78325523482636,28.6316871643066
1,23.52,7.78658853471279,28.6531448364258
1,23.53,7.78992183459923,28.6781787872314
1,23.54,7.79325513448566,28.7020206451416
1,23.55,7.7965884343721,28.7199020385742
1,23.56,7.79992173425853,28.7449359893799
1,23.57,7.80325503414497,28.7652015686035
1,23.58,7.8065883340314,28.7938117980957
1,23.59,7.80992163391784,28.8093090057373
1,23.6,7.81325493380427,28.8259983062744
1,23.61,7.81658823369071,28.8522243499756
1,23.62,7.81992153357715,28.8724899291992
1,23.63,7.82325483346358,28.8999080657959
1,23.64,7.82658813335002,28.9201736450195
1,23.65,7.82992143323645,28.9440155029297
1,23.66,7.83325473312289,28.9702415466309
1,23.67,7.83658803300932,28.9821624755859
1,23.68,7.83992133289576,29.0143489837646
1,23.69,7.84325463278219,29.0334224700928
1,23.7,7.84658793266863,29.0453433990479
1,23.71,7.84992123255506,29.071569442749
1,23.72,7.8532545324415,29.0799140930176
1,23.73,7.85658783232793,29.1013717651367
1,23.74,7.85992113221437,29.1156768798828
1,23.75,7.8632544321008,29.1359424591064
1,23.76,7.86658773198724,29.1550159454346
1,23.77,7.86992103187367,29.1669368743896
1,23.78,7.87325433176011,29.1883945465088
1,23.79,7.87658763164654,29.2038917541504
1,23.8,7.87992093153298,29.2229652404785
1,23.81,7.88325423141941,29.2408466339111
1,23.82,7.88658753130585,29.2587280273438
1,23.83,7.88992083119228,29.2885303497314
1,23.84,7.89325413107872,29.3004512786865
1,23.85,7.89658743096516,29.3314456939697
1,23.86,7.89992073085159,29.3493270874023
1,23.87,7.90325403073803,29.3779373168945
1,23.88,7.90658733062446,29.4053554534912
1,23.89,7.9099206305109,29.4351577758789
1,23.9,7.91325393039733,29.4375419616699
1,23.91,7.91658723028377,29.4756889343262
1,23.92,7.9199205301702,29.4947624206543
1,23.93,7.92325383005664,29.5066833496094
1,23.94,7.92658712994307,29.5257568359375
1,23.95,7.92992042982951,29.5329093933105
1,23.96,7.93325372971594,29.5567512512207
1,23.97,7.93658702960238,29.5543670654297
1,23.98,7.93992032948881,29.5853614807129
1,23.99,7.94325362937525,29.5853614807129
1,24,7.94658692926169,29.606819152832
1,24.01,7.94992022914812,29.6235084533691
1,24.02,7.95325352903456,29.6473503112793
1,24.03,7.95658682892099,29.6592712402344
1,24.04,7.95992012880743,29.6688079833984
1,24.05,7.96325342869386,29.6998023986816
1,24.06,7.9665867285803,29.7093391418457
1,24.07,7.96992002846673,29.7403335571289
1,24.08,7.97325332835317,29.759407043457
1,24.09,7.9765866282396,29.7808647155762
1,24.1,7.97991992812604,29.8285484313965
1,24.11,7.98325322801247,29.8476219177246
1,24.12,7.98658652789891,29.8833847045898
1,24.13,7.98991982778534,29.904842376709
1,24.14,7.99325312767178,29.9310684204102
1,24.15,7.99658642755821,29.9477577209473
1,24.16,7.99991972744465,29.9763679504395
1,24.17,8.00325302733108,30.0073623657227
1,24.18,8.00658632721752,30.0168991088867
1,24.19,8.00991962710395,30.0478935241699
1,24.2,8.01325292699039,30.062198638916
1,24.21,8.01658622687683,30.0955772399902
1,24.22,8.01991952676326,30.1051139831543
1,24.23,8.0232528266497,30.1337242126465
1,24.24,8.02658612653613,30.1551818847656
1,24.25,8.02991942642257,30.1766395568848
1,24.26,8.033252726309,30.1837921142578
1,24.27,8.03658602619544,30.205249786377
1,24.28,8.03991932608187,30.214786529541
1,24.29,8.04325262596831,30.2290916442871
1,24.3,8.04658592585474,30.2314758300781
1,24.31,8.04991922574118,30.2529335021973
1,24.32,8.05325252562761,30.2600860595703
1,24.33,8.05658582551405,30.2815437316895
1,24.34,8.05991912540048,30.2863121032715
1,24.35,8.06325242528692,30.3053855895996
1,24.36,8.06658572517335,30.3101539611816
1,24.37,8.06991902505979,30.3244590759277
1,24.38,8.07325232494623,30.3220748901367
1,24.39,8.07658562483266,30.3411483764648
1,24.4,8.0799189247191,30.3554534912109
1,24.41,8.08325222460553,30.3816795349121
1,24.42,8.08658552449197,30.3888320922852
1,24.43,8.0899188243784,30.4102897644043
1,24.44,8.09325212426484,30.4222106933594
1,24.45,8.09658542415127,30.4412841796875
1,24.46,8.09991872403771,30.4555892944336
1,24.47,8.10325202392414,30.4794311523438
1,24.48,8.10658532381058,30.512809753418
1,24.49,8.10991862369701,30.5318832397461
1,24.5,8.11325192358345,30.5604934692383
1,24.51,8.11658522346988,30.5819511413574
1,24.52,8.11991852335632,30.6153297424316
1,24.53,8.12325182324276,30.6415557861328
1,24.54,8.12658512312919,30.663013458252
1,24.55,8.13325172290206,30.6844711303711
1,24.57,8.13658502278849,30.7369232177734
1,24.58,8.13991832267493,30.7607650756836
1,24.59,8.14325162256137,30.7846069335938
1,24.6,8.1465849224478,30.8036804199219
1,24.61,8.15325152222067,30.829906463623
1,24.63,8.15658482210711,30.8775901794434
1,24.64,8.16325142187998,30.8895111083984
1,24.65,8.16658472176641,30.9228897094727
1,24.67,8.16991802165285,30.9562683105469
1,24.68,8.17658462142572,30.975341796875
1,24.69,8.17991792131215,30.9872627258301
1,24.7,8.18325122119859,31.0254096984863
1,24.71,8.18658452108502,31.0468673706055
1,24.72,8.18991782097146,31.0683250427246
1,24.73,8.19325112085789,31.0850143432617
1,24.74,8.19658442074433,31.1183929443359
1,24.75,8.19991772063077,31.1279296875
1,24.76,8.2032510205172,31.1470031738281
1,24.77,8.20658432040364,31.1851501464844
1,24.78,8.20991762029007,31.1994552612305
1,24.79,8.21325092017651,31.2280654907227
1,24.8,8.21658422006294,31.2495231628418
1,24.81,8.21991751994938,31.2614440917969
1,24.82,8.22325081983581,31.3115119934082
1,24.83,8.22658411972225,31.3186645507813
1,24.84,8.22991741960868,31.3496589660645
1,24.85,8.23325071949512,31.3615798950195
1,24.86,8.23658401938155,31.3878059387207
1,24.87,8.23991731926799,31.4044952392578
1,24.88,8.24325061915443,31.4164161682129
1,24.89,8.24658391904086,31.4450263977051
1,24.9,8.24991721892729,31.4569473266602
1,24.91,8.25325051881373,31.4807891845703
1,24.92,8.25658381870016,31.4998626708984
1,24.93,8.2599171185866,31.5284729003906
1,24.94,8.26325041847304,31.5380096435547
1,24.95,8.26658371835947,31.5761566162109
1,24.96,8.26991701824591,31.588077545166
1,24.97,8.27325031813234,31.6166877746582
1,24.98,8.27658361801878,31.6309928894043
1,24.99,8.27991691790521,31.6548347473145
1,25,8.28325021779165,31.6619873046875
1,25.01,8.28658351767808,31.6953659057617
1,25.02,8.28991681756452,31.7120552062988
1,25.03,8.29325011745095,31.745433807373
1,25.04,8.29658341733739,31.7573547363281
1,25.05,8.29991671722382,31.7835807800293
1,25.06,8.30325001711026,31.8002700805664
1,25.07,8.30658331699669,31.8288803100586
1,25.08,8.30991661688313,31.8479537963867
1,25.09,8.31324991676956,31.8646430969238
1,25.1,8.316583216656,31.9027900695801
1,25.11,8.31991651654244,31.9290161132813
1,25.12,8.32324981642887,31.9385528564453
1,25.13,8.32658311631531,31.9814682006836
1,25.14,8.32991641620174,31.9933891296387
1,25.15,8.33324971608818,32.0219993591309
1,25.16,8.33658301597461,32.0553779602051
1,25.17,8.33991631586105,32.0768356323242
1,25.18,8.34324961574748,32.1078300476074
1,25.19,8.34658291563392,32.1292877197266
1,25.2,8.34991621552035,32.1650505065918
1,25.21,8.35324951540679,32.1865081787109
1,25.22,8.35658281529322,32.2198867797852
1,25.23,8.35991611517966,32.2389602661133
1,25.24,8.36324941506609,32.2651863098145
1,25.25,8.36658271495253,32.2866439819336
1,25.26,8.36991601483897,32.3081016540527
1,25.27,8.3732493147254,32.3367118835449
1,25.28,8.37658261461183,32.3605537414551
1,25.29,8.37991591449827,32.3724746704102
1,25.3,8.3832492143847,32.3963165283203
1,25.31,8.38658251427114,32.4153900146484
1,25.32,8.38991581415758,32.4487686157227
1,25.33,8.39324911404401,32.4678421020508
1,25.34,8.39658241393045,32.4821472167969
1,25.35,8.39991571381688,32.505989074707
1,25.36,8.40324901370332,32.5274467468262
1,25.37,8.40658231358975,32.5560569763184
1,25.38,8.40991561347619,32.5703620910645
1,25.39,8.41324891336262,32.6108932495117
1,25.4,8.41658221324906,32.6228141784668
1,25.41,8.41991551313549,32.651424407959
1,25.42,8.42324881302193,32.6728820800781
1,25.43,8.42658211290836,32.6991081237793
1,25.44,8.4299154127948,32.7038764953613
1,25.45,8.43324871268123,32.7444076538086
1,25.46,8.43658201256767,32.7515602111816
1,25.47,8.4399153124541,32.7873229980469
1,25.48,8.44324861234054,32.804012298584
1,25.49,8.44658191222698,32.8326225280762
1,25.5,8.44991521211341,32.8397750854492
1,25.51,8.45324851199985,32.8707695007324
1,25.52,8.45658181188628,32.8779220581055
1,25.53,8.45991511177272,32.8874588012695
1,25.54,8.46324841165915,32.9208374023438
1,25.55,8.46658171154559,32.9279899597168
1,25.56,8.46991501143202,32.956600189209
1,25.57,8.47324831131846,32.9709053039551
1,25.58,8.47658161120489,32.9947471618652
1,25.59,8.47991491109133,33.0066680908203
1,25.6,8.48324821097776,33.0257415771484
1,25.61,8.4865815108642,33.0543518066406
1,25.62,8.48991481075064,33.0686569213867
1,25.63,8.49324811063707,33.0948829650879
1,25.64,8.4965814105235,33.1020355224609
1,25.65,8.49991471040994,33.1282615661621
1,25.66,8.50324801029637,33.1473350524902
1,25.67,8.50658131018281,33.1664085388184
1,25.68,8.50991461006925,33.1854820251465
1,25.69,8.51324790995568,33.2045555114746
1,25.7,8.51658120984212,33.2212448120117
1,25.71,8.51991450972855,33.2522392272949
1,25.72,8.52324780961499,33.2760810852051
1,25.73,8.52658110950142,33.2951545715332
1,25.74,8.52991440938786,33.3070755004883
1,25.75,8.53324770927429,33.3285331726074
1,25.76,8.53658100916073,33.3476066589355
1,25.77,8.53991430904716,33.3738327026367
1,25.78,8.5432476089336,33.4000587463379
1,25.79,8.54658090882003,33.4262847900391
1,25.8,8.54991420870647,33.4525108337402
1,25.81,8.5532475085929,33.4715843200684
1,25.82,8.55658080847934,33.4978103637695
1,25.83,8.55991410836577,33.5216522216797
1,25.84,8.56324740825221,33.5454940795898
1,25.85,8.56658070813865,33.576488494873
1,25.86,8.56991400802508,33.5788726806641
1,25.87,8.57324730791152,33.6170196533203
1,25.88,8.57658060779795,33.6313247680664
1,25.89,8.57991390768439,33.6480140686035
1,25.9,8.58324720757082,33.6766242980957
1,25.91,8.58658050745726,33.6980819702148
1,25.92,8.58991380734369,33.724308013916
1,25.93,8.59324710723013,33.7362289428711
1,25.94,8.59658040711656,33.7648391723633
1,25.95,8.599913707003,33.7839126586914
1,25.96,8.60324700688943,33.8196754455566
1,25.97,8.60658030677587,33.8292121887207
1,25.98,8.6099136066623,33.8506698608398
1,25.99,8.61324690654874,33.881664276123
1,26,8.61658020643518,33.8983535766602
1,26.01,8.61991350632161,33.9102745056152
1,26.02,8.62324680620804,33.9341163635254
1,26.03,8.62658010609448,33.9603424072266
1,26.04,8.62991340598091,33.9770317077637
1,26.05,8.63324670586735,33.9961051940918
1,26.06,8.63658000575379,34.022331237793
1,26.07,8.63991330564022,34.029483795166
1,26.08,8.64324660552666,34.0557098388672
1,26.09,8.64657990541309,34.0867042541504
1,26.1,8.64991320529953,34.1057777404785
1,26.11,8.65324650518596,34.1320037841797
1,26.12,8.6565798050724,34.1486930847168
1,26.13,8.65991310495883,34.172534942627
1,26.14,8.66324640484527,34.2011451721191
1,26.15,8.6665797047317,34.2226028442383
1,26.16,8.66991300461814,34.2512130737305
1,26.17,8.67324630450457,34.2774391174316
1,26.18,8.67657960439101,34.3012809753418
1,26.19,8.67991290427744,34.325122833252
1,26.2,8.68324620416388,34.3465805053711
1,26.21,8.68657950405031,34.3799591064453
1,26.22,8.68991280393675,34.3990325927734
1,26.23,8.69324610382319,34.4324111938477
1,26.24,8.69657940370962,34.4514846801758
1,26.25,8.69991270359606,34.48486328125
1,26.26,8.70324600348249,34.5087051391602
1,26.27,8.70657930336893,34.5444679260254
1,26.28,8.70991260325536,34.5706939697266
1,26.29,8.7132459031418,34.6016883850098
1,26.3,8.71657920302823,34.635066986084
1,26.31,8.71991250291467,34.6732139587402
1,26.32,8.7232458028011,34.6994400024414
1,26.33,8.72657910268754,34.7280502319336
1,26.34,8.72991240257397,34.7447395324707
1,26.35,8.73324570246041,34.7685813903809
1,26.36,8.73657900234685,34.8043441772461
1,26.37,8.73991230223328,34.8162651062012
1,26.38,8.74324560211971,34.8424911499023
1,26.39,8.74657890200615,34.8639488220215
1,26.4,8.74991220189258,34.8782539367676
1,26.41,8.75324550177902,34.9140167236328
1,26.42,8.75657880166546,34.9211692810059
1,26.43,8.75991210155189,34.945011138916
1,26.44,8.76324540143833,34.9712371826172
1,26.45,8.76657870132476,34.9926948547363
1,26.46,8.7699120012112,35.0117683410645
1,26.47,8.77324530109763,35.0284576416016
1,26.48,8.77657860098407,35.0546836853027
1,26.49,8.7799119008705,35.0618362426758
1,26.5,8.78324520075694,35.088062286377
1,26.51,8.78657850064337,35.1095199584961
1,26.52,8.78991180052981,35.1333618164063
1,26.53,8.79324510041624,35.1524353027344
1,26.54,8.79657840030268,35.1810455322266
1,26.55,8.79991170018911,35.1929664611816
1,26.56,8.80324500007555,35.2215766906738
1,26.57,8.80657829996198,35.240650177002
1,26.58,8.80991159984842,35.2573394775391
1,26.59,8.81324489973486,35.2787971496582
1,26.6,8.81657819962129,35.3050231933594
1,26.61,8.81991149950773,35.3384017944336
1,26.62,8.82324479939416,35.3527069091797
1,26.63,8.8265780992806,35.3908538818359
1,26.64,8.82991139916703,35.407543182373
1,26.65,8.83324469905347,35.4242324829102
1,26.66,8.8365779989399,35.4504585266113
1,26.67,8.83991129882634,35.4599952697754
1,26.68,8.84324459871277,35.4957580566406
1,26.69,8.84657789859921,35.5100631713867
1,26.7,8.84991119848564,35.5291366577148
1,26.71,8.85324449837208,35.550594329834
1,26.72,8.85657779825851,35.5648994445801
1,26.73,8.85991109814495,35.5911254882813
1,26.74,8.86324439803139,35.5911254882813
1,26.75,8.86657769791782,35.6221199035645
1,26.76,8.86991099780425,35.6411933898926
1,26.77,8.87324429769069,35.6578826904297
1,26.78,8.87657759757712,35.6674194335938
1,26.79,8.87991089746356,35.6936454772949
1,26.8,8.88324419735,35.712718963623
1,26.81,8.88657749723643,35.7270240783691
1,26.82,8.88991079712287,35.7604026794434
1,26.83,8.8932440970093,35.7723236083984
1,26.84,8.89657739689574,35.8009338378906
1,26.85,8.89991069678217,35.8152389526367
1,26.86,8.90324399666861,35.8414649963379
1,26.87,8.90657729655504,35.860538482666
1,26.88,8.90991059644148,35.8843803405762
1,26.89,8.91324389632791,35.9010696411133
1,26.9,8.91657719621435,35.9368324279785
1,26.91,8.91991049610078,35.9582901000977
1,26.92,8.92324379598722,35.9797477722168
1,26.93,8.92657709587365,36.015510559082
1,26.94,8.92991039576009,36.0274314880371
1,26.95,8.93324369564652,36.0608100891113
1,26.96,8.93657699553296,36.0965728759766
1,26.97,8.9399102954194,36.1227989196777
1,26.98,8.94324359530583,36.1394882202148
1,26.99,8.94657689519227,36.1800193786621
1,27,8.9499101950787,36.1967086791992
1,27.01,8.95324349496514,36.2229347229004
1,27.02,8.95657679485157,36.2372398376465
1,27.03,8.95991009473801,36.2610816955566
1,27.04,8.96324339462444,36.2849235534668
1,27.05,8.96657669451088,36.3016128540039
1,27.06,8.96990999439731,36.3302230834961
1,27.07,8.97324329428375,36.3516807556152
1,27.08,8.97657659417018,36.3731384277344
1,27.09,8.97990989405662,36.4089012145996
1,27.1,8.98324319394306,36.4208221435547
1,27.11,8.98657649382949,36.4351272583008
1,27.12,8.98990979371592,36.463737487793
1,27.13,8.99324309360236,36.4780426025391
1,27.14,8.99657639348879,36.5138053894043
1,27.15,8.99990969337523,36.5304946899414
1,27.16,9.00324299326167,36.5471839904785
1,27.17,9.0065762931481,36.5734100341797
1,27.18,9.00990959303454,36.5877151489258
1,27.19,9.01324289292097,36.613941192627
1,27.2,9.01657619280741,36.62109375
1,27.21,9.01990949269384,36.6520881652832
1,27.22,9.02324279258028,36.6711616516113
1,27.23,9.02657609246671,36.7045402526855
1,27.24,9.02990939235315,36.7140769958496
1,27.25,9.03324269223958,36.7188453674316
1,27.26,9.03657599212602,36.7426872253418
1,27.27,9.03990929201245,36.7593765258789
1,27.28,9.04324259189889,36.7903709411621
1,27.29,9.04657589178532,36.8070602416992
1,27.3,9.04990919167176,36.8261337280273
1,27.31,9.05324249155819,36.8452072143555
1,27.32,9.05657579144463,36.8595123291016
1,27.33,9.05990909133107,36.8785858154297
1,27.34,9.0632423912175,36.9048118591309
1,27.35,9.06657569110394,36.9167327880859
1,27.36,9.06990899099037,36.9429588317871
1,27.37,9.07324229087681,36.9691848754883
1,27.38,9.07657559076324,36.9834899902344
1,27.39,9.07990889064968,37.0144844055176
1,27.4,9.08324219053611,37.0335578918457
1,27.41,9.08657549042255,37.0597839355469
1,27.42,9.08990879030898,37.0955467224121
1,27.43,9.09324209019542,37.1217727661133
1,27.44,9.09657539008185,37.1432304382324
1,27.45,9.09990868996829,37.1575355529785
1,27.46,9.10324198985472,37.2052192687988
1,27.47,9.10657528974116,37.229061126709
1,27.48,9.1099085896276,37.2529029846191
1,27.49,9.11324188951403,37.2672080993652
1,27.5,9.11657518940046,37.3077392578125
1,27.51,9.1199084892869,37.3363494873047
1,27.52,9.12324178917333,37.3578071594238
1,27.53,9.12657508905977,37.386417388916
1,27.54,9.12990838894621,37.3959541320801
1,27.55,9.13324168883264,37.4317169189453
1,27.56,9.13657498871908,37.4460220336914
1,27.57,9.13990828860551,37.4698638916016
1,27.58,9.14324158849195,37.4841690063477
1,27.59,9.14657488837838,37.5175476074219
1,27.6,9.14990818826482,37.534236907959
1,27.61,9.15324148815125,37.53662109375
1,27.62,9.15657478803769,37.5771522521973
1,27.63,9.15990808792412,37.5962257385254
1,27.64,9.16324138781056,37.6176834106445
1,27.65,9.16657468769699,37.6439094543457
1,27.66,9.16990798758343,37.6725196838379
1,27.67,9.17324128746986,37.6987457275391
1,27.68,9.1765745873563,37.7202033996582
1,27.69,9.17990788724273,37.7511978149414
1,27.7,9.18324118712917,37.7893447875977
1,27.71,9.18657448701561,37.8131866455078
1,27.72,9.18990778690204,37.844181060791
1,27.73,9.19324108678848,37.8632545471191
1,27.74,9.19657438667491,37.8942489624023
1,27.75,9.19990768656135,37.9276275634766
1,27.76,9.20324098644778,37.9514694213867
1,27.77,9.20657428633422,37.9753112792969
1,27.78,9.20990758622065,37.987232208252
1,27.79,9.21324088610709,38.0158424377441
1,27.8,9.21657418599352,38.0301475524902
1,27.81,9.21990748587996,38.0516052246094
1,27.82,9.22324078576639,38.0754470825195
1,27.83,9.22657408565283,38.0873680114746
1,27.84,9.22990738553927,38.1135940551758
1,27.85,9.2332406854257,38.1278991699219
1,27.86,9.23657398531213,38.154125213623
1,27.87,9.23990728519857,38.1612777709961
1,27.88,9.243240585085,38.1898880004883
1,27.89,9.24657388497144,38.2328033447266
1,27.9,9.24990718485788,38.2471084594727
1,27.91,9.25324048474431,38.2804870605469
1,27.92,9.25657378463075,38.301944732666
1,27.93,9.25990708451718,38.3353233337402
1,27.94,9.26324038440362,38.3543968200684
1,27.95,9.26657368429005,38.3830070495605
1,27.96,9.26990698417649,38.4068489074707
1,27.97,9.27324028406292,38.4330749511719
1,27.98,9.27657358394936,38.4664535522461
1,27.99,9.27990688383579,38.4831428527832
1,28,9.28324018372223,38.5212898254395
1,28.01,9.28657348360866,38.5403633117676
1,28.02,9.2899067834951,38.5642051696777
1,28.03,9.29324008338153,38.5713577270508
1,28.04,9.29657338326797,38.5832786560059
1,28.05,9.2999066831544,38.6214256286621
1,28.06,9.30323998304084,38.6452674865723
1,28.07,9.30657328292728,38.6714935302734
1,28.08,9.31323988270015,38.6905670166016
1,28.1,9.31657318258658,38.7382507324219
1,28.11,9.31990648247302,38.7477874755859
1,28.12,9.32323978235945,38.7930870056152
1,28.13,9.32990638213232,38.8073921203613
1,28.14,9.33323968201876,38.8431549072266
1,28.16,9.33657298190519,38.8860702514648
1,28.17,9.34323958167806,38.9266014099121
1,28.18,9.3465728815645,38.9361381530762
1,28.19,9.34990618145093,38.9862060546875
1,28.2,9.35323948133737,39.0052795410156
1,28.21,9.35657278122381,39.0505790710449
1,28.22,9.35990608111024,39.0720367431641
1,28.23,9.36323938099667,39.1006469726563
1,28.24,9.36657268088311,39.1340255737305
1,28.25,9.36990598076954,39.1554832458496
1,28.26,9.37323928065598,39.1864776611328
1,28.27,9.37657258054242,39.2055511474609
1,28.28,9.37990588042885,39.2436981201172
1,28.29,9.38323918031529,39.2556190490723
1,28.3,9.38657248020172,39.2937660217285
1,28.31,9.38990578008816,39.3080711364746
1,28.32,9.39323907997459,39.3557548522949
1,28.33,9.39657237986103,39.362907409668
1,28.34,9.39990567974746,39.3915176391602
1,28.35,9.4032389796339,39.4129753112793
1,28.36,9.40657227952033,39.4272804260254
1,28.37,9.40990557940677,39.4558906555176
1,28.38,9.4132388792932,39.4654273986816
1,28.39,9.41657217917964,39.5011901855469
1,28.4,9.41990547906607,39.517879486084
1,28.41,9.42323877895251,39.5345687866211
1,28.42,9.42657207883894,39.5536422729492
1,28.43,9.42990537872538,39.5846366882324
1,28.44,9.43323867861182,39.5941734313965
1,28.45,9.43657197849825,39.6251678466797
1,28.46,9.43990527838469,39.6466255187988
1,28.47,9.44323857827112,39.6728515625
1,28.48,9.44657187815756,39.6919250488281
1,28.49,9.44990517804399,39.7109985351563
1,28.5,9.45323847793043,39.7467613220215
1,28.51,9.45657177781686,39.7610664367676
1,28.52,9.4599050777033,39.7896766662598
1,28.53,9.46323837758973,39.818286895752
1,28.54,9.46657167747617,39.8445129394531
1,28.55,9.4699049773626,39.8659706115723
1,28.56,9.47323827724904,39.8802757263184
1,28.57,9.47657157713548,39.9136543273926
1,28.58,9.47990487702191,39.9279594421387
1,28.59,9.48323817690834,39.9518013000488
1,28.6,9.48657147679478,39.9684906005859
1,28.61,9.48990477668121,39.9994850158691
1,28.62,9.49323807656765,40.0090217590332
1,28.63,9.49657137645409,40.0257110595703
1,28.64,9.49990467634052,40.0424003601074
1,28.65,9.50323797622696,40.0519371032715
1,28.66,9.50657127611339,40.0757789611816
1,28.67,9.50990457599983,40.0876998901367
1,28.68,9.51323787588626,40.1115417480469
1,28.69,9.5165711757727,40.132999420166
1,28.7,9.51990447565913,40.1449203491211
1,28.71,9.52323777554557,40.1759147644043
1,28.72,9.526571075432,40.2045249938965
1,28.73,9.52990437531844,40.2188301086426
1,28.74,9.53323767520487,40.2379035949707
1,28.75,9.53657097509131,40.2712821960449
1,28.76,9.53990427497774,40.2927398681641
1,28.77,9.54323757486418,40.3141975402832
1,28.78,9.54657087475061,40.3428077697754
1,28.79,9.54990417463705,40.3642654418945
1,28.8,9.55323747452349,40.3952598571777
1,28.81,9.55657077440992,40.4119491577148
1,28.82,9.55990407429636,40.435791015625
1,28.83,9.56323737418279,40.4667854309082
1,28.84,9.56657067406923,40.4882431030273
1,28.85,9.56990397395566,40.5168533325195
1,28.86,9.5732372738421,40.5478477478027
1,28.87,9.57657057372853,40.5669212341309
1,28.88,9.57990387361497,40.5979156494141
1,28.89,9.5832371735014,40.6074523925781
1,28.9,9.58657047338784,40.6479835510254
1,28.91,9.58990377327427,40.6622886657715
1,28.92,9.59323707316071,40.7004356384277
1,28.93,9.59657037304714,40.7266616821289
1,28.94,9.59990367293358,40.745735168457
1,28.95,9.60323697282002,40.7767295837402
1,28.96,9.60657027270645,40.7910346984863
1,28.97,9.60990357259288,40.8387184143066
1,28.98,9.61323687247932,40.8625602722168
1,28.99,9.61657017236575,40.898323059082
1,29,9.61990347225219,40.9317016601563
1,29.01,9.62323677213863,40.9603118896484
1,29.02,9.62657007202506,40.9960746765137
1,29.03,9.6299033719115,41.0223007202148
1,29.04,9.63323667179793,41.0628318786621
1,29.05,9.63656997168437,41.0866737365723
1,29.06,9.6399032715708,41.1295890808105
1,29.07,9.64323657145724,41.1486625671387
1,29.08,9.64656987134367,41.193962097168
1,29.09,9.64990317123011,41.2154197692871
1,29.1,9.65323647111654,41.2344932556152
1,29.11,9.65656977100298,41.2631034851074
1,29.12,9.65990307088941,41.2821769714355
1,29.13,9.66323637077585,41.3107872009277
1,29.14,9.66656967066228,41.3250923156738
1,29.15,9.66990297054872,41.344165802002
1,29.16,9.67323627043515,41.3656234741211
1,29.17,9.67656957032159,41.3870811462402
1,29.18,9.67990287020803,41.4133071899414
1,29.19,9.68323617009446,41.4299964904785
1,29.2,9.6865694699809,41.4562225341797
1,29.21,9.68990276986733,41.4705276489258
1,29.22,9.69323606975377,41.4919853210449
1,29.23,9.6965693696402,41.5229797363281
1,29.24,9.69990266952664,41.5372848510742
1,29.25,9.70323596941307,41.5658950805664
1,29.26,9.70656926929951,41.5849685668945
1,29.27,9.70990256918594,41.6207313537598
1,29.28,9.71323586907238,41.6398048400879
1,29.29,9.71656916895881,41.656494140625
1,29.3,9.71990246884525,41.6779518127441
1,29.31,9.72323576873169,41.6994094848633
1,29.32,9.72656906861812,41.7280197143555
1,29.33,9.72990236850456,41.7542457580566
1,29.34,9.73323566839099,41.7733192443848
1,29.35,9.73656896827742,41.806697845459
1,29.36,9.73990226816386,41.8305397033691
1,29.37,9.7432355680503,41.8543815612793
1,29.38,9.74656886793673,41.8853759765625
1,29.39,9.74990216782317,41.8996810913086
1,29.4,9.7532354677096,41.9330596923828
1,29.41,9.75656876759604,41.961669921875
1,29.42,9.75990206748247,41.9759750366211
1,29.43,9.76323536736891,42.0165061950684
1,29.44,9.76656866725534,42.0355796813965
1,29.45,9.76990196714178,42.0689582824707
1,29.46,9.77323526702821,42.0951843261719
1,29.47,9.77656856691465,42.1142578125
1,29.48,9.77990186680108,42.1476364135742
1,29.49,9.78323516668752,42.1643257141113
1,29.5,9.78656846657395,42.1833992004395
1,29.51,9.78990176646039,42.2143936157227
1,29.52,9.79323506634682,42.2358512878418
1,29.53,9.79656836623326,42.266845703125
1,29.54,9.7999016661197,42.2763824462891
1,29.55,9.80323496600613,42.3097610473633
1,29.56,9.80656826589257,42.3264503479004
1,29.57,9.809901565779,42.3598289489746
1,29.58,9.81323486566544,42.3836708068848
1,29.59,9.81656816555187,42.4098968505859
1,29.6,9.81990146543831,42.4480438232422
1,29.61,9.82323476532474,42.4671173095703
1,29.62,9.82656806521118,42.4957275390625
1,29.63,9.82990136509761,42.5171852111816
1,29.64,9.83323466498405,42.5577163696289
1,29.65,9.83656796487048,42.567253112793
1,29.66,9.83990126475692,42.6030158996582
1,29.67,9.84323456464335,42.6268577575684
1,29.68,9.84656786452979,42.6650047302246
1,29.69,9.84990116441623,42.6864624023438
1,29.7,9.85323446430266,42.6936149597168
1,29.71,9.85656776418909,42.7341461181641
1,29.72,9.85990106407553,42.7460670471191
1,29.73,9.86323436396196,42.7842140197754
1,29.74,9.8665676638484,42.8032875061035
1,29.75,9.86990096373484,42.8366661071777
1,29.76,9.87323426362127,42.8605079650879
1,29.77,9.87656756350771,42.8867340087891
1,29.78,9.87990086339414,42.9034233093262
1,29.79,9.88323416328058,42.9439544677734
1,29.8,9.88656746316701,42.9630279541016
1,29.81,9.88990076305345,42.9916381835938
1,29.82,9.89323406293988,43.0107116699219
1,29.83,9.89656736282632,43.0488586425781
1,29.84,9.89990066271275,43.0679321289063
1,29.85,9.90323396259919,43.0965423583984
1,29.86,9.90656726248562,43.1394577026367
1,29.87,9.90990056237206,43.1585311889648
1,29.88,9.91323386225849,43.177604675293
1,29.89,9.91656716214493,43.2038307189941
1,29.9,9.91990046203136,43.2395935058594
1,29.91,9.9232337619178,43.2634353637695
1,29.92,9.92656706180424,43.2801246643066
1,29.93,9.92990036169067,43.3206558227539
1,29.94,9.93323366157711,43.3349609375
1,29.95,9.93656696146354,43.3778762817383
1,29.96,9.93990026134998,43.3969497680664
1,29.97,9.94323356123641,43.4255599975586
1,29.98,9.94656686112285,43.4446334838867
1,29.99,9.94990016100928,43.4732437133789
1,30,9.95323346089572,43.487548828125
1,30.01,9.95656676078215,43.5042381286621
1,30.02,9.95990006066859,43.5376167297363
1,30.03,9.96323336055502,43.5423851013184
1,30.04,9.96656666044146,43.5829162597656
1,30.05,9.9698999603279,43.5876846313477
1,30.06,9.97323326021433,43.6186790466309
1,30.07,9.97656656010077,43.635368347168
1,30.08,9.9798998599872,43.6615943908691
1,30.09,9.98323315987363,43.6806678771973
1,30.1,9.98656645976007,43.7045097351074
1,30.11,9.98989975964651,43.7307357788086
1,30.12,9.99323305953294,43.7450408935547
1,30.13,9.99656635941938,43.7712669372559
1,30.14,9.99989965930581,43.787956237793
1,30.15,10.0032329591922,43.8165664672852
1,30.16,10.0065662590787,43.8237190246582
1,30.17,10.0098995589651,43.8404083251953
1,30.18,10.0132328588516,43.8618659973145
1,30.19,10.016566158738,43.8857078552246
1,30.2,10.0198994586244,43.9071655273438
1,30.21,10.0232327585109,43.947696685791
1,30.22,10.0265660583973,43.9596176147461
1,30.23,10.0298993582837,43.9953804016113
1,30.24,10.0332326581702,44.0120697021484
1,30.25,10.0365659580566,44.0478324890137
1,30.26,10.039899257943,44.0740585327148
1,30.27,10.0432325578295,44.1098213195801
1,30.28,10.0465658577159,44.1265106201172
1,30.29,10.0498991576023,44.1718101501465
1,30.3,10.0532324574888,44.1932678222656
1,30.31,10.0565657573752,44.2290306091309
1,30.32,10.0598990572616,44.25048828125
1,30.33,10.0632323571481,44.2862510681152
1,30.34,10.0665656570345,44.3148612976074
1,30.35,10.069898956921,44.3458557128906
1,30.36,10.0732322568074,44.3816184997559
1,30.37,10.0765655566938,44.405460357666
1,30.38,10.0798988565803,44.4293022155762
1,30.39,10.0832321564667,44.4555282592773
1,30.4,10.0865654563531,44.4793701171875
1,30.41,10.0898987562396,44.5079803466797
1,30.42,10.093232056126,44.5270538330078
1,30.43,10.0965653560124,44.558048248291
1,30.44,10.0998986558989,44.5675849914551
1,30.45,10.1032319557853,44.5985794067383
1,30.46,10.1065652556717,44.6319580078125
1,30.47,10.1098985555582,44.6462631225586
1,30.48,10.1132318554446,44.6820259094238
1,30.49,10.116565155331,44.6963310241699
1,30.5,10.1198984552175,44.7392463684082
1,30.51,10.1232317551039,44.7630882263184
1,30.52,10.1265650549904,44.7988510131836
1,30.53,10.1298983548768,44.8250770568848
1,30.54,10.1332316547632,44.8465347290039
1,30.55,10.1365649546497,44.8799133300781
1,30.56,10.1398982545361,44.9061393737793
1,30.57,10.1432315544225,44.9562072753906
1,30.58,10.146564854309,44.9824333190918
1,30.59,10.1498981541954,45.0038909912109
1,30.6,10.1532314540818,45.0372695922852
1,30.61,10.1565647539683,45.0634956359863
1,30.62,10.1598980538547,45.0992584228516
1,30.63,10.1632313537411,45.1302528381348
1,30.64,10.1665646536276,45.1469421386719
1,30.65,10.169897953514,45.1827049255371
1,30.66,10.1732312534004,45.2017784118652
1,30.67,10.1765645532869,45.2280044555664
1,30.68,10.1798978531733,45.2518463134766
1,30.69,10.1832311530598,45.2852249145508
1,30.7,10.1865644529462,45.3019142150879
1,30.71,10.1898977528326,45.3305244445801
1,30.72,10.1932310527191,45.3639030456543
1,30.73,10.1965643526055,45.3782081604004
1,30.74,10.1998976524919,45.4044342041016
1,30.75,10.2032309523784,45.4306602478027
1,30.76,10.2065642522648,45.4449653625488
1,30.77,10.2098975521512,45.478343963623
1,30.78,10.2132308520377,45.4831123352051
1,30.79,10.2165641519241,45.5188751220703
1,30.8,10.2198974518105,45.5379486083984
1,30.81,10.223230751697,45.5665588378906
1,30.82,10.2265640515834,45.5856323242188
1,30.83,10.2298973514698,45.623779296875
1,30.84,10.2332306513563,45.6357002258301
1,30.85,10.2365639512427,45.6666946411133
1,30.86,10.2398972511292,45.6833839416504
1,30.87,10.2432305510156,45.7072257995605
1,30.88,10.246563850902,45.7429885864258
1,30.89,10.2498971507885,45.7620620727539
1,30.9,10.2532304506749,45.7859039306641
1,30.91,10.2565637505613,45.8145141601563
1,30.92,10.2598970504478,45.8550453186035
1,30.93,10.2632303503342,45.8693504333496
1,30.94,10.2665636502206,45.9074974060059
1,30.95,10.2698969501071,45.933723449707
1,30.96,10.2732302499935,45.9599494934082
1,30.97,10.2765635498799,45.9980964660645
1,30.98,10.2798968497664,46.0124015808105
1,30.99,10.2832301496528,46.0529327392578
1,31,10.2865634495392,46.086311340332
1,31.01,10.2898967494257,46.1101531982422
1,31.02,10.2932300493121,46.1363792419434
1,31.03,10.2965633491986,46.1721420288086
1,31.04,10.299896649085,46.2055206298828
1,31.05,10.3032299489714,46.2222099304199
1,31.06,10.3065632488579,46.2579727172852
1,31.07,10.3098965487443,46.2841987609863
1,31.08,10.3132298486307,46.3294982910156
1,31.09,10.3165631485172,46.3485717773438
1,31.1,10.3198964484036,46.3700294494629
1,31.11,10.32322974829,46.3986396789551
1,31.12,10.3265630481765,46.4272499084473
1,31.13,10.3298963480629,46.4582443237305
1,31.14,10.3332296479493,46.4797019958496
1,31.15,10.3365629478358,46.5083122253418
1,31.16,10.3398962477222,46.534538269043
1,31.17,10.3432295476086,46.5607643127441
1,31.18,10.3465628474951,46.5846061706543
1,31.19,10.3498961473815,46.6036796569824
1,31.2,10.3532294472679,46.6370582580566
1,31.21,10.3565627471544,46.6513633728027
1,31.22,10.3598960470408,46.6752052307129
1,31.23,10.3632293469273,46.7061996459961
1,31.24,10.3665626468137,46.7205047607422
1,31.25,10.3698959467001,46.7562675476074
1,31.26,10.3732292465866,46.7634201049805
1,31.27,10.376562546473,46.8039512634277
1,31.28,10.3798958463594,46.8301773071289
1,31.29,10.3832291462459,46.8540191650391
1,31.3,10.3865624461323,46.8778610229492
1,31.31,10.3898957460187,46.9064712524414
1,31.32,10.3932290459052,46.9326972961426
1,31.33,10.3965623457916,46.9565391540527
1,31.34,10.399895645678,46.9827651977539
1,31.35,10.4032289455645,47.0185279846191
1,31.36,10.4065622454509,47.0399856567383
1,31.37,10.4132288452238,47.0709800720215
1,31.39,10.4165621451102,47.1353530883789
1,31.4,10.4198954449967,47.154426574707
1,31.41,10.4232287448831,47.1925735473633
1,31.42,10.429895344656,47.2211837768555
1,31.43,10.4332286445424,47.2474098205566
1,31.45,10.4365619444288,47.2903251647949
1,31.46,10.4432285442017,47.3213195800781
1,31.47,10.4465618440881,47.3523139953613
1,31.48,10.4498951439746,47.3809242248535
1,31.49,10.453228443861,47.3928451538086
1,31.5,10.4565617437474,47.4262237548828
1,31.51,10.4598950436339,47.447681427002
1,31.52,10.4632283435203,47.4739074707031
1,31.53,10.4665616434067,47.5049018859863
1,31.55,10.4732282431796,47.5549697875977
1,31.56,10.4765615430661,47.5811958312988
1,31.57,10.4798948429525,47.6169586181641
1,31.58,10.4832281428389,47.6503372192383
1,31.59,10.4865614427254,47.6789474487305
1,31.6,10.4898947426118,47.7051734924316
1,31.61,10.4932280424982,47.7337837219238
1,31.62,10.4965613423847,47.760009765625
1,31.63,10.4998946422711,47.7981567382813
1,31.64,10.5032279421575,47.8172302246094
1,31.65,10.506561242044,47.8529930114746
1,31.66,10.5098945419304,47.8696823120117
1,31.67,10.5132278418168,47.9006767272949
1,31.68,10.5165611417033,47.91259765625
1,31.69,10.5198944415897,47.9340553283691
1,31.7,10.5232277414761,47.9626655578613
1,31.71,10.5265610413626,47.9817390441895
1,31.72,10.529894341249,48.0103492736816
1,31.73,10.5332276411355,48.0294227600098
1,31.74,10.5365609410219,48.0437278747559
1,31.75,10.5398942409083,48.072338104248
1,31.76,10.5432275407948,48.0937957763672
1,31.77,10.5465608406812,48.1367111206055
1,31.78,10.5498941405676,48.1510162353516
1,31.79,10.5532274404541,48.1867790222168
1,31.8,10.5565607403405,48.2010841369629
1,31.81,10.5598940402269,48.2296943664551
1,31.82,10.5632273401134,48.2559204101563
1,31.83,10.5665606399998,48.2797622680664
1,31.84,10.5698939398862,48.3059883117676
1,31.85,10.5732272397727,48.3250617980957
1,31.86,10.5765605396591,48.3536720275879
1,31.87,10.5798938395455,48.3870506286621
1,31.88,10.583227139432,48.4085083007813
1,31.89,10.5865604393184,48.4442710876465
1,31.9,10.5898937392049,48.4776496887207
1,31.91,10.5932270390913,48.4991073608398
1,31.92,10.5965603389777,48.5348701477051
1,31.93,10.5998936388642,48.5658645629883
1,31.94,10.6032269387506,48.5944747924805
1,31.95,10.606560238637,48.6207008361816
1,31.96,10.6098935385235,48.6493110656738
1,31.97,10.6132268384099,48.675537109375
1,31.98,10.6165601382963,48.7017631530762
1,31.99,10.6198934381828,48.7351417541504
1,32,10.6232267380692,48.7637519836426
1,32.01,10.6265600379556,48.7875938415527
1,32.02,10.6298933378421,48.8185882568359
1,32.03,10.6332266377285,48.8400459289551
1,32.04,10.6365599376149,48.8543510437012
1,32.05,10.6398932375014,48.8853454589844
1,32.06,10.6432265373878,48.8948822021484
1,32.07,10.6465598372743,48.9306449890137
1,32.08,10.6498931371607,48.9544868469238
1,32.09,10.6532264370471,48.987865447998
1,32.1,10.6565597369336,49.0093231201172
1,32.11,10.65989303682,49.0355491638184
1,32.12,10.6632263367064,49.0641593933105
1,32.13,10.6665596365929,49.0975379943848
1,32.14,10.6698929364793,49.1189956665039
1,32.15,10.6732262363657,49.1428375244141
1,32.16,10.6765595362522,49.1786003112793
1,32.17,10.6798928361386,49.2095947265625
1,32.18,10.683226136025,49.2453575134277
1,32.19,10.6865594359115,49.2572784423828
1,32.2,10.6898927357979,49.3049621582031
1,32.21,10.6932260356843,49.3240356445313
1,32.22,10.6965593355708,49.3431091308594
1,32.23,10.6998926354572,49.3788719177246
1,32.24,10.7032259353437,49.3860244750977
1,32.25,10.7065592352301,49.436092376709
1,32.26,10.7098925351165,49.4575500488281
1,32.27,10.713225835003,49.4766235351563
1,32.28,10.7165591348894,49.4956970214844
1,32.29,10.7198924347758,49.5266914367676
1,32.3,10.7232257346623,49.5505332946777
1,32.31,10.7265590345487,49.5767593383789
1,32.32,10.7298923344351,49.6053695678711
1,32.33,10.7332256343216,49.6244430541992
1,32.34,10.736558934208,49.6554374694824
1,32.35,10.7398922340944,49.6745109558105
1,32.36,10.7432255339809,49.7031211853027
1,32.37,10.7465588338673,49.7341156005859
1,32.38,10.7498921337537,49.7579574584961
1,32.39,10.7532254336402,49.7865676879883
1,32.4,10.7565587335266,49.8151779174805
1,32.41,10.7598920334131,49.8509407043457
1,32.42,10.7632253332995,49.891471862793
1,32.43,10.7665586331859,49.9200820922852
1,32.44,10.7698919330724,49.9463081359863
1,32.45,10.7732252329588,49.9749183654785
1,32.46,10.7765585328452,49.9892234802246
1,32.47,10.7798918327317,50.0321388244629
1,32.48,10.7832251326181,50.0655174255371
1,32.49,10.7865584325045,50.0893592834473
1,32.5,10.789891732391,50.1203536987305
1,32.51,10.7932250322774,50.1418113708496
1,32.52,10.7965583321638,50.1751899719238
1,32.53,10.7998916320503,50.196647644043
1,32.54,10.8032249319367,50.2276420593262
1,32.55,10.8065582318231,50.2514839172363
1,32.56,10.8098915317096,50.2753257751465
1,32.57,10.813224831596,50.2920150756836
1,32.58,10.8165581314825,50.3206253051758
1,32.59,10.8198914313689,50.3301620483398
1,32.6,10.8232247312553,50.349235534668
1,32.61,10.8265580311418,50.3754615783691
1,32.62,10.8298913310282,50.3921508789063
1,32.63,10.8332246309146,50.4183769226074
1,32.64,10.8365579308011,50.4279136657715
1,32.65,10.8398912306875,50.4398345947266
1,32.66,10.8432245305739,50.4684448242188
1,32.67,10.8465578304604,50.4827499389648
1,32.68,10.8498911303468,50.501823425293
1,32.69,10.8532244302332,50.5304336547852
1,32.7,10.8565577301197,50.5399703979492
1,32.71,10.8598910300061,50.5733489990234
1,32.72,10.8632243298925,50.5995750427246
1,32.73,10.866557629779,50.6210327148438
1,32.74,10.8698909296654,50.6472587585449
1,32.75,10.8732242295519,50.6782531738281
1,32.76,10.8765575294383,50.7044792175293
1,32.77,10.8798908293247,50.7330894470215
1,32.78,10.8832241292112,50.7569313049316
1,32.79,10.8865574290976,50.7926940917969
1,32.8,10.889890728984,50.8236885070801
1,32.81,10.8932240288705,50.8570671081543
1,32.82,10.8965573287569,50.8904457092285
1,32.83,10.8998906286433,50.9142875671387
1,32.84,10.9032239285298,50.959587097168
1,32.85,10.9065572284162,50.9929656982422
1,32.86,10.9098905283026,51.0239601135254
1,32.87,10.9132238281891,51.0644912719727
1,32.88,10.9165571280755,51.0883331298828
1,32.89,10.9198904279619,51.121711730957
1,32.9,10.9232237278484,51.1503219604492
1,32.91,10.9265570277348,51.1789321899414
1,32.92,10.9298903276213,51.2123107910156
1,32.93,10.9332236275077,51.2433052062988
1,32.94,10.9365569273941,51.2552261352539
1,32.95,10.9398902272806,51.3029098510742
1,32.96,10.943223527167,51.3124465942383
1,32.97,10.9465568270534,51.3482093811035
1,32.98,10.9498901269399,51.3648986816406
1,32.99,10.9532234268263,51.3935089111328
1,33,10.9565567267127,51.424503326416
1,33.01,10.9598900265992,51.4459609985352
1,33.02,10.9632233264856,51.4793395996094
1,33.03,10.966556626372,51.5031814575195
1,33.04,10.9698899262585,51.5365600585938
1,33.05,10.9732232261449,51.5580177307129
1,33.06,10.9765565260313,51.5937805175781
1,33.07,10.9798898259178,51.6247749328613
1,33.08,10.9832231258042,51.6510009765625
1,33.09,10.9865564256907,51.6819953918457
1,33.1,10.9898897255771,51.7153739929199
1,33.11,10.9932230254635,51.734447479248
1,33.12,10.99655632535,51.7678260803223
1,33.13,10.9998896252364,51.8012046813965
1,33.14,11.0032229251228,51.8393516540527
1,33.15,11.0065562250093,51.877498626709
1,33.16,11.0098895248957,51.9180297851563
1,33.17,11.0132228247821,51.9418716430664
1,33.18,11.0165561246686,51.9728660583496
1,33.19,11.019889424555,52.0133972167969
1,33.2,11.0232227244414,52.0491600036621
1,33.21,11.0265560243279,52.0849227905273
1,33.22,11.0298893242143,52.1206855773926
1,33.23,11.0332226241007,52.1516799926758
1,33.24,11.0365559239872,52.182674407959
1,33.25,11.0398892238736,52.2184371948242
1,33.26,11.0432225237601,52.2470474243164
1,33.27,11.0465558236465,52.2732734680176
1,33.28,11.0498891235329,52.3066520690918
1,33.29,11.0532224234194,52.3281097412109
1,33.3,11.0565557233058,52.3519515991211
1,33.31,11.0598890231922,52.3829460144043
1,33.32,11.0632223230787,52.4044036865234
1,33.33,11.0665556229651,52.4330139160156
1,33.34,11.0698889228515,52.4640083312988
1,33.35,11.073222222738,52.483081817627
1,33.36,11.0765555226244,52.5093078613281
1,33.37,11.0798888225108,52.5426864624023
1,33.38,11.0832221223973,52.5593757629395
1,33.39,11.0865554222837,52.5832176208496
1,33.4,11.0898887221701,52.6118278503418
1,33.41,11.0932220220566,52.635669708252
1,33.42,11.096555321943,52.6738166809082
1,33.43,11.0998886218295,52.6905059814453
1,33.44,11.1032219217159,52.7095794677734
1,33.45,11.1065552216023,52.7501106262207
1,33.46,11.1098885214888,52.7691841125488
1,33.47,11.1132218213752,52.797794342041
1,33.48,11.1165551212616,52.8287887573242
1,33.49,11.1198884211481,52.8430938720703
1,33.5,11.1232217210345,52.8693199157715
1,33.51,11.1265550209209,52.8955459594727
1,33.52,11.1298883208074,52.9098510742188
1,33.53,11.1332216206938,52.945613861084
1,33.54,11.1365549205802,52.955150604248
1,33.55,11.1398882204667,52.9766082763672
1,33.56,11.1432215203531,53.0004501342773
1,33.57,11.1465548202395,53.0242919921875
1,33.58,11.149888120126,53.0290603637695
1,33.59,11.1532214200124,53.0552864074707
1,33.6,11.1565547198988,53.0791282653809
1,33.61,11.1598880197853,53.1005859375
1,33.62,11.1632213196717,53.1268119812012
1,33.63,11.1665546195582,53.1411170959473
1,33.64,11.1698879194446,53.1744956970215
1,33.65,11.173221219331,53.1840324401855
1,33.66,11.1765545192175,53.2126426696777
1,33.67,11.1798878191039,53.2269477844238
1,33.68,11.1832211189903,53.260326385498
1,33.69,11.1865544188768,53.2722473144531
1,33.7,11.1898877187632,53.3127784729004
1,33.71,11.1932210186496,53.3294677734375
1,33.72,11.1965543185361,53.3556938171387
1,33.73,11.1998876184225,53.3795356750488
1,33.74,11.2032209183089,53.3914566040039
1,33.75,11.2065542181954,53.4224510192871
1,33.76,11.2098875180818,53.4486770629883
1,33.77,11.2132208179682,53.4892082214355
1,33.78,11.2165541178547,53.5154342651367
1,33.79,11.2198874177411,53.551197052002
1,33.8,11.2232207176276,53.5821914672852
1,33.81,11.226554017514,53.6108016967773
1,33.82,11.2298873174004,53.6394119262695
1,33.83,11.2332206172869,53.6870956420898
1,33.84,11.2365539171733,53.715705871582
1,33.85,11.2398872170597,53.7467002868652
1,33.86,11.2432205169462,53.7848472595215
1,33.87,11.2465538168326,53.8015365600586
1,33.88,11.249887116719,53.8468360900879
1,33.89,11.2532204166055,53.870677947998
1,33.9,11.2565537164919,53.9040565490723
1,33.91,11.2598870163783,53.9255142211914
1,33.92,11.2632203162648,53.9541244506836
1,33.93,11.2665536161512,53.9755821228027
1,33.94,11.2698869160377,54.0041923522949
1,33.95,11.2732202159241,54.0328025817871
1,33.96,11.2765535158105,54.0518760681152
1,33.97,11.279886815697,54.0852546691895
1,33.98,11.2832201155834,54.1186332702637
1,33.99,11.2865534154698,54.1424751281738
1,34,11.2898867153563,54.163932800293
1,34.01,11.2932200152427,54.2092323303223
1,34.02,11.2965533151291,54.2163848876953
1,34.03,11.2998866150156,54.2616844177246
1,34.04,11.303219914902,54.2855262756348
1,34.05,11.3065532147884,54.3117523193359
1,34.06,11.3098865146749,54.3427467346191
1,34.07,11.3132198145613,54.3665885925293
1,34.08,11.3165531144477,54.4047355651855
1,34.09,11.3198864143342,54.4357299804688
1,34.1,11.3232197142206,54.4571876525879
1,34.11,11.326553014107,54.5072555541992
1,34.12,11.3298863139935,54.5310974121094
1,34.13,11.3332196138799,54.5644760131836
1,34.14,11.3365529137664,54.5954704284668
1,34.15,11.3398862136528,54.628849029541
1,34.16,11.3432195135392,54.6813011169434
1,34.17,11.3465528134257,54.7027587890625
1,34.18,11.3498861133121,54.7432899475098
1,34.19,11.3532194131985,54.786205291748
1,34.2,11.356552713085,54.8148155212402
1,34.21,11.3598860129714,54.8529624938965
1,34.22,11.3632193128578,54.8887252807617
1,34.23,11.3665526127443,54.9173355102539
1,34.24,11.3698859126307,54.9507141113281
1,34.25,11.3732192125171,54.9817085266113
1,34.26,11.3765525124036,54.9960136413574
1,34.27,11.37988581229,55.0317764282227
1,34.28,11.3832191121764,55.0484657287598
1,34.29,11.3865524120629,55.0651550292969
1,34.3,11.3898857119493,55.1128387451172
1,34.31,11.3932190118358,55.1366806030273
1,34.32,11.3965523117222,55.1652908325195
1,34.33,11.3998856116086,55.1891326904297
1,34.34,11.4032189114951,55.2177429199219
1,34.35,11.4065522113815,55.2558898925781
1,34.36,11.4098855112679,55.2773475646973
1,34.37,11.4132188111544,55.3107261657715
1,34.38,11.4165521110408,55.3417205810547
1,34.39,11.4198854109272,55.3774833679199
1,34.4,11.4232187108137,55.3989410400391
1,34.41,11.4265520107001,55.4394721984863
1,34.42,11.4298853105865,55.4633140563965
1,34.43,11.433218610473,55.4943084716797
1,34.44,11.4365519103594,55.5205345153809
1,34.45,11.4398852102458,55.5300712585449
1,34.46,11.4432185101323,55.5729866027832
1,34.47,11.4465518100187,55.5944442749023
1,34.48,11.4498851099052,55.6278228759766
1,34.49,11.4532184097916,55.6421279907227
1,34.5,11.456551709678,55.6778907775879
1,34.51,11.4598850095645,55.699348449707
1,34.52,11.4632183094509,55.7422637939453
1,34.53,11.4665516093373,55.7589530944824
1,34.54,11.4698849092238,55.7994842529297
1,34.55,11.4732182091102,55.8185577392578
1,34.56,11.4765515089966,55.8567047119141
1,34.57,11.4798848088831,55.8829307556152
1,34.58,11.4832181087695,55.9091567993164
1,34.59,11.4865514086559,55.9353828430176
1,34.6,11.4898847085424,55.9568405151367
1,34.61,11.4932180084288,55.994987487793
1,34.62,11.4965513083152,56.0188293457031
1,34.63,11.4998846082017,56.0617446899414
1,34.64,11.5032179080881,56.0879707336426
1,34.65,11.5065512079746,56.1189651489258
1,34.66,11.509884507861,56.1428070068359
1,34.67,11.5132178077474,56.1833381652832
1,34.68,11.5165511076339,56.2143325805664
1,34.69,11.5198844075203,56.2524795532227
1,34.7,11.5232177074067,56.2834739685059
1,34.71,11.5265510072932,56.3168525695801
1,34.72,11.5298843071796,56.3526153564453
1,34.73,11.533217607066,56.3883781433105
1,34.74,11.5365509069525,56.4169883728027
1,34.75,11.5398842068389,56.45751953125
1,34.76,11.5432175067253,56.4789772033691
1,34.77,11.5465508066118,56.5075874328613
1,34.78,11.5498841064982,56.5528869628906
1,34.79,11.5532174063846,56.5695762634277
1,34.8,11.5565507062711,56.6005706787109
1,34.81,11.5598840061575,56.6267967224121
1,34.82,11.563217306044,56.6506385803223
1,34.83,11.5665506059304,56.6840171813965
1,34.84,11.5698839058168,56.6935539245605
1,34.85,11.5732172057033,56.7436218261719
1,34.86,11.5765505055897,56.757926940918
1,34.87,11.5798838054761,56.7841529846191
1,34.88,11.5832171053626,56.8246841430664
1,34.89,11.586550405249,56.8556785583496
1,34.9,11.5898837051354,56.8890571594238
1,34.91,11.5932170050219,56.922435760498
1,34.92,11.5965503049083,56.9391250610352
1,34.93,11.5998836047947,56.9820404052734
1,34.94,11.6032169046812,57.0154190063477
1,34.95,11.6065502045676,57.0559501647949
1,34.96,11.6132168043405,57.072639465332
1,34.98,11.6165501042269,57.1537017822266
1,34.99,11.6198834041134,57.1942329406738
1,35,11.6232167039998,57.220458984375
1,35.01,11.6298833037727,57.2490692138672
1,35.02,11.6332166036591,57.2919845581055
1,35.04,11.6365499035455,57.3611259460449
1,35.05,11.6432165033184,57.3849678039551
1,35.06,11.6465498032048,57.4231147766113
1,35.07,11.6498831030913,57.4421882629395
1,35.08,11.6532164029777,57.4660301208496
1,35.09,11.6565497028641,57.5113296508789
1,35.1,11.6598830027506,57.530403137207
1,35.11,11.663216302637,57.5447082519531
1,35.12,11.6665496025234,57.5780868530273
1,35.14,11.6732162022963,57.6305389404297
1,35.15,11.6765495021828,57.6496124267578
1,35.16,11.6798828020692,57.67822265625
1,35.17,11.6832161019556,57.6925277709961
1,35.18,11.6865494018421,57.7044486999512
1,35.19,11.6898827017285,57.7306747436523
1,35.2,11.6932160016149,57.7569007873535
1,35.21,11.6965493015014,57.7712059020996
1,35.22,11.6998826013878,57.7974319458008
1,35.23,11.7032159012742,57.8022003173828
1,35.24,11.7065492011607,57.8212738037109
1,35.25,11.7098825010471,57.8403472900391
1,35.26,11.7132158009335,57.8570365905762
1,35.27,11.71654910082,57.8761100769043
1,35.28,11.7198824007064,57.9047203063965
1,35.29,11.7232157005928,57.9237937927246
1,35.3,11.7265490004793,57.9357147216797
1,35.31,11.7298823003657,57.978630065918
1,35.32,11.7332156002522,57.9953193664551
1,35.33,11.7365489001386,58.0334663391113
1,35.34,11.739882200025,58.0501556396484
1,35.35,11.7432154999115,58.0954551696777
1,35.36,11.7465487997979,58.135986328125
1,35.37,11.7498820996843,58.1645965576172
1,35.38,11.7532153995708,58.2003593444824
1,35.39,11.7565486994572,58.2337379455566
1,35.4,11.7598819993436,58.2718849182129
1,35.41,11.7632152992301,58.2981109619141
1,35.42,11.7665485991165,58.3505630493164
1,35.43,11.7698818990029,58.3767890930176
1,35.44,11.7732151988894,58.4101676940918
1,35.45,11.7765484987758,58.4316253662109
1,35.46,11.7798817986622,58.4650039672852
1,35.47,11.7832150985487,58.4983825683594
1,35.48,11.7865483984351,58.5174560546875
1,35.49,11.7898816983216,58.5556030273438
1,35.5,11.793214998208,58.596134185791
1,35.51,11.7965482980944,58.6152076721191
1,35.52,11.7998815979809,58.6557388305664
1,35.53,11.8032148978673,58.6867332458496
1,35.54,11.8065481977537,58.7296485900879
1,35.55,11.8098814976402,58.748722076416
1,35.56,11.8132147975266,58.7940216064453
1,35.57,11.816548097413,58.8226318359375
1,35.58,11.8198813972995,58.8560104370117
1,35.59,11.8232146971859,58.8655471801758
1,35.6,11.8265479970723,58.9275360107422
1,35.61,11.8298812969588,58.9585304260254
1,35.62,11.8332145968452,58.9990615844727
1,35.63,11.8365478967316,59.0229034423828
1,35.64,11.8398811966181,59.0419769287109
1,35.65,11.8432144965045,59.1087341308594
1,35.66,11.846547796391,59.1039657592773
1,35.67,11.8498810962774,59.1659545898438
1,35.68,11.8532143961638,59.1850280761719
1,35.69,11.8565476960503,59.208869934082
1,35.7,11.8598809959367,59.2517852783203
1,35.71,11.8632142958231,59.2708587646484
1,35.72,11.8665475957096,59.3280792236328
1,35.73,11.869880895596,59.3376159667969
1,35.74,11.8732141954824,59.3805313110352
1,35.75,11.8765474953689,59.4091415405273
1,35.76,11.8798807952553,59.4282150268555
1,35.77,11.8832140951417,59.4758987426758
1,35.78,11.8865473950282,59.4806671142578
1,35.79,11.8898806949146,59.5331192016602
1,35.8,11.893213994801,59.5426559448242
1,35.81,11.8965472946875,59.5760345458984
1,35.82,11.8998805945739,59.5951080322266
1,35.83,11.9032138944604,59.5998764038086
1,35.84,11.9065471943468,59.657096862793
1,35.85,11.9098804942332,59.666633605957
1,35.86,11.9132137941197,59.6952438354492
1,35.87,11.9165470940061,59.7143173217773
1,35.88,11.9198803938925,59.7667694091797
1,35.89,11.923213693779,59.7953796386719
1,35.9,11.9265469936654,59.8239898681641
1,35.91,11.9298802935518,59.8478317260742
1,35.92,11.9332135934383,59.8716735839844
1,35.93,11.9365468933247,59.9098205566406
1,35.94,11.9398801932111,59.9431991577148
1,35.95,11.9432134930976,59.9765777587891
1,35.96,11.946546792984,59.9956512451172
1,35.97,11.9498800928704,60.0481033325195
1,35.98,11.9532133927569,60.0671768188477
1,35.99,11.9565466926433,60.1053237915039
1,36,11.9598799925297,60.1291656494141
1,36.01,11.9632132924162,60.1625442504883
1,36.02,11.9665465923026,60.1911544799805
1,36.03,11.9698798921891,60.2054595947266
1,36.04,11.9732131920755,60.2626800537109
1,36.05,11.9765464919619,60.2865219116211
1,36.06,11.9798797918484,60.3532791137695
1,36.07,11.9832130917348,60.3771209716797
1,36.08,11.9865463916212,60.4104995727539
1,36.09,11.9898796915077,60.4486465454102
1,36.1,11.9932129913941,60.4867935180664
1,36.11,11.9965462912805,60.5297088623047
1,36.12,11.999879591167,60.5535507202148
1,36.13,12.0032128910534,60.572624206543
1,36.14,12.0065461909398,60.6393814086914
1,36.15,12.0098794908263,60.6584548950195
1,36.16,12.0132127907127,60.6918334960938
1,36.17,12.0165460905991,60.734748840332
1,36.18,12.0198793904856,60.7442855834961
1,36.19,12.023212690372,60.8158111572266
1,36.2,12.0265459902585,60.8348846435547
1,36.21,12.0298792901449,60.8968734741211
1,36.22,12.0332125900313,60.9111785888672
1,36.23,12.0365458899178,60.9350204467773
1,36.24,12.0398791898042,60.9827041625977
1,36.25,12.0432124896906,61.0208511352539
1,36.26,12.0465457895771,61.0637664794922
1,36.27,12.0498790894635,61.1162185668945
1,36.28,12.0532123893499,61.1257553100586
1,36.29,12.0565456892364,61.1495971679688
1,36.3,12.0598789891228,61.1972808837891
1,36.31,12.0632122890092,61.2211227416992
1,36.32,12.0665455888957,61.2688064575195
1,36.33,12.0698788887821,61.2735748291016
1,36.34,12.0732121886685,61.3260269165039
1,36.35,12.076545488555,61.345100402832
1,36.36,12.0798787884414,61.3784790039063
1,36.37,12.0832120883279,61.4118576049805
1,36.38,12.0865453882143,61.4309310913086
1,36.39,12.0898786881007,61.4786148071289
1,36.4,12.0932119879872,61.4643096923828
1,36.41,12.0965452878736,61.5167617797852
1,36.42,12.09987858776,61.5310668945313
1,36.43,12.1032118876465,61.5787506103516
1,36.44,12.1065451875329,61.5978240966797
1,36.45,12.1098784874193,61.6455078125
1,36.46,12.1132117873058,61.6455078125
1,36.47,12.1165450871922,61.6836547851563
1,36.48,12.1198783870786,61.7027282714844
1,36.49,12.1232116869651,61.7027282714844
1,36.5,12.1265449868515,61.7408752441406
1,36.51,12.1298782867379,61.7694854736328
1,36.52,12.1332115866244,61.802864074707
1,36.53,12.1365448865108,61.8219375610352
1,36.54,12.1398781863973,61.8457794189453
1,36.55,12.1432114862837,61.8648529052734
1,36.56,12.1465447861701,61.8982315063477
1,36.57,12.1498780860566,61.9029998779297
1,36.58,12.153211385943,61.945915222168
1,36.59,12.1565446858294,61.95068359375
1,36.6,12.1598779857159,61.9888305664063
1,36.61,12.1632112856023,62.0126724243164
1,36.62,12.1665445854887,62.0412826538086
1,36.63,12.1698778853752,62.0508193969727
1,36.64,12.1732111852616,62.0651245117188
1,36.65,12.176544485148,62.108039855957
1,36.66,12.1798777850345,62.1271133422852
1,36.67,12.1832110849209,62.1700286865234
1,36.68,12.1865443848073,62.1986389160156
1,36.69,12.1898776846938,62.2320175170898
1,36.7,12.1932109845802,62.2844696044922
1,36.71,12.1965442844667,62.2892379760742
1,36.72,12.1998775843531,62.3559951782227
1,36.73,12.2032108842395,62.3798370361328
1,36.74,12.206544184126,62.3989105224609
1,36.75,12.2098774840124,62.4370574951172
1,36.76,12.2132107838988,62.4847412109375
1,36.77,12.2165440837853,62.4942779541016
1,36.78,12.2198773836717,62.5514984130859
1,36.79,12.2232106835581,62.56103515625
1,36.8,12.2265439834446,62.5848770141602
1,36.81,12.229877283331,62.6230239868164
1,36.82,12.2332105832174,62.6373291015625
1,36.83,12.2365438831039,62.6707077026367
1,36.84,12.2398771829903,62.6802444458008
1,36.85,12.2432104828767,62.7231597900391
1,36.86,12.2465437827632,62.7326965332031
1,36.87,12.2498770826496,62.7660751342773
1,36.88,12.2532103825361,62.8185272216797
1,36.89,12.2565436824225,62.8376007080078
1,36.9,12.2598769823089,62.8900527954102
1,36.91,12.2632102821954,62.9091262817383
1,36.92,12.2665435820818,62.9377365112305
1,36.93,12.2698768819682,62.9997253417969
1,36.94,12.2732101818547,63.014030456543
1,36.95,12.2765434817411,63.0807876586914
1,36.96,12.2798767816275,63.0998611450195
1,36.97,12.283210081514,63.1523132324219
1,36.98,12.2865433814004,63.1809234619141
1,36.99,12.2898766812868,63.2238388061523
1,37,12.2932099811733,63.2619857788086
1,37.01,12.2965432810597,63.2905960083008
1,37.02,12.2998765809461,63.3478164672852
1,37.03,12.3032098808326,63.3907318115234
1,37.04,12.306543180719,63.4145736694336
1,37.05,12.3098764806055,63.4574890136719
1,37.06,12.3132097804919,63.4670257568359
1,37.07,12.3165430803783,63.5242462158203
1,37.08,12.3198763802648,63.5528564453125
1,37.09,12.3232096801512,63.5671615600586
1,37.1,12.3265429800376,63.6148452758789
1,37.11,12.3298762799241,63.6434555053711
1,37.12,12.3332095798105,63.6768341064453
1,37.13,12.3365428796969,63.6911392211914
1,37.14,12.3398761795834,63.7388229370117
1,37.15,12.3432094794698,63.7626647949219
1,37.16,12.3465427793562,63.8008117675781
1,37.17,12.3498760792427,63.8294219970703
1,37.18,12.3532093791291,63.8389587402344
1,37.19,12.3565426790155,63.8914108276367
1,37.2,12.359875978902,63.9152526855469
1,37.21,12.3632092787884,63.9581680297852
1,37.22,12.3665425786749,63.9820098876953
1,37.23,12.3698758785613,64.0153884887695
1,37.24,12.3732091784477,64.0678405761719
1,37.25,12.3765424783342,64.091682434082
1,37.26,12.3798757782206,64.1441345214844
1,37.27,12.383209078107,64.1775131225586
1,37.28,12.3865423779935,64.1918182373047
1,37.29,12.3898756778799,64.2585754394531
1,37.3,12.3932089777663,64.2728805541992
1,37.31,12.3965422776528,64.2967224121094
1,37.32,12.3998755775392,64.3348693847656
1,37.33,12.4032088774256,64.387321472168
1,37.34,12.4065421773121,64.4063949584961
1,37.35,12.4098754771985,64.4540786743164
1,37.36,12.4132087770849,64.4683837890625
1,37.37,12.4165420769714,64.5112991333008
1,37.38,12.4198753768578,64.5112991333008
1,37.39,12.4232086767443,64.5780563354492
1,37.4,12.4265419766307,64.5971298217773
1,37.41,12.4298752765171,64.6352767944336
1,37.42,12.4332085764036,64.6638870239258
1,37.43,12.43654187629,64.692497253418
1,37.44,12.4398751761764,64.7306442260742
1,37.45,12.4432084760629,64.7544860839844
1,37.46,12.4465417759493,64.8069381713867
1,37.47,12.4498750758357,64.8403167724609
1,37.48,12.4532083757222,64.8784637451172
1,37.49,12.4565416756086,64.8880004882813
1,37.5,12.459874975495,64.9356842041016
1,37.51,12.4632082753815,64.9547576904297
1,37.52,12.4665415752679,64.9881362915039
1,37.53,12.4698748751543,65.0405883789063
1,37.54,12.4732081750408,65.0548934936523
1,37.55,12.4765414749272,65.0930404663086
1,37.56,12.4798747748137,65.1168823242188
1,37.57,12.4832080747001,65.159797668457
1,37.58,12.4865413745865,65.1693344116211
1,37.59,12.489874674473,65.2265548706055
1,37.6,12.4932079743594,65.2408599853516
1,37.61,12.4965412742458,65.2790069580078
1,37.62,12.4998745741323,65.2980804443359
1,37.63,12.5032078740187,65.3314590454102
1,37.64,12.5065411739051,65.3457641601563
1,37.65,12.5098744737916,65.3839111328125
1,37.66,12.513207773678,65.3934478759766
1,37.67,12.5165410735644,65.4220581054688
1,37.68,12.5198743734509,65.464973449707
1,37.69,12.5232076733373,65.4697418212891
1,37.7,12.5265409732237,65.5031204223633
1,37.71,12.5298742731102,65.5174255371094
1,37.72,12.5332075729966,65.5460357666016
1,37.73,12.5365408728831,65.5746459960938
1,37.74,12.5398741727695,65.5794143676758
1,37.75,12.5432074726559,65.5984878540039
1,37.76,12.5465407725424,65.6270980834961
1,37.77,12.5498740724288,65.6461715698242
1,37.78,12.5532073723152,65.6747817993164
1,37.79,12.5565406722017,65.6938552856445
1,37.8,12.5598739720881,65.7129287719727
1,37.81,12.5632072719745,65.7463073730469
1,37.82,12.566540571861,65.7844543457031
1,37.83,12.5698738717474,65.7939910888672
1,37.84,12.5732071716338,65.8226013183594
1,37.85,12.5765404715203,65.8798217773438
1,37.86,12.5798737714067,65.8941268920898
1,37.87,12.5832070712931,65.9513473510742
1,37.88,12.5865403711796,65.9799575805664
1,37.89,12.589873671066,66.0037994384766
1,37.9,12.5932069709525,66.0562515258789
1,37.91,12.5965402708389,66.0896301269531
1,37.92,12.5998735707253,66.1277770996094
1,37.93,12.6032068706118,66.1802291870117
1,37.94,12.6065401704982,66.1993026733398
1,37.95,12.6098734703846,66.2517547607422
1,37.96,12.6132067702711,66.2803649902344
1,37.97,12.6165400701575,66.3089752197266
1,37.98,12.6198733700439,66.3471221923828
1,37.99,12.6232066699304,66.370964050293
1,38,12.6265399698168,66.4138793945313
1,38.01,12.6298732697032,66.4281845092773
1,38.02,12.6332065695897,66.4663314819336
1,38.03,12.6365398694761,66.4854049682617
1,38.04,12.6398731693625,66.5140151977539
1,38.05,12.643206469249,66.5187835693359
1,38.06,12.6465397691354,66.5616989135742
1,38.07,12.6498730690219,66.5760040283203
1,38.08,12.6532063689083,66.5998458862305
1,38.09,12.6565396687947,66.6236877441406
1,38.1,12.6598729686812,66.6618347167969
1,38.11,12.6632062685676,66.685676574707
1,38.12,12.666539568454,66.7285919189453
1,38.13,12.6698728683405,66.7572021484375
1,38.14,12.6732061682269,66.8096542358398
1,38.15,12.6765394681133,66.838264465332
1,38.16,12.6798727679998,66.8668746948242
1,38.17,12.6832060678862,66.9050216674805
1,38.18,12.6865393677726,66.9431686401367
1,38.19,12.6898726676591,66.986083984375
1,38.2,12.6932059675455,67.0099258422852
1,38.21,12.6965392674319,67.0528411865234
1,38.22,12.6998725673184,67.0862197875977
1,38.23,12.7032058672048,67.133903503418
1,38.24,12.7065391670913,67.1672821044922
1,38.25,12.7098724669777,67.2340393066406
1,38.26,12.7132057668641,67.2388076782227
1,38.27,12.7165390667506,67.2817230224609
1,38.28,12.719872366637,67.3055648803711
1,38.29,12.7232056665234,67.3580169677734
1,38.3,12.7265389664099,67.3913955688477
1,38.31,12.7298722662963,67.4152374267578
1,38.32,12.7332055661827,67.448616027832
1,38.33,12.7365388660692,67.4867630004883
1,38.34,12.7398721659556,67.5296783447266
1,38.35,12.743205465842,67.5725936889648
1,38.36,12.7465387657285,67.601203918457
1,38.37,12.7498720656149,67.6250457763672
1,38.38,12.7532053655013,67.6679611206055
1,38.39,12.7565386653878,67.7156448364258
1,38.4,12.7598719652742,67.7156448364258
1,38.41,12.7632052651607,67.7490234375
1,38.42,12.7665385650471,67.7824020385742
1,38.43,12.7698718649335,67.8253173828125
1,38.44,12.77320516482,67.8443908691406
1,38.45,12.7765384647064,67.8730010986328
1,38.46,12.7798717645928,67.901611328125
1,38.47,12.7832050644793,67.9492950439453
1,38.48,12.7865383643657,67.9826736450195
1,38.49,12.7898716642521,68.0160522460938
1,38.5,12.7932049641386,68.049430847168
1,38.51,12.796538264025,68.0732727050781
1,38.52,12.7998715639114,68.1209564208984
1,38.53,12.8032048637979,68.1400299072266
1,38.54,12.8065381636843,68.1686401367188
1,38.55,12.8132047634572,68.206787109375
1,38.57,12.8165380633436,68.2640075683594
1,38.58,12.81987136323,68.3259963989258
1,38.59,12.8232046631165,68.3307647705078
1,38.6,12.8298712628894,68.3689117431641
1,38.61,12.8332045627758,68.4118270874023
1,38.63,12.8365378626622,68.4642791748047
1,38.64,12.8432044624351,68.516731262207
1,38.65,12.8465377623215,68.5548782348633
1,38.66,12.849871062208,68.5739517211914
1,38.67,12.8532043620944,68.6168670654297
1,38.69,12.8598709618673,68.6883926391602
1,38.7,12.8632042617537,68.7217712402344
1,38.71,12.8665375616401,68.7646865844727
1,38.73,12.873204161413,68.8552856445313
1,38.74,12.8765374612995,68.8743591308594
1,38.75,12.8798707611859,68.9458847045898
1,38.76,12.8832040610723,68.9554214477539
1,38.77,12.8865373609588,68.9935684204102
1,38.78,12.8898706608452,69.0364837646484
1,38.79,12.8932039607316,69.0889358520508
1,38.8,12.8965372606181,69.122314453125
1,38.81,12.8998705605045,69.1556930541992
1,38.82,12.9032038603909,69.2081451416016
1,38.83,12.9065371602774,69.2319869995117
1,38.84,12.9098704601638,69.270133972168
1,38.85,12.9132037600502,69.3225860595703
1,38.86,12.9165370599367,69.3368911743164
1,38.87,12.9198703598231,69.3702697753906
1,38.88,12.9232036597095,69.3988800048828
1,38.89,12.926536959596,69.4179534912109
1,38.9,12.9298702594824,69.4608688354492
1,38.91,12.9332035593688,69.4894790649414
1,38.92,12.9365368592553,69.4990158081055
1,38.93,12.9398701591417,69.5466995239258
1,38.94,12.9432034590282,69.5562362670898
1,38.95,12.9465367589146,69.5991516113281
1,38.96,12.949870058801,69.6325302124023
1,38.97,12.9532033586875,69.6611404418945
1,38.98,12.9565366585739,69.6659088134766
1,38.99,12.9598699584603,69.6849822998047
1,39,12.9632032583468,69.7565078735352
1,39.01,12.9665365582332,69.7612762451172
1,39.02,12.9698698581196,69.7898864746094
1,39.03,12.9732031580061,69.8137283325195
1,39.04,12.9765364578925,69.8328018188477
1,39.05,12.9798697577789,69.8614120483398
1,39.06,12.9832030576654,69.8709487915039
1,39.07,12.9865363575518,69.9138641357422
1,39.08,12.9898696574382,69.9377059936523
1,39.09,12.9932029573247,69.9615478515625
1,39.1,12.9965362572111,70.0092315673828
1,39.11,12.9998695570976,70.0187683105469
1,39.12,13.003202856984,70.0473785400391
1,39.13,13.0065361568704,70.0759887695313
1,39.14,13.0098694567569,70.1045989990234
1,39.15,13.0132027566433,70.1379776000977
1,39.16,13.0165360565297,70.1332092285156
1,39.17,13.0198693564162,70.1999664306641
1,39.18,13.0232026563026,70.2190399169922
1,39.19,13.026535956189,70.2524185180664
1,39.2,13.0298692560755,70.2571868896484
1,39.21,13.0332025559619,70.2857971191406
1,39.22,13.0365358558483,70.3096389770508
1,39.23,13.0398691557348,70.347785949707
1,39.24,13.0432024556212,70.3859329223633
1,39.25,13.0465357555076,70.4193115234375
1,39.26,13.0498690553941,70.4431533813477
1,39.27,13.0532023552805,70.4717636108398
1,39.28,13.056535655167,70.5242156982422
1,39.29,13.0598689550534,70.5671310424805
1,39.3,13.0632022549398,70.6005096435547
1,39.31,13.0665355548263,70.643424987793
1,39.32,13.0698688547127,70.6815719604492
1,39.33,13.0732021545991,70.7197189331055
1,39.34,13.0765354544856,70.7340240478516
1,39.35,13.079868754372,70.7483291625977
1,39.36,13.0832020542584,70.7912445068359
1,39.37,13.0865353541449,70.8103179931641
1,39.38,13.0898686540313,70.8246231079102
1,39.39,13.0932019539177,70.8627700805664
1,39.4,13.0965352538042,70.8675384521484
1,39.41,13.0998685536906,70.8961486816406
1,39.42,13.103201853577,70.9199905395508
1,39.43,13.1065351534635,70.948600769043
1,39.44,13.1098684533499,70.9629058837891
1,39.45,13.1132017532364,70.9724426269531
1,39.46,13.1165350531228,71.0058212280273
1,39.47,13.1198683530092,71.0391998291016
1,39.48,13.1232016528957,71.10595703125
1,39.49,13.1265349527821,71.1202621459961
1,39.5,13.1298682526685,71.1679458618164
1,39.51,13.133201552555,71.2203979492188
1,39.52,13.1365348524414,71.253776550293
1,39.53,13.1398681523278,71.2919235229492
1,39.54,13.1432014522143,71.3634490966797
1,39.55,13.1465347521007,71.3682174682617
1,39.56,13.1498680519871,71.4445114135742
1,39.57,13.1532013518736,71.4635848999023
1,39.58,13.15653465176,71.5160369873047
1,39.59,13.1598679516464,71.5494155883789
1,39.6,13.1632012515329,71.5970993041992
1,39.61,13.1665345514193,71.6400146484375
1,39.62,13.1698678513058,71.6590881347656
1,39.63,13.1732011511922,71.7020034790039
1,39.64,13.1765344510786,71.7306137084961
1,39.65,13.1798677509651,71.7878341674805
1,39.66,13.1832010508515,71.8116760253906
1,39.67,13.1865343507379,71.8355178833008
1,39.68,13.1898676506244,71.8879699707031
1,39.69,13.1932009505108,71.9022750854492
1,39.7,13.1965342503972,71.9547271728516
1,39.71,13.1998675502837,71.9738006591797
1,39.72,13.2032008501701,72.0024108886719
1,39.73,13.2065341500565,72.026252746582
1,39.74,13.209867449943,72.0643997192383
1,39.75,13.2132007498294,72.1120834350586
1,39.76,13.2165340497158,72.1406936645508
1,39.77,13.2198673496023,72.1645355224609
1,39.78,13.2232006494887,72.2074508666992
1,39.79,13.2265339493752,72.2455978393555
1,39.8,13.2298672492616,72.2694396972656
1,39.81,13.233200549148,72.331428527832
1,39.82,13.2365338490345,72.3505020141602
1,39.83,13.2398671489209,72.4029541015625
1,39.84,13.2432004488073,72.4315643310547
1,39.85,13.2465337486938,72.4649429321289
1,39.86,13.2498670485802,72.5030899047852
1,39.87,13.2532003484666,72.5507736206055
1,39.88,13.2565336483531,72.5889205932617
1,39.89,13.2598669482395,72.6222991943359
1,39.9,13.2632002481259,72.6795196533203
1,39.91,13.2665335480124,72.7128982543945
1,39.92,13.2698668478988,72.7415084838867
1,39.93,13.2732001477852,72.7653503417969
1,39.94,13.2765334476717,72.789192199707
1,39.95,13.2798667475581,72.8321075439453
1,39.96,13.2832000474446,72.8511810302734
1,39.97,13.286533347331,72.9036331176758
1,39.98,13.2898666472174,72.9084014892578
1,39.99,13.2931999471039,72.9560852050781
1,40,13.2965332469903,72.9799270629883
1,40.01,13.2998665468767,73.0037689208984
1,40.02,13.3031998467632,73.0371475219727
1,40.03,13.3065331466496,73.0800628662109
1,40.04,13.309866446536,73.1182098388672
1,40.05,13.3131997464225,73.1134414672852
1,40.06,13.3165330463089,73.1897354125977
1,40.07,13.3198663461953,73.2183456420898
1,40.08,13.3231996460818,73.237419128418
1,40.09,13.3265329459682,73.2994079589844
1,40.1,13.3298662458546,73.3280181884766
1,40.11,13.3331995457411,73.3804702758789
1,40.12,13.3365328456275,73.4043121337891
1,40.13,13.339866145514,73.4329223632813
1,40.14,13.3431994454004,73.4996795654297
1,40.15,13.3465327452868,73.5282897949219
1,40.16,13.3498660451733,73.5616683959961
1,40.17,13.3531993450597,73.5950469970703
1,40.18,13.3565326449461,73.6427307128906
1,40.19,13.3598659448326,73.6713409423828
1,40.2,13.363199244719,73.7142562866211
1,40.21,13.3665325446054,73.7333297729492
1,40.22,13.3698658444919,73.7571716308594
1,40.23,13.3731991443783,73.7953186035156
1,40.24,13.3765324442647,73.8286972045898
1,40.25,13.3798657441512,73.8430023193359
1,40.26,13.3831990440376,73.8906860351563
1,40.27,13.386532343924,73.8906860351563
1,40.28,13.3898656438105,73.9192962646484
1,40.29,13.3931989436969,73.9765167236328
1,40.3,13.3965322435834,73.9860534667969
1,40.31,13.3998655434698,74.0337371826172
1,40.32,13.4031988433562,74.0575790405273
1,40.33,13.4065321432427,74.0766525268555
1,40.34,13.4098654431291,74.1004943847656
1,40.35,13.4131987430155,74.1434097290039
1,40.36,13.416532042902,74.15771484375
1,40.37,13.4198653427884,74.1863250732422
1,40.38,13.4231986426748,74.2101669311523
1,40.39,13.4265319425613,74.2530822753906
1,40.4,13.4298652424477,74.2816925048828
1,40.41,13.4331985423341,74.3293762207031
1,40.42,13.4365318422206,74.3627548217773
1,40.43,13.439865142107,74.3865966796875
1,40.44,13.4431984419934,74.4390487670898
1,40.45,13.4465317418799,74.4438171386719
1,40.46,13.4498650417663,74.4962692260742
1,40.47,13.4531983416528,74.5296478271484
1,40.48,13.4565316415392,74.5677947998047
1,40.49,13.4598649414256,74.6011734008789
1,40.5,13.4631982413121,74.6250152587891
1,40.51,13.4665315411985,74.6917724609375
1,40.52,13.4698648410849,74.7013092041016
1,40.53,13.4731981409714,74.763298034668
1,40.54,13.4765314408578,74.76806640625
1,40.55,13.4798647407442,74.772834777832
1,40.56,13.4831980406307,74.8300552368164
1,40.57,13.4865313405171,74.8443603515625
1,40.58,13.4898646404035,74.8872756958008
1,40.59,13.49319794029,74.9063491821289
1,40.6,13.4965312401764,74.9635696411133
1,40.61,13.4998645400628,74.9778747558594
1,40.62,13.5031978399493,75.0112533569336
1,40.63,13.5065311398357,75.0398635864258
1,40.64,13.5098644397222,75.0494003295898
1,40.65,13.5131977396086,75.0923156738281
1,40.66,13.516531039495,75.1352310180664
1,40.67,13.5198643393815,75.1733779907227
1,40.68,13.5231976392679,75.1876831054688
1,40.69,13.5265309391543,75.225830078125
1,40.7,13.5298642390408,75.2830505371094
1,40.71,13.5331975389272,75.3068923950195
1,40.72,13.5365308388136,75.3116607666016
1,40.73,13.5398641387001,75.37841796875
1,40.74,13.5431974385865,75.3927230834961
1,40.75,13.5465307384729,75.4547119140625
1,40.76,13.5498640383594,75.4880905151367
1,40.77,13.5531973382458,75.5119323730469
1,40.78,13.5565306381322,75.5500793457031
1,40.79,13.5598639380187,75.5929946899414
1,40.8,13.5631972379051,75.6263732910156
1,40.81,13.5665305377916,75.6692886352539
1,40.82,13.569863837678,75.6978988647461
1,40.83,13.5731971375644,75.7455825805664
1,40.84,13.5765304374509,75.7789611816406
1,40.85,13.5798637373373,75.8075714111328
1,40.86,13.5831970372237,75.8504867553711
1,40.87,13.5865303371102,75.8695602416992
1,40.88,13.5898636369966,75.9172439575195
1,40.89,13.593196936883,75.9363174438477
1,40.9,13.5965302367695,75.984001159668
1,40.91,13.5998635366559,76.0221481323242
1,40.92,13.6031968365423,76.0698318481445
1,40.93,13.6065301364288,76.1127471923828
1,40.94,13.6098634363152,76.136589050293
1,40.95,13.6131967362016,76.1795043945313
1,40.96,13.6165300360881,76.2224197387695
1,40.97,13.6198633359745,76.2367248535156
1,40.98,13.6231966358609,76.2701034545898
1,40.99,13.6265299357474,76.3130187988281
1,41,13.6298632356338,76.3607025146484
1,41.01,13.6331965355203,76.3940811157227
1,41.02,13.6365298354067,76.3988494873047
1,41.03,13.6398631352931,76.446533203125
1,41.04,13.6431964351796,76.4894485473633
1,41.05,13.646529735066,76.5275955200195
1,41.06,13.6498630349524,76.5371322631836
1,41.07,13.6531963348389,76.5895843505859
1,41.08,13.6565296347253,76.6324996948242
1,41.09,13.6598629346117,76.6563415527344
1,41.1,13.6631962344982,76.7183303833008
1,41.11,13.6665295343846,76.7612457275391
1,41.12,13.669862834271,76.8041610717773
1,41.13,13.6731961341575,76.8327713012695
1,41.14,13.6765294340439,76.8661499023438
1,41.15,13.6798627339303,76.9233703613281
1,41.16,13.6831960338168,76.9472122192383
1,41.17,13.6865293337032,76.9996643066406
1,41.18,13.6898626335897,77.0235061645508
1,41.19,13.6931959334761,77.0664215087891
1,41.2,13.6965292333625,77.0807266235352
1,41.21,13.699862533249,77.1188735961914
1,41.22,13.7031958331354,77.1474838256836
1,41.23,13.7065291330218,77.20947265625
1,41.24,13.7098624329083,77.2190093994141
1,41.25,13.7131957327947,77.2476196289063
1,41.26,13.7165290326811,77.2857666015625
1,41.27,13.7198623325676,77.3382186889648
1,41.28,13.723195632454,77.366828918457
1,41.29,13.7265289323404,77.4192810058594
1,41.3,13.7298622322269,77.4383544921875
1,41.31,13.7331955321133,77.509880065918
1,41.32,13.7365288319998,77.5241851806641
1,41.33,13.7398621318862,77.6100158691406
1,41.34,13.7431954317726,77.6290893554688
1,41.35,13.7465287316591,77.667236328125
1,41.36,13.7498620315455,77.7149200439453
1,41.37,13.7531953314319,77.7626037597656
1,41.38,13.7565286313184,77.7959823608398
1,41.39,13.7598619312048,77.81982421875
1,41.4,13.7631952310912,77.8627395629883
1,41.41,13.7665285309777,77.9104232788086
1,41.42,13.7698618308641,77.9485702514648
1,41.43,13.7731951307505,77.972412109375
1,41.44,13.776528430637,78.0010223388672
1,41.45,13.7798617305234,78.0487060546875
1,41.46,13.7831950304098,78.0868530273438
1,41.47,13.7865283302963,78.125
1,41.48,13.7898616301827,78.1631469726563
1,41.49,13.7931949300691,78.1679153442383
1,41.5,13.7965282299556,78.2299041748047
1,41.51,13.799861529842,78.2394409179688
1,41.52,13.8031948297285,78.2871246337891
1,41.53,13.8065281296149,78.3157348632813
1,41.54,13.8098614295013,78.3491134643555
1,41.55,13.8131947293878,78.3538818359375
1,41.56,13.8165280292742,78.4063339233398
1,41.57,13.8198613291606,78.434944152832
1,41.58,13.8231946290471,78.4683227539063
1,41.59,13.8265279289335,78.4826278686523
1,41.6,13.8298612288199,78.5255432128906
1,41.61,13.8331945287064,78.5446166992188
1,41.62,13.8365278285928,78.582763671875
1,41.63,13.8398611284792,78.6018371582031
1,41.64,13.8431944283657,78.6447525024414
1,41.65,13.8465277282521,78.6685943603516
1,41.66,13.8498610281385,78.6828994750977
1,41.67,13.853194328025,78.7162780761719
1,41.68,13.8565276279114,78.7496566772461
1,41.69,13.8598609277979,78.7734985351563
1,41.7,13.8631942276843,78.7973403930664
1,41.71,13.8665275275707,78.8545608520508
1,41.72,13.8698608274572,78.8784027099609
1,41.73,13.8731941273436,78.8974761962891
1,41.74,13.87652742723,78.9403915405273
1,41.75,13.8798607271165,78.9690017700195
1,41.76,13.8831940270029,78.9737701416016
1,41.77,13.8865273268893,78.9976119995117
1,41.78,13.8898606267758,79.04052734375
1,41.79,13.8931939266622,79.0548324584961
1,41.8,13.8965272265486,79.0977478027344
1,41.81,13.8998605264351,79.1311264038086
1,41.82,13.9031938263215,79.188346862793
1,41.83,13.9065271262079,79.2026519775391
1,41.84,13.9098604260944,79.2264938354492
1,41.85,13.9131937259808,79.2837142944336
1,41.86,13.9165270258673,79.3027877807617
1,41.87,13.9198603257537,79.3552398681641
1,41.88,13.9231936256401,79.3886184692383
1,41.89,13.9265269255266,79.4458389282227
1,41.9,13.9331935252994,79.4696807861328
1,41.92,13.9365268251859,79.5507431030273
1,41.93,13.9398601250723,79.5745849609375
1,41.94,13.9431934249587,79.6365737915039
1,41.95,13.9465267248452,79.646110534668
1,41.96,13.953193324618,79.6937942504883
1,41.98,13.9565266245045,79.7510147094727
1,41.99,13.9631932242773,79.7605514526367
1,42,13.9665265241638,79.8273086547852
1,42.02,13.9698598240502,79.8940658569336
1,42.03,13.9731931239367,79.9179077148438
1,42.04,13.9798597237095,79.9369812011719
1,42.05,13.983193023596,79.9894332885742
1,42.06,13.9865263234824,80.0323486328125
1,42.07,13.9898596233688,80.0561904907227
1,42.08,13.9931929232553,80.1181793212891
1,42.09,13.9965262231417,80.1563262939453
1,42.1,13.9998595230281,80.1849365234375
1,42.11,14.0031928229146,80.2516937255859
1,42.12,14.006526122801,80.2707672119141
1,42.13,14.0098594226874,80.3041458129883
1,42.14,14.0131927225739,80.3327560424805
1,42.15,14.0165260224603,80.3756713867188
1,42.16,14.0198593223467,80.4281234741211
1,42.17,14.0231926222332,80.4662704467773
1,42.18,14.0265259221196,80.5044174194336
1,42.19,14.0298592220061,80.5187225341797
1,42.2,14.0331925218925,80.5568695068359
1,42.21,14.0365258217789,80.5854797363281
1,42.22,14.0398591216654,80.6283950805664
1,42.23,14.0431924215518,80.6617736816406
1,42.24,14.0465257214382,80.6808471679688
1,42.25,14.0498590213247,80.723762512207
1,42.26,14.0531923212111,80.7476043701172
1,42.27,14.0565256210975,80.7857513427734
1,42.28,14.059858920984,80.8238983154297
1,42.29,14.0631922208704,80.8477401733398
1,42.3,14.0665255207568,80.8858871459961
1,42.31,14.0698588206433,80.9240341186523
1,42.32,14.0731921205297,80.9574127197266
1,42.33,14.0765254204161,80.9907913208008
1,42.34,14.0798587203026,81.0146331787109
1,42.35,14.083192020189,81.0527801513672
1,42.36,14.0865253200755,81.0766220092773
1,42.37,14.0898586199619,81.1386108398438
1,42.38,14.0931919198483,81.1529159545898
1,42.39,14.0965252197348,81.1958312988281
1,42.4,14.0998585196212,81.2387466430664
1,42.41,14.1031918195076,81.2768936157227
1,42.42,14.1065251193941,81.329345703125
1,42.43,14.1098584192805,81.3770294189453
1,42.44,14.1131917191669,81.3913345336914
1,42.45,14.1165250190534,81.4342498779297
1,42.46,14.1198583189398,81.48193359375
1,42.47,14.1231916188262,81.5105438232422
1,42.48,14.1265249187127,81.5296173095703
1,42.49,14.1298582185991,81.5916061401367
1,42.5,14.1331915184855,81.6106796264648
1,42.51,14.136524818372,81.639289855957
1,42.52,14.1398581182584,81.6822052001953
1,42.53,14.1431914181449,81.7203521728516
1,42.54,14.1465247180313,81.7489624023438
1,42.55,14.1498580179177,81.782341003418
1,42.56,14.1531913178042,81.8204879760742
1,42.57,14.1565246176906,81.8347930908203
1,42.58,14.159857917577,81.8586349487305
1,42.59,14.1631912174635,81.9206237792969
1,42.6,14.1665245173499,81.9253921508789
1,42.61,14.1698578172363,81.9587707519531
1,42.62,14.1731911171228,82.0016860961914
1,42.63,14.1765244170092,82.0589065551758
1,42.64,14.1798577168956,82.0684432983398
1,42.65,14.1831910167821,82.1018218994141
1,42.66,14.1865243166685,82.1638107299805
1,42.67,14.1898576165549,82.2019577026367
1,42.68,14.1931909164414,82.249641418457
1,42.69,14.1965242163278,82.2734832763672
1,42.7,14.1998575162143,82.2877883911133
1,42.71,14.2031908161007,82.3354721069336
1,42.72,14.2065241159871,82.3688507080078
1,42.73,14.2098574158736,82.402229309082
1,42.74,14.21319071576,82.4356079101563
1,42.75,14.2165240156464,82.4594497680664
1,42.76,14.2198573155329,82.4928283691406
1,42.77,14.2231906154193,82.5309753417969
1,42.78,14.2265239153057,82.5595855712891
1,42.79,14.2298572151922,82.5881958007813
1,42.8,14.2331905150786,82.6358795166016
1,42.81,14.236523814965,82.6454162597656
1,42.82,14.2398571148515,82.697868347168
1,42.83,14.2431904147379,82.707405090332
1,42.84,14.2465237146243,82.7360153198242
1,42.85,14.2498570145108,82.7980041503906
1,42.86,14.2531903143972,82.8123092651367
1,42.87,14.2565236142837,82.8695297241211
1,42.88,14.2598569141701,82.9029083251953
1,42.89,14.2631902140565,82.9362869262695
1,42.9,14.266523513943,82.9744338989258
1,42.91,14.2698568138294,83.0364227294922
1,42.92,14.2731901137158,83.0554962158203
1,42.93,14.2765234136023,83.1127166748047
1,42.94,14.2798567134887,83.1270217895508
1,42.95,14.2831900133751,83.155632019043
1,42.96,14.2865233132616,83.2080841064453
1,42.97,14.289856613148,83.2271575927734
1,42.98,14.2931899130344,83.2748413085938
1,42.99,14.2965232129209,83.3034515380859
1,43,14.2998565128073,83.3415985107422
1,43.01,14.3031898126937,83.3892822265625
1,43.02,14.3065231125802,83.4131240844727
1,43.03,14.3098564124666,83.460807800293
1,43.04,14.3131897123531,83.460807800293
1,43.05,14.3165230122395,83.5084915161133
1,43.06,14.3198563121259,83.5418701171875
1,43.07,14.3231896120124,83.5752487182617
1,43.08,14.3265229118988,83.6038589477539
1,43.09,14.3298562117852,83.6420059204102
1,43.1,14.3331895116717,83.6324691772461
1,43.11,14.3365228115581,83.6849212646484
1,43.12,14.3398561114445,83.7230682373047
1,43.13,14.343189411331,83.7469100952148
1,43.14,14.3465227112174,83.7612152099609
1,43.15,14.3498560111038,83.7898254394531
1,43.16,14.3531893109903,83.8327407836914
1,43.17,14.3565226108767,83.8518142700195
1,43.18,14.3598559107631,83.8851928710938
1,43.19,14.3631892106496,83.9138031005859
1,43.2,14.366522510536,83.9519500732422
1,43.21,14.3698558104225,83.9757919311523
1,43.22,14.3731891103089,84.0330123901367
1,43.23,14.3765224101953,84.0616226196289
1,43.24,14.3798557100818,84.080696105957
1,43.25,14.3831890099682,84.1331481933594
1,43.26,14.3865223098546,84.1665267944336
1,43.27,14.3898556097411,84.2094421386719
1,43.28,14.3931889096275,84.2475891113281
1,43.29,14.3965222095139,84.2809677124023
1,43.3,14.3998555094004,84.3143463134766
1,43.31,14.4031888092868,84.3477249145508
1,43.32,14.4065221091732,84.4001770019531
1,43.33,14.4098554090597,84.4240188598633
1,43.34,14.4131887089461,84.4526290893555
1,43.35,14.4165220088325,84.4717025756836
1,43.36,14.419855308719,84.53369140625
1,43.37,14.4231886086054,84.5670700073242
1,43.38,14.4265219084918,84.6004486083984
1,43.39,14.4298552083783,84.6290588378906
1,43.4,14.4331885082647,84.6719741821289
1,43.41,14.4365218081512,84.691047668457
1,43.42,14.4398551080376,84.7148895263672
1,43.43,14.443188407924,84.7721099853516
1,43.44,14.4465217078105,84.8054885864258
1,43.45,14.4498550076969,84.8388671875
1,43.46,14.4531883075833,84.8722457885742
1,43.47,14.4565216074698,84.8960876464844
1,43.48,14.4598549073562,84.9533081054688
1,43.49,14.4631882072426,84.991455078125
1,43.5,14.4665215071291,85.0152969360352
1,43.51,14.4698548070155,85.0677490234375
1,43.52,14.4731881069019,85.0963592529297
1,43.53,14.4765214067884,85.1154327392578
1,43.54,14.4798547066748,85.1678848266602
1,43.55,14.4831880065613,85.1917266845703
1,43.56,14.4865213064477,85.2251052856445
1,43.57,14.4898546063341,85.2537155151367
1,43.58,14.4931879062206,85.296630859375
1,43.59,14.496521206107,85.3061676025391
1,43.6,14.4998545059934,85.3824615478516
1,43.61,14.5031878058799,85.3967666625977
1,43.62,14.5065211057663,85.44921875
1,43.63,14.5098544056527,85.4635238647461
1,43.64,14.5131877055392,85.4969024658203
1,43.65,14.5165210054256,85.5493545532227
1,43.66,14.519854305312,85.5636596679688
1,43.67,14.5231876051985,85.6304168701172
1,43.68,14.5265209050849,85.6494903564453
1,43.69,14.5298542049713,85.6733322143555
1,43.7,14.5331875048578,85.7353210449219
1,43.71,14.5365208047442,85.7639312744141
1,43.72,14.5398541046306,85.8259201049805
1,43.73,14.5431874045171,85.8449935913086
1,43.74,14.5465207044035,85.8974456787109
1,43.75,14.54985400429,85.911750793457
1,43.76,14.5531873041764,85.9689712524414
1,43.77,14.5565206040628,85.9928131103516
1,43.78,14.5598539039493,86.0357284545898
1,43.79,14.5631872038357,86.0834121704102
1,43.8,14.5665205037221,86.1310958862305
1,43.81,14.5698538036086,86.1501693725586
1,43.82,14.573187103495,86.1787796020508
1,43.83,14.5765204033814,86.2216949462891
1,43.84,14.5798537032679,86.2503051757813
1,43.85,14.5831870031543,86.3075256347656
1,43.86,14.5865203030407,86.3027572631836
1,43.87,14.5898536029272,86.36474609375
1,43.88,14.5931869028136,86.3981246948242
1,43.89,14.5965202027,86.4315032958984
1,43.9,14.5998535025865,86.4791870117188
1,43.91,14.6031868024729,86.4982604980469
1,43.92,14.6065201023594,86.5411758422852
1,43.93,14.6098534022458,86.5650177001953
1,43.94,14.6131867021322,86.6127014160156
1,43.95,14.6165200020187,86.6317749023438
1,43.96,14.6198533019051,86.6889953613281
1,43.97,14.6231866017915,86.7033004760742
1,43.98,14.626519901678,86.7557525634766
1,43.99,14.6298532015644,86.7843627929688
1,44,14.6331865014508,86.822509765625
1,44.01,14.6365198013373,86.8749618530273
1,44.02,14.6398531012237,86.9083404541016
1,44.03,14.6431864011101,86.9560241699219
1,44.04,14.6465197009966,86.9941711425781
1,44.05,14.649853000883,87.0466232299805
1,44.06,14.6531863007695,87.0704650878906
1,44.07,14.6565196006559,87.1372222900391
1,44.08,14.6598529005423,87.1610641479492
1,44.09,14.6631862004288,87.2039794921875
1,44.1,14.6665195003152,87.2421264648438
1,44.11,14.6698528002016,87.2898101806641
1,44.12,14.6731861000881,87.3231887817383
1,44.13,14.6765193999745,87.3756408691406
1,44.14,14.6798526998609,87.4042510986328
1,44.15,14.6831859997474,87.4519348144531
1,44.16,14.6865192996338,87.4757766723633
1,44.17,14.6898525995202,87.4996185302734
1,44.18,14.6931858994067,87.5616073608398
1,44.19,14.6965191992931,87.5949859619141
1,44.2,14.6998524991795,87.6331329345703
1,44.21,14.703185799066,87.6617431640625
1,44.22,14.7065190989524,87.7237319946289
1,44.23,14.7098523988388,87.7618789672852
1,44.24,14.7131856987253,87.8095626831055
1,44.25,14.7165189986117,87.8286361694336
1,44.26,14.7198522984982,87.8572463989258
1,44.27,14.7231855983846,87.9335403442383
1,44.28,14.726518898271,87.9573822021484
1,44.29,14.7298521981575,87.9716873168945
1,44.3,14.7331854980439,88.0241394042969
1,44.31,14.7365187979303,88.043212890625
1,44.32,14.7398520978168,88.0908966064453
1,44.33,14.7431853977032,88.1052017211914
1,44.34,14.7465186975896,88.1195068359375
1,44.35,14.7498519974761,88.1719589233398
1,44.36,14.7531852973625,88.1862640380859
1,44.37,14.7565185972489,88.2291793823242
1,44.38,14.7598518971354,88.2244110107422
1,44.39,14.7631851970218,88.2768630981445
1,44.4,14.7665184969082,88.2959365844727
1,44.41,14.7698517967947,88.3197784423828
1,44.42,14.7731850966811,88.3388519287109
1,44.43,14.7765183965676,88.353157043457
1,44.44,14.779851696454,88.3674621582031
1,44.45,14.7831849963404,88.3913040161133
1,44.46,14.7865182962269,88.4294509887695
1,44.47,14.7898515961133,88.4389877319336
1,44.48,14.7931848959997,88.496208190918
1,44.49,14.7965181958862,88.496208190918
1,44.5,14.7998514957726,88.505744934082
1,44.51,14.803184795659,88.5486602783203
1,44.52,14.8065180955455,88.5677337646484
1,44.53,14.8098513954319,88.6058807373047
1,44.54,14.8131846953183,88.6201858520508
1,44.55,14.8165179952048,88.658332824707
1,44.56,14.8198512950912,88.6964797973633
1,44.57,14.8231845949776,88.7203216552734
1,44.58,14.8265178948641,88.7584686279297
1,44.59,14.8298511947505,88.7727737426758
1,44.6,14.833184494637,88.810920715332
1,44.61,14.8365177945234,88.8586044311523
1,44.62,14.8398510944098,88.8824462890625
1,44.63,14.8431843942963,88.9396667480469
1,44.64,14.8465176941827,88.958740234375
1,44.65,14.8498509940691,89.0111923217773
1,44.66,14.8531842939556,89.0445709228516
1,44.67,14.856517593842,89.1017913818359
1,44.68,14.8598508937284,89.1351699829102
1,44.69,14.8631841936149,89.1685485839844
1,44.7,14.8665174935013,89.2066955566406
1,44.71,14.8698507933877,89.2400741577148
1,44.72,14.8731840932742,89.2925262451172
1,44.73,14.8765173931606,89.3020629882813
1,44.74,14.879850693047,89.3211364746094
1,44.75,14.8831839929335,89.3545150756836
1,44.76,14.8865172928199,89.3878936767578
1,44.77,14.8898505927064,89.4308090209961
1,44.78,14.8931838925928,89.4498825073242
1,44.79,14.8965171924792,89.4832611083984
1,44.8,14.8998504923657,89.5023345947266
1,44.81,14.9031837922521,89.5357131958008
1,44.82,14.9065170921385,89.564323425293
1,44.83,14.909850392025,89.6120071411133
1,44.84,14.9131836919114,89.6310806274414
1,44.85,14.9165169917978,89.6692276000977
1,44.86,14.9198502916843,89.6883010864258
1,44.87,14.9231835915707,89.7407531738281
1,44.88,14.9265168914571,89.7741317749023
1,44.89,14.9298501913436,89.8027420043945
1,44.9,14.93318349123,89.8504257202148
1,44.91,14.9365167911164,89.9124145507813
1,44.92,14.9398500910029,89.9362564086914
1,44.93,14.9431833908893,89.9744033813477
1,44.94,14.9465166907758,90.031623840332
1,44.95,14.9498499906622,90.0745391845703
1,44.96,14.9531832905486,90.1174545288086
1,44.97,14.9565165904351,90.1508331298828
1,44.98,14.9598498903215,90.1985168457031
1,44.99,14.9631831902079,90.2462005615234
1,45,14.9665164900944,90.2986526489258
1,45.01,14.9698497899808,90.336799621582
1,45.02,14.9731830898672,90.3511047363281
1,45.03,14.9765163897537,90.4178619384766
1,45.04,14.9798496896401,90.4560089111328
1,45.05,14.9831829895265,90.5036926269531
1,45.06,14.986516289413,90.5466079711914
1,45.07,14.9898495892994,90.5895233154297
1,45.08,14.9931828891858,90.632438659668
1,45.09,14.9965161890723,90.6610488891602
1,45.1,14.9998494889587,90.7230377197266
1,45.11,15.0031827888452,90.7611846923828
1,45.12,15.0065160887316,90.8279418945313
1,45.13,15.009849388618,90.8517837524414
1,45.14,15.0131826885045,90.9090042114258
1,45.15,15.0165159883909,90.9423828125
1,45.16,15.0198492882773,91.0043716430664
1,45.17,15.0231825881638,91.0425186157227
1,45.18,15.0265158880502,91.0758972167969
1,45.19,15.0298491879366,91.099739074707
1,45.2,15.0331824878231,91.1521911621094
1,45.21,15.0365157877095,91.1712646484375
1,45.22,15.0398490875959,91.2189483642578
1,45.23,15.0431823874824,91.252326965332
1,45.24,15.0465156873688,91.2904739379883
1,45.25,15.0498489872552,91.3047790527344
1,45.26,15.0531822871417,91.3381576538086
1,45.27,15.0565155870281,91.3667678833008
1,45.28,15.0598488869146,91.4096832275391
1,45.29,15.063182186801,91.4335250854492
1,45.3,15.0665154866874,91.4573669433594
1,45.31,15.0698487865739,91.5002822875977
1,45.32,15.0731820864603,91.5288925170898
1,45.33,15.0765153863467,91.557502746582
1,45.34,15.0798486862332,91.5956497192383
1,45.35,15.0831819861196,91.6481018066406
1,45.36,15.086515286006,91.6719436645508
1,45.37,15.0898485858925,91.7196273803711
1,45.38,15.0931818857789,91.7387008666992
1,45.39,15.0965151856653,91.8054580688477
1,45.4,15.0998484855518,91.8006896972656
1,45.41,15.1031817854382,91.8769836425781
1,45.42,15.1065150853246,91.9103622436523
1,45.43,15.1131816850975,91.9628143310547
1,45.45,15.116514984984,92.0391082763672
1,45.46,15.1198482848704,92.0581817626953
1,45.47,15.1231815847568,92.1010971069336
1,45.48,15.1298481845297,92.1487808227539
1,45.49,15.1331814844161,92.1821594238281
1,45.51,15.1365147843026,92.2727584838867
1,45.52,15.1431813840754,92.2870635986328
1,45.53,15.1465146839619,92.3395156860352
1,45.54,15.1498479838483,92.3681259155273
1,45.55,15.1531812837347,92.4205780029297
1,45.56,15.1565145836212,92.4491882324219
1,45.57,15.1598478835076,92.4968719482422
1,45.58,15.163181183394,92.5159454345703
1,45.59,15.1665144832805,92.5922393798828
1,45.61,15.1731810830534,92.6446914672852
1,45.62,15.1765143829398,92.6780700683594
1,45.63,15.1798476828262,92.7162170410156
1,45.64,15.1831809827127,92.7543640136719
1,45.65,15.1865142825991,92.7972793579102
1,45.66,15.1898475824855,92.8258895874023
1,45.67,15.193180882372,92.8592681884766
1,45.68,15.1965141822584,92.8735733032227
1,45.69,15.1998474821448,92.9117202758789
1,45.7,15.2031807820313,92.926025390625
1,45.71,15.2065140819177,92.9784774780273
1,45.72,15.2098473818041,93.0118560791016
1,45.73,15.2131806816906,93.0500030517578
1,45.74,15.216513981577,93.07861328125
1,45.75,15.2198472814634,93.1072235107422
1,45.76,15.2231805813499,93.1262969970703
1,45.77,15.2265138812363,93.1644439697266
1,45.78,15.2298471811228,93.1930541992188
1,45.79,15.2331804810092,93.226432800293
1,45.8,15.2365137808956,93.2455062866211
1,45.81,15.2398470807821,93.2741165161133
1,45.82,15.2431803806685,93.3122634887695
1,45.83,15.2465136805549,93.3551788330078
1,45.84,15.2498469804414,93.3599472045898
1,45.85,15.2531802803278,93.3980941772461
1,45.86,15.2565135802142,93.4314727783203
1,45.87,15.2598468801007,93.4600830078125
1,45.88,15.2631801799871,93.4934616088867
1,45.89,15.2665134798735,93.5268402099609
1,45.9,15.26984677976,93.541145324707
1,45.91,15.2731800796464,93.5840606689453
1,45.92,15.2765133795328,93.6174392700195
1,45.93,15.2798466794193,93.6651229858398
1,45.94,15.2831799793057,93.6794281005859
1,45.95,15.2865132791921,93.7318801879883
1,45.96,15.2898465790786,93.7557220458984
1,45.97,15.293179878965,93.7747955322266
1,45.98,15.2965131788515,93.8320159912109
1,45.99,15.2998464787379,93.8510894775391
1,46,15.3031797786243,93.9083099365234
1,46.01,15.3065130785108,93.9464569091797
1,46.02,15.3098463783972,93.998908996582
1,46.03,15.3131796782836,94.0084457397461
1,46.04,15.3165129781701,94.0465927124023
1,46.05,15.3198462780565,94.1038131713867
1,46.06,15.3231795779429,94.1371917724609
1,46.07,15.3265128778294,94.1848754882813
1,46.08,15.3298461777158,94.2277908325195
1,46.09,15.3331794776022,94.2420959472656
1,46.1,15.3365127774887,94.294548034668
1,46.11,15.3398460773751,94.3136215209961
1,46.12,15.3431793772616,94.3756103515625
1,46.13,15.346512677148,94.4280624389648
1,46.14,15.3498459770344,94.451904296875
1,46.15,15.3531792769209,94.4757461547852
1,46.16,15.3565125768073,94.5234298706055
1,46.17,15.3598458766937,94.5472717285156
1,46.18,15.3631791765802,94.5901870727539
1,46.19,15.3665124764666,94.6331024169922
1,46.2,15.369845776353,94.6664810180664
1,46.21,15.3731790762395,94.7237014770508
1,46.22,15.3765123761259,94.7427749633789
1,46.23,15.3798456760123,94.7952270507813
1,46.24,15.3831789758988,94.8476791381836
1,46.25,15.3865122757852,94.8762893676758
1,46.26,15.3898455756716,94.914436340332
1,46.27,15.3931788755581,94.9335098266602
1,46.28,15.3965121754445,95.0193405151367
1,46.29,15.3998454753309,95.0384140014648
1,46.3,15.4031787752174,95.0765609741211
1,46.31,15.4065120751038,95.1147079467773
1,46.32,15.4098453749903,95.1576232910156
1,46.33,15.4131786748767,95.1719284057617
1,46.34,15.4165119747631,95.2386856079102
1,46.35,15.4198452746496,95.2625274658203
1,46.36,15.423178574536,95.3102111816406
1,46.37,15.4265118744224,95.3483581542969
1,46.38,15.4298451743089,95.3865051269531
1,46.39,15.4331784741953,95.4055786132813
1,46.4,15.4365117740817,95.4484939575195
1,46.41,15.4398450739682,95.4627990722656
1,46.42,15.4431783738546,95.5104827880859
1,46.43,15.446511673741,95.5486297607422
1,46.44,15.4498449736275,95.5629348754883
1,46.45,15.4531782735139,95.6296920776367
1,46.46,15.4565115734003,95.6535339355469
1,46.47,15.4598448732868,95.6916809082031
1,46.48,15.4631781731732,95.7107543945313
1,46.49,15.4665114730597,95.7584381103516
1,46.5,15.4698447729461,95.8156585693359
1,46.51,15.4731780728325,95.8347320556641
1,46.52,15.476511372719,95.8871841430664
1,46.53,15.4798446726054,95.9205627441406
1,46.54,15.4831779724918,95.9539413452148
1,46.55,15.4865112723783,95.9968566894531
1,46.56,15.4898445722647,96.0350036621094
1,46.57,15.4931778721511,96.0636138916016
1,46.58,15.4965111720376,96.1065292358398
1,46.59,15.499844471924,96.1542129516602
1,46.6,15.5031777718104,96.1589813232422
1,46.61,15.5065110716969,96.2114334106445
1,46.62,15.5098443715833,96.2352752685547
1,46.63,15.5131776714697,96.2543487548828
1,46.64,15.5165109713562,96.2972640991211
1,46.65,15.5198442712426,96.3306427001953
1,46.66,15.5231775711291,96.3640213012695
1,46.67,15.5265108710155,96.3878631591797
1,46.68,15.5298441709019,96.435546875
1,46.69,15.5331774707884,96.4689254760742
1,46.7,15.5365107706748,96.4832305908203
1,46.71,15.5398440705612,96.5452194213867
1,46.72,15.5431773704477,96.5738296508789
1,46.73,15.5465106703341,96.6024398803711
1,46.74,15.5498439702205,96.6310501098633
1,46.75,15.553177270107,96.6787338256836
1,46.76,15.5565105699934,96.7264175415039
1,46.77,15.5598438698798,96.7645645141602
1,46.78,15.5631771697663,96.8027114868164
1,46.79,15.5665104696527,96.8360900878906
1,46.8,15.5698437695391,96.898078918457
1,46.81,15.5731770694256,96.9314575195313
1,46.82,15.576510369312,96.9409942626953
1,46.83,15.5798436691985,97.0172882080078
1,46.84,15.5831769690849,97.0315933227539
1,46.85,15.5865102689713,97.1126556396484
1,46.86,15.5898435688578,97.1269607543945
1,46.87,15.5931768687442,97.1555709838867
1,46.88,15.5965101686306,97.2270965576172
1,46.89,15.5998434685171,97.2652435302734
1,46.9,15.6031767684035,97.2938537597656
1,46.91,15.6065100682899,97.3272323608398
1,46.92,15.6098433681764,97.3606109619141
1,46.93,15.6131766680628,97.4464416503906
1,46.94,15.6165099679492,97.4559783935547
1,46.95,15.6198432678357,97.498893737793
1,46.96,15.6231765677221,97.5418090820313
1,46.97,15.6265098676085,97.5799560546875
1,46.98,15.629843167495,97.6085662841797
1,46.99,15.6331764673814,97.6705551147461
1,47,15.6365097672679,97.6848602294922
1,47.01,15.6398430671543,97.7230072021484
1,47.02,15.6431763670407,97.7468490600586
1,47.03,15.6465096669272,97.804069519043
1,47.04,15.6498429668136,97.8231430053711
1,47.05,15.6531762667,97.8660583496094
1,47.06,15.6565095665865,97.9042053222656
1,47.07,15.6598428664729,97.9328155517578
1,47.08,15.6631761663593,97.9518890380859
1,47.09,15.6665094662458,97.9804992675781
1,47.1,15.6698427661322,98.0138778686523
1,47.11,15.6731760660186,98.0472564697266
1,47.12,15.6765093659051,98.0615615844727
1,47.13,15.6798426657915,98.118782043457
1,47.14,15.6831759656779,98.1235504150391
1,47.15,15.6865092655644,98.1569290161133
1,47.16,15.6898425654508,98.1903076171875
1,47.17,15.6931758653373,98.1903076171875
1,47.18,15.6965091652237,98.2093811035156
1,47.19,15.6998424651101,98.2332229614258
1,47.2,15.7031757649966,98.271369934082
1,47.21,15.706509064883,98.271369934082
1,47.22,15.7098423647694,98.3285903930664
1,47.23,15.7131756646559,98.3238220214844
1,47.24,15.7165089645423,98.3428955078125
1,47.25,15.7198422644287,98.3619689941406
1,47.26,15.7231755643152,98.4001159667969
1,47.27,15.7265088642016,98.419189453125
1,47.28,15.729842164088,98.4477996826172
1,47.29,15.7331754639745,98.4573364257813
1,47.3,15.7365087638609,98.5050201416016
1,47.31,15.7398420637473,98.5240936279297
1,47.32,15.7431753636338,98.5479354858398
1,47.33,15.7465086635202,98.567008972168
1,47.34,15.7498419634067,98.5956192016602
1,47.35,15.7531752632931,98.6433029174805
1,47.36,15.7565085631795,98.6576080322266
1,47.37,15.759841863066,98.6957550048828
1,47.38,15.7631751629524,98.7052917480469
1,47.39,15.7665084628388,98.7577438354492
1,47.4,15.7698417627253,98.7625122070313
1,47.41,15.7731750626117,98.8054275512695
1,47.42,15.7765083624981,98.8197326660156
1,47.43,15.7798416623846,98.876953125
1,47.44,15.783174962271,98.8912582397461
1,47.45,15.7865082621574,98.9437103271484
1,47.46,15.7898415620439,98.9770889282227
1,47.47,15.7931748619303,99.0104675292969
1,47.48,15.7965081618167,99.0486145019531
1,47.49,15.7998414617032,99.0676879882813
1,47.5,15.8031747615896,99.1344451904297
1,47.51,15.8065080614761,99.1725921630859
1,47.52,15.8098413613625,99.2059707641602
1,47.53,15.8131746612489,99.2441177368164
1,47.54,15.8165079611354,99.2584228515625
1,47.55,15.8198412610218,99.2822647094727
1,47.56,15.8231745609082,99.3108749389648
1,47.57,15.8265078607947,99.3061065673828
1,47.58,15.8298411606811,99.329948425293
1,47.59,15.8331744605675,99.3251800537109
1,47.6,15.836507760454,99.3490219116211
1,47.61,15.8398410603404,99.3537902832031
1,47.62,15.8431743602268,99.3633270263672
1,47.63,15.8465076601133,99.3633270263672
1,47.64,15.8498409599997,99.3442535400391
1,47.65,15.8531742598861,99.3824005126953
1,47.66,15.8565075597726,99.3537902832031
1,47.67,15.859840859659,99.3680953979492
1,47.68,15.8631741595454,99.3728637695313
1,47.69,15.8665074594319,99.3633270263672
1,47.7,15.8698407593183,99.3537902832031
1,47.71,15.8731740592048,99.3824005126953
1,47.72,15.8765073590912,99.3442535400391
1,47.73,15.8798406589776,99.3204116821289
1,47.74,15.8831739588641,99.334716796875
1,47.75,15.8865072587505,99.3204116821289
1,47.76,15.8898405586369,99.3490219116211
1,47.77,15.8931738585234,99.3108749389648
1,47.78,15.8965071584098,99.3204116821289
1,47.79,15.8998404582962,99.3108749389648
1,47.8,15.9031737581827,99.2918014526367
1,47.81,15.9065070580691,99.2965698242188
1,47.82,15.9098403579555,99.2727279663086
1,47.83,15.913173657842,99.2870330810547
1,47.84,15.9165069577284,99.2536544799805
1,47.85,15.9198402576149,99.2679595947266
1,47.86,15.9231735575013,99.2536544799805
1,47.87,15.9265068573877,99.2536544799805
1,47.88,15.9298401572742,99.2536544799805
1,47.89,15.9331734571606,99.2345809936523
1,47.9,15.936506757047,99.2393493652344
1,47.91,15.9398400569335,99.2059707641602
1,47.92,15.9431733568199,99.2202758789063
1,47.93,15.9465066567063,99.1916656494141
1,47.94,15.9498399565928,99.1630554199219
1,47.95,15.9531732564792,99.1535186767578
1,47.96,15.9565065563656,99.1344451904297
1,47.97,15.9598398562521,99.1296768188477
1,47.98,15.9631731561385,99.1249084472656
1,47.99,15.9665064560249,99.1010665893555
1,48,15.9698397559114,99.1106033325195
1,48.01,15.9731730557978,99.0724563598633
1,48.02,15.9765063556843,99.0581512451172
1,48.03,15.9798396555707,99.0819931030273
1,48.04,15.9831729554571,99.0533828735352
1,48.05,15.9865062553436,99.0629196166992
1,48.06,15.98983955523,99.0772247314453
1,48.07,15.9931728551164,99.0629196166992
1,48.08,15.9965061550029,99.0724563598633
1,48.09,15.9998394548893,99.0676879882813
1,48.1,16.0031727547757,99.0629196166992
1,48.11,16.0065060546622,99.0676879882813
1,48.12,16.0098393545486,99.0676879882813
1,48.13,16.013172654435,99.0819931030273
1,48.14,16.0165059543215,99.1010665893555
1,48.15,16.0198392542079,99.1201400756836
1,48.16,16.0231725540943,99.1296768188477
1,48.17,16.0265058539808,99.1439819335938
1,48.18,16.0298391538672,99.1439819335938
1,48.19,16.0331724537537,99.1535186767578
1,48.2,16.0365057536401,99.1582870483398
1,48.21,16.0398390535265,99.1678237915039
1,48.22,16.043172353413,99.18212890625
1,48.23,16.0465056532994,99.2155075073242
1,48.24,16.0498389531858,99.2298126220703
1,48.25,16.0531722530723,99.2488861083984
1,48.26,16.0565055529587,99.2727279663086
1,48.27,16.0598388528451,99.2918014526367
1,48.28,16.0631721527316,99.334716796875
1,48.29,16.066505452618,99.334716796875
1,48.3,16.0698387525044,99.3967056274414
1,48.31,16.0731720523909,99.4014739990234
1,48.32,16.0765053522773,99.4443893432617
1,48.33,16.0798386521637,99.4777679443359
1,48.34,16.0831719520502,99.5111465454102
1,48.35,16.0865052519366,99.5492935180664
1,48.36,16.0898385518231,99.5874404907227
1,48.37,16.0931718517095,99.5969772338867
1,48.38,16.0965051515959,99.6494293212891
1,48.39,16.0998384514824,99.6828079223633
1,48.4,16.1031717513688,99.6971130371094
1,48.41,16.1065050512552,99.7495651245117
1,48.42,16.1098383511417,99.7591018676758
1,48.43,16.1131716510281,99.8067855834961
1,48.44,16.1165049509145,99.8449325561523
1,48.45,16.119838250801,99.8830795288086
1,48.46,16.1231715506874,99.9069213867188
1,48.47,16.1265048505738,99.9355316162109
1,48.48,16.1298381504603,99.9832153320313
1,48.49,16.1331714503467,99.9975204467773
1,48.5,16.1365047502331,100.030899047852
1,48.51,16.1398380501196,100.083351135254
1,48.52,16.143171350006,100.102424621582
1,48.53,16.1465046498925,100.14533996582
1,48.54,16.1498379497789,100.16918182373
1,48.55,16.1531712496653,100.173950195313
1,48.56,16.1565045495518,100.231170654297
1,48.57,16.1598378494382,100.245475769043
1,48.58,16.1631711493246,100.293159484863
1,48.59,16.1665044492111,100.321769714355
1,48.6,16.1698377490975,100.33130645752
1,48.61,16.1731710489839,100.364685058594
1,48.62,16.1765043488704,100.407600402832
1,48.63,16.1798376487568,100.445747375488
1,48.64,16.1831709486432,100.455284118652
1,48.65,16.1865042485297,100.531578063965
1,48.66,16.1898375484161,100.536346435547
1,48.67,16.1931708483025,100.588798522949
1,48.68,16.196504148189,100.598335266113
1,48.69,16.1998374480754,100.607872009277
1,48.7,16.2031707479618,100.665092468262
1,48.71,16.2065040478483,100.669860839844
1,48.72,16.2098373477347,100.722312927246
1,48.73,16.2131706476212,100.736618041992
1,48.74,16.2165039475076,100.750923156738
1,48.75,16.219837247394,100.798606872559
1,48.76,16.2231705472805,100.803375244141
1,48.77,16.2265038471669,100.860595703125
1,48.78,16.2298371470533,100.903511047363
1,48.79,16.2331704469398,100.932121276855
1,48.8,16.2365037468262,100.946426391602
1,48.81,16.2398370467126,100.998878479004
1,48.82,16.2431703465991,101.027488708496
1,48.83,16.2465036464855,101.079940795898
1,48.84,16.2498369463719,101.103782653809
1,48.85,16.2531702462584,101.141929626465
1,48.86,16.2565035461448,101.180076599121
1,48.87,16.2598368460312,101.208686828613
1,48.88,16.2631701459177,101.227760314941
1,48.89,16.2665034458041,101.27067565918
1,48.9,16.2698367456906,101.299285888672
1,48.91,16.273170045577,101.34220123291
1,48.92,16.2765033454634,101.361274719238
1,48.93,16.2798366453499,101.408958435059
1,48.94,16.2831699452363,101.428031921387
1,48.95,16.2865032451227,101.475715637207
1,48.96,16.2898365450092,101.494789123535
1,48.97,16.2931698448956,101.55200958252
1,48.98,16.296503144782,101.556777954102
1,48.99,16.2998364446685,101.618766784668
1,49,16.3031697445549,101.642608642578
1,49.01,16.3065030444413,101.680755615234
1,49.02,16.3131696442142,101.699829101563
1,49.04,16.3165029441006,101.766586303711
1,49.05,16.3198362439871,101.823806762695
1,49.06,16.3231695438735,101.866722106934
1,49.07,16.3298361436464,101.923942565918
1,49.08,16.3331694435328,101.957321166992
1,49.1,16.3365027434193,102.038383483887
1,49.11,16.3431693431921,102.081298828125
1,49.12,16.3465026430786,102.086067199707
1,49.13,16.349835942965,102.138519287109
1,49.14,16.3531692428514,102.181434631348
1,49.15,16.3565025427379,102.21004486084
1,49.16,16.3598358426243,102.238655090332
1,49.17,16.3631691425107,102.252960205078
1,49.18,16.3665024423972,102.291107177734
1,49.19,16.3698357422836,102.329254150391
1,49.2,16.37316904217,102.348327636719
1,49.21,16.3765023420565,102.386474609375
1,49.22,16.3798356419429,102.424621582031
1,49.23,16.3831689418294,102.448463439941
1,49.24,16.3865022417158,102.486610412598
1,49.25,16.3898355416022,102.543830871582
1,49.26,16.3931688414887,102.56290435791
1,49.27,16.3965021413751,102.58674621582
1,49.28,16.3998354412615,102.639198303223
1,49.29,16.403168741148,102.677345275879
1,49.3,16.4065020410344,102.710723876953
1,49.31,16.4098353409208,102.729797363281
1,49.32,16.4131686408073,102.782249450684
1,49.33,16.4165019406937,102.79655456543
1,49.34,16.4198352405801,102.834701538086
1,49.35,16.4231685404666,102.86808013916
1,49.36,16.426501840353,102.872848510742
1,49.37,16.4298351402394,102.91576385498
1,49.38,16.4331684401259,102.949142456055
1,49.39,16.4365017400123,102.992057800293
1,49.4,16.4398350398988,103.020668029785
1,49.41,16.4431683397852,103.073120117188
1,49.42,16.4465016396716,103.10173034668
1,49.43,16.4498349395581,103.163719177246
1,49.44,16.4531682394445,103.192329406738
1,49.45,16.4565015393309,103.249549865723
1,49.46,16.4598348392174,103.273391723633
1,49.47,16.4631681391038,103.325843811035
1,49.48,16.4665014389902,103.373527526855
1,49.49,16.4698347388767,103.402137756348
1,49.5,16.4731680387631,103.459358215332
1,49.51,16.4765013386495,103.492736816406
1,49.52,16.479834638536,103.540420532227
1,49.53,16.4831679384224,103.569030761719
1,49.54,16.4865012383089,103.611946105957
1,49.55,16.4898345381953,103.640556335449
1,49.56,16.4931678380817,103.669166564941
1,49.57,16.4965011379682,103.716850280762
1,49.58,16.4998344378546,103.726387023926
1,49.59,16.503167737741,103.788375854492
1,49.6,16.5065010376275,103.797912597656
1,49.61,16.5098343375139,103.845596313477
1,49.62,16.5131676374003,103.883743286133
1,49.63,16.5165009372868,103.940963745117
1,49.64,16.5198342371732,103.950500488281
1,49.65,16.5231675370596,103.988647460938
1,49.66,16.5265008369461,104.031562805176
1,49.67,16.5298341368325,104.06494140625
1,49.68,16.5331674367189,104.08878326416
1,49.69,16.5365007366054,104.122161865234
1,49.7,16.5398340364918,104.155540466309
1,49.71,16.5431673363782,104.222297668457
1,49.72,16.5465006362647,104.246139526367
1,49.73,16.5498339361511,104.303359985352
1,49.74,16.5531672360376,104.336738586426
1,49.75,16.556500535924,104.374885559082
1,49.76,16.5598338358104,104.379653930664
1,49.77,16.5631671356969,104.41780090332
1,49.78,16.5665004355833,104.465484619141
1,49.79,16.5698337354697,104.479789733887
1,49.8,16.5731670353562,104.508399963379
1,49.81,16.5765003352426,104.556083679199
1,49.82,16.579833635129,104.584693908691
1,49.83,16.5831669350155,104.608535766602
1,49.84,16.5865002349019,104.656219482422
1,49.85,16.5898335347883,104.641914367676
1,49.86,16.5931668346748,104.680061340332
1,49.87,16.5965001345612,104.69913482666
1,49.88,16.5998334344476,104.732513427734
1,49.89,16.6031667343341,104.770660400391
1,49.9,16.6065000342205,104.799270629883
1,49.91,16.609833334107,104.818344116211
1,49.92,16.6131666339934,104.837417602539
1,49.93,16.6164999338798,104.880332946777
1,49.94,16.6198332337663,104.899406433105
1,49.95,16.6231665336527,104.937553405762
1,49.96,16.6264998335391,104.970932006836
1,49.97,16.6298331334256,104.999542236328
1,49.98,16.633166433312,105.023384094238
1,49.99,16.6364997331984,105.056762695313
1,50,16.6398330330849,105.099678039551
1,50.01,16.6431663329713,105.109214782715
1,50.02,16.6464996328577,105.156898498535
1,50.03,16.6498329327442,105.180740356445
1,50.04,16.6531662326306,105.228424072266
1,50.05,16.656499532517,105.252265930176
1,50.06,16.6598328324035,105.338096618652
1,50.07,16.6631661322899,105.361938476563
1,50.08,16.6664994321764,105.390548706055
1,50.09,16.6698327320628,105.433464050293
1,50.1,16.6731660319492,105.457305908203
1,50.11,16.6764993318357,105.514526367188
1,50.12,16.6798326317221,105.54313659668
1,50.13,16.6831659316085,105.605125427246
1,50.14,16.686499231495,105.624198913574
1,50.15,16.6898325313814,105.676651000977
1,50.16,16.6931658312678,105.705261230469
1,50.17,16.6964991311543,105.738639831543
1,50.18,16.6998324310407,105.757713317871
1,50.19,16.7031657309271,105.786323547363
1,50.2,16.7064990308136,105.838775634766
1,50.21,16.7098323307,105.862617492676
1,50.22,16.7131656305864,105.886459350586
1,50.23,16.7164989304729,105.91983795166
1,50.24,16.7198322303593,105.957984924316
1,50.25,16.7231655302458,105.972290039063
1,50.26,16.7264988301322,106.019973754883
1,50.27,16.7298321300186,106.043815612793
1,50.28,16.7331654299051,106.077194213867
1,50.29,16.7364987297915,106.115341186523
1,50.3,16.7398320296779,106.148719787598
1,50.31,16.7431653295644,106.196403503418
1,50.32,16.7464986294508,106.215476989746
1,50.33,16.7498319293372,106.258392333984
1,50.34,16.7531652292237,106.296539306641
1,50.35,16.7564985291101,106.353759765625
1,50.36,16.7598318289965,106.363296508789
1,50.37,16.763165128883,106.430053710938
1,50.38,16.7664984287694,106.45866394043
1,50.39,16.7698317286558,106.496810913086
1,50.4,16.7731650285423,106.539726257324
1,50.41,16.7764983284287,106.582641601563
1,50.42,16.7798316283152,106.582641601563
1,50.43,16.7831649282016,106.654167175293
1,50.44,16.786498228088,106.668472290039
1,50.45,16.7898315279745,106.697082519531
1,50.46,16.7931648278609,106.735229492188
1,50.47,16.7964981277473,106.759071350098
1,50.48,16.7998314276338,106.8115234375
1,50.49,16.8031647275202,106.83536529541
1,50.5,16.8064980274066,106.873512268066
1,50.51,16.8098313272931,106.925964355469
1,50.52,16.8131646271795,106.954574584961
1,50.53,16.8164979270659,107.002258300781
1,50.54,16.8198312269524,107.030868530273
1,50.55,16.8231645268388,107.083320617676
1,50.56,16.8264978267252,107.09285736084
1,50.57,16.8298311266117,107.150077819824
1,50.58,16.8331644264981,107.183456420898
1,50.59,16.8364977263846,107.245445251465
1,50.6,16.839831026271,107.264518737793
1,50.61,16.8431643261574,107.288360595703
1,50.62,16.8464976260439,107.369422912598
1,50.63,16.8498309259303,107.383728027344
1,50.64,16.8531642258167,107.436180114746
1,50.65,16.8564975257032,107.49340057373
1,50.66,16.8598308255896,107.522010803223
1,50.67,16.863164125476,107.555389404297
1,50.68,16.8664974253625,107.598304748535
1,50.69,16.8698307252489,107.650756835938
1,50.7,16.8731640251353,107.660293579102
1,50.71,16.8764973250218,107.70320892334
1,50.72,16.8798306249082,107.741355895996
1,50.73,16.8831639247946,107.769966125488
1,50.74,16.8864972246811,107.827186584473
1,50.75,16.8898305245675,107.836723327637
1,50.76,16.893163824454,107.874870300293
1,50.77,16.8964971243404,107.889175415039
1,50.78,16.8998304242268,107.932090759277
1,50.79,16.9031637241133,107.96070098877
1,50.8,16.9064970239997,107.994079589844
1,50.81,16.9098303238861,108.022689819336
1,50.82,16.9131636237726,108.075141906738
1,50.83,16.916496923659,108.108520507813
1,50.84,16.9198302235454,108.122825622559
1,50.85,16.9231635234319,108.156204223633
1,50.86,16.9264968233183,108.180046081543
1,50.87,16.9298301232047,108.194351196289
1,50.88,16.9331634230912,108.213424682617
1,50.89,16.9364967229776,108.232498168945
1,50.9,16.939830022864,108.261108398438
1,50.91,16.9431633227505,108.304023742676
1,50.92,16.9464966226369,108.294486999512
1,50.93,16.9498299225234,108.31356048584
1,50.94,16.9531632224098,108.351707458496
1,50.95,16.9564965222962,108.380317687988
1,50.96,16.9598298221827,108.399391174316
1,50.97,16.9631631220691,108.437538146973
1,50.98,16.9664964219555,108.456611633301
1,50.99,16.969829721842,108.480453491211
1,51,16.9731630217284,108.499526977539
1,51.01,16.9764963216148,108.523368835449
1,51.02,16.9798296215013,108.532905578613
1,51.03,16.9831629213877,108.561515808105
1,51.04,16.9864962212741,108.59489440918
1,51.05,16.9898295211606,108.613967895508
1,51.06,16.993162821047,108.61873626709
1,51.07,16.9964961209334,108.680725097656
1,51.08,16.9998294208199,108.69026184082
1,51.09,17.0031627207063,108.71410369873
1,51.1,17.0064960205927,108.742713928223
1,51.11,17.0098293204792,108.785629272461
1,51.12,17.0131626203656,108.814239501953
1,51.13,17.0164959202521,108.833312988281
1,51.14,17.0198292201385,108.852386474609
1,51.15,17.0231625200249,108.919143676758
1,51.16,17.0264958199114,108.933448791504
1,51.17,17.0298291197978,108.985900878906
1,51.18,17.0331624196842,109.009742736816
1,51.19,17.0364957195707,109.062194824219
1,51.2,17.0398290194571,109.095573425293
1,51.21,17.0431623193435,109.124183654785
1,51.22,17.04649561923,109.176635742188
1,51.23,17.0498289191164,109.224319458008
1,51.24,17.0531622190028,109.22908782959
1,51.25,17.0564955188893,109.286308288574
1,51.26,17.0598288187757,109.314918518066
1,51.27,17.0631621186621,109.353065490723
1,51.28,17.0664954185486,109.386444091797
1,51.29,17.069828718435,109.395980834961
1,51.3,17.0731620183215,109.457969665527
1,51.31,17.0764953182079,109.477043151855
1,51.32,17.0798286180943,109.51042175293
1,51.33,17.0831619179808,109.505653381348
1,51.34,17.0864952178672,109.562873840332
1,51.35,17.0898285177536,109.562873840332
1,51.36,17.0931618176401,109.615325927734
1,51.37,17.0964951175265,109.634399414063
1,51.38,17.0998284174129,109.658241271973
1,51.39,17.1031617172994,109.667778015137
1,51.4,17.1064950171858,109.724998474121
1,51.41,17.1098283170722,109.744071960449
1,51.42,17.1131616169587,109.772682189941
1,51.43,17.1164949168451,109.796524047852
1,51.44,17.1198282167315,109.834671020508
1,51.45,17.123161516618,109.853744506836
1,51.46,17.1264948165044,109.906196594238
1,51.47,17.1298281163909,109.939575195313
1,51.48,17.1331614162773,109.992027282715
1,51.49,17.1364947161637,110.025405883789
1,51.5,17.1398280160502,110.068321228027
1,51.51,17.1431613159366,110.12077331543
1,51.52,17.146494615823,110.16845703125
1,51.53,17.1498279157095,110.201835632324
1,51.54,17.1531612155959,110.254287719727
1,51.55,17.1564945154823,110.301971435547
1,51.56,17.1598278153688,110.349655151367
1,51.57,17.1631611152552,110.378265380859
1,51.58,17.1664944151416,110.421180725098
1,51.59,17.1698277150281,110.464096069336
1,51.6,17.1731610149145,110.516548156738
1,51.61,17.1764943148009,110.549926757813
1,51.62,17.1798276146874,110.583305358887
1,51.63,17.1831609145738,110.611915588379
1,51.64,17.1864942144603,110.654830932617
1,51.65,17.1898275143467,110.688209533691
1,51.66,17.1931608142331,110.721588134766
1,51.67,17.1964941141196,110.745429992676
1,51.68,17.199827414006,110.812187194824
1,51.69,17.2031607138924,110.831260681152
1,51.7,17.2064940137789,110.859870910645
1,51.71,17.2098273136653,110.907554626465
1,51.72,17.2131606135517,110.945701599121
1,51.73,17.2164939134382,110.993385314941
1,51.74,17.2198272133246,111.007690429688
1,51.75,17.223160513211,111.031532287598
1,51.76,17.2264938130975,111.088752746582
1,51.77,17.2298271129839,111.122131347656
1,51.78,17.2331604128704,111.160278320313
1,51.79,17.2364937127568,111.188888549805
1,51.8,17.2398270126432,111.217498779297
1,51.81,17.2431603125297,111.284255981445
1,51.82,17.2464936124161,111.312866210938
1,51.83,17.2498269123025,111.355781555176
1,51.84,17.253160212189,111.393928527832
1,51.85,17.2564935120754,111.470222473145
1,51.86,17.2598268119618,111.484527587891
1,51.87,17.2631601118483,111.551284790039
1,51.88,17.2664934117347,111.579895019531
1,51.89,17.2698267116211,111.632347106934
1,51.9,17.2731600115076,111.680030822754
1,51.91,17.276493311394,111.713409423828
1,51.92,17.2798266112804,111.756324768066
1,51.93,17.2831599111669,111.804008483887
1,51.94,17.2864932110533,111.837387084961
1,51.95,17.2898265109397,111.880302429199
1,51.96,17.2931598108262,111.918449401855
1,51.97,17.2964931107126,111.956596374512
1,51.98,17.2998264105991,111.980438232422
1,51.99,17.3031597104855,112.028121948242
1,52,17.3064930103719,112.066268920898
1,52.01,17.3098263102584,112.085342407227
1,52.02,17.3131596101448,112.090110778809
1,52.03,17.3164929100312,112.142562866211
1,52.04,17.3198262099177,112.156867980957
1,52.05,17.3231595098041,112.204551696777
1,52.06,17.3264928096905,112.218856811523
1,52.07,17.329826109577,112.25700378418
1,52.08,17.3331594094634,112.299919128418
1,52.09,17.3364927093498,112.32852935791
1,52.1,17.3398260092363,112.37621307373
1,52.11,17.3431593091227,112.395286560059
1,52.12,17.3464926090091,112.462043762207
1,52.13,17.3498259088956,112.495422363281
1,52.14,17.353159208782,112.547874450684
1,52.15,17.3564925086685,112.581253051758
1,52.16,17.3598258085549,112.628936767578
1,52.17,17.3631591084413,112.65754699707
1,52.18,17.3664924083278,112.700462341309
1,52.19,17.3698257082142,112.719535827637
1,52.2,17.3731590081006,112.757682800293
1,52.21,17.3764923079871,112.781524658203
1,52.22,17.3798256078735,112.810134887695
1,52.23,17.3831589077599,112.838745117188
1,52.24,17.3864922076464,112.857818603516
1,52.25,17.3898255075328,112.876892089844
