ééå±âÒêî,éûä‘[sec],à⁄ìÆó [mm],â◊èd[N]
1,0.01,0,4.17232513427734E-03
1,0.22,3.33329988643527E-03,2.38418579101563E-03
1,0.25,6.66659977287054E-03,1.19209289550781E-03
1,0.26,9.99989965930581E-03,5.96046447753906E-04
1,0.27,1.33331995457411E-02,-5.96046447753906E-04
1,0.28,1.99997993186116E-02,3.57627868652344E-03
1,0.3,2.33330992050469E-02,5.36441802978516E-03
1,0.31,2.66663990914822E-02,5.96046447753906E-03
1,0.32,2.99996989779174E-02,8.94069671630859E-03
1,0.33,3.33329988643527E-02,5.36441802978516E-03
1,0.34,0.036666298750788,1.01327896118164E-02
1,0.35,3.99995986372232E-02,9.5367431640625E-03
1,0.36,4.33328985236585E-02,8.34465026855469E-03
1,0.37,4.66661984100938E-02,6.55651092529297E-03
1,0.38,4.99994982965291E-02,5.36441802978516E-03
1,0.39,5.33327981829643E-02,4.76837158203125E-03
1,0.4,5.66660980693996E-02,4.17232513427734E-03
1,0.41,5.99993979558349E-02,7.15255737304688E-03
1,0.42,6.33326978422702E-02,6.55651092529297E-03
1,0.43,6.66659977287054E-02,6.55651092529297E-03
1,0.44,6.99992976151407E-02,2.38418579101563E-03
1,0.45,7.33325975015759E-02,0
1,0.46,7.66658973880112E-02,-1.19209289550781E-03
1,0.47,7.99991972744465E-02,-5.96046447753906E-04
1,0.48,8.33324971608818E-02,-3.57627868652344E-03
1,0.49,0.086665797047317,-2.38418579101563E-03
1,0.5,8.99990969337523E-02,-2.98023223876953E-03
1,0.51,9.33323968201876E-02,1.19209289550781E-03
1,0.52,9.66656967066228E-02,-1.19209289550781E-03
1,0.53,9.99989965930581E-02,5.36441802978516E-03
1,0.54,0.106665596365929,1.78813934326172E-03
1,0.55,0.109998896252364,7.74860382080078E-03
1,0.57,0.113332196138799,1.01327896118164E-02
1,0.58,0.11999879591167,1.31130218505859E-02
1,0.59,0.123332095798105,1.60932540893555E-02
1,0.6,0.12666539568454,1.37090682983398E-02
1,0.61,0.129998695570976,1.60932540893555E-02
1,0.63,0.133331995457411,1.54972076416016E-02
1,0.64,0.139998595230281,1.43051147460938E-02
1,0.65,0.143331895116717,1.54972076416016E-02
1,0.67,0.149998494889587,1.31130218505859E-02
1,0.68,0.153331794776022,1.31130218505859E-02
1,0.69,0.156665094662458,7.74860382080078E-03
1,0.7,0.159998394548893,1.19209289550781E-02
1,0.71,0.163331694435328,1.13248825073242E-02
1,0.72,0.166664994321764,0.012516975402832
1,0.73,0.169998294208199,1.19209289550781E-02
1,0.74,0.173331594094634,1.13248825073242E-02
1,0.75,0.176664893981069,9.5367431640625E-03
1,0.76,0.179998193867505,1.31130218505859E-02
1,0.77,0.18333149375394,1.13248825073242E-02
1,0.78,0.186664793640375,1.19209289550781E-02
1,0.79,0.18999809352681,1.37090682983398E-02
1,0.8,0.193331393413246,1.07288360595703E-02
1,0.81,0.196664693299681,1.31130218505859E-02
1,0.82,0.199997993186116,1.43051147460938E-02
1,0.83,0.203331293072552,1.49011611938477E-02
1,0.84,0.206664592958987,1.13248825073242E-02
1,0.85,0.209997892845422,1.31130218505859E-02
1,0.86,0.213331192731857,4.17232513427734E-03
1,0.87,0.216664492618293,8.34465026855469E-03
1,0.88,0.219997792504728,6.55651092529297E-03
1,0.89,0.223331092391163,7.74860382080078E-03
1,0.9,0.226664392277598,9.5367431640625E-03
1,0.91,0.229997692164034,5.36441802978516E-03
1,0.92,0.233330992050469,6.55651092529297E-03
1,0.93,0.236664291936904,5.96046447753906E-03
1,0.94,0.239997591823339,2.98023223876953E-03
1,0.95,0.243330891709775,7.74860382080078E-03
1,0.96,0.24666419159621,5.96046447753906E-03
1,0.97,0.249997491482645,1.01327896118164E-02
1,0.98,0.253330791369081,7.15255737304688E-03
1,0.99,0.256664091255516,6.55651092529297E-03
1,1,0.259997391141951,5.36441802978516E-03
1,1.01,0.263330691028386,4.17232513427734E-03
1,1.02,0.266663990914822,0
1,1.03,0.269997290801257,-5.96046447753906E-04
1,1.04,0.273330590687692,-2.38418579101563E-03
1,1.05,0.276663890574127,0
1,1.06,0.279997190460563,2.98023223876953E-03
1,1.07,0.283330490346998,6.55651092529297E-03
1,1.08,0.286663790233433,6.55651092529297E-03
1,1.09,0.289997090119869,2.98023223876953E-03
1,1.1,0.293330390006304,1.78813934326172E-03
1,1.11,0.296663689892739,7.15255737304688E-03
1,1.12,0.299996989779174,6.55651092529297E-03
1,1.13,0.30333028966561,1.07288360595703E-02
1,1.14,0.306663589552045,1.60932540893555E-02
1,1.15,0.30999688943848,1.60932540893555E-02
1,1.16,0.313330189324915,1.78813934326172E-02
1,1.17,0.316663489211351,2.20537185668945E-02
1,1.18,0.319996789097786,2.14576721191406E-02
1,1.19,0.323330088984221,1.96695327758789E-02
1,1.2,0.326663388870657,2.20537185668945E-02
1,1.21,0.329996688757092,2.20537185668945E-02
1,1.22,0.333329988643527,2.14576721191406E-02
1,1.23,0.336663288529962,2.02655792236328E-02
1,1.24,0.339996588416398,2.14576721191406E-02
1,1.25,0.343329888302833,1.54972076416016E-02
1,1.26,0.346663188189268,1.78813934326172E-02
1,1.27,0.349996488075703,1.01327896118164E-02
1,1.28,0.353329787962139,1.07288360595703E-02
1,1.29,0.356663087848574,5.96046447753906E-03
1,1.3,0.359996387735009,4.76837158203125E-03
1,1.31,0.363329687621445,7.74860382080078E-03
1,1.32,0.36666298750788,5.36441802978516E-03
1,1.33,0.369996287394315,3.57627868652344E-03
1,1.34,0.37332958728075,3.57627868652344E-03
1,1.35,0.376662887167186,5.36441802978516E-03
1,1.36,0.379996187053621,4.76837158203125E-03
1,1.37,0.383329486940056,3.57627868652344E-03
1,1.38,0.386662786826491,0
1,1.39,0.389996086712927,0
1,1.4,0.393329386599362,1.19209289550781E-03
1,1.41,0.396662686485797,1.19209289550781E-03
1,1.42,0.399995986372232,3.57627868652344E-03
1,1.43,0.403329286258668,4.17232513427734E-03
1,1.44,0.406662586145103,5.36441802978516E-03
1,1.45,0.409995886031538,5.96046447753906E-03
1,1.46,0.413329185917974,6.55651092529297E-03
1,1.47,0.416662485804409,6.55651092529297E-03
1,1.48,0.419995785690844,9.5367431640625E-03
1,1.49,0.423329085577279,1.31130218505859E-02
1,1.5,0.426662385463715,1.31130218505859E-02
1,1.51,0.42999568535015,1.07288360595703E-02
1,1.52,0.433328985236585,1.01327896118164E-02
1,1.53,0.43666228512302,1.01327896118164E-02
1,1.54,0.439995585009456,1.07288360595703E-02
1,1.55,0.443328884895891,8.34465026855469E-03
1,1.56,0.446662184782326,7.15255737304688E-03
1,1.57,0.449995484668762,4.17232513427734E-03
1,1.58,0.453328784555197,4.17232513427734E-03
1,1.59,0.456662084441632,7.15255737304688E-03
1,1.6,0.459995384328067,1.01327896118164E-02
1,1.61,0.463328684214503,5.36441802978516E-03
1,1.62,0.466661984100938,1.07288360595703E-02
1,1.63,0.469995283987373,8.34465026855469E-03
1,1.64,0.473328583873808,1.13248825073242E-02
1,1.65,0.476661883760244,1.37090682983398E-02
1,1.66,0.479995183646679,1.43051147460938E-02
1,1.67,0.483328483533114,1.60932540893555E-02
1,1.68,0.48666178341955,1.60932540893555E-02
1,1.69,0.489995083305985,1.43051147460938E-02
1,1.7,0.49332838319242,0.012516975402832
1,1.71,0.496661683078855,1.54972076416016E-02
1,1.72,0.499994982965291,1.60932540893555E-02
1,1.73,0.503328282851726,1.84774398803711E-02
1,1.74,0.506661582738161,1.84774398803711E-02
1,1.75,0.509994882624596,1.60932540893555E-02
1,1.76,0.513328182511032,1.66893005371094E-02
1,1.77,0.516661482397467,1.66893005371094E-02
1,1.78,0.519994782283902,0.019073486328125
1,1.79,0.523328082170337,2.02655792236328E-02
1,1.8,0.526661382056773,2.02655792236328E-02
1,1.81,0.529994681943208,1.66893005371094E-02
1,1.82,0.533327981829643,1.49011611938477E-02
1,1.83,0.536661281716079,1.31130218505859E-02
1,1.84,0.539994581602514,1.37090682983398E-02
1,1.85,0.543327881488949,1.19209289550781E-02
1,1.86,0.546661181375384,0.012516975402832
1,1.87,0.54999448126182,1.01327896118164E-02
1,1.88,0.553327781148255,1.07288360595703E-02
1,1.89,0.55666108103469,8.94069671630859E-03
1,1.9,0.559994380921125,1.13248825073242E-02
1,1.91,0.563327680807561,1.13248825073242E-02
1,1.92,0.566660980693996,1.78813934326172E-02
1,1.93,0.569994280580431,1.60932540893555E-02
1,1.94,0.573327580466866,1.54972076416016E-02
1,1.95,0.576660880353302,1.78813934326172E-02
1,1.96,0.579994180239737,0.019073486328125
1,1.97,0.583327480126172,0.019073486328125
1,1.98,0.586660780012608,1.54972076416016E-02
1,1.99,0.589994079899043,1.54972076416016E-02
1,2,0.593327379785478,1.66893005371094E-02
1,2.01,0.596660679671913,1.54972076416016E-02
1,2.02,0.599993979558349,1.07288360595703E-02
1,2.03,0.603327279444784,1.19209289550781E-02
1,2.04,0.606660579331219,1.13248825073242E-02
1,2.05,0.609993879217654,1.19209289550781E-02
1,2.06,0.61332717910409,5.96046447753906E-03
1,2.07,0.616660478990525,9.5367431640625E-03
1,2.08,0.61999377887696,1.01327896118164E-02
1,2.09,0.623327078763396,1.13248825073242E-02
1,2.1,0.626660378649831,1.13248825073242E-02
1,2.11,0.629993678536266,1.13248825073242E-02
1,2.12,0.633326978422701,1.01327896118164E-02
1,2.13,0.636660278309137,1.19209289550781E-02
1,2.14,0.639993578195572,1.19209289550781E-02
1,2.15,0.643326878082007,9.5367431640625E-03
1,2.16,0.646660177968442,1.01327896118164E-02
1,2.17,0.649993477854878,7.74860382080078E-03
1,2.18,0.653326777741313,1.19209289550781E-02
1,2.19,0.656660077627748,8.34465026855469E-03
1,2.2,0.659993377514184,8.94069671630859E-03
1,2.21,0.663326677400619,4.76837158203125E-03
1,2.22,0.666659977287054,4.17232513427734E-03
1,2.23,0.669993277173489,6.55651092529297E-03
1,2.24,0.673326577059925,6.55651092529297E-03
1,2.25,0.67665987694636,2.98023223876953E-03
1,2.26,0.679993176832795,5.36441802978516E-03
1,2.27,0.68332647671923,4.76837158203125E-03
1,2.28,0.686659776605666,5.96046447753906E-03
1,2.29,0.689993076492101,2.38418579101563E-03
1,2.3,0.693326376378536,-1.19209289550781E-03
1,2.31,0.696659676264971,1.19209289550781E-03
1,2.32,0.699992976151407,2.98023223876953E-03
1,2.33,0.703326276037842,5.96046447753906E-04
1,2.34,0.706659575924277,1.19209289550781E-03
1,2.35,0.709992875810713,-5.96046447753906E-04
1,2.36,0.713326175697148,-4.76837158203125E-03
1,2.37,0.716659475583583,-5.36441802978516E-03
1,2.38,0.719992775470018,-5.96046447753906E-03
1,2.39,0.723326075356454,-2.38418579101563E-03
1,2.4,0.726659375242889,-4.17232513427734E-03
1,2.41,0.729992675129324,-1.78813934326172E-03
1,2.42,0.733325975015759,-1.78813934326172E-03
1,2.43,0.736659274902195,-3.57627868652344E-03
1,2.44,0.73999257478863,-6.55651092529297E-03
1,2.45,0.743325874675065,-6.55651092529297E-03
1,2.46,0.746659174561501,-5.96046447753906E-03
1,2.47,0.749992474447936,-6.55651092529297E-03
1,2.48,0.753325774334371,-5.96046447753906E-03
1,2.49,0.756659074220806,-5.96046447753906E-03
1,2.5,0.759992374107242,-2.98023223876953E-03
1,2.51,0.763325673993677,0
1,2.52,0.766658973880112,-1.19209289550781E-03
1,2.53,0.769992273766547,-5.96046447753906E-04
1,2.54,0.773325573652983,5.96046447753906E-04
1,2.55,0.776658873539418,2.38418579101563E-03
1,2.56,0.779992173425853,2.98023223876953E-03
1,2.57,0.783325473312289,5.96046447753906E-03
1,2.58,0.786658773198724,7.74860382080078E-03
1,2.59,0.789992073085159,1.01327896118164E-02
1,2.6,0.793325372971594,1.37090682983398E-02
1,2.61,0.79665867285803,1.19209289550781E-02
1,2.62,0.799991972744465,1.37090682983398E-02
1,2.63,0.8033252726309,1.72853469848633E-02
1,2.64,0.806658572517335,1.54972076416016E-02
1,2.65,0.809991872403771,1.66893005371094E-02
1,2.66,0.813325172290206,1.78813934326172E-02
1,2.67,0.816658472176641,1.84774398803711E-02
1,2.68,0.819991772063077,2.20537185668945E-02
1,2.69,0.823325071949512,2.02655792236328E-02
1,2.7,0.826658371835947,2.20537185668945E-02
1,2.71,0.829991671722382,1.96695327758789E-02
1,2.72,0.833324971608818,1.72853469848633E-02
1,2.73,0.836658271495253,1.60932540893555E-02
1,2.74,0.839991571381688,0.019073486328125
1,2.75,0.843324871268123,0.019073486328125
1,2.76,0.846658171154559,2.02655792236328E-02
1,2.77,0.849991471040994,1.84774398803711E-02
1,2.78,0.853324770927429,1.66893005371094E-02
1,2.79,0.856658070813864,1.72853469848633E-02
1,2.8,0.8599913707003,1.54972076416016E-02
1,2.81,0.863324670586735,1.66893005371094E-02
1,2.82,0.86665797047317,1.49011611938477E-02
1,2.83,0.869991270359606,1.54972076416016E-02
1,2.84,0.873324570246041,1.37090682983398E-02
1,2.85,0.876657870132476,1.78813934326172E-02
1,2.86,0.879991170018911,2.02655792236328E-02
1,2.87,0.883324469905347,2.32458114624023E-02
1,2.88,0.886657769791782,2.26497650146484E-02
1,2.89,0.889991069678217,2.38418579101563E-02
1,2.9,0.893324369564652,2.26497650146484E-02
1,2.91,0.896657669451088,2.14576721191406E-02
1,2.92,0.899990969337523,2.08616256713867E-02
1,2.93,0.903324269223958,1.66893005371094E-02
1,2.94,0.906657569110394,1.78813934326172E-02
1,2.95,0.909990868996829,1.54972076416016E-02
1,2.96,0.913324168883264,1.54972076416016E-02
1,2.97,0.916657468769699,1.49011611938477E-02
1,2.98,0.919990768656135,1.37090682983398E-02
1,2.99,0.92332406854257,1.07288360595703E-02
1,3,0.926657368429005,1.31130218505859E-02
1,3.01,0.92999066831544,1.01327896118164E-02
1,3.02,0.933323968201876,1.37090682983398E-02
1,3.03,0.936657268088311,8.34465026855469E-03
1,3.04,0.939990567974746,0.012516975402832
1,3.05,0.943323867861182,8.94069671630859E-03
1,3.06,0.946657167747617,8.34465026855469E-03
1,3.07,0.949990467634052,6.55651092529297E-03
1,3.08,0.953323767520487,3.57627868652344E-03
1,3.09,0.956657067406923,4.76837158203125E-03
1,3.1,0.959990367293358,3.57627868652344E-03
1,3.11,0.963323667179793,2.98023223876953E-03
1,3.12,0.966656967066228,1.78813934326172E-03
1,3.13,0.969990266952664,0
1,3.14,0.973323566839099,2.38418579101563E-03
1,3.15,0.976656866725534,4.17232513427734E-03
1,3.16,0.979990166611969,2.98023223876953E-03
1,3.17,0.983323466498405,4.17232513427734E-03
1,3.18,0.98665676638484,4.76837158203125E-03
1,3.19,0.989990066271275,-1.78813934326172E-03
1,3.2,0.993323366157711,-1.78813934326172E-03
1,3.21,0.996656666044146,1.19209289550781E-03
1,3.22,0.999989965930581,1.19209289550781E-03
1,3.23,1.00332326581702,2.38418579101563E-03
1,3.24,1.00665656570345,1.19209289550781E-03
1,3.25,1.00998986558989,-5.96046447753906E-04
1,3.26,1.01332316547632,-1.19209289550781E-03
1,3.27,1.01665646536276,5.96046447753906E-04
1,3.28,1.01998976524919,1.19209289550781E-03
1,3.29,1.02332306513563,1.19209289550781E-03
1,3.3,1.02665636502206,2.38418579101563E-03
1,3.31,1.0299896649085,2.38418579101563E-03
1,3.32,1.03332296479493,2.98023223876953E-03
1,3.33,1.03665626468137,6.55651092529297E-03
1,3.34,1.0399895645678,5.36441802978516E-03
1,3.35,1.04332286445424,8.34465026855469E-03
1,3.36,1.04665616434067,8.94069671630859E-03
1,3.37,1.04998946422711,6.55651092529297E-03
1,3.38,1.05332276411355,7.74860382080078E-03
1,3.39,1.05665606399998,2.98023223876953E-03
1,3.4,1.05998936388642,6.55651092529297E-03
1,3.41,1.06332266377285,5.96046447753906E-03
1,3.42,1.06665596365929,1.01327896118164E-02
1,3.43,1.06998926354572,1.07288360595703E-02
1,3.44,1.07332256343216,0.012516975402832
1,3.45,1.07665586331859,1.37090682983398E-02
1,3.46,1.07998916320503,1.66893005371094E-02
1,3.47,1.08332246309146,1.96695327758789E-02
1,3.48,1.0866557629779,1.54972076416016E-02
1,3.49,1.08998906286433,2.08616256713867E-02
1,3.5,1.09332236275077,0.019073486328125
1,3.51,1.0966556626372,2.02655792236328E-02
1,3.52,1.09998896252364,0.019073486328125
1,3.53,1.10332226241007,2.08616256713867E-02
1,3.54,1.10665556229651,1.60932540893555E-02
1,3.55,1.10998886218295,1.31130218505859E-02
1,3.56,1.11332216206938,1.37090682983398E-02
1,3.57,1.11665546195582,8.94069671630859E-03
1,3.58,1.11998876184225,8.94069671630859E-03
1,3.59,1.12332206172869,4.76837158203125E-03
1,3.6,1.12665536161512,5.36441802978516E-03
1,3.61,1.12998866150156,-5.96046447753906E-04
1,3.62,1.13332196138799,-1.19209289550781E-03
1,3.63,1.13665526127443,0
1,3.64,1.13998856116086,0
1,3.65,1.1433218610473,5.96046447753906E-04
1,3.66,1.14665516093373,-5.96046447753906E-04
1,3.67,1.14998846082017,-3.57627868652344E-03
1,3.68,1.1533217607066,-5.36441802978516E-03
1,3.69,1.15665506059304,0
1,3.7,1.15998836047947,3.57627868652344E-03
1,3.71,1.16332166036591,3.57627868652344E-03
1,3.72,1.16665496025234,4.17232513427734E-03
1,3.73,1.16998826013878,7.15255737304688E-03
1,3.74,1.17332156002522,5.36441802978516E-03
1,3.75,1.17665485991165,6.55651092529297E-03
1,3.76,1.17998815979809,4.76837158203125E-03
1,3.77,1.18332145968452,8.94069671630859E-03
1,3.78,1.18665475957096,6.55651092529297E-03
1,3.79,1.18998805945739,6.55651092529297E-03
1,3.8,1.19332135934383,5.36441802978516E-03
1,3.81,1.19665465923026,4.17232513427734E-03
1,3.82,1.1999879591167,3.57627868652344E-03
1,3.83,1.20332125900313,2.98023223876953E-03
1,3.84,1.20665455888957,2.38418579101563E-03
1,3.85,1.209987858776,-1.19209289550781E-03
1,3.86,1.21332115866244,-1.19209289550781E-03
1,3.87,1.21665445854887,-1.19209289550781E-03
1,3.88,1.21998775843531,-1.19209289550781E-03
1,3.89,1.22332105832174,-4.76837158203125E-03
1,3.9,1.22665435820818,-3.57627868652344E-03
1,3.91,1.22998765809461,-2.98023223876953E-03
1,3.92,1.23332095798105,0
1,3.93,1.23998755775392,-2.98023223876953E-03
1,3.95,1.24332085764036,0
1,3.96,1.24665415752679,0
1,3.97,1.24998745741323,-5.96046447753906E-04
1,3.98,1.25332075729966,2.38418579101563E-03
1,3.99,1.25998735707253,2.98023223876953E-03
1,4.01,1.2666539568454,5.96046447753906E-03
1,4.02,1.26998725673184,7.15255737304688E-03
1,4.03,1.27332055661827,4.76837158203125E-03
1,4.04,1.27665385650471,8.94069671630859E-03
1,4.06,1.28332045627758,7.74860382080078E-03
1,4.07,1.28665375616401,7.74860382080078E-03
1,4.08,1.28998705605045,5.96046447753906E-03
1,4.09,1.29332035593688,5.96046447753906E-04
1,4.1,1.29665365582332,2.38418579101563E-03
1,4.11,1.29998695570976,6.55651092529297E-03
1,4.12,1.30332025559619,3.57627868652344E-03
1,4.13,1.30665355548263,8.34465026855469E-03
1,4.14,1.30998685536906,8.94069671630859E-03
1,4.15,1.3133201552555,8.94069671630859E-03
1,4.16,1.31665345514193,1.13248825073242E-02
1,4.17,1.31998675502837,1.13248825073242E-02
1,4.18,1.3233200549148,1.49011611938477E-02
1,4.19,1.32665335480124,1.43051147460938E-02
1,4.2,1.32998665468767,0.012516975402832
1,4.21,1.33331995457411,1.07288360595703E-02
1,4.22,1.33665325446054,1.43051147460938E-02
1,4.23,1.33998655434698,8.94069671630859E-03
1,4.24,1.34331985423341,1.01327896118164E-02
1,4.25,1.34665315411985,7.15255737304688E-03
1,4.26,1.34998645400628,9.5367431640625E-03
1,4.27,1.35331975389272,8.34465026855469E-03
1,4.28,1.35665305377916,5.96046447753906E-03
1,4.29,1.35998635366559,7.74860382080078E-03
1,4.3,1.36331965355203,1.01327896118164E-02
1,4.31,1.36665295343846,8.94069671630859E-03
1,4.32,1.3699862533249,1.19209289550781E-02
1,4.33,1.37331955321133,0.012516975402832
1,4.34,1.37665285309777,1.54972076416016E-02
1,4.35,1.3799861529842,1.49011611938477E-02
1,4.36,1.38331945287064,1.66893005371094E-02
1,4.37,1.38665275275707,1.31130218505859E-02
1,4.38,1.38998605264351,1.49011611938477E-02
1,4.39,1.39331935252994,9.5367431640625E-03
1,4.4,1.39665265241638,6.55651092529297E-03
1,4.41,1.39998595230281,4.76837158203125E-03
1,4.42,1.40331925218925,2.98023223876953E-03
1,4.43,1.40665255207568,-5.96046447753906E-04
1,4.44,1.40998585196212,-2.98023223876953E-03
1,4.45,1.41331915184855,-2.38418579101563E-03
1,4.46,1.41665245173499,-4.17232513427734E-03
1,4.47,1.41998575162143,-7.15255737304688E-03
1,4.48,1.42331905150786,-1.78813934326172E-03
1,4.49,1.4266523513943,-1.78813934326172E-03
1,4.5,1.42998565128073,1.78813934326172E-03
1,4.51,1.43331895116717,4.76837158203125E-03
1,4.52,1.4366522510536,3.57627868652344E-03
1,4.53,1.43998555094004,3.57627868652344E-03
1,4.54,1.44331885082647,2.38418579101563E-03
1,4.55,1.44665215071291,3.57627868652344E-03
1,4.56,1.44998545059934,6.55651092529297E-03
1,4.57,1.45331875048578,6.55651092529297E-03
1,4.58,1.45665205037221,6.55651092529297E-03
1,4.59,1.45998535025865,9.5367431640625E-03
1,4.6,1.46331865014508,9.5367431640625E-03
1,4.61,1.46665195003152,1.07288360595703E-02
1,4.62,1.46998524991795,7.15255737304688E-03
1,4.63,1.47331854980439,1.31130218505859E-02
1,4.64,1.47665184969082,9.5367431640625E-03
1,4.65,1.47998514957726,1.49011611938477E-02
1,4.66,1.4833184494637,1.66893005371094E-02
1,4.67,1.48665174935013,0.019073486328125
1,4.68,1.48998504923657,1.66893005371094E-02
1,4.69,1.493318349123,2.20537185668945E-02
1,4.7,1.49665164900944,2.08616256713867E-02
1,4.71,1.49998494889587,2.38418579101563E-02
1,4.72,1.50331824878231,2.32458114624023E-02
1,4.73,1.50665154866874,0.025629997253418
1,4.74,1.50998484855518,2.26497650146484E-02
1,4.75,1.51331814844161,0.025629997253418
1,4.76,1.51665144832805,2.08616256713867E-02
1,4.77,1.51998474821448,2.20537185668945E-02
1,4.78,1.52331804810092,1.84774398803711E-02
1,4.79,1.52665134798735,1.60932540893555E-02
1,4.8,1.52998464787379,1.60932540893555E-02
1,4.81,1.53331794776022,1.31130218505859E-02
1,4.82,1.53665124764666,1.31130218505859E-02
1,4.83,1.53998454753309,1.19209289550781E-02
1,4.84,1.54331784741953,0.012516975402832
1,4.85,1.54665114730597,1.13248825073242E-02
1,4.86,1.5499844471924,1.01327896118164E-02
1,4.87,1.55331774707884,7.15255737304688E-03
1,4.88,1.55665104696527,7.74860382080078E-03
1,4.89,1.55998434685171,4.17232513427734E-03
1,4.9,1.56331764673814,-5.96046447753906E-04
1,4.91,1.56665094662458,-1.78813934326172E-03
1,4.92,1.56998424651101,-6.55651092529297E-03
1,4.93,1.57331754639745,-5.36441802978516E-03
1,4.94,1.57665084628388,-4.76837158203125E-03
1,4.95,1.57998414617032,-2.38418579101563E-03
1,4.96,1.58331744605675,-1.78813934326172E-03
1,4.97,1.58665074594319,1.78813934326172E-03
1,4.98,1.58998404582962,2.98023223876953E-03
1,4.99,1.59331734571606,5.96046447753906E-03
1,5,1.59665064560249,7.74860382080078E-03
1,5.01,1.59998394548893,1.13248825073242E-02
1,5.02,1.60331724537537,9.5367431640625E-03
1,5.03,1.6066505452618,1.19209289550781E-02
1,5.04,1.60998384514824,1.07288360595703E-02
1,5.05,1.61331714503467,1.31130218505859E-02
1,5.06,1.61665044492111,1.13248825073242E-02
1,5.07,1.61998374480754,1.13248825073242E-02
1,5.08,1.62331704469398,1.31130218505859E-02
1,5.09,1.62665034458041,0.012516975402832
1,5.1,1.62998364446685,1.43051147460938E-02
1,5.11,1.63331694435328,9.5367431640625E-03
1,5.12,1.63665024423972,1.01327896118164E-02
1,5.13,1.63998354412615,1.01327896118164E-02
1,5.14,1.64331684401259,5.96046447753906E-03
1,5.15,1.64665014389902,7.15255737304688E-03
1,5.16,1.64998344378546,5.36441802978516E-03
1,5.17,1.65331674367189,4.17232513427734E-03
1,5.18,1.65665004355833,6.55651092529297E-03
1,5.19,1.65998334344476,5.36441802978516E-03
1,5.2,1.6633166433312,5.96046447753906E-03
1,5.21,1.66664994321764,7.15255737304688E-03
1,5.22,1.66998324310407,4.76837158203125E-03
1,5.23,1.67331654299051,3.57627868652344E-03
1,5.24,1.67664984287694,7.15255737304688E-03
1,5.25,1.67998314276338,7.15255737304688E-03
1,5.26,1.68331644264981,7.15255737304688E-03
1,5.27,1.68664974253625,4.76837158203125E-03
1,5.28,1.68998304242268,7.74860382080078E-03
1,5.29,1.69331634230912,5.36441802978516E-03
1,5.3,1.69664964219555,4.17232513427734E-03
1,5.31,1.69998294208199,6.55651092529297E-03
1,5.32,1.70331624196842,5.36441802978516E-03
1,5.33,1.70664954185486,5.96046447753906E-03
1,5.34,1.70998284174129,0
1,5.35,1.71331614162773,-2.98023223876953E-03
1,5.36,1.71664944151416,-6.55651092529297E-03
1,5.37,1.7199827414006,-2.98023223876953E-03
1,5.38,1.72331604128703,-7.74860382080078E-03
1,5.39,1.72664934117347,-6.55651092529297E-03
1,5.4,1.72998264105991,-6.55651092529297E-03
1,5.41,1.73331594094634,-8.34465026855469E-03
1,5.42,1.73664924083278,-1.01327896118164E-02
1,5.43,1.73998254071921,-1.01327896118164E-02
1,5.44,1.74331584060565,-1.07288360595703E-02
1,5.45,1.74664914049208,-1.37090682983398E-02
1,5.46,1.74998244037852,-1.66893005371094E-02
1,5.47,1.75331574026495,-0.019073486328125
1,5.48,1.75664904015139,-1.49011611938477E-02
1,5.49,1.75998234003782,-1.31130218505859E-02
1,5.5,1.76331563992426,-1.78813934326172E-02
1,5.51,1.76664893981069,-1.66893005371094E-02
1,5.52,1.76998223969713,-1.37090682983398E-02
1,5.53,1.77331553958356,-1.31130218505859E-02
1,5.54,1.77664883947,-1.01327896118164E-02
1,5.55,1.77998213935643,-1.01327896118164E-02
1,5.56,1.78331543924287,-5.96046447753906E-03
1,5.57,1.7866487391293,-4.17232513427734E-03
1,5.58,1.78998203901574,-5.36441802978516E-03
1,5.59,1.79331533890218,-7.15255737304688E-03
1,5.6,1.79664863878861,-1.19209289550781E-03
1,5.61,1.79998193867505,-6.55651092529297E-03
1,5.62,1.80331523856148,-1.19209289550781E-03
1,5.63,1.80664853844792,-2.98023223876953E-03
1,5.64,1.80998183833435,-3.57627868652344E-03
1,5.65,1.81331513822079,-7.15255737304688E-03
1,5.66,1.81664843810722,-5.36441802978516E-03
1,5.67,1.81998173799366,-6.55651092529297E-03
1,5.68,1.82331503788009,-5.36441802978516E-03
1,5.69,1.82664833776653,-7.74860382080078E-03
1,5.7,1.82998163765296,-7.15255737304688E-03
1,5.71,1.8333149375394,-7.15255737304688E-03
1,5.72,1.83664823742583,-4.76837158203125E-03
1,5.73,1.83998153731227,-4.76837158203125E-03
1,5.74,1.8433148371987,-2.98023223876953E-03
1,5.75,1.84664813708514,-4.17232513427734E-03
1,5.76,1.84998143697158,-2.38418579101563E-03
1,5.77,1.85331473685801,-4.76837158203125E-03
1,5.78,1.85664803674445,-5.36441802978516E-03
1,5.79,1.85998133663088,-9.5367431640625E-03
1,5.8,1.86331463651732,-7.15255737304688E-03
1,5.81,1.86664793640375,-8.34465026855469E-03
1,5.82,1.86998123629019,-1.19209289550781E-02
1,5.83,1.87331453617662,-8.94069671630859E-03
1,5.84,1.87664783606306,-1.07288360595703E-02
1,5.85,1.87998113594949,-1.43051147460938E-02
1,5.86,1.88331443583593,-1.19209289550781E-02
1,5.87,1.88664773572236,-1.37090682983398E-02
1,5.88,1.8899810356088,-1.07288360595703E-02
1,5.89,1.89331433549523,-0.012516975402832
1,5.9,1.89664763538167,-8.94069671630859E-03
1,5.91,1.8999809352681,-5.36441802978516E-03
1,5.92,1.90331423515454,-3.57627868652344E-03
1,5.93,1.90664753504097,5.96046447753906E-04
1,5.94,1.90998083492741,1.78813934326172E-03
1,5.95,1.91331413481385,0
1,5.96,1.91664743470028,4.17232513427734E-03
1,5.97,1.91998073458672,5.96046447753906E-03
1,5.98,1.92331403447315,4.17232513427734E-03
1,5.99,1.92664733435959,5.96046447753906E-03
1,6,1.92998063424602,6.55651092529297E-03
1,6.01,1.93331393413246,4.76837158203125E-03
1,6.02,1.93664723401889,4.17232513427734E-03
1,6.03,1.93998053390533,1.78813934326172E-03
1,6.04,1.94331383379176,0
1,6.05,1.9466471336782,5.96046447753906E-04
1,6.06,1.94998043356463,0
1,6.07,1.95331373345107,1.19209289550781E-03
1,6.08,1.9566470333375,3.57627868652344E-03
1,6.09,1.95998033322394,7.15255737304688E-03
1,6.1,1.96331363311037,7.74860382080078E-03
1,6.11,1.96664693299681,7.15255737304688E-03
1,6.12,1.96998023288324,8.94069671630859E-03
1,6.13,1.97331353276968,9.5367431640625E-03
1,6.14,1.97664683265612,1.60932540893555E-02
1,6.15,1.97998013254255,1.31130218505859E-02
1,6.16,1.98331343242899,1.54972076416016E-02
1,6.17,1.98664673231542,1.60932540893555E-02
1,6.18,1.98998003220186,1.66893005371094E-02
1,6.19,1.99331333208829,1.43051147460938E-02
1,6.2,1.99664663197473,1.31130218505859E-02
1,6.21,1.99997993186116,1.31130218505859E-02
1,6.22,2.0033132317476,1.13248825073242E-02
1,6.23,2.00664653163403,1.01327896118164E-02
1,6.24,2.00997983152047,7.15255737304688E-03
1,6.25,2.0133131314069,7.15255737304688E-03
1,6.26,2.01664643129334,3.57627868652344E-03
1,6.27,2.01997973117977,6.55651092529297E-03
1,6.28,2.02331303106621,7.15255737304688E-03
1,6.29,2.02664633095264,4.76837158203125E-03
1,6.3,2.02997963083908,3.57627868652344E-03
1,6.31,2.03331293072552,0
1,6.32,2.03664623061195,-5.96046447753906E-04
1,6.33,2.03997953049839,-5.96046447753906E-04
1,6.34,2.04331283038482,-2.98023223876953E-03
1,6.35,2.04664613027126,-4.76837158203125E-03
1,6.36,2.04997943015769,-6.55651092529297E-03
1,6.37,2.05331273004413,-4.76837158203125E-03
1,6.38,2.05664602993056,-4.17232513427734E-03
1,6.39,2.059979329817,0
1,6.4,2.06331262970343,0
1,6.41,2.06664592958987,0
1,6.42,2.0699792294763,2.38418579101563E-03
1,6.43,2.07331252936274,2.98023223876953E-03
1,6.44,2.07664582924917,2.98023223876953E-03
1,6.45,2.07997912913561,8.34465026855469E-03
1,6.46,2.08331242902204,1.07288360595703E-02
1,6.47,2.08664572890848,1.07288360595703E-02
1,6.48,2.08997902879491,1.54972076416016E-02
1,6.49,2.09331232868135,1.37090682983398E-02
1,6.5,2.09664562856779,2.20537185668945E-02
1,6.51,2.09997892845422,2.92062759399414E-02
1,6.52,2.10331222834066,3.75509262084961E-02
1,6.53,2.10664552822709,4.29153442382813E-02
1,6.54,2.10997882811353,4.70876693725586E-02
1,6.55,2.11331212799996,0.050663948059082
1,6.56,2.1166454278864,6.25848770141602E-02
1,6.57,2.11997872777283,7.15255737304688E-02
1,6.58,2.12331202765927,7.98702239990234E-02
1,6.59,2.1266453275457,8.82148742675781E-02
1,6.6,2.12997862743214,9.95397567749023E-02
1,6.61,2.13331192731857,0.108480453491211
1,6.62,2.13664522720501,0.122785568237305
1,6.63,2.13997852709144,0.134706497192383
1,6.64,2.14331182697788,0.151991844177246
1,6.65,2.14664512686431,0.163912773132324
1,6.66,2.14997842675075,0.181794166564941
1,6.67,2.15331172663718,0.197887420654297
1,6.68,2.15664502652362,0.212788581848145
1,6.69,2.15997832641006,0.229477882385254
1,6.7,2.16331162629649,0.241398811340332
1,6.71,2.16664492618293,0.258088111877441
1,6.72,2.16997822606936,0.272393226623535
1,6.73,2.1733115259558,0.286698341369629
1,6.74,2.17664482584223,0.306963920593262
1,6.75,2.17997812572867,0.327825546264648
1,6.76,2.1833114256151,0.34034252166748
1,6.77,2.18664472550154,0.359416007995605
1,6.78,2.18997802538797,0.373721122741699
1,6.79,2.19331132527441,0.39219856262207
1,6.8,2.19664462516084,0.410079956054688
1,6.81,2.19997792504728,0.43034553527832
1,6.82,2.20331122493371,0.442266464233398
1,6.83,2.20664452482015,0.461339950561523
1,6.84,2.20997782470658,0.473856925964355
1,6.85,2.21331112459302,0.492334365844727
1,6.86,2.21664442447945,0.506043434143066
1,6.87,2.21997772436589,0.517964363098145
1,6.88,2.22331102425233,0.528693199157715
1,6.89,2.22664432413876,0.542402267456055
1,6.9,2.2299776240252,0.553131103515625
1,6.91,2.23331092391163,0.566840171813965
1,6.92,2.23664422379807,0.585317611694336
1,6.93,2.2399775236845,0.602602958679199
1,6.94,2.24331082357094,0.612735748291016
1,6.95,2.24664412345737,0.622868537902832
1,6.96,2.24997742334381,0.635981559753418
1,6.97,2.25331072323024,0.646114349365234
1,6.98,2.25664402311668,0.661611557006836
1,6.99,2.25997732300311,0.677108764648438
1,7,2.26331062288955,0.692605972290039
1,7.01,2.26664392277598,0.705122947692871
1,7.02,2.26997722266242,0.720024108886719
1,7.03,2.27331052254885,0.729560852050781
1,7.04,2.27664382243529,0.747442245483398
1,7.05,2.27997712232172,0.75995922088623
1,7.06,2.28331042220816,0.771284103393555
1,7.07,2.2866437220946,0.784993171691895
1,7.08,2.28997702198103,0.801682472229004
1,7.09,2.29331032186747,0.815391540527344
1,7.1,2.2966436217539,0.830888748168945
1,7.11,2.29997692164034,0.846385955810547
1,7.12,2.30331022152677,0.861883163452148
1,7.13,2.30664352141321,0.879168510437012
1,7.14,2.30997682129964,0.88810920715332
1,7.15,2.31331012118608,0.90479850769043
1,7.16,2.31664342107251,0.91850757598877
1,7.17,2.31997672095895,0.931620597839355
1,7.18,2.32331002084538,0.945925712585449
1,7.19,2.32664332073182,0.960826873779297
1,7.2,2.32997662061825,0.975131988525391
1,7.21,2.33330992050469,0.989437103271484
1,7.22,2.33664322039112,1.00851058959961
1,7.23,2.33997652027756,1.02102756500244
1,7.24,2.343309820164,1.04129314422607
1,7.25,2.34664312005043,1.05857849121094
1,7.26,2.34997641993687,1.07288360595703
1,7.27,2.3533097198233,1.09016895294189
1,7.28,2.35664301970974,1.10268592834473
1,7.29,2.35997631959617,1.12175941467285
1,7.3,2.36330961948261,1.13606452941895
1,7.31,2.36664291936904,1.15394592285156
1,7.32,2.36997621925548,1.17063522338867
1,7.33,2.37330951914191,1.18911266326904
1,7.34,2.37664281902835,1.20580196380615
1,7.35,2.37997611891478,1.22308731079102
1,7.36,2.38664271868765,1.23798847198486
1,7.37,2.38997601857409,1.2505054473877
1,7.39,2.39330931846052,1.28448009490967
1,7.4,2.39664261834696,1.29997730255127
1,7.41,2.40330921811983,1.31428241729736
1,7.42,2.40664251800627,1.33335590362549
1,7.43,2.4099758178927,1.34587287902832
1,7.45,2.41330911777914,1.37507915496826
1,7.46,2.41997571755201,1.39355659484863
1,7.47,2.42330901743844,1.40726566314697
1,7.48,2.42664231732488,1.4263391494751
1,7.49,2.42997561721131,1.43706798553467
1,7.5,2.43330891709775,1.45256519317627
1,7.51,2.43664221698418,1.46865844726563
1,7.52,2.43997551687062,1.48236751556396
1,7.53,2.44330881675705,1.49965286254883
1,7.54,2.44664211664349,1.5181303024292
1,7.55,2.44997541652992,1.53124332427979
1,7.56,2.45330871641636,1.54733657836914
1,7.57,2.45664201630279,1.56641006469727
1,7.58,2.45997531618923,1.58369541168213
1,7.59,2.46330861607566,1.59680843353271
1,7.6,2.4666419159621,1.61886215209961
1,7.61,2.46997521584854,1.63018703460693
1,7.62,2.47330851573497,1.64985656738281
1,7.63,2.47664181562141,1.66356563568115
1,7.64,2.47997511550784,1.68204307556152
1,7.65,2.48330841539428,1.69634819030762
1,7.66,2.48664171528071,1.7160177230835
1,7.67,2.48997501516715,1.7249584197998
1,7.68,2.49330831505358,1.74582004547119
1,7.69,2.49664161494002,1.76489353179932
1,7.7,2.49997491482645,1.77919864654541
1,7.71,2.50330821471289,1.79648399353027
1,7.72,2.50664151459932,1.81257724761963
1,7.73,2.50997481448576,1.82747840881348
1,7.74,2.51330811437219,1.84416770935059
1,7.75,2.51664141425863,1.86145305633545
1,7.76,2.51997471414506,1.88052654266357
1,7.77,2.5233080140315,1.90019607543945
1,7.78,2.52664131391793,1.91867351531982
1,7.79,2.52997461380437,1.9371509552002
1,7.8,2.53330791369081,1.95086002349854
1,7.81,2.53664121357724,1.96993350982666
1,7.82,2.53997451346368,1.98662281036377
1,7.83,2.54330781335011,2.01106071472168
1,7.84,2.54664111323655,2.02596187591553
1,7.85,2.54997441312298,2.04265117645264
1,7.86,2.55330771300942,2.06172466278076
1,7.87,2.55664101289585,2.0831823348999
1,7.88,2.55997431278229,2.0986795425415
1,7.89,2.56330761266872,2.12311744689941
1,7.9,2.56664091255516,2.14338302612305
1,7.91,2.56997421244159,2.16424465179443
1,7.92,2.57330751232803,2.1815299987793
1,7.93,2.57664081221446,2.20537185668945
1,7.94,2.5799741121009,2.22504138946533
1,7.95,2.58330741198733,2.24113464355469
1,7.96,2.58664071187377,2.26259231567383
1,7.97,2.58997401176021,2.27868556976318
1,7.98,2.59330731164664,2.29775905609131
1,7.99,2.59664061153308,2.31802463531494
1,8,2.59997391141951,2.33948230743408
1,8.01,2.60330721130595,2.35855579376221
1,8.02,2.60664051119238,2.37822532653809
1,8.03,2.60997381107882,2.3949146270752
1,8.04,2.61330711096525,2.41339206695557
1,8.05,2.61664041085169,2.43008136749268
1,8.06,2.61997371073812,2.44617462158203
1,8.07,2.62330701062456,2.46584415435791
1,8.08,2.62664031051099,2.480149269104
1,8.09,2.62997361039743,2.49683856964111
1,8.1,2.63330691028386,2.51114368438721
1,8.11,2.6366402101703,2.52366065979004
1,8.12,2.63997351005673,2.54154205322266
1,8.13,2.64330680994317,2.55882740020752
1,8.14,2.6466401098296,2.57253646850586
1,8.15,2.64997340971604,2.58505344390869
1,8.16,2.65330670960248,2.60293483734131
1,8.17,2.65664000948891,2.6172399520874
1,8.18,2.65997330937535,2.63571739196777
1,8.19,2.66330660926178,2.65002250671387
1,8.2,2.66663990914822,2.67088413238525
1,8.21,2.66997320903465,2.68638134002686
1,8.22,2.67330650892109,2.70843505859375
1,8.23,2.67663980880752,2.72393226623535
1,8.24,2.67997310869396,2.74538993835449
1,8.25,2.68330640858039,2.76446342468262
1,8.26,2.68663970846683,2.78472900390625
1,8.27,2.68997300835326,2.80499458312988
1,8.28,2.6933063082397,2.82585620880127
1,8.29,2.69663960812613,2.84194946289063
1,8.3,2.69997290801257,2.86340713500977
1,8.31,2.703306207899,2.88307666778564
1,8.32,2.70663950778544,2.89976596832275
1,8.33,2.70997280767187,2.92599201202393
1,8.34,2.71330610755831,2.93850898742676
1,8.35,2.71663940744475,2.95281410217285
1,8.36,2.71997270733118,2.97009944915771
1,8.37,2.72330600721762,2.98202037811279
1,8.38,2.72663930710405,2.99692153930664
1,8.39,2.72997260699049,3.01241874694824
1,8.4,2.73330590687692,3.02910804748535
1,8.41,2.73663920676336,3.04102897644043
1,8.42,2.73997250664979,3.05712223052979
1,8.43,2.74330580653623,3.07023525238037
1,8.44,2.74663910642266,3.0893087387085
1,8.45,2.7499724063091,3.10063362121582
1,8.46,2.75330570619553,3.12149524688721
1,8.47,2.75663900608197,3.13520431518555
1,8.48,2.7599723059684,3.15427780151367
1,8.49,2.76330560585484,3.16917896270752
1,8.5,2.76663890574127,3.18169593811035
1,8.51,2.76997220562771,3.19719314575195
1,8.52,2.77330550551414,3.21149826049805
1,8.53,2.77663880540058,3.22639942169189
1,8.54,2.77997210528702,3.24368476867676
1,8.55,2.78330540517345,3.25977802276611
1,8.56,2.78663870505989,3.27944755554199
1,8.57,2.78997200494632,3.29256057739258
1,8.58,2.79330530483276,3.31401824951172
1,8.59,2.79663860471919,3.3271312713623
1,8.6,2.79997190460563,3.34501266479492
1,8.61,2.80330520449206,3.35872173309326
1,8.62,2.8066385043785,3.37481498718262
1,8.63,2.80997180426493,3.38852405548096
1,8.64,2.81330510415137,3.40461730957031
1,8.65,2.8166384040378,3.42488288879395
1,8.66,2.81997170392424,3.44157218933105
1,8.67,2.82330500381067,3.4642219543457
1,8.68,2.82663830369711,3.48329544067383
1,8.69,2.82997160358354,3.49879264831543
1,8.7,2.83330490346998,3.51488590240479
1,8.71,2.83663820335642,3.52919101715088
1,8.72,2.83997150324285,3.548264503479
1,8.73,2.84330480312929,3.56614589691162
1,8.74,2.84663810301572,3.58283519744873
1,8.75,2.84997140290216,3.60310077667236
1,8.76,2.85330470278859,3.62157821655273
1,8.77,2.85663800267503,3.64184379577637
1,8.78,2.85997130256146,3.65734100341797
1,8.79,2.8633046024479,3.68058681488037
1,8.8,2.86663790233433,3.6996603012085
1,8.81,2.86997120222077,3.71873378753662
1,8.82,2.8733045021072,3.73601913452148
1,8.83,2.87663780199364,3.75211238861084
1,8.84,2.87997110188007,3.76880168914795
1,8.85,2.88330440176651,3.78549098968506
1,8.86,2.88663770165294,3.80158424377441
1,8.87,2.88997100153938,3.82006168365479
1,8.88,2.89330430142581,3.83913516998291
1,8.89,2.89663760131225,3.85761260986328
1,8.9,2.89997090119869,3.88205051422119
1,8.91,2.90330420108512,3.89933586120605
1,8.92,2.90663750097156,3.92019748687744
1,8.93,2.90997080085799,3.93927097320557
1,8.94,2.91330410074443,3.96013259887695
1,8.95,2.91663740063086,3.97562980651855
1,8.96,2.9199707005173,3.9970874786377
1,8.97,2.92330400040373,4.01735305786133
1,8.98,2.92663730029017,4.03463840484619
1,8.99,2.9299706001766,4.05550003051758
1,9,2.93330390006304,4.0733814239502
1,9.01,2.93663719994947,4.09185886383057
1,9.02,2.93997049983591,4.11272048950195
1,9.03,2.94330379972234,4.13239002227783
1,9.04,2.94663709960878,4.14907932281494
1,9.05,2.94997039949521,4.16934490203857
1,9.06,2.95330369938165,4.1884183883667
1,9.07,2.95663699926808,4.2039155960083
1,9.08,2.95997029915452,4.22000885009766
1,9.09,2.96330359904096,4.23729419708252
1,9.1,2.96663689892739,4.25577163696289
1,9.11,2.96997019881383,4.26948070526123
1,9.12,2.97330349870026,4.2879581451416
1,9.13,2.9766367985867,4.30285930633545
1,9.14,2.97997009847313,4.32074069976807
1,9.15,2.98330339835957,4.33743000030518
1,9.16,2.986636698246,4.35113906860352
1,9.17,2.98996999813244,4.37319278717041
1,9.18,2.99330329801887,4.38570976257324
1,9.19,2.99663659790531,4.40597534179688
1,9.2,2.99996989779174,4.41789627075195
1,9.21,3.00330319767818,4.43756580352783
1,9.22,3.00663649756461,4.45723533630371
1,9.23,3.00996979745105,4.46915626525879
1,9.24,3.01330309733748,4.48346138000488
1,9.25,3.01663639722392,4.49955463409424
1,9.26,3.01996969711035,4.51564788818359
1,9.27,3.02330299699679,4.5311450958252
1,9.28,3.02663629688323,4.55081462860107
1,9.29,3.02996959676966,4.56511974334717
1,9.3,3.0333028966561,4.57763671875
1,9.31,3.03663619654253,4.59730625152588
1,9.32,3.03996949642897,4.61280345916748
1,9.33,3.0433027963154,4.62770462036133
1,9.34,3.04663609620184,4.64141368865967
1,9.35,3.04996939608827,4.65631484985352
1,9.36,3.05330269597471,4.67240810394287
1,9.37,3.05663599586114,4.69207763671875
1,9.38,3.05996929574758,4.70876693725586
1,9.39,3.06330259563401,4.72724437713623
1,9.4,3.06663589552045,4.74095344543457
1,9.41,3.06996919540688,4.75823879241943
1,9.42,3.07330249529332,4.77135181427002
1,9.43,3.07663579517975,4.78684902191162
1,9.44,3.07996909506619,4.79698181152344
1,9.45,3.08330239495263,4.81307506561279
1,9.46,3.08663569483906,4.82439994812012
1,9.47,3.0899689947255,4.83512878417969
1,9.48,3.09330229461193,4.844069480896
1,9.49,3.09663559449837,4.86075878143311
1,9.5,3.0999688943848,4.87387180328369
1,9.51,3.10330219427124,4.88519668579102
1,9.52,3.10663549415767,4.8983097076416
1,9.53,3.10996879404411,4.91023063659668
1,9.54,3.11330209393054,4.9203634262085
1,9.55,3.11663539381698,4.93526458740234
1,9.56,3.11996869370341,4.94122505187988
1,9.57,3.12330199358985,4.95076179504395
1,9.58,3.12663529347628,4.96566295623779
1,9.59,3.12996859336272,4.97519969940186
1,9.6,3.13330189324915,4.99248504638672
1,9.61,3.13663519313559,5.00321388244629
1,9.62,3.13996849302202,5.01930713653564
1,9.63,3.14330179290846,5.035400390625
1,9.64,3.1466350927949,5.0508975982666
1,9.65,3.14996839268133,5.06401062011719
1,9.66,3.15330169256777,5.08487224578857
1,9.67,3.1566349924542,5.10692596435547
1,9.68,3.15996829234064,5.12599945068359
1,9.69,3.16330159222707,5.14388084411621
1,9.7,3.16663489211351,5.1647424697876
1,9.71,3.16996819199994,5.1802396774292
1,9.72,3.17330149188638,5.19752502441406
1,9.73,3.17663479177281,5.21659851074219
1,9.74,3.17996809165925,5.23149967193604
1,9.75,3.18330139154568,5.25236129760742
1,9.76,3.18663469143212,5.26666641235352
1,9.77,3.18996799131855,5.27799129486084
1,9.78,3.19330129120499,5.2940845489502
1,9.79,3.19663459109142,5.30540943145752
1,9.8,3.19996789097786,5.32031059265137
1,9.81,3.20330119086429,5.33342361450195
1,9.82,3.20663449075073,5.34892082214355
1,9.83,3.20996779063717,5.36262989044189
1,9.84,3.2133010905236,5.37633895874023
1,9.85,3.21663439041004,5.38885593414307
1,9.86,3.21996769029647,5.4013729095459
1,9.87,3.22330099018291,5.41627407073975
1,9.88,3.22663429006934,5.42640686035156
1,9.89,3.22996758995578,5.4401159286499
1,9.9,3.23330088984221,5.45322895050049
1,9.91,3.23663418972865,5.46455383300781
1,9.92,3.23996748961508,5.47468662261963
1,9.93,3.24330078950152,5.49137592315674
1,9.94,3.24663408938795,5.49554824829102
1,9.95,3.24996738927439,5.50568103790283
1,9.96,3.25330068916082,5.51402568817139
1,9.97,3.25663398904726,5.51939010620117
1,9.98,3.25996728893369,5.53786754608154
1,9.99,3.26330058882013,5.54978847503662
1,10,3.26663388870656,5.56528568267822
1,10.01,3.269967188593,5.57780265808105
1,10.02,3.27330048847944,5.59151172637939
1,10.03,3.27663378836587,5.60283660888672
1,10.04,3.27996708825231,5.61714172363281
1,10.05,3.28330038813874,5.63383102416992
1,10.06,3.28663368802518,5.64634799957275
1,10.07,3.28996698791161,5.6535005569458
1,10.08,3.29330028779805,5.66840171813965
1,10.09,3.29663358768448,5.68211078643799
1,10.1,3.29996688757092,5.69581985473633
1,10.11,3.30330018745735,5.7065486907959
1,10.12,3.30663348734379,5.71787357330322
1,10.13,3.30996678723022,5.73277473449707
1,10.14,3.31330008711666,5.74290752410889
1,10.15,3.31663338700309,5.75661659240723
1,10.16,3.31996668688953,5.77032566070557
1,10.17,3.32329998677596,5.78761100769043
1,10.18,3.3266332866624,5.80012798309326
1,10.19,3.32996658654884,5.81562519073486
1,10.2,3.33329988643527,5.82754611968994
1,10.21,3.33663318632171,5.84721565246582
1,10.22,3.33996648620814,5.85675239562988
1,10.23,3.34329978609458,5.86867332458496
1,10.24,3.34663308598101,5.87999820709229
1,10.25,3.34996638586745,5.8901309967041
1,10.26,3.35329968575388,5.89847564697266
1,10.27,3.35663298564032,5.90980052947998
1,10.28,3.35996628552675,5.91695308685303
1,10.29,3.36329958541319,5.92887401580811
1,10.3,3.36663288529962,5.94198703765869
1,10.31,3.36996618518606,5.95211982727051
1,10.32,3.37329948507249,5.96523284912109
1,10.33,3.37663278495893,5.97536563873291
1,10.34,3.37996608484536,5.98669052124023
1,10.35,3.3832993847318,5.99861145019531
1,10.36,3.38663268461823,6.00993633270264
1,10.37,3.38996598450467,6.02126121520996
1,10.38,3.39329928439111,6.03258609771729
1,10.39,3.39663258427754,6.04391098022461
1,10.4,3.39996588416398,6.0582160949707
1,10.41,3.40329918405041,6.0725212097168
1,10.42,3.40663248393685,6.08444213867188
1,10.43,3.40996578382328,6.09636306762695
1,10.44,3.41329908370972,6.11007213592529
1,10.45,3.41663238359615,6.12437725067139
1,10.46,3.41996568348259,6.13868236541748
1,10.47,3.42329898336902,6.15477561950684
1,10.48,3.42663228325546,6.16133213043213
1,10.49,3.42996558314189,6.17623329162598
1,10.5,3.43329888302833,6.18934631347656
1,10.51,3.43663218291476,6.20126724243164
1,10.52,3.4399654828012,6.2185525894165
1,10.53,3.44329878268763,6.23047351837158
1,10.54,3.44663208257407,6.24716281890869
1,10.55,3.4499653824605,6.26266002655029
1,10.56,3.45329868234694,6.27279281616211
1,10.57,3.45663198223338,6.28829002380371
1,10.58,3.45996528211981,6.30557537078857
1,10.59,3.46329858200625,6.32166862487793
1,10.6,3.46663188189268,6.33597373962402
1,10.61,3.46996518177912,6.35087490081787
1,10.62,3.47329848166555,6.36518001556396
1,10.63,3.47663178155199,6.38127326965332
1,10.64,3.47996508143842,6.39498233795166
1,10.65,3.48329838132486,6.41047954559326
1,10.66,3.48663168121129,6.42240047454834
1,10.67,3.48996498109773,6.43730163574219
1,10.68,3.49329828098416,6.44981861114502
1,10.69,3.4966315808706,6.46889209747314
1,10.7,3.49996488075703,6.48319721221924
1,10.71,3.50329818064347,6.49809837341309
1,10.72,3.5066314805299,6.51001930236816
1,10.73,3.50996478041634,6.52313232421875
1,10.74,3.51329808030277,6.53505325317383
1,10.75,3.51663138018921,6.5457820892334
1,10.76,3.51996468007565,6.55770301818848
1,10.77,3.52329797996208,6.56664371490479
1,10.78,3.52663127984852,6.57439231872559
1,10.79,3.52996457973495,6.57975673675537
1,10.8,3.53329787962139,6.59286975860596
1,10.81,3.53996447939426,6.60300254821777
1,10.83,3.54329777928069,6.62386417388916
1,10.84,3.54663107916713,6.63220882415771
1,10.85,3.54996437905356,6.64591789245605
1,10.86,3.55329767894,6.6608190536499
1,10.87,3.55996427871287,6.67393207550049
1,10.88,3.5632975785993,6.68883323669434
1,10.89,3.56663087848574,6.70135021209717
1,10.9,3.56996417837217,6.71446323394775
1,10.91,3.57329747825861,6.72996044158936
1,10.92,3.57663077814505,6.74247741699219
1,10.94,3.57996407803148,6.76989555358887
1,10.95,3.58663067780435,6.78360462188721
1,10.96,3.58996397769079,6.7979097366333
1,10.97,3.59329727757722,6.81042671203613
1,10.98,3.59663057746366,6.82234764099121
1,10.99,3.59996387735009,6.83963298797607
1,11,3.60329717723653,6.85214996337891
1,11.01,3.60663047712296,6.86228275299072
1,11.02,3.6099637770094,6.87062740325928
1,11.04,3.61663037678227,6.89208507537842
1,11.05,3.6199636766687,6.89923763275146
1,11.06,3.62329697655514,6.91473484039307
1,11.07,3.62663027644157,6.93082809448242
1,11.08,3.62996357632801,6.93976879119873
1,11.09,3.63329687621445,6.95168972015381
1,11.1,3.63663017610088,6.96182250976563
1,11.11,3.63996347598732,6.97553157806396
1,11.12,3.64329677587375,6.9892406463623
1,11.13,3.64663007576019,7.00175762176514
1,11.14,3.64996337564662,7.01248645782471
1,11.15,3.65329667553306,7.02559947967529
1,11.16,3.65662997541949,7.03990459442139
1,11.17,3.65996327530593,7.05361366271973
1,11.18,3.66329657519236,7.06851482391357
1,11.19,3.6666298750788,7.08222389221191
1,11.2,3.66996317496523,7.09235668182373
1,11.21,3.67329647485167,7.09712505340576
1,11.22,3.6766297747381,7.10904598236084
1,11.23,3.67996307462454,7.11679458618164
1,11.24,3.68329637451097,7.12752342224121
1,11.25,3.68662967439741,7.1340799331665
1,11.26,3.68996297428384,7.14659690856934
1,11.27,3.69329627417028,7.15553760528564
1,11.28,3.69662957405671,7.16686248779297
1,11.29,3.69996287394315,7.17699527740479
1,11.3,3.70329617382959,7.1871280670166
1,11.31,3.70662947371602,7.20083713531494
1,11.32,3.70996277360246,7.21216201782227
1,11.33,3.71329607348889,7.2169303894043
1,11.34,3.71662937337533,7.23123550415039
1,11.35,3.71996267326176,7.24315643310547
1,11.36,3.7232959731482,7.25924968719482
1,11.37,3.72662927303463,7.26878643035889
1,11.38,3.72996257292107,7.28249549865723
1,11.39,3.7332958728075,7.2932243347168
1,11.4,3.73662917269394,7.30991363525391
1,11.41,3.73996247258037,7.32123851776123
1,11.42,3.74329577246681,7.33315944671631
1,11.43,3.74662907235324,7.34269618988037
1,11.44,3.74996237223968,7.35700130462646
1,11.45,3.75329567212611,7.36474990844727
1,11.46,3.75662897201255,7.37547874450684
1,11.47,3.75996227189898,7.3850154876709
1,11.48,3.76329557178542,7.39872455596924
1,11.49,3.76662887167186,7.4082612991333
1,11.5,3.76996217155829,7.41958618164063
1,11.51,3.77329547144473,7.4303150177002
1,11.52,3.77662877133116,7.44163990020752
1,11.53,3.7799620712176,7.44938850402832
1,11.54,3.78329537110403,7.46428966522217
1,11.55,3.78662867099047,7.47382640838623
1,11.56,3.7899619708769,7.48813152313232
1,11.57,3.79329527076334,7.49707221984863
1,11.58,3.79662857064977,7.50899314880371
1,11.59,3.79996187053621,7.51256942749023
1,11.6,3.80329517042264,7.52568244934082
1,11.61,3.80662847030908,7.53521919250488
1,11.62,3.80996177019551,7.5453519821167
1,11.63,3.81329507008195,7.55786895751953
1,11.64,3.81662836996838,7.56382942199707
1,11.65,3.81996166985482,7.57455825805664
1,11.66,3.82329496974126,7.58528709411621
1,11.67,3.82662826962769,7.59661197662354
1,11.68,3.82996156951413,7.60972499847412
1,11.69,3.83329486940056,7.61926174163818
1,11.7,3.836628169287,7.63058662414551
1,11.71,3.83996146917343,7.63893127441406
1,11.72,3.84329476905987,7.65085220336914
1,11.73,3.8466280689463,7.66217708587646
1,11.74,3.84996136883274,7.6746940612793
1,11.75,3.85329466871917,7.68184661865234
1,11.76,3.85662796860561,7.69495964050293
1,11.77,3.85996126849204,7.70986080169678
1,11.78,3.86329456837848,7.72297382354736
1,11.79,3.86662786826491,7.73489475250244
1,11.8,3.86996116815135,7.75039196014404
1,11.81,3.87329446803778,7.76588916778564
1,11.82,3.87662776792422,7.77781009674072
1,11.83,3.87996106781066,7.79271125793457
1,11.84,3.88329436769709,7.80701637268066
1,11.85,3.88662766758353,7.82310962677002
1,11.86,3.88996096746996,7.83622264862061
1,11.87,3.8932942673564,7.85112380981445
1,11.88,3.89662756724283,7.86304473876953
1,11.89,3.89996086712927,7.87556171417236
1,11.9,3.9032941670157,7.8892707824707
1,11.91,3.90662746690214,7.90417194366455
1,11.92,3.90996076678857,7.91609287261963
1,11.93,3.91329406667501,7.92860984802246
1,11.94,3.91662736656144,7.94053077697754
1,11.95,3.91996066644788,7.95245170593262
1,11.96,3.92329396633431,7.96496868133545
1,11.97,3.92662726622075,7.97808170318604
1,11.98,3.92996056610718,7.99238681793213
1,11.99,3.93329386599362,8.00490379333496
1,12,3.93662716588005,8.0186128616333
1,12.01,3.93996046576649,8.02874565124512
1,12.02,3.94329376565293,8.04424285888672
1,12.03,3.94662706553936,8.05675983428955
1,12.04,3.9499603654258,8.07106494903564
1,12.05,3.95329366531223,8.07821750640869
1,12.06,3.95662696519867,8.09431076049805
1,12.07,3.9599602650851,8.10623168945313
1,12.08,3.96329356497154,8.12053680419922
1,12.09,3.96662686485797,8.13305377960205
1,12.1,3.96996016474441,8.14557075500488
1,12.11,3.97329346463084,8.15749168395996
1,12.12,3.97662676451728,8.1712007522583
1,12.13,3.97996006440371,8.18610191345215
1,12.14,3.98329336429015,8.20040702819824
1,12.15,3.98662666417658,8.21053981781006
1,12.16,3.98995996406302,8.2242488861084
1,12.17,3.99329326394945,8.23616981506348
1,12.18,3.99662656383589,8.24630260467529
1,12.19,3.99995986372232,8.26120376586914
1,12.2,4.00329316360876,8.27193260192871
1,12.21,4.0066264634952,8.2850456237793
1,12.22,4.00995976338163,8.29875469207764
1,12.23,4.01329306326807,8.31067562103271
1,12.24,4.0166263631545,8.32259654998779
1,12.25,4.01995966304094,8.33511352539063
1,12.26,4.02329296292737,8.34882259368896
1,12.27,4.02662626281381,8.36074352264404
1,12.28,4.02995956270024,8.37445259094238
1,12.29,4.03329286258668,8.39114189147949
1,12.3,4.03662616247311,8.40723514556885
1,12.31,4.03995946235955,8.4221363067627
1,12.32,4.04329276224598,8.43644142150879
1,12.33,4.04662606213242,8.45372676849365
1,12.34,4.04995936201885,8.46505165100098
1,12.35,4.05329266190529,8.4841251373291
1,12.36,4.05662596179172,8.50081443786621
1,12.37,4.05995926167816,8.5151195526123
1,12.38,4.06329256156459,8.5294246673584
1,12.39,4.06662586145103,8.54074954986572
1,12.4,4.06995916133747,8.55565071105957
1,12.41,4.0732924612239,8.56220722198486
1,12.42,4.07662576111034,8.57651233673096
1,12.43,4.07995906099677,8.58724117279053
1,12.44,4.08329236088321,8.59558582305908
1,12.45,4.08662566076964,8.60631465911865
1,12.46,4.08995896065608,8.61704349517822
1,12.47,4.09329226054251,8.62360000610352
1,12.48,4.09662556042895,8.6289644241333
1,12.49,4.09995886031538,8.64326953887939
1,12.5,4.10329216020182,8.64923000335693
1,12.51,4.10662546008825,8.65697860717773
1,12.52,4.10995875997469,8.66413116455078
1,12.53,4.11329205986112,8.6742639541626
1,12.54,4.11662535974756,8.68260860443115
1,12.55,4.11995865963399,8.6897611618042
1,12.56,4.12329195952043,8.7052583694458
1,12.57,4.12662525940686,8.71539115905762
1,12.58,4.1299585592933,8.72790813446045
1,12.59,4.13329185917974,8.7428092956543
1,12.6,4.13662515906617,8.75651836395264
1,12.61,4.13995845895261,8.77201557159424
1,12.62,4.14329175883904,8.78751277923584
1,12.63,4.14662505872548,8.80062580108643
1,12.64,4.14995835861191,8.81433486938477
1,12.65,4.15329165849835,8.83400440216064
1,12.66,4.15662495838478,8.85069370269775
1,12.67,4.15995825827122,8.86440277099609
1,12.68,4.16329155815765,8.88288021087646
1,12.69,4.16662485804409,8.89182090759277
1,12.7,4.16995815793052,8.90493392944336
1,12.71,4.17329145781696,8.91506671905518
1,12.72,4.17662475770339,8.92758369445801
1,12.73,4.17995805758983,8.93890857696533
1,12.74,4.18329135747626,8.95142555236816
1,12.75,4.1866246573627,8.95977020263672
1,12.76,4.18995795724913,8.9728832244873
1,12.77,4.19329125713557,8.98420810699463
1,12.78,4.19662455702201,8.99195671081543
1,12.79,4.19995785690844,9.00804996490479
1,12.8,4.20329115679488,9.01877880096436
1,12.81,4.20662445668131,9.03010368347168
1,12.82,4.20995775656775,9.04262065887451
1,12.83,4.21329105645418,9.05454158782959
1,12.84,4.21662435634062,9.07063484191895
1,12.85,4.21995765622705,9.08315181732178
1,12.86,4.22329095611349,9.09864902496338
1,12.87,4.22662425599992,9.1099739074707
1,12.88,4.22995755588636,9.12308692932129
1,12.89,4.23329085577279,9.13500785827637
1,12.9,4.23662415565923,9.14871692657471
1,12.91,4.23995745554566,9.16421413421631
1,12.92,4.2432907554321,9.17732715606689
1,12.93,4.24662405531853,9.19222831726074
1,12.94,4.24995735520497,9.20653343200684
1,12.95,4.25329065509141,9.22083854675293
1,12.96,4.25662395497784,9.23275947570801
1,12.97,4.25995725486428,9.25004482269287
1,12.98,4.26329055475071,9.26375389099121
1,12.99,4.26662385463715,9.27746295928955
1,13,4.26995715452358,9.28521156311035
1,13.01,4.27329045441002,9.29474830627441
1,13.02,4.27662375429645,9.30309295654297
1,13.03,4.27995705418289,9.31262969970703
1,13.04,4.28329035406932,9.32395458221436
1,13.05,4.28662365395576,9.33051109313965
1,13.06,4.28995695384219,9.34183597564697
1,13.07,4.29329025372863,9.34958457946777
1,13.08,4.29662355361506,9.3609094619751
1,13.09,4.2999568535015,9.36925411224365
1,13.1,4.30329015338793,9.38773155212402
1,13.11,4.30662345327437,9.3996524810791
1,13.12,4.3099567531608,9.41336154937744
1,13.13,4.31329005304724,9.42349433898926
1,13.14,4.31662335293368,9.43839550018311
1,13.15,4.31995665282011,9.45210456848145
1,13.16,4.32328995270655,9.46879386901855
1,13.17,4.32662325259298,9.48131084442139
1,13.18,4.32995655247942,9.49501991271973
1,13.19,4.33328985236585,9.51290130615234
1,13.2,4.33662315225229,9.52482223510742
1,13.21,4.33995645213872,9.54031944274902
1,13.22,4.34328975202516,9.55164432525635
1,13.23,4.34662305191159,9.56833362579346
1,13.24,4.34995635179803,9.57906246185303
1,13.25,4.35328965168446,9.5897912979126
1,13.26,4.3566229515709,9.60469245910645
1,13.27,4.35995625145733,9.61720943450928
1,13.28,4.36328955134377,9.63032245635986
1,13.29,4.3666228512302,9.63807106018066
1,13.3,4.36995615111664,9.651780128479
1,13.31,4.37328945100307,9.66250896453857
1,13.32,4.37662275088951,9.67264175415039
1,13.33,4.37995605077595,9.68515872955322
1,13.34,4.38328935066238,9.69529151916504
1,13.35,4.38662265054882,9.70542430877686
1,13.36,4.38995595043525,9.71674919128418
1,13.37,4.39328925032169,9.72747802734375
1,13.38,4.39662255020812,9.74118709564209
1,13.39,4.39995585009456,9.7501277923584
1,13.4,4.40328914998099,9.76204872131348
1,13.41,4.40662244986743,9.76979732513428
1,13.42,4.40995574975386,9.7811222076416
1,13.43,4.4132890496403,9.78469848632813
1,13.44,4.41662234952673,9.79423522949219
1,13.45,4.41995564941317,9.80019569396973
1,13.46,4.4232889492996,9.81032848358154
1,13.47,4.42662224918604,9.81807708740234
1,13.48,4.42995554907247,9.82761383056641
1,13.49,4.43328884895891,9.83953475952148
1,13.5,4.43662214884534,9.8496675491333
1,13.51,4.43995544873178,9.86397266387939
1,13.52,4.44328874861822,9.87350940704346
1,13.53,4.44662204850465,9.88781452178955
1,13.54,4.44995534839109,9.89615917205811
1,13.55,4.45328864827752,9.91165637969971
1,13.56,4.45662194816396,9.9259614944458
1,13.57,4.45995524805039,9.93907451629639
1,13.58,4.46328854793683,9.95397567749023
1,13.59,4.46662184782326,9.96291637420654
1,13.6,4.4699551477097,9.97602939605713
1,13.61,4.47328844759613,9.98616218566895
1,13.62,4.47662174748257,10.0028514862061
1,13.63,4.479955047369,10.0147724151611
1,13.64,4.48328834725544,10.029673576355
1,13.65,4.48662164714187,10.0386142730713
1,13.66,4.48995494702831,10.0523233413696
1,13.67,4.49328824691474,10.0672245025635
1,13.68,4.49662154680118,10.0809335708618
1,13.69,4.49995484668762,10.0922584533691
1,13.7,4.50328814657405,10.1065635681152
1,13.71,4.50662144646049,10.1214647293091
1,13.72,4.50995474634692,10.1369619369507
1,13.73,4.51328804623336,10.150671005249
1,13.74,4.51662134611979,10.1685523986816
1,13.75,4.51995464600623,10.1786851882935
1,13.76,4.52328794589266,10.1929903030396
1,13.77,4.5266212457791,10.2055072784424
1,13.78,4.52995454566553,10.2198123931885
1,13.79,4.53328784555197,10.2323293685913
1,13.8,4.5366211454384,10.2412700653076
1,13.81,4.53995444532484,10.2567672729492
1,13.82,4.54328774521127,10.2663040161133
1,13.83,4.54662104509771,10.2782249450684
1,13.84,4.54995434498414,10.2859735488892
1,13.85,4.55328764487058,10.296106338501
1,13.86,4.55662094475701,10.3086233139038
1,13.87,4.55995424464345,10.3235244750977
1,13.88,4.56328754452989,10.3330612182617
1,13.89,4.56662084441632,10.3425979614258
1,13.9,4.56995414430276,10.3527307510376
1,13.91,4.57328744418919,10.3634595870972
1,13.92,4.57662074407563,10.3753805160522
1,13.93,4.57995404396206,10.3932619094849
1,13.94,4.5832873438485,10.4069709777832
1,13.95,4.58662064373493,10.4159116744995
1,13.96,4.58995394362137,10.4314088821411
1,13.97,4.5932872435078,10.4451179504395
1,13.98,4.59662054339424,10.4588270187378
1,13.99,4.59995384328067,10.4695558547974
1,14,4.60328714316711,10.4844570159912
1,14.01,4.60662044305354,10.4963779449463
1,14.02,4.60995374293998,10.5082988739014
1,14.03,4.61328704282641,10.5190277099609
1,14.04,4.61662034271285,10.5273723602295
1,14.05,4.61995364259928,10.5404853820801
1,14.06,4.62328694248572,10.5512142181396
1,14.07,4.62662024237216,10.5565786361694
1,14.08,4.62995354225859,10.5643272399902
1,14.09,4.63328684214503,10.5792284011841
1,14.1,4.63662014203146,10.5881690979004
1,14.11,4.6399534419179,10.6030702590942
1,14.12,4.64328674180433,10.6161832809448
1,14.13,4.64662004169077,10.6298923492432
1,14.14,4.6499533415772,10.637640953064
1,14.15,4.65328664146364,10.6531381607056
1,14.16,4.65661994135007,10.6656551361084
1,14.17,4.65995324123651,10.6781721115112
1,14.18,4.66328654112294,10.6912851333618
1,14.19,4.66995314089581,10.7067823410034
1,14.2,4.67328644078225,10.7187032699585
1,14.21,4.67661974066868,10.7336044311523
1,14.23,4.67995304055512,10.7616186141968
1,14.24,4.68661964032799,10.7735395431519
1,14.25,4.68995294021443,10.7878446578979
1,14.26,4.69328624010086,10.7932090759277
1,14.28,4.69995283987373,10.8182430267334
1,14.29,4.70328613976017,10.8319520950317
1,14.3,4.7066194396466,10.8474493026733
1,14.31,4.70995273953304,10.8593702316284
1,14.33,4.71328603941947,10.8850002288818
1,14.34,4.71995263919234,10.8969211578369
1,14.35,4.72328593907878,10.9082460403442
1,14.36,4.72661923896521,10.9189748764038
1,14.37,4.72995253885165,10.9291076660156
1,14.38,4.73328583873808,10.9434127807617
1,14.39,4.73661913862452,10.9559297561646
1,14.4,4.73995243851095,10.9702348709106
1,14.41,4.74328573839739,10.9827518463135
1,14.42,4.74661903828383,10.9988451004028
1,14.43,4.74995233817026,11.0095739364624
1,14.44,4.7532856380567,11.025071144104
1,14.45,4.75661893794313,11.0423564910889
1,14.46,4.75995223782957,11.056661605835
1,14.47,4.763285537716,11.0721588134766
1,14.48,4.76661883760244,11.0846757888794
1,14.49,4.76995213748887,11.1013650894165
1,14.5,4.77328543737531,11.1186504364014
1,14.51,4.77661873726174,11.1311674118042
1,14.52,4.77995203714818,11.1478567123413
1,14.53,4.78328533703461,11.1657381057739
1,14.54,4.78661863692105,11.1818313598633
1,14.55,4.78995193680748,11.1937522888184
1,14.56,4.79328523669392,11.2062692642212
1,14.57,4.79661853658035,11.218786239624
1,14.58,4.79995183646679,11.2342834472656
1,14.59,4.80328513635322,11.2485885620117
1,14.6,4.80661843623966,11.2664699554443
1,14.61,4.8099517361261,11.2801790237427
1,14.62,4.81328503601253,11.2980604171753
1,14.63,4.81661833589897,11.3064050674438
1,14.64,4.8199516357854,11.327862739563
1,14.65,4.82328493567184,11.3415718078613
1,14.66,4.82661823555827,11.3552808761597
1,14.67,4.82995153544471,11.368989944458
1,14.68,4.83328483533114,11.3791227340698
1,14.69,4.83661813521758,11.3916397094727
1,14.7,4.83995143510401,11.4095211029053
1,14.71,4.84328473499045,11.4262104034424
1,14.72,4.84661803487688,11.4399194717407
1,14.73,4.84995133476332,11.4542245864868
1,14.74,4.85328463464975,11.4732980728149
1,14.75,4.85661793453619,11.4887952804565
1,14.76,4.85995123442262,11.5060806274414
1,14.77,4.86328453430906,11.519193649292
1,14.78,4.86661783419549,11.5340948104858
1,14.79,4.86995113408193,11.5483999252319
1,14.8,4.87328443396837,11.5656852722168
1,14.81,4.8766177338548,11.5811824798584
1,14.82,4.87995103374124,11.5984678268433
1,14.83,4.88328433362767,11.6097927093506
1,14.84,4.88661763351411,11.628270149231
1,14.85,4.88995093340054,11.6443634033203
1,14.86,4.89328423328698,11.6586685180664
1,14.87,4.89661753317341,11.6723775863647
1,14.88,4.89995083305985,11.6896629333496
1,14.89,4.90328413294628,11.7003917694092
1,14.9,4.90661743283272,11.717677116394
1,14.91,4.90995073271915,11.7325782775879
1,14.92,4.91328403260559,11.746883392334
1,14.93,4.91661733249202,11.7647647857666
1,14.94,4.91995063237846,11.7748975753784
1,14.95,4.92328393226489,11.7844343185425
1,14.96,4.92661723215133,11.8011236190796
1,14.97,4.92995053203776,11.8124485015869
1,14.98,4.9332838319242,11.821985244751
1,14.99,4.93661713181064,11.8368864059448
1,15,4.93995043169707,11.8470191955566
1,15.01,4.94328373158351,11.8625164031982
1,15.02,4.94661703146994,11.870265007019
1,15.03,4.94995033135638,11.8827819824219
1,15.04,4.95328363124281,11.8899345397949
1,15.05,4.95661693112925,11.9012594223022
1,15.06,4.95995023101568,11.9107961654663
1,15.07,4.96328353090212,11.9203329086304
1,15.08,4.96661683078855,11.9292736053467
1,15.09,4.96995013067499,11.940598487854
1,15.1,4.97328343056142,11.9549036026001
1,15.11,4.97661673044786,11.9686126708984
1,15.12,4.97995003033429,11.9811296463013
1,15.13,4.98328333022073,11.9948387145996
1,15.14,4.98661663010716,12.0103359222412
1,15.15,4.9899499299936,12.0246410369873
1,15.16,4.99328322988004,12.0365619659424
1,15.17,4.99661652976647,12.052059173584
1,15.18,4.99994982965291,12.0675563812256
1,15.19,5.00328312953934,12.0842456817627
1,15.2,5.00661642942578,12.0985507965088
1,15.21,5.00994972931221,12.1134519577026
1,15.22,5.01328302919865,12.1265649795532
1,15.23,5.01661632908508,12.1408700942993
1,15.24,5.01994962897152,12.1515989303589
1,15.25,5.02328292885795,12.1653079986572
1,15.26,5.02661622874439,12.1766328811646
1,15.27,5.02994952863082,12.1915340423584
1,15.28,5.03328282851726,12.204647064209
1,15.29,5.03661612840369,12.2112035751343
1,15.3,5.03994942829013,12.2231245040894
1,15.31,5.04328272817656,12.2338533401489
1,15.32,5.046616028063,12.2439861297607
1,15.33,5.04994932794943,12.2535228729248
1,15.34,5.05328262783587,12.2654438018799
1,15.35,5.05661592772231,12.2785568237305
1,15.36,5.05994922760874,12.2886896133423
1,15.37,5.06328252749518,12.3023986816406
1,15.38,5.06661582738161,12.3137235641479
1,15.39,5.06994912726805,12.3244524002075
1,15.4,5.07328242715448,12.3381614685059
1,15.41,5.07661572704092,12.3518705368042
1,15.42,5.07994902692735,12.3655796051025
1,15.43,5.08328232681379,12.3810768127441
1,15.44,5.08661562670022,12.393593788147
1,15.45,5.08994892658666,12.4108791351318
1,15.46,5.09328222647309,12.4204158782959
1,15.47,5.09661552635953,12.4377012252808
1,15.48,5.09994882624596,12.4526023864746
1,15.49,5.1032821261324,12.4651193618774
1,15.5,5.10661542601883,12.4818086624146
1,15.51,5.10994872590527,12.4895572662354
1,15.52,5.1132820257917,12.5002861022949
1,15.53,5.11661532567814,12.5104188919067
1,15.54,5.11994862556458,12.5253200531006
1,15.55,5.12328192545101,12.5330686569214
1,15.56,5.12661522533745,12.548565864563
1,15.57,5.12994852522388,12.5581026077271
1,15.58,5.13328182511032,12.5730037689209
1,15.59,5.13661512499675,12.5831365585327
1,15.6,5.13994842488319,12.5986337661743
1,15.61,5.14328172476962,12.6075744628906
1,15.62,5.14661502465606,12.6188993453979
1,15.63,5.14994832454249,12.6326084136963
1,15.64,5.15328162442893,12.6445293426514
1,15.65,5.15661492431536,12.6546621322632
1,15.66,5.1599482242018,12.664794921875
1,15.67,5.16328152408823,12.6796960830688
1,15.68,5.16661482397467,12.6910209655762
1,15.69,5.1699481238611,12.7029418945313
1,15.7,5.17328142374754,12.7124786376953
1,15.71,5.17661472363397,12.7238035202026
1,15.72,5.17994802352041,12.73512840271
1,15.73,5.18328132340685,12.7512216567993
1,15.74,5.18661462329328,12.7607583999634
1,15.75,5.18994792317972,12.7714872360229
1,15.76,5.19328122306615,12.7869844436646
1,15.77,5.19661452295259,12.8024816513062
1,15.78,5.19994782283902,12.8155946731567
1,15.79,5.20328112272546,12.8298997879028
1,15.8,5.20661442261189,12.8448009490967
1,15.81,5.20994772249833,12.8573179244995
1,15.82,5.21328102238476,12.8757953643799
1,15.83,5.2166143222712,12.8906965255737
1,15.84,5.21994762215763,12.9061937332153
1,15.85,5.22328092204407,12.9234790802002
1,15.86,5.2266142219305,12.9371881484985
1,15.87,5.22994752181694,12.9491090774536
1,15.88,5.23328082170337,12.9604339599609
1,15.89,5.23661412158981,12.9729509353638
1,15.9,5.23994742147625,12.9860639572144
1,15.91,5.24328072136268,12.9985809326172
1,15.92,5.24661402124912,13.0122900009155
1,15.93,5.24994732113555,13.0200386047363
1,15.94,5.25328062102199,13.0343437194824
1,15.95,5.25661392090842,13.0438804626465
1,15.96,5.25994722079486,13.0575895309448
1,15.97,5.26328052068129,13.0671262741089
1,15.98,5.26661382056773,13.079047203064
1,15.99,5.26994712045416,13.0927562713623
1,16,5.2732804203406,13.1094455718994
1,16.01,5.27661372022703,13.120174407959
1,16.02,5.27994702011347,13.1326913833618
1,16.03,5.2832803199999,13.1458044052124
1,16.04,5.28661361988634,13.1577253341675
1,16.05,5.28994691977277,13.1714344024658
1,16.06,5.29328021965921,13.1827592849731
1,16.07,5.29661351954564,13.2006406784058
1,16.08,5.29994681943208,13.2173299789429
1,16.09,5.30328011931852,13.2292509078979
1,16.1,5.30661341920495,13.2465362548828
1,16.11,5.30994671909139,13.2548809051514
1,16.12,5.31328001897782,13.2715702056885
1,16.13,5.31661331886426,13.2864713668823
1,16.14,5.31994661875069,13.3001804351807
1,16.15,5.32327991863713,13.318657875061
1,16.16,5.32661321852356,13.3329629898071
1,16.17,5.32994651841,13.3472681045532
1,16.18,5.33327981829643,13.3615732192993
1,16.19,5.33661311818287,13.3782625198364
1,16.2,5.3399464180693,13.391375541687
1,16.21,5.34327971795574,13.4027004241943
1,16.22,5.34661301784217,13.4158134460449
1,16.23,5.34994631772861,13.425350189209
1,16.24,5.35327961761504,13.4342908859253
1,16.25,5.35661291750148,13.4497880935669
1,16.26,5.35994621738791,13.4551525115967
1,16.27,5.36327951727435,13.471245765686
1,16.28,5.36661281716079,13.4837627410889
1,16.29,5.36994611704722,13.4986639022827
1,16.3,5.37327941693366,13.5135650634766
1,16.31,5.37661271682009,13.5296583175659
1,16.32,5.37994601670653,13.5457515716553
1,16.33,5.38327931659296,13.5618448257446
1,16.34,5.3866126164794,13.575553894043
1,16.35,5.38994591636583,13.5916471481323
1,16.36,5.39327921625227,13.6041641235352
1,16.37,5.3966125161387,13.6178731918335
1,16.38,5.39994581602514,13.6339664459229
1,16.39,5.40327911591157,13.6458873748779
1,16.4,5.40661241579801,13.657808303833
1,16.41,5.40994571568444,13.6703252792358
1,16.42,5.41327901557088,13.6810541152954
1,16.43,5.41661231545731,13.6947631835938
1,16.44,5.41994561534375,13.7025117874146
1,16.45,5.42327891523018,13.7209892272949
1,16.46,5.42661221511662,13.7311220169067
1,16.47,5.42994551500306,13.7448310852051
1,16.48,5.43327881488949,13.7561559677124
1,16.49,5.43661211477593,13.7674808502197
1,16.5,5.43994541466236,13.7799978256226
1,16.51,5.4432787145488,13.7889385223389
1,16.52,5.44661201443523,13.8044357299805
1,16.53,5.44994531432167,13.8163566589355
1,16.54,5.4532786142081,13.8318538665771
1,16.55,5.45661191409454,13.84437084198
1,16.56,5.45994521398097,13.8598680496216
1,16.57,5.46327851386741,13.8723850250244
1,16.58,5.46661181375384,13.8872861862183
1,16.59,5.46994511364028,13.9015913009644
1,16.6,5.47327841352671,13.9117240905762
1,16.61,5.47661171341315,13.9272212982178
1,16.62,5.47994501329958,13.9385461807251
1,16.63,5.48327831318602,13.9516592025757
1,16.64,5.48661161307246,13.967752456665
1,16.65,5.48994491295889,13.9790773391724
1,16.66,5.49327821284533,13.9951705932617
1,16.67,5.49661151273176,14.0082836151123
1,16.68,5.4999448126182,14.0213966369629
1,16.69,5.50327811250463,14.0380859375
1,16.7,5.50661141239107,14.0464305877686
1,16.71,5.5099447122775,14.0643119812012
1,16.72,5.51327801216394,14.0726566314697
1,16.73,5.51661131205037,14.0857696533203
1,16.74,5.51994461193681,14.1012668609619
1,16.75,5.52327791182324,14.113187789917
1,16.76,5.52661121170968,14.1263008117676
1,16.77,5.52994451159611,14.1370296478271
1,16.78,5.53327781148255,14.1525268554688
1,16.79,5.53661111136898,14.1656398773193
1,16.8,5.53994441125542,14.1775608062744
1,16.81,5.54327771114185,14.1876935958862
1,16.82,5.54661101102829,14.2025947570801
1,16.83,5.54994431091473,14.2103433609009
1,16.84,5.55327761080116,14.2264366149902
1,16.85,5.5566109106876,14.2371654510498
1,16.86,5.55994421057403,14.2502784729004
1,16.87,5.56327751046047,14.26100730896
1,16.88,5.5666108103469,14.2753124237061
1,16.89,5.56994411023334,14.2908096313477
1,16.9,5.57327741011977,14.3074989318848
1,16.91,5.57661071000621,14.3265724182129
1,16.92,5.57994400989264,14.340877532959
1,16.93,5.58327730977908,14.3593549728394
1,16.94,5.58661060966551,14.3706798553467
1,16.95,5.58994390955195,14.384388923645
1,16.96,5.59327720943838,14.4028663635254
1,16.97,5.59661050932482,14.4129991531372
1,16.98,5.59994380921125,14.4273042678833
1,16.99,5.60327710909769,14.4422054290771
1,17,5.60661040898412,14.4577026367188
1,17.01,5.60994370887056,14.4737958908081
1,17.02,5.613277008757,14.4904851913452
1,17.03,5.61661030864343,14.5077705383301
1,17.04,5.61994360852987,14.5208835601807
1,17.05,5.6232769084163,14.5381689071655
1,17.06,5.62661020830274,14.5506858825684
1,17.07,5.62994350818917,14.568567276001
1,17.08,5.63327680807561,14.5864486694336
1,17.09,5.63661010796204,14.6013498306274
1,17.1,5.63994340784848,14.6174430847168
1,17.11,5.64327670773491,14.6329402923584
1,17.12,5.64661000762135,14.6472454071045
1,17.13,5.64994330750778,14.6591663360596
1,17.14,5.65327660739422,14.6692991256714
1,17.15,5.65660990728065,14.6830081939697
1,17.16,5.65994320716709,14.6973133087158
1,17.17,5.66327650705352,14.7104263305664
1,17.18,5.66660980693996,14.7175788879395
1,17.19,5.66994310682639,14.728307723999
1,17.2,5.67327640671283,14.7342681884766
1,17.21,5.67660970659927,14.7497653961182
1,17.22,5.6799430064857,14.7569179534912
1,17.23,5.68327630637214,14.7724151611328
1,17.24,5.68660960625857,14.7843360900879
1,17.25,5.68994290614501,14.7902965545654
1,17.26,5.69327620603144,14.8069858551025
1,17.27,5.69660950591788,14.8200988769531
1,17.28,5.69994280580431,14.8367881774902
1,17.29,5.70327610569075,14.8475170135498
1,17.3,5.70660940557718,14.8594379425049
1,17.31,5.70994270546362,14.8701667785645
1,17.32,5.71327600535005,14.8868560791016
1,17.33,5.71660930523649,14.8952007293701
1,17.34,5.71994260512292,14.9202346801758
1,17.35,5.72327590500936,14.9309635162354
1,17.36,5.72660920489579,14.9524211883545
1,17.37,5.72994250478223,14.9655342102051
1,17.38,5.73327580466867,14.9834156036377
1,17.39,5.7366091045551,15.0048732757568
1,17.4,5.73994240444154,15.0227546691895
1,17.41,5.74327570432797,15.0346755981445
1,17.42,5.74660900421441,15.0525569915771
1,17.43,5.74994230410084,15.0668621063232
1,17.44,5.75327560398728,15.0787830352783
1,17.45,5.75660890387371,15.0930881500244
1,17.46,5.75994220376015,15.110969543457
1,17.47,5.76327550364658,15.1264667510986
1,17.48,5.76660880353302,15.1407718658447
1,17.49,5.76994210341945,15.1586532592773
1,17.5,5.77327540330589,15.1777267456055
1,17.51,5.77660870319232,15.1968002319336
1,17.52,5.77994200307876,15.2134895324707
1,17.53,5.78327530296519,15.2254104614258
1,17.54,5.78660860285163,15.2504444122314
1,17.55,5.78994190273806,15.261173248291
1,17.56,5.7932752026245,15.2790546417236
1,17.57,5.79660850251094,15.2921676635742
1,17.58,5.79994180239737,15.3064727783203
1,17.59,5.80660840217024,15.3195858001709
1,17.6,5.80994170205668,15.3350830078125
1,17.62,5.81327500194311,15.3529644012451
1,17.63,5.81660830182955,15.3648853302002
1,17.64,5.81994160171598,15.3827667236328
1,17.65,5.82327490160242,15.3934955596924
1,17.66,5.82994150137529,15.408992767334
1,17.68,5.83327480126172,15.4352188110352
1,17.69,5.83994140103459,15.4531002044678
1,17.7,5.84327470092103,15.4662132263184
1,17.72,5.84660800080746,15.5055522918701
1,17.73,5.8499413006939,15.5222415924072
1,17.74,5.85660790046677,15.5389308929443
1,17.75,5.85994120035321,15.5580043792725
1,17.76,5.86327450023964,15.5699253082275
1,17.77,5.86660780012608,15.5854225158691
1,17.78,5.86994110001251,15.5997276306152
1,17.79,5.87327439989895,15.6128406524658
1,17.8,5.87660769978538,15.6235694885254
1,17.81,5.87994099967182,15.634298324585
1,17.82,5.88327429955825,15.64621925354
1,17.83,5.88660759944469,15.6521797180176
1,17.84,5.88994089933112,15.6688690185547
1,17.85,5.89327419921756,15.6736373901367
1,17.86,5.89660749910399,15.6915187835693
1,17.87,5.89994079899043,15.7046318054199
1,17.88,5.90327409887686,15.714168548584
1,17.89,5.9066073987633,15.7284736633301
1,17.9,5.90994069864973,15.7415866851807
1,17.91,5.91327399853617,15.7535076141357
1,17.92,5.9166072984226,15.7642364501953
1,17.93,5.91994059830904,15.7797336578369
1,17.94,5.92327389819548,15.791654586792
1,17.95,5.92660719808191,15.8143043518066
1,17.96,5.92994049796835,15.8214569091797
1,17.97,5.93327379785478,15.8417224884033
1,17.98,5.93660709774122,15.8536434173584
1,17.99,5.93994039762765,15.8703327178955
1,18,5.94327369751409,15.8798694610596
1,18.01,5.94660699740052,15.8953666687012
1,18.02,5.94994029728696,15.9037113189697
1,18.03,5.95327359717339,15.9168243408203
1,18.04,5.95660689705983,15.9227848052979
1,18.05,5.95994019694626,15.9335136413574
1,18.06,5.9632734968327,15.9454345703125
1,18.07,5.96660679671913,15.95139503479
1,18.08,5.96994009660557,15.9704685211182
1,18.09,5.973273396492,15.9752368927002
1,18.1,5.97660669637844,15.9859657287598
1,18.11,5.97993999626487,16.0014629364014
1,18.12,5.98327329615131,16.0086154937744
1,18.13,5.98660659603775,16.021728515625
1,18.14,5.98993989592418,16.026496887207
1,18.15,5.99327319581062,16.0479545593262
1,18.16,5.99660649569705,16.0551071166992
1,18.17,5.99993979558349,16.0741806030273
1,18.18,6.00327309546992,16.0896778106689
1,18.19,6.00660639535636,16.1075592041016
1,18.2,6.00993969524279,16.1194801330566
1,18.21,6.01327299512923,16.1373615264893
1,18.22,6.01660629501566,16.1588191986084
1,18.23,6.0199395949021,16.1707401275635
1,18.24,6.02327289478853,16.1838531494141
1,18.25,6.02660619467497,16.2029266357422
1,18.26,6.0299394945614,16.2148475646973
1,18.27,6.03327279444784,16.2339210510254
1,18.28,6.03660609433427,16.244649887085
1,18.29,6.03993939422071,16.254186630249
1,18.3,6.04327269410715,16.2720680236816
1,18.31,6.04660599399358,16.2827968597412
1,18.32,6.04993929388002,16.2947177886963
1,18.33,6.05327259376645,16.3054466247559
1,18.34,6.05660589365289,16.3173675537109
1,18.35,6.05993919353932,16.326904296875
1,18.36,6.06327249342576,16.3376331329346
1,18.37,6.06660579331219,16.3471698760986
1,18.38,6.06993909319863,16.3507461547852
1,18.39,6.07327239308506,16.3614749908447
1,18.4,6.0766056929715,16.3757801055908
1,18.41,6.07993899285793,16.3829326629639
1,18.42,6.08327229274437,16.3960456848145
1,18.43,6.0866055926308,16.4103507995605
1,18.44,6.08993889251724,16.4234638214111
1,18.45,6.09327219240367,16.4365768432617
1,18.46,6.09660549229011,16.4532661437988
1,18.47,6.09993879217654,16.4639949798584
1,18.48,6.10327209206298,16.4735317230225
1,18.49,6.10660539194942,16.4961814880371
1,18.5,6.10993869183585,16.5104866027832
1,18.51,6.11327199172229,16.5188312530518
1,18.52,6.11660529160872,16.5343284606934
1,18.53,6.11993859149516,16.549825668335
1,18.54,6.12327189138159,16.559362411499
1,18.55,6.12660519126803,16.5724754333496
1,18.56,6.12993849115446,16.5855884552002
1,18.57,6.1332717910409,16.5951251983643
1,18.58,6.13660509092733,16.6130065917969
1,18.59,6.13993839081377,16.627311706543
1,18.6,6.1432716907002,16.6428089141846
1,18.61,6.14660499058664,16.6583061218262
1,18.62,6.14993829047307,16.6726112365723
1,18.63,6.15327159035951,16.6761875152588
1,18.64,6.15660489024594,16.7000293731689
1,18.65,6.15993819013238,16.709566116333
1,18.66,6.16327149001881,16.7298316955566
1,18.67,6.16660478990525,16.7393684387207
1,18.68,6.16993808979169,16.7512893676758
1,18.69,6.17327138967812,16.7727470397949
1,18.7,6.17660468956456,16.7834758758545
1,18.71,6.17993798945099,16.8061256408691
1,18.72,6.18327128933743,16.8204307556152
1,18.73,6.18660458922386,16.8418884277344
1,18.74,6.1899378891103,16.855001449585
1,18.75,6.19327118899673,16.8681144714355
1,18.76,6.19660448888317,16.8859958648682
1,18.77,6.1999377887696,16.9038772583008
1,18.78,6.20327108865604,16.9253349304199
1,18.79,6.20660438854247,16.9479846954346
1,18.8,6.20993768842891,16.9622898101807
1,18.81,6.21327098831534,16.9825553894043
1,18.82,6.21660428820178,17.0063972473145
1,18.83,6.21993758808821,17.0254707336426
1,18.84,6.22327088797465,17.0373916625977
1,18.85,6.22660418786108,17.0600414276123
1,18.86,6.22993748774752,17.0755386352539
1,18.87,6.23327078763396,17.094612121582
1,18.88,6.23660408752039,17.1101093292236
1,18.89,6.23993738740683,17.1303749084473
1,18.9,6.24327068729326,17.1434879302979
1,18.91,6.2466039871797,17.160177230835
1,18.92,6.24993728706613,17.1756744384766
1,18.93,6.25327058695257,17.1923637390137
1,18.94,6.256603886839,17.2114372253418
1,18.95,6.25993718672544,17.2257423400879
1,18.96,6.26327048661187,17.2436237335205
1,18.97,6.26660378649831,17.2531604766846
1,18.98,6.26993708638474,17.2746181488037
1,18.99,6.27327038627118,17.2829627990723
1,19,6.27660368615761,17.3044204711914
1,19.01,6.27993698604405,17.3139572143555
1,19.02,6.28327028593048,17.3294544219971
1,19.03,6.28660358581692,17.3449516296387
1,19.04,6.28993688570336,17.3592567443848
1,19.05,6.29327018558979,17.3664093017578
1,19.06,6.29660348547623,17.3819065093994
1,19.07,6.29993678536266,17.392635345459
1,19.08,6.3032700852491,17.39501953125
1,19.09,6.30660338513553,17.4117088317871
1,19.1,6.30993668502197,17.4260139465332
1,19.11,6.3132699849084,17.4331665039063
1,19.12,6.31660328479484,17.4415111541748
1,19.13,6.31993658468127,17.4570083618164
1,19.14,6.32326988456771,17.4713134765625
1,19.15,6.32660318445414,17.4891948699951
1,19.16,6.32993648434058,17.5046920776367
1,19.17,6.33326978422701,17.5189971923828
1,19.18,6.33660308411345,17.5344944000244
1,19.19,6.33993638399989,17.5511837005615
1,19.2,6.34326968388632,17.5702571868896
1,19.21,6.34660298377275,17.5857543945313
1,19.22,6.34993628365919,17.6024436950684
1,19.23,6.35326958354563,17.6191329956055
1,19.24,6.35660288343206,17.6393985748291
1,19.25,6.3599361833185,17.6584720611572
1,19.26,6.36326948320493,17.6775455474854
1,19.27,6.36660278309137,17.6918506622314
1,19.28,6.3699360829778,17.707347869873
1,19.29,6.37326938286424,17.7180767059326
1,19.3,6.37660268275067,17.7299976348877
1,19.31,6.37993598263711,17.7443027496338
1,19.32,6.38326928252354,17.7597999572754
1,19.33,6.38660258240998,17.7669525146484
1,19.34,6.38993588229641,17.7812576293945
1,19.35,6.39326918218285,17.7884101867676
1,19.36,6.39660248206928,17.8003311157227
1,19.37,6.39993578195572,17.8146362304688
1,19.38,6.40326908184215,17.8217887878418
1,19.39,6.40660238172859,17.8408622741699
1,19.4,6.40993568161502,17.8492069244385
1,19.41,6.41326898150146,17.8694725036621
1,19.42,6.4166022813879,17.8802013397217
1,19.43,6.41993558127433,17.8921222686768
1,19.44,6.42326888116077,17.9100036621094
1,19.45,6.4266021810472,17.9207324981689
1,19.46,6.42993548093364,17.9374217987061
1,19.47,6.43326878082007,17.9505348205566
1,19.48,6.43660208070651,17.9684162139893
1,19.49,6.43993538059294,17.9803371429443
1,19.5,6.44326868047938,18.002986907959
1,19.51,6.44660198036581,18.012523651123
1,19.52,6.44993528025225,18.0351734161377
1,19.53,6.45326858013868,18.0447101593018
1,19.54,6.45660188002512,18.0578231811523
1,19.55,6.45993517991155,18.0768966674805
1,19.56,6.46326847979799,18.0864334106445
1,19.57,6.46660177968442,18.1007385253906
1,19.58,6.46993507957086,18.1174278259277
1,19.59,6.47326837945729,18.1257724761963
1,19.6,6.47660167934373,18.1293487548828
1,19.61,6.47993497923017,18.1412696838379
1,19.62,6.4832682791166,18.1543827056885
1,19.63,6.48660157900304,18.1686878204346
1,19.64,6.48993487888947,18.1794166564941
1,19.65,6.49326817877591,18.1937217712402
1,19.66,6.49660147866234,18.2080268859863
1,19.67,6.49993477854878,18.2259082794189
1,19.68,6.50326807843521,18.2449817657471
1,19.69,6.50660137832165,18.2545185089111
1,19.7,6.50993467820808,18.2783603668213
1,19.71,6.51326797809452,18.2867050170898
1,19.72,6.51660127798095,18.3141231536865
1,19.73,6.51993457786739,18.3188915252686
1,19.74,6.52326787775382,18.3451175689697
1,19.75,6.52660117764026,18.3606147766113
1,19.76,6.52993447752669,18.3784961700439
1,19.77,6.53326777741313,18.3939933776855
1,19.78,6.53660107729957,18.4130668640137
1,19.79,6.539934377186,18.4321403503418
1,19.8,6.54326767707244,18.4464454650879
1,19.81,6.54660097695887,18.4643268585205
1,19.82,6.54993427684531,18.4786319732666
1,19.83,6.55326757673174,18.4893608093262
1,19.84,6.55660087661818,18.5024738311768
1,19.85,6.55993417650461,18.5060501098633
1,19.86,6.56326747639105,18.5143947601318
1,19.87,6.56660077627748,18.5167789459229
1,19.88,6.56993407616392,18.5310840606689
1,19.89,6.57326737605035,18.5310840606689
1,19.9,6.57660067593679,18.535852432251
1,19.91,6.57993397582322,18.5418128967285
1,19.92,6.58326727570966,18.545389175415
1,19.93,6.5866005755961,18.5573101043701
1,19.94,6.58993387548253,18.5644626617432
1,19.95,6.59326717536896,18.5739994049072
1,19.96,6.5966004752554,18.5823440551758
1,19.97,6.59993377514184,18.6014175415039
1,19.98,6.60326707502827,18.610954284668
1,19.99,6.60660037491471,18.61572265625
1,20,6.60993367480114,18.6336040496826
1,20.01,6.61326697468758,18.6443328857422
1,20.02,6.61660027457401,18.6610221862793
1,20.03,6.61993357446045,18.6705589294434
1,20.04,6.62326687434688,18.6944007873535
1,20.05,6.62660017423332,18.7027454376221
1,20.06,6.62993347411975,18.7230110168457
1,20.07,6.63326677400619,18.7313556671143
1,20.08,6.63660007389262,18.7408924102783
1,20.09,6.63993337377906,18.7587738037109
1,20.1,6.64326667366549,18.7623500823975
1,20.11,6.64659997355193,18.7718868255615
1,20.12,6.64993327343836,18.7849998474121
1,20.13,6.6532665733248,18.7933444976807
1,20.14,6.65659987321123,18.8088417053223
1,20.15,6.65993317309767,18.8195705413818
1,20.16,6.66326647298411,18.8291072845459
1,20.17,6.66659977287054,18.8469886779785
1,20.18,6.66993307275698,18.8636779785156
1,20.19,6.67326637264341,18.8815593719482
1,20.2,6.67659967252985,18.8922882080078
1,20.21,6.67993297241628,18.916130065918
1,20.22,6.68326627230272,18.9292430877686
1,20.23,6.68659957218915,18.9495086669922
1,20.24,6.68993287207559,18.9661979675293
1,20.25,6.69326617196202,18.9805030822754
1,20.26,6.69659947184846,18.9948081970215
1,20.27,6.69993277173489,19.0126895904541
1,20.28,6.70326607162133,19.0222263336182
1,20.29,6.70659937150776,19.0305709838867
1,20.3,6.7099326713942,19.0448760986328
1,20.31,6.71326597128063,19.0532207489014
1,20.32,6.71659927116707,19.0627574920654
1,20.33,6.7199325710535,19.0722942352295
1,20.34,6.72326587093994,19.0794467926025
1,20.35,6.72659917082638,19.0889835357666
1,20.36,6.72993247071281,19.0937519073486
1,20.37,6.73326577059925,19.1009044647217
1,20.38,6.73659907048568,19.1080570220947
1,20.39,6.73993237037212,19.1140174865723
1,20.4,6.74326567025855,19.1199779510498
1,20.41,6.74659897014499,19.1211700439453
1,20.42,6.74993227003142,19.1247463226318
1,20.43,6.75326556991786,19.1330909729004
1,20.44,6.75659886980429,19.1354751586914
1,20.45,6.75993216969073,19.1450119018555
1,20.46,6.76326546957716,19.1497802734375
1,20.47,6.7665987694636,19.1569328308105
1,20.48,6.76993206935003,19.1676616668701
1,20.49,6.77326536923647,19.1795825958252
1,20.5,6.7765986691229,19.1903114318848
1,20.51,6.77993196900934,19.2081928253174
1,20.52,6.78326526889578,19.2165374755859
1,20.53,6.78659856878221,19.221305847168
1,20.54,6.78993186866865,19.2379951477051
1,20.55,6.79326516855508,19.2499160766602
1,20.56,6.79659846844152,19.2654132843018
1,20.57,6.79993176832795,19.2749500274658
1,20.58,6.80326506821439,19.2916393280029
1,20.59,6.80659836810082,19.301176071167
1,20.6,6.80993166798726,19.3202495574951
1,20.61,6.81326496787369,19.3393230438232
1,20.62,6.81659826776013,19.3619728088379
1,20.63,6.81993156764656,19.3798542022705
1,20.64,6.823264867533,19.4001197814941
1,20.65,6.82659816741943,19.4191932678223
1,20.66,6.82993146730587,19.4442272186279
1,20.67,6.83326476719231,19.4668769836426
1,20.68,6.83659806707874,19.5002555847168
1,20.69,6.83993136696517,19.526481628418
1,20.7,6.84326466685161,19.5503234863281
1,20.71,6.84659796673805,19.5765495300293
1,20.72,6.84993126662448,19.6027755737305
1,20.73,6.85326456651092,19.6218490600586
1,20.74,6.85659786639735,19.6480751037598
1,20.75,6.85993116628379,19.6683406829834
1,20.76,6.86326446617022,19.6945667266846
1,20.77,6.86659776605666,19.7124481201172
1,20.78,6.86993106594309,19.7315216064453
1,20.79,6.87326436582953,19.7505950927734
1,20.8,6.87659766571596,19.7696685791016
1,20.81,6.8799309656024,19.7839736938477
1,20.82,6.88326426548883,19.8113918304443
1,20.83,6.88659756537527,19.8268890380859
1,20.84,6.8899308652617,19.8423862457275
1,20.85,6.89326416514814,19.8638439178467
1,20.86,6.89659746503457,19.8829174041748
1,20.87,6.89993076492101,19.9043750762939
1,20.88,6.90326406480744,19.9258327484131
1,20.89,6.90659736469388,19.9484825134277
1,20.9,6.90993066458032,19.9532508850098
1,20.91,6.91326396446675,19.9747085571289
1,20.92,6.91659726435319,19.9878215789795
1,20.93,6.91993056423962,20.0033187866211
1,20.94,6.92326386412606,20.0188159942627
1,20.95,6.92659716401249,20.0343132019043
1,20.96,6.92993046389893,20.0366973876953
1,20.97,6.93326376378536,20.0462341308594
1,20.98,6.9365970636718,20.0605392456055
1,20.99,6.93993036355823,20.0676918029785
1,21,6.94326366344467,20.0796127319336
1,21.01,6.9465969633311,20.0819969177246
1,21.02,6.94993026321754,20.0951099395752
1,21.03,6.95326356310397,20.0986862182617
1,21.04,6.95659686299041,20.1153755187988
1,21.05,6.95993016287684,20.1237201690674
1,21.06,6.96326346276328,20.1416015625
1,21.07,6.96659676264971,20.1535224914551
1,21.08,6.96993006253615,20.1678276062012
1,21.09,6.97326336242259,20.1880931854248
1,21.1,6.97659666230902,20.2071666717529
1,21.11,6.97992996219546,20.2202796936035
1,21.12,6.98326326208189,20.2322006225586
1,21.13,6.98992986185476,20.2488899230957
1,21.15,6.9932631617412,20.2775001525879
1,21.16,6.99659646162763,20.296573638916
1,21.17,6.99992976151407,20.3073024749756
1,21.18,7.00659636128694,20.3275680541992
1,21.19,7.00992966117337,20.3394889831543
1,21.21,7.01326296105981,20.3704833984375
1,21.22,7.01992956083268,20.3847885131836
1,21.23,7.02326286071911,20.3955173492432
1,21.24,7.02659616060555,20.4133987426758
1,21.25,7.02992946049199,20.4300880432129
1,21.27,7.03659606026486,20.4670429229736
1,21.28,7.03992936015129,20.4849243164063
1,21.29,7.04326266003773,20.5004215240479
1,21.31,7.0499292598106,20.5314159393311
1,21.32,7.05326255969703,20.5492973327637
1,21.33,7.05659585958347,20.5636024475098
1,21.34,7.0599291594699,20.5802917480469
1,21.35,7.06326245935634,20.599365234375
1,21.36,7.06659575924277,20.6112861633301
1,21.37,7.06992905912921,20.6267833709717
1,21.38,7.07326235901564,20.6351280212402
1,21.39,7.07659565890208,20.6458568572998
1,21.4,7.07992895878852,20.6625461578369
1,21.41,7.08326225867495,20.66969871521
1,21.42,7.08659555856138,20.6887722015381
1,21.43,7.08992885844782,20.7006931304932
1,21.44,7.09326215833426,20.7149982452393
1,21.45,7.09659545822069,20.7221508026123
1,21.46,7.09992875810713,20.7364559173584
1,21.47,7.10326205799356,20.747184753418
1,21.48,7.10659535788,20.759105682373
1,21.49,7.10992865776643,20.7710266113281
1,21.5,7.11326195765287,20.7793712615967
1,21.51,7.1165952575393,20.7877159118652
1,21.52,7.11992855742574,20.7996368408203
1,21.53,7.12326185731217,20.8067893981934
1,21.54,7.12659515719861,20.8234786987305
1,21.55,7.12992845708504,20.8258628845215
1,21.56,7.13326175697148,20.8425521850586
1,21.57,7.13659505685791,20.8497047424316
1,21.58,7.13992835674435,20.8663940429688
1,21.59,7.14326165663078,20.8818912506104
1,21.6,7.14659495651722,20.8926200866699
1,21.61,7.14992825640365,20.911693572998
1,21.62,7.15326155629009,20.9188461303711
1,21.63,7.15659485617653,20.9343433380127
1,21.64,7.15992815606296,20.9522247314453
1,21.65,7.1632614559494,20.9665298461914
1,21.66,7.16659475583583,20.982027053833
1,21.67,7.16992805572227,20.9999084472656
1,21.68,7.1732613556087,21.0118293762207
1,21.69,7.17659465549514,21.0249423980713
1,21.7,7.17992795538157,21.0416316986084
1,21.71,7.18326125526801,21.061897277832
1,21.72,7.18659455515444,21.0762023925781
1,21.73,7.18992785504088,21.0857391357422
1,21.74,7.19326115492731,21.1060047149658
1,21.75,7.19659445481375,21.1203098297119
1,21.76,7.19992775470018,21.136999130249
1,21.77,7.20326105458662,21.1524963378906
1,21.78,7.20659435447305,21.1703777313232
1,21.79,7.20992765435949,21.1822986602783
1,21.8,7.21326095424593,21.1942195892334
1,21.81,7.21659425413236,21.2109088897705
1,21.82,7.2199275540188,21.2252140045166
1,21.83,7.22326085390523,21.2395191192627
1,21.84,7.22659415379167,21.2562084197998
1,21.85,7.2299274536781,21.2681293487549
1,21.86,7.23326075356454,21.2883949279785
1,21.87,7.23659405345097,21.3015079498291
1,21.88,7.23992735333741,21.3229656219482
1,21.89,7.24326065322384,21.3420391082764
1,21.9,7.24659395311028,21.3527679443359
1,21.91,7.24992725299671,21.3766098022461
1,21.92,7.25326055288315,21.3992595672607
1,21.93,7.25659385276958,21.4231014251709
1,21.94,7.25992715265602,21.439790725708
1,21.95,7.26326045254245,21.4636325836182
1,21.96,7.26659375242889,21.4838981628418
1,21.97,7.26992705231532,21.4970111846924
1,21.98,7.27326035220176,21.5280055999756
1,21.99,7.2765936520882,21.5363502502441
1,22,7.27992695197463,21.5613842010498
1,22.01,7.28326025186107,21.5733051300049
1,22.02,7.2865935517475,21.5935707092285
1,22.03,7.28992685163394,21.6054916381836
1,22.04,7.29326015152037,21.6305255889893
1,22.05,7.29659345140681,21.6376781463623
1,22.06,7.29992675129324,21.662712097168
1,22.07,7.30326005117968,21.6782093048096
1,22.08,7.30659335106611,21.6960906982422
1,22.09,7.30992665095255,21.7151641845703
1,22.1,7.31325995083898,21.7318534851074
1,22.11,7.31659325072542,21.7509269714355
1,22.12,7.31992655061185,21.7700004577637
1,22.13,7.32325985049829,21.7962265014648
1,22.14,7.32659315038473,21.812915802002
1,22.15,7.32992645027116,21.8343734741211
1,22.16,7.33325975015759,21.8522548675537
1,22.17,7.33659305004403,21.8725204467773
1,22.18,7.33992634993047,21.8844413757324
1,22.19,7.3432596498169,21.892786026001
1,22.2,7.34659294970334,21.9142436981201
1,22.21,7.34992624958977,21.9213962554932
1,22.22,7.35325954947621,21.9392776489258
1,22.23,7.35659284936264,21.9440460205078
1,22.24,7.35992614924908,21.9595432281494
1,22.25,7.36325944913551,21.9666957855225
1,22.26,7.36659274902195,21.9786167144775
1,22.27,7.36992604890838,21.9845771789551
1,22.28,7.37325934879482,22.0024585723877
1,22.29,7.37659264868125,22.0119953155518
1,22.3,7.37992594856769,22.0191478729248
1,22.31,7.38325924845412,22.0358371734619
1,22.32,7.38659254834056,22.042989730835
1,22.33,7.389925848227,22.0620632171631
1,22.34,7.39325914811343,22.0715999603271
1,22.35,7.39659244799986,22.0859050750732
1,22.36,7.3999257478863,22.0966339111328
1,22.37,7.40325904777274,22.1109390258789
1,22.38,7.40659234765917,22.1264362335205
1,22.39,7.40992564754561,22.1443176269531
1,22.4,7.41325894743204,22.1514701843262
1,22.41,7.41659224731848,22.1693515777588
1,22.42,7.41992554720491,22.1848487854004
1,22.43,7.42325884709135,22.205114364624
1,22.44,7.42659214697778,22.2170352935791
1,22.45,7.42992544686422,22.2384929656982
1,22.46,7.43325874675065,22.2492218017578
1,22.47,7.43659204663709,22.270679473877
1,22.48,7.43992534652352,22.282600402832
1,22.49,7.44325864640996,22.3028659820557
1,22.5,7.44659194629639,22.3135948181152
1,22.51,7.44992524618283,22.3314762115479
1,22.52,7.45325854606926,22.3433971405029
1,22.53,7.4565918459557,22.350549697876
1,22.54,7.45992514584214,22.3648548126221
1,22.55,7.46325844572857,22.3720073699951
1,22.56,7.46659174561501,22.3863124847412
1,22.57,7.46992504550144,22.3934650421143
1,22.58,7.47325834538788,22.4089622497559
1,22.59,7.47659164527431,22.4149227142334
1,22.6,7.47992494516075,22.4316120147705
1,22.61,7.48325824504718,22.4435329437256
1,22.62,7.48659154493362,22.4614143371582
1,22.63,7.48992484482005,22.4733352661133
1,22.64,7.49325814470649,22.4852561950684
1,22.65,7.49659144459292,22.4983692169189
1,22.66,7.49992474447936,22.5174427032471
1,22.67,7.50325804436579,22.5281715393066
1,22.68,7.50659134425223,22.5484371185303
1,22.69,7.50992464413866,22.5627422332764
1,22.7,7.5132579440251,22.578239440918
1,22.71,7.51659124391153,22.5961208343506
1,22.72,7.51992454379797,22.6140022277832
1,22.73,7.52325784368441,22.6271152496338
1,22.74,7.52659114357084,22.6438045501709
1,22.75,7.52992444345728,22.6569175720215
1,22.76,7.53325774334371,22.6771831512451
1,22.77,7.53659104323015,22.6891040802002
1,22.78,7.53992434311658,22.7153301239014
1,22.79,7.54325764300302,22.728443145752
1,22.8,7.54659094288945,22.7415561676025
1,22.81,7.54992424277589,22.7594375610352
1,22.82,7.55325754266232,22.7713584899902
1,22.83,7.55659084254876,22.7856636047363
1,22.84,7.55992414243519,22.7963924407959
1,22.85,7.56325744232163,22.8202342987061
1,22.86,7.56659074220806,22.8261947631836
1,22.87,7.5699240420945,22.8440761566162
1,22.88,7.57325734198094,22.8500366210938
1,22.89,7.57659064186737,22.8714942932129
1,22.9,7.5799239417538,22.881031036377
1,22.91,7.58325724164024,22.8941440582275
1,22.92,7.58659054152668,22.9084491729736
1,22.93,7.58992384141311,22.9203701019287
1,22.94,7.59325714129955,22.9406356811523
1,22.95,7.59659044118598,22.9513645172119
1,22.96,7.59992374107242,22.97043800354
1,22.97,7.60325704095885,22.9835510253906
1,22.98,7.60659034084529,22.9907035827637
1,22.99,7.60992364073172,23.0073928833008
1,23,7.61325694061816,23.0157375335693
1,23.01,7.61659024050459,23.036003112793
1,23.02,7.61992354039103,23.0562686920166
1,23.03,7.62325684027746,23.0646133422852
1,23.04,7.6265901401639,23.0836868286133
1,23.05,7.62992344005033,23.0979919433594
1,23.06,7.63325673993677,23.113489151001
1,23.07,7.63659003982321,23.1242179870605
1,23.08,7.63992333970964,23.1385231018066
1,23.09,7.64325663959607,23.1552124023438
1,23.1,7.64658993948251,23.1671333312988
1,23.11,7.64992323936895,23.188591003418
1,23.12,7.65325653925538,23.2017040252686
1,23.13,7.65658983914182,23.2219696044922
1,23.14,7.65992313902825,23.2315063476563
1,23.15,7.66325643891469,23.2505798339844
1,23.16,7.66658973880112,23.2625007629395
1,23.17,7.66992303868756,23.2791900634766
1,23.18,7.67325633857399,23.2923030853271
1,23.19,7.67658963846043,23.3066082000732
1,23.2,7.67992293834686,23.3173370361328
1,23.21,7.6832562382333,23.3280658721924
1,23.22,7.68658953811973,23.3399868011475
1,23.23,7.68992283800617,23.350715637207
1,23.24,7.6932561378926,23.3650207519531
1,23.25,7.69658943777904,23.3709812164307
1,23.26,7.69992273766547,23.3864784240723
1,23.27,7.70325603755191,23.3960151672363
1,23.28,7.70658933743835,23.4103202819824
1,23.29,7.70992263732478,23.423433303833
1,23.3,7.71325593721122,23.4353542327881
1,23.31,7.71658923709765,23.4520435333252
1,23.32,7.71992253698409,23.4711170196533
1,23.33,7.72325583687052,23.4842300415039
1,23.34,7.72658913675696,23.503303527832
1,23.35,7.72992243664339,23.5164165496826
1,23.36,7.73325573652983,23.5354900360107
1,23.37,7.73658903641626,23.5497951507568
1,23.38,7.7399223363027,23.5641002655029
1,23.39,7.74325563618913,23.5891342163086
1,23.4,7.74658893607557,23.6046314239502
1,23.41,7.749922235962,23.6237049102783
1,23.42,7.75325553584844,23.6344337463379
1,23.43,7.75658883573487,23.6546993255615
1,23.44,7.75992213562131,23.6713886260986
1,23.45,7.76325543550774,23.6845016479492
1,23.46,7.76658873539418,23.7047672271729
1,23.47,7.76992203528062,23.7178802490234
1,23.48,7.77325533516705,23.7321853637695
1,23.49,7.77658863505349,23.7441062927246
1,23.5,7.77992193493992,23.7524509429932
1,23.51,7.78325523482636,23.7619876861572
1,23.52,7.78658853471279,23.7774848937988
1,23.53,7.78992183459923,23.7882137298584
1,23.54,7.79325513448566,23.798942565918
1,23.55,7.7965884343721,23.8120555877686
1,23.56,7.79992173425853,23.8239765167236
1,23.57,7.80325503414497,23.8418579101563
1,23.58,7.8065883340314,23.8573551177979
1,23.59,7.80992163391784,23.878812789917
1,23.6,7.81325493380427,23.8966941833496
1,23.61,7.81658823369071,23.9217281341553
1,23.62,7.81992153357715,23.9467620849609
1,23.63,7.82325483346358,23.9658355712891
1,23.64,7.82658813335002,23.9920616149902
1,23.65,7.82992143323645,24.0111351013184
1,23.66,7.83325473312289,24.036169052124
1,23.67,7.83658803300932,24.0600109100342
1,23.68,7.83992133289576,24.0814685821533
1,23.69,7.84325463278219,24.104118347168
1,23.7,7.84658793266863,24.1208076477051
1,23.71,7.84992123255506,24.1386890411377
1,23.72,7.8532545324415,24.1601467132568
1,23.73,7.85658783232793,24.1720676422119
1,23.74,7.85992113221437,24.1947174072266
1,23.75,7.8632544321008,24.2090225219727
1,23.76,7.86658773198724,24.2257118225098
1,23.77,7.86992103187367,24.2424011230469
1,23.78,7.87325433176011,24.2531299591064
1,23.79,7.87658763164654,24.2733955383301
1,23.8,7.87992093153298,24.2888927459717
1,23.81,7.88325423141941,24.3115425109863
1,23.82,7.88658753130585,24.3294239044189
1,23.83,7.88992083119228,24.3496894836426
1,23.84,7.89325413107872,24.3747234344482
1,23.85,7.89658743096516,24.3937969207764
1,23.86,7.89992073085159,24.4224071502686
1,23.87,7.90325403073803,24.4390964508057
1,23.88,7.90658733062446,24.4665145874023
1,23.89,7.9099206305109,24.4855880737305
1,23.9,7.91325393039733,24.5046615600586
1,23.91,7.91658723028377,24.5273113250732
1,23.92,7.9199205301702,24.5428085327148
1,23.93,7.92325383005664,24.564266204834
1,23.94,7.92658712994307,24.5857238769531
1,23.95,7.92992042982951,24.6131420135498
1,23.96,7.93325372971594,24.6274471282959
1,23.97,7.93658702960238,24.646520614624
1,23.98,7.93992032948881,24.6632099151611
1,23.99,7.94325362937525,24.6846675872803
1,24,7.94658692926169,24.6906280517578
1,24.01,7.94992022914812,24.6977806091309
1,24.02,7.95325352903456,24.7132778167725
1,24.03,7.95658682892099,24.726390838623
1,24.04,7.95992012880743,24.7335433959961
1,24.05,7.96325342869386,24.7454643249512
1,24.06,7.9665867285803,24.7550010681152
1,24.07,7.96992002846673,24.7704982757568
1,24.08,7.97325332835317,24.7824192047119
1,24.09,7.9765866282396,24.796724319458
1,24.1,7.97991992812604,24.8134136199951
1,24.11,7.98325322801247,24.8301029205322
1,24.12,7.98658652789891,24.8408317565918
1,24.13,7.98991982778534,24.8503684997559
1,24.14,7.99325312767178,24.8730182647705
1,24.15,7.99658642755821,24.8837471008301
1,24.16,7.99991972744465,24.9016284942627
1,24.17,8.00325302733108,24.9123573303223
1,24.18,8.00658632721752,24.9242782592773
1,24.19,8.00991962710395,24.94215965271
1,24.2,8.01325292699039,24.9576568603516
1,24.21,8.01658622687683,24.9671936035156
1,24.22,8.01991952676326,24.9791145324707
1,24.23,8.0232528266497,24.9958038330078
1,24.24,8.02658612653613,25.0065326690674
1,24.25,8.02991942642257,25.0184535980225
1,24.26,8.033252726309,25.0232219696045
1,24.27,8.03658602619544,25.0279903411865
1,24.28,8.03991932608187,25.0446796417236
1,24.29,8.04325262596831,25.0554084777832
1,24.3,8.04658592585474,25.0613689422607
1,24.31,8.04991922574118,25.0756740570068
1,24.32,8.05325252562761,25.0792503356934
1,24.33,8.05658582551405,25.0959396362305
1,24.34,8.05991912540048,25.101900100708
1,24.35,8.06325242528692,25.1209735870361
1,24.36,8.06658572517335,25.1305103302002
1,24.37,8.06991902505979,25.1424312591553
1,24.38,8.07325232494623,25.1579284667969
1,24.39,8.07658562483266,25.1626968383789
1,24.4,8.0799189247191,25.181770324707
1,24.41,8.08325222460553,25.1972675323486
1,24.42,8.08658552449197,25.2187252044678
1,24.43,8.0899188243784,25.2282619476318
1,24.44,8.09325212426484,25.2413749694824
1,24.45,8.09658542415127,25.256872177124
1,24.46,8.09991872403771,25.2628326416016
1,24.47,8.10325202392414,25.2807140350342
1,24.48,8.10991862369701,25.2890586853027
1,24.5,8.11325192358345,25.3117084503174
1,24.51,8.11658522346988,25.3200531005859
1,24.52,8.11991852335632,25.331974029541
1,24.53,8.12325182324276,25.3427028656006
1,24.54,8.12991842301562,25.3546237945557
1,24.56,8.13325172290206,25.3701210021973
1,24.57,8.13991832267493,25.3760814666748
1,24.58,8.14325162256137,25.3832340240479
1,24.6,8.1465849224478,25.407075881958
1,24.61,8.14991822233424,25.4154205322266
1,24.62,8.15658482210711,25.4321098327637
1,24.63,8.15991812199354,25.4523754119873
1,24.64,8.16325142187998,25.4690647125244
1,24.65,8.16658472176641,25.4917144775391
1,24.66,8.16991802165285,25.5084037780762
1,24.67,8.17325132153928,25.5239009857178
1,24.68,8.17658462142572,25.5382061004639
1,24.69,8.17991792131215,25.554895401001
1,24.7,8.18325122119859,25.5680084228516
1,24.71,8.18658452108502,25.5882740020752
1,24.72,8.18991782097146,25.5966186523438
1,24.73,8.19325112085789,25.6061553955078
1,24.74,8.19658442074433,25.6264209747314
1,24.75,8.19991772063077,25.6443023681641
1,24.76,8.2032510205172,25.6621837615967
1,24.77,8.20658432040364,25.6764888763428
1,24.78,8.20991762029007,25.6955623626709
1,24.79,8.21325092017651,25.7158279418945
1,24.8,8.21658422006294,25.7384777069092
1,24.81,8.21991751994938,25.7515907287598
1,24.82,8.22325081983581,25.7730484008789
1,24.83,8.22658411972225,25.794506072998
1,24.84,8.22991741960868,25.8147716522217
1,24.85,8.23325071949512,25.8362293243408
1,24.86,8.23658401938155,25.8481502532959
1,24.87,8.23991731926799,25.8755683898926
1,24.88,8.24325061915443,25.8970260620117
1,24.89,8.24658391904086,25.9149074554443
1,24.9,8.24991721892729,25.935173034668
1,24.91,8.25325051881373,25.9530544281006
1,24.92,8.25658381870016,25.9709358215332
1,24.93,8.2599171185866,25.9828567504883
1,24.94,8.26325041847304,26.0007381439209
1,24.95,8.26658371835947,26.0269641876221
1,24.96,8.26991701824591,26.0388851165771
1,24.97,8.27325031813234,26.0639190673828
1,24.98,8.27658361801878,26.0746479034424
1,24.99,8.27991691790521,26.1044502258301
1,25,8.28325021779165,26.1187553405762
1,25.01,8.28658351767808,26.1402130126953
1,25.02,8.28991681756452,26.1557102203369
1,25.03,8.29325011745095,26.1712074279785
1,25.04,8.29658341733739,26.1926651000977
1,25.05,8.29991671722382,26.2057781219482
1,25.06,8.30325001711026,26.2200832366943
1,25.07,8.30658331699669,26.240348815918
1,25.08,8.30991661688313,26.252269744873
1,25.09,8.31324991676956,26.2653827667236
1,25.1,8.316583216656,26.2808799743652
1,25.11,8.31991651654244,26.2928009033203
1,25.12,8.32324981642887,26.3059139251709
1,25.13,8.32658311631531,26.3190269470215
1,25.14,8.32991641620174,26.3285636901855
1,25.15,8.33324971608818,26.3476371765137
1,25.16,8.33658301597461,26.3619422912598
1,25.17,8.33991631586105,26.3762474060059
1,25.18,8.34324961574748,26.3845920562744
1,25.19,8.34658291563392,26.402473449707
1,25.2,8.34991621552035,26.4155864715576
1,25.21,8.35324951540679,26.4286994934082
1,25.22,8.35658281529322,26.4453887939453
1,25.23,8.35991611517966,26.4549255371094
1,25.24,8.36324941506609,26.4692306518555
1,25.25,8.36658271495253,26.4716148376465
1,25.26,8.36991601483897,26.4847278594971
1,25.27,8.3732493147254,26.479959487915
1,25.28,8.37658261461183,26.4930725097656
1,25.29,8.37991591449827,26.4930725097656
1,25.3,8.3832492143847,26.4942646026611
1,25.31,8.38658251427114,26.5073776245117
1,25.32,8.38991581415758,26.5097618103027
1,25.33,8.39324911404401,26.5228748321533
1,25.34,8.39658241393045,26.5300273895264
1,25.35,8.39991571381688,26.5419483184814
1,25.36,8.40324901370332,26.5610218048096
1,25.37,8.40658231358975,26.5824794769287
1,25.38,8.40991561347619,26.6039371490479
1,25.39,8.41324891336262,26.6146659851074
1,25.4,8.41658221324906,26.6385078430176
1,25.41,8.41991551313549,26.6623497009277
1,25.42,8.42324881302193,26.6849994659424
1,25.43,8.42658211290836,26.7064571380615
1,25.44,8.4299154127948,26.7243385314941
1,25.45,8.43324871268123,26.7434120178223
1,25.46,8.43658201256767,26.7684459686279
1,25.47,8.4399153124541,26.7839431762695
1,25.48,8.44324861234054,26.8137454986572
1,25.49,8.44658191222698,26.8328189849854
1,25.5,8.44991521211341,26.850700378418
1,25.51,8.45324851199985,26.8709659576416
1,25.52,8.45658181188628,26.8876552581787
1,25.53,8.45991511177272,26.9067287445068
1,25.54,8.46324841165915,26.928186416626
1,25.55,8.46658171154559,26.9412994384766
1,25.56,8.46991501143202,26.9675254821777
1,25.57,8.47324831131846,26.9818305969238
1,25.58,8.47658161120489,27.0092487335205
1,25.59,8.47991491109133,27.0259380340576
1,25.6,8.48324821097776,27.0509719848633
1,25.61,8.4865815108642,27.0688533782959
1,25.62,8.48991481075064,27.0926952362061
1,25.63,8.49324811063707,27.1081924438477
1,25.64,8.4965814105235,27.1213054656982
1,25.65,8.49991471040994,27.1403789520264
1,25.66,8.50324801029637,27.155876159668
1,25.67,8.50658131018281,27.1773338317871
1,25.68,8.50991461006925,27.1880626678467
1,25.69,8.51324790995568,27.2083282470703
1,25.7,8.51658120984212,27.2214412689209
1,25.71,8.51991450972855,27.240514755249
1,25.72,8.52324780961499,27.2548198699951
1,25.73,8.52658110950142,27.2691249847412
1,25.74,8.52991440938786,27.2810459136963
1,25.75,8.53324770927429,27.2929668426514
1,25.76,8.53658100916073,27.306079864502
1,25.77,8.53991430904716,27.315616607666
1,25.78,8.5432476089336,27.3346900939941
1,25.79,8.54658090882003,27.3454189300537
1,25.8,8.54991420870647,27.3668766021729
1,25.81,8.5532475085929,27.3752212524414
1,25.82,8.55658080847934,27.4014472961426
1,25.83,8.55991410836577,27.4145603179932
1,25.84,8.56324740825221,27.4372100830078
1,25.85,8.56658070813865,27.4538993835449
1,25.86,8.56991400802508,27.4741649627686
1,25.87,8.57324730791152,27.4896621704102
1,25.88,8.57658060779795,27.5123119354248
1,25.89,8.57991390768439,27.5242328643799
1,25.9,8.58324720757082,27.5468826293945
1,25.91,8.58658050745726,27.5588035583496
1,25.92,8.58991380734369,27.5838375091553
1,25.93,8.59324710723013,27.5969505310059
1,25.94,8.59658040711656,27.6124477386475
1,25.95,8.599913707003,27.6291370391846
1,25.96,8.60324700688943,27.6410579681396
1,25.97,8.60658030677587,27.6505947113037
1,25.98,8.6099136066623,27.6672840118408
1,25.99,8.61324690654874,27.6792049407959
1,26,8.61658020643518,27.6863574981689
1,26.01,8.61991350632161,27.7054309844971
1,26.02,8.62324680620804,27.7197360992432
1,26.03,8.62658010609448,27.7352333068848
1,26.04,8.62991340598091,27.7566909790039
1,26.05,8.63324670586735,27.773380279541
1,26.06,8.63658000575379,27.7948379516602
1,26.07,8.63991330564022,27.8151035308838
1,26.08,8.64324660552666,27.8377532958984
1,26.09,8.64657990541309,27.8544425964355
1,26.1,8.64991320529953,27.8711318969727
1,26.11,8.65324650518596,27.8902053833008
1,26.12,8.6565798050724,27.9068946838379
1,26.13,8.65991310495883,27.928352355957
1,26.14,8.66324640484527,27.9355049133301
1,26.15,8.6665797047317,27.9593467712402
1,26.16,8.66991300461814,27.9724597930908
1,26.17,8.67324630450457,27.996301651001
1,26.18,8.67657960439101,28.005838394165
1,26.19,8.67991290427744,28.0320644378662
1,26.2,8.68324620416388,28.0451774597168
1,26.21,8.68657950405031,28.0642509460449
1,26.22,8.68991280393675,28.078556060791
1,26.23,8.69324610382319,28.0940532684326
1,26.24,8.69657940370962,28.1095504760742
1,26.25,8.69991270359606,28.1214714050293
1,26.26,8.70324600348249,28.1453132629395
1,26.27,8.70657930336893,28.1572341918945
1,26.28,8.70991260325536,28.1763076782227
1,26.29,8.7132459031418,28.1989574432373
1,26.3,8.71657920302823,28.2168388366699
1,26.31,8.71991250291467,28.2251834869385
1,26.32,8.7232458028011,28.2382965087891
1,26.33,8.72657910268754,28.2609462738037
1,26.34,8.72991240257397,28.2764434814453
1,26.35,8.73324570246041,28.2919406890869
1,26.36,8.73657900234685,28.3026695251465
1,26.37,8.73991230223328,28.3217430114746
1,26.38,8.74324560211971,28.3336639404297
1,26.39,8.74657890200615,28.3420085906982
1,26.4,8.74991220189258,28.3575057983398
1,26.41,8.75324550177902,28.3658504486084
1,26.42,8.75657880166546,28.3753871917725
1,26.43,8.75991210155189,28.388500213623
1,26.44,8.76324540143833,28.4016132354736
1,26.45,8.76657870132476,28.4159183502197
1,26.46,8.7699120012112,28.4409523010254
1,26.47,8.77324530109763,28.454065322876
1,26.48,8.77657860098407,28.4790992736816
1,26.49,8.7799119008705,28.4981727600098
1,26.5,8.78324520075694,28.5184383392334
1,26.51,8.78657850064337,28.5422801971436
1,26.52,8.78991180052981,28.5649299621582
1,26.53,8.79324510041624,28.5899639129639
1,26.54,8.79657840030268,28.611421585083
1,26.55,8.79991170018911,28.6424160003662
1,26.56,8.80324500007555,28.6638736724854
1,26.57,8.80657829996198,28.6853313446045
1,26.58,8.80991159984842,28.7079811096191
1,26.59,8.81324489973486,28.7306308746338
1,26.6,8.81657819962129,28.7473201751709
1,26.61,8.81991149950773,28.764009475708
1,26.62,8.82324479939416,28.7842750549316
1,26.63,8.8265780992806,28.8021564483643
1,26.64,8.82991139916703,28.8116931915283
1,26.65,8.83324469905347,28.8259983062744
1,26.66,8.8365779989399,28.836727142334
1,26.67,8.83991129882634,28.8534164428711
1,26.68,8.84324459871277,28.8629531860352
1,26.69,8.84657789859921,28.8736820220947
1,26.7,8.84991119848564,28.8856029510498
1,26.71,8.85324449837208,28.8999080657959
1,26.72,8.85657779825851,28.9177894592285
1,26.73,8.85991109814495,28.9332866668701
1,26.74,8.86324439803139,28.9499759674072
1,26.75,8.86657769791782,28.9678573608398
1,26.76,8.86991099780425,28.9821624755859
1,26.77,8.87324429769069,29.0107727050781
1,26.78,8.87657759757712,29.0250778198242
1,26.79,8.87991089746356,29.0465354919434
1,26.8,8.88324419735,29.0679931640625
1,26.81,8.88657749723643,29.0870666503906
1,26.82,8.88991079712287,29.1097164154053
1,26.83,8.8932440970093,29.1264057159424
1,26.84,8.89657739689574,29.1454792022705
1,26.85,8.89991069678217,29.1609764099121
1,26.86,8.90324399666861,29.1883945465088
1,26.87,8.90657729655504,29.1907787322998
1,26.88,8.90991059644148,29.2086601257324
1,26.89,8.91324389632791,29.2253494262695
1,26.9,8.91657719621435,29.2491912841797
1,26.91,8.91991049610078,29.2646884918213
1,26.92,8.92324379598722,29.2837619781494
1,26.93,8.92657709587365,29.3004512786865
1,26.94,8.92991039576009,29.3242931365967
1,26.95,8.93324369564652,29.3445587158203
1,26.96,8.93657699553296,29.3684005737305
1,26.97,8.9399102954194,29.3838977813721
1,26.98,8.94324359530583,29.4089317321777
1,26.99,8.94657689519227,29.4387340545654
1,27,8.9499101950787,29.4625759124756
1,27.01,8.95324349496514,29.4828414916992
1,27.02,8.95657679485157,29.5138359069824
1,27.03,8.95991009473801,29.5352935791016
1,27.04,8.96324339462444,29.5567512512207
1,27.05,8.96657669451088,29.5877456665039
1,27.06,8.96990999439731,29.599666595459
1,27.07,8.97324329428375,29.6282768249512
1,27.08,8.97657659417018,29.6545028686523
1,27.09,8.97990989405662,29.6711921691895
1,27.1,8.98324319394306,29.6854972839355
1,27.11,8.98657649382949,29.6974182128906
1,27.12,8.98990979371592,29.7093391418457
1,27.13,8.99324309360236,29.7236442565918
1,27.14,8.99657639348879,29.7355651855469
1,27.15,8.99990969337523,29.7427177429199
1,27.16,9.00324299326167,29.749870300293
1,27.17,9.0065762931481,29.7665596008301
1,27.18,9.00990959303454,29.7713279724121
1,27.19,9.01324289292097,29.7951698303223
1,27.2,9.01657619280741,29.7927856445313
1,27.21,9.01990949269384,29.8166275024414
1,27.22,9.02324279258028,29.8213958740234
1,27.23,9.02657609246671,29.8357009887695
1,27.24,9.02990939235315,29.8476219177246
1,27.25,9.03324269223958,29.8714637756348
1,27.26,9.03657599212602,29.8810005187988
1,27.27,9.03990929201245,29.904842376709
1,27.28,9.04324259189889,29.9239158630371
1,27.29,9.04657589178532,29.9334526062012
1,27.3,9.04990919167176,29.9596786499023
1,27.31,9.05324249155819,29.9787521362305
1,27.32,9.05657579144463,30.0097465515137
1,27.33,9.05990909133107,30.0192832946777
1,27.34,9.0632423912175,30.0383567810059
1,27.35,9.06657569110394,30.062198638916
1,27.36,9.06990899099037,30.0836563110352
1,27.37,9.07324229087681,30.1027297973633
1,27.38,9.07657559076324,30.1098823547363
1,27.39,9.07990889064968,30.1337242126465
1,27.4,9.08324219053611,30.1504135131836
1,27.41,9.08657549042255,30.1766395568848
1,27.42,9.08990879030898,30.1909446716309
1,27.43,9.09324209019542,30.1980972290039
1,27.44,9.09657539008185,30.2267074584961
1,27.45,9.09990868996829,30.2529335021973
1,27.46,9.10324198985472,30.2743911743164
1,27.47,9.10657528974116,30.2839279174805
1,27.48,9.1099085896276,30.3030014038086
1,27.49,9.11324188951403,30.3268432617188
1,27.5,9.11657518940046,30.3435325622559
1,27.51,9.1199084892869,30.369758605957
1,27.52,9.12324178917333,30.3792953491211
1,27.53,9.12657508905977,30.3912162780762
1,27.54,9.12990838894621,30.4150581359863
1,27.55,9.13324168883264,30.4269790649414
1,27.56,9.13657498871908,30.4460525512695
1,27.57,9.13990828860551,30.4627418518066
1,27.58,9.14324158849195,30.4913520812988
1,27.59,9.14657488837838,30.5008888244629
1,27.6,9.14990818826482,30.5080413818359
1,27.61,9.15324148815125,30.524730682373
1,27.62,9.15657478803769,30.5509567260742
1,27.63,9.15990808792412,30.5628776550293
1,27.64,9.16324138781056,30.5867195129395
1,27.65,9.16657468769699,30.5843353271484
1,27.66,9.16990798758343,30.6105613708496
1,27.67,9.17324128746986,30.6057929992676
1,27.68,9.1765745873563,30.6200981140137
1,27.69,9.17990788724273,30.6272506713867
1,27.7,9.18324118712917,30.6367874145508
1,27.71,9.18657448701561,30.6272506713867
1,27.72,9.18990778690204,30.6391716003418
1,27.73,9.19324108678848,30.6439399719238
1,27.74,9.19657438667491,30.6415557861328
1,27.75,9.19990768656135,30.6534767150879
1,27.76,9.20324098644778,30.6558609008789
1,27.77,9.20657428633422,30.663013458252
1,27.78,9.20990758622065,30.672550201416
1,27.79,9.21324088610709,30.6916236877441
1,27.8,9.21657418599352,30.7011604309082
1,27.81,9.21990748587996,30.7226181030273
1,27.82,9.22324078576639,30.7369232177734
1,27.83,9.22657408565283,30.7655334472656
1,27.84,9.22990738553927,30.7655334472656
1,27.85,9.2332406854257,30.8060646057129
1,27.86,9.23657398531213,30.815601348877
1,27.87,9.23990728519857,30.8394432067871
1,27.88,9.243240585085,30.8585166931152
1,27.89,9.24657388497144,30.8752059936523
1,27.9,9.24990718485788,30.9014320373535
1,27.91,9.25324048474431,30.9181213378906
1,27.92,9.25657378463075,30.9586524963379
1,27.93,9.25990708451718,30.972957611084
1,27.94,9.26324038440362,31.0158729553223
1,27.95,9.26657368429005,31.0254096984863
1,27.96,9.26990698417649,31.0611724853516
1,27.97,9.27324028406292,31.0802459716797
1,27.98,9.27657358394936,31.1088562011719
1,27.99,9.27990688383579,31.130313873291
1,28,9.28657348360866,31.1541557312012
1,28.01,9.2899067834951,31.1660766601563
1,28.03,9.29324008338153,31.1994552612305
1,28.04,9.29657338326797,31.2185287475586
1,28.05,9.2999066831544,31.2423706054688
1,28.06,9.30657328292728,31.2542915344238
1,28.07,9.30990658281371,31.2638282775879
1,28.09,9.31323988270015,31.3138961791992
1,28.1,9.31990648247302,31.3186645507813
1,28.11,9.32323978235945,31.3520431518555
1,28.12,9.32657308224589,31.3591957092285
1,28.13,9.32990638213232,31.3854217529297
1,28.14,9.33323968201876,31.4044952392578
1,28.15,9.33657298190519,31.440258026123
1,28.16,9.33990628179163,31.4450263977051
1,28.17,9.34323958167806,31.4784049987793
1,28.18,9.3465728815645,31.4974784851074
1,28.19,9.34990618145093,31.5356254577637
1,28.2,9.35323948133737,31.5332412719727
1,28.21,9.35657278122381,31.5594673156738
1,28.22,9.35990608111024,31.5690040588379
1,28.23,9.36323938099667,31.592845916748
1,28.24,9.36657268088311,31.6095352172852
1,28.25,9.36990598076954,31.6286087036133
1,28.26,9.37323928065598,31.6357612609863
1,28.27,9.37657258054242,31.6429138183594
1,28.28,9.37990588042885,31.6691398620605
1,28.29,9.38323918031529,31.6834449768066
1,28.3,9.38657248020172,31.6929817199707
1,28.31,9.38990578008816,31.7192077636719
1,28.32,9.39323907997459,31.733512878418
1,28.33,9.39657237986103,31.7525863647461
1,28.34,9.39990567974746,31.7740440368652
1,28.35,9.4032389796339,31.7978858947754
1,28.36,9.40657227952033,31.8241119384766
1,28.37,9.40990557940677,31.8336486816406
1,28.38,9.4132388792932,31.8598747253418
1,28.39,9.41657217917964,31.8717956542969
1,28.4,9.41990547906607,31.9027900695801
1,28.41,9.42323877895251,31.9266319274902
1,28.42,9.42657207883894,31.9457054138184
1,28.43,9.42990537872538,31.9576263427734
1,28.44,9.43323867861182,31.9862365722656
1,28.45,9.43657197849825,31.9981575012207
1,28.46,9.43990527838469,32.0196151733398
1,28.47,9.44323857827112,32.0291519165039
1,28.48,9.44657187815756,32.0529937744141
1,28.49,9.44990517804399,32.0625305175781
1,28.5,9.45323847793043,32.0863723754883
1,28.51,9.45657177781686,32.0982933044434
1,28.52,9.4599050777033,32.1221351623535
1,28.53,9.46323837758973,32.1459770202637
1,28.54,9.46657167747617,32.1698188781738
1,28.55,9.4699049773626,32.188892364502
1,28.56,9.47323827724904,32.2055816650391
1,28.57,9.47657157713548,32.2341918945313
1,28.58,9.47990487702191,32.2389602661133
1,28.59,9.48323817690834,32.2723388671875
1,28.6,9.48657147679478,32.2914123535156
1,28.61,9.48990477668121,32.3128700256348
1,28.62,9.49323807656765,32.3224067687988
1,28.63,9.49657137645409,32.351016998291
1,28.64,9.49990467634052,32.3581695556641
1,28.65,9.50323797622696,32.3843955993652
1,28.66,9.50657127611339,32.3939323425293
1,28.67,9.50990457599983,32.4201583862305
1,28.68,9.51323787588626,32.4416160583496
1,28.69,9.5165711757727,32.4535369873047
1,28.7,9.51990447565913,32.4702262878418
1,28.71,9.52323777554557,32.4892997741699
1,28.72,9.526571075432,32.503604888916
1,28.73,9.52990437531844,32.5298309326172
1,28.74,9.53323767520487,32.5441360473633
1,28.75,9.53657097509131,32.5703620910645
1,28.76,9.53990427497774,32.5846672058105
1,28.77,9.54323757486418,32.6180458068848
1,28.78,9.54657087475061,32.6347351074219
1,28.79,9.54990417463705,32.6323509216309
1,28.8,9.55323747452349,32.6633453369141
1,28.81,9.55657077440992,32.6704978942871
1,28.82,9.55990407429636,32.6871871948242
1,28.83,9.56323737418279,32.7014923095703
1,28.84,9.56657067406923,32.7014923095703
1,28.85,9.56990397395566,32.7205657958984
1,28.86,9.5732372738421,32.7301025390625
1,28.87,9.57657057372853,32.7491760253906
1,28.88,9.57990387361497,32.7563285827637
1,28.89,9.5832371735014,32.7706336975098
1,28.9,9.58657047338784,32.804012298584
1,28.91,9.58990377327427,32.813549041748
1,28.92,9.59323707316071,32.8326225280762
1,28.93,9.59657037304714,32.8683853149414
1,28.94,9.59990367293358,32.8779220581055
1,28.95,9.60323697282002,32.9136848449707
1,28.96,9.60657027270645,32.9256057739258
1,28.97,9.60990357259288,32.963752746582
1,28.98,9.61323687247932,32.9709053039551
1,28.99,9.61657017236575,33.0090522766113
1,29,9.61990347225219,33.0328941345215
1,29.01,9.62323677213863,33.0424308776855
1,29.02,9.62657007202506,33.0734252929688
1,29.03,9.6299033719115,33.0781936645508
1,29.04,9.63323667179793,33.1020355224609
1,29.05,9.63656997168437,33.118724822998
1,29.06,9.6399032715708,33.1354141235352
1,29.07,9.64323657145724,33.1497192382813
1,29.08,9.64656987134367,33.1640243530273
1,29.09,9.64990317123011,33.1997871398926
1,29.1,9.65323647111654,33.2021713256836
1,29.11,9.65656977100298,33.2117080688477
1,29.12,9.65990307088941,33.2331657409668
1,29.13,9.66323637077585,33.2474708557129
1,29.14,9.66656967066228,33.259391784668
1,29.15,9.66990297054872,33.261775970459
1,29.16,9.67323627043515,33.2975387573242
1,29.17,9.67656957032159,33.3070755004883
1,29.18,9.67990287020803,33.3285331726074
1,29.19,9.68323617009446,33.3523750305176
1,29.2,9.6865694699809,33.3571434020996
1,29.21,9.68990276986733,33.3809852600098
1,29.22,9.69323606975377,33.3905220031738
1,29.23,9.6965693696402,33.409595489502
1,29.24,9.69990266952664,33.421516418457
1,29.25,9.70323596941307,33.4453582763672
1,29.26,9.70656926929951,33.4525108337402
1,29.27,9.70990256918594,33.4811210632324
1,29.28,9.71323586907238,33.5025787353516
1,29.29,9.71656916895881,33.5049629211426
1,29.3,9.71990246884525,33.5407257080078
1,29.31,9.72323576873169,33.5550308227539
1,29.32,9.72656906861812,33.5836410522461
1,29.33,9.72990236850456,33.6050987243652
1,29.34,9.73323566839099,33.6456298828125
1,29.35,9.73656896827742,33.6718559265137
1,29.36,9.73990226816386,33.7052345275879
1,29.37,9.7432355680503,33.729076385498
1,29.38,9.74656886793673,33.7553024291992
1,29.39,9.74990216782317,33.7862968444824
1,29.4,9.7532354677096,33.8101387023926
1,29.41,9.75656876759604,33.8482856750488
1,29.42,9.75990206748247,33.8649749755859
1,29.43,9.76323536736891,33.9007377624512
1,29.44,9.76656866725534,33.9269638061523
1,29.45,9.76990196714178,33.9388847351074
1,29.46,9.77323526702821,33.9627265930176
1,29.47,9.77656856691465,33.9865684509277
1,29.48,9.77990186680108,34.0104103088379
1,29.49,9.78323516668752,34.034252166748
1,29.5,9.78656846657395,34.0437889099121
1,29.51,9.78990176646039,34.0771675109863
1,29.52,9.79323506634682,34.0938568115234
1,29.53,9.79656836623326,34.1176986694336
1,29.54,9.7999016661197,34.1343879699707
1,29.55,9.80323496600613,34.1653823852539
1,29.56,9.80656826589257,34.186840057373
1,29.57,9.809901565779,34.1987609863281
1,29.58,9.81323486566544,34.2321395874023
1,29.59,9.81656816555187,34.2512130737305
1,29.6,9.81990146543831,34.2869758605957
1,29.61,9.82323476532474,34.3060493469238
1,29.62,9.82656806521118,34.329891204834
1,29.63,9.82990136509761,34.3465805053711
1,29.64,9.83323466498405,34.3799591064453
1,29.65,9.83656796487048,34.3942642211914
1,29.66,9.83990126475692,34.4157218933105
1,29.67,9.84323456464335,34.4252586364746
1,29.68,9.84656786452979,34.4491004943848
1,29.69,9.84990116441623,34.4705581665039
1,29.7,9.85323446430266,34.4729423522949
1,29.71,9.85656776418909,34.489631652832
1,29.72,9.85990106407553,34.5087051391602
1,29.73,9.86323436396196,34.5134735107422
1,29.74,9.8665676638484,34.5325469970703
1,29.75,9.86990096373484,34.5325469970703
1,29.76,9.87323426362127,34.5420837402344
1,29.77,9.87656756350771,34.5492362976074
1,29.78,9.87990086339414,34.5492362976074
1,29.79,9.88323416328058,34.5563888549805
1,29.8,9.88656746316701,34.5611572265625
1,29.81,9.88990076305345,34.5587730407715
1,29.82,9.89323406293988,34.5611572265625
1,29.83,9.89656736282632,34.5683097839355
1,29.84,9.89990066271275,34.5635414123535
1,29.85,9.90323396259919,34.5730781555176
1,29.86,9.90656726248562,34.5706939697266
1,29.87,9.90990056237206,34.5849990844727
1,29.88,9.91323386225849,34.5873832702637
1,29.89,9.91656716214493,34.5969200134277
1,29.9,9.91990046203136,34.6112251281738
1,29.91,9.9232337619178,34.6207618713379
1,29.92,9.92656706180424,34.632682800293
1,29.93,9.92990036169067,34.639835357666
1,29.94,9.93323366157711,34.6636772155762
1,29.95,9.93656696146354,34.6708297729492
1,29.96,9.93990026134998,34.6994400024414
1,29.97,9.94323356123641,34.7113609313965
1,29.98,9.94656686112285,34.7304344177246
1,29.99,9.94990016100928,34.7638130187988
1,30,9.95323346089572,34.794807434082
1,30.01,9.95656676078215,34.8091125488281
1,30.02,9.95990006066859,34.8377227783203
1,30.03,9.96323336055502,34.8663330078125
1,30.04,9.96656666044146,34.8901748657227
1,30.05,9.9698999603279,34.9235534667969
1,30.06,9.97323326021433,34.940242767334
1,30.07,9.97656656010077,34.9712371826172
1,30.08,9.9798998599872,34.9974632263184
1,30.09,9.98323315987363,35.0236892700195
1,30.1,9.98656645976007,35.0570678710938
1,30.11,9.98989975964651,35.0809097290039
1,30.12,9.99323305953294,35.099983215332
1,30.13,9.99656635941938,35.1190567016602
1,30.14,9.99989965930581,35.1381301879883
1,30.15,10.0032329591922,35.1643562316895
1,30.16,10.0065662590787,35.1810455322266
1,30.17,10.0098995589651,35.2025032043457
1,30.18,10.0132328588516,35.2096557617188
1,30.19,10.016566158738,35.2191925048828
1,30.2,10.0198994586244,35.2334976196289
1,30.21,10.0232327585109,35.240650177002
1,30.22,10.0265660583973,35.2692604064941
1,30.23,10.0298993582837,35.2787971496582
1,30.24,10.0332326581702,35.3026390075684
1,30.25,10.0365659580566,35.3240966796875
1,30.26,10.039899257943,35.3431701660156
1,30.27,10.0432325578295,35.3670120239258
1,30.28,10.0465658577159,35.3908538818359
1,30.29,10.0498991576023,35.4146957397461
1,30.3,10.0532324574888,35.4337692260742
1,30.31,10.0565657573752,35.4480743408203
1,30.32,10.0598990572616,35.4814529418945
1,30.33,10.0632323571481,35.5076789855957
1,30.34,10.0665656570345,35.5291366577148
1,30.35,10.069898956921,35.5434417724609
1,30.36,10.0732322568074,35.5792045593262
1,30.37,10.0765655566938,35.6054306030273
1,30.38,10.0798988565803,35.6197357177734
1,30.39,10.0832321564667,35.6435775756836
1,30.4,10.0865654563531,35.6745719909668
1,30.41,10.0898987562396,35.6793403625488
1,30.42,10.093232056126,35.703182220459
1,30.43,10.0965653560124,35.710334777832
1,30.44,10.0998986558989,35.7270240783691
1,30.45,10.1032319557853,35.7460975646973
1,30.46,10.1065652556717,35.7556343078613
1,30.47,10.1098985555582,35.7651710510254
1,30.48,10.1132318554446,35.7770919799805
1,30.49,10.116565155331,35.7961654663086
1,30.5,10.1198984552175,35.8033180236816
1,30.51,10.1232317551039,35.8271598815918
1,30.52,10.1265650549904,35.8414649963379
1,30.53,10.1298983548768,35.8676910400391
1,30.54,10.1332316547632,35.8819961547852
1,30.55,10.1365649546497,35.9106063842773
1,30.56,10.1398982545361,35.9225273132324
1,30.57,10.1432315544225,35.9535217285156
1,30.58,10.146564854309,35.9630584716797
1,30.59,10.1498981541954,35.9869003295898
1,30.6,10.1532314540818,36.008358001709
1,30.61,10.1565647539683,36.0417366027832
1,30.62,10.1598980538547,36.0631942749023
1,30.63,10.1632313537411,36.0798835754395
1,30.64,10.1665646536276,36.1037254333496
1,30.65,10.169897953514,36.1180305480957
1,30.66,10.1732312534004,36.1442565917969
1,30.67,10.1765645532869,36.1466407775879
1,30.68,10.1798978531733,36.1776351928711
1,30.69,10.1832311530598,36.1967086791992
1,30.7,10.1865644529462,36.2062454223633
1,30.71,10.1898977528326,36.2277030944824
1,30.72,10.1932310527191,36.2324714660645
1,30.73,10.1965643526055,36.2491607666016
1,30.74,10.1998976524919,36.2634658813477
1,30.75,10.2032309523784,36.2777709960938
1,30.76,10.2065642522648,36.2825393676758
1,30.77,10.2098975521512,36.2992286682129
1,30.78,10.2132308520377,36.31591796875
1,30.79,10.2165641519241,36.3326072692871
1,30.8,10.2198974518105,36.3540649414063
1,30.81,10.223230751697,36.3731384277344
1,30.82,10.2265640515834,36.3874435424805
1,30.83,10.2298973514698,36.4065170288086
1,30.84,10.2332306513563,36.4112854003906
1,30.85,10.2365639512427,36.4470481872559
1,30.86,10.2398972511292,36.463737487793
1,30.87,10.2432305510156,36.4851951599121
1,30.88,10.246563850902,36.5066528320313
1,30.89,10.2498971507885,36.5304946899414
1,30.9,10.2532304506749,36.5376472473145
1,30.91,10.2565637505613,36.5614891052246
1,30.92,10.2598970504478,36.5757942199707
1,30.93,10.2632303503342,36.5877151489258
1,30.94,10.2665636502206,36.6044044494629
1,30.95,10.2698969501071,36.613941192627
1,30.96,10.2732302499935,36.6330146789551
1,30.97,10.2765635498799,36.6449356079102
1,30.98,10.2798968497664,36.6711616516113
1,30.99,10.2832301496528,36.6806983947754
1,31,10.2865634495392,36.6973876953125
1,31.01,10.2898967494257,36.7259979248047
1,31.02,10.2932300493121,36.7355346679688
1,31.03,10.2965633491986,36.768913269043
1,31.04,10.299896649085,36.7975234985352
1,31.05,10.3032299489714,36.8189811706543
1,31.06,10.3065632488579,36.8404388427734
1,31.07,10.3098965487443,36.8738174438477
1,31.08,10.3132298486307,36.8905067443848
1,31.09,10.3165631485172,36.923885345459
1,31.1,10.3198964484036,36.9405746459961
1,31.11,10.32322974829,36.9596481323242
1,31.12,10.3265630481765,36.9954109191895
1,31.13,10.3298963480629,37.0144844055176
1,31.14,10.3332296479493,37.0335578918457
1,31.15,10.3365629478358,37.0621681213379
1,31.16,10.3398962477222,37.083625793457
1,31.17,10.3432295476086,37.1003150939941
1,31.18,10.3465628474951,37.1217727661133
1,31.19,10.3498961473815,37.1313095092773
1,31.2,10.3532294472679,37.1479988098145
1,31.21,10.3565627471544,37.1646881103516
1,31.22,10.3598960470408,37.1718406677246
1,31.23,10.3632293469273,37.1932983398438
1,31.24,10.3665626468137,37.1861457824707
1,31.25,10.3698959467001,37.2123718261719
1,31.26,10.3732292465866,37.229061126709
1,31.27,10.376562546473,37.2409820556641
1,31.28,10.3798958463594,37.2481346130371
1,31.29,10.3832291462459,37.2481346130371
1,31.3,10.3865624461323,37.2552871704102
1,31.31,10.3898957460187,37.2648239135742
1,31.32,10.3932290459052,37.2695922851563
1,31.33,10.3965623457916,37.2791290283203
1,31.34,10.399895645678,37.2791290283203
1,31.35,10.4032289455645,37.2934341430664
1,31.36,10.4065622454509,37.2982025146484
1,31.37,10.4098955453373,37.3125076293945
1,31.38,10.4132288452238,37.3053550720215
1,31.39,10.4165621451102,37.3268127441406
1,31.4,10.4198954449967,37.3435020446777
1,31.41,10.4232287448831,37.3530387878418
1,31.42,10.4265620447695,37.3649597167969
1,31.43,10.429895344656,37.376880645752
1,31.44,10.4332286445424,37.4102592468262
1,31.45,10.4365619444288,37.4126434326172
1,31.46,10.4398952443153,37.4436378479004
1,31.47,10.4432285442017,37.4555587768555
1,31.48,10.4465618440881,37.4746322631836
1,31.49,10.4498951439746,37.5008583068848
1,31.5,10.453228443861,37.5247001647949
1,31.51,10.4565617437474,37.5580787658691
1,31.52,10.4598950436339,37.5604629516602
1,31.53,10.4632283435203,37.5938415527344
1,31.54,10.4665616434067,37.6009941101074
1,31.55,10.4698949432932,37.6272201538086
1,31.56,10.4732282431796,37.6462936401367
1,31.57,10.4765615430661,37.6629829406738
1,31.58,10.4798948429525,37.6772880554199
1,31.59,10.4832281428389,37.7035140991211
1,31.6,10.4865614427254,37.7202033996582
1,31.61,10.4898947426118,37.7321243286133
1,31.62,10.4932280424982,37.7583503723145
1,31.63,10.4965613423847,37.7702713012695
1,31.64,10.4998946422711,37.7869606018066
1,31.65,10.506561242044,37.8084182739258
1,31.66,10.5098945419304,37.8251075744629
1,31.68,10.5132278418168,37.8537178039551
1,31.69,10.5165611417033,37.8870964050293
1,31.7,10.5198944415897,37.9061698913574
1,31.71,10.5232277414761,37.9371643066406
1,31.72,10.529894341249,37.9490852355957
1,31.74,10.5332276411355,38.0158424377441
1,31.75,10.5398942409083,38.0396842956543
1,31.76,10.5432275407948,38.0825996398926
1,31.78,10.5465608406812,38.1374359130859
1,31.79,10.5498941405676,38.1708145141602
1,31.8,10.5565607403405,38.1922721862793
1,31.81,10.5598940402269,38.2208824157715
1,31.82,10.5632273401134,38.2471084594727
1,31.83,10.5665606399998,38.2781028747559
1,31.84,10.5698939398862,38.294792175293
1,31.85,10.5732272397727,38.3210182189941
1,31.86,10.5765605396591,38.3377075195313
1,31.87,10.5798938395455,38.3615493774414
1,31.88,10.583227139432,38.3782386779785
1,31.89,10.5865604393184,38.3949279785156
1,31.9,10.5898937392049,38.4187698364258
1,31.91,10.5932270390913,38.4330749511719
1,31.92,10.5965603389777,38.454532623291
1,31.93,10.5998936388642,38.4688377380371
1,31.94,10.6032269387506,38.5022163391113
1,31.95,10.606560238637,38.5093688964844
1,31.96,10.6098935385235,38.5355949401855
1,31.97,10.6132268384099,38.5451316833496
1,31.98,10.6165601382963,38.5594367980957
1,31.99,10.6198934381828,38.5785102844238
1,32,10.6232267380692,38.5928153991699
1,32.01,10.6265600379556,38.6261940002441
1,32.02,10.6298933378421,38.6404991149902
1,32.03,10.6332266377285,38.6691093444824
1,32.04,10.6365599376149,38.6810302734375
1,32.05,10.6398932375014,38.7072563171387
1,32.06,10.6432265373878,38.7263298034668
1,32.07,10.6465598372743,38.752555847168
1,32.08,10.6498931371607,38.762092590332
1,32.09,10.6532264370471,38.7716293334961
1,32.1,10.6565597369336,38.8002395629883
1,32.11,10.65989303682,38.8050079345703
1,32.12,10.6632263367064,38.8312339782715
1,32.13,10.6665596365929,38.8526916503906
1,32.14,10.6698929364793,38.8789176940918
1,32.15,10.6732262363657,38.8932228088379
1,32.16,10.6765595362522,38.917064666748
1,32.17,10.6798928361386,38.9289855957031
1,32.18,10.683226136025,38.9552116394043
1,32.19,10.6865594359115,38.9647483825684
1,32.2,10.6898927357979,39.0028953552246
1,32.21,10.6932260356843,39.0100479125977
1,32.22,10.6965593355708,39.0481948852539
1,32.23,10.6998926354572,39.0625
1,32.24,10.7032259353437,39.0839576721191
1,32.25,10.7065592352301,39.1149520874023
1,32.26,10.7098925351165,39.1459465026855
1,32.27,10.713225835003,39.1650199890137
1,32.28,10.7165591348894,39.1817092895508
1,32.29,10.7198924347758,39.2031669616699
1,32.3,10.7232257346623,39.2341613769531
1,32.31,10.7265590345487,39.2675399780273
1,32.32,10.7298923344351,39.2913818359375
1,32.33,10.7332256343216,39.3176078796387
1,32.34,10.736558934208,39.3366813659668
1,32.35,10.7398922340944,39.3557548522949
1,32.36,10.7432255339809,39.3772125244141
1,32.37,10.7465588338673,39.4034385681152
1,32.38,10.7498921337537,39.4177436828613
1,32.39,10.7532254336402,39.4320487976074
1,32.4,10.7565587335266,39.4392013549805
1,32.41,10.7598920334131,39.4535064697266
1,32.42,10.7632253332995,39.4701957702637
1,32.43,10.7665586331859,39.4749641418457
1,32.44,10.7698919330724,39.5035743713379
1,32.45,10.7732252329588,39.4964218139648
1,32.46,10.7765585328452,39.522647857666
1,32.47,10.7798918327317,39.527416229248
1,32.48,10.7832251326181,39.5512580871582
1,32.49,10.7865584325045,39.5488739013672
1,32.5,10.789891732391,39.5488739013672
1,32.51,10.7932250322774,39.5655632019043
1,32.52,10.7965583321638,39.5679473876953
1,32.53,10.7998916320503,39.5870208740234
1,32.54,10.8032249319367,39.5822525024414
1,32.55,10.8065582318231,39.5870208740234
1,32.56,10.8098915317096,39.5917892456055
1,32.57,10.813224831596,39.5989418029785
1,32.58,10.8165581314825,39.5941734313965
1,32.59,10.8198914313689,39.5846366882324
1,32.6,10.8232247312553,39.5941734313965
1,32.61,10.8265580311418,39.6013259887695
1,32.62,10.8298913310282,39.6156311035156
1,32.63,10.8332246309146,39.6180152893066
1,32.64,10.8365579308011,39.6323204040527
1,32.65,10.8398912306875,39.6513938903809
1,32.66,10.8432245305739,39.6585464477539
1,32.67,10.8465578304604,39.670467376709
1,32.68,10.8498911303468,39.6895408630371
1,32.69,10.8532244302332,39.6943092346191
1,32.7,10.8565577301197,39.7086143493652
1,32.71,10.8598910300061,39.7300720214844
1,32.72,10.8632243298925,39.7515296936035
1,32.73,10.866557629779,39.7706031799316
1,32.74,10.8698909296654,39.7849082946777
1,32.75,10.8732242295519,39.8135185241699
1,32.76,10.8765575294383,39.827823638916
1,32.77,10.8798908293247,39.8635864257813
1,32.78,10.8832241292112,39.8850440979004
1,32.79,10.8865574290976,39.9065017700195
1,32.8,10.889890728984,39.9303436279297
1,32.81,10.8932240288705,39.9565696716309
1,32.82,10.8965573287569,39.975643157959
1,32.83,10.8998906286433,39.9899482727051
1,32.84,10.9032239285298,40.0209426879883
1,32.85,10.9065572284162,40.0519371032715
1,32.86,10.9098905283026,40.0710105895996
1,32.87,10.9132238281891,40.0900840759277
1,32.88,10.9165571280755,40.1163101196289
1,32.89,10.9198904279619,40.132999420166
1,32.9,10.9232237278484,40.1568412780762
1,32.91,10.9265570277348,40.1639938354492
1,32.92,10.9298903276213,40.1902198791504
1,32.93,10.9332236275077,40.2045249938965
1,32.94,10.9365569273941,40.2188301086426
1,32.95,10.9398902272806,40.2474403381348
1,32.96,10.943223527167,40.2617454528809
1,32.97,10.9465568270534,40.285587310791
1,32.98,10.9498901269399,40.3022766113281
1,32.99,10.9532234268263,40.3285026550293
1,33,10.9565567267127,40.3499603271484
1,33.01,10.9598900265992,40.3618812561035
1,33.02,10.9632233264856,40.3833389282227
1,33.03,10.966556626372,40.4095649719238
1,33.04,10.9698899262585,40.428638458252
1,33.05,10.9732232261449,40.4644012451172
1,33.06,10.9765565260313,40.4787063598633
1,33.07,10.9798898259178,40.5120849609375
1,33.08,10.9832231258042,40.5359268188477
1,33.09,10.9865564256907,40.5573844909668
1,33.1,10.9898897255771,40.590763092041
1,33.11,10.9932230254635,40.6074523925781
1,33.12,10.99655632535,40.6408309936523
1,33.13,10.9998896252364,40.6622886657715
1,33.14,11.0032229251228,40.6885147094727
1,33.15,11.0065562250093,40.7123565673828
1,33.16,11.0098895248957,40.7242774963379
1,33.17,11.0132228247821,40.7552719116211
1,33.18,11.0165561246686,40.7767295837402
1,33.19,11.019889424555,40.8148765563965
1,33.2,11.0232227244414,40.8387184143066
1,33.21,11.0265560243279,40.8744812011719
1,33.22,11.0298893242143,40.888786315918
1,33.23,11.0332226241007,40.9364700317383
1,33.24,11.0365559239872,40.9531593322754
1,33.25,11.0398892238736,40.9865379333496
1,33.26,11.0432225237601,41.0032272338867
1,33.27,11.0465558236465,41.0342216491699
1,33.28,11.0498891235329,41.0580635070801
1,33.29,11.0532224234194,41.0747528076172
1,33.3,11.0565557233058,41.1033630371094
1,33.31,11.0598890231922,41.1319732666016
1,33.32,11.0632223230787,41.1558151245117
1,33.33,11.0665556229651,41.1701202392578
1,33.34,11.0698889228515,41.2201881408691
1,33.35,11.073222222738,41.2249565124512
1,33.36,11.0765555226244,41.2583351135254
1,33.37,11.0798888225108,41.2845611572266
1,33.38,11.0832221223973,41.3274765014648
1,33.39,11.0865554222837,41.348934173584
1,33.4,11.0898887221701,41.3775444030762
1,33.41,11.0932220220566,41.4013862609863
1,33.42,11.096555321943,41.4371490478516
1,33.43,11.0998886218295,41.4729118347168
1,33.44,11.1032219217159,41.4872169494629
1,33.45,11.1065552216023,41.508674621582
1,33.46,11.1098885214888,41.5372848510742
1,33.47,11.1132218213752,41.5563583374023
1,33.48,11.1165551212616,41.5778160095215
1,33.49,11.1198884211481,41.5945053100586
1,33.5,11.1232217210345,41.6016578674316
1,33.51,11.1265550209209,41.6207313537598
1,33.52,11.1298883208074,41.6326522827148
1,33.53,11.1332216206938,41.6398048400879
1,33.54,11.1365549205802,41.651725769043
1,33.55,11.1398882204667,41.658878326416
1,33.56,11.1432215203531,41.6898727416992
1,33.57,11.1465548202395,41.6970252990723
1,33.58,11.149888120126,41.7184829711914
1,33.59,11.1532214200124,41.7208671569824
1,33.6,11.1565547198988,41.7280197143555
1,33.61,11.1598880197853,41.7518615722656
1,33.62,11.1632213196717,41.7590141296387
1,33.63,11.1665546195582,41.7804718017578
1,33.64,11.1698879194446,41.7757034301758
1,33.65,11.173221219331,41.7971611022949
1,33.66,11.1765545192175,41.801929473877
1,33.67,11.1798878191039,41.8210029602051
1,33.68,11.1832211189903,41.8353080749512
1,33.69,11.1865544188768,41.8472290039063
1,33.7,11.1898877187632,41.8639183044434
1,33.71,11.1932210186496,41.8782234191895
1,33.72,11.1965543185361,41.9044494628906
1,33.73,11.1998876184225,41.9211387634277
1,33.74,11.2032209183089,41.956901550293
1,33.75,11.2065542181954,41.966438293457
1,33.76,11.2098875180818,41.9926643371582
1,33.77,11.2132208179682,42.0236587524414
1,33.78,11.2165541178547,42.0403480529785
1,33.79,11.2198874177411,42.0713424682617
1,33.8,11.2232207176276,42.0880317687988
1,33.81,11.226554017514,42.1142578125
1,33.82,11.2298873174004,42.1309471130371
1,33.83,11.2332206172869,42.1524047851563
1,33.84,11.2365539171733,42.1690940856934
1,33.85,11.2398872170597,42.2024726867676
1,33.86,11.2432205169462,42.2120094299316
1,33.87,11.2465538168326,42.2382354736328
1,33.88,11.249887116719,42.2501564025879
1,33.89,11.2532204166055,42.259693145752
1,33.9,11.2565537164919,42.2763824462891
1,33.91,11.2598870163783,42.2954559326172
1,33.92,11.2632203162648,42.3097610473633
1,33.93,11.2665536161512,42.3264503479004
1,33.94,11.2698869160377,42.3383712768555
1,33.95,11.2732202159241,42.3455238342285
1,33.96,11.2765535158105,42.3669815063477
1,33.97,11.279886815697,42.3812866210938
1,33.98,11.2832201155834,42.4027442932129
1,33.99,11.2865534154698,42.4098968505859
1,34,11.2898867153563,42.426586151123
1,34.01,11.2932200152427,42.4504280090332
1,34.02,11.2965533151291,42.4599647521973
1,34.03,11.2998866150156,42.4838066101074
1,34.04,11.303219914902,42.5004959106445
1,34.05,11.3065532147884,42.5267219543457
1,34.06,11.3098865146749,42.5457954406738
1,34.07,11.3132198145613,42.564868927002
1,34.08,11.3165531144477,42.567253112793
1,34.09,11.3198864143342,42.5887107849121
1,34.1,11.3232197142206,42.6030158996582
1,34.11,11.326553014107,42.6125526428223
1,34.12,11.3298863139935,42.6292419433594
1,34.13,11.3332196138799,42.6340103149414
1,34.14,11.3365529137664,42.6530838012695
1,34.15,11.3398862136528,42.6530838012695
1,34.16,11.3432195135392,42.6793098449707
1,34.17,11.3465528134257,42.6912307739258
1,34.18,11.3498861133121,42.7031517028809
1,34.19,11.3532194131985,42.717456817627
1,34.2,11.356552713085,42.7341461181641
1,34.21,11.3598860129714,42.7532196044922
1,34.22,11.3632193128578,42.7794456481934
1,34.23,11.3665526127443,42.7985191345215
1,34.24,11.3698859126307,42.8271293640137
1,34.25,11.3732192125171,42.8485870361328
1,34.26,11.3765525124036,42.8867340087891
1,34.27,11.37988581229,42.8986549377441
1,34.28,11.3832191121764,42.9272651672363
1,34.29,11.3865524120629,42.9582595825195
1,34.3,11.3898857119493,42.9773330688477
1,34.31,11.3932190118358,43.0059432983398
1,34.32,11.3965523117222,43.0202484130859
1,34.33,11.3998856116086,43.0560111999512
1,34.34,11.4032189114951,43.0798530578613
1,34.35,11.4065522113815,43.0989265441895
1,34.36,11.4098855112679,43.1180000305176
1,34.37,11.4132188111544,43.1203842163086
1,34.38,11.4165521110408,43.1299209594727
1,34.39,11.4198854109272,43.1418418884277
1,34.4,11.4232187108137,43.1609153747559
1,34.41,11.4265520107001,43.1609153747559
1,34.42,11.4298853105865,43.179988861084
1,34.43,11.433218610473,43.189525604248
1,34.44,11.4365519103594,43.1966781616211
1,34.45,11.4398852102458,43.2085990905762
1,34.46,11.4432185101323,43.2229042053223
1,34.47,11.4465518100187,43.2395935058594
1,34.48,11.4498851099052,43.2610511779785
1,34.49,11.4532184097916,43.2872772216797
1,34.5,11.456551709678,43.3015823364258
1,34.51,11.4598850095645,43.3206558227539
1,34.52,11.4632183094509,43.3492660522461
1,34.53,11.4665516093373,43.3611869812012
1,34.54,11.4698849092238,43.3921813964844
1,34.55,11.4732182091102,43.4088706970215
1,34.56,11.4765515089966,43.4398651123047
1,34.57,11.4798848088831,43.4541702270508
1,34.58,11.4832181087695,43.4684753417969
1,34.59,11.4865514086559,43.489933013916
1,34.6,11.4898847085424,43.5113906860352
1,34.61,11.4932180084288,43.5280799865723
1,34.62,11.4965513083152,43.5376167297363
1,34.63,11.4998846082017,43.5662269592285
1,34.64,11.5032179080881,43.5781478881836
1,34.65,11.5065512079746,43.6139106750488
1,34.66,11.509884507861,43.6139106750488
1,34.67,11.5132178077474,43.6568260192871
1,34.68,11.5165511076339,43.6782836914063
1,34.69,11.5198844075203,43.6878204345703
1,34.7,11.5232177074067,43.7164306640625
1,34.71,11.5265510072932,43.7378883361816
1,34.72,11.5298843071796,43.7688827514648
1,34.73,11.533217607066,43.795108795166
1,34.74,11.5365509069525,43.797492980957
1,34.75,11.5398842068389,43.8380241394043
1,34.76,11.5432175067253,43.8499450683594
1,34.77,11.5465508066118,43.8714027404785
1,34.78,11.5498841064982,43.8880920410156
1,34.79,11.5532174063846,43.9143180847168
1,34.8,11.5565507062711,43.9190864562988
1,34.81,11.5598840061575,43.942928314209
1,34.82,11.563217306044,43.9643859863281
1,34.83,11.5665506059304,43.9882278442383
1,34.84,11.5698839058168,43.9953804016113
1,34.85,11.5732172057033,44.0168380737305
1,34.86,11.5765505055897,44.0311431884766
1,34.87,11.5798838054761,44.0621376037598
1,34.88,11.5832171053626,44.0788269042969
1,34.89,11.586550405249,44.0883636474609
1,34.9,11.5898837051354,44.1074371337891
1,34.91,11.5932170050219,44.1241264343262
1,34.92,11.5965503049083,44.1527366638184
1,34.93,11.5998836047947,44.1598892211914
1,34.94,11.6032169046812,44.1861152648926
1,34.95,11.6065502045676,44.2028045654297
1,34.96,11.609883504454,44.2242622375488
1,34.97,11.6132168043405,44.25048828125
1,34.98,11.6165501042269,44.2743301391602
1,34.99,11.6198834041134,44.2934036254883
1,35,11.6232167039998,44.3267822265625
1,35.01,11.6265500038862,44.3458557128906
1,35.02,11.6298833037727,44.3792343139648
1,35.03,11.6332166036591,44.4221496582031
1,35.04,11.6365499035455,44.4436073303223
1,35.05,11.639883203432,44.4960594177246
1,35.06,11.6432165033184,44.5270538330078
1,35.07,11.6465498032048,44.560432434082
1,35.08,11.6498831030913,44.5866584777832
1,35.09,11.6532164029777,44.6009635925293
1,35.1,11.6565497028641,44.6414947509766
1,35.11,11.6598830027506,44.6557998657227
1,35.12,11.663216302637,44.6820259094238
1,35.13,11.6698829024099,44.703483581543
1,35.15,11.6732162022963,44.7249412536621
1,35.16,11.6765495021828,44.7463989257813
1,35.17,11.6798828020692,44.7463989257813
1,35.18,11.6865494018421,44.7630882263184
1,35.19,11.6898827017285,44.7702407836914
1,35.21,11.6932160016149,44.7893142700195
1,35.22,11.6998826013878,44.8131561279297
1,35.23,11.7032159012742,44.8155403137207
1,35.24,11.7065492011607,44.8155403137207
1,35.25,11.7098825010471,44.8226928710938
1,35.27,11.7132158009335,44.8250770568848
1,35.28,11.7198824007064,44.8322296142578
1,35.29,11.7232157005928,44.8369979858398
1,35.3,11.7265490004793,44.8441505432129
1,35.31,11.7298823003657,44.8369979858398
1,35.32,11.7332156002522,44.8513031005859
1,35.33,11.7365489001386,44.8489189147949
1,35.34,11.739882200025,44.8489189147949
1,35.35,11.7432154999115,44.865608215332
1,35.36,11.7465487997979,44.86083984375
1,35.37,11.7498820996843,44.865608215332
1,35.38,11.7532153995708,44.86083984375
1,35.39,11.7565486994572,44.8799133300781
1,35.4,11.7598819993436,44.8703765869141
1,35.41,11.7632152992301,44.8870658874512
1,35.42,11.7665485991165,44.8942184448242
1,35.43,11.7698818990029,44.9013710021973
1,35.44,11.7732151988894,44.8989868164063
1,35.45,11.7765484987758,44.9252128601074
1,35.46,11.7798817986622,44.9395179748535
1,35.47,11.7832150985487,44.9538230895996
1,35.48,11.7865483984351,44.9633598327637
1,35.49,11.7898816983216,44.9943542480469
1,35.5,11.793214998208,44.9895858764648
1,35.51,11.7965482980944,45.0038909912109
1,35.52,11.7998815979809,45.020580291748
1,35.53,11.8032148978673,45.0325012207031
1,35.54,11.8065481977537,45.0539588928223
1,35.55,11.8098814976402,45.0706481933594
1,35.56,11.8132147975266,45.0825691223145
1,35.57,11.816548097413,45.0944900512695
1,35.58,11.8198813972995,45.0968742370605
1,35.59,11.8232146971859,45.1159477233887
1,35.6,11.8265479970723,45.1397895812988
1,35.61,11.8298812969588,45.158863067627
1,35.62,11.8332145968452,45.161247253418
1,35.63,11.8365478967316,45.1946258544922
1,35.64,11.8398811966181,45.2089309692383
1,35.65,11.8432144965045,45.2232360839844
1,35.66,11.846547796391,45.2542304992676
1,35.67,11.8498810962774,45.2589988708496
1,35.68,11.8532143961638,45.2971458435059
1,35.69,11.8565476960503,45.311450958252
1,35.7,11.8598809959367,45.325756072998
1,35.71,11.8632142958231,45.3495979309082
1,35.72,11.8665475957096,45.3639030456543
1,35.73,11.869880895596,45.3853607177734
1,35.74,11.8732141954824,45.3972816467285
1,35.75,11.8765474953689,45.4139709472656
1,35.76,11.8798807952553,45.4282760620117
1,35.77,11.8832140951417,45.4473495483398
1,35.78,11.8865473950282,45.468807220459
1,35.79,11.8898806949146,45.4902648925781
1,35.8,11.893213994801,45.5021858215332
1,35.81,11.8965472946875,45.5260276794434
1,35.82,11.8998805945739,45.5451011657715
1,35.83,11.9032138944604,45.5689430236816
1,35.84,11.9065471943468,45.5737113952637
1,35.85,11.9098804942332,45.6047058105469
1,35.86,11.9132137941197,45.619010925293
1,35.87,11.9165470940061,45.6357002258301
1,35.88,11.9198803938925,45.6476211547852
1,35.89,11.923213693779,45.6643104553223
1,35.9,11.9265469936654,45.6762313842773
1,35.91,11.9298802935518,45.7024574279785
1,35.92,11.9332135934383,45.7358360290527
1,35.93,11.9365468933247,45.7549095153809
1,35.94,11.9398801932111,45.7859039306641
1,35.95,11.9432134930976,45.8073616027832
1,35.96,11.946546792984,45.8431243896484
1,35.97,11.9498800928704,45.8598136901855
1,35.98,11.9532133927569,45.8765029907227
1,35.99,11.9565466926433,45.9074974060059
1,36,11.9598799925297,45.921802520752
1,36.01,11.9632132924162,45.9456443786621
1,36.02,11.9665465923026,45.9599494934082
1,36.03,11.9698798921891,45.9790229797363
1,36.04,11.9732131920755,45.9814071655273
1,36.05,11.9765464919619,46.0052490234375
1,36.06,11.9798797918484,46.0028648376465
1,36.07,11.9832130917348,46.0171699523926
1,36.08,11.9865463916212,46.0338592529297
1,36.09,11.9898796915077,46.0433959960938
1,36.1,11.9932129913941,46.0624694824219
1,36.11,11.9965462912805,46.0672378540039
1,36.12,11.999879591167,46.083927154541
1,36.13,12.0032128910534,46.0982322692871
1,36.14,12.0065461909398,46.1292266845703
1,36.15,12.0098794908263,46.1339950561523
1,36.16,12.0132127907127,46.1578369140625
1,36.17,12.0165460905991,46.1745262145996
1,36.18,12.0198793904856,46.1864471435547
1,36.19,12.023212690372,46.2126731872559
1,36.2,12.0265459902585,46.2174415588379
1,36.21,12.0298792901449,46.2460517883301
1,36.22,12.0332125900313,46.2484359741211
1,36.23,12.0365458899178,46.2841987609863
1,36.24,12.0398791898042,46.2913513183594
1,36.25,12.0432124896906,46.3080406188965
1,36.26,12.0465457895771,46.3318824768066
1,36.27,12.0498790894635,46.3485717773438
1,36.28,12.0532123893499,46.3700294494629
1,36.29,12.0565456892364,46.38671875
1,36.3,12.0598789891228,46.4153289794922
1,36.31,12.0632122890092,46.4296340942383
1,36.32,12.0665455888957,46.4582443237305
1,36.33,12.0698788887821,46.4725494384766
1,36.34,12.0732121886685,46.4820861816406
1,36.35,12.076545488555,46.5083122253418
1,36.36,12.0798787884414,46.5226173400879
1,36.37,12.0832120883279,46.5512275695801
1,36.38,12.0865453882143,46.5607643127441
1,36.39,12.0898786881007,46.5893745422363
1,36.4,12.0932119879872,46.5965270996094
1,36.41,12.0965452878736,46.6299057006836
1,36.42,12.09987858776,46.6537475585938
1,36.43,12.1032118876465,46.6752052307129
1,36.44,12.1065451875329,46.687126159668
1,36.45,12.1098784874193,46.7061996459961
1,36.46,12.1132117873058,46.7228889465332
1,36.47,12.1165450871922,46.7419624328613
1,36.48,12.1198783870786,46.7681884765625
1,36.49,12.1232116869651,46.7801094055176
1,36.5,12.1265449868515,46.8039512634277
1,36.51,12.1298782867379,46.8206405639648
1,36.52,12.1332115866244,46.842098236084
1,36.53,12.1365448865108,46.8587875366211
1,36.54,12.1398781863973,46.8730926513672
1,36.55,12.1432114862837,46.9017028808594
1,36.56,12.1465447861701,46.9064712524414
1,36.57,12.1498780860566,46.9279289245605
1,36.58,12.153211385943,46.9493865966797
1,36.59,12.1565446858294,46.9636917114258
1,36.6,12.1598779857159,46.9851493835449
1,36.61,12.1632112856023,47.0113754272461
1,36.62,12.1665445854887,47.0280647277832
1,36.63,12.1698778853752,47.0495223999023
1,36.64,12.1732111852616,47.0733642578125
1,36.65,12.176544485148,47.0852851867676
1,36.66,12.1798777850345,47.1067428588867
1,36.67,12.1832110849209,47.1305847167969
1,36.68,12.1865443848073,47.149658203125
1,36.69,12.1898776846938,47.1735000610352
1,36.7,12.1932109845802,47.1949577331543
1,36.71,12.1965442844667,47.2116470336914
1,36.72,12.1998775843531,47.2187995910645
1,36.73,12.2032108842395,47.2497940063477
1,36.74,12.206544184126,47.2640991210938
1,36.75,12.2098774840124,47.295093536377
1,36.76,12.2132107838988,47.297477722168
1,36.77,12.2165440837853,47.3356246948242
1,36.78,12.2198773836717,47.3499298095703
1,36.79,12.2232106835581,47.3809242248535
1,36.8,12.2265439834446,47.4047660827637
1,36.81,12.229877283331,47.4286079406738
1,36.82,12.2332105832174,47.450065612793
1,36.83,12.2365438831039,47.4834442138672
1,36.84,12.2398771829903,47.5120544433594
1,36.85,12.2432104828767,47.5168228149414
1,36.86,12.2465437827632,47.5502014160156
1,36.87,12.2498770826496,47.5788116455078
1,36.88,12.2532103825361,47.5835800170898
1,36.89,12.2565436824225,47.600269317627
1,36.9,12.2598769823089,47.6264953613281
1,36.91,12.2632102821954,47.6384162902832
1,36.92,12.2665435820818,47.6622581481934
1,36.93,12.2698768819682,47.6694107055664
1,36.94,12.2732101818547,47.6932525634766
1,36.95,12.2765434817411,47.6932525634766
1,36.96,12.2798767816275,47.7170944213867
1,36.97,12.283210081514,47.7147102355957
1,36.98,12.2865433814004,47.7457046508789
1,36.99,12.2898766812868,47.7504730224609
1,37,12.2932099811733,47.7719306945801
1,37.01,12.2965432810597,47.7719306945801
1,37.02,12.2998765809461,47.7910041809082
1,37.03,12.3032098808326,47.8100776672363
1,37.04,12.306543180719,47.8243827819824
1,37.05,12.3098764806055,47.8339195251465
1,37.06,12.3132097804919,47.8482246398926
1,37.07,12.3165430803783,47.8577613830566
1,37.08,12.3198763802648,47.8672981262207
1,37.09,12.3232096801512,47.8792190551758
1,37.1,12.3265429800376,47.8744506835938
1,37.11,12.3298762799241,47.8959083557129
1,37.12,12.3332095798105,47.8863716125488
1,37.13,12.3365428796969,47.910213470459
1,37.14,12.3398761795834,47.9006767272949
1,37.15,12.3432094794698,47.9221343994141
1,37.16,12.3465427793562,47.9340553283691
1,37.17,12.3498760792427,47.9507446289063
1,37.18,12.3532093791291,47.9555130004883
1,37.19,12.3565426790155,47.9650497436523
1,37.2,12.359875978902,47.9888916015625
1,37.21,12.3632092787884,47.9936599731445
1,37.22,12.3665425786749,48.0198860168457
1,37.23,12.3698758785613,48.0365753173828
1,37.24,12.3732091784477,48.0461120605469
1,37.25,12.3765424783342,48.065185546875
1,37.26,12.3798757782206,48.0794906616211
1,37.27,12.383209078107,48.1033325195313
1,37.28,12.3865423779935,48.1271743774414
1,37.29,12.3898756778799,48.1510162353516
1,37.3,12.3932089777663,48.1748580932617
1,37.31,12.3965422776528,48.1986999511719
1,37.32,12.3998755775392,48.220157623291
1,37.33,12.4032088774256,48.2559204101563
1,37.34,12.4065421773121,48.2678413391113
1,37.35,12.4098754771985,48.2869148254395
1,37.36,12.4132087770849,48.3226776123047
1,37.37,12.4165420769714,48.3417510986328
1,37.38,12.4198753768578,48.363208770752
1,37.39,12.4232086767443,48.3846664428711
1,37.4,12.4265419766307,48.4061241149902
1,37.41,12.4298752765171,48.4180450439453
1,37.42,12.4332085764036,48.4251976013184
1,37.43,12.43654187629,48.4418869018555
1,37.44,12.4398751761764,48.4466552734375
1,37.45,12.4432084760629,48.4633445739746
1,37.46,12.4465417759493,48.4704971313477
1,37.47,12.4498750758357,48.4848022460938
1,37.48,12.4532083757222,48.4943389892578
1,37.49,12.4565416756086,48.4895706176758
1,37.5,12.459874975495,48.5110282897949
1,37.51,12.4632082753815,48.5134124755859
1,37.52,12.4665415752679,48.5372543334961
1,37.53,12.4698748751543,48.5420227050781
1,37.54,12.4732081750408,48.5754013061523
1,37.55,12.4765414749272,48.5801696777344
1,37.56,12.4798747748137,48.6016273498535
1,37.57,12.4832080747001,48.6111640930176
1,37.58,12.4865413745865,48.6397743225098
1,37.59,12.489874674473,48.6564636230469
1,37.6,12.4932079743594,48.6898422241211
1,37.61,12.4965412742458,48.6946105957031
1,37.62,12.4998745741323,48.7041473388672
1,37.63,12.5032078740187,48.7327575683594
1,37.64,12.5065411739051,48.7375259399414
1,37.65,12.5098744737916,48.7327575683594
1,37.66,12.513207773678,48.7518310546875
1,37.67,12.5165410735644,48.7422943115234
1,37.68,12.5198743734509,48.7399101257324
1,37.69,12.5232076733373,48.7422943115234
1,37.7,12.5265409732237,48.7399101257324
1,37.71,12.5298742731102,48.7279891967773
1,37.72,12.5332075729966,48.7256050109863
1,37.73,12.5365408728831,48.7232208251953
1,37.74,12.5398741727695,48.7327575683594
1,37.75,12.5432074726559,48.7112998962402
1,37.76,12.5465407725424,48.7279891967773
1,37.77,12.5498740724288,48.7136840820313
1,37.78,12.5532073723152,48.7232208251953
1,37.79,12.5565406722017,48.7160682678223
1,37.8,12.5598739720881,48.7017631530762
1,37.81,12.5632072719745,48.6969947814941
1,37.82,12.566540571861,48.6850738525391
1,37.83,12.5698738717474,48.677921295166
1,37.84,12.5732071716338,48.6612319946289
1,37.85,12.5765404715203,48.670768737793
1,37.86,12.5798737714067,48.6445426940918
1,37.87,12.5832070712931,48.6326217651367
1,37.88,12.5865403711796,48.6183166503906
1,37.89,12.589873671066,48.6040115356445
1,37.9,12.5932069709525,48.5825538635254
1,37.91,12.5965402708389,48.5754013061523
1,37.92,12.5998735707253,48.5563278198242
1,37.93,12.6032068706118,48.5396385192871
1,37.94,12.6065401704982,48.5110282897949
1,37.95,12.6098734703846,48.5038757324219
1,37.96,12.6132067702711,48.4824180603027
1,37.97,12.6165400701575,48.4800338745117
1,37.98,12.6198733700439,48.4466552734375
1,37.99,12.6232066699304,48.4490394592285
1,38,12.6265399698168,48.4204292297363
1,38.01,12.6298732697032,48.4132766723633
1,38.02,12.6332065695897,48.3942031860352
1,38.03,12.6365398694761,48.3942031860352
1,38.04,12.6398731693625,48.375129699707
1,38.05,12.643206469249,48.3822822570801
1,38.06,12.6465397691354,48.370361328125
1,38.07,12.6498730690219,48.3798980712891
1,38.08,12.6532063689083,48.365592956543
1,38.09,12.6565396687947,48.370361328125
1,38.1,12.6598729686812,48.367977142334
1,38.11,12.6632062685676,48.370361328125
1,38.12,12.666539568454,48.3560562133789
1,38.13,12.6698728683405,48.3536720275879
1,38.14,12.6732061682269,48.3489036560059
1,38.15,12.6765394681133,48.3465194702148
1,38.16,12.6798727679998,48.3322143554688
1,38.17,12.6832060678862,48.3489036560059
1,38.18,12.6865393677726,48.3393669128418
1,38.19,12.6898726676591,48.3465194702148
1,38.2,12.6932059675455,48.3441352844238
1,38.21,12.6965392674319,48.3417510986328
1,38.22,12.6998725673184,48.3584403991699
1,38.23,12.7032058672048,48.363208770752
1,38.24,12.7065391670913,48.370361328125
1,38.25,12.7098724669777,48.367977142334
1,38.26,12.7132057668641,48.3798980712891
1,38.27,12.7165390667506,48.3918190002441
1,38.28,12.719872366637,48.3846664428711
1,38.29,12.7232056665234,48.4108924865723
1,38.3,12.7265389664099,48.4108924865723
1,38.31,12.7298722662963,48.4108924865723
1,38.32,12.7332055661827,48.4228134155273
1,38.33,12.7365388660692,48.4275817871094
1,38.34,12.7398721659556,48.4395027160645
1,38.35,12.743205465842,48.4418869018555
1,38.36,12.7465387657285,48.4561920166016
1,38.37,12.7498720656149,48.4633445739746
1,38.38,12.7532053655013,48.4657287597656
1,38.39,12.7565386653878,48.4776496887207
1,38.4,12.7598719652742,48.4871864318848
1,38.41,12.7632052651607,48.4848022460938
1,38.42,12.7665385650471,48.4967231750488
1,38.43,12.7698718649335,48.4848022460938
1,38.44,12.77320516482,48.4991073608398
1,38.45,12.7765384647064,48.4848022460938
1,38.46,12.7798717645928,48.5086441040039
1,38.47,12.7832050644793,48.515796661377
1,38.48,12.7898716642521,48.530101776123
1,38.5,12.7932049641386,48.5372543334961
1,38.51,12.796538264025,48.5587120056152
1,38.52,12.7998715639114,48.5706329345703
1,38.53,12.8065381636843,48.5873222351074
1,38.54,12.8098714635707,48.5944747924805
1,38.56,12.8132047634572,48.6111640930176
1,38.57,12.81987136323,48.6254692077637
1,38.58,12.8232046631165,48.6326217651367
1,38.59,12.8265379630029,48.6469268798828
1,38.6,12.8298712628894,48.6350059509277
1,38.62,12.8365378626622,48.6469268798828
1,38.63,12.8398711625487,48.6493110656738
1,38.64,12.8432044624351,48.6469268798828
1,38.66,12.849871062208,48.6493110656738
1,38.67,12.8532043620944,48.6564636230469
1,38.68,12.8565376619808,48.6469268798828
1,38.69,12.8598709618673,48.6540794372559
1,38.7,12.8632042617537,48.6564636230469
1,38.71,12.8665375616401,48.6612319946289
1,38.72,12.8698708615266,48.6564636230469
1,38.73,12.873204161413,48.6588478088379
1,38.74,12.8765374612995,48.6564636230469
1,38.75,12.8798707611859,48.6660003662109
1,38.76,12.8832040610723,48.670768737793
1,38.77,12.8865373609588,48.670768737793
1,38.78,12.8898706608452,48.677921295166
1,38.79,12.8932039607316,48.6946105957031
1,38.8,12.8965372606181,48.7041473388672
1,38.81,12.8998705605045,48.7065315246582
1,38.82,12.9032038603909,48.7351417541504
1,38.83,12.9065371602774,48.7351417541504
1,38.84,12.9098704601638,48.7756729125977
1,38.85,12.9132037600502,48.7852096557617
1,38.86,12.9165370599367,48.8018989562988
1,38.87,12.9198703598231,48.8066673278809
1,38.88,12.9232036597095,48.832893371582
1,38.89,12.926536959596,48.8543510437012
1,38.9,12.9298702594824,48.8710403442383
1,38.91,12.9332035593688,48.8972663879395
1,38.92,12.9365368592553,48.9139556884766
1,38.93,12.9398701591417,48.9330291748047
1,38.94,12.9432034590282,48.9425659179688
1,38.95,12.9465367589146,48.9711761474609
1,38.96,12.949870058801,48.987865447998
1,38.97,12.9532033586875,48.9974021911621
1,38.98,12.9565366585739,49.0140914916992
1,38.99,12.9598699584603,49.0355491638184
1,39,12.9632032583468,49.0498542785645
1,39.01,12.9665365582332,49.0617752075195
1,39.02,12.9698698581196,49.0665435791016
1,39.03,12.9732031580061,49.0760803222656
1,39.04,12.9765364578925,49.0832328796387
1,39.05,12.9798697577789,49.0832328796387
1,39.06,12.9832030576654,49.1046905517578
1,39.07,12.9865363575518,49.1166114807129
1,39.08,12.9898696574382,49.1118431091309
1,39.09,12.9932029573247,49.130916595459
1,39.1,12.9965362572111,49.140453338623
1,39.11,12.9998695570976,49.140453338623
1,39.12,13.003202856984,49.1547584533691
1,39.13,13.0065361568704,49.1642951965332
1,39.14,13.0098694567569,49.1642951965332
1,39.15,13.0132027566433,49.1857528686523
1,39.16,13.0165360565297,49.1833686828613
1,39.17,13.0198693564162,49.1976737976074
1,39.18,13.0232026563026,49.1976737976074
1,39.19,13.026535956189,49.2024421691895
1,39.2,13.0298692560755,49.2048263549805
1,39.21,13.0332025559619,49.2095947265625
1,39.22,13.0365358558483,49.2191314697266
1,39.23,13.0398691557348,49.2191314697266
1,39.24,13.0432024556212,49.2215156555176
1,39.25,13.0465357555076,49.2310523986816
1,39.26,13.0498690553941,49.2334365844727
1,39.27,13.0532023552805,49.2501258850098
1,39.28,13.056535655167,49.2501258850098
1,39.29,13.0598689550534,49.2668151855469
1,39.3,13.0632022549398,49.283504486084
1,39.31,13.0665355548263,49.285888671875
1,39.32,13.0698688547127,49.3144989013672
1,39.33,13.0732021545991,49.3240356445313
1,39.34,13.0765354544856,49.3431091308594
1,39.35,13.079868754372,49.3550300598145
1,39.36,13.0832020542584,49.3645668029785
1,39.37,13.0865353541449,49.3764877319336
1,39.38,13.0898686540313,49.3884086608887
1,39.39,13.0932019539177,49.4241714477539
1,39.4,13.0965352538042,49.436092376709
1,39.41,13.0998685536906,49.4503974914551
1,39.42,13.103201853577,49.4623184204102
1,39.43,13.1065351534635,49.4837760925293
1,39.44,13.1098684533499,49.4885444641113
1,39.45,13.1132017532364,49.5100021362305
1,39.46,13.1165350531228,49.5171546936035
1,39.47,13.1198683530092,49.5386123657227
1,39.48,13.1232016528957,49.5505332946777
1,39.49,13.1265349527821,49.5648384094238
1,39.5,13.1298682526685,49.5791435241699
1,39.51,13.133201552555,49.591064453125
1,39.52,13.1365348524414,49.6006011962891
1,39.53,13.1398681523278,49.6196746826172
1,39.54,13.1432014522143,49.6268272399902
1,39.55,13.1465347521007,49.6435165405273
1,39.56,13.1498680519871,49.6435165405273
1,39.57,13.1532013518736,49.6506690979004
1,39.58,13.15653465176,49.6578216552734
1,39.59,13.1598679516464,49.6673583984375
1,39.6,13.1632012515329,49.6745109558105
1,39.61,13.1665345514193,49.6912002563477
1,39.62,13.1698678513058,49.6888160705566
1,39.63,13.1732011511922,49.7055053710938
1,39.64,13.1765344510786,49.7078895568848
1,39.65,13.1798677509651,49.7269630432129
1,39.66,13.1832010508515,49.736499786377
1,39.67,13.1865343507379,49.748420715332
1,39.68,13.1898676506244,49.7674942016602
1,39.69,13.1932009505108,49.7746467590332
1,39.7,13.1965342503972,49.8080253601074
1,39.71,13.1998675502837,49.8247146606445
1,39.72,13.2032008501701,49.8604774475098
1,39.73,13.2065341500565,49.8771667480469
1,39.74,13.209867449943,49.893856048584
1,39.75,13.2132007498294,49.9320030212402
1,39.76,13.2165340497158,49.9582290649414
1,39.77,13.2198673496023,49.9749183654785
1,39.78,13.2232006494887,50.0011444091797
1,39.79,13.2265339493752,50.0249862670898
1,39.8,13.2298672492616,50.048828125
1,39.81,13.233200549148,50.0702857971191
1,39.82,13.2365338490345,50.0988960266113
1,39.83,13.2398671489209,50.1203536987305
1,39.84,13.2432004488073,50.1465797424316
1,39.85,13.2465337486938,50.1608848571777
1,39.86,13.2498670485802,50.1847267150879
1,39.87,13.2532003484666,50.1918792724609
1,39.88,13.2565336483531,50.2181053161621
1,39.89,13.2598669482395,50.2347946166992
1,39.9,13.2632002481259,50.2395629882813
1,39.91,13.2665335480124,50.2777099609375
1,39.92,13.2698668478988,50.2824783325195
1,39.93,13.2732001477852,50.3087043762207
1,39.94,13.2765334476717,50.3253936767578
1,39.95,13.2798667475581,50.3349304199219
1,39.96,13.2832000474446,50.3635406494141
1,39.97,13.286533347331,50.3826141357422
1,39.98,13.2898666472174,50.3993034362793
1,39.99,13.2931999471039,50.4112243652344
1,40,13.2965332469903,50.4398345947266
1,40.01,13.2998665468767,50.4517555236816
1,40.02,13.3031998467632,50.4732131958008
1,40.03,13.3065331466496,50.4946708679199
1,40.04,13.309866446536,50.511360168457
1,40.05,13.3131997464225,50.5208969116211
1,40.06,13.3165330463089,50.5471229553223
1,40.07,13.3198663461953,50.5590438842773
1,40.08,13.3231996460818,50.5757331848145
1,40.09,13.3265329459682,50.5852699279785
1,40.1,13.3298662458546,50.5924224853516
1,40.11,13.3331995457411,50.6067276000977
1,40.12,13.3365328456275,50.6114959716797
1,40.13,13.339866145514,50.6210327148438
1,40.14,13.3431994454004,50.6186485290527
1,40.15,13.3465327452868,50.6305694580078
1,40.16,13.3498660451733,50.6401062011719
1,40.17,13.3531993450597,50.6472587585449
1,40.18,13.3565326449461,50.661563873291
1,40.19,13.3598659448326,50.661563873291
1,40.2,13.363199244719,50.6806373596191
1,40.21,13.3665325446054,50.6806373596191
1,40.22,13.3698658444919,50.6925582885742
1,40.23,13.3731991443783,50.6997108459473
1,40.24,13.3765324442647,50.7164001464844
1,40.25,13.3798657441512,50.7330894470215
1,40.26,13.3831990440376,50.7521629333496
1,40.27,13.386532343924,50.7712364196777
1,40.28,13.3898656438105,50.7783889770508
1,40.29,13.3931989436969,50.814151763916
1,40.3,13.3965322435834,50.8308410644531
1,40.31,13.3998655434698,50.8618354797363
1,40.32,13.4031988433562,50.8689880371094
1,40.33,13.4065321432427,50.9047508239746
1,40.34,13.4098654431291,50.9166717529297
1,40.35,13.4131987430155,50.9452819824219
1,40.36,13.416532042902,50.959587097168
1,40.37,13.4198653427884,50.9834289550781
1,40.38,13.4231986426748,50.9953498840332
1,40.39,13.4265319425613,50.9953498840332
1,40.4,13.4298652424477,51.0263442993164
1,40.41,13.4331985423341,51.0287284851074
1,40.42,13.4365318422206,51.0549545288086
1,40.43,13.439865142107,51.0573387145996
1,40.44,13.4431984419934,51.0835647583008
1,40.45,13.4465317418799,51.0859489440918
1,40.46,13.4498650417663,51.0931015014648
1,40.47,13.4531983416528,51.112174987793
1,40.48,13.4565316415392,51.121711730957
1,40.49,13.4598649414256,51.1455535888672
1,40.5,13.4631982413121,51.1503219604492
1,40.51,13.4665315411985,51.1717796325684
1,40.52,13.4698648410849,51.1717796325684
1,40.53,13.4731981409714,51.2027740478516
1,40.54,13.4765314408578,51.2099266052246
1,40.55,13.4798647407442,51.2361526489258
1,40.56,13.4831980406307,51.2480735778809
1,40.57,13.4865313405171,51.276683807373
1,40.58,13.4898646404035,51.2886047363281
1,40.59,13.49319794029,51.3267517089844
1,40.6,13.4965312401764,51.3362884521484
1,40.61,13.4998645400628,51.3720512390137
1,40.62,13.5031978399493,51.3863563537598
1,40.63,13.5065311398357,51.4078140258789
1,40.64,13.5098644397222,51.4364242553711
1,40.65,13.5131977396086,51.4650344848633
1,40.66,13.516531039495,51.4793395996094
1,40.67,13.5198643393815,51.5055656433105
1,40.68,13.5231976392679,51.5222549438477
1,40.69,13.5265309391543,51.5270233154297
1,40.7,13.5298642390408,51.5437126159668
1,40.71,13.5331975389272,51.5580177307129
1,40.72,13.5365308388136,51.5627861022949
1,40.73,13.5398641387001,51.5866279602051
1,40.74,13.5431974385865,51.5842437744141
1,40.75,13.5465307384729,51.5985488891602
1,40.76,13.5498640383594,51.6033172607422
1,40.77,13.5531973382458,51.6057014465332
1,40.78,13.5565306381322,51.6271591186523
1,40.79,13.5598639380187,51.6343116760254
1,40.8,13.5631972379051,51.6676902770996
1,40.81,13.5665305377916,51.6724586486816
1,40.82,13.569863837678,51.6939163208008
1,40.83,13.5731971375644,51.7106056213379
1,40.84,13.5765304374509,51.720142364502
1,40.85,13.5798637373373,51.7416000366211
1,40.86,13.5831970372237,51.7511367797852
1,40.87,13.5865303371102,51.7821311950684
1,40.88,13.5898636369966,51.7916679382324
1,40.89,13.593196936883,51.8155097961426
1,40.9,13.5965302367695,51.8345832824707
1,40.91,13.5998635366559,51.8465042114258
1,40.92,13.6031968365423,51.8703460693359
1,40.93,13.6065301364288,51.872730255127
1,40.94,13.6098634363152,51.8989562988281
1,40.95,13.6131967362016,51.8965721130371
1,40.96,13.6165300360881,51.9132614135742
1,40.97,13.6198633359745,51.9084930419922
1,40.98,13.6231966358609,51.9227981567383
1,40.99,13.6265299357474,51.9251823425293
1,41,13.6298632356338,51.9418716430664
1,41.01,13.6331965355203,51.9442558288574
1,41.02,13.6365298354067,51.9585609436035
1,41.03,13.6398631352931,51.9657135009766
1,41.04,13.6431964351796,51.9800186157227
1,41.05,13.646529735066,51.9943237304688
1,41.06,13.6498630349524,52.0086288452148
1,41.07,13.6531963348389,52.0205497741699
1,41.08,13.6565296347253,52.034854888916
1,41.09,13.6598629346117,52.0682334899902
1,41.1,13.6631962344982,52.0777702331543
1,41.11,13.6665295343846,52.1039962768555
1,41.12,13.669862834271,52.1183013916016
1,41.13,13.6731961341575,52.1326065063477
1,41.14,13.6765294340439,52.1636009216309
1,41.15,13.6798627339303,52.189826965332
1,41.16,13.6831960338168,52.192211151123
1,41.17,13.6865293337032,52.2184371948242
1,41.18,13.6898626335897,52.2327423095703
1,41.19,13.6931959334761,52.2494316101074
1,41.2,13.6965292333625,52.2613525390625
1,41.21,13.699862533249,52.2875785827637
1,41.22,13.7031958331354,52.2875785827637
1,41.23,13.7065291330218,52.3138046264648
1,41.24,13.7098624329083,52.3161888122559
1,41.25,13.7131957327947,52.332878112793
1,41.26,13.7165290326811,52.337646484375
1,41.27,13.7198623325676,52.3519515991211
1,41.28,13.723195632454,52.3662567138672
1,41.29,13.7265289323404,52.3829460144043
1,41.3,13.7298622322269,52.4091720581055
1,41.31,13.7331955321133,52.4091720581055
1,41.32,13.7365288319998,52.4425506591797
1,41.33,13.7398621318862,52.4616241455078
1,41.34,13.7431954317726,52.490234375
1,41.35,13.7465287316591,52.5021553039551
1,41.36,13.7498620315455,52.5212287902832
1,41.37,13.7531953314319,52.5379180908203
1,41.38,13.7565286313184,52.5498390197754
1,41.39,13.7598619312048,52.5712966918945
1,41.4,13.7631952310912,52.5879859924316
1,41.41,13.7665285309777,52.6165962219238
1,41.42,13.7698618308641,52.6189804077148
1,41.43,13.7731951307505,52.649974822998
1,41.44,13.776528430637,52.6595115661621
1,41.45,13.7798617305234,52.6833534240723
1,41.46,13.7831950304098,52.6952743530273
1,41.47,13.7865283302963,52.7167320251465
1,41.48,13.7898616301827,52.7191162109375
1,41.49,13.7931949300691,52.7286529541016
1,41.5,13.7965282299556,52.7524948120117
1,41.51,13.799861529842,52.7548789978027
1,41.52,13.8031948297285,52.7644157409668
1,41.53,13.8065281296149,52.7739524841309
1,41.54,13.8098614295013,52.788257598877
1,41.55,13.8131947293878,52.8049468994141
1,41.56,13.8165280292742,52.8049468994141
1,41.57,13.8198613291606,52.8240203857422
1,41.58,13.8231946290471,52.8478622436523
1,41.59,13.8265279289335,52.8621673583984
1,41.6,13.8298612288199,52.8717041015625
1,41.61,13.8331945287064,52.9003143310547
1,41.62,13.8365278285928,52.9265403747559
1,41.63,13.8398611284792,52.947998046875
1,41.64,13.8431944283657,52.9766082763672
1,41.65,13.8465277282521,52.9980659484863
1,41.66,13.8498610281385,53.0171394348145
1,41.67,13.853194328025,53.0481338500977
1,41.68,13.8565276279114,53.0600547790527
1,41.69,13.8598609277979,53.0862808227539
1,41.7,13.8631942276843,53.102970123291
1,41.71,13.8665275275707,53.1291961669922
1,41.72,13.8698608274572,53.1435012817383
1,41.73,13.8731941273436,53.1649589538574
1,41.74,13.87652742723,53.1816482543945
1,41.75,13.8798607271165,53.2031059265137
1,41.76,13.8831940270029,53.2197952270508
1,41.77,13.8865273268893,53.2221794128418
1,41.78,13.8898606267758,53.250789642334
1,41.79,13.8931939266622,53.2722473144531
1,41.8,13.8965272265486,53.2889366149902
1,41.81,13.8998605264351,53.3103942871094
1,41.82,13.9031938263215,53.3246994018555
1,41.83,13.9065271262079,53.3437728881836
1,41.84,13.9098604260944,53.3604621887207
1,41.85,13.9131937259808,53.3747673034668
1,41.86,13.9165270258673,53.400993347168
1,41.87,13.9198603257537,53.408145904541
1,41.88,13.9231936256401,53.4319877624512
1,41.89,13.9265269255266,53.4462928771973
1,41.9,13.929860225413,53.4582138061523
1,41.91,13.9331935252994,53.4868240356445
1,41.92,13.9365268251859,53.4963607788086
1,41.93,13.9398601250723,53.5154342651367
1,41.94,13.9431934249587,53.5297393798828
1,41.95,13.9465267248452,53.5464286804199
1,41.96,13.9498600247316,53.5464286804199
1,41.97,13.953193324618,53.563117980957
1,41.98,13.9565266245045,53.5821914672852
1,41.99,13.9598599243909,53.5964965820313
1,42,13.9631932242773,53.6084175109863
1,42.01,13.9665265241638,53.6274909973145
1,42.02,13.9698598240502,53.6298751831055
1,42.03,13.9731931239367,53.6465644836426
1,42.04,13.9765264238231,53.6513328552246
1,42.05,13.9798597237095,53.6632537841797
1,42.06,13.9865263234824,53.6584854125977
1,42.07,13.9898596233688,53.6727905273438
1,42.09,13.9931929232553,53.6823272705078
1,42.1,13.9965262231417,53.6942481994629
1,42.11,13.9998595230281,53.6942481994629
1,42.12,14.006526122801,53.713321685791
1,42.13,14.0098594226874,53.715705871582
1,42.15,14.0131927225739,53.7514686584473
1,42.16,14.0198593223467,53.7562370300293
1,42.17,14.0231926222332,53.7729263305664
1,42.18,14.0265259221196,53.7872314453125
1,42.19,14.0298592220061,53.8086891174316
1,42.2,14.0331925218925,53.8301467895508
1,42.21,14.0365258217789,53.8468360900879
1,42.22,14.0398591216654,53.865909576416
1,42.23,14.0431924215518,53.8945198059082
1,42.25,14.0498590213247,53.9159774780273
1,42.26,14.0531923212111,53.9493560791016
1,42.27,14.0565256210975,53.9612770080566
1,42.28,14.059858920984,53.9922714233398
1,42.29,14.0631922208704,54.013729095459
1,42.3,14.0665255207568,54.0280342102051
1,42.31,14.0698588206433,54.0637969970703
1,42.32,14.0731921205297,54.0828704833984
1,42.33,14.0765254204161,54.1090965270996
1,42.34,14.0798587203026,54.1162490844727
1,42.35,14.083192020189,54.1448593139648
1,42.36,14.0865253200755,54.1520118713379
1,42.37,14.0898586199619,54.1782379150391
1,42.38,14.0931919198483,54.1901588439941
1,42.39,14.0965252197348,54.1973114013672
1,42.4,14.0998585196212,54.2140007019043
1,42.41,14.1031918195076,54.2259216308594
1,42.42,14.1065251193941,54.2521476745605
1,42.43,14.1098584192805,54.2569160461426
1,42.44,14.1131917191669,54.2831420898438
1,42.45,14.1165250190534,54.2950630187988
1,42.46,14.1198583189398,54.314136505127
1,42.47,14.1231916188262,54.3332099914551
1,42.48,14.1265249187127,54.3475151062012
1,42.49,14.1298582185991,54.3594360351563
1,42.5,14.1331915184855,54.3785095214844
1,42.51,14.136524818372,54.3856620788574
1,42.52,14.1398581182584,54.4142723083496
1,42.53,14.1431914181449,54.4285774230957
1,42.54,14.1465247180313,54.4595718383789
1,42.55,14.1498580179177,54.478645324707
1,42.56,14.1531913178042,54.5048713684082
1,42.57,14.1565246176906,54.5287132263184
1,42.58,14.159857917577,54.5406341552734
1,42.59,14.1631912174635,54.5811653137207
1,42.6,14.1665245173499,54.5930862426758
1,42.61,14.1698578172363,54.6169281005859
1,42.62,14.1731911171228,54.6455383300781
1,42.63,14.1765244170092,54.6789169311523
1,42.64,14.1798577168956,54.6979904174805
1,42.65,14.1831910167821,54.7170639038086
1,42.66,14.1865243166685,54.7552108764648
1,42.67,14.1898576165549,54.7599792480469
1,42.68,14.1931909164414,54.8052787780762
1,42.69,14.1965242163278,54.8243522644043
1,42.7,14.1998575162143,54.8410415649414
1,42.71,14.2031908161007,54.8648834228516
1,42.72,14.2065241159871,54.8982620239258
1,42.73,14.2098574158736,54.9101829528809
1,42.74,14.21319071576,54.9173355102539
1,42.75,14.2165240156464,54.929256439209
1,42.76,14.2198573155329,54.9411773681641
1,42.77,14.2231906154193,54.9650192260742
1,42.78,14.2265239153057,54.9769401550293
1,42.79,14.2298572151922,54.9721717834473
1,42.8,14.2331905150786,55.0007820129395
1,42.81,14.236523814965,55.0055503845215
1,42.82,14.2398571148515,55.0198554992676
1,42.83,14.2431904147379,55.0293922424316
1,42.84,14.2465237146243,55.0460815429688
1,42.85,14.2498570145108,55.0580024719238
1,42.86,14.2531903143972,55.084228515625
1,42.87,14.2565236142837,55.088996887207
1,42.88,14.2598569141701,55.1080703735352
1,42.89,14.2631902140565,55.1271438598633
1,42.9,14.266523513943,55.1438331604004
1,42.91,14.2698568138294,55.1629066467285
1,42.92,14.2731901137158,55.1772117614746
1,42.93,14.2765234136023,55.2129745483398
1,42.94,14.2798567134887,55.2153587341309
1,42.95,14.2831900133751,55.2463531494141
1,42.96,14.2865233132616,55.2701950073242
1,42.97,14.289856613148,55.2797317504883
1,42.98,14.2931899130344,55.3107261657715
1,42.99,14.2965232129209,55.3417205810547
1,43,14.2998565128073,55.3584098815918
1,43.01,14.3031898126937,55.389404296875
1,43.02,14.3065231125802,55.4180145263672
1,43.03,14.3098564124666,55.4370880126953
1,43.04,14.3131897123531,55.4656982421875
1,43.05,14.3165230122395,55.5038452148438
1,43.06,14.3198563121259,55.5253028869629
1,43.07,14.3231896120124,55.5610656738281
1,43.08,14.3265229118988,55.5968284606934
1,43.09,14.3298562117852,55.6206703186035
1,43.1,14.3331895116717,55.6468963623047
1,43.11,14.3365228115581,55.6850433349609
1,43.12,14.3398561114445,55.7208061218262
1,43.13,14.343189411331,55.7374954223633
1,43.14,14.3465227112174,55.7661056518555
1,43.15,14.3498560111038,55.7971000671387
1,43.16,14.3531893109903,55.8090209960938
1,43.17,14.3565226108767,55.8614730834961
1,43.18,14.3598559107631,55.8853149414063
1,43.19,14.3631892106496,55.9234619140625
1,43.2,14.366522510536,55.9425354003906
1,43.21,14.3698558104225,55.9711456298828
1,43.22,14.3731891103089,55.997371673584
1,43.23,14.3765224101953,56.002140045166
1,43.24,14.3798557100818,56.0379028320313
1,43.25,14.3831890099682,56.0569763183594
1,43.26,14.3865223098546,56.0784339904785
1,43.27,14.3898556097411,56.0879707336426
1,43.28,14.3931889096275,56.1141967773438
1,43.29,14.3965222095139,56.1332702636719
1,43.3,14.3998555094004,56.145191192627
1,43.31,14.4031888092868,56.1642646789551
1,43.32,14.4065221091732,56.1761856079102
1,43.33,14.4098554090597,56.1904907226563
1,43.34,14.4131887089461,56.1857223510742
1,43.35,14.4165220088325,56.1976432800293
1,43.36,14.419855308719,56.1952590942383
1,43.37,14.4231886086054,56.2000274658203
1,43.38,14.4265219084918,56.1952590942383
1,43.39,14.4298552083783,56.2095642089844
1,43.4,14.4331885082647,56.2095642089844
1,43.41,14.4365218081512,56.2119483947754
1,43.42,14.4398551080376,56.2095642089844
1,43.43,14.443188407924,56.2167167663574
1,43.44,14.4465217078105,56.2167167663574
1,43.45,14.4498550076969,56.2262535095215
1,43.46,14.4531883075833,56.2334060668945
1,43.47,14.4565216074698,56.2453269958496
1,43.48,14.4598549073562,56.2500953674316
1,43.49,14.4631882072426,56.2524795532227
1,43.5,14.4665215071291,56.2763214111328
1,43.51,14.4698548070155,56.2834739685059
1,43.52,14.4731881069019,56.300163269043
1,43.53,14.4765214067884,56.302547454834
1,43.54,14.4798547066748,56.3263893127441
1,43.55,14.4831880065613,56.3430786132813
1,43.56,14.4865213064477,56.3621520996094
1,43.57,14.4898546063341,56.3693046569824
1,43.58,14.4931879062206,56.3740730285645
1,43.59,14.496521206107,56.4050674438477
1,43.6,14.4998545059934,56.4122200012207
1,43.61,14.5031878058799,56.4336776733398
1,43.62,14.5065211057663,56.4479827880859
1,43.63,14.5098544056527,56.4694404602051
1,43.64,14.5131877055392,56.4908981323242
1,43.65,14.5165210054256,56.5195083618164
1,43.66,14.519854305312,56.5338134765625
1,43.67,14.5231876051985,56.5457344055176
1,43.68,14.5265209050849,56.5743446350098
1,43.69,14.5298542049713,56.5862655639648
1,43.7,14.5331875048578,56.617259979248
1,43.71,14.5365208047442,56.6220283508301
1,43.72,14.5398541046306,56.6577911376953
1,43.73,14.5431874045171,56.6768646240234
1,43.74,14.5465207044035,56.6887855529785
1,43.75,14.54985400429,56.7150115966797
1,43.76,14.5531873041764,56.7126274108887
1,43.77,14.5565206040628,56.7483901977539
1,43.78,14.5598539039493,56.755542755127
1,43.79,14.5631872038357,56.7865371704102
1,43.8,14.5665205037221,56.7865371704102
1,43.81,14.5698538036086,56.7960739135742
1,43.82,14.573187103495,56.8175315856934
1,43.83,14.5765204033814,56.8318367004395
1,43.84,14.5798537032679,56.8532943725586
1,43.85,14.5831870031543,56.8795204162598
1,43.86,14.5865203030407,56.9009780883789
1,43.87,14.5898536029272,56.9295883178711
1,43.88,14.5931869028136,56.9486618041992
1,43.89,14.5965202027,56.9772720336914
1,43.9,14.5998535025865,57.0106506347656
1,43.91,14.6031868024729,57.0321083068848
1,43.92,14.6065201023594,57.075023651123
1,43.93,14.6098534022458,57.0893287658691
1,43.94,14.6131867021322,57.1203231811523
1,43.95,14.6165200020187,57.1393966674805
1,43.96,14.6198533019051,57.1727752685547
1,43.97,14.6231866017915,57.2013854980469
1,43.98,14.626519901678,57.213306427002
1,43.99,14.6298532015644,57.2538375854492
1,44,14.6331865014508,57.2681427001953
1,44.01,14.6365198013373,57.2991371154785
1,44.02,14.6398531012237,57.3158264160156
1,44.03,14.6431864011101,57.3301315307617
1,44.04,14.6465197009966,57.3539733886719
1,44.05,14.649853000883,57.3825836181641
1,44.06,14.6531863007695,57.3873519897461
1,44.07,14.6565196006559,57.3873519897461
1,44.08,14.6598529005423,57.4088096618652
1,44.09,14.6631862004288,57.4350357055664
1,44.1,14.6665195003152,57.4421882629395
1,44.11,14.6698528002016,57.4541091918945
1,44.12,14.6731861000881,57.4707984924316
1,44.13,14.6765193999745,57.4827194213867
1,44.14,14.6798526998609,57.4946403503418
1,44.15,14.6831859997474,57.5089454650879
1,44.16,14.6865192996338,57.5160980224609
1,44.17,14.6898525995202,57.5399398803711
1,44.18,14.6931858994067,57.5470924377441
1,44.19,14.6965191992931,57.5780868530273
1,44.2,14.6998524991795,57.5995445251465
1,44.21,14.703185799066,57.6257705688477
1,44.22,14.7065190989524,57.6448440551758
1,44.23,14.7098523988388,57.675838470459
1,44.24,14.7131856987253,57.7044486999512
1,44.25,14.7165189986117,57.7259063720703
1,44.26,14.7198522984982,57.7497482299805
1,44.27,14.7231855983846,57.7640533447266
1,44.28,14.726518898271,57.7902793884277
1,44.29,14.7298521981575,57.8022003173828
1,44.3,14.7331854980439,57.8141212463379
1,44.31,14.7365187979303,57.8451156616211
1,44.32,14.7398520978168,57.8570365905762
1,44.33,14.7431853977032,57.8784942626953
1,44.34,14.7465186975896,57.8832626342773
1,44.35,14.7498519974761,57.9047203063965
1,44.36,14.7531852973625,57.9214096069336
1,44.37,14.7565185972489,57.9500198364258
1,44.38,14.7598518971354,57.9595565795898
1,44.39,14.7631851970218,57.9953193664551
1,44.4,14.7665184969082,58.0072402954102
1,44.41,14.7698517967947,58.0191612243652
1,44.42,14.7731850966811,58.0334663391113
1,44.43,14.7765183965676,58.0620765686035
1,44.44,14.779851696454,58.0787658691406
1,44.45,14.7831849963404,58.1026077270508
1,44.46,14.7865182962269,58.1145286560059
1,44.47,14.7898515961133,58.1502914428711
1,44.48,14.7931848959997,58.1622123718262
1,44.49,14.7965181958862,58.1812858581543
1,44.5,14.7998514957726,58.1979751586914
1,44.51,14.803184795659,58.2170486450195
1,44.52,14.8065180955455,58.2242012023926
1,44.53,14.8098513954319,58.2575798034668
1,44.54,14.8131846953183,58.2623481750488
1,44.55,14.8165179952048,58.286190032959
1,44.56,14.8198512950912,58.295726776123
1,44.57,14.8231845949776,58.3100318908691
1,44.58,14.8265178948641,58.3219528198242
1,44.59,14.8298511947505,58.3314895629883
1,44.6,14.833184494637,58.3338737487793
1,44.61,14.8365177945234,58.3386421203613
1,44.62,14.8398510944098,58.3505630493164
1,44.63,14.8431843942963,58.3457946777344
1,44.64,14.8465176941827,58.3410263061523
1,44.65,14.8498509940691,58.3338737487793
1,44.66,14.8531842939556,58.3338737487793
1,44.67,14.856517593842,58.3195686340332
1,44.68,14.8598508937284,58.3052635192871
1,44.69,14.8631841936149,58.3124160766602
1,44.7,14.8665174935013,58.3148002624512
1,44.71,14.8698507933877,58.3243370056152
1,44.72,14.8731840932742,58.3219528198242
1,44.73,14.8765173931606,58.3386421203613
1,44.74,14.879850693047,58.3434104919434
1,44.75,14.8831839929335,58.3624839782715
1,44.76,14.8865172928199,58.3624839782715
1,44.77,14.8898505927064,58.3887100219727
1,44.78,14.8931838925928,58.4053993225098
1,44.79,14.8965171924792,58.4244728088379
1,44.8,14.8998504923657,58.445930480957
1,44.81,14.9031837922521,58.4769248962402
1,44.82,14.9065170921385,58.4959983825684
1,44.83,14.909850392025,58.5198402404785
1,44.84,14.9131836919114,58.5436820983887
1,44.85,14.9165169917978,58.5699081420898
1,44.86,14.9198502916843,58.598518371582
1,44.87,14.9231835915707,58.6175918579102
1,44.88,14.9265168914571,58.6485862731934
1,44.89,14.9298501913436,58.6724281311035
1,44.9,14.93318349123,58.6891174316406
1,44.91,14.9365167911164,58.7224960327148
1,44.92,14.9398500910029,58.7272644042969
1,44.93,14.9431833908893,58.7630271911621
1,44.94,14.9465166907758,58.7773323059082
1,44.95,14.9498499906622,58.7987899780273
1,44.96,14.9531832905486,58.8226318359375
1,44.97,14.9565165904351,58.8274002075195
1,44.98,14.9598498903215,58.8583946228027
1,44.99,14.9631831902079,58.8703155517578
1,45,14.9665164900944,58.8893890380859
1,45.01,14.9698497899808,58.8846206665039
1,45.02,14.9731830898672,58.9275360107422
1,45.03,14.9765163897537,58.9418411254883
1,45.04,14.9798496896401,58.9370727539063
1,45.05,14.9831829895265,58.9847564697266
1,45.06,14.986516289413,58.9799880981445
1,45.07,14.9898495892994,59.0252876281738
1,45.08,14.9931828891858,59.0395927429199
1,45.09,14.9965161890723,59.0372085571289
1,45.1,14.9998494889587,59.0753555297852
1,45.11,15.0031827888452,59.1135025024414
1,45.12,15.0065160887316,59.1278076171875
1,45.13,15.009849388618,59.1611862182617
1,45.14,15.0131826885045,59.1850280761719
1,45.15,15.0165159883909,59.2041015625
1,45.16,15.0198492882773,59.2470169067383
1,45.17,15.0231825881638,59.2708587646484
1,45.18,15.0265158880502,59.3042373657227
1,45.19,15.0298491879366,59.3280792236328
1,45.2,15.0331824878231,59.3137741088867
1,45.21,15.0365157877095,59.3662261962891
1,45.22,15.0398490875959,59.3757629394531
1,45.23,15.0431823874824,59.4091415405273
1,45.24,15.0465156873688,59.4282150268555
1,45.25,15.0498489872552,59.4425201416016
1,45.26,15.0531822871417,59.4472885131836
1,45.27,15.0565155870281,59.4806671142578
1,45.28,15.0598488869146,59.4854354858398
1,45.29,15.063182186801,59.4902038574219
1,45.3,15.0665154866874,59.5283508300781
1,45.31,15.0698487865739,59.5426559448242
1,45.32,15.0731820864603,59.5712661743164
1,45.33,15.0765153863467,59.5664978027344
1,45.34,15.0798486862332,59.6046447753906
1,45.35,15.0831819861196,59.6094131469727
1,45.36,15.086515286006,59.6380233764648
1,45.37,15.0898485858925,59.6714019775391
1,45.38,15.0931818857789,59.6714019775391
1,45.39,15.0965151856653,59.7000122070313
1,45.4,15.0998484855518,59.7143173217773
1,45.41,15.1031817854382,59.7333908081055
1,45.42,15.1065150853246,59.7429275512695
1,45.43,15.1098483852111,59.7620010375977
1,45.44,15.1131816850975,59.7524642944336
1,45.45,15.116514984984,59.7715377807617
1,45.46,15.1198482848704,59.7810745239258
1,45.47,15.1231815847568,59.7810745239258
1,45.48,15.1265148846433,59.814453125
1,45.49,15.1298481845297,59.8287582397461
1,45.5,15.1331814844161,59.8382949829102
1,45.51,15.139848084189,59.8859786987305
1,45.53,15.1431813840754,59.9145889282227
1,45.54,15.1465146839619,59.9479675292969
1,45.55,15.1498479838483,59.9575042724609
1,45.56,15.1531812837347,59.9861145019531
1,45.57,15.1598478835076,60.0147247314453
1,45.59,15.163181183394,60.0624084472656
1,45.6,15.1698477831669,60.1053237915039
1,45.61,15.1731810830534,60.124397277832
1,45.62,15.1765143829398,60.1434707641602
1,45.64,15.1798476828262,60.2102279663086
1,45.65,15.1865142825991,60.2531433105469
1,45.66,15.1898475824855,60.2579116821289
1,45.67,15.193180882372,60.3055953979492
1,45.68,15.1965141822584,60.3389739990234
1,45.69,15.1998474821448,60.3437423706055
1,45.7,15.2031807820313,60.4009628295898
1,45.71,15.2065140819177,60.4248046875
1,45.72,15.2098473818041,60.4677200317383
1,45.74,15.2131806816906,60.5344772338867
1,45.75,15.2198472814634,60.5535507202148
1,45.76,15.2231805813499,60.5583190917969
1,45.77,15.2265138812363,60.6012344360352
1,45.78,15.2298471811228,60.6107711791992
1,45.79,15.2331804810092,60.6441497802734
1,45.8,15.2365137808956,60.6393814086914
1,45.81,15.2398470807821,60.6679916381836
1,45.82,15.2431803806685,60.6918334960938
1,45.83,15.2465136805549,60.6679916381836
1,45.84,15.2498469804414,60.7109069824219
1,45.85,15.2531802803278,60.7156753540039
1,45.86,15.2565135802142,60.7109069824219
1,45.87,15.2598468801007,60.7395172119141
1,45.88,15.2631801799871,60.7490539550781
1,45.89,15.2665134798735,60.734748840332
1,45.9,15.26984677976,60.7585906982422
1,45.91,15.2731800796464,60.734748840332
1,45.92,15.2765133795328,60.7633590698242
1,45.93,15.2798466794193,60.7395172119141
1,45.94,15.2831799793057,60.7872009277344
1,45.95,15.2865132791921,60.7585906982422
1,45.96,15.2898465790786,60.7776641845703
1,45.97,15.293179878965,60.7728958129883
1,45.98,15.2965131788515,60.8015060424805
1,45.99,15.2998464787379,60.8158111572266
1,46,15.3031797786243,60.8015060424805
1,46.01,15.3065130785108,60.8348846435547
1,46.02,15.3098463783972,60.8491897583008
1,46.03,15.3131796782836,60.8634948730469
1,46.04,15.3165129781701,60.877799987793
1,46.05,15.3198462780565,60.8682632446289
1,46.06,15.3231795779429,60.9016418457031
1,46.07,15.3265128778294,60.9111785888672
1,46.08,15.3298461777158,60.9254837036133
1,46.09,15.3331794776022,60.9445571899414
1,46.1,15.3365127774887,60.9445571899414
1,46.11,15.3398460773751,60.9827041625977
1,46.12,15.3431793772616,60.9827041625977
1,46.13,15.346512677148,61.0017776489258
1,46.14,15.3498459770344,60.9779357910156
1,46.15,15.3531792769209,61.0113143920898
1,46.16,15.3565125768073,61.0017776489258
1,46.17,15.3598458766937,61.0065460205078
1,46.18,15.3631791765802,61.0017776489258
1,46.19,15.3665124764666,61.0113143920898
1,46.2,15.369845776353,61.0208511352539
1,46.21,15.3731790762395,61.039924621582
1,46.22,15.3765123761259,61.039924621582
1,46.23,15.3798456760123,61.0446929931641
1,46.24,15.3831789758988,61.0685348510742
1,46.25,15.3865122757852,61.0637664794922
1,46.26,15.3898455756716,61.0923767089844
1,46.27,15.3931788755581,61.0971450805664
1,46.28,15.3965121754445,61.1400604248047
1,46.29,15.3998454753309,61.1639022827148
1,46.3,15.4031787752174,61.1448287963867
1,46.31,15.4065120751038,61.2020492553711
1,46.32,15.4098453749903,61.2211227416992
1,46.33,15.4131786748767,61.2306594848633
1,46.34,15.4165119747631,61.2354278564453
1,46.35,15.4198452746496,61.2449645996094
1,46.36,15.423178574536,61.2545013427734
1,46.37,15.4265118744224,61.2878799438477
1,46.38,15.4298451743089,61.2735748291016
1,46.39,15.4331784741953,61.2926483154297
1,46.4,15.4365117740817,61.3021850585938
1,46.41,15.4398450739682,61.3212585449219
1,46.42,15.4431783738546,61.3069534301758
1,46.43,15.446511673741,61.335563659668
1,46.44,15.4498449736275,61.3117218017578
1,46.45,15.4531782735139,61.3594055175781
1,46.46,15.4565115734003,61.3594055175781
1,46.47,15.4598448732868,61.3737106323242
1,46.48,15.4631781731732,61.3927841186523
1,46.49,15.4665114730597,61.4166259765625
1,46.5,15.4698447729461,61.4595413208008
1,46.51,15.4731780728325,61.4690780639648
1,46.52,15.476511372719,61.5167617797852
1,46.53,15.4798446726054,61.5262985229492
1,46.54,15.4831779724918,61.5882873535156
1,46.55,15.4865112723783,61.5882873535156
1,46.56,15.4898445722647,61.640739440918
1,46.57,15.4931778721511,61.6693496704102
1,46.58,15.4965111720376,61.7027282714844
1,46.59,15.499844471924,61.7265701293945
1,46.6,15.5031777718104,61.7694854736328
1,46.61,15.5065110716969,61.7742538452148
1,46.62,15.5098443715833,61.802864074707
1,46.63,15.5131776714697,61.8124008178711
1,46.64,15.5165109713562,61.8267059326172
1,46.65,15.5198442712426,61.8505477905273
1,46.66,15.5231775711291,61.8457794189453
1,46.67,15.5265108710155,61.8410110473633
1,46.68,15.5298441709019,61.8696212768555
1,46.69,15.5331774707884,61.8553161621094
1,46.7,15.5365107706748,61.8839263916016
1,46.71,15.5398440705612,61.8743896484375
1,46.72,15.5431773704477,61.8839263916016
1,46.73,15.5465106703341,61.8696212768555
1,46.74,15.5498439702205,61.8743896484375
1,46.75,15.553177270107,61.8934631347656
1,46.76,15.5565105699934,61.8982315063477
1,46.77,15.5598438698798,61.9125366210938
1,46.78,15.5631771697663,61.9268417358398
1,46.79,15.5665104696527,61.9077682495117
1,46.8,15.5698437695391,61.9649887084961
1,46.81,15.5731770694256,61.9697570800781
1,46.82,15.576510369312,61.9840621948242
1,46.83,15.5798436691985,61.9983673095703
1,46.84,15.5831769690849,62.0222091674805
1,46.85,15.5865102689713,62.0412826538086
1,46.86,15.5898435688578,62.0889663696289
1,46.87,15.5931768687442,62.0889663696289
1,46.88,15.5965101686306,62.1414184570313
1,46.89,15.5998434685171,62.1414184570313
1,46.9,15.6031767684035,62.1557235717773
1,46.91,15.6065100682899,62.1795654296875
1,46.92,15.6098433681764,62.2034072875977
1,46.93,15.6131766680628,62.2129440307617
1,46.94,15.6165099679492,62.251091003418
1,46.95,15.6198432678357,62.2749328613281
1,46.96,15.6231765677221,62.2797012329102
1,46.97,15.6265098676085,62.3083114624023
1,46.98,15.629843167495,62.3178482055664
1,46.99,15.6331764673814,62.3607635498047
1,47,15.6365097672679,62.3512268066406
1,47.01,15.6398430671543,62.3941421508789
1,47.02,15.6431763670407,62.408447265625
1,47.03,15.6465096669272,62.4227523803711
1,47.04,15.6498429668136,62.4275207519531
1,47.05,15.6531762667,62.4418258666992
1,47.06,15.6565095665865,62.4561309814453
1,47.07,15.6598428664729,62.4608993530273
1,47.08,15.6631761663593,62.4895095825195
1,47.09,15.6665094662458,62.5038146972656
1,47.1,15.6698427661322,62.4847412109375
1,47.11,15.6731760660186,62.5133514404297
1,47.12,15.6765093659051,62.5181198120117
1,47.13,15.6798426657915,62.5276565551758
1,47.14,15.6831759656779,62.5371932983398
1,47.15,15.6865092655644,62.5419616699219
1,47.16,15.6898425654508,62.56103515625
1,47.17,15.6931758653373,62.556266784668
1,47.18,15.6965091652237,62.565803527832
1,47.19,15.6998424651101,62.5801086425781
1,47.2,15.7031757649966,62.56103515625
1,47.21,15.706509064883,62.5514984130859
1,47.22,15.7098423647694,62.565803527832
1,47.23,15.7131756646559,62.5371932983398
1,47.24,15.7165089645423,62.5514984130859
1,47.25,15.7198422644287,62.5467300415039
1,47.26,15.7231755643152,62.5419616699219
1,47.27,15.7265088642016,62.5324249267578
1,47.28,15.729842164088,62.4990463256836
1,47.29,15.7331754639745,62.5085830688477
1,47.3,15.7365087638609,62.5181198120117
1,47.31,15.7398420637473,62.5181198120117
1,47.32,15.7431753636338,62.4942779541016
1,47.33,15.7465086635202,62.4990463256836
1,47.34,15.7498419634067,62.4942779541016
1,47.35,15.7531752632931,62.5085830688477
1,47.36,15.7565085631795,62.4990463256836
1,47.37,15.759841863066,62.5085830688477
1,47.38,15.7631751629524,62.5038146972656
1,47.39,15.7665084628388,62.5038146972656
1,47.4,15.7698417627253,62.5181198120117
1,47.41,15.7731750626117,62.4990463256836
1,47.42,15.7765083624981,62.4990463256836
1,47.43,15.7798416623846,62.4942779541016
1,47.44,15.783174962271,62.4704360961914
1,47.45,15.7865082621574,62.4752044677734
1,47.46,15.7898415620439,62.4895095825195
1,47.47,15.7931748619303,62.4513626098633
1,47.48,15.7965081618167,62.4513626098633
1,47.49,15.7998414617032,62.4561309814453
1,47.5,15.8031747615896,62.4227523803711
1,47.51,15.8065080614761,62.3989105224609
1,47.52,15.8098413613625,62.3893737792969
1,47.53,15.8131746612489,62.3464584350586
1,47.54,15.8165079611354,62.3464584350586
1,47.55,15.8198412610218,62.3035430908203
1,47.56,15.8231745609082,62.3083114624023
1,47.57,15.8265078607947,62.255859375
1,47.58,15.8298411606811,62.2463226318359
1,47.59,15.8331744605675,62.2081756591797
1,47.6,15.836507760454,62.1700286865234
1,47.61,15.8398410603404,62.1557235717773
1,47.62,15.8431743602268,62.1366500854492
1,47.63,15.8465076601133,62.098503112793
1,47.64,15.8498409599997,62.0794296264648
1,47.65,15.8531742598861,62.0317459106445
1,47.66,15.8565075597726,62.0174407958984
1,47.67,15.859840859659,61.9792938232422
1,47.68,15.8631741595454,61.9411468505859
1,47.69,15.8665074594319,61.8839263916016
1,47.7,15.8698407593183,61.8791580200195
1,47.71,15.8731740592048,61.8267059326172
1,47.72,15.8765073590912,61.7885589599609
1,47.73,15.8798406589776,61.7408752441406
1,47.74,15.8831739588641,61.6931915283203
1,47.75,15.8865072587505,61.6645812988281
1,47.76,15.8898405586369,61.6025924682617
1,47.77,15.8931738585234,61.5930557250977
1,47.78,15.8965071584098,61.5358352661133
1,47.79,15.8998404582962,61.5167617797852
1,47.8,15.9031737581827,61.4404678344727
1,47.81,15.9065070580691,61.4166259765625
1,47.82,15.9098403579555,61.3689422607422
1,47.83,15.913173657842,61.3307952880859
1,47.84,15.9165069577284,61.2497329711914
1,47.85,15.9198402576149,61.2115859985352
1,47.86,15.9231735575013,61.1734390258789
1,47.87,15.9265068573877,61.0971450805664
1,47.88,15.9298401572742,61.0542297363281
1,47.89,15.9331734571606,61.0065460205078
1,47.9,15.936506757047,60.9779357910156
1,47.91,15.9398400569335,60.9254837036133
1,47.92,15.9431733568199,60.877799987793
1,47.93,15.9465066567063,60.8253479003906
1,47.94,15.9498399565928,60.7919692993164
1,47.95,15.9531732564792,60.7490539550781
1,47.96,15.9565065563656,60.7204437255859
1,47.97,15.9598398562521,60.7061386108398
1,47.98,15.9631731561385,60.6775283813477
1,47.99,15.9665064560249,60.6489181518555
1,48,15.9698397559114,60.6250762939453
1,48.01,15.9731730557978,60.5964660644531
1,48.02,15.9765063556843,60.5678558349609
1,48.03,15.9798396555707,60.5487823486328
1,48.04,15.9831729554571,60.5297088623047
1,48.05,15.9865062553436,60.5010986328125
1,48.06,15.98983955523,60.4915618896484
1,48.07,15.9931728551164,60.4867935180664
1,48.08,15.9965061550029,60.4534149169922
1,48.09,15.9998394548893,60.4343414306641
1,48.1,16.0031727547757,60.4248046875
1,48.11,16.0065060546622,60.4248046875
1,48.12,16.0098393545486,60.429573059082
1,48.13,16.013172654435,60.4534149169922
1,48.14,16.0165059543215,60.4248046875
1,48.15,16.0198392542079,60.4581832885742
1,48.16,16.0231725540943,60.4581832885742
1,48.17,16.0265058539808,60.4486465454102
1,48.18,16.0298391538672,60.4915618896484
1,48.19,16.0331724537537,60.4724884033203
1,48.2,16.0365057536401,60.4963302612305
1,48.21,16.0398390535265,60.5106353759766
1,48.22,16.043172353413,60.5249404907227
1,48.23,16.0465056532994,60.5249404907227
1,48.24,16.0498389531858,60.5201721191406
1,48.25,16.0531722530723,60.5344772338867
1,48.26,16.0565055529587,60.5535507202148
1,48.27,16.0598388528451,60.5869293212891
1,48.28,16.0631721527316,60.5964660644531
1,48.29,16.066505452618,60.6155395507813
1,48.3,16.0698387525044,60.6441497802734
1,48.31,16.0731720523909,60.6584548950195
1,48.32,16.0765053522773,60.6727600097656
1,48.33,16.0798386521637,60.6966018676758
1,48.34,16.0831719520502,60.72998046875
1,48.35,16.0865052519366,60.7490539550781
1,48.36,16.0898385518231,60.7776641845703
1,48.37,16.0931718517095,60.8015060424805
1,48.38,16.0965051515959,60.8062744140625
1,48.39,16.0998384514824,60.8396530151367
1,48.4,16.1031717513688,60.8587265014648
1,48.41,16.1065050512552,60.877799987793
1,48.42,16.1098383511417,60.8921051025391
1,48.43,16.1131716510281,60.8921051025391
1,48.44,16.1165049509145,60.9111785888672
1,48.45,16.119838250801,60.9302520751953
1,48.46,16.1231715506874,60.9302520751953
1,48.47,16.1265048505738,60.9302520751953
1,48.48,16.1298381504603,60.9397888183594
1,48.49,16.1331714503467,60.9302520751953
1,48.5,16.1365047502331,60.9159469604492
1,48.51,16.1398380501196,60.9350204467773
1,48.52,16.143171350006,60.9254837036133
1,48.53,16.1465046498925,60.9397888183594
1,48.54,16.1498379497789,60.9159469604492
1,48.55,16.1531712496653,60.9254837036133
1,48.56,16.1565045495518,60.9064102172852
1,48.57,16.1598378494382,60.8968734741211
1,48.58,16.1631711493246,60.887336730957
1,48.59,16.1665044492111,60.877799987793
1,48.6,16.1698377490975,60.8682632446289
1,48.61,16.1731710489839,60.882568359375
1,48.62,16.1765043488704,60.8682632446289
1,48.63,16.1798376487568,60.8539581298828
1,48.64,16.1831709486432,60.8634948730469
1,48.65,16.1865042485297,60.877799987793
1,48.66,16.1898375484161,60.8348846435547
1,48.67,16.1931708483025,60.8491897583008
1,48.68,16.196504148189,60.8634948730469
1,48.69,16.1998374480754,60.8539581298828
1,48.7,16.2031707479618,60.8634948730469
1,48.71,16.2065040478483,60.8634948730469
1,48.72,16.2098373477347,60.8921051025391
1,48.73,16.2131706476212,60.8921051025391
1,48.74,16.2165039475076,60.9111785888672
1,48.75,16.219837247394,60.9207153320313
1,48.76,16.2231705472805,60.9493255615234
1,48.77,16.2265038471669,60.9588623046875
1,48.78,16.2298371470533,60.9731674194336
1,48.79,16.2331704469398,60.9779357910156
1,48.8,16.2365037468262,60.9874725341797
1,48.81,16.2398370467126,61.030387878418
1,48.82,16.2431703465991,61.0256195068359
1,48.83,16.2465036464855,61.0494613647461
1,48.84,16.2498369463719,61.0542297363281
1,48.85,16.2531702462584,61.0828399658203
1,48.86,16.2565035461448,61.0828399658203
1,48.87,16.2598368460312,61.1305236816406
1,48.88,16.2631701459177,61.1257553100586
1,48.89,16.2665034458041,61.1257553100586
1,48.9,16.2698367456906,61.1495971679688
1,48.91,16.273170045577,61.1782073974609
1,48.92,16.2765033454634,61.192512512207
1,48.93,16.2798366453499,61.2068176269531
1,48.94,16.2831699452363,61.2068176269531
1,48.95,16.2865032451227,61.2354278564453
1,48.96,16.2898365450092,61.2688064575195
1,48.97,16.2931698448956,61.2592697143555
1,48.98,16.296503144782,61.2783432006836
1,48.99,16.2998364446685,61.2974166870117
1,49,16.3065030444413,61.34033203125
1,49.01,16.3098363443278,61.345100402832
1,49.03,16.3131696442142,61.3641738891602
1,49.04,16.3165029441006,61.3784790039063
1,49.05,16.3198362439871,61.4118576049805
1,49.06,16.3231695438735,61.4118576049805
1,49.07,16.3298361436464,61.4404678344727
1,49.09,16.3331694435328,61.4404678344727
1,49.1,16.3398360433057,61.4738464355469
1,49.11,16.3431693431921,61.4738464355469
1,49.13,16.3465026430786,61.5215301513672
1,49.14,16.349835942965,61.5406036376953
1,49.15,16.3565025427379,61.5644454956055
1,49.16,16.3598358426243,61.5739822387695
1,49.17,16.3631691425107,61.6025924682617
1,49.18,16.3665024423972,61.6168975830078
1,49.19,16.3698357422836,61.6455078125
1,49.2,16.37316904217,61.6455078125
1,49.21,16.3765023420565,61.6836547851563
1,49.22,16.3798356419429,61.7027282714844
1,49.23,16.3831689418294,61.7122650146484
1,49.24,16.3865022417158,61.7313385009766
1,49.25,16.3898355416022,61.7408752441406
1,49.26,16.3931688414887,61.7599487304688
1,49.27,16.3965021413751,61.7599487304688
1,49.28,16.3998354412615,61.7694854736328
1,49.29,16.403168741148,61.7694854736328
1,49.3,16.4065020410344,61.7742538452148
1,49.31,16.4098353409208,61.7694854736328
1,49.32,16.4131686408073,61.7647171020508
1,49.33,16.4165019406937,61.7742538452148
1,49.34,16.4198352405801,61.7504119873047
1,49.35,16.4231685404666,61.7790222167969
1,49.36,16.426501840353,61.7599487304688
1,49.37,16.4298351402394,61.7837905883789
1,49.38,16.4331684401259,61.7837905883789
1,49.39,16.4365017400123,61.798095703125
1,49.4,16.4398350398988,61.7742538452148
1,49.41,16.4431683397852,61.7885589599609
1,49.42,16.4465016396716,61.7742538452148
1,49.43,16.4498349395581,61.7790222167969
1,49.44,16.4531682394445,61.7885589599609
1,49.45,16.4565015393309,61.8171691894531
1,49.46,16.4598348392174,61.8171691894531
1,49.47,16.4631681391038,61.8410110473633
1,49.48,16.4665014389902,61.8267059326172
1,49.49,16.4698347388767,61.8457794189453
1,49.5,16.4731680387631,61.8839263916016
1,49.51,16.4765013386495,61.8886947631836
1,49.52,16.479834638536,61.9125366210938
1,49.53,16.4831679384224,61.9363784790039
1,49.54,16.4865012383089,61.945915222168
1,49.55,16.4898345381953,61.9649887084961
1,49.56,16.4931678380817,61.9649887084961
1,49.57,16.4965011379682,62.0079040527344
1,49.58,16.4998344378546,62.0269775390625
1,49.59,16.503167737741,62.0365142822266
1,49.6,16.5065010376275,62.0603561401367
1,49.61,16.5098343375139,62.0555877685547
1,49.62,16.5131676374003,62.0746612548828
1,49.63,16.5165009372868,62.0841979980469
1,49.64,16.5198342371732,62.098503112793
1,49.65,16.5231675370596,62.098503112793
1,49.66,16.5265008369461,62.1223449707031
1,49.67,16.5298341368325,62.1175765991211
1,49.68,16.5331674367189,62.1557235717773
1,49.69,16.5365007366054,62.1747970581055
1,49.7,16.5398340364918,62.1604919433594
1,49.71,16.5431673363782,62.2081756591797
1,49.72,16.5465006362647,62.2081756591797
1,49.73,16.5498339361511,62.2320175170898
1,49.74,16.5531672360376,62.251091003418
1,49.75,16.556500535924,62.2749328613281
1,49.76,16.5598338358104,62.2797012329102
1,49.77,16.5631671356969,62.3130798339844
1,49.78,16.5665004355833,62.3273849487305
1,49.79,16.5698337354697,62.3655319213867
1,49.8,16.5731670353562,62.3846054077148
1,49.81,16.5765003352426,62.3750686645508
1,49.82,16.579833635129,62.403678894043
1,49.83,16.5831669350155,62.4227523803711
1,49.84,16.5865002349019,62.4418258666992
1,49.85,16.5898335347883,62.4322891235352
1,49.86,16.5931668346748,62.4608993530273
1,49.87,16.5965001345612,62.4608993530273
1,49.88,16.5998334344476,62.4704360961914
1,49.89,16.6031667343341,62.4561309814453
1,49.9,16.6065000342205,62.4513626098633
1,49.91,16.609833334107,62.4418258666992
1,49.92,16.6131666339934,62.4418258666992
1,49.93,16.6164999338798,62.4227523803711
1,49.94,16.6198332337663,62.4227523803711
1,49.95,16.6231665336527,62.413215637207
1,49.96,16.6264998335391,62.413215637207
1,49.97,16.6298331334256,62.3798370361328
1,49.98,16.633166433312,62.3893737792969
1,49.99,16.6364997331984,62.3703002929688
1,50,16.6398330330849,62.3655319213867
1,50.01,16.6431663329713,62.3893737792969
1,50.02,16.6464996328577,62.3798370361328
1,50.03,16.6498329327442,62.3750686645508
1,50.04,16.6531662326306,62.3893737792969
1,50.05,16.656499532517,62.3941421508789
1,50.06,16.6598328324035,62.3750686645508
1,50.07,16.6631661322899,62.413215637207
1,50.08,16.6664994321764,62.3989105224609
1,50.09,16.6698327320628,62.3893737792969
1,50.1,16.6731660319492,62.4370574951172
1,50.11,16.6764993318357,62.4418258666992
1,50.12,16.6798326317221,62.4513626098633
1,50.13,16.6831659316085,62.4704360961914
1,50.14,16.686499231495,62.4752044677734
1,50.15,16.6898325313814,62.4942779541016
1,50.16,16.6931658312678,62.5181198120117
1,50.17,16.6964991311543,62.5228881835938
1,50.18,16.6998324310407,62.56103515625
1,50.19,16.7031657309271,62.565803527832
1,50.2,16.7064990308136,62.5991821289063
1,50.21,16.7098323307,62.5896453857422
1,50.22,16.7131656305864,62.6039505004883
1,50.23,16.7164989304729,62.6230239868164
1,50.24,16.7198322303593,62.6611709594727
1,50.25,16.7231655302458,62.6325607299805
1,50.26,16.7264988301322,62.6468658447266
1,50.27,16.7298321300186,62.6325607299805
1,50.28,16.7331654299051,62.6611709594727
1,50.29,16.7364987297915,62.6754760742188
1,50.3,16.7398320296779,62.6707077026367
1,50.31,16.7431653295644,62.6707077026367
1,50.32,16.7464986294508,62.6659393310547
1,50.33,16.7498319293372,62.6802444458008
1,50.34,16.7531652292237,62.6897811889648
1,50.35,16.7564985291101,62.6802444458008
1,50.36,16.7598318289965,62.6754760742188
1,50.37,16.763165128883,62.708854675293
1,50.38,16.7664984287694,62.6945495605469
1,50.39,16.7698317286558,62.7422332763672
1,50.4,16.7731650285423,62.7231597900391
1,50.41,16.7764983284287,62.7231597900391
1,50.42,16.7798316283152,62.7517700195313
1,50.43,16.7831649282016,62.7374649047852
1,50.44,16.786498228088,62.7613067626953
1,50.45,16.7898315279745,62.7660751342773
1,50.46,16.7931648278609,62.7708435058594
1,50.47,16.7964981277473,62.7756118774414
1,50.48,16.7998314276338,62.7899169921875
1,50.49,16.8031647275202,62.7946853637695
1,50.5,16.8064980274066,62.7756118774414
1,50.51,16.8098313272931,62.7708435058594
1,50.52,16.8131646271795,62.7470016479492
1,50.53,16.8164979270659,62.7565383911133
1,50.54,16.8198312269524,62.718391418457
1,50.55,16.8231645268388,62.713623046875
1,50.56,16.8264978267252,62.6945495605469
1,50.57,16.8298311266117,62.6945495605469
1,50.58,16.8331644264981,62.6564025878906
1,50.59,16.8364977263846,62.6564025878906
1,50.6,16.839831026271,62.6468658447266
1,50.61,16.8431643261574,62.6373291015625
1,50.62,16.8464976260439,62.6182556152344
1,50.63,16.8498309259303,62.6087188720703
1,50.64,16.8531642258167,62.5753402709961
1,50.65,16.8564975257032,62.5848770141602
1,50.66,16.8598308255896,62.5753402709961
1,50.67,16.863164125476,62.556266784668
1,50.68,16.8664974253625,62.565803527832
1,50.69,16.8698307252489,62.5324249267578
1,50.7,16.8731640251353,62.5228881835938
1,50.71,16.8764973250218,62.4942779541016
1,50.72,16.8798306249082,62.4895095825195
1,50.73,16.8831639247946,62.4656677246094
1,50.74,16.8864972246811,62.4561309814453
1,50.75,16.8898305245675,62.4275207519531
1,50.76,16.893163824454,62.4322891235352
1,50.77,16.8964971243404,62.403678894043
1,50.78,16.8998304242268,62.3846054077148
1,50.79,16.9031637241133,62.3750686645508
1,50.8,16.9064970239997,62.3750686645508
1,50.81,16.9098303238861,62.3607635498047
1,50.82,16.9131636237726,62.3321533203125
1,50.83,16.916496923659,62.3416900634766
1,50.84,16.9198302235454,62.3416900634766
1,50.85,16.9231635234319,62.3321533203125
1,50.86,16.9264968233183,62.3083114624023
1,50.87,16.9298301232047,62.3083114624023
1,50.88,16.9331634230912,62.3369216918945
1,50.89,16.9364967229776,62.3130798339844
1,50.9,16.939830022864,62.3130798339844
1,50.91,16.9431633227505,62.3226165771484
1,50.92,16.9464966226369,62.3273849487305
1,50.93,16.9498299225234,62.3369216918945
1,50.94,16.9531632224098,62.3321533203125
1,50.95,16.9564965222962,62.3416900634766
1,50.96,16.9598298221827,62.3416900634766
1,50.97,16.9631631220691,62.3559951782227
1,50.98,16.9664964219555,62.3607635498047
1,50.99,16.969829721842,62.3846054077148
1,51,16.9731630217284,62.3893737792969
1,51.01,16.9764963216148,62.3941421508789
1,51.02,16.9798296215013,62.3750686645508
1,51.03,16.9831629213877,62.408447265625
1,51.04,16.9864962212741,62.3893737792969
1,51.05,16.9898295211606,62.408447265625
1,51.06,16.993162821047,62.403678894043
1,51.07,16.9964961209334,62.4322891235352
1,51.08,16.9998294208199,62.4275207519531
1,51.09,17.0031627207063,62.403678894043
1,51.1,17.0064960205927,62.4322891235352
1,51.11,17.0098293204792,62.3989105224609
1,51.12,17.0131626203656,62.4370574951172
1,51.13,17.0164959202521,62.4275207519531
1,51.14,17.0198292201385,62.4418258666992
1,51.15,17.0231625200249,62.4322891235352
1,51.16,17.0264958199114,62.4322891235352
1,51.17,17.0298291197978,62.4513626098633
1,51.18,17.0331624196842,62.4370574951172
1,51.19,17.0364957195707,62.4418258666992
1,51.2,17.0398290194571,62.4752044677734
1,51.21,17.0431623193435,62.4465942382813
1,51.22,17.04649561923,62.4561309814453
1,51.23,17.0498289191164,62.4513626098633
1,51.24,17.0531622190028,62.4656677246094
1,51.25,17.0564955188893,62.4370574951172
1,51.26,17.0598288187757,62.4418258666992
1,51.27,17.0631621186621,62.4418258666992
1,51.28,17.0664954185486,62.4513626098633
1,51.29,17.069828718435,62.4608993530273
1,51.3,17.0731620183215,62.4322891235352
1,51.31,17.0764953182079,62.4275207519531
1,51.32,17.0798286180943,62.4275207519531
1,51.33,17.0831619179808,62.4227523803711
1,51.34,17.0864952178672,62.4275207519531
1,51.35,17.0898285177536,62.4179840087891
1,51.36,17.0931618176401,62.4418258666992
1,51.37,17.0964951175265,62.4370574951172
1,51.38,17.0998284174129,62.4561309814453
1,51.39,17.1031617172994,62.4418258666992
1,51.4,17.1064950171858,62.4799728393555
1,51.41,17.1098283170722,62.4656677246094
1,51.42,17.1131616169587,62.4942779541016
1,51.43,17.1164949168451,62.4990463256836
1,51.44,17.1198282167315,62.4847412109375
1,51.45,17.123161516618,62.5324249267578
1,51.46,17.1264948165044,62.5085830688477
1,51.47,17.1298281163909,62.5419616699219
1,51.48,17.1331614162773,62.5419616699219
1,51.49,17.1364947161637,62.5419616699219
1,51.5,17.1398280160502,62.5467300415039
1,51.51,17.1431613159366,62.5467300415039
1,51.52,17.146494615823,62.565803527832
1,51.53,17.1498279157095,62.5705718994141
1,51.54,17.1531612155959,62.5705718994141
1,51.55,17.1564945154823,62.6039505004883
1,51.56,17.1598278153688,62.6230239868164
1,51.57,17.1631611152552,62.6373291015625
1,51.58,17.1664944151416,62.6373291015625
1,51.59,17.1698277150281,62.6468658447266
1,51.6,17.1731610149145,62.6516342163086
1,51.61,17.1764943148009,62.6564025878906
1,51.62,17.1798276146874,62.708854675293
1,51.63,17.1831609145738,62.6993179321289
1,51.64,17.1864942144603,62.7326965332031
1,51.65,17.1898275143467,62.7613067626953
1,51.66,17.1931608142331,62.7613067626953
1,51.67,17.1964941141196,62.7851486206055
1,51.68,17.199827414006,62.7899169921875
1,51.69,17.2031607138924,62.8042221069336
1,51.7,17.2064940137789,62.8089904785156
1,51.71,17.2098273136653,62.8137588500977
1,51.72,17.2131606135517,62.8280639648438
1,51.73,17.2164939134382,62.8280639648438
1,51.74,17.2198272133246,62.8280639648438
1,51.75,17.223160513211,62.8232955932617
1,51.76,17.2264938130975,62.8471374511719
1,51.77,17.2298271129839,62.8328323364258
1,51.78,17.2331604128704,62.8423690795898
1,51.79,17.2364937127568,62.861442565918
1,51.8,17.2398270126432,62.8566741943359
1,51.81,17.2431603125297,62.8566741943359
1,51.82,17.2464936124161,62.861442565918
1,51.83,17.2498269123025,62.861442565918
1,51.84,17.253160212189,62.861442565918
1,51.85,17.2564935120754,62.8900527954102
1,51.86,17.2598268119618,62.870979309082
1,51.87,17.2631601118483,62.8995895385742
1,51.88,17.2664934117347,62.8995895385742
1,51.89,17.2698267116211,62.8805160522461
1,51.9,17.2731600115076,62.8852844238281
1,51.91,17.276493311394,62.8852844238281
1,51.92,17.2798266112804,62.8805160522461
1,51.93,17.2831599111669,62.8948211669922
1,51.94,17.2864932110533,62.861442565918
1,51.95,17.2898265109397,62.8900527954102
1,51.96,17.2931598108262,62.861442565918
1,51.97,17.2964931107126,62.870979309082
1,51.98,17.2998264105991,62.870979309082
1,51.99,17.3031597104855,62.861442565918
1,52,17.3064930103719,62.8852844238281
1,52.01,17.3098263102584,62.8757476806641
1,52.02,17.3131596101448,62.9091262817383
1,52.03,17.3164929100312,62.9091262817383
1,52.04,17.3198262099177,62.9091262817383
1,52.05,17.3231595098041,62.9138946533203
1,52.06,17.3264928096905,62.9138946533203
1,52.07,17.329826109577,62.9329681396484
1,52.08,17.3331594094634,62.9281997680664
1,52.09,17.3364927093498,62.9425048828125
1,52.1,17.3398260092363,62.9615783691406
1,52.11,17.3431593091227,62.9568099975586
1,52.12,17.3464926090091,62.9663467407227
1,52.13,17.3498259088956,62.9663467407227
1,52.14,17.353159208782,62.9615783691406
1,52.15,17.3564925086685,62.9472732543945
1,52.16,17.3598258085549,62.9329681396484
1,52.17,17.3631591084413,62.9281997680664
1,52.18,17.3664924083278,62.8995895385742
1,52.19,17.3698257082142,62.9091262817383
1,52.2,17.3731590081006,62.8995895385742
1,52.21,17.3764923079871,62.8900527954102
1,52.22,17.3798256078735,62.8805160522461
1,52.23,17.3831589077599,62.8471374511719
1,52.24,17.3864922076464,62.861442565918
1,52.25,17.3898255075328,62.8471374511719
1,52.26,17.3931588074192,62.8376007080078
1,52.27,17.3964921073057,62.8185272216797
1,52.28,17.3998254071921,62.8280639648438
1,52.29,17.406492006965,62.8185272216797
1,52.3,17.4098253068514,62.8042221069336
1,52.32,17.4131586067379,62.7708435058594
1,52.33,17.4164919066243,62.7613067626953
1,52.34,17.4198252065107,62.7374649047852
1,52.35,17.4231585063972,62.7565383911133
1,52.36,17.42982510617,62.7231597900391
1,52.38,17.4331584060565,62.6897811889648
1,52.39,17.4398250058293,62.6564025878906
1,52.4,17.4431583057158,62.6373291015625
1,52.42,17.4464916056022,62.5371932983398
1,52.43,17.4531582053751,62.4608993530273
1,52.44,17.4564915052615,62.3703002929688
1,52.45,17.4598248051479,62.3035430908203
1,52.46,17.4631581050344,62.1986389160156
1,52.47,17.4664914049208,62.0794296264648
1,52.48,17.4698247048073,61.9363784790039
1,52.49,17.4731580046937,61.7742538452148
1,52.5,17.4764913045801,61.6359710693359
1,52.51,17.4798246044666,61.4547729492188
1,52.52,17.483157904353,61.2735748291016
1,52.53,17.4864912042394,61.0637664794922
1,52.54,17.4898245041259,60.877799987793
1,52.55,17.4931578040123,60.7156753540039
1,52.56,17.4964911038987,60.5058670043945
1,52.57,17.4998244037852,60.3389739990234
1,52.58,17.5031577036716,60.1863861083984
1,52.59,17.506491003558,60.0433349609375
1,52.6,17.5098243034445,59.9241256713867
